model,N,K,soft_output,hard_output,label,correct,morans_I_lambda_1,morans_I_lambda_2,morans_I_lambda_3,morans_I_lambda_4,morans_I_lambda_5
ViTscratch,400,60,0.2748296,0,1.0,False,0.003752515874000742,0.0027479443095561637,0.0031226592274381263,0.0020674333330583674,0.002239858134235665
ViTscratch,400,60,0.22339399,0,1.0,False,0.0029990204788916393,0.004470576354592555,0.00435120064670307,0.0034194313968719083,0.002654404506725255
ViTscratch,400,60,0.22680338,0,0.0,True,0.0024011225407178315,0.0010868071596919853,0.0006066550812828751,0.0005302381378200203,0.0012981785679289182
ViTscratch,400,60,0.13540596,0,0.0,True,-0.0021828922728371484,-0.0016083335380164528,-0.0019660373008040296,-0.001640347837570117,-0.0010849061446382303
ViTscratch,400,60,0.31611055,0,0.0,True,0.003057563931818874,0.0012671542288500987,0.001503267028304008,0.0008709916071695911,0.0005389750341564634
ViTscratch,400,60,0.33895868,0,1.0,False,0.0031953794887692433,0.0022268373324460574,0.0022906942845460077,0.0023775077749881015,0.002431468060359625
ViTscratch,400,60,0.27479038,0,0.0,True,-0.0030790917541203082,-7.145240405501225e-05,0.0007075836687054198,0.0005638573378191719,0.0003266811361794014
ViTscratch,400,60,0.28960475,0,0.0,True,0.00010103933228929743,-0.0016868445553296844,-0.0008661537887632256,-0.0011219598120432894,-0.0007649156319385669
ViTscratch,400,60,0.99298817,1,1.0,True,0.005209211355506284,0.006111949416218364,0.005563837930479168,0.004597468693512536,0.004283234446560874
ViTscratch,400,60,0.13490993,0,0.0,True,0.004373421376423641,0.0023274653306910023,0.0011348229471297927,-0.00019499170313712574,-9.574173069976292e-05
ViTscratch,400,60,0.68826914,1,1.0,True,0.0064649855674751055,0.007106729218493408,0.007469475894246323,0.006640261707693096,0.005351396687079058
ViTscratch,400,60,0.43342388,0,0.0,True,-0.0012409268870276925,-0.0012111535711417554,-0.001323242931861977,-0.0014776100308259302,-0.0002788202828408765
ViTscratch,400,60,0.17706276,0,0.0,True,-0.0005079563219997118,0.0009281512964076922,0.0001442665236298777,-0.0003303668366291378,-0.0002836356525259768
ViTscratch,400,60,0.15014608,0,1.0,False,0.00191022019804745,0.0031232532399409784,0.0017223470200253784,0.0008608746275889518,0.0009272455456351964
ViTscratch,400,60,0.18169828,0,0.0,True,0.0016021187727517517,0.002708138742387679,0.0015597441435078634,0.0019473725363463063,0.0013779845202300256
ViTscratch,400,60,0.23097329,0,1.0,False,0.002078966969627291,0.002828169499747286,0.001770207321516993,0.0030366042870429585,0.0032104695521683593
ViTscratch,400,60,0.27919072,0,1.0,False,0.003472229878195107,0.003828156367962159,0.0038375336094754746,0.0038667297574007356,0.003319643310488937
ViTscratch,400,60,0.7708605,1,1.0,True,0.0030887618458384112,0.004962349850051669,0.0039009046277797867,0.003946482677216707,0.004081796270014973
ViTscratch,400,60,0.28865957,0,0.0,True,-0.00011324154453119037,0.001411124623430616,0.0017374351648351894,0.0016222360556976364,0.0014832517178426376
ViTscratch,400,60,0.6732019,1,1.0,True,0.0032575825314489605,0.002734634262462689,0.0018125331416221,0.003291688215250735,0.002576056013532682
ViTscratch,400,60,0.5538983,1,1.0,True,0.0027833691180982503,0.00440573389139689,0.0024010668183134334,0.0026339520837128476,0.0031481908515383914
ViTscratch,400,60,0.13000298,0,0.0,True,-0.002522162519126317,-0.002199128158445528,-0.000648288657514113,-0.0014530880541960322,-0.0011193404891165091
ViTscratch,400,60,0.2824797,0,0.0,True,0.0037790789121583514,0.00020093960180453797,0.0010198907460201151,0.0013208457729268275,0.0018068303415460301
ViTscratch,400,60,0.42152208,0,1.0,False,0.0031020439692575354,0.004492574324671565,0.003738834597187818,0.003910589896037791,0.0034790837792349288
ViTscratch,400,60,0.6311213,1,1.0,True,-0.004003681548704995,0.00010061792085829706,0.0009398337340783412,0.0017510563982463397,0.003028174985521411
ViTscratch,400,60,0.26807046,0,0.0,True,0.00024194691599873847,2.3856386576792092e-05,-7.080221738679925e-05,-0.00047998227479212005,-4.369371551328806e-05
ViTscratch,400,60,0.9552204,1,1.0,True,0.0003751597773043308,0.004390638417518636,0.004233704769413179,0.003673263464783574,0.0035650088251747663
ViTscratch,400,60,0.5244047,1,1.0,True,0.0008009483165396256,0.0011224251250159297,0.0019679808412086074,0.0019180109713094113,0.0014430897377218715
ViTscratch,400,60,0.41116333,0,1.0,False,0.003849663805599336,0.0021054788642717493,0.0033958435847765817,0.0033244900085028367,0.004618179241963846
ViTscratch,400,60,0.2143816,0,0.0,True,-0.0019444548188325753,0.0007573683199038019,0.0008821444194110027,0.0012030534745553429,0.0008477645980215658
ViTscratch,400,60,0.7484874,1,1.0,True,0.003989848339018272,0.000964051088860238,0.000930369638467237,0.0012570231184953623,0.0008314161106066388
ViTscratch,400,60,0.24862908,0,0.0,True,-0.004278193230032281,-0.0033234597024249138,-0.001420048995087538,-0.000517186789012043,-0.00037993791683240194
ViTscratch,400,60,0.47044784,0,0.0,True,0.0032829038626358215,0.0012042108788224855,0.0005901647506861386,0.00011610953011231258,0.0006194265621470395
ViTscratch,400,60,0.15422451,0,0.0,True,0.003530174839145498,0.0032524344668151055,0.0010228166646055006,-0.00013500098680310063,-0.0010303514668476034
ViTscratch,400,60,0.22341715,0,0.0,True,-0.002619302942152731,-0.0028863248438988935,-0.0019815336547997484,-0.0022305785446947324,-0.000819577953338432
ViTscratch,400,60,0.19473709,0,1.0,False,0.0034004611542715513,0.0029345808529776525,0.0025135333163708654,0.002492553918355417,0.0021638030086678075
ViTscratch,400,60,0.25711793,0,1.0,False,0.0060982850447711635,0.005353381513902525,0.005087805945863396,0.004492395328071468,0.003919693260636464
ViTscratch,400,60,0.66358334,1,1.0,True,0.007108870963826016,0.0045395716814668,0.002888986351888123,0.0028058762061164894,0.0028679954699905525
ViTscratch,400,60,0.20501594,0,1.0,False,-0.00044266715420528217,0.0021230645266044636,0.00291460702051197,0.002184787853702993,0.002248556382990434
ViTscratch,400,60,0.20887138,0,0.0,True,-0.0009154640826554286,-4.443034799223928e-05,-0.0012859817356605618,-0.0007141414820047006,-0.0007861239872153707
ViTscratch,400,60,0.31754935,0,0.0,True,0.0015987607585266031,0.0005470353072835067,0.0010670788974123666,0.001139581439234786,0.0008639156476459253
ViTscratch,400,60,0.20080015,0,0.0,True,0.0012654489274467186,-0.0005144504718962251,-0.00018012352129823635,0.0006420187848042741,-1.9473329134100726e-05
ViTscratch,400,60,0.22448544,0,1.0,False,0.0043390394655097005,0.0037614455502876544,0.0036806904883202153,0.00405106949693603,0.0034952680635399963
ViTscratch,400,60,0.41989738,0,1.0,False,0.00514698490424187,0.002198983600760279,0.0013121996844410802,0.0015415507115643873,0.002513963775838631
ViTscratch,400,60,0.12843445,0,0.0,True,-0.0007320399540653811,-0.0020441689890933323,-0.0021321958686446713,-0.0014138013372006208,-0.00033766188637736284
ViTscratch,400,60,0.27913627,0,0.0,True,0.003014865758028085,0.0016011798837872488,0.0010548836030329044,0.0004040453062904522,0.0009303070929137424
ViTscratch,400,60,0.9835343,1,1.0,True,0.0018663066584814025,0.004120877256903083,0.00402345005735609,0.00434503962400152,0.005039372733105404
ViTscratch,400,60,0.13441558,0,0.0,True,-0.0004607767302094702,-0.0014342318049053884,-0.001178808633760017,-0.0012683039046529649,-0.0014786375949216338
ViTscratch,400,60,0.5452729,1,1.0,True,0.003404388940129411,0.0025806604784689986,0.0020814193889354096,0.0017066165798885994,0.0016380570489910318
ViTscratch,400,60,0.5703081,1,1.0,True,0.004230943702573759,0.002812397501128642,0.003693473551225025,0.0035053593677401317,0.0037614223831421846
ViTscratch,400,60,0.5754042,1,1.0,True,-0.0008270551461886743,-0.00029484034892446933,0.0011599851243374484,0.0021258106814202736,0.002556705151239292
ViTscratch,400,60,0.5686029,1,1.0,True,0.003890024172733294,0.0022362457049556,0.003260283614395063,0.00408998542546392,0.003966632933208329
ViTscratch,400,60,0.42331892,0,1.0,False,0.004927527620671718,0.004990924903247381,0.005694874127740306,0.004566953885080448,0.003522913754966534
ViTscratch,400,60,0.9993044,1,1.0,True,0.005789116281329925,0.002527847493053937,0.004442705225854432,0.0031411020351087855,0.0036192319323720607
ViTscratch,400,60,0.11850293,0,0.0,True,-0.0005641498678567831,0.00045768225147476625,-0.0008210697082150258,-0.0011134939655453088,-0.001584653363583343
ViTscratch,400,60,0.1841336,0,0.0,True,-0.0018094875725710774,-0.00048190745059668275,-0.002307938607028655,-0.0010512976498899655,-5.4221840192377465e-05
ViTscratch,400,60,0.17161399,0,0.0,True,0.0037032845277017263,0.0023341448821165177,0.00012817928777445633,-0.00011594803475668526,-0.00025018462323145654
ViTscratch,400,60,0.1382309,0,0.0,True,-0.0017895255041069215,-0.0005928854325914156,-0.00021040500254617132,-0.0008930572975686511,-0.0003998121292056974
ViTscratch,400,60,0.1523152,0,0.0,True,0.0031698454328542925,0.0012728705832293693,0.0006567360817503352,0.0005149429060489621,0.00030648815184853087
ViTscratch,400,60,0.4351054,0,1.0,False,0.0019354278175775662,0.0012795135733491814,0.0010607403061800226,0.0016236461465995438,0.0011090418400386787
ViTscratch,400,60,0.27805004,0,0.0,True,0.003984204484294303,0.0027787255561910196,0.0025876501833923095,0.0022891205032744095,0.002289754559651263
ViTscratch,400,60,0.3903617,0,0.0,True,-0.0008514139830420496,-0.0018064349780381,0.0002480607794710867,0.00022786213922142435,2.4546693952604736e-05
ViTscratch,400,60,0.18074793,0,0.0,True,-0.003800397284190651,-0.0038426993590342084,-0.002293913446989246,-0.002861762235430776,-0.0026555869470854276
ViTscratch,400,60,0.16375649,0,0.0,True,0.0010017080634840952,-0.0008039901769137735,-0.0010021758329444316,-0.0007306433937257571,-0.0009024926468387733
ViTscratch,400,60,0.19976547,0,0.0,True,0.002378149431541788,0.0022054117545007297,0.00048717498674969714,0.0001732821554643579,0.0007755555337348694
ViTscratch,400,60,0.58025676,1,1.0,True,0.0019401698653799954,0.0027566858568846306,0.0011060642386476745,0.00151781156038557,0.0015896829455937227
ViTscratch,400,60,0.19775802,0,0.0,True,0.0020151238186058044,4.151536504233595e-05,0.00046653800078575385,0.0001769148197405109,4.5776411272658904e-05
ViTscratch,400,60,0.19499975,0,0.0,True,-0.0024832111876301093,-0.002091053259406251,0.0003918065667434011,0.001001271055743453,0.000783983417025192
ViTscratch,400,60,0.17697386,0,0.0,True,0.0002577557025397391,0.00015757868509056085,0.0013220470889109205,0.0007587910946638524,0.00022144838378042547
ViTscratch,400,60,0.5207313,1,1.0,True,0.00012357683799320025,0.0017488945333948025,0.00386412977603118,0.0035591142486549507,0.003523469185026012
ViTscratch,400,60,0.21107537,0,1.0,False,0.0016219609719567345,0.0029790444650745853,0.0027777419918024898,0.0031786090840475174,0.0024842710826578204
ViTscratch,400,60,0.6033397,1,1.0,True,0.0008382346283248814,0.00030571413271744663,0.0004714690917344398,0.000878815242472801,0.0012427827731155258
ViTscratch,400,60,0.21336402,0,0.0,True,-0.0016944907598571493,-0.0015587265365975679,-0.0012298803039531804,-0.0009242103620679669,-0.0014133717761084378
ViTscratch,400,60,0.38499123,0,1.0,False,0.0015660349726160446,0.0035003392775667455,0.004254306390848094,0.004307882273322892,0.003906501800375475
ViTscratch,400,60,0.30154404,0,1.0,False,0.002167107604610891,0.00322964405596602,0.0023431713038603087,0.0013656427226883578,0.0020581516704232
ViTscratch,400,60,0.23757656,0,0.0,True,0.0009668432564159128,0.001175091985264105,0.0005712368775692907,0.0005864842787644671,0.00048000834993112946
ViTscratch,400,60,0.21541959,0,0.0,True,0.0035378213264363662,0.0011517100916228883,0.0007027703479936848,0.0010065643177581962,0.0011392551393744953
ViTscratch,400,60,0.37250096,0,0.0,True,3.4020997043516924e-05,-0.00027948917938097194,-7.45218524813986e-05,0.0006287036935950575,0.00057363397646245
ViTscratch,400,60,0.14112027,0,0.0,True,-0.0015763067357868932,-0.0005170835807901442,-0.00022218122651525046,-0.0003922200237498748,-0.001131865325774684
ViTscratch,400,60,0.72064364,1,1.0,True,0.0023783921676935054,0.005005172583438676,0.005565359680996127,0.004966554233846351,0.005165155817992323
ViTscratch,400,60,0.535467,1,1.0,True,0.0042157957541232305,0.0046090308263763815,0.004442738190320131,0.003978622773812591,0.004013689824081913
ViTscratch,400,60,0.74788547,1,1.0,True,0.0008208908337314131,0.00037641934382340704,-0.00019901423537047763,0.0005530639948827545,0.001469086184553387
ViTscratch,400,60,0.1900294,0,0.0,True,-0.002956471662801407,-0.0007521897419657757,9.677217056845732e-05,-0.00019749048100757547,-9.021029469177363e-05
ViTscratch,400,60,0.21111515,0,0.0,True,0.004311983909707061,0.002133643368747198,0.0019512284247766465,0.0012604768331741885,0.0004404747032007947
ViTscratch,400,60,0.99783856,1,1.0,True,0.0028290675208352597,0.0040811067938354645,0.0023800033005165096,0.0028055520705691332,0.003984704525591592
ViTscratch,400,60,0.74405384,1,1.0,True,-0.0008029708289266066,0.0007263797516671512,-0.0001100680094666719,-0.00011442228207598682,0.001094102683924099
ViTscratch,400,60,0.22989187,0,0.0,True,-0.002048241435760165,0.00024493077846322983,-0.0012245714936034004,-0.0005497396518514968,-0.001045866050209049
ViTscratch,400,60,0.884416,1,1.0,True,0.00658864671831874,0.0067099329661801125,0.004838100457323124,0.003623080257150059,0.004002394709599943
ViTscratch,400,60,0.14963557,0,1.0,False,0.0015283104248672678,0.002603155165482074,0.003948425910533185,0.0024396879223023745,0.0021480217304557904
ViTscratch,400,60,0.26834372,0,1.0,False,-0.0034395354417308833,3.868013282742751e-05,0.0001872675427467559,-0.00012484998825252935,0.0010829811539357266
ViTscratch,400,60,0.4046767,0,1.0,False,0.0011086994941069107,0.00271526175026664,0.0028767982000507735,0.0031389188381544,0.002849359957037391
ViTscratch,400,60,0.3085565,0,0.0,True,-0.0006725327194833968,0.0013533460502094272,0.00043603678337593015,0.0006715969014805004,0.00043797402073198844
ViTscratch,400,60,0.33524245,0,0.0,True,-8.894780916434545e-05,0.0007580234639204038,0.0021222207282397313,0.0031910145025783065,0.0031353198242762914
ViTscratch,400,60,0.93636054,1,0.0,False,-0.00016470022289927122,-0.0012813902975089447,-0.0010697814778031186,-0.00042646993181623573,0.00043639239722461477
ViTscratch,400,60,0.21018812,0,0.0,True,-0.0029614477327021063,-0.002374922415462827,-0.0021899084862001127,-0.001532200335099552,-0.0017645774582183366
ViTscratch,400,60,0.8702815,1,1.0,True,0.003746402507405118,0.00456667822013281,0.0044133054163930235,0.00365996436805285,0.003062521378052884
ViTscratch,400,60,0.32367918,0,1.0,False,0.003492031606248702,0.002630661412201651,0.002854997619708442,0.003312296622280903,0.0042843527411769895
ViTscratch,400,60,0.16043574,0,0.0,True,0.0006606220987706255,0.0011069336456782516,-0.00015864240428712284,0.0007066276582275578,0.0006229822598916653
ViTscratch,400,60,0.9983699,1,1.0,True,0.007531317092787477,0.0029297308573645,0.004338349239328256,0.004204385199238886,0.0040956971945712
ViTscratch,400,60,0.29552498,0,1.0,False,0.003696606035531208,0.0016623281615979774,0.001549228636174938,0.002597270302427397,0.002911598423398107
ViTscratch,400,59,0.31746566,0,1.0,False,-0.0004945946336148958,0.0013307170765250796,0.0018540317085891692,0.0017215185976088435,0.0015743650706193414
ViTscratch,400,59,0.1587805,0,0.0,True,-0.0011304619644246852,0.00031625929216904704,0.001129991403845385,0.0018531882890851067,0.0007022178885653613
ViTscratch,400,59,0.19513781,0,0.0,True,0.0021751559875445173,-0.000638876051309543,-0.001236277271699621,0.0003535205268526245,0.0016678189769226807
ViTscratch,400,59,0.20477746,0,1.0,False,0.0022030759185559055,0.0021612771248682304,0.0012874197109238236,0.0024538389970274466,0.001811396739233529
ViTscratch,400,59,0.14775577,0,1.0,False,0.001990399435791063,0.0009826941153128804,0.0015389178507605856,0.0017651307484225231,0.001949944315762879
ViTscratch,400,59,0.16232039,0,1.0,False,-0.0014049600756333108,-0.00038402901964852535,-9.365744386503743e-05,0.0011523572239126386,0.0011117513200206244
ViTscratch,400,59,0.29257935,0,0.0,True,-0.00052887314468132,-0.0003664644445605224,-0.0009615254828324846,-0.00092070373659681,-0.0004154488304978242
ViTscratch,400,59,0.7077366,1,1.0,True,0.005975902303212967,0.004722466536330249,0.00426150085234773,0.004762709523068854,0.004328548768092804
ViTscratch,400,59,0.24992652,0,1.0,False,0.007138542721193839,0.003515781378452314,0.0021109959983189436,0.0028413780185614014,0.0026527999389420655
ViTscratch,400,59,0.14444639,0,0.0,True,0.00237547423033744,0.0025353307164987003,0.0032860345689752248,0.0017837637736492465,0.0013395143772486741
ViTscratch,400,59,0.26860997,0,1.0,False,0.00036529625962837016,0.0008111707016876836,0.0033349421697636754,0.0030895027649197318,0.002259046557054283
ViTscratch,400,59,0.21237086,0,0.0,True,-0.0005295673041773336,-0.000605409802569361,-0.0004929639700191588,-5.948681616456545e-05,-0.0005090890510733505
ViTscratch,400,59,0.25974533,0,1.0,False,0.005086800073266862,0.002333574613280614,0.0025120720722583752,0.0022255167523141475,0.002459707920887021
ViTscratch,400,59,0.14621805,0,0.0,True,-0.0030476590469006772,-0.0030595711130351247,-0.001408128433731458,-0.0006973758883382462,-0.0012098827450125757
ViTscratch,400,59,0.2591694,0,1.0,False,0.005584117331203198,0.005966646936908732,0.004025706308022493,0.0033000187932097796,0.003540120419412726
ViTscratch,400,59,0.64641553,1,1.0,True,0.0031034123509850976,0.004312346130673011,0.0029154117188404226,0.004346174856415321,0.005292069153743305
ViTscratch,400,59,0.13977721,0,0.0,True,0.0006976670466982453,-0.0013037168331773497,-0.0005747566333565223,-0.0012130312126957215,-0.0013178864294222346
ViTscratch,400,59,0.6206796,1,1.0,True,0.0071737447106039595,0.0028668701764134868,0.0023722405383939213,0.0028235946914876115,0.00267075661665843
ViTscratch,400,59,0.5444339,1,1.0,True,0.004483798362206938,0.0025255496426872196,0.002890775548672199,0.0034186308514640384,0.002836189740293747
ViTscratch,400,59,0.6059516,1,1.0,True,0.004733186819655737,0.004908843629277996,0.003953897296885791,0.003952429737893643,0.004248317644418993
ViTscratch,400,59,0.28482392,0,0.0,True,0.0014898742221503083,0.0009335516780781175,-1.3611111784825044e-05,-0.0001771008653443063,-0.00034854383841506013
ViTscratch,400,59,0.53193414,1,1.0,True,0.0018412127136537997,0.0024584134388224888,0.0033199237349297887,0.002983491747340547,0.0032561050427464384
ViTscratch,400,59,0.41180125,0,1.0,False,0.00406671018575161,0.0017319089873400054,0.00013608222082465746,0.0012200900144471174,0.0012382220353538461
ViTscratch,400,59,0.17277297,0,0.0,True,-0.00031279868515236717,-0.00021881336926392973,0.0010897098260356296,0.00037216410843824257,0.000525069948427654
ViTscratch,400,59,0.14326547,0,0.0,True,-0.0011415785831508018,-0.0011744392590547447,0.0005723646469489372,-0.00021827274064195373,-0.0005781126209922803
ViTscratch,400,59,0.33392724,0,0.0,True,0.001995794205131547,0.0018603930549937187,0.00011190312103125635,-2.586527328905812e-05,0.0004730010414782714
ViTscratch,400,59,0.97954386,1,1.0,True,0.005714461668623892,0.003318808447098142,0.005418848182389229,0.004597286544416379,0.00396700508117873
ViTscratch,400,59,0.317216,0,1.0,False,0.008739445532412252,0.005456503308485826,0.004254192654558046,0.0024267299806137355,0.0014978590403950196
ViTscratch,400,59,0.17366964,0,0.0,True,-0.0034228709708598246,-0.0013191580606759224,-0.0023467629942251094,-0.0015329178908475723,-0.00024803231574454626
ViTscratch,400,59,0.78988576,1,1.0,True,0.0034410194821576333,0.004944572449047237,0.00462149119628735,0.0042082133407966345,0.0037219257649487103
ViTscratch,400,59,0.14327678,0,0.0,True,0.0046359478684809205,0.0017620405409404,0.0024823030187874477,0.001187719139414728,0.0017697674881178695
ViTscratch,400,59,0.15698066,0,0.0,True,-0.003386411682756096,-0.0030271032944434347,-0.0019965712053723133,-0.002427522834579728,-0.0021866005881739387
ViTscratch,400,59,0.16979101,0,0.0,True,3.186611198501642e-05,0.0006595775956542444,-0.0001895944595993519,0.0003938985669791668,0.00011031939174869328
ViTscratch,400,59,0.19715156,0,0.0,True,0.00142782619411519,-0.0009668720880669334,-0.0006205012228799724,-0.0010384663128474969,-0.001169457445995994
ViTscratch,400,59,0.17327704,0,0.0,True,-0.001391268827079468,-0.001110824847936932,0.0005857524310714301,-0.0008055896400277719,-0.00017948867737467848
ViTscratch,400,59,0.62116367,1,1.0,True,0.003041590878625848,0.0058620841912714605,0.0043304052819804475,0.004200506913413484,0.005137179261408603
ViTscratch,400,59,0.23952132,0,1.0,False,0.005268627981013085,0.005575635228286889,0.0046145532885761955,0.004450090749789233,0.0037618699117662113
ViTscratch,400,59,0.75631905,1,1.0,True,0.006154787203805042,0.006275462206124858,0.0034903777141193637,0.003341670871130469,0.003054896892485551
ViTscratch,400,59,0.311701,0,0.0,True,0.004381461134864542,0.0033457197818712167,0.0012811324277057679,0.00017127112532805208,0.00014100812070068748
ViTscratch,400,59,0.46416217,0,1.0,False,-0.0018356735968694418,3.8083362428446366e-05,-0.00012733647709225535,0.0015222407002425911,0.0015708522610539317
ViTscratch,400,59,0.6040111,1,1.0,True,0.003608735464728226,0.0038767340538319616,0.0044930197533820234,0.004738621541906433,0.0051557468279983
ViTscratch,400,59,0.25207683,0,0.0,True,2.321107117913718e-05,0.003091205159711347,0.0024443959199377217,0.0009614362470536084,-0.0006858759044232028
ViTscratch,400,59,0.28161293,0,1.0,False,0.0027940071001298374,4.3277424617972605e-05,0.0022731590250926717,0.002071631701146264,0.001989222425867679
ViTscratch,400,59,0.4420117,0,1.0,False,0.004071830575917542,0.002715567710380961,0.0025116901837166096,0.002178425042009999,0.002523156476297949
ViTscratch,400,59,0.49654832,0,1.0,False,0.0013633761003538113,0.0017667751411421027,0.0023766284768122967,0.002268682242495383,0.0026933822005904876
ViTscratch,400,59,0.2137533,0,0.0,True,-5.394070497767108e-05,-0.0005813201702642768,-0.0012185573357000462,-0.000686689226241729,-0.0009338223556942394
ViTscratch,400,59,0.25329578,0,0.0,True,0.0008187537659306587,0.0006502214374801056,0.00043560556582170453,0.0002373952119589631,7.307640775441109e-05
ViTscratch,400,59,0.20214248,0,0.0,True,0.002004047718751123,-0.00012579747244893935,-0.0010345366908572596,-0.0014564352288763919,-0.0017739657806519714
ViTscratch,400,59,0.3081848,0,1.0,False,0.0029572269187815563,0.0024778963534517373,0.0022611109760269344,0.0009683192396991415,0.0014858527864415575
ViTscratch,400,59,0.15945087,0,0.0,True,-0.003834621807513017,-0.0003701720599758766,-0.00090455467605194,-0.00130193237912832,-0.0015919872677162203
ViTscratch,400,59,0.15843701,0,0.0,True,-0.007210627713216201,-0.00421465136572079,-0.0033302901669638243,-0.002650290945342498,-0.001575206712557161
ViTscratch,400,59,0.25111955,0,0.0,True,-0.0006085939339881527,-0.000622216278534929,6.37574212879036e-05,0.0006408585346797296,0.0007391002949356138
ViTscratch,400,59,0.128758,0,0.0,True,-0.0029717774745374164,-0.0014887051128253791,5.256026082074789e-05,-5.220893207086233e-05,-0.00021098070258258246
ViTscratch,400,59,0.23394455,0,1.0,False,0.0028149429846746747,0.0035344515744021557,0.001990250335597761,0.0007396933886558984,0.0016052921793420708
ViTscratch,400,59,0.1519369,0,0.0,True,-0.0016524849211362496,-0.0022947562396567717,-0.0011510128624139552,-0.001845565007045918,-0.0034254634703337348
ViTscratch,400,59,0.30425072,0,1.0,False,0.001091991256545025,0.0010362385053561156,0.0008760860393244235,0.0010098775602715392,0.0016094202695285877
ViTscratch,400,59,0.2992388,0,1.0,False,-0.0015300878355684784,0.0012273827108852183,0.001601654929416322,0.0006583277777069337,0.0004187448049386104
ViTscratch,400,59,0.25068575,0,0.0,True,0.0014372655027287782,0.0026313696743447772,0.002040035803417763,0.0014997592085174423,0.00015789265336728015
ViTscratch,400,59,0.46541995,0,1.0,False,0.00319056046070418,0.004726316109391923,0.0034385567918250705,0.0029811584789105096,0.0031307449868302447
ViTscratch,400,59,0.9834803,1,1.0,True,0.004724382197183641,0.005543372110206523,0.005616439109147385,0.0052511883246513175,0.004547714107749979
ViTscratch,400,59,0.5531935,1,1.0,True,0.005138199231322489,0.004346338909821784,0.0035625543526099234,0.002995652850539163,0.0023234633876878298
ViTscratch,400,59,0.21824141,0,0.0,True,0.0003369377204489509,-0.00030219368533931435,0.0005350503399297945,0.00039207115362939585,0.0003942435080343104
ViTscratch,400,59,0.18950514,0,0.0,True,-0.004970261624062733,-0.0016825206558323395,-9.1042850413349e-05,0.0006092561722748841,0.0009854439372631143
ViTscratch,400,59,0.32929453,0,0.0,True,0.0008021125280213106,0.00021968097489755806,0.0008209350833865547,-9.121722177294169e-05,5.536949869467503e-05
ViTscratch,400,59,0.21461916,0,0.0,True,0.0027330314814035337,-0.0004313137500458553,-0.0008319296762643599,0.00023716315037042909,-0.0015658351806065497
ViTscratch,400,59,0.12377107,0,0.0,True,0.0010167562601861404,0.00015900095958231824,-0.0005078984965324018,-0.0010467251870674914,-0.001162295379928195
ViTscratch,400,59,0.30416155,0,0.0,True,0.00033110843514711717,0.00047522439518525063,0.00036488770171730676,-0.00011496916706378889,-0.0001341167199952974
ViTscratch,400,59,0.30655146,0,1.0,False,0.008524526536209477,0.004695930249116357,0.004123718792206803,0.003402264495469664,0.003251975698602989
ViTscratch,400,59,0.2146845,0,0.0,True,-0.0011212520654825225,-0.0006773351189885822,-0.0008559958978070744,-0.0007980684228489668,-0.0005697102584732185
ViTscratch,400,59,0.1386939,0,0.0,True,-0.003624462868793062,-0.001401721521481561,-0.0026914320065166953,-0.00196230628793129,-0.0016176982638961908
ViTscratch,400,59,0.46407917,0,1.0,False,0.0015428887498048671,0.0008418916003640506,0.0013571937641344025,0.0019530207402165259,0.0024409181551186925
ViTscratch,400,59,0.3907296,0,0.0,True,6.561012788410206e-05,0.0018847140099715208,0.0014516189768875097,0.001581444884349909,0.000783730823405274
ViTscratch,400,59,0.24381605,0,0.0,True,-4.825066629564698e-05,0.0010997632630328318,0.0019114484769282881,0.0017124092036652483,0.0007672551129347241
ViTscratch,400,59,0.4944254,0,1.0,False,-0.00035247691314639444,0.0022075180681031645,0.0020632231973594212,0.0024199358485909594,0.0029180817101668918
ViTscratch,400,59,0.13675193,0,0.0,True,0.0009181331871479516,-0.0023237381661318215,-0.0020981119353896223,-0.00265640999281456,-0.0024066758393180183
ViTscratch,400,59,0.6117286,1,1.0,True,0.0016317731933540144,0.0012136127231342038,0.00017071091383497655,-0.00030169291655718936,0.00018733950721208967
ViTscratch,400,59,0.49019024,0,0.0,True,0.003934823942886974,-0.0018193384880719602,-0.002558641269584907,-0.0014056771658952812,-0.001272056032005255
ViTscratch,400,59,0.20822541,0,0.0,True,0.002725985593762434,0.002214657436663136,0.0022211380571722653,0.001191567109530028,0.00041423717809845035
ViTscratch,400,59,0.21646845,0,1.0,False,0.0009929202852075548,0.0024501535210960995,0.002629418676208759,0.0030257940573031857,0.002323716195431447
ViTscratch,400,59,0.11583191,0,0.0,True,-0.0021556833777937427,-0.0014115188536049656,-5.787309787884626e-05,-0.0002223974239504126,-0.0005153307994026227
ViTscratch,400,59,0.20265126,0,0.0,True,-0.001904900841865391,-0.0018131698174541897,-0.00048586071609367797,-0.00027367451396300086,8.050550756595822e-05
ViTscratch,400,59,0.32077947,0,1.0,False,0.004131483623505549,0.002398950580604237,0.0020062824906985142,0.0005276411415818748,0.00130347433304369
ViTscratch,400,59,0.22649254,0,1.0,False,0.004218145485777612,0.003294759600103224,0.0020047783793597793,0.0018775391575211486,0.0022931645823990807
ViTscratch,400,59,0.1417853,0,0.0,True,0.00022305927343640078,0.0007628966659968311,0.0014255491185869871,0.000790021851881883,-7.486770549685162e-06
ViTscratch,400,59,0.19924223,0,0.0,True,0.0019068334503446792,-0.000913713934742381,-0.001894672327654098,-0.0010697260453063798,-0.0007449895980142571
ViTscratch,400,59,0.18830967,0,0.0,True,0.00010913044408675433,-0.0013398672333978252,-0.002244014935054921,-0.0015823013724775479,-0.002180052278040586
ViTscratch,400,59,0.17926657,0,1.0,False,-0.0017151412092009514,0.0012497925688488693,0.001756050664443265,0.0026526588245732534,0.002641707936979907
ViTscratch,400,59,0.81800973,1,1.0,True,0.0017257987789869738,0.0028263458415138166,0.002023962994205122,0.002094927932612964,0.0026020167472691268
ViTscratch,400,59,0.97371924,1,1.0,True,0.004157482855005672,0.003704585874889955,0.002246113730110829,0.0031263805890831514,0.0024586976481895065
ViTscratch,400,59,0.69228476,1,1.0,True,-0.0004606809451640346,0.002029076905071336,0.0032436696490850663,0.0036595770618214622,0.0028434347750367532
ViTscratch,400,59,0.18741776,0,0.0,True,-0.000242137769794699,-0.0005624026372105838,-0.00017550163370436874,0.0003107851922279964,0.00022057894514497162
ViTscratch,400,59,0.15899736,0,0.0,True,-0.00214071402945373,-0.0022685680148789586,-0.002338142576257897,-0.001440473082395571,-0.0004428501561421635
ViTscratch,400,59,0.17628169,0,0.0,True,5.7020371351027924e-05,-0.0007897703493291895,-0.0009899006359296296,-0.00043979743297986834,0.0004046671986463595
ViTscratch,400,59,0.2629633,0,0.0,True,0.005654139956710753,0.001966065328771207,-0.00012734210337490614,0.0009019640185750084,0.0011637851453991609
ViTscratch,400,59,0.44695762,0,0.0,True,0.0018831650375869707,0.0037180478845849434,0.002948044016844413,0.0017528600609817882,0.001969560146435732
ViTscratch,400,59,0.2378308,0,0.0,True,0.0012737697559882762,0.0018150182704095607,0.00015060181364999934,-0.00043829783446256386,-0.00042739999355346543
ViTscratch,400,59,0.33350974,0,0.0,True,0.0019786804099938414,0.0017428095497029647,0.0025154234359144726,0.0016180864622294849,0.0014242170497144927
ViTscratch,400,59,0.31184438,0,0.0,True,0.0011386712443965615,0.0017047075514958388,0.0017906004525122309,0.0012186000768145638,0.0008825194948116782
ViTscratch,400,59,0.19492264,0,0.0,True,-0.007858570720831985,-0.004681594979890013,-0.002367448457303538,-0.0015205146606288298,-0.001286477821069078
ViTscratch,400,59,0.17374584,0,0.0,True,0.0007376893722250671,0.00232595897165288,0.00029173133900870754,-0.0004541698998616615,-0.0004118910096910698
ViTscratch,400,58,0.2121999,0,0.0,True,-0.001277772198380545,-0.0011230519578818647,0.0006277137536066664,0.0001250678585388485,-0.00030083342337219903
ViTscratch,400,58,0.2561892,0,0.0,True,0.004820332958501901,0.0033016029333146563,0.0025704916297594966,0.0019351758282105593,0.0025388845665662192
ViTscratch,400,58,0.20817769,0,1.0,False,0.0023806704084064277,0.004416261070390042,0.0017040484232680214,0.0018047242121300869,0.0016999251839583149
ViTscratch,400,58,0.46093005,0,1.0,False,0.004325189377905887,0.0036594741699582196,0.0023174091979503613,0.002615244499194889,0.002584338219490426
ViTscratch,400,58,0.20682366,0,0.0,True,0.001933006661126588,0.0035599376833576955,0.0034153134987577167,0.002253724713351482,0.0015383605386957557
ViTscratch,400,58,0.1181292,0,0.0,True,-0.0016475161484674323,-0.0019242500635290385,-0.00129003854955933,-0.001252443544205188,-0.00149994866730079
ViTscratch,400,58,0.2025502,0,0.0,True,0.0003684121086291287,-0.00034653165454378123,-0.001071228687771805,-0.0012086981481300976,-0.0008762752034634004
ViTscratch,400,58,0.21733086,0,1.0,False,0.0013147424025762146,0.0042585673388484254,0.003507823072669887,0.0034229761527257685,0.0020613339117288546
ViTscratch,400,58,0.21739791,0,0.0,True,-0.00230983377773314,0.0007167890938809011,0.0002966453146319736,0.0006994323053979364,0.0014332440743285034
ViTscratch,400,58,0.27091914,0,0.0,True,7.747471492213325e-05,0.0015768881447510079,0.001166197135084948,0.0013099356500462307,0.00160605020077416
ViTscratch,400,58,0.22907351,0,0.0,True,0.003350821434259781,0.0020063864145081437,0.0012362845748613198,0.002086938920561191,0.0007254306969099074
ViTscratch,400,58,0.2966669,0,1.0,False,0.004245838351085901,0.003831025382755037,0.003959907108938094,0.003030344064017486,0.0033845164347669613
ViTscratch,400,58,0.3231515,0,0.0,True,0.0016891425122311941,-0.002455584373531929,-0.0023853306858499864,-0.0013955984378758118,-0.0015189909553445045
ViTscratch,400,58,0.19588141,0,0.0,True,0.003816380198003782,0.002177487846542842,0.0015813240740825088,0.0018116813731407387,0.0005230130457191303
ViTscratch,400,58,0.810585,1,1.0,True,1.9999978435323545e-05,0.0011932754315917143,0.0014778114542210719,0.0016971330992890342,0.0018547544690411925
ViTscratch,400,58,0.17175128,0,1.0,False,0.003406117591854948,0.006660002394717913,0.004382068705576872,0.0038592239676959205,0.003911962457979492
ViTscratch,400,58,0.1737652,0,0.0,True,-0.001106933730846592,-0.0001798678920321816,-0.0007328910322420488,-0.0005546172836125489,-0.0006113163159104355
ViTscratch,400,58,0.13501306,0,0.0,True,0.0004635043302677271,-0.0012548713582495586,-0.0017422690196823337,-0.0009970584701920859,-0.0016676942354208087
ViTscratch,400,58,0.31255564,0,1.0,False,-0.0015784964168828251,-0.0009845424564073118,-0.0002636388205885435,0.0006355653617857997,0.0007556286941605068
ViTscratch,400,58,0.14613926,0,0.0,True,-0.00013634168673398625,-0.00011130635264698993,0.00010185743706768598,0.00019315690041079526,0.0007771394078493243
ViTscratch,400,58,0.26265797,0,0.0,True,0.002339221729039568,0.0023738664912150826,0.0018054776754505922,0.001213446435980555,0.0002585053495799549
ViTscratch,400,58,0.46423483,0,1.0,False,0.004046362053011353,0.005594836746569966,0.004282804256622308,0.00529755463894703,0.005563019074519966
ViTscratch,400,58,0.78390175,1,1.0,True,0.003770819184563889,0.004459211294371205,0.004114997773818556,0.0041902980832192235,0.004696131474621042
ViTscratch,400,58,0.4619985,0,1.0,False,-0.0009604777768648121,0.0011776150104076887,0.003220843703735575,0.0020205964900915988,0.0022769130279510826
ViTscratch,400,58,0.26412755,0,0.0,True,0.0010672323084222213,7.11900043729478e-05,0.0002587003759262967,5.043947828235252e-05,-0.0004503924455580242
ViTscratch,400,58,0.30080616,0,0.0,True,-0.0015920684242249844,-0.0003268664964277139,-0.0010056788344928703,0.0007226161402371927,0.0001680585961970957
ViTscratch,400,58,0.15280071,0,0.0,True,-0.0010501141415602089,-0.00021750047802017873,-0.002091775732758324,-0.0009791429415705233,-0.0008040097229934898
ViTscratch,400,58,0.18500905,0,0.0,True,0.001545479819810043,0.0002553023812521819,0.0008546435563521878,-0.0008820992722966268,-0.0007106315529468565
ViTscratch,400,58,0.24177137,0,0.0,True,0.001277412365657508,-0.0015315649463921957,-0.0005955107870132071,0.0006437503721674699,0.000596108685364275
ViTscratch,400,58,0.11457359,0,0.0,True,0.0009626256328581468,0.0004432037970865649,-2.2704689485696124e-06,0.0005669346967796498,0.001179175656629003
ViTscratch,400,58,0.40082398,0,0.0,True,0.00032741894527593755,-0.0008518806622581197,5.690831163293601e-06,9.259429397811753e-05,0.0005984856634233729
ViTscratch,400,58,0.19242592,0,0.0,True,0.004285291478454622,0.004052338892160299,0.0027341483201670496,0.00148079277971974,6.515073910626271e-05
ViTscratch,400,58,0.9563861,1,1.0,True,0.003967638549598135,0.0030878212468771517,0.0014516504255926849,0.0012392160577493403,0.0006411270433489132
ViTscratch,400,58,0.17355147,0,0.0,True,0.0043590158191066306,0.0019435723183573441,0.00043937150335573386,-2.1686922560189252e-05,0.0002425142614621254
ViTscratch,400,58,0.13196804,0,0.0,True,-0.0024841548206744214,-0.0016404695058545974,-0.0016320541610347597,-0.000996837106846741,-0.0004213713574879137
ViTscratch,400,58,0.3868778,0,1.0,False,-0.00041859564037695357,-0.001849648176787303,0.000991443677149804,0.001859597322853716,0.0018161109059522153
ViTscratch,400,58,0.6768774,1,1.0,True,0.007747810195533923,0.00808345320302518,0.008089446652643892,0.0069154275266211426,0.006197489882629888
ViTscratch,400,58,0.22487819,0,0.0,True,0.0018537807080581674,0.002696832109625275,0.001728705932502797,0.001093678551469558,0.001732348493470582
ViTscratch,400,58,0.4324551,0,1.0,False,0.009578772273393706,0.005757650477184204,0.00467825369471156,0.004448392582331138,0.003506429345915991
ViTscratch,400,58,0.38821188,0,1.0,False,-0.0025707358613025924,0.0017545362219881706,0.0021921017089280965,0.002186363769565512,0.0026928114515305025
ViTscratch,400,58,0.16656858,0,0.0,True,0.0002628217500720864,0.0004576601614287276,0.0014360814019001604,0.0011129716864860311,0.00037256124406701864
ViTscratch,400,58,0.43869796,0,1.0,False,0.004610768816568468,0.0019943120790223783,0.0013059007472424557,0.0007729884177422699,0.0018861302727462195
ViTscratch,400,58,0.5702302,1,1.0,True,0.00169522569608305,0.0017540641590846058,0.0019090321296879968,0.002000381873172603,0.0017389232576603669
ViTscratch,400,58,0.2652727,0,0.0,True,0.002843672016625979,-0.00038359887793909905,-0.0011692314874794517,-0.001013422397063371,-0.0007993307741368385
ViTscratch,400,58,0.46971178,0,1.0,False,0.006325902033858667,0.002437704780688802,0.0028406457149436,0.0036294711254669858,0.0026120052488935023
ViTscratch,400,58,0.43318993,0,0.0,True,0.0009277071721152181,0.0006593638870805695,9.64450572617083e-07,-0.0008543060211535612,-0.00020788281937503757
ViTscratch,400,58,0.15017216,0,0.0,True,0.0020654183695148778,0.002093220292345428,0.00154727046230571,0.002164557734246109,0.0011893736601048355
ViTscratch,400,58,0.18727283,0,1.0,False,0.003445391970237167,0.002539083251288409,0.003235416201079247,0.003065138077356578,0.003686942457081712
ViTscratch,400,58,0.73030555,1,0.0,False,0.0007482317789337451,0.0013073681862799667,0.001084693670490669,0.0018889389152956892,0.0014919828297749647
ViTscratch,400,58,0.3875899,0,1.0,False,0.0042267747581825315,0.002161624637784986,0.002516960257846795,0.0019730345959553057,0.0021782554361530937
ViTscratch,400,58,0.9320134,1,1.0,True,0.006339035081150769,0.006754968220938942,0.005350199967138991,0.0045550638964806725,0.004164716777452804
ViTscratch,400,58,0.1640608,0,0.0,True,-0.002418946635234506,0.0016245299700052176,0.0006906692938495739,0.00047455954189713117,-0.0007685596721628164
ViTscratch,400,58,0.4828469,0,1.0,False,0.0030460972508238866,0.0029115778804632373,0.0037317852728973124,0.004047372760735673,0.003916804347050155
ViTscratch,400,58,0.5512559,1,1.0,True,0.003031069625331468,0.0039062097821737337,0.002510443436348005,0.0033942397033178465,0.002182043181797662
ViTscratch,400,58,0.10503185,0,0.0,True,0.0014244875256768901,0.0006422976593624995,-0.00014196596746323203,-0.0009502598403244935,-0.0008197936558782192
ViTscratch,400,58,0.15498582,0,0.0,True,0.0022100255212142744,-0.0006420464149945995,0.0007163304405355351,0.0007812843071104504,0.00031210215471268713
ViTscratch,400,58,0.17267428,0,0.0,True,-9.179642827080608e-05,-0.001591296345060976,-0.002239996636260908,-0.0016890826209680393,-0.0006005952443776306
ViTscratch,400,58,0.44482502,0,1.0,False,-0.00011028321180365667,-0.0004097343301034956,0.0008183102234038163,0.0005346503209358436,0.00013931295508002277
ViTscratch,400,58,0.2277535,0,0.0,True,-0.0014020663095914735,0.0008041160367270581,0.0009478391128253836,0.0004983119653881644,0.0002809731524392249
ViTscratch,400,58,0.47591776,0,1.0,False,0.0051966114656004005,0.005509466832119673,0.004257212945050019,0.004138154466343967,0.0039176605778227114
ViTscratch,400,58,0.3713273,0,1.0,False,0.0008308903092536825,0.0006121794327054915,0.0012686397997957218,0.0003777062051634239,0.001163964326589466
ViTscratch,400,58,0.17537948,0,0.0,True,0.00015907145756253435,0.00021503490553509639,0.0005476156560659554,0.0015800463461549123,0.0018490618956019168
ViTscratch,400,58,0.15457486,0,0.0,True,-0.00413082396471615,-0.0013064412588620015,0.0009850554279719002,0.0017475140778256252,0.001066000498467042
ViTscratch,400,58,0.46562362,0,1.0,False,0.0046075272020401035,0.0028005858573002876,0.002392066519688173,0.0018868062893610948,0.002009645318175954
ViTscratch,400,58,0.2882151,0,1.0,False,0.0035848728749763186,0.002710798855275016,-9.929046829878826e-05,0.00010885570140595128,0.0006752497019030959
ViTscratch,400,58,0.41912025,0,1.0,False,0.003057081157876716,0.0039455664514754085,0.003780896761016318,0.000820246950949704,0.0016191420886343582
ViTscratch,400,58,0.24291858,0,1.0,False,0.006215534574773781,0.006449166958031342,0.004350920519563993,0.0036572408785182013,0.0032216848168654133
ViTscratch,400,58,0.5320756,1,0.0,False,0.0033641313311509008,0.0032306547136779352,0.0032345887966787096,0.002902110879823459,0.002746125454924908
ViTscratch,400,58,0.31725264,0,1.0,False,0.0024205799472485044,0.0011876878840332405,0.0009942313634481868,0.001617674704363561,0.0020037576887671845
ViTscratch,400,58,0.1922665,0,0.0,True,-0.004122809788991011,-0.0008845685673819587,9.2113705522751e-05,-0.0008522172667982818,-0.0008186497052925586
ViTscratch,400,58,0.4442361,0,1.0,False,0.004470175675375944,0.005021728100806502,0.004284490724140186,0.0036973220214905488,0.0032126242398677163
ViTscratch,400,58,0.32185185,0,1.0,False,0.005931803479115222,0.0049040329339057834,0.003697796685285295,0.0022148302393878968,0.0022102723188804014
ViTscratch,400,58,0.21637085,0,1.0,False,0.0008424327561553502,0.0009507486498599038,0.0009748956578590788,-5.6663854548540684e-05,0.00034031121768023
ViTscratch,400,58,0.7525877,1,1.0,True,0.002943030157265425,0.003041019460804913,0.0021802044793329833,0.002901523518963303,0.0028456956034632963
ViTscratch,400,58,0.21006042,0,1.0,False,-0.00022562831299648104,0.002126610275129297,0.0015660104723578354,0.0019495190274533838,0.0023675495665038434
ViTscratch,400,58,0.24151339,0,0.0,True,0.0036706146922167045,0.0036562335698791465,0.0024107471176375837,3.0085866486165646e-05,-0.0006840172717761427
ViTscratch,400,58,0.18162581,0,0.0,True,-0.00010093796349441255,-0.00010090839700671144,0.0015451197931450466,0.00033037035847585276,0.0003653752224227172
ViTscratch,400,58,0.23353244,0,0.0,True,-0.00023042275885986168,-0.0006134709908680236,-0.0019394567006917206,-0.0001779368294481166,-0.000556678639387377
ViTscratch,400,58,0.41927066,0,1.0,False,-0.0009236186969765615,0.002693315880438647,0.0031751619149751505,0.0029687800859990077,0.002828380917344543
ViTscratch,400,58,0.3836951,0,1.0,False,0.005199341750647729,0.0021507335002236916,0.0025491702625185875,0.003640604204749835,0.002729755678388934
ViTscratch,400,58,0.32792458,0,1.0,False,0.0026609294574355654,0.0019058036576163073,0.0010520340396922227,0.001905389740448593,0.0016261590223119536
ViTscratch,400,58,0.18119851,0,0.0,True,-0.0006181077276326084,-0.0009017098995368484,-0.00013825565094141427,-0.0008433259763916208,-0.0005174492968449734
ViTscratch,400,58,0.4209677,0,0.0,True,-0.0013831520640434324,0.0002337917111917293,0.0003807905081102449,0.0012567033091093504,0.00036096560433163306
ViTscratch,400,58,0.10353922,0,0.0,True,-0.003421863110973817,-0.002203074789958407,-0.00022710414758553749,-0.0010198396848800642,-0.0007139348871224429
ViTscratch,400,58,0.12803432,0,0.0,True,0.0005423665389141328,0.0011203139244592942,0.0011343940275977036,0.001604440455189571,0.0006335640563119351
ViTscratch,400,58,0.23804985,0,0.0,True,0.0008758657309992699,0.0008392936633791435,0.0004508704669801397,-0.0003315873890101479,-6.443565303010447e-05
ViTscratch,400,58,0.17315535,0,0.0,True,-0.0044988289887041765,-0.0008031413855392753,-0.0013025083814795031,-0.00032722549219023805,-4.0494213321761e-05
ViTscratch,400,58,0.21470675,0,0.0,True,0.00023349356279549595,0.0006290570175261218,-0.0008129346335373375,-0.001438623801913616,-0.0006470072576829097
ViTscratch,400,58,0.17927247,0,0.0,True,-0.001750283283210062,-0.0016835734436356437,-0.001671172386754361,-0.0019146003253252982,-0.0015054700471923649
ViTscratch,400,58,0.48815903,0,1.0,False,0.0019295580454102628,0.00498087406374523,0.0054017589410769425,0.0051349582754837845,0.004344836591712922
ViTscratch,400,58,0.12001135,0,0.0,True,-0.00034525203992556935,0.00038890912270943934,-0.0008227643597856601,-0.00014126313360582788,-0.0006157825785685237
ViTscratch,400,58,0.1323611,0,0.0,True,-0.0008376046377497582,-0.0004000601529973348,-0.0006102376584105572,-0.000640404442493826,-0.00029094853620148547
ViTscratch,400,58,0.23649332,0,0.0,True,-0.0009417719289062668,0.0009647400884815107,0.0011710778491799269,-6.702289868871265e-05,-0.0003305006217283337
ViTscratch,400,58,0.33009958,0,1.0,False,0.004552313186440569,0.0033160076781395204,0.0024864822916915255,0.002135625214467629,0.002590720885616974
ViTscratch,400,58,0.19591507,0,0.0,True,-0.0018568907573000087,-0.001281776514799049,-0.0008143062526643371,-0.001080510671270598,-0.001346897047988116
ViTscratch,400,58,0.25680515,0,0.0,True,-0.0009069343930008738,-0.0002680537400636834,-5.0413972453452745e-05,-1.3682882635278617e-05,-0.0008180250293133263
ViTscratch,400,58,0.6648754,1,1.0,True,0.003134972247991526,0.004147466735421554,0.003534488650742124,0.003591389698224058,0.0034615187972063498
ViTscratch,400,58,0.16933587,0,1.0,False,0.0036031942882422704,0.002867307255969757,0.002581674367937446,0.0026005951052191305,0.0017643092052468474
ViTscratch,400,58,0.26654738,0,1.0,False,0.0042091738006253526,0.002119652541156856,0.0013480702958901852,0.0026074335605586357,0.0026230980613508657
ViTscratch,400,58,0.27669498,0,1.0,False,0.0015947251855643828,0.003748329033963136,0.0045334382984035335,0.002338890569580829,0.001909089174246155
ViTscratch,400,57,0.5320881,1,1.0,True,0.0029448731205729667,0.0016938641768748659,0.0020435623934477263,0.002094348425051169,0.002405547666805596
ViTscratch,400,57,0.25623748,0,0.0,True,0.00461694287985148,0.0011849741157576941,0.0003238345100889041,-0.0008874335925596776,8.378118053171499e-05
ViTscratch,400,57,0.19417939,0,0.0,True,-0.0018494025694934266,-0.002798954842182806,-0.003935524187876014,-0.003438351736575964,-0.0022668649258907403
ViTscratch,400,57,0.2790241,0,1.0,False,0.006469657410414102,0.005029637229834137,0.004205498585845353,0.0036661044974765477,0.004673830176123523
ViTscratch,400,57,0.33791324,0,1.0,False,0.004798905103973104,0.0016179570606208301,0.0021434807758037083,0.0031662136175955712,0.0019517670273894228
ViTscratch,400,57,0.3595505,0,1.0,False,0.0020573476174963966,0.0017785978735323916,0.0014645790841501859,0.0009216025679348606,0.0017492023761847802
ViTscratch,400,57,0.9890884,1,1.0,True,0.006454020672359284,0.005847247504635587,0.004200295877598627,0.0038713053392103085,0.0035871697554735286
ViTscratch,400,57,0.28539786,0,1.0,False,0.0060275698820093605,0.0012484358390766242,0.0014405284555658814,0.0035723109910494105,0.0035188740957139207
ViTscratch,400,57,0.17483403,0,0.0,True,0.002493150955401692,0.0026401056566100053,0.0016437278381684155,0.0005198480483808604,0.0006301300609489495
ViTscratch,400,57,0.5267602,1,1.0,True,0.004573139083341559,0.003989247380054084,0.004371206277469663,0.0045591493818897925,0.004770275822764551
ViTscratch,400,57,0.3001036,0,0.0,True,0.0004686628143798901,-0.0014317021643798344,-0.0007278877783505823,-0.0004856814406150189,-0.0006928050862689162
ViTscratch,400,57,0.2862922,0,0.0,True,-0.0025699654527030335,-0.0015694801285137537,-0.00015613130167192548,-4.2121703559633355e-05,0.0004344900691595251
ViTscratch,400,57,0.59991896,1,1.0,True,-0.0033783559064683878,0.00024343681174706204,0.0009263508594388575,0.0007251030994091038,0.0017456167418644947
ViTscratch,400,57,0.18610151,0,0.0,True,0.0023290021588111415,0.0019866050480604274,-0.0006722322723437175,-0.0004832717648195993,-2.733375634772679e-05
ViTscratch,400,57,0.26011428,0,0.0,True,0.001065160670147485,-0.0005959730005339701,-0.00010049534123154086,-0.0001635189083144227,0.00010075279432645096
ViTscratch,400,57,0.18012172,0,1.0,False,0.007592918034168715,0.003643880779425924,0.0038513941766987647,0.0029296260904573836,0.0024144214395804995
ViTscratch,400,57,0.2968944,0,0.0,True,-8.43850017851838e-05,-0.0009003746335752156,-0.0007423486686793244,-0.0009874832583888602,-0.0006770709269146636
ViTscratch,400,57,0.14268383,0,0.0,True,-0.0004622972491435409,-7.419856174690253e-05,-0.00015023536600824837,-0.0001888149710383058,-0.00019187081544434732
ViTscratch,400,57,0.14558698,0,0.0,True,0.0033746258081230056,0.0011891775687906418,-3.0255379638676274e-05,-0.0001289045822305519,0.0006128472307384377
ViTscratch,400,57,0.13807301,0,0.0,True,-0.0019220707584853118,-0.0013097316955190418,-0.0007880860638491047,-0.00014348209970017404,-0.0007936809786895372
ViTscratch,400,57,0.28363916,0,1.0,False,0.003099228756028697,0.004163905347608,0.0038903797985869806,0.0026738838092144625,0.002217903354341482
ViTscratch,400,57,0.13476534,0,0.0,True,0.0013665949794754132,0.001995781284113369,0.0007967831588224351,8.606890616340744e-05,0.00010188321517586093
ViTscratch,400,57,0.42725623,0,1.0,False,-0.0009823917551748612,0.0011489235058892255,0.002004268635913953,0.0019566086663428957,0.001785348900548756
ViTscratch,400,57,0.5212749,1,1.0,True,0.009560495688793748,0.00616573155633353,0.004739101945861471,0.004209221271103639,0.004325911740772355
ViTscratch,400,57,0.7460716,1,1.0,True,0.0005639097744360902,0.0006524466750313676,0.0018927973199329984,0.0024559748427672957,0.0020025188916876577
ViTscratch,400,57,0.14861137,0,0.0,True,-0.0008874385644004744,0.0010001327989032217,-0.00016000413550537186,-6.316147644765175e-05,-0.0006393269707375053
ViTscratch,400,57,0.3474672,0,1.0,False,0.002509287937722882,0.0024053544019478584,0.001351055823201913,0.0010087505422501997,0.0005666549140514683
ViTscratch,400,57,0.3226373,0,1.0,False,0.0017669520635071095,0.0022835774697106998,0.0026340067914055023,0.002408798877540907,0.002110816845938942
ViTscratch,400,57,0.62312096,1,1.0,True,0.009435782679526427,0.0035693871689798542,0.0039570910413394556,0.0033268188318348784,0.0030350790465975405
ViTscratch,400,57,0.34199914,0,1.0,False,0.006049715947458846,0.0017662977377539408,0.002618459017705902,0.003160608604288318,0.0023648574471641258
ViTscratch,400,57,0.19892398,0,0.0,True,0.0009852529941756485,0.001657767239556185,0.0007995168992768851,-0.0003189717417471782,-0.0005661641221359929
ViTscratch,400,57,0.27045867,0,0.0,True,-0.0019049118243251685,0.00011276816105178922,0.0004604683966114586,0.0005375463667454078,0.0014859672913905087
ViTscratch,400,57,0.23053049,0,1.0,False,0.005580607942105648,0.0016337421989645812,0.0024567314298803277,0.0028080648938974668,0.0022150348366896245
ViTscratch,400,57,0.143369,0,0.0,True,-0.0019199168901546434,0.0002551044841393686,-0.0004499445942543195,-0.0003318794260637548,-0.0010921681717057047
ViTscratch,400,57,0.22158034,0,0.0,True,-0.0019301291615674509,-0.002013965675103989,-0.0004942772140144816,-0.00041206759320863034,-0.00047364827300583486
ViTscratch,400,57,0.17302209,0,0.0,True,0.0019850963265821597,0.0007701687386998965,0.0013727086891472228,0.0010759229945990567,0.0007236623715033609
ViTscratch,400,57,0.23137642,0,0.0,True,-0.003300278970257889,-0.0020179077928220964,-0.0029481391675271838,-0.0021338498754708227,-0.0012671280360307602
ViTscratch,400,57,0.46307534,0,1.0,False,0.007377974620471934,0.00584395700083347,0.004100910818329982,0.004679570277450817,0.0033976682240912126
ViTscratch,400,57,0.90999186,1,1.0,True,0.005946793752797496,0.005603450850708776,0.005941158809143268,0.0048126620575340145,0.004043208353703671
ViTscratch,400,57,0.37637493,0,0.0,True,0.002283323575795429,0.002511854310513358,0.0013335348132197226,0.0004988585578870584,0.0009743886866325701
ViTscratch,400,57,0.1923872,0,0.0,True,-0.0023686801968189446,0.0012168189642495343,0.0006111666740965192,0.00014128333355029407,-0.0002521471938312008
ViTscratch,400,57,0.23313351,0,0.0,True,0.0015282840479670214,0.0032367068035217576,0.0017751564995865147,0.0017386504358362963,0.0017251026998874582
ViTscratch,400,57,0.5613081,1,1.0,True,0.00231218458807189,0.0003385481818754431,0.0005293734238601839,0.0004776411294671167,0.0012678001417072773
ViTscratch,400,57,0.2117898,0,0.0,True,-0.0008788524217622128,-0.0016202588395458728,-0.000524972530350819,-0.0005517116687151074,-0.000361528509828364
ViTscratch,400,57,0.26939732,0,0.0,True,-0.0044739558712881934,-0.002239982991143433,-0.0025883067466908266,-0.0015852776421252388,-0.0018618536665047968
ViTscratch,400,57,0.29098064,0,0.0,True,0.0026503864451752966,0.002301931392175239,-0.0005467579553239404,-0.0005507150157547719,-1.6828156937215805e-05
ViTscratch,400,57,0.24045826,0,1.0,False,0.005576124733933646,0.004805421187270554,0.0033123731575433516,0.0033334138551346254,0.002793581690368247
ViTscratch,400,57,0.21562123,0,0.0,True,-0.00023916422526280834,-0.0010862188662587335,-0.0012486854021336773,-0.0007523436402678856,-0.0004969814462549948
ViTscratch,400,57,0.16626506,0,1.0,False,-0.000737976725343002,0.0015894183325007051,0.0005680638853337976,0.0017285396281099962,0.002016002490986979
ViTscratch,400,57,0.19123007,0,0.0,True,-0.003766584527421638,-0.003119086754375687,-0.0034108084061694535,-0.002798309560627447,-0.0015695856089678365
ViTscratch,400,57,0.38521272,0,1.0,False,0.001901188291864215,0.0016398894457230013,0.002642770294174874,0.0027510595539712804,0.0026362774514745962
ViTscratch,400,57,0.5962827,1,1.0,True,-8.622956272297262e-05,0.00018374131830417099,0.0011648082601655862,0.0011760089881329865,0.0029796270196700845
ViTscratch,400,57,0.1467419,0,0.0,True,-0.003869345097913031,-0.0027326566881229622,-0.0016594856027764792,-0.001886672116853643,-0.001759669274127657
ViTscratch,400,57,0.5852341,1,1.0,True,0.0016264803672772794,0.0053677413960624585,0.0053618216920196604,0.004925402780260305,0.003811760859743063
ViTscratch,400,57,0.18875627,0,1.0,False,0.0015271587463073877,0.0006570430551920634,0.0011792539694874145,0.0010800270453693434,0.0008648043078623815
ViTscratch,400,57,0.16807023,0,0.0,True,-0.00012743903321394402,-0.0014205541639997897,-0.00045118460556254426,-0.0003963852206628205,-0.0009605678252579285
ViTscratch,400,57,0.30628365,0,1.0,False,0.0022281410192737466,0.0017477896753650196,0.0018525580281799645,0.0020636258639465106,0.002241972830895096
ViTscratch,400,57,0.34442547,0,0.0,True,-0.0019101369911265161,0.000715337734450361,-0.001053868046384859,-0.0013973533617841374,-7.658714682694288e-06
ViTscratch,400,57,0.20238972,0,0.0,True,-0.0026227349808978884,-0.00153329181605353,-0.0009944483862613063,-9.630139124170815e-05,-0.0002935212347939084
ViTscratch,400,57,0.37676525,0,1.0,False,0.0023576725000679626,0.001814725118625428,0.002446420069363322,0.0026167131877938314,0.001904198532270868
ViTscratch,400,57,0.60226214,1,1.0,True,0.0026923587607115282,0.0007634320107442375,0.0008103585732178322,0.001283965661216228,0.0023980992090870444
ViTscratch,400,57,0.40505084,0,0.0,True,-0.002833916016974147,-0.00011479225534599117,5.257135798913182e-05,0.0005956326140963081,0.0006531174769138062
ViTscratch,400,57,0.1752968,0,0.0,True,-0.0007627498852930489,0.0006789576197039289,0.0006505662639011117,0.0008000741845138996,0.0009761454665046562
ViTscratch,400,57,0.45394835,0,1.0,False,0.006876676640901281,0.00444496494092302,0.004770942586766099,0.003585258189814842,0.002722775648591545
ViTscratch,400,57,0.19583769,0,0.0,True,-0.0020120992136538974,-0.0018570452465438082,0.0001993633587736849,-0.0007446631615464472,-0.0014209815392550573
ViTscratch,400,57,0.44898126,0,0.0,True,0.006201498726149694,0.00553180097986652,0.004018585401126205,0.003643059364319827,0.0027867906794504615
ViTscratch,400,57,0.34280184,0,0.0,True,-0.0015232317633913028,-0.0006657500026979961,-0.00039244419940282356,-0.0003719654900004979,-0.00016837591018700713
ViTscratch,400,57,0.9230385,1,1.0,True,0.0004779900948841397,0.0013942172948087882,0.001509507990783881,0.0011947468125039322,0.0024645605338770708
ViTscratch,400,57,0.15485069,0,0.0,True,0.0010854670892292437,0.002811873458311002,0.0033027502333798572,0.004085630377854618,0.0039617611419525125
ViTscratch,400,57,0.35312942,0,1.0,False,-0.0016300936361454482,0.0017116931808274173,0.0010705904141698112,0.003083148519624221,0.0031694433709297328
ViTscratch,400,57,0.29138514,0,0.0,True,-0.00030955121926070197,-0.0017777302444834454,-0.0017129311984989874,-0.0005936255931633544,-0.0008172012578759253
ViTscratch,400,57,0.7438509,1,1.0,True,0.005597449752648351,0.004161333705645411,0.003634673430250407,0.0024359067159499806,0.002302893850413039
ViTscratch,400,57,0.3851697,0,1.0,False,0.0029032219792760614,0.0017024777236929634,0.0024626656530586048,0.0021097233365756454,0.0024626048062710722
ViTscratch,400,57,0.33188343,0,1.0,False,0.003934845865532474,0.00212045984839791,0.0024539443032437604,0.0034874305799993295,0.003110842125677175
ViTscratch,400,57,0.2762828,0,1.0,False,0.000899685607248257,0.0006687818201106357,0.0014507008837303368,0.0021141489592472755,0.0015972415051838705
ViTscratch,400,57,0.49172494,0,1.0,False,0.0008494756194496048,0.004369514695850266,0.004833458378994416,0.004383586808872222,0.0045560869500203185
ViTscratch,400,57,0.2038465,0,0.0,True,0.0027896639969814813,0.0005284458697427725,-0.0007334981486425,0.0001870288307911612,-0.00016341939057159068
ViTscratch,400,57,0.59377646,1,1.0,True,0.006635536030543716,0.003405405067283107,0.0035676350827723146,0.003478352040449122,0.002998079879556002
ViTscratch,400,57,0.18154682,0,1.0,False,0.0044209750303459226,0.004784922472019053,0.0034574379021091333,0.0025397095223895715,0.002255731110742062
ViTscratch,400,57,0.30645624,0,1.0,False,0.0034835138877039587,0.003644798136728788,0.005154822982743984,0.005521869415831705,0.004518717815166513
ViTscratch,400,57,0.460864,0,1.0,False,-0.002005203729354465,0.0019822882971010894,0.0016539642847418138,0.0023080572246396607,0.001236681104668918
ViTscratch,400,57,0.2925989,0,1.0,False,0.0016283814132234794,0.004535122088501041,0.004274982781916853,0.004194411002396251,0.003090113727083671
ViTscratch,400,57,0.124364875,0,0.0,True,0.0004078361044187216,0.0032883998759015627,0.0024656143513374557,0.000954380680285279,0.0008393941641300166
ViTscratch,400,57,0.3287213,0,1.0,False,0.002284665634515103,0.0011270235942861411,0.0011642316350738864,0.0013536500397385587,0.0004909541484040081
ViTscratch,400,57,0.9604959,1,1.0,True,0.0007671498362701207,0.003653626003797958,0.0036502468305459022,0.004283430847986751,0.004301517329758591
ViTscratch,400,57,0.20355436,0,0.0,True,0.0008002098070460553,0.0002493299295022475,0.0005512582920028599,0.0005455591092704313,0.0005373532278269008
ViTscratch,400,57,0.48356193,0,1.0,False,0.001848376505053863,0.0014431499313524829,0.0014807507468867955,0.0010949196029095025,0.0012185062723620306
ViTscratch,400,57,0.1668615,0,0.0,True,0.004455412930212992,0.002064771713338325,-0.0004531832856192031,-0.0009920467844954383,-0.0011701985191352334
ViTscratch,400,57,0.69920087,1,1.0,True,0.0037275497936780236,0.004454207826340942,0.0036836118628427953,0.002847120547288384,0.002881818432404408
ViTscratch,400,57,0.13904251,0,0.0,True,0.0004990437642514742,0.001528714380023333,0.0009273403686566499,0.0006107120796006915,-0.00028972346595850966
ViTscratch,400,57,0.41277215,0,0.0,True,0.00043565499871342744,0.0008883696168650969,0.0012999231257194834,0.0010542861727363673,0.00048371999161864095
ViTscratch,400,57,0.1629345,0,0.0,True,0.0014408327263852885,0.0021327479819859925,0.001034102019749356,0.0013959972362015659,0.00044814917422715756
ViTscratch,400,57,0.14011595,0,0.0,True,-0.0028478036607417177,-0.0029522173338069582,-0.0009629272580774999,-0.0005576240347326245,3.128595104317457e-06
ViTscratch,400,57,0.521572,1,0.0,False,0.0021051841292919755,0.002183141461498173,0.0006239164035183667,0.0015974974775302348,0.0011436480716000414
ViTscratch,400,57,0.21730988,0,1.0,False,0.005272626125113133,0.0036285558377587472,0.0022531535194795045,0.0027501827068796584,0.001804078923439426
ViTscratch,400,57,0.23051341,0,0.0,True,-0.0016655901411993742,-0.0007824761649227929,-0.0016481376119917785,-0.002061203640442025,-0.0016580008413458111
ViTscratch,400,57,0.2180567,0,0.0,True,0.0030074937656561942,7.529462514557372e-05,-0.0008667978975702859,-0.0004999493237074,-0.0015566101413742287
ViTscratch,400,57,0.1448137,0,0.0,True,-0.0013889118189540526,-0.0011388153354309845,0.0009542946379031954,0.0019755030293041125,0.0020140749826229863
ViTscratch,400,57,0.16806906,0,0.0,True,0.00048170069476810714,0.0011599415616211782,-0.0005972055213450969,-0.00030236044093645873,0.0005296459927389426
ViTscratch,400,57,0.21568695,0,0.0,True,-0.0014053760878822489,-0.0003532928881942757,-0.00114944426296791,-0.00042980813802840636,-0.00015587153977203626
ViTscratch,400,56,0.19264476,0,1.0,False,-0.000990136906152435,-0.0007090085581660638,-0.001298271088368855,-0.0009749302135309188,-0.0003098961739864423
ViTscratch,400,56,0.18156609,0,0.0,True,0.0018069775371392736,-0.0007758161101103461,-0.002305469741887976,-0.0020202149983684797,-0.001917451184759361
ViTscratch,400,56,0.14575337,0,0.0,True,0.0010768582303415529,-0.0015436929736009828,-0.0009965801719316594,-0.0007987875726773689,-0.0001390689725679067
ViTscratch,400,56,0.3001515,0,0.0,True,0.0031416835073224876,0.0006988235422351548,0.00047788341011666894,0.00033289423374420447,0.0001324833332528554
ViTscratch,400,56,0.4385694,0,1.0,False,0.0011456861679206155,6.859187938107243e-05,0.0014421667053864196,0.001169343268742396,0.000361128886877745
ViTscratch,400,56,0.77280885,1,1.0,True,0.0019646430187216348,0.0017412858907759855,0.002663952727217822,0.0032662037227728894,0.0028189353008536973
ViTscratch,400,56,0.20166971,0,1.0,False,0.0022462823851065647,0.002562208779628177,0.0013931648504906923,0.002103823519491992,0.002391668765079242
ViTscratch,400,56,0.21218584,0,0.0,True,-0.0022327219922378986,-0.0014010676387014823,-0.002020454065945604,-0.0012125869034002208,-0.000676775641941032
ViTscratch,400,56,0.746178,1,1.0,True,0.005412972297177343,0.004848828286353849,0.0047104546895269045,0.005367307386423539,0.005014438334481174
ViTscratch,400,56,0.4264605,0,0.0,True,0.0029884066482564367,0.0005378586716405558,0.0015581476757872664,0.0008161003091884947,0.0008869324609675114
ViTscratch,400,56,0.41314188,0,1.0,False,0.0051483416389003795,0.005281013807163497,0.0032564663172585436,0.00244842388092981,0.0019685578845644457
ViTscratch,400,56,0.1802977,0,0.0,True,0.0002987146404898449,-0.0026738685551428595,-0.002266667231181806,-0.0002683181128782558,0.00021297010094047293
ViTscratch,400,56,0.86758155,1,1.0,True,0.003776761754555342,0.002319728494100688,0.004192684178830009,0.004090387091845186,0.0044868266409039135
ViTscratch,400,56,0.40096423,0,1.0,False,0.0035895686234869136,0.003242554704817359,0.0034434706529629495,0.0036000010143522375,0.0027390610982931185
ViTscratch,400,56,0.2779359,0,1.0,False,0.0042557210459637914,0.002800157828244448,0.0017582894928019357,0.002023897663600273,0.0021666164860079115
ViTscratch,400,56,0.10187701,0,0.0,True,0.0019438821598390863,7.052285230029173e-05,0.00024023231494041037,0.0005708567366341108,0.0004905057125138234
ViTscratch,400,56,0.16880772,0,1.0,False,-9.486124990264628e-05,0.0037003598350014064,0.00425540105467607,0.0038663098112076263,0.003241250709153372
ViTscratch,400,56,0.21151704,0,1.0,False,0.0027925155213546216,0.004132304888239278,0.004206619638502518,0.003623962476705619,0.0026657133967475407
ViTscratch,400,56,0.37680095,0,1.0,False,0.001955360440291726,0.0022088317536229324,0.0015210312205096016,0.002045284909677799,0.0017040971777297922
ViTscratch,400,56,0.44400406,0,1.0,False,0.003431923590445303,0.004089311221897195,0.0038436484420289216,0.0027099485555431325,0.001953764847586087
ViTscratch,400,56,0.65801644,1,1.0,True,0.0017543233007187306,0.0035193996210908214,0.003630610957527151,0.0027861282668145125,0.002654875517697765
ViTscratch,400,56,0.2633802,0,1.0,False,0.005994761463264332,0.0038637335895523274,0.0011824586723877739,0.001269617301127843,0.001662509528842501
ViTscratch,400,56,0.38762823,0,1.0,False,-0.0027956434636929803,-0.0017328595638688978,-0.001438397057657314,-0.0006250323067930357,-0.0009926698548662716
ViTscratch,400,56,0.68812144,1,1.0,True,0.00012335428879847537,0.00168677195813364,0.002118675777139383,0.0011704007198585233,0.001207018782633776
ViTscratch,400,56,0.16708338,0,0.0,True,-0.002468677008116661,-0.0011104173493435075,-0.00103434097949471,-0.0008176125830552227,-0.0007984911261245746
ViTscratch,400,56,0.19420324,0,1.0,False,-0.000528466280241647,-0.0006484292899063165,-0.0009446463454040198,0.00037793269713126676,-3.29527330008958e-05
ViTscratch,400,56,0.50299674,1,1.0,True,-0.0011515886037148197,0.0019213552884849582,0.00266965482357228,0.0032004535296627904,0.003080707256108287
ViTscratch,400,56,0.17311296,0,0.0,True,-0.0011404867990214517,-0.0012359932717839967,-0.0006282220100612302,-0.00034910672252166946,-0.0014685505624198356
ViTscratch,400,56,0.1839105,0,0.0,True,-0.0065878876290184525,-0.003836759953712346,-0.00033607201990286547,-0.0007324129797407222,-0.0003384847829900341
ViTscratch,400,56,0.3859813,0,1.0,False,0.00877204611682646,0.0030491400438660667,0.0028648111983321555,0.0033712930001384943,0.002952189192366684
ViTscratch,400,56,0.9165026,1,1.0,True,0.0012727577442253734,0.002441436673494715,0.0004722517198959001,0.0013910044659094687,0.0023125747406350407
ViTscratch,400,56,0.18882512,0,1.0,False,0.0024785337626532927,0.001244729242394382,0.0013534167685492536,0.0013269053059056135,0.0015563897154522576
ViTscratch,400,56,0.15566353,0,0.0,True,-0.003448747245100389,-0.0016273909890515243,-0.001585433296620168,-0.001540252563958506,-0.0011486166558146052
ViTscratch,400,56,0.5776015,1,1.0,True,0.001025073310327297,0.0020740594721803413,0.0006969314499840515,0.001674048230424615,0.0024466786228495153
ViTscratch,400,56,0.53965145,1,1.0,True,0.002037529971512051,0.002735030963898564,0.0024973932597223266,0.0030337355510263032,0.0026847604791396147
ViTscratch,400,56,0.41334856,0,1.0,False,0.007986674371741049,0.0056570192533351256,0.005775033941367107,0.006212205337572071,0.004629528387189242
ViTscratch,400,56,0.2664952,0,0.0,True,0.000645109129156889,0.0003889254744223863,0.001262696637120128,-9.414429152091796e-05,-0.000499934757790104
ViTscratch,400,56,0.13004515,0,0.0,True,-0.003775883251540829,-0.0011956882308183907,-0.0008202836480267311,-0.0006106085606459497,5.1724613456699855e-05
ViTscratch,400,56,0.44035658,0,1.0,False,0.005612538257657895,0.005456626339847844,0.003038991118022579,0.0014171605545548545,0.0017220003386795026
ViTscratch,400,56,0.9747986,1,1.0,True,-0.0009324668124542823,0.0030752040093526257,0.003943945285568881,0.0035172098638895353,0.0026149632789886092
ViTscratch,400,56,0.9761322,1,1.0,True,0.0005457974246593203,0.0018005132537440612,0.0011481428550646291,0.001588825001896931,0.001975468968571942
ViTscratch,400,56,0.118287966,0,0.0,True,-0.004955130949483718,-0.002589603247310435,-0.001114650151111618,-0.0015804821972332443,-0.00080608051102363
ViTscratch,400,56,0.13315566,0,0.0,True,-0.0033473998111972787,-0.00020196747595007522,0.0007736824042180327,-0.00016130157289826036,-0.0005474099130097452
ViTscratch,400,56,0.38691556,0,1.0,False,0.005470810981831789,0.003100277936660834,0.0039097572905522964,0.003685878092600698,0.0029035741853562723
ViTscratch,400,56,0.1736024,0,0.0,True,-0.004006301789525603,-0.0014838917248857157,-0.001031828546550422,-8.231182556708806e-05,-0.00040305970501802626
ViTscratch,400,56,0.11787954,0,0.0,True,-0.0009543156044542796,-0.00166366396828683,-0.0003397494072555682,-0.0006958739556055757,-0.0012103299559283807
ViTscratch,400,56,0.18104737,0,0.0,True,-0.0011772544176352493,-0.0026843275509919507,-0.0019423766540242128,-0.0014897179356570577,-0.0010946387911865963
ViTscratch,400,56,0.47710282,0,1.0,False,0.0014405685386447542,0.0013232199493742427,0.0030899540771902657,0.003096956712374225,0.0029995253115543204
ViTscratch,400,56,0.19251691,0,0.0,True,-0.0015445822927352788,-0.0016030701910990106,-0.0013224203183253762,-0.0008239649870919443,-0.0005976178500931328
ViTscratch,400,56,0.20125084,0,1.0,False,0.004376676231149859,0.002085699544467104,0.0011424485459643426,0.0013818489910866262,0.0009222469618423688
ViTscratch,400,56,0.4440012,0,1.0,False,0.0032391403639948618,0.0050750467647250235,0.0033853632729032995,0.0029997054113904235,0.003477178409544674
ViTscratch,400,56,0.7864568,1,1.0,True,0.008909777969114897,0.007521952869735141,0.0060803978883948095,0.004993672874991582,0.004183811502039415
ViTscratch,400,56,0.26130018,0,0.0,True,-0.0008320140291169951,0.000616243044585907,3.3126215424440264e-05,0.0006686131714786135,0.00038624127682882116
ViTscratch,400,56,0.41560176,0,1.0,False,0.0034846309551730403,0.004071874744232786,0.0026801256354866544,0.0018079106315487623,0.0019443250276125628
ViTscratch,400,56,0.24604896,0,0.0,True,-0.0009456485149277848,0.00034538228774145147,-4.37929275217926e-05,0.0007328432672217873,0.0015682160232565795
ViTscratch,400,56,0.14413306,0,0.0,True,-0.0010096326703948127,-0.0023970921229448743,-0.0015942969713630423,-0.0021393565793576407,-0.00198446954047764
ViTscratch,400,56,0.18554986,0,0.0,True,-0.0019317599575050404,0.0009329209608372514,0.0015517906453896507,0.0011869631716930075,0.0015525912807025253
ViTscratch,400,56,0.46556166,0,1.0,False,0.004154281066364662,0.004868018911677641,0.001978210085224218,0.0016438681970339763,5.3077155222358736e-05
ViTscratch,400,56,0.21843132,0,1.0,False,0.0043857980837364,0.002107288055398639,0.0015574664426366992,0.0021884755241484803,0.0022361719758059533
ViTscratch,400,56,0.56542695,1,1.0,True,0.00125421992218396,0.0023601740021333387,0.0017313553112298088,0.002272808666544301,0.002257176979834668
ViTscratch,400,56,0.16310146,0,1.0,False,0.0027619999384461682,0.004472204423739096,0.0018309967880896156,0.0018070742302071414,0.0023503264090809933
ViTscratch,400,56,0.215799,0,0.0,True,-0.0009637524849304421,0.00032074615041587497,0.000988900202802321,-0.00015672797452682602,-0.0004579555405584151
ViTscratch,400,56,0.24106717,0,0.0,True,0.0016455900944966214,0.000217855609720851,0.000448898819553406,-0.0006835521770794805,-3.0476390458690206e-05
ViTscratch,400,56,0.31701976,0,0.0,True,-0.0006993001638399474,-0.00036129215851693583,0.0017698240399150688,0.0016193015148103001,0.0016832164254462537
ViTscratch,400,56,0.16513513,0,0.0,True,-0.0005415419452828714,0.0008192374141793336,-0.0007980826164533312,-0.00025712322003240717,0.00014118356703918464
ViTscratch,400,56,0.17363043,0,0.0,True,0.0002737368513296992,0.0007131366382365217,0.0010660342939817753,0.0018064381984973193,0.001985604144042935
ViTscratch,400,56,0.15935618,0,0.0,True,0.00220491065917946,0.0008263799285621162,-0.0007589311644367912,-0.0009196921270079355,-8.698396193361404e-05
ViTscratch,400,56,0.25049895,0,0.0,True,-0.002245313252924432,-0.0024298677548700636,-0.0018193575720824651,6.111500970528635e-05,-0.0006466501835119583
ViTscratch,400,56,0.42364934,0,1.0,False,0.003981984634926726,0.003403509983158447,0.0043605704812631745,0.002541163059929851,0.0023699567033671435
ViTscratch,400,56,0.2044091,0,0.0,True,0.0009427322248547047,-0.000724675266206545,-0.001110625769526435,-2.5091145185885515e-05,-0.0002666066259324432
ViTscratch,400,56,0.5899159,1,1.0,True,-0.00022791313884376726,0.0022570914269470785,0.0005265265239579196,0.0003920854674790054,-0.0006131114143303118
ViTscratch,400,56,0.8300246,1,1.0,True,0.002380460916581739,0.002396286141568619,0.0028216371784658915,0.0030552135461339044,0.0025098098669666512
ViTscratch,400,56,0.31998405,0,1.0,False,0.007241510242117936,0.0050113069554395505,0.0050408616316479265,0.004885794791533101,0.004119937857573618
ViTscratch,400,56,0.12697889,0,0.0,True,-0.00013109081884738204,-0.0012479091107517558,-0.001496214995769592,-0.0005428269878657872,-0.0010702176700123367
ViTscratch,400,56,0.13224742,0,0.0,True,0.003712378633081585,0.0015591064466344267,0.0006649359585497892,-0.0006412921313347882,-0.0010772568598261642
ViTscratch,400,56,0.2826731,0,1.0,False,0.005959608049537629,0.0015630038089129187,0.002432165536031448,0.0029446017370835568,0.0025337973223706783
ViTscratch,400,56,0.17502841,0,0.0,True,-0.0016950979621656096,0.00024145416716053668,0.0001266456880976556,-0.00038370593838537366,-0.0006883596462114082
ViTscratch,400,56,0.11119134,0,0.0,True,0.003326983988026928,0.0034560285203877775,0.002484140183675463,0.0019419811585245856,0.0015592466355836465
ViTscratch,400,56,0.25287083,0,0.0,True,-0.0007161762923516626,0.0003308113632649759,-0.0006550240627037734,0.0005769185357558373,0.0007387263664654078
ViTscratch,400,56,0.10602668,0,0.0,True,-0.00015552113617034455,-0.0012734598745243087,0.0008099196752486422,0.0009869482512859537,0.0013328025687078888
ViTscratch,400,56,0.18796441,0,1.0,False,-0.002230398395311307,-0.0019131945166255117,-0.001402449436645921,-0.0007761027192477154,-0.0002337153873536647
ViTscratch,400,56,0.35433695,0,1.0,False,0.0009089743800952033,0.0029927123785011105,0.0012255372747162678,0.00028644604319698986,-0.00012206089103093882
ViTscratch,400,56,0.89238876,1,1.0,True,0.0019608003378101674,0.002038471213105376,0.0033601600278118826,0.0030626019743011145,0.002089169233424482
ViTscratch,400,56,0.93645924,1,1.0,True,-0.003664462962555738,-0.0009338301515144397,-2.259222131966182e-05,0.0004874069955967863,0.0017338809718691378
ViTscratch,400,56,0.23480038,0,1.0,False,0.00013796504646589928,0.00266636393831233,0.0011056401977206252,0.0012831257220346202,0.0006701562802081684
ViTscratch,400,56,0.45731136,0,1.0,False,0.003945559657042941,0.004351599162902889,0.002782536870573944,0.004058308982275795,0.0035051584087033645
ViTscratch,400,56,0.74518424,1,1.0,True,0.0038808095211979683,0.002480448939427051,0.0017006696800492779,0.0021537133874032777,0.003492920111891021
ViTscratch,400,56,0.11896761,0,0.0,True,-0.002179357244767718,-0.0015610020858006592,-0.0030306712466291693,-0.0022562145233338067,-0.0014664827594742537
ViTscratch,400,56,0.112300925,0,0.0,True,-0.0009699359821671345,-0.0002750500392065095,-3.513422863657494e-05,-0.00019148063505387865,-0.00019498133898841714
ViTscratch,400,56,0.29869485,0,0.0,True,0.0008659242979355358,-8.033786224917703e-05,0.0009808694484640598,-0.00022558521499497757,-0.00017837274178906314
ViTscratch,400,56,0.5506902,1,1.0,True,0.0004980361345480753,0.001903013579034164,0.002935975147025902,0.003757934644062393,0.002682232986886097
ViTscratch,400,56,0.2606953,0,0.0,True,0.00028186220683228797,0.0012974207267897652,0.0017005536102096507,0.0020705388699424334,0.0011706026540965484
ViTscratch,400,56,0.18100262,0,0.0,True,6.261526378239692e-05,-0.001486847605851859,-0.0005611566722911234,0.00034904302233989827,-0.00018137589603808458
ViTscratch,400,56,0.23372716,0,1.0,False,0.0063157895116939915,0.003212048927924659,0.0037939773745666967,0.0030817685213380547,0.0018513865927816209
ViTscratch,400,56,0.29856953,0,0.0,True,0.0028043288616387252,0.003127086915278864,0.0036312721929564334,0.0033016060049911363,0.0030723291211215142
ViTscratch,400,56,0.30117574,0,0.0,True,0.001937811265457728,0.0004470306262312582,0.00047686650423229134,0.0010487826772307628,0.0008617989951824602
ViTscratch,400,56,0.15562066,0,0.0,True,0.0009745682818237679,-0.00047336932220294847,-0.000933007287932156,-0.001302742307004413,-0.0005157220376259964
ViTscratch,400,56,0.17896315,0,0.0,True,-0.000815496635139771,-8.250137202060395e-05,-0.0008052759586049827,0.00011831149759283525,-0.00018735745198598215
ViTscratch,400,56,0.74715024,1,1.0,True,0.005208611579154113,0.004179579474317569,0.002315264593348269,0.0023383837647988123,0.0029347940367576166
ViTscratch,400,56,0.4824728,0,1.0,False,-0.00021456206225554846,0.003222268143238574,0.003531810362222343,0.003097635192385224,0.003938661616409943
ViTscratch,400,55,0.24675474,0,1.0,False,0.005400805492392015,0.006173022252392757,0.0035090689097339416,0.00367597373643852,0.002871431919735001
ViTscratch,400,55,0.17202264,0,0.0,True,1.2002375026205296e-05,-0.0002577193308339885,-0.0017635424136688402,-0.0006232065916260468,-0.0014665455620839689
ViTscratch,400,55,0.79773,1,1.0,True,-0.0020469059181113603,-0.0010267788819646336,-0.00011283453037557646,0.0012225322804290594,0.002064143122292431
ViTscratch,400,55,0.8286862,1,1.0,True,0.00025058697852869163,6.1618235443657114e-06,0.0005610012396528508,0.0017923040176252068,0.0024532358877480294
ViTscratch,400,55,0.16333868,0,0.0,True,0.0012482402695099231,0.00030892902850167666,-0.0001720866106617103,0.00029130078235809685,5.0921117182410296e-05
ViTscratch,400,55,0.23492295,0,1.0,False,0.0021701821549434536,0.0050649603501962915,0.0032309469459945134,0.0031593747067137374,0.0032689316501487795
ViTscratch,400,55,0.17420156,0,0.0,True,-0.0010758919582879143,0.00027150278730655975,0.0013668504069005985,0.0006903463489697507,0.0016691527870636416
ViTscratch,400,55,0.25748727,0,0.0,True,-0.0016430674454642428,-0.000773249520356637,0.00052174681853623,0.0012089001399454473,0.0003381965201307516
ViTscratch,400,55,0.818477,1,1.0,True,5.52884744975807e-05,0.0024588902207892845,0.001429458279678409,0.002137948587995898,0.002600780290452714
ViTscratch,400,55,0.3752695,0,0.0,True,0.0011022019930808132,0.0026845883041112296,0.0018379041042695186,0.0008737715589746145,0.0006897345852361892
ViTscratch,400,55,0.3147378,0,1.0,False,0.0009959618885222888,0.0010109724269142294,0.0008195466580094233,0.0007333655680522132,0.0013286627097290934
ViTscratch,400,55,0.18486166,0,0.0,True,0.003789409676529364,0.0014857436948045007,0.0010773661104574075,0.00019738712049322527,-5.220256951966764e-05
ViTscratch,400,55,0.17693636,0,1.0,False,0.0021274415317201964,0.0013893677945492852,0.0020523705215195623,0.00134825717466067,0.0004895633399860693
ViTscratch,400,55,0.3898097,0,1.0,False,0.0006580431020156485,0.0015939665586655195,0.000870238895479046,0.0008824954491974801,0.0014771154360579705
ViTscratch,400,55,0.3651945,0,1.0,False,0.00424025185459597,0.004145373312944337,0.00441385951084174,0.002532707029265772,0.0023522537085004357
ViTscratch,400,55,0.26998916,0,0.0,True,0.006564808630443495,0.0026835044694948442,0.0027832508184245847,0.0024229771498091874,0.0015399688301689243
ViTscratch,400,55,0.68454117,1,1.0,True,-0.000966463127872336,-0.0006163300753576781,0.0015940900075666188,0.0014201575856939996,0.0013591274636536588
ViTscratch,400,55,0.3708424,0,0.0,True,-0.002843773168486165,0.0016386018024104733,0.00029432212632350484,0.0009134877966445793,-8.676446784407549e-05
ViTscratch,400,55,0.2946975,0,0.0,True,0.0017088164542638853,-0.0006225886850893192,-1.6064623899655582e-05,0.00017171454659248848,0.00015388252694914915
ViTscratch,400,55,0.9466645,1,1.0,True,0.00013612199340183907,0.0019996661498640996,0.0008946851535392483,0.001957826100621009,0.002011228605293622
ViTscratch,400,55,0.20804326,0,0.0,True,-0.0033948430322543175,-0.000927606018056311,-0.0014479986487713813,-0.0010492803440407623,-0.0006338365122855273
ViTscratch,400,55,0.694681,1,1.0,True,0.003382022100334226,0.005092793251533524,0.005492781957900191,0.004570993118619542,0.004641056910176507
ViTscratch,400,55,0.18740195,0,0.0,True,-0.0025080677005559584,-0.0013569026543366351,0.0006472788509707249,0.0005516073795628686,0.0006404462329986574
ViTscratch,400,55,0.5858087,1,1.0,True,0.0013074844623692265,0.0012721989017589676,0.0015627711834081206,0.0024203860219347904,0.002091094874328231
ViTscratch,400,55,0.20387883,0,0.0,True,-0.000626711562150059,-0.002277382016298046,-0.003463197634773595,-0.0020126247574147604,-0.0019345640952315353
ViTscratch,400,55,0.30999386,0,1.0,False,-0.0046776637785844975,-0.0024376070808055277,-0.0007864368088790927,0.0010061466510663398,0.0009817185817948655
ViTscratch,400,55,0.18833296,0,1.0,False,0.0022647443461693284,0.00017148127894384938,0.0016925045994460638,0.0027074902644514598,0.0022137659740372943
ViTscratch,400,55,0.18264765,0,0.0,True,-0.005038599571184673,-0.0028052919393349324,-0.0020194239700104316,-0.0007776808869238669,-0.00037626363854178477
ViTscratch,400,55,0.40537545,0,1.0,False,0.0037920962305871566,0.002730149932298308,0.0028462148559877556,0.002950125408725507,0.0023340066896217894
ViTscratch,400,55,0.22072849,0,0.0,True,0.0014151136782379705,-8.906373893680753e-05,-0.0004914785303496378,-0.0006808626604426277,-0.0004879108069365473
ViTscratch,400,55,0.49258545,0,1.0,False,0.004423465949204376,0.0035318975729356538,0.004526711134760548,0.004735762657233103,0.003944517323453646
ViTscratch,400,55,0.41030797,0,1.0,False,0.006528394201404707,0.0037134529237232736,0.0025497311991124214,0.0020182935046849622,0.0023822624519384914
ViTscratch,400,55,0.4513878,0,1.0,False,0.000940696977375066,0.000721724363212482,0.0022908437238940266,0.003421655245974297,0.002899207576784718
ViTscratch,400,55,0.3538391,0,1.0,False,0.0001878882585042892,-4.3669622026643136e-05,-0.0013364310932874892,-0.0009343600316361708,0.00031967574523267316
ViTscratch,400,55,0.13124608,0,0.0,True,-0.004878644891831869,-0.002475727305539693,-0.003308096495267318,-0.0027997017910713117,-0.0020721649468158428
ViTscratch,400,55,0.12434668,0,0.0,True,0.001144941516734394,-0.0018774600170197399,-0.0012267463971948982,-0.0013918109856658368,-0.0008141530764811335
ViTscratch,400,55,0.37699962,0,1.0,False,0.002625827919872393,0.002254061723091525,0.0009712718056195769,0.0023069827905316392,0.0028014634033967276
ViTscratch,400,55,0.5003161,1,1.0,True,0.0002862202751362978,0.0027333208219300254,0.0014596894314111378,0.0014385629629649803,0.00163320409885373
ViTscratch,400,55,0.18519762,0,1.0,False,0.002938542108629509,6.854595207453835e-05,0.0007013881371136561,0.00018254034535424222,-0.0001948744400291601
ViTscratch,400,55,0.39682344,0,1.0,False,-0.0010651738744106682,-0.00050189460742934,0.0006030035567048337,0.0016289204373327252,0.002186387276231545
ViTscratch,400,55,0.19711189,0,0.0,True,-0.003068638668889792,-0.0030604663500370826,-0.0006608251022115572,-0.000533883739771683,-0.0011807352940650657
ViTscratch,400,55,0.8997869,1,1.0,True,0.0024823010764216643,0.004009997138878122,0.003388986499484957,0.0028818306421677944,0.0033236385927086732
ViTscratch,400,55,0.6659708,1,1.0,True,0.007091088910212334,0.0029474477377150277,0.0035379083155057454,0.004729262653078755,0.004372527641081863
ViTscratch,400,55,0.25109425,0,0.0,True,-0.0014496659693017094,0.0008071341806163169,-6.281960414394052e-05,0.0003848528001410796,0.0008456888224890195
ViTscratch,400,55,0.19763891,0,0.0,True,-0.0040656099033391895,-0.0017494058609551848,-0.0016717304744357183,-0.000803961681798611,-0.0010102940168730905
ViTscratch,400,55,0.15969142,0,0.0,True,0.0008639206955974635,0.0005263913878278667,0.00031796422833628137,0.0007229214002070608,0.0003825998374827575
ViTscratch,400,55,0.842614,1,1.0,True,0.006616069541701788,0.004127446526903184,0.004262466779824252,0.00288624326080766,0.0019692368748871493
ViTscratch,400,55,0.5615729,1,1.0,True,-0.0018903355878608166,0.00031494618022558644,0.0015828485646597137,0.002330651094792881,0.0018968311277711056
ViTscratch,400,55,0.36660358,0,1.0,False,0.001611723338037188,4.503176895120209e-05,0.0006228778846314024,0.00031545770649974716,0.0019315694875258562
ViTscratch,400,55,0.3539527,0,1.0,False,-0.002207817427778065,-0.00047299941325192946,-0.0002912512080069377,1.4043073087674626e-05,0.0004674065362469087
ViTscratch,400,55,0.15431072,0,0.0,True,0.0021484787843632533,0.00020675135999314445,0.0019745648053302953,0.0007235699227626727,0.00011502778009260016
ViTscratch,400,55,0.17488618,0,0.0,True,-0.0029383308626337442,-0.002949122126037135,-0.0029173864244535176,-0.0031050882064662722,-0.002481210105041806
ViTscratch,400,55,0.8453786,1,1.0,True,0.003326631074306549,0.002358176764189507,0.0024134703531194937,0.001181710043845324,0.001040791018024612
ViTscratch,400,55,0.2801317,0,1.0,False,-0.0024735140281401204,-0.0011777709041450631,-0.0008210675424176731,0.0006589726100981351,0.0005216795046319763
ViTscratch,400,55,0.2011231,0,0.0,True,0.004301393190983819,0.0029708738072945617,0.0011887906034966354,0.0009094332050552773,0.0013260041030975756
ViTscratch,400,55,0.38766113,0,1.0,False,0.00018195966917819616,0.0012677068528314872,0.0025440541738757784,0.001641252206279559,0.0013991536427621048
ViTscratch,400,55,0.122598566,0,0.0,True,-0.0013214955884697207,-0.0016621714483106157,-0.001585139358900399,-0.0014530672567506873,-0.0015910689163826685
ViTscratch,400,55,0.23520558,0,0.0,True,-0.001169478359173639,-0.002807905830011339,-0.0020764438844661634,-0.0009214225271254434,-0.0007588258512114784
ViTscratch,400,55,0.43883356,0,1.0,False,0.00643665561456545,0.004876419436242703,0.0033122630665246957,0.002545875592474243,0.0033455947317170705
ViTscratch,400,55,0.14721517,0,0.0,True,0.0004242559671080847,0.0002679563745463425,0.0009277294743275576,0.0008407833383052278,0.0004312383758309482
ViTscratch,400,55,0.40996417,0,1.0,False,0.00631563204549532,0.004152968679955094,0.0034462504346934424,0.00276397331025559,0.0022617824747783797
ViTscratch,400,55,0.27270642,0,0.0,True,-0.0013989862992534444,-0.0016833053314718235,-0.0022780275937890537,-0.003234737338549423,-0.0023986229653420853
ViTscratch,400,55,0.19346075,0,0.0,True,-0.00016391676475309696,-0.0005216946463029416,-0.00017271608838004615,-9.856087397188306e-05,-0.0004343895180521118
ViTscratch,400,55,0.34957317,0,0.0,True,-0.002091166882909218,-0.000888643809066134,-0.0028203378363638567,-0.0002025472259477306,-0.0004717217107991575
ViTscratch,400,55,0.30574697,0,0.0,True,-0.0013805611508462682,-0.0009433269994609094,-0.00034148043274837963,0.0004002721610676498,-6.012875403090533e-05
ViTscratch,400,55,0.15157321,0,0.0,True,-0.0034273963543066037,0.0004447982993473637,0.001207023316037321,0.0004229063803933801,0.0004151060545570548
ViTscratch,400,55,0.3573354,0,1.0,False,0.002959463287347846,0.002373687142165902,0.0010579225249005774,0.0015471464087975714,0.0004644674261529042
ViTscratch,400,55,0.28397506,0,1.0,False,0.0023641089658368373,0.005484338220217485,0.004794147657671872,0.004699951152207093,0.004759006327822541
ViTscratch,400,55,0.23774654,0,0.0,True,-0.0008334076743587872,1.9580391342827012e-05,0.0005724878846040233,0.0020982144823639463,0.0017776068192096926
ViTscratch,400,55,0.8088009,1,1.0,True,0.0035930880940446054,0.004902889825327247,0.005495460719668486,0.0048210758130745055,0.005070139243142667
ViTscratch,400,55,0.13018563,0,0.0,True,-0.004626686271492904,-0.004242919137810471,-0.002158653990127877,-0.00156229129011798,-0.0008213624635083804
ViTscratch,400,55,0.27411276,0,1.0,False,0.00541333726630615,0.0025953824901035144,0.0028712157005354125,0.0025394626838835892,0.0031447223349145574
ViTscratch,400,55,0.3368618,0,0.0,True,-0.002683643897391578,-0.001181416188294975,-0.0009358336108131991,-0.0010681573850608726,-0.0011457337074093576
ViTscratch,400,55,0.74240774,1,1.0,True,0.00842857133241311,0.0058735912539316605,0.005535888913116273,0.0049451059178221134,0.004710779378775154
ViTscratch,400,55,0.9207152,1,1.0,True,0.003733521323792614,0.003562815711312972,0.003911048603814759,0.002732481712881571,0.002594304404939124
ViTscratch,400,55,0.27416843,0,0.0,True,0.0015728228575547305,0.0008857014518843497,0.0005645770351169328,0.0006682111437777727,3.0764491221711554e-05
ViTscratch,400,55,0.37457505,0,1.0,False,0.001854365782786191,0.003920645891133597,0.0029436237409426404,0.0031381037643603057,0.003654646942797811
ViTscratch,400,55,0.14424504,0,0.0,True,0.004089012146323967,0.0026827863563010867,0.0026757465246963785,0.002727228582474293,0.0022103947246661293
ViTscratch,400,55,0.25906974,0,0.0,True,-0.0025449518569491307,-0.0020524943939065504,-0.0004490873856630907,-0.0003594902827768327,-0.0006458313491432202
ViTscratch,400,55,0.2477893,0,0.0,True,0.0018117182105220095,0.002980865761590106,-5.5675932697615496e-05,0.0008277742506668764,0.0010242380502646683
ViTscratch,400,55,0.32384947,0,1.0,False,0.005126224415126539,0.004360970858823663,0.0034976283381463512,0.00349797837819034,0.003187763677029189
ViTscratch,400,55,0.36234692,0,1.0,False,0.0007547402714469616,-0.00023510497702154765,0.0019545770731851557,0.0033238586145390653,0.0027183714394937563
ViTscratch,400,55,0.91030645,1,1.0,True,0.005391442931536417,0.00516553435932148,0.004399450037041397,0.0036380672990084413,0.004340632504735338
ViTscratch,400,55,0.3537654,0,1.0,False,0.0021954843849540874,0.0034325622685063752,0.0017883966942764658,0.001578548226039524,0.0014229963174157512
ViTscratch,400,55,0.19106564,0,0.0,True,-0.004693447799194324,-0.0015998953213285198,0.00042077987759610807,-0.0004433014296651994,-0.0004769863592058694
ViTscratch,400,55,0.22808647,0,0.0,True,-0.0034287159695021324,-0.0011617005873353792,-1.620826323194262e-05,-0.00039471034535871357,-0.000657970485778606
ViTscratch,400,55,0.29968765,0,1.0,False,-0.00017700704100191572,0.00011118830584257972,0.0005384459350922486,0.0015957511873793812,0.0017840736196134978
ViTscratch,400,55,0.18381236,0,0.0,True,-0.002070750962938288,0.0010573907040001668,0.0009183717203441736,0.0012455371560574058,0.0008888451998368445
ViTscratch,400,55,0.16274594,0,0.0,True,-0.004500672881468653,-0.0025363611569629435,-0.002510318789574033,-0.0019296834048235542,-0.001304255654581957
ViTscratch,400,55,0.18688786,0,0.0,True,0.0003221219389375341,-0.0007187127714153315,-0.0013351222616203055,-0.0013556138983960675,-0.0011522081554907078
ViTscratch,400,55,0.17676832,0,0.0,True,-0.0012659612527614118,-0.002817107993381386,-0.0014575960079061998,-0.000877665890492721,-0.000604806027844286
ViTscratch,400,55,0.13040075,0,0.0,True,-0.0023058878075371495,-0.0006400099497940859,-0.00041468638664379906,-0.0015221456109974307,-0.0017634034087167297
ViTscratch,400,55,0.31507176,0,0.0,True,-0.002483758885668217,-0.0019539339083426005,-0.0009530239586983777,-0.001168281176988723,-0.00040187181958677555
ViTscratch,400,55,0.27240548,0,0.0,True,-0.00019024928765156742,0.000957391164641845,0.0006297924683964872,-0.0003075644309334799,-0.00035517363638622743
ViTscratch,400,55,0.23808119,0,1.0,False,-0.0010034519825284146,-6.294763562625468e-06,0.003597414435088301,0.0038208672195041123,0.0038160749045889806
ViTscratch,400,55,0.9248996,1,1.0,True,0.0013349952647186726,0.0020902226516692343,0.0036173416539481773,0.002114966454587134,0.0025655809863274178
ViTscratch,400,55,0.6728459,1,1.0,True,-0.0004541754238645386,-0.000423512563388181,0.0005003497122322623,0.0019291927184091678,0.0014445161065713497
ViTscratch,400,55,0.2251443,0,0.0,True,0.006039175037595514,0.0022135805523353937,-0.00010988700043512729,0.000826066897667084,4.429651090730328e-05
ViTscratch,400,55,0.32069767,0,1.0,False,0.005432548516649632,0.002609122950782023,0.002199854500619859,0.002236622287774495,0.002047455863185094
ViTscratch,400,55,0.44101676,0,0.0,True,-0.0048644480818848,-0.002272902757512499,-0.0018232979757486726,-0.0009918785925855868,-0.0014925952633310323
ViTscratch,400,54,0.26589605,0,0.0,True,-0.00437508452698671,-0.0005601733140265421,0.0009523990317239374,0.0007769363948194193,0.0015181143979052193
ViTscratch,400,54,0.4604992,0,1.0,False,0.0042180681250703535,0.0032759181790575284,0.0031859899782717303,0.003020178555720417,0.0029675848878979727
ViTscratch,400,54,0.37987608,0,1.0,False,0.003019227569252452,0.004271453225826718,0.002532727871646267,0.0029709651639043383,0.0029438651337828953
ViTscratch,400,54,0.5977143,1,1.0,True,-0.0018429270357022303,0.0009716638456133558,0.001196383836888058,0.0007684168789125341,0.0011414873832038361
ViTscratch,400,54,0.1550877,0,0.0,True,-0.00029784273694986077,-0.0008126625524675444,0.0008069230309157543,-0.0001636352832237761,-0.00029911050669029915
ViTscratch,400,54,0.1235569,0,0.0,True,-0.00121384009721731,-0.0009089759240005914,-0.0006449011566927755,-0.0010382266880459943,-0.0007614369893595194
ViTscratch,400,54,0.2070124,0,0.0,True,-0.001303249382973089,0.0006838227651827572,-0.0003098743852144512,-0.00012263445000809434,-0.0005566676525434345
ViTscratch,400,54,0.20708573,0,0.0,True,-0.0042763264901495455,-0.002079812188161895,-0.001117234904232542,-0.00033358837405699827,-0.0004945869995578656
ViTscratch,400,54,0.16547164,0,0.0,True,-0.0012853946968114777,-0.0013494106185709277,-0.00023705572072433304,-0.0008336694806167778,-0.0008074119826362402
ViTscratch,400,54,0.4009744,0,1.0,False,-0.0014161818720140197,0.0005142985890598801,5.847470612562771e-05,0.0009810319439142341,0.0010150428818457157
ViTscratch,400,54,0.13417059,0,0.0,True,-0.0009051204575621274,-0.0021295333359828915,-0.004165351499350447,-0.003581449882163618,-0.0020127948310579786
ViTscratch,400,54,0.9825419,1,1.0,True,0.0021960373081928043,0.0036662350036327845,0.003850835327521787,0.0031846387246308107,0.0030626547679182773
ViTscratch,400,54,0.29805464,0,1.0,False,0.0039066135350503935,0.001558832416677522,0.0022408863050597553,0.002294467340868264,0.002189335802204744
ViTscratch,400,54,0.55210006,1,1.0,True,0.005703972594156467,0.0033901693201075834,0.002523786781606806,0.003119409049669321,0.002254990547022712
ViTscratch,400,54,0.12817156,0,0.0,True,-0.001829950453605409,-0.0010103536483354078,-0.002094028552236945,-0.002317832410107616,-0.001957420266562815
ViTscratch,400,54,0.61103255,1,1.0,True,0.002414791557812586,0.0027375856289792453,0.0035601187660983394,0.0036388826995878507,0.0034640745552296922
ViTscratch,400,54,0.82857174,1,1.0,True,0.006189940132904925,0.003248034647444581,0.003836532068529342,0.004212109734998059,0.0033570836932266496
ViTscratch,400,54,0.23631072,0,1.0,False,0.0015268495985394938,0.004357986944369367,0.0034987922336454378,0.003186831086858123,0.002887347962024477
ViTscratch,400,54,0.28518996,0,1.0,False,-0.002084520929543301,0.0007799747917139611,0.002115021460092784,0.0027858116789555806,0.002168306624957296
ViTscratch,400,54,0.5023678,1,1.0,True,-2.0569043256672274e-05,-0.0016888933064564066,-0.0002169513370392576,9.615029674128846e-05,0.0006901410530738884
ViTscratch,400,54,0.28277463,0,0.0,True,0.0010275381752619871,0.00015053157063545553,0.00017584407259330878,0.0005534270255911324,0.000652373780991719
ViTscratch,400,54,0.54804343,1,1.0,True,0.0017634505387460052,0.002456666399512135,0.002346842822900435,0.0025228327416851855,0.0028794965271843978
ViTscratch,400,54,0.15907864,0,0.0,True,0.0012905725722992133,0.0029985871331122075,0.001398491298396508,0.0010910086516513664,0.0008864467548439058
ViTscratch,400,54,0.2561012,0,0.0,True,0.004006646878771672,0.0018473074080193861,0.0007839099219746304,0.0003801836282552776,0.0007093320356285496
ViTscratch,400,54,0.45925537,0,0.0,True,-0.0015527116843481621,0.00035365494691026354,0.0006772645884770278,0.0010097338325870894,0.0006990826983258843
ViTscratch,400,54,0.25311452,0,1.0,False,-0.0005113823830516293,0.0014643185514051631,0.0017990184108522115,0.0021252464613613835,0.0016096655192701466
ViTscratch,400,54,0.6577068,1,1.0,True,0.004369644513335366,0.0031451382927029322,0.00239414333431131,0.0016954245032769634,0.0012259507566286267
ViTscratch,400,54,0.26225471,0,0.0,True,0.0026181550754081446,-0.000119190018295157,-0.0007491076263807737,-0.00036419358401639147,-0.0006794533967113824
ViTscratch,400,54,0.26340094,0,0.0,True,-0.0011954776376347366,-0.0014979252020822485,-0.00045680632851283627,-0.001183762374463055,-0.0005663265914034406
ViTscratch,400,54,0.27055436,0,0.0,True,0.0007902476381375633,0.0018086191461034486,0.0013463884661438653,0.001807316890247088,0.0023501674491387425
ViTscratch,400,54,0.18520732,0,1.0,False,0.006932464687955634,0.0039552674329731315,0.003860392817665956,0.0036421390628979997,0.003409221179174024
ViTscratch,400,54,0.33049405,0,1.0,False,0.001090725444978548,-0.0007649382012898456,-0.0009628500469771554,1.93923956329238e-05,0.00013663087349605985
ViTscratch,400,54,0.33251238,0,1.0,False,-0.001045143263132191,0.0011118542336422546,0.0014653764807710597,0.001851199593729392,0.0020237404224905066
ViTscratch,400,54,0.57543236,1,1.0,True,-0.0007712430974410557,0.00021850162067187854,0.0014787483904482057,0.001117411315224784,0.0014044611626354967
ViTscratch,400,54,0.15364055,0,0.0,True,-0.00875355732850756,-0.00431517571599139,-0.003233420952358613,-0.002614728644427913,-0.0014680550193177468
ViTscratch,400,54,0.30988306,0,0.0,True,-0.0013032694449890865,-2.5106357577476116e-05,-9.633095427091083e-05,0.0010785981625191122,0.000994939320776849
ViTscratch,400,54,0.16301827,0,0.0,True,-0.004036763586494373,-0.0015133448338231032,-0.0018311026675995202,-0.0011017946488340055,-0.00021788359205561774
ViTscratch,400,54,0.17819606,0,0.0,True,0.001110358612537306,-0.0023375374798398235,-0.002142802768691842,-0.002889294115201198,-0.002156044636210604
ViTscratch,400,54,0.2659225,0,1.0,False,0.00211175913406352,0.0028866370728672743,0.003637911509632199,0.0028029223143182912,0.0018228349504727716
ViTscratch,400,54,0.1324902,0,1.0,False,0.0012312297163974075,2.9431945216611566e-06,0.0002208099714674039,-0.00014774367944171877,0.0005876129880963038
ViTscratch,400,54,0.15812005,0,0.0,True,0.0031884065174428732,0.0012972899980217567,0.0026182413734965712,0.0013356721053695295,0.0014616885234262581
ViTscratch,400,54,0.9617163,1,1.0,True,0.0031453502649942885,0.0034818058280166263,0.003986595872770089,0.002902517062154045,0.003816129512806068
ViTscratch,400,54,0.10103469,0,0.0,True,-0.003198487266027106,-0.0012895413353100973,-0.0011508693351938968,-0.0008933350480864839,-0.0011669204339584789
ViTscratch,400,54,0.2000893,0,0.0,True,0.002634144489237229,0.0005233443832144491,-0.0006926227253121724,-0.0009947012951665518,-0.0005572800484548614
ViTscratch,400,54,0.14903675,0,0.0,True,0.002388519699892384,-0.002156613220475317,-0.0027683842245073546,-0.002711915315237276,-0.0013414187205647858
ViTscratch,400,54,0.4727641,0,0.0,True,0.0026274046729777715,0.00036576510095155386,-0.00015949318793888575,0.000353170263813337,0.00023333668204275504
ViTscratch,400,54,0.5870118,1,0.0,False,-1.2553415564914025e-05,-0.00016314014506709932,0.0004019720728698866,-0.0005346372189424499,-0.00040559810468848224
ViTscratch,400,54,0.2752459,0,0.0,True,-0.0011547366953873976,0.002143718125389724,0.0015803314581054446,-0.0006663680692744746,-0.00023725388951757173
ViTscratch,400,54,0.3348618,0,0.0,True,-0.00510210870380386,-0.004368101233586432,-0.0020830950715602327,-0.001247357563385184,-0.0012340154272202886
ViTscratch,400,54,0.2819302,0,0.0,True,-6.617408838091761e-05,-0.0025381385388127974,-0.0008023563439225626,0.0005449590965951516,0.0008292100930101127
ViTscratch,400,54,0.24369268,0,0.0,True,-0.00394406365773311,-0.001257784558443329,-0.001847052278766964,-0.001995639833115501,-0.0004160773026837451
ViTscratch,400,54,0.18142949,0,0.0,True,0.0014362656669774357,0.0005721579186584184,-0.0009975457218255818,-0.0007694947114833032,-0.0010059242499385291
ViTscratch,400,54,0.2555376,0,0.0,True,0.000987571976533453,-0.0006923805733364173,-0.0007436187808850507,-0.000687842764078068,-2.7407295630297166e-05
ViTscratch,400,54,0.19223195,0,0.0,True,-0.0012483130129507566,-0.0007357579007687494,-0.0005027047432664697,0.0006831369566637019,0.0003314523368543028
ViTscratch,400,54,0.82544637,1,1.0,True,-0.0010041153990144583,0.0006571556084600025,0.0013551705769969074,0.0014417036177885455,0.0019806504015558277
ViTscratch,400,54,0.22913724,0,1.0,False,0.0052087325010925145,0.0030324871148560053,0.001326753800129219,0.0005011552127192265,0.000934141522151557
ViTscratch,400,54,0.768341,1,1.0,True,0.005075704961899141,0.004442316087270809,0.003404847820637375,0.0032896515155375903,0.002660468353563239
ViTscratch,400,54,0.9120883,1,1.0,True,0.0034629366170480435,0.0025828965904225567,0.0024207251656743795,0.002910185418062519,0.00206262281265881
ViTscratch,400,54,0.265568,0,0.0,True,0.00019812603363436097,-0.000748864982969915,0.0003620321386224657,0.000466243714487235,0.00046880198901479305
ViTscratch,400,54,0.36234304,0,0.0,True,0.002117682573920036,0.0011918521075257496,0.002030829337716314,0.0008174486971835822,0.0015917650435002208
ViTscratch,400,54,0.1463676,0,0.0,True,0.0006257551950734864,-0.0004211822590319922,-0.0017889686706570763,-0.0006926188798059361,-0.001121658839750923
ViTscratch,400,54,0.21743383,0,0.0,True,-0.002841606948948927,-0.0006745233397361024,-0.002007094274685382,-0.000959009342800676,-0.00035684199792834385
ViTscratch,400,54,0.26481405,0,0.0,True,0.0018539970224762065,0.0003193660808045228,0.0005815790759660032,0.0010089837635794676,0.0010146482960536622
ViTscratch,400,54,0.3563108,0,0.0,True,-0.0008298030265622464,-0.00039778229812955436,0.0008055503369212137,-0.00036746358221202534,1.2466329152312535e-05
ViTscratch,400,54,0.21308139,0,0.0,True,-0.005448859636488668,-0.0034673173624250038,-0.0024519345345142144,-0.0022589629648757225,-0.0017585181227008583
ViTscratch,400,54,0.22580546,0,1.0,False,0.0005012794373410429,0.0010288723183630036,0.0014112356371226242,0.0005094362882402866,0.000977328048630446
ViTscratch,400,54,0.18706478,0,0.0,True,-0.0015166224121326054,0.00014385063950442278,-0.0014367128439200718,-0.0013400027696382551,-0.0006425592543985574
ViTscratch,400,54,0.23269339,0,0.0,True,0.004135169402024359,0.002377489610542084,0.001586924244318354,0.0014212131519112283,0.0008990705373331944
ViTscratch,400,54,0.40671676,0,1.0,False,0.002330825787806206,0.0019821011206431678,0.001959091478700426,0.0015051075734794793,0.0017081880902001464
ViTscratch,400,54,0.3122014,0,1.0,False,0.004323334928156439,0.0026788589855621984,0.0008166639836645134,0.002028405986891953,0.0024056526273304422
ViTscratch,400,54,0.1624905,0,0.0,True,0.0010447798738604773,-0.0002526686095492596,0.00059955665819082,0.00045476616556032316,0.0004963692888847835
ViTscratch,400,54,0.23102824,0,0.0,True,-0.0007351323383845212,-0.001049291580730904,-1.2407139874337e-05,-0.0006871225901656856,-0.0008387670465627593
ViTscratch,400,54,0.14622788,0,0.0,True,0.0026422355517995858,0.003624112952857857,0.0011663467497011796,0.00020867641038383654,5.849988737121821e-05
ViTscratch,400,54,0.47683683,0,1.0,False,0.004700498442657709,0.002579739518017216,0.0018228829488264153,0.0015009575614991944,0.00215940837639316
ViTscratch,400,54,0.1662547,0,0.0,True,0.0006276353379447641,0.0001980707780294068,0.0009595419500050026,0.0003979478459624363,-7.79473241359261e-05
ViTscratch,400,54,0.6881886,1,1.0,True,0.004706613525727195,0.0035462890853256014,0.0037140589877881066,0.002740885007503801,0.0015525071165748176
ViTscratch,400,54,0.18895474,0,0.0,True,-0.0018974696069426077,-0.002150682851470887,-0.0012739897667337588,-0.0014297537546520997,-0.000546858729093427
ViTscratch,400,54,0.26303312,0,1.0,False,-0.0013285716672413355,-0.00022608026038939446,0.0008331314871768297,0.001751375627073387,0.0022944734348860625
ViTscratch,400,54,0.2351511,0,0.0,True,1.0901151617883107e-05,0.0001866475772796694,-4.7588953837183797e-05,-0.0005863603298367413,-0.00017526968184584476
ViTscratch,400,54,0.13896352,0,0.0,True,0.0004544289061121785,-0.0029576898023450085,-0.0018350043574090749,-0.0015751085995633519,-0.0013466574786259304
ViTscratch,400,54,0.24815512,0,0.0,True,-0.002910373700798173,-0.00029178749825766126,-0.0005560178997656878,-0.0004999782720710069,-2.5867806339518855e-05
ViTscratch,400,54,0.5778006,1,1.0,True,-0.001308406585602871,0.0013815500128368987,0.0022351640433009535,0.0037774121291844136,0.004011926493334436
ViTscratch,400,54,0.66268945,1,0.0,False,-0.0005639793343185525,0.0006146665431296951,0.0018674971539357577,0.0021192940564166807,0.0016521614670304793
ViTscratch,400,54,0.16907726,0,0.0,True,0.0014872999081765417,0.0013319262494755557,0.0007956065210326562,0.0017191180984369742,0.0014217734697096647
ViTscratch,400,54,0.17339942,0,0.0,True,-0.0015587133858511928,-0.0003185953330748159,-0.0003815609359881373,0.0007000341425012022,0.0009180236691747354
ViTscratch,400,54,0.18344468,0,0.0,True,-0.003882072230459888,-0.0010452390396031412,-0.0008228514554298694,-0.00028095003732587,-3.0624343653896806e-05
ViTscratch,400,54,0.34078982,0,1.0,False,0.007355728506608354,0.0037388895836662005,0.0020978577767380305,0.0015753363681879737,0.0014280576348166378
ViTscratch,400,54,0.34923458,0,1.0,False,0.006403381555212363,0.004316706607711598,0.0037403465283914385,0.002922409167684429,0.003061503691995123
ViTscratch,400,54,0.30520543,0,1.0,False,0.0004580526442326547,-0.0011611972063731994,0.00010144129182269616,0.000904399691118296,0.0012419261390295734
ViTscratch,400,54,0.32413515,0,1.0,False,-0.001576340001610506,0.001458159923935657,0.0013259256686666849,0.0015277779009378039,0.0011837713592267951
ViTscratch,400,54,0.20130682,0,0.0,True,0.0018856757891509961,0.0004768810714252631,0.0007519594415378621,0.0002172569001330746,0.0005984638222371561
ViTscratch,400,54,0.16463521,0,0.0,True,-0.0029347955036907016,-0.00041000467627657234,-0.0002032086771081888,9.226480346359451e-05,-0.0009615911796446357
ViTscratch,400,54,0.31424028,0,1.0,False,0.004008029473252864,0.0047973299640000616,0.0034529671718883854,0.0029573569882599023,0.003585111045220058
ViTscratch,400,54,0.3499229,0,1.0,False,0.004338294765299051,0.004581271854096977,0.001940254142186723,0.0028755935625976985,0.0029357832123914525
ViTscratch,400,54,0.2471486,0,1.0,False,0.003581116505247355,0.0018285956111716015,0.0024164047459035907,0.002215747814863815,0.0025774146425790703
ViTscratch,400,54,0.16071878,0,0.0,True,-3.103371789848334e-05,-0.0003760803381524256,-0.00019863164022648695,0.0008052946373683307,0.0006765625003387731
ViTscratch,400,54,0.18802948,0,0.0,True,-0.005050121629513835,-0.002170639959007016,-0.0008877730909819739,-0.0014999978766621796,-0.0011788383745298364
ViTscratch,400,54,0.4574227,0,1.0,False,0.003958080680909591,0.00398815500661047,0.00464641458536702,0.0040359279406233795,0.00360777009189667
ViTscratch,400,54,0.3540393,0,1.0,False,0.00015720313700802086,0.000854036901012068,0.0016064221468833437,0.0020349280021442545,0.0021499813644497304
ViTscratch,400,54,0.13770963,0,0.0,True,-0.0006662929298709124,-0.002599400293810046,-0.0008271018235389158,-0.00039826329178282207,-0.00032441185661361504
ViTscratch,400,53,0.6059753,1,1.0,True,0.0007812811679813478,0.0019114950382437058,0.002127299121347967,0.002023021340237546,0.0019665526606347924
ViTscratch,400,53,0.10731403,0,0.0,True,-0.001332332077432026,-0.001728845175630812,-0.0025033849028898696,-0.0008428817610077032,-0.0011142300419041263
ViTscratch,400,53,0.20759216,0,0.0,True,-0.0012555333280310215,0.0007441207495841459,0.001245487718609742,0.0012241194314840922,0.0008718558840783257
ViTscratch,400,53,0.38988093,0,1.0,False,0.0009174924729246055,0.0016590262714768322,0.0008197885948914268,0.001626471840727205,0.0006744152252978198
ViTscratch,400,53,0.13074037,0,0.0,True,0.0012897807285508502,-0.0012870460728986134,-0.0010310252527397723,0.0007664395510242256,3.43764997695244e-05
ViTscratch,400,53,0.24290876,0,0.0,True,0.0004404819747772232,0.001438701360986484,0.0005679738247631968,0.0004404080350001848,0.0008022122323078689
ViTscratch,400,53,0.4975932,0,1.0,False,-0.0006494087258870992,0.0019914725089344907,0.0020969451080756767,0.0022955420521006764,0.001973283150622667
ViTscratch,400,53,0.14176308,0,0.0,True,-0.003714774380799051,-0.0015418653436154697,-0.00041049252996777327,-0.0012241419293851387,-0.0009484743447196886
ViTscratch,400,53,0.1139329,0,0.0,True,-0.003952200860262119,-0.0009267578649360699,-0.0003603521829274609,0.0002532956879760219,0.00016170375809441455
ViTscratch,400,53,0.19670373,0,0.0,True,-0.0009554112789262049,-0.0014210398545028713,-0.00033408663093519004,-0.00016376764057854113,-0.0003713794280498673
ViTscratch,400,53,0.29793185,0,1.0,False,0.0010979727171551172,0.0034966182710793755,0.0027853646156075864,0.0021437750495645396,0.0020232473754042183
ViTscratch,400,53,0.18975817,0,0.0,True,0.0024598388608747888,0.002268793249106564,0.001951410315790294,0.0008533666099330835,0.0014000873031644846
ViTscratch,400,53,0.5261099,1,1.0,True,0.0036967544335757318,0.0031618669771606082,0.002286458851924094,0.0031195344644060104,0.0026877071100307667
ViTscratch,400,53,0.1048018,0,0.0,True,-0.0023057569403709963,-0.0011794115927316713,-0.0016415352425572082,-0.0009654085631268105,-0.0015667522323092532
ViTscratch,400,53,0.23218212,0,0.0,True,-0.0019152268296430486,0.00014048976604421487,0.0006516785475321769,0.0007607669984049484,0.0006556990313703801
ViTscratch,400,53,0.7104689,1,0.0,False,0.0025310401064561217,0.0014802754641776268,0.0014276812614458668,0.0007921464244598739,0.0009190902801608572
ViTscratch,400,53,0.20056571,0,1.0,False,-0.001798565640428219,-0.0010342403658585323,0.0010621298100512299,0.001957177348279351,0.0019252874925741006
ViTscratch,400,53,0.15377897,0,0.0,True,0.0005928413272051928,-0.0012823872269474522,-0.0021573902934605973,-0.001326795263191147,9.919119297778343e-05
ViTscratch,400,53,0.18777733,0,0.0,True,0.003763185514520933,0.0029525842582934386,0.001582737459387289,0.0006801615771270683,0.0006060212638487678
ViTscratch,400,53,0.43557137,0,1.0,False,0.0022302943309749973,0.001109993801908952,0.000677968660250074,0.0009964349158381892,0.001112908214169312
ViTscratch,400,53,0.5908343,1,1.0,True,1.1342979140270501e-05,0.0019191510469371688,0.0007361457783865419,0.0010274108875506231,0.0008835226676645879
ViTscratch,400,53,0.35128656,0,0.0,True,0.0028756868743084075,0.00226999575119097,0.002539231188277541,0.0022735908489315863,0.0012159606400807964
ViTscratch,400,53,0.23959188,0,1.0,False,-0.0005707234829526373,0.0012917900478135514,0.0006807703630770501,0.0007335575318267335,0.00036766740548104155
ViTscratch,400,53,0.19510019,0,1.0,False,0.00040518605410012627,0.00028570866914478745,0.001054199968994622,0.0019154027820715484,0.0021779084646904737
ViTscratch,400,53,0.23101307,0,0.0,True,-0.0025692032128262453,0.0004577133380535648,-0.00015514344267414276,0.00016020419887437468,7.28990041600777e-05
ViTscratch,400,53,0.203637,0,0.0,True,0.0018346229232649085,0.00511158447806597,0.0031788956699991522,0.002416374596528594,0.001999361754208948
ViTscratch,400,53,0.3753608,0,1.0,False,0.0037282468600687933,0.0029811688315731946,0.0022525888506767684,0.0008861251937417724,0.001454952419807586
ViTscratch,400,53,0.503485,1,1.0,True,0.003303694077082593,0.0027997956768709784,0.0029018811157467948,0.002791391830515577,0.0024568607872803394
ViTscratch,400,53,0.3324641,0,1.0,False,0.004114617256792872,0.002400943548072688,0.0021907235653542963,0.0025050903679303444,0.0030053245414043694
ViTscratch,400,53,0.323152,0,0.0,True,-0.0011007301841909226,-0.0009331622486065765,-0.0008065365742098128,-0.00024669745968034916,-0.0005547091745586796
ViTscratch,400,53,0.33732104,0,0.0,True,0.0005660874313737596,0.00028489676321777607,0.0014017959568394585,0.000590584615590927,-0.0003984032633366034
ViTscratch,400,53,0.8962142,1,1.0,True,0.000184737568616435,-0.0002417275828653337,-4.112145919633099e-05,0.0006819233050388841,0.0014345570024734983
ViTscratch,400,53,0.14018728,0,1.0,False,0.004906304755671834,0.0011425274493000392,0.0006894158101881676,0.00025195322905241936,0.0008479204752101378
ViTscratch,400,53,0.29555005,0,1.0,False,-0.003997548758064559,0.0006774901815137528,0.0012897191067105602,0.00244960011826265,0.0022165248994315593
ViTscratch,400,53,0.37513143,0,1.0,False,0.00030625266171965424,0.0015678655594092432,0.0016933010715024558,0.0024743635871535157,0.002897703232847543
ViTscratch,400,53,0.17947347,0,0.0,True,-0.0006662516066937822,0.0004554455907088936,-0.00018577947473576802,-0.0001551986067889119,-0.00013659312387469627
ViTscratch,400,53,0.43998075,0,1.0,False,0.0030029998979190353,0.0014887267537380447,0.0021396175249176154,0.0021996160549347743,0.00230481639459351
ViTscratch,400,53,0.99772686,1,1.0,True,0.007264328408594094,0.005598388698043322,0.007048193426440028,0.006741634459220036,0.005948561484301179
ViTscratch,400,53,0.3749783,0,1.0,False,0.0013099782407703356,-0.0002941132626784397,0.00017857995823404504,0.0009000618613106864,0.001185968014838496
ViTscratch,400,53,0.12492439,0,0.0,True,-0.00238215853521456,-0.00029589321931725905,-0.00022713193671599065,0.00020025960873120663,-0.0006862119061116129
ViTscratch,400,53,0.23181662,0,0.0,True,-0.004419576958947234,-0.0016149509170440093,-0.0007420932224084678,0.00011030855760003251,-0.0003519080784023731
ViTscratch,400,53,0.6964422,1,1.0,True,0.002505392229664282,0.0034748127449952546,0.0031902832481625685,0.00282323818236963,0.002858211625398091
ViTscratch,400,53,0.22008073,0,1.0,False,-0.00217935005127426,0.0003957356283026396,4.678269893493133e-05,-0.0005431670557089384,-0.0005506798793149193
ViTscratch,400,53,0.35961708,0,0.0,True,0.002271374417005254,-0.00020368169680194792,-0.0010349998635023612,-0.001389600848594094,-0.0012307721612775714
ViTscratch,400,53,0.13535944,0,0.0,True,0.002230273099462328,0.002634569921801998,0.001750159813342654,0.0016129242143241842,0.0010349840473393422
ViTscratch,400,53,0.19632937,0,0.0,True,-0.0008902641919416488,-0.00044596699373001115,-0.001474569465442489,-0.0007992593580013415,-0.0005194312462410177
ViTscratch,400,53,0.29803774,0,0.0,True,-0.0014536215638054548,-0.0011982393474310677,-0.0005318264376967701,-0.0002830245447479219,-0.00029975455365960753
ViTscratch,400,53,0.18138856,0,0.0,True,-0.001127951573015984,-0.001763026084855697,-0.001231367600591083,-0.001415348428098399,-0.001191721600646129
ViTscratch,400,53,0.36902627,0,1.0,False,0.00039555481608431373,0.0018068647372266474,0.001920274941103479,0.0022015796685776394,0.0021328387200920448
ViTscratch,400,53,0.4203842,0,1.0,False,0.0006897249037731392,0.0017577152603429273,0.0012288532819384075,0.0016689334015543768,0.002138432703625807
ViTscratch,400,53,0.32988116,0,1.0,False,0.0023557831808341924,0.0015306652176576897,0.0017963803841433796,0.0012609024722459552,0.0016926149357666992
ViTscratch,400,53,0.4382491,0,1.0,False,-0.0010022056939028516,0.003168533079845097,0.002893738894187488,0.0020151196220088165,0.0025154050238372183
ViTscratch,400,53,0.42489514,0,1.0,False,0.006872653193801813,0.005175415453535565,0.004525188675607949,0.002466736758444278,0.002557474864585823
ViTscratch,400,53,0.5212863,1,1.0,True,0.003595918532724965,0.0004197550196781932,0.0007196814140338863,0.0008106761635521807,0.001850741752631803
ViTscratch,400,53,0.628109,1,1.0,True,0.004935749563471975,0.0026898770178052193,0.004156714982772569,0.0035674258425421996,0.0026202152119473195
ViTscratch,400,53,0.8592688,1,1.0,True,0.006967205163927261,0.005131467654508371,0.00423762965624082,0.0038991724719358856,0.004206403351756043
ViTscratch,400,53,0.6964676,1,1.0,True,-0.0016870448743617323,-0.0003905911194318762,0.00035977124412280085,0.002410254228193103,0.002433760701731762
ViTscratch,400,53,0.35588104,0,1.0,False,0.0011570622548307398,0.00115207594133573,0.001150724365944488,0.0016761636796522536,0.0010712128814562973
ViTscratch,400,53,0.27586085,0,1.0,False,0.004539065274019696,0.003233472868267687,0.001903777751202679,0.0017857593815498026,0.0012371483683592552
ViTscratch,400,53,0.5504147,1,1.0,True,0.00027225341342995295,0.001559108288653344,0.0022793487251283606,0.002528541903179251,0.0010373839152808704
ViTscratch,400,53,0.13440005,0,0.0,True,-0.002393325008317254,-0.0020257530026194658,-0.00016270514967312754,-0.0002196936463339685,-0.0003273868652335017
ViTscratch,400,53,0.5044425,1,1.0,True,0.0014861237633492668,0.0012374322202455658,0.0007738160567566088,0.0008161112414438115,0.0006708670143936611
ViTscratch,400,53,0.32316056,0,1.0,False,0.004309916871304072,0.001291574620706094,0.001196858222520911,0.001722460602931468,0.0009185294194641179
ViTscratch,400,53,0.19502217,0,0.0,True,-0.001184681592420855,-0.0011797561307415763,0.0005587311136924104,0.0007135717419696976,-0.0001350580414761015
ViTscratch,400,53,0.51227957,1,1.0,True,0.0016459014805840291,0.003336390059582152,0.0036279518387701253,0.004260998372391493,0.003463299253333678
ViTscratch,400,53,0.4757694,0,0.0,True,-0.0007895794746990679,-0.0017441213330221354,0.00019673457083072636,-0.0002485230586423062,3.516655473702926e-05
ViTscratch,400,53,0.20533198,0,1.0,False,0.005269602309852582,0.0039122710091436365,0.0028553741411761575,0.003025395440538204,0.0026779719532169957
ViTscratch,400,53,0.36066896,0,1.0,False,0.00017596796490989837,0.0011041940170151744,0.0012814622611946524,0.0016352288952931526,0.0019449055180229388
ViTscratch,400,53,0.24884622,0,0.0,True,0.0018420278120570243,0.002408992955997784,0.0035175360635650702,0.003575415200789859,0.0020906025712801556
ViTscratch,400,53,0.16125748,0,0.0,True,-0.0009322281963512196,-0.0010149727696381833,-0.0018140703618653214,-0.0020490940050668168,-0.00115373110811367
ViTscratch,400,53,0.22682291,0,1.0,False,0.0004017958307230667,0.003414886238849823,0.0031228671603839107,0.003259386677182163,0.0027186504424625856
ViTscratch,400,53,0.28487346,0,1.0,False,0.0014233818819288195,0.001982856117458764,0.001468440476128644,0.002060340856517844,0.0017852401573477024
ViTscratch,400,53,0.98727787,1,1.0,True,0.0006562407324912229,0.0022628115057653922,0.0026301462253047925,0.0031522462229462145,0.00455092779858723
ViTscratch,400,53,0.49448234,0,1.0,False,0.006127328764421618,0.002382936856805183,0.0031684890899158834,0.0039166546061902225,0.0038316754888522418
ViTscratch,400,53,0.34334844,0,1.0,False,-0.00011357443361097016,0.001360527587856432,0.0004760337339588512,0.0007031760485829537,0.0012078000019713861
ViTscratch,400,53,0.46337125,0,0.0,True,0.004219496924670482,0.003917283378209693,0.0027020573527640054,0.0014058479700740578,0.0014960104816608036
ViTscratch,400,53,0.4948675,0,1.0,False,0.0034917975793161407,0.0043929356464056215,0.00544740889747231,0.004580156613604124,0.004108547766064654
ViTscratch,400,53,0.30515245,0,1.0,False,0.006175979434788763,0.004012986758199212,0.0035573124428118917,0.0023059218549924564,0.002224428808492243
ViTscratch,400,53,0.6542794,1,1.0,True,0.005170237812431269,0.005722504205966862,0.003729988772552844,0.002214885961166906,0.0018941385916127265
ViTscratch,400,53,0.17351517,0,0.0,True,-0.0033582156679493147,-0.0020135555214441563,-0.002097259455091308,-0.0004012455337512864,0.00032660416770468085
ViTscratch,400,53,0.40933013,0,0.0,True,0.0016381805253944152,0.0010700363859163667,0.0009312832025744288,0.0017209844662189337,0.0008872413149923124
ViTscratch,400,53,0.9474145,1,1.0,True,0.003558314386424216,0.0024027552551440707,0.002680493901690591,0.002743395554418258,0.002662007094085186
ViTscratch,400,53,0.18042117,0,1.0,False,-0.0012316729080571905,-0.0013084716305633273,0.00042694045627581894,0.0013694936451115825,0.0011155345944676952
ViTscratch,400,53,0.17434764,0,0.0,True,-0.005335719399643911,-0.0016221680789957628,-0.0012871869161306848,-0.0014062473559469928,-0.001571785163095076
ViTscratch,400,53,0.30120024,0,1.0,False,0.001378446114585791,0.0015558384553334655,0.002181745915302538,0.003094343865916203,0.002440811142889957
ViTscratch,400,53,0.230263,0,0.0,True,0.005420446754753133,0.002171218724699018,0.0022929577968294223,0.0021506357431051305,0.0018039820276280396
ViTscratch,400,53,0.27124995,0,0.0,True,-0.0006673164406057766,-0.00016628311887396526,6.366364838946185e-05,-0.0004247524353292667,7.98076874215674e-05
ViTscratch,400,53,0.28373373,0,0.0,True,0.00027806004058310557,0.0031514658815614996,0.0012544428257087097,0.0013860994210417176,0.0004508392695815854
ViTscratch,400,53,0.22140062,0,0.0,True,-0.0009400964950495009,-0.001116977757185737,-0.0023202416214277853,-0.003185931597018199,-0.00259241514054039
ViTscratch,400,53,0.10178738,0,0.0,True,0.003998299505105917,0.002359615925891271,0.002149202030876018,0.0017369835098286757,0.001240551509362854
ViTscratch,400,53,0.25570613,0,0.0,True,6.438532810216066e-05,0.001544490808016177,0.001763764741909912,0.0015916956420842143,0.0011915525744419953
ViTscratch,400,53,0.26118624,0,0.0,True,-0.0019099155921788818,-0.0018621012808833915,-0.0007293692185037472,-0.0009294124008747029,-0.0014431838812994785
ViTscratch,400,53,0.14236142,0,0.0,True,-0.0009900123251229383,-0.00015059986895021616,-0.0008794220820053526,-0.0015251756324079278,-0.0015793581513354746
ViTscratch,400,53,0.29745445,0,0.0,True,0.0007378712938290337,-0.0005785497966537219,-0.000528999182799817,-0.0006586628095553148,-0.0012357139133502989
ViTscratch,400,53,0.28701377,0,0.0,True,-0.0005666694816129294,-0.00039193831567436955,-0.0004843462658286006,0.00041245509802725016,0.00010330131264541206
ViTscratch,400,53,0.7161167,1,1.0,True,0.0044123221527365974,0.004028698967995444,0.003967072156398426,0.004435226212963335,0.004079508542738737
ViTscratch,400,53,0.21882123,0,1.0,False,-0.0017074839921892664,0.0021617621525435978,0.00249792534755601,0.0033223930504658462,0.0025681062727423293
ViTscratch,400,53,0.31391135,0,0.0,True,0.0016997869116722113,0.0023171587760730888,0.0008337850299650733,0.00019141046131392235,-0.0003156231350931847
ViTscratch,400,53,0.3592439,0,0.0,True,0.00046236111507185455,0.00018821342594503964,0.0015622312120360203,0.0008656208395085747,0.00031092658367635296
ViTscratch,400,53,0.22144938,0,0.0,True,-0.0021066583889920148,-0.00041521154370532546,-3.0485459213423147e-05,0.0008131580503732603,0.0001903875686306639
ViTscratch,400,52,0.3110222,0,1.0,False,0.004713419701377981,0.0041051410456634015,0.003943223931613563,0.0023961719436291383,0.0012200629139625238
ViTscratch,400,52,0.2323905,0,0.0,True,0.00287012895359295,0.0027295617593107863,0.0015835906241993317,0.0016298308572039698,0.0014166842209209927
ViTscratch,400,52,0.19157393,0,1.0,False,-0.0007521812657340246,-0.0008409484536465884,0.000531521070907321,0.00014432236312603397,0.0004933962190704682
ViTscratch,400,52,0.18518646,0,1.0,False,0.0006139654962677469,0.0033751003676507187,0.0028810066519181178,0.0020533896845601057,0.002385330991950385
ViTscratch,400,52,0.19943818,0,0.0,True,-0.0006597262170350989,-0.0028066280258321205,-0.0020186288209420753,-0.0008292460280097388,-0.0003459518465225115
ViTscratch,400,52,0.202495,0,0.0,True,-0.00045116803809790645,-0.0012108270496918277,-0.0025502724973194657,-0.0019245474983654537,-0.0015315006154143626
ViTscratch,400,52,0.2800096,0,0.0,True,-0.003175542665238805,-0.002482426706569447,-0.0006567970634387668,-0.0010350362977988258,-0.001190138069563946
ViTscratch,400,52,0.14206904,0,1.0,False,0.00033008124555643844,-0.00023410229388719136,-6.680118521417913e-05,0.0006775373050468176,0.0009766274593373645
ViTscratch,400,52,0.21611443,0,1.0,False,-0.00041405787435160794,0.0006769626377833242,0.0014860881046842925,0.0011913577947141696,0.0015990444361647115
ViTscratch,400,52,0.16226868,0,0.0,True,-0.0014920226090254843,0.0003318572763906605,-8.435837893424571e-05,0.00027301501751037893,0.00015061289237269007
ViTscratch,400,52,0.22006549,0,0.0,True,-0.0007425838156933985,-0.0007182881412553307,-0.00040067583931936544,-0.0002511180887401501,-2.012605412631267e-05
ViTscratch,400,52,0.48795614,0,1.0,False,0.0008428179121336102,0.001659510105758929,0.0021183596337917246,0.0032679561546470914,0.0023616528324848984
ViTscratch,400,52,0.51189846,1,1.0,True,0.006354806326364146,0.0041919040041488356,0.0030667337149166275,0.002426149120500594,0.002251157762186274
ViTscratch,400,52,0.29079607,0,0.0,True,0.0024934523777936464,0.0031364992157585678,0.001289509116362047,0.0014368022460130388,0.0020323978632803114
ViTscratch,400,52,0.25286046,0,0.0,True,0.004966207720731247,0.001189934334750602,0.0021901258468661187,0.0012936110747148832,0.0006088972071020997
ViTscratch,400,52,0.2041153,0,1.0,False,0.00041278683662128446,0.0025468328207485197,0.0011633391194838217,0.002584337274992676,0.0027324063141782725
ViTscratch,400,52,0.18375579,0,0.0,True,-0.002030527949047449,-0.002070739867180668,-0.0016169052387094143,-0.0009721894065972821,-0.0011516217747926142
ViTscratch,400,52,0.34143096,0,0.0,True,-0.0029815271496788183,-0.0012533525226883506,0.0003111847981727693,-0.00019400501041259087,0.00012695759534710917
ViTscratch,400,52,0.3751396,0,1.0,False,0.004705653609598819,0.0027354724461754465,0.002029227146619841,0.0013520719540947867,0.0010868363453913552
ViTscratch,400,52,0.24943373,0,0.0,True,-4.3646145362467663e-05,0.0021453182491128113,0.0007469673792584462,0.000659858804554648,-3.46416228978348e-05
ViTscratch,400,52,0.23633455,0,1.0,False,-0.0030577873523963384,-0.002402497272525009,0.00010538012731023353,0.0017904005859130572,0.0014928718878252228
ViTscratch,400,52,0.24826011,0,1.0,False,0.002465137680095599,0.0025185897481321204,0.001922902163967422,0.002433663822703371,0.001961287442124821
ViTscratch,400,52,0.46746588,0,1.0,False,-0.0020689388285537254,-0.0011053802497328982,8.253740071042643e-05,0.0007598345646022457,0.00028850776906029534
ViTscratch,400,52,0.20288266,0,0.0,True,-0.0010788299575653997,0.0023201103137040083,0.0013851160824572698,0.0009959060683456485,0.000835294877440475
ViTscratch,400,52,0.8321672,1,1.0,True,0.002869011155551497,0.0006077798654006655,-2.5960150807145958e-05,-0.00042223072902468876,-0.0007137254428662395
ViTscratch,400,52,0.39755893,0,1.0,False,0.001213543892810323,0.0010396063792925947,0.0008064188199535283,0.00016250180437328823,0.0009392073047619113
ViTscratch,400,52,0.24842681,0,1.0,False,0.0012704097030363792,0.0030154767634865257,0.0017838030207243262,0.002120278737182142,0.0023615815286477434
ViTscratch,400,52,0.25722045,0,0.0,True,0.0003342364275470598,0.001971922275598076,0.0017211584758056095,0.0005715041618588829,0.0002530348751687297
ViTscratch,400,52,0.44824722,0,0.0,True,0.00018771491273982853,0.000778077770013054,0.0011313083378239656,0.00041311297722024346,0.0006584212589738769
ViTscratch,400,52,0.1781905,0,0.0,True,-0.0027280907088722086,-0.0025935197220541646,-0.0009428968026381571,-0.0013078922033193606,-0.00059340822404156
ViTscratch,400,52,0.13627629,0,1.0,False,0.0013711235329679427,0.0009283000255844165,0.000467286066779806,0.0018718083914508355,0.0011814095237959426
ViTscratch,400,52,0.42202255,0,1.0,False,0.003340411234528752,0.004322999235282108,0.003771911037269896,0.003494795705282617,0.002052725356462265
ViTscratch,400,52,0.12762807,0,0.0,True,-0.0015026473912090953,-0.0009901118457687089,-0.0015313537883203012,-0.0014986221853404537,-0.001434504503862162
ViTscratch,400,52,0.12723438,0,0.0,True,-0.00225705194262989,-0.0034015297284836848,-0.0029368338634015176,-0.002004512482310174,-0.0011776478497589526
ViTscratch,400,52,0.3072163,0,0.0,True,-0.00024867258274417303,-0.0008822840211274937,-0.0012076014278289465,-0.0002834758715884478,-0.0010351442775594203
ViTscratch,400,52,0.14523873,0,0.0,True,-0.0016297573742487716,-0.0007034166531420749,-0.00032324318580955277,-9.826137603308031e-05,7.487192436379716e-05
ViTscratch,400,52,0.24969353,0,0.0,True,0.0004237924029767719,-0.0007990518552431655,-0.0005760532985666974,-0.000637536100799657,-5.523439143341385e-05
ViTscratch,400,52,0.38612336,0,0.0,True,0.0015260218866903273,0.0005428841679919339,0.0005707552495929192,0.0017107933417113486,0.0011808478561715584
ViTscratch,400,52,0.16839328,0,0.0,True,0.001278099402208615,-0.0004204896203447741,-0.000481744608586569,-0.0010536275055685806,-0.0003150159684294972
ViTscratch,400,52,0.24030678,0,0.0,True,0.00023300799474737003,-0.0007768553439395121,0.0005855243737704983,0.0013501800242620647,0.0004054026788249162
ViTscratch,400,52,0.27800274,0,0.0,True,0.0017163299615472949,0.0015114877125587396,0.0015866842613801078,0.0018140403128980608,0.0016620815921998624
ViTscratch,400,52,0.36873287,0,1.0,False,0.002969615128123067,0.003180327441850425,0.0034920572820585577,0.0017542706703992683,0.0018811163224959726
ViTscratch,400,52,0.59935075,1,1.0,True,0.001327965214077723,0.004353418606609546,0.003169569945022009,0.0026914002661960514,0.002027347909233417
ViTscratch,400,52,0.20880261,0,0.0,True,0.002980285487955505,0.003705449300496949,0.0017231267231068799,0.00025585068910589486,0.0006204188316999505
ViTscratch,400,52,0.3907483,0,1.0,False,-0.0008226119362441644,-0.0013189931471030598,-0.0010383073719049294,-0.0003482840141773174,0.000592501229109587
ViTscratch,400,52,0.18063423,0,1.0,False,0.004511078195422406,0.0028103573525323174,0.0017376562133097657,0.0015784453631662013,0.002224042747454163
ViTscratch,400,52,0.19744638,0,1.0,False,-0.0001642964433920389,0.0007378674372928065,0.0012415825410650627,0.0012155104840672881,0.0010038476982226442
ViTscratch,400,52,0.43509424,0,0.0,True,0.001339616998730162,0.002181949876136043,0.0010373299611989436,0.0001843422310612415,4.1647453006738705e-05
ViTscratch,400,52,0.5935091,1,0.0,False,0.002602399020595094,0.00022774201519796603,0.0013189411041215925,0.0016183394199308474,0.0015876677186802582
ViTscratch,400,52,0.2102064,0,1.0,False,-0.0017336567219684194,0.0008059011026909848,0.0010063722890043206,0.0011480475259835446,0.002440679397283824
ViTscratch,400,52,0.25843516,0,0.0,True,-0.0006920707853957812,-0.00012780221408595913,0.0005173383601594658,0.000686647490965295,0.0004360027176033633
ViTscratch,400,52,0.2218323,0,0.0,True,-0.001423479368799932,-0.0014625400658970786,-0.0015312748160336111,-0.0004913195327930733,-0.0006922010515550584
ViTscratch,400,52,0.25928557,0,0.0,True,0.001779180784905553,0.0015174756765603133,0.002131477274678373,0.0025319021183014523,0.0028819740791248168
ViTscratch,400,52,0.15267019,0,0.0,True,0.0020946387768393583,0.0004342169067874708,0.00023150340537169247,0.0005985132840512084,0.0007063181970282033
ViTscratch,400,52,0.7865893,1,1.0,True,0.003769065889436892,0.0008566450035711122,0.002359055151442311,0.00347849343328602,0.003506391646426223
ViTscratch,400,52,0.16951226,0,0.0,True,0.0019233658838697717,-0.0003074907165350415,-0.0006595608340262383,-0.0010345160193970327,-0.0004166625519207192
ViTscratch,400,52,0.60228616,1,1.0,True,-0.00017110765647801525,-0.00020297115305913823,-0.000423201964319479,-0.0007065609698878897,-0.0007792068105998493
ViTscratch,400,52,0.1450268,0,0.0,True,-0.004360915623828472,-0.0005834544932392498,-0.0012102538551106322,-0.001757903155247245,-0.0021839212680716106
ViTscratch,400,52,0.3661373,0,0.0,True,0.002111685140901842,-0.0003636208903238748,0.0003292051945571959,0.000705002761324437,0.0013468874238180364
ViTscratch,400,52,0.15915333,0,1.0,False,0.00030646586012658667,0.0008683877975928667,0.0010835746326066946,0.0014658531118180798,0.0010871698232398886
ViTscratch,400,52,0.166643,0,0.0,True,-0.00132041358310002,-0.0009705969761607929,0.0003766639967402765,0.0003730684102751833,0.0017363688688037055
ViTscratch,400,52,0.26691306,0,0.0,True,-0.005363742181614468,-0.005270096100534428,-0.002801829450896929,-0.0022676288666858575,-0.002161539014950825
ViTscratch,400,52,0.17820425,0,1.0,False,0.0061240961367059425,0.002524189511984824,0.002390415968078941,0.0021835540078666317,0.002080552436308587
ViTscratch,400,52,0.43861783,0,1.0,False,0.0028869940617254246,0.0010087491824985735,0.002634786042186279,0.0014673261024240785,0.0008137742405210249
ViTscratch,400,52,0.82672316,1,1.0,True,-0.0008636632649414858,0.001061833181948064,0.0014087106172559775,0.0010868530937042796,0.0013899963209531873
ViTscratch,400,52,0.24930546,0,0.0,True,0.0010051171529173594,0.0007806727092971097,-0.000856026367116245,-0.0017272160325154135,-0.0010933733032913984
ViTscratch,400,52,0.48800108,0,1.0,False,0.00022747639697875797,-0.0010073028946284168,0.0006563878240680569,0.0019497328556508224,0.00231565443415693
ViTscratch,400,52,0.18219799,0,0.0,True,0.0005157960390613096,-0.0034674754568608007,-0.0027454918862066693,-0.0017625979768060428,-0.0017290369737537282
ViTscratch,400,52,0.37635642,0,1.0,False,0.000991806031971974,0.003389638178433346,0.003134800307532227,0.0039089003589770225,0.002492157537002286
ViTscratch,400,52,0.18533969,0,0.0,True,0.0029438744550896083,0.0014230452523046671,0.0002042215704116936,-0.0004757062626519189,-0.0001418114818837536
ViTscratch,400,52,0.8192844,1,1.0,True,0.006617671988440008,0.0024548113483682243,0.0026538156905250546,0.0028805549339950935,0.0025569105757692876
ViTscratch,400,52,0.809113,1,1.0,True,0.004849636291405396,0.003801763174628005,0.00445980495914893,0.0032484377973729327,0.0024685191149655095
ViTscratch,400,52,0.25358644,0,0.0,True,0.004229009141447965,0.0013172333862624711,0.0007896759725559178,0.0011137579167015167,0.0002738416628789077
ViTscratch,400,52,0.39609194,0,0.0,True,-0.00040251081063006917,0.0011404130899273644,0.0009032912983293433,0.0009044648566248347,0.0015177141157705582
ViTscratch,400,52,0.2703317,0,0.0,True,0.0037257743164587384,0.003178292606757867,0.002453602228370513,0.00192199911772136,0.0013289021856935591
ViTscratch,400,52,0.12910052,0,0.0,True,-0.002727450240636032,-0.0008490401743590267,-0.0021362695490357428,-0.0007203555413423378,-0.0008365215838022621
ViTscratch,400,52,0.32619464,0,0.0,True,-0.0015828758601630557,-0.0023876517147898013,-0.001996740660270157,-0.0009060105991191543,0.0006286265171446368
ViTscratch,400,52,0.20574728,0,0.0,True,-0.0015448245933490589,-0.0008942752800029002,-0.000694461905971179,-0.0005600700513149803,-0.00016221829679149334
ViTscratch,400,52,0.7677324,1,1.0,True,0.002819421389561316,0.0027226169224485175,0.00466907901410242,0.0035219241617788213,0.003853804253970083
ViTscratch,400,52,0.87353843,1,1.0,True,0.002408554707935582,0.0027384195054624095,0.0012852812724888918,0.002098095881322686,0.0017671426541564597
ViTscratch,400,52,0.3273079,0,1.0,False,0.0010736934057463303,0.002831310091413478,0.004066165058257147,0.0029799115496819796,0.0033456749393260816
ViTscratch,400,52,0.29802555,0,1.0,False,-0.0009022556390977443,-3.1367628607277294e-05,0.0001340033500837521,0.0008616352201257862,0.0010881612090680101
ViTscratch,400,52,0.21662377,0,1.0,False,0.004686782016157941,0.003514343016943187,0.003058562464033179,0.002662128886233954,0.002304388870724219
ViTscratch,400,52,0.2966019,0,0.0,True,0.0021434412847036862,0.001181299789330582,0.00032892920589150723,0.00013463708584630473,0.00013369482926674865
ViTscratch,400,52,0.1439725,0,1.0,False,0.0007868046462166759,-0.0007371040134538416,0.00046520401760663857,0.000681489316939277,0.000998346207856918
ViTscratch,400,52,0.4058281,0,1.0,False,0.0006855045017692308,0.0016462786151663995,0.0007208926598664612,0.0013046937411148444,0.0013643190393096269
ViTscratch,400,52,0.81863534,1,1.0,True,0.002892277223823659,0.003121391506181179,0.0023844453291579763,0.0028936456238798226,0.0034102636406061395
ViTscratch,400,52,0.22855075,0,1.0,False,-0.0009166398280751265,0.0014030098092317992,0.0015764176152876705,0.0023029272429789843,0.0015166214770632863
ViTscratch,400,52,0.41181743,0,1.0,False,0.0038970234645240185,0.0047989904855311565,0.004354841153984153,0.003021752954625608,0.0025916835033700505
ViTscratch,400,52,0.27130786,0,1.0,False,0.001728217187322077,0.0012912896200143753,0.0026832275269268718,0.001640626006898011,0.0008379504011640822
ViTscratch,400,52,0.45759135,0,1.0,False,0.006107388899227544,0.003918717692388463,0.0029394399266871635,0.003252207563844786,0.002817256214390154
ViTscratch,400,52,0.35604703,0,0.0,True,-0.0016543333396434102,-0.0006401450644565849,-0.0009587839434296515,-0.0014931893910749402,-0.0014479379584734318
ViTscratch,400,52,0.14143538,0,0.0,True,-0.0037789200464494028,-0.004059557622397333,-0.003888440257856617,-0.003559836730254483,-0.0030870346872121516
ViTscratch,400,52,0.36431444,0,1.0,False,0.002172936878260837,0.002037671719391249,0.0024972584494972515,0.002414558353293494,0.0034167894511243804
ViTscratch,400,52,0.6436225,1,0.0,False,-0.0029498800815065144,-0.00021183383023538397,-0.00039815268613935804,7.418456144091026e-05,0.0007538652513113027
ViTscratch,400,52,0.41759807,0,1.0,False,0.0029493531713532715,0.0016289232075636952,0.002248263068306262,0.0015384040740106424,0.001993742880920459
ViTscratch,400,52,0.21934646,0,1.0,False,0.000815883847386596,-0.00031222883303922913,0.0002990247471695433,-0.00013656557524690914,0.0003571729828156063
ViTscratch,400,52,0.3410092,0,1.0,False,0.0031961258202640275,0.0013117505161900492,0.0019558257481975777,0.0016729000144500184,0.0022869463126365458
ViTscratch,400,52,0.15718684,0,0.0,True,0.0020140415484265323,0.00016601873944472576,-0.0010796517562714587,0.0005500303573066923,0.0003314882440734186
ViTscratch,400,52,0.21427259,0,0.0,True,-0.0012308096729226603,-0.0018471438839141319,-0.0010579462093925282,-0.0008831170111939575,-2.5155276287742104e-05
ViTscratch,400,51,0.17013179,0,0.0,True,0.0017994018582253876,-0.001698721899047096,-0.0006454589119031383,-0.000334810730684796,-0.0008383532093227307
ViTscratch,400,51,0.26054817,0,0.0,True,-0.0002791764592242458,0.003177205433498179,0.0006541172755398148,-0.0005190019229018811,-0.0010964221087180462
ViTscratch,400,51,0.16849278,0,0.0,True,0.0007886309286471421,0.0010532349695280027,0.0010249618737839619,0.0010742961919055203,0.0006032673080487888
ViTscratch,400,51,0.35462606,0,0.0,True,-0.0058405693970357345,-0.001544847964774943,-0.000738466983075562,-0.0007246092963278442,-0.0007595119535677822
ViTscratch,400,51,0.23898253,0,1.0,False,0.0026281539604310774,0.0026756394734011356,0.0009350740397680971,0.001789651564950485,0.0023677024970530204
ViTscratch,400,51,0.47508532,0,1.0,False,0.0005567711579918056,0.0014225738581856724,0.0023874761485032894,0.0025266440867244768,0.0021002671645357802
ViTscratch,400,51,0.14745764,0,0.0,True,-0.0008671489160522375,-0.0010564640058117667,-0.0001195455110179601,-0.00041068553311865056,-6.936109411486693e-05
ViTscratch,400,51,0.20245022,0,1.0,False,-0.0016049423068468967,-4.486573371046404e-05,-0.00048257008794209554,-3.8745333704723694e-05,-0.00024288789552346073
ViTscratch,400,51,0.24284948,0,0.0,True,-0.001438701164671349,8.976139583285393e-05,-0.0016981569507152393,-0.001680443999225717,-0.0014616448962535826
ViTscratch,400,51,0.21452577,0,1.0,False,0.0015657057922600147,0.0020762723772475514,0.001608350165943148,0.0020606135486844457,0.003193058223098259
ViTscratch,400,51,0.29987398,0,0.0,True,0.0026980993441386124,0.0035175329100806197,0.00289842321637466,0.002347712867627417,0.001360238375659401
ViTscratch,400,51,0.4303133,0,0.0,True,-0.002322979298976568,0.0005412650236574607,2.483574667272498e-05,0.0002911780716356352,-2.196878622984046e-05
ViTscratch,400,51,0.17197666,0,0.0,True,-0.00657896151719137,-0.004849455663217551,-0.0015661855479188777,-0.001301907589836962,-0.0014231936902837246
ViTscratch,400,51,0.19951294,0,0.0,True,0.0003227359107309522,0.00018491093387239206,0.0010100309760796566,-0.0003179329888254183,-3.384298098092235e-05
ViTscratch,400,51,0.37038064,0,1.0,False,-0.0002828948263620662,0.0005265059566178145,0.0016808786776779812,0.0016191522847092735,0.002167291368779128
ViTscratch,400,51,0.4310175,0,1.0,False,-0.0008542003600362813,-0.002166486028074746,-0.000408372758471495,-9.01421296733291e-05,0.0012624318537058042
ViTscratch,400,51,0.2810824,0,1.0,False,-0.0008572140635396047,0.0012117130059960187,0.0016233009370531155,0.0016073214707838918,0.0009311309167417243
ViTscratch,400,51,0.1733265,0,0.0,True,-0.006694015214733048,-0.003252315005945185,-0.0007522895265440674,-0.0006195222762990779,0.0006339301912730379
ViTscratch,400,51,0.11697118,0,0.0,True,0.0005854018171973495,2.7953957402415436e-05,-0.0019462936260093878,-0.001317786841332216,-0.0009931233991149135
ViTscratch,400,51,0.23597276,0,0.0,True,0.0003584191858547603,0.0018461088107813162,0.002445403447252902,0.002014892648027568,0.0005881558753508598
ViTscratch,400,51,0.24465336,0,0.0,True,0.0016804483136921473,-0.0007584643424786308,0.00020091325290663126,0.0012418767215369296,0.00044003513027667044
ViTscratch,400,51,0.2659245,0,0.0,True,-0.0021275052583011626,-0.0022934394405832777,-0.002350267081469597,-0.0017957183544793423,-0.0013899089000747075
ViTscratch,400,51,0.3208246,0,0.0,True,0.0006711664754876197,0.000948037606531393,8.644317007997395e-05,0.0005570317833315579,0.0007974955384978668
ViTscratch,400,51,0.42050976,0,1.0,False,0.0014136572482558022,0.0017796501914445258,0.001435421475766577,0.0016287805977592451,0.0018292191313154984
ViTscratch,400,51,0.39003208,0,1.0,False,0.0010670011915129391,-0.0008658602491573708,-3.8471793374451617e-05,0.0007194741734530904,0.001566512335744196
ViTscratch,400,51,0.84868354,1,1.0,True,-0.0002536961627638271,-0.00027299029127655493,-0.000543652015598552,-0.0001891578643809437,-0.00035138071772084444
ViTscratch,400,51,0.4245521,0,1.0,False,0.0009219813845710561,0.003106395758919901,0.0019418764406313746,0.0020421002884286857,0.0032014471057331168
ViTscratch,400,51,0.37927964,0,0.0,True,0.0018424354771085342,0.0006969479980952746,0.00035660947734846547,0.0008781050964157463,0.0007967471656991382
ViTscratch,400,51,0.15248637,0,0.0,True,0.0034428450806910484,0.0023115195414936582,0.0010808457740210384,0.0011909193706149826,0.0007417170534759136
ViTscratch,400,51,0.36307898,0,1.0,False,-0.0007271762011426017,0.001624738535428204,0.0008335332426159175,0.002110560445575773,0.0019528180026395618
ViTscratch,400,51,0.19846994,0,0.0,True,-0.001367216162305586,-0.003150628971180659,-0.0009938464618578766,-0.0008032705805605866,-0.0006763883727762471
ViTscratch,400,51,0.22962493,0,1.0,False,0.0005366184664262434,0.0013968341391580041,2.7299685364238443e-05,0.00018761577141368954,0.0014431066238777162
ViTscratch,400,51,0.22602226,0,0.0,True,0.0024823763474114474,0.004329943901652271,0.0031289057632649985,0.002679659010938586,0.0016979990493058664
ViTscratch,400,51,0.3812456,0,1.0,False,-0.0011624636329474708,0.0005236004432134064,0.00035062549994528116,0.000578905047476135,0.0007618931418277029
ViTscratch,400,51,0.16031481,0,0.0,True,-0.003489080584856631,-0.0017052362949060897,-0.0013992896676202262,-0.0010455251977271923,-0.001442762368982627
ViTscratch,400,51,0.18435313,0,0.0,True,0.003612506543425208,0.0025068137932254273,0.0014197059123063449,0.0006212810586793713,0.001083689961250841
ViTscratch,400,51,0.4694514,0,1.0,False,0.006299001220816285,0.004801931360036075,0.004443868882930969,0.004327240635423125,0.002752992656442724
ViTscratch,400,51,0.18211268,0,0.0,True,-0.0002513252699942395,0.00043874821558242364,-0.0013107744117246782,-0.00034566800898327835,-0.0010319998668812914
ViTscratch,400,51,0.29091415,0,1.0,False,-0.0011161610247336098,0.0009340273158734285,0.00045166615791184336,0.0004615548981097265,0.000994147978736559
ViTscratch,400,51,0.28310573,0,1.0,False,0.0002649101364372082,0.0019884764014204974,0.0023241388629358472,0.0011103830909930436,0.001934751608582066
ViTscratch,400,51,0.5429245,1,1.0,True,0.004098211578065497,0.0025542294321246107,0.0021165831589995973,0.0019644390191239343,0.0014427607148334764
ViTscratch,400,51,0.75651675,1,1.0,True,-0.0002528911451789785,0.0007820242150632036,0.000672207839595113,0.0008220137325046454,0.0011543233369883344
ViTscratch,400,51,0.439259,0,0.0,True,0.001152859618668841,-0.00021958948737710538,0.00019260458138240216,0.00011947313161481047,0.0007858668501704056
ViTscratch,400,51,0.24452111,0,0.0,True,0.003132709987845058,0.0029358028948114193,0.0011136730261647248,0.00010980612786282506,-0.0008516340539524634
ViTscratch,400,51,0.33095235,0,0.0,True,8.56623401912708e-05,0.00046217945361692056,0.0006262287043580143,0.0004635222309371321,0.00035584642438041785
ViTscratch,400,51,0.15025851,0,0.0,True,-0.003359574498552658,-0.0032004956420781058,-0.0017263039473993953,-0.0010764291718711695,-0.000670922053101742
ViTscratch,400,51,0.62815875,1,1.0,True,0.008183026614498873,0.006487711160344628,0.004499340825046551,0.002741622234345088,0.0027438072397303766
ViTscratch,400,51,0.21578324,0,0.0,True,-0.0013600479234024887,-0.0006026385389180632,-0.0015311804743095437,-0.0016321143443055045,-0.0007767499314766083
ViTscratch,400,51,0.30385146,0,0.0,True,-0.0019577789261133226,0.0008310385676922624,0.0013869005309690835,0.00048734118872490205,0.0005231805489846805
ViTscratch,400,51,0.22098714,0,0.0,True,-0.0018633989292587108,-0.0002719993651876224,-0.0011595883702072642,-0.0013475928752190512,-0.0018115439954304018
ViTscratch,400,51,0.24534014,0,1.0,False,-0.0003902408753922582,0.00026188433041243953,0.0007061443772914103,0.0019544967969505394,0.0015527061666089869
ViTscratch,400,51,0.1608554,0,0.0,True,-0.00406015791116087,-0.002095357605621652,-0.0017881032414968458,-0.0014433891702852666,-0.0005591874258433511
ViTscratch,400,51,0.43208557,0,1.0,False,0.0012736337219132205,0.0008745416179565821,0.002860567956134009,0.002936692865553857,0.0031553622914952464
ViTscratch,400,51,0.15545575,0,0.0,True,0.0010382619511310916,-0.00037219345190905135,-0.0013170464164817665,-0.0015242085662743492,-0.0013548805753264052
ViTscratch,400,51,0.52670604,1,0.0,False,-0.0029612605672579765,-0.0017791754963901213,-0.002223204874428297,-0.0011734088745011294,-0.0015173100229921486
ViTscratch,400,51,0.6134744,1,1.0,True,0.0030702631804526517,0.0037202747786763044,0.003061226889620906,0.00367620178227623,0.003103394280313686
ViTscratch,400,51,0.36365342,0,1.0,False,0.0023885651394961694,0.0037533158124023005,0.002998141862947918,0.002068054518325092,0.0026581972554735925
ViTscratch,400,51,0.18587723,0,0.0,True,-0.0013064770439880878,-0.001101131796279175,-9.95459813529118e-05,0.0005598705931371531,0.0008963569109666995
ViTscratch,400,51,0.29865903,0,1.0,False,-0.0014816045468671968,-0.00028544094121615924,0.00020207179075745578,0.0002829599566066848,0.0006996082805206917
ViTscratch,400,51,0.1996662,0,1.0,False,0.003533669214031286,0.004328572168135838,0.002039179947571666,0.0022733614745872794,0.001863726724428377
ViTscratch,400,51,0.2627996,0,1.0,False,-0.0010331452463852335,0.00010649549577577699,0.00024819115971498476,-2.686563216995997e-05,-0.00046357773209517513
ViTscratch,400,51,0.26199466,0,0.0,True,0.00040789755962887834,-0.0004946954138861122,0.0006144861112586173,0.0005009883170244289,0.0012489865763755602
ViTscratch,400,51,0.52307135,1,1.0,True,0.00522906859377826,0.003861112690814299,0.004655483022556213,0.004553572992085357,0.003708903624938622
ViTscratch,400,51,0.3939319,0,1.0,False,0.007572308566535269,0.006546124512389282,0.005145109531970516,0.005232469287661166,0.005514507398491624
ViTscratch,400,51,0.11946058,0,0.0,True,-0.00454209368623724,-0.0015802971363056105,-0.0012157030803463791,-0.0005998742139580115,-0.00030526923162792587
ViTscratch,400,51,0.22484232,0,1.0,False,-5.423243573665066e-05,0.002310279905779098,-4.2840828393383e-05,0.0004193859189633368,0.0006146398406371682
ViTscratch,400,51,0.19892171,0,0.0,True,-0.004875274626464311,-0.0010795331709443246,-0.0011187885046998504,-0.0007173562493896637,-0.0006246851719682534
ViTscratch,400,51,0.2666375,0,1.0,False,0.0019897899513214904,0.0023699375096951853,0.0019291729021035605,0.002439212993496841,0.0030975004216006767
ViTscratch,400,51,0.21166848,0,1.0,False,0.0006200447283079083,-1.917027610963163e-05,0.0005545498717568902,0.0021098306006780585,0.001734471103792632
ViTscratch,400,51,0.9844359,1,1.0,True,0.0029847994768551094,0.0035032604888840437,0.002473939570967819,0.0028242494680045553,0.002739237311546459
ViTscratch,400,51,0.37717107,0,1.0,False,0.0022738649341919426,0.0017628557283217129,0.0026663107213425693,0.0028440213869778286,0.001983047167447878
ViTscratch,400,51,0.1820351,0,1.0,False,0.0042187817256222,0.003829037627574599,0.0023952987732698706,0.0019800717472182846,0.0012101230560088005
ViTscratch,400,51,0.3057285,0,0.0,True,-0.0007654282354620124,-0.00015786335818935763,0.0013306095532265355,0.0014297184149448293,-0.00018253657624686385
ViTscratch,400,51,0.19542642,0,0.0,True,0.00012682583301693723,-0.0012159315565397155,-0.0012256261683530223,0.00018030132513545917,-0.00015348586928074507
ViTscratch,400,51,0.18040897,0,0.0,True,-0.001043114267761148,0.0010508303016288287,-0.0002668456958274394,0.0005221949682441425,0.0006898363261064478
ViTscratch,400,51,0.4486726,0,1.0,False,0.004346856062285084,0.004038455276590087,0.004273786571740051,0.0036147360609526313,0.00305634066902659
ViTscratch,400,51,0.41598058,0,1.0,False,0.0015021614005162273,0.0002931059895785522,0.0001322621300198249,0.0003441541288800553,0.000864785423992785
ViTscratch,400,51,0.283963,0,0.0,True,0.0009624136211084847,-0.0009437596152175612,-0.00164407564870845,-0.0012507493445886434,-0.000765341468306176
ViTscratch,400,51,0.19321051,0,0.0,True,0.0009074537540421281,0.0018559201463009475,0.0016344373288561022,0.0018666952468247143,0.0006270706437139272
ViTscratch,400,51,0.15846403,0,0.0,True,-0.0013428839375308522,0.0010714595621723023,0.0008417246002219265,0.0001070932426589915,0.0006399127742200836
ViTscratch,400,51,0.21868058,0,1.0,False,0.004496425838681878,0.003575323246067351,0.0027883158569707266,0.0021102260425944425,0.0023663628031730267
ViTscratch,400,51,0.39070216,0,1.0,False,0.00043858107702149824,0.001493063920403204,0.0003935936604980084,0.0013301593606966568,0.0012090440121448175
ViTscratch,400,51,0.4472804,0,1.0,False,0.0060214212208499745,0.004918404630330388,0.004022230833722383,0.0038334850501335455,0.003152403658044833
ViTscratch,400,51,0.12935011,0,0.0,True,0.003446092769414259,0.0031618042418977872,0.0016791531324938074,0.0008426677066649619,0.0010074415516353617
ViTscratch,400,51,0.5885503,1,1.0,True,0.003805123520525143,0.0025298852114518434,0.001104344888393595,0.0027394293605822848,0.0020673322419146834
ViTscratch,400,51,0.15323098,0,0.0,True,-0.0010584414644480965,-0.00014430266789176475,0.0005516837274153427,2.9963075058621178e-05,-0.00010518174728832346
ViTscratch,400,51,0.14698239,0,0.0,True,-0.0014124150546971235,-0.0005478148144040261,-0.0012645882370664419,-0.0018198517020325505,-0.0007945270843879648
ViTscratch,400,51,0.21914439,0,0.0,True,0.001989520166740485,0.0005806442992347558,1.8181408834282523e-05,-0.00025436128362035066,0.00018362641725543162
ViTscratch,400,51,0.146102,0,0.0,True,-0.005088691860408725,-0.0016069200925312233,-0.0013450715862659902,-0.00029027030786244156,-0.0006810678679569042
ViTscratch,400,51,0.17218426,0,0.0,True,-4.407944986800562e-05,0.0005198619089420038,-0.00014182700037727538,-0.0009643190465935642,-0.0008799970871357666
ViTscratch,400,51,0.4046154,0,1.0,False,0.0011810251539232893,0.0021289905269170784,0.0027238821038207805,0.002872876834995909,0.0031349534301638254
ViTscratch,400,51,0.22115229,0,0.0,True,0.000625855242981181,0.002094786739500163,0.003830816156545591,0.002102647308739186,0.0023162315545120255
ViTscratch,400,51,0.43291715,0,0.0,True,0.0002292532570097059,0.001823120437642356,0.0018212494895602563,0.0013274505050407113,0.0010990648634552317
ViTscratch,400,51,0.11707093,0,0.0,True,-0.002641254496529744,-0.0013020711392113533,-0.0001435766100965331,-0.00048108239356338276,-0.0007675813988555956
ViTscratch,400,51,0.8694907,1,1.0,True,0.004396579661470364,0.0017483135125662514,0.0037500459385957463,0.003866202127078318,0.0046157673001622195
ViTscratch,400,51,0.45842293,0,1.0,False,-0.0037783283249244117,0.0001753982559990839,0.0009816270835425593,0.0001976493097432333,0.0008621692762220891
ViTscratch,400,51,0.2836882,0,0.0,True,-0.0014429877739477754,-0.001582615139642642,-0.0007552492281941292,0.0002470199627911296,0.0009356214344095706
ViTscratch,400,51,0.5864466,1,1.0,True,0.0008347127157113367,0.0017077075944224552,0.00378040617765478,0.002821712791200276,0.0026368233300154836
ViTscratch,400,51,0.2853274,0,0.0,True,0.0051498430569384334,0.0025150848702887216,0.00046007708353665083,0.000581206121172029,-0.0002725751107338182
ViTscratch,400,51,0.63905317,1,1.0,True,0.006286157953527971,0.003332141533672559,0.00401067382339698,0.004070962337075794,0.0031999101725748635
ViTscratch,400,50,0.33479652,0,1.0,False,0.0012871181397315064,0.0003106903119569163,0.0005966625404840428,0.000227387004348285,0.00017656849620319593
ViTscratch,400,50,0.35314888,0,0.0,True,0.0011859750279269556,0.0014258013401181615,0.0020848035980575654,0.001667869572107003,0.0019720549941034094
ViTscratch,400,50,0.41190046,0,1.0,False,0.0033944925940708904,0.0033545843888264414,0.0038004311016298117,0.0018408131304293307,0.0018721328294759318
ViTscratch,400,50,0.28519124,0,0.0,True,0.004629531499275219,0.0017434760703247641,0.0014088315637956206,0.0006947499436097787,0.0004774100268253344
ViTscratch,400,50,0.37884316,0,1.0,False,0.0006427209068508385,-0.0008300570446834692,0.001529087846572372,0.0015051767385446213,0.001567380766756741
ViTscratch,400,50,0.37980726,0,0.0,True,-0.0002508904842560505,0.0005454631969255453,0.00040162623821184736,0.0004744234758888466,0.0009995657619730988
ViTscratch,400,50,0.2401581,0,1.0,False,0.002308463344209338,0.0011948605209743757,0.0011083491264063025,0.0017669872569135731,0.0022521947795306014
ViTscratch,400,50,0.20501627,0,0.0,True,0.001528471843780446,0.0008527407231190858,0.0011762115701513926,0.0008831449447439577,-0.00019444930288006214
ViTscratch,400,50,0.22288252,0,0.0,True,-0.0024703964513100134,-0.0018021207437977098,0.00019132117866206197,-0.00011133636695271475,-0.00011437453807297012
ViTscratch,400,50,0.41629466,0,1.0,False,0.00024821991265560516,0.0015662682110512162,0.00102373735108547,0.0015479963753631642,0.0023729797137423407
ViTscratch,400,50,0.26618075,0,0.0,True,-0.00018411958519464543,-1.4670925243270897e-05,-0.0003179480678163093,0.0007025824138077929,0.0005259998455159436
ViTscratch,400,50,0.5494149,1,1.0,True,0.004779690513091106,0.003699888680066433,0.0021145042642553564,0.001886928004563433,0.002327656841422733
ViTscratch,400,50,0.3043268,0,1.0,False,-0.0007530874002366384,0.0013286740337426575,0.0005054926542076663,0.0005335112085078627,0.0005556402963438166
ViTscratch,400,50,0.15634562,0,0.0,True,0.000785971869851092,0.0010627641459885293,0.00026408675178234077,0.0004238275367193552,0.0005351570991432967
ViTscratch,400,50,0.2888995,0,0.0,True,0.00319294735821979,0.002098800673210813,0.0007380919717733652,-0.000468716826387319,0.00012757901862740372
ViTscratch,400,50,0.12612662,0,0.0,True,-0.002193780249320598,-0.0019511925553547665,-0.0021562251707531884,-0.0014514893008611457,-0.0012167507450838604
ViTscratch,400,50,0.25228333,0,0.0,True,0.00010837732992711426,-0.002507284435984109,-0.0012770824785141518,-0.0014189915687993497,-0.0007821595064342687
ViTscratch,400,50,0.30686936,0,1.0,False,-0.0006943838426254099,0.00027707265152649444,0.0013725821529615519,0.00074306084045409,0.00048810284189360856
ViTscratch,400,50,0.6585939,1,1.0,True,0.005335902124642683,0.003127942631177878,0.002833454493507113,0.003319560561321459,0.0022589413540553722
ViTscratch,400,50,0.27601138,0,1.0,False,0.00047175141186704206,0.0007672809712641905,0.0012681806026706357,0.0011872172878719142,0.0005621606424658685
ViTscratch,400,50,0.17887318,0,0.0,True,0.0007321414793426689,0.0016487111442240702,0.0010393657365735719,0.0016747902372785614,0.001183860364592487
ViTscratch,400,50,0.33914375,0,0.0,True,0.0017722041182324088,0.0006701708700102384,0.001680201594021618,0.002087210113407625,0.0027210303993658986
ViTscratch,400,50,0.34734765,0,0.0,True,0.0016655698079172249,0.0010214683497393377,0.0015230963971637683,0.0009230482394102984,0.0008620218113367699
ViTscratch,400,50,0.12115047,0,0.0,True,-0.0028454377872960575,-0.0019078244413768396,-0.0019394122737614505,-0.0014344770964948874,-0.0012195391547832751
ViTscratch,400,50,0.18828844,0,1.0,False,-0.0020698417228136316,0.00012338982067807124,0.001132960857910122,0.0017214608168006822,0.0028219842205078303
ViTscratch,400,50,0.41356033,0,1.0,False,0.004393860183951293,0.0021601294013390685,0.0008419104006445622,0.0023041479665357155,0.0016130642924753634
ViTscratch,400,50,0.22802375,0,1.0,False,0.001541341159982134,0.00025719994890336143,0.00033917805152842024,0.002210672697203034,0.0010075369908873319
ViTscratch,400,50,0.12227102,0,0.0,True,-1.3049662730046927e-05,-0.00035806850442408016,0.00048115426981086383,0.00034863580931419387,-0.00041351833713380653
ViTscratch,400,50,0.1472831,0,0.0,True,0.0013883688084710807,-0.0005858810135249915,6.460667008065738e-05,-0.0005871655895607052,-0.0006596072332332766
ViTscratch,400,50,0.20083381,0,0.0,True,0.00030068183389789677,-4.411101540384857e-05,-0.0008881153249802137,-0.00031493187438411677,-0.0008392702781070883
ViTscratch,400,50,0.3155448,0,1.0,False,-0.0003300879958704299,-0.00032379433775426105,0.0013571908280996217,0.0016187847272797371,0.001713886084672776
ViTscratch,400,50,0.27306086,0,1.0,False,0.0041478134309493354,0.00041399969848353237,0.0014823690278808577,0.0009433655565966887,0.002508788462558362
ViTscratch,400,50,0.9292588,1,1.0,True,-0.0025628762936814303,-0.0022588362632870156,-0.0009780525952534402,0.0007954452230930001,0.0011522395692441048
ViTscratch,400,50,0.23154366,0,1.0,False,0.0017909660033719388,0.0015990023181156729,0.0008117926747397012,0.00023529096696085642,3.2226842840079514e-05
ViTscratch,400,50,0.45297706,0,0.0,True,0.0017713791541927872,0.0012593317476500144,0.0017173221371642043,0.0016084300096621622,0.0011431952008270569
ViTscratch,400,50,0.27049336,0,1.0,False,0.0005130714060811701,0.0014986836191530986,0.0025663535352924444,0.0028169336267683106,0.0018153857462572267
ViTscratch,400,50,0.13598666,0,0.0,True,-0.00046397347109872634,-0.001763214720385664,-0.0011017583401272198,-0.00043439834649748116,-0.0010583839000367452
ViTscratch,400,50,0.750797,1,1.0,True,-0.000943015060645365,0.0007812570230107761,-1.1437085267802634e-05,0.00012583317425902642,0.0008935560827829511
ViTscratch,400,50,0.1502396,0,0.0,True,0.002851370408863974,0.0007092320902028548,-0.0002824225312701261,-0.001241998097294817,-0.001308454085804258
ViTscratch,400,50,0.17044064,0,0.0,True,0.0002076394301852861,-0.0008398125667449976,0.0006604981166357386,0.0014068186480532103,0.0010505277265683887
ViTscratch,400,50,0.27781877,0,1.0,False,-0.0032674258980221796,-0.0014412915351821234,-0.0007778219714422856,-0.00023839851945441437,-0.00047346288849457144
ViTscratch,400,50,0.1858079,0,0.0,True,0.0005972848144728475,0.0009683659643424877,0.0006114692292394161,0.0010681106223135997,0.0002198061834474326
ViTscratch,400,50,0.26257586,0,0.0,True,0.00037279498003671695,-2.2392336418815245e-05,-8.584179579690154e-06,0.0009169547027444661,0.001834541039870421
ViTscratch,400,50,0.1735983,0,0.0,True,-0.0007997800725294007,-0.001026647602056244,0.00017383336629244709,1.4649477520490482e-05,0.00012043091358917809
ViTscratch,400,50,0.20258005,0,0.0,True,0.0008201407287539513,-0.001212018909324385,-0.0012138028707126942,-0.0007653340504931068,-0.0006088703683521781
ViTscratch,400,50,0.21613051,0,0.0,True,0.0004186369536454635,0.001567672818093442,0.0004078234408122886,0.00025407987491431514,-4.9795144534356895e-05
ViTscratch,400,50,0.43547857,0,1.0,False,0.004005009807344293,0.003564526537770609,0.0030981424045769656,0.003259571535319149,0.003716009282097455
ViTscratch,400,50,0.3706549,0,0.0,True,0.0016347238294753034,0.002169703671506968,0.0004280657071014877,9.313541819746336e-05,0.0005088005063057568
ViTscratch,400,50,0.21603625,0,1.0,False,0.002288448551519838,0.0011057916572809778,3.774369508255265e-05,0.0005303144547003979,0.0001741758410784779
ViTscratch,400,50,0.14902455,0,0.0,True,0.0026261034328523398,-9.330438059796714e-05,0.0011168655177877134,0.0013309905068322563,0.001258812712894789
ViTscratch,400,50,0.24315634,0,0.0,True,-0.0007193187804759447,0.0006543356962351911,0.0011265480538188853,0.001489495909316043,0.0003131718872965531
ViTscratch,400,50,0.21291804,0,0.0,True,-0.001992355874052593,-0.0017305657080958652,-0.0025405911940183756,-0.0011808830819908971,-0.0012324981104633072
ViTscratch,400,50,0.28386372,0,0.0,True,0.004310754426554174,0.005395211454503972,0.002801495552974707,0.0019654082360384857,0.0014131052773798986
ViTscratch,400,50,0.13761331,0,0.0,True,-0.0027508293279367947,-0.001719303130640079,-0.0017274850718371681,-0.0023831443849754207,-0.002232072681903143
ViTscratch,400,50,0.22623155,0,0.0,True,-0.001266423151830243,-0.0014623271763533551,0.00035536995106257946,0.0005340684833500866,-3.323709580136275e-05
ViTscratch,400,50,0.24080363,0,0.0,True,0.0026734951651200558,0.0031095874051322524,0.001779321581056444,0.0009564686037956348,0.0016031984345693281
ViTscratch,400,50,0.18053606,0,0.0,True,-0.0011934760342809144,0.0001287752714535085,0.00011840014364000533,4.7233613197765e-05,-0.0005295837087419372
ViTscratch,400,50,0.21096717,0,0.0,True,-0.0035122045250211183,-0.002512823100235031,-0.0013475715544482686,-0.0013240430320293109,-0.000894854964816587
ViTscratch,400,50,0.18360326,0,1.0,False,-0.0033087822979960225,-0.000784715528803689,-0.0006789517062217626,0.00037676565631110083,0.00023871102376778704
ViTscratch,400,50,0.4425727,0,1.0,False,0.002607634012816128,0.002285197866364768,0.0024262738662474085,0.0017089727305646622,0.0016662260766328622
ViTscratch,400,50,0.23426153,0,1.0,False,-0.0015587565168327798,-0.0017866491994690625,-0.00016841793408544161,-0.0008384527373725135,0.0002543843042545381
ViTscratch,400,50,0.17594309,0,0.0,True,0.003876607699067316,0.005085901323268564,0.0039532373365232885,0.0023532780601831513,0.0016695472204850063
ViTscratch,400,50,0.27711952,0,1.0,False,0.003267695205586842,0.002324103422046063,0.0018180843435930346,0.0011285430886155763,0.0022811872980418547
ViTscratch,400,50,0.26930222,0,0.0,True,0.0012834943102350569,0.0015740044478073447,0.0007971403110131869,0.0006787780544323379,0.0003534441638972531
ViTscratch,400,50,0.44276688,0,1.0,False,0.005047489152657929,0.0042263439698339315,0.0035578283110556663,0.003875548052916801,0.0037612831742662683
ViTscratch,400,50,0.17922492,0,0.0,True,-0.0010168416455333656,2.390857828631552e-05,-4.2569851275804844e-05,0.0012353992499871673,0.001047746269049017
ViTscratch,400,50,0.5537364,1,1.0,True,0.006965546240631014,0.003705630012351889,0.002749017145724335,0.0024131049703880365,0.0018899963574778164
ViTscratch,400,50,0.15305813,0,0.0,True,0.002041851500944027,0.00025029685557786464,-0.0007292759015216365,0.00037363646105348695,9.014718508635004e-05
ViTscratch,400,50,0.25579515,0,0.0,True,0.0005879043128396616,0.0010654033754528684,0.0012760522797231597,0.001068003633865397,0.00033638788018363003
ViTscratch,400,50,0.18304804,0,1.0,False,0.0006167751664360395,0.002756724777252092,0.0018164599024910557,0.0009502014840282891,0.0017045366330830445
ViTscratch,400,50,0.15342776,0,0.0,True,-0.003058542867693908,-0.002635759956412046,-0.002170052937219798,-0.0005857927031175927,-0.0005450071129184813
ViTscratch,400,50,0.34641826,0,0.0,True,0.002781754454885735,0.003519237705432952,0.0027552381260139195,0.0023614031060865837,0.0017957202222390395
ViTscratch,400,50,0.68684995,1,1.0,True,-0.0007167553720949358,-0.0002787543913113193,0.0017018036615523196,0.0029692047939099122,0.002904357290465517
ViTscratch,400,50,0.22556922,0,0.0,True,-0.0012348708836594747,-0.0015122334145146877,-0.002142253850508166,-0.0012299149106627437,-0.0008456117758417756
ViTscratch,400,50,0.2514498,0,1.0,False,-0.0007520103692135482,0.0024026317570948015,0.0017963446129139918,0.001738847082264575,0.0024960745914365456
ViTscratch,400,50,0.18732923,0,1.0,False,-0.0021134499426566527,0.0001058494740533591,0.0015180166109795526,0.0013589659941244663,0.0012038020878164777
ViTscratch,400,50,0.18226206,0,0.0,True,0.0018332186536576761,0.00026673879390476927,0.0003469455616283348,0.000755152347483625,-8.702388061526433e-05
ViTscratch,400,50,0.91068536,1,1.0,True,0.0017402723467947376,0.0023447133656231936,0.0018199975981812119,0.0009638791940721513,0.0005475835625956496
ViTscratch,400,50,0.17165451,0,0.0,True,-0.004210821678441817,-0.003300242266684425,-0.0020182219177765867,-0.0014832337538404701,-0.0007262985161349992
ViTscratch,400,50,0.31830192,0,1.0,False,0.0007904814186533161,0.001117643183433106,0.0006413697592833348,0.0011734257660515883,0.0008291564868051493
ViTscratch,400,50,0.20165388,0,1.0,False,0.008080616895875492,0.007029586416305479,0.0033462460604093375,0.002948610296480523,0.0031114536047562413
ViTscratch,400,50,0.31846148,0,0.0,True,-0.002357937518242728,-0.0029193807065935433,-0.002690967861109011,-0.002524913119506123,-0.0031745690769705197
ViTscratch,400,50,0.13638248,0,0.0,True,-0.003634360408034129,-0.0023026505218901637,-0.0004943932051440716,-0.0008366976769925937,-0.0008566189007752938
ViTscratch,400,50,0.2856715,0,0.0,True,-0.0022134806118202337,-0.0039164592119716275,-0.0017039941298483048,-0.00037580445575232665,-7.085375449194473e-05
ViTscratch,400,50,0.23852234,0,1.0,False,0.0017484230282376748,0.000589784257100335,0.0015178334250681097,0.0009273992196934722,0.0015198676604107285
ViTscratch,400,50,0.13274932,0,0.0,True,-0.0010237319358355923,-0.000762133352793324,0.00041330890198845515,-0.0005129539586670478,-0.0011230524319414837
ViTscratch,400,50,0.35352713,0,1.0,False,0.004132637614993784,0.0032141118334948014,0.0033330921599271234,0.0018820460397106316,0.0023951243174549406
ViTscratch,400,50,0.18805942,0,0.0,True,0.0013634730358839098,0.0002799499243399848,-0.0009905529446225822,-0.0013638315204280963,-0.0013369316995421358
ViTscratch,400,50,0.31646067,0,1.0,False,0.0016444445102231304,0.0012885003167163402,0.0012460326693764395,0.0009080306592551984,0.0005335233937989298
ViTscratch,400,50,0.23976146,0,0.0,True,0.0006379330943876827,0.0005132879615075863,0.0014351158918926726,0.0014195598390939527,0.0012771910836315114
ViTscratch,400,50,0.23670496,0,0.0,True,0.0008331072052208003,-0.00026358248987186036,-0.0008274502944085644,-0.0008024399829325512,-0.0005815044398678407
ViTscratch,400,50,0.13208488,0,0.0,True,-0.0014187136461908307,-0.00011500106661272675,-0.0006676383160569894,-0.0006526619673367227,-0.000961235469917409
ViTscratch,400,50,0.25861284,0,1.0,False,0.0007005702936697777,-0.00014567424221670114,0.0004926288466417809,4.2360606337320475e-05,0.0004994396592521543
ViTscratch,400,50,0.2764524,0,1.0,False,0.0012617757768534318,0.0012631369054544133,0.0017254621235980234,0.0002508990861808914,0.001182781355548435
ViTscratch,400,50,0.7827306,1,1.0,True,0.0037341813547563784,0.0036572479370024138,0.0030357881818121146,0.0029462996388156856,0.0030224081709133576
ViTscratch,400,50,0.18358918,0,1.0,False,-0.0010863297145152983,-0.0005165683903137075,-6.317141230617222e-05,0.0006705819269786621,0.0009487509384063585
ViTscratch,400,50,0.2037392,0,0.0,True,-0.000455993336646453,0.00032148590995196826,-7.161623807085518e-05,0.0002122946009910583,0.0001943391639983639
ViTscratch,400,50,0.28166574,0,0.0,True,0.0017286234303050471,-0.0005150875313683377,0.0007364119365661627,0.0009648129827855747,0.00046032347112108865
ViTscratch,400,50,0.22280632,0,1.0,False,0.00019418350219443798,0.0018877934461440694,0.0019870257056658226,0.001050811681598135,0.0020571680357658463
ViTscratch,400,50,0.3122512,0,1.0,False,0.0020202055490640566,0.0018724423607622282,0.0003172047222020098,0.001286308517698001,0.0005800796931539929
ViTscratch,400,49,0.24146603,0,0.0,True,0.00031125050440614424,-0.0011000105734994122,-0.0008857352160509,-0.00020343351074238717,0.00023966921359792388
ViTscratch,400,49,0.28616953,0,1.0,False,0.0015125940004542737,0.00247383545777203,0.0035552043888448185,0.003895239529633893,0.004413906778191925
ViTscratch,400,49,0.49359664,0,1.0,False,0.0008956912382080145,0.0015046497858415258,0.002559609143411503,0.002231469314777784,0.0026047711883599002
ViTscratch,400,49,0.5770553,1,1.0,True,0.0028974176919210315,0.0008184276992373929,0.0022057415509153925,0.002657614073832851,0.0029007951599141495
ViTscratch,400,49,0.12978478,0,1.0,False,0.0016546891426721987,0.002422262888536219,0.0022833557315918344,0.0028847855536189414,0.0016258126618440801
ViTscratch,400,49,0.22422373,0,0.0,True,0.0016902610369790973,0.0018239398738542733,0.0022263047467918416,0.00142638145334858,0.0018503685696313829
ViTscratch,400,49,0.26150304,0,1.0,False,-0.00033471292955945716,0.001057372528585038,0.0009083428756885511,0.0015072807074297892,0.0025432877006160066
ViTscratch,400,49,0.22367276,0,0.0,True,0.001812906412132261,0.000968643037535946,-0.00012443110712873667,-0.0002572475495520135,-8.017221658468185e-05
ViTscratch,400,49,0.21841887,0,0.0,True,0.0016558606927080171,0.0017013056054709522,0.000876376584771501,0.0011583773190135694,0.0010137415727175425
ViTscratch,400,49,0.4771262,0,1.0,False,0.0011865392825169852,0.0011689732880151512,0.0010049496127818405,0.0020743572583303838,0.001988238118606237
ViTscratch,400,49,0.22262815,0,1.0,False,0.0012209908737460247,0.0009400339867902276,-0.0002548017105207342,-0.00031304948444592525,3.212670340550761e-05
ViTscratch,400,49,0.14723909,0,0.0,True,-0.0019824873253908213,-0.004500539478925191,-0.0023557737531361748,-0.001983500238725171,-0.0012996117046540617
ViTscratch,400,49,0.15480736,0,0.0,True,0.0036491298637676187,0.0006180381739825957,0.0010879740988949695,0.0002109045692725037,0.00042389451164567506
ViTscratch,400,49,0.4426009,0,1.0,False,0.006665838844881052,0.003537521793617582,0.0038686553621022847,0.004285517891883484,0.003757639824465482
ViTscratch,400,49,0.8809954,1,1.0,True,0.0013010374781276797,0.0017355506367958244,0.0019115728952608906,0.002560895111649573,0.002005653477221618
ViTscratch,400,49,0.9102281,1,1.0,True,0.0014465325204777665,0.00013152424261958108,0.0022846804534343134,0.0022739638959756517,0.0022915841696478827
ViTscratch,400,49,0.27089173,0,1.0,False,0.004263477144537417,0.004313506081205581,0.0037398801829934486,0.0031813086319124723,0.0020566258000799327
ViTscratch,400,49,0.25954717,0,1.0,False,0.00036289156729514614,0.0017309840172040232,0.0016451589499622288,0.0012887752373641188,0.0016544075752723617
ViTscratch,400,49,0.7308016,1,1.0,True,0.0019195552063825773,0.0012571535704055032,0.0035617632283403713,0.0031971308608954884,0.0033721440880400667
ViTscratch,400,49,0.12847261,0,1.0,False,0.006219714883884292,0.002639280508750502,0.0024880409874223795,0.002527036198390333,0.0014155433171621611
ViTscratch,400,49,0.49997306,0,1.0,False,0.0033198128436416714,0.0021445404130563577,0.002528364337417901,0.002433084194105128,0.002152772933640848
ViTscratch,400,49,0.81871,1,1.0,True,0.00544705559171487,0.004255366242626588,0.004003249683776711,0.004577466862567335,0.004834488434037778
ViTscratch,400,49,0.18508089,0,0.0,True,0.001503734273186603,0.0014742297815960779,0.001185034307732103,0.0019276168657589073,0.0016246136090959683
ViTscratch,400,49,0.28583595,0,1.0,False,-0.0015304574351962111,-0.0024107373771696033,-0.0017311087559321464,-0.0005518621044094995,0.0006081503520160387
ViTscratch,400,49,0.3064295,0,1.0,False,0.00216769622521704,0.0024088774796090927,0.0029144093268818633,0.002845785588955424,0.00225930015578678
ViTscratch,400,49,0.4325182,0,1.0,False,0.0031575212748848097,0.002170413016634805,0.0016373170088266806,0.0012419147832368662,0.0013948286298139194
ViTscratch,400,49,0.279676,0,1.0,False,0.0012016366286683045,0.003461665625941196,0.001477427477641787,0.00142715423526679,0.0014155849204604356
ViTscratch,400,49,0.112766184,0,0.0,True,-0.002408145809198737,-0.0013950810639043664,-0.002360029446984133,-0.002552877515560444,-0.0016978459112657982
ViTscratch,400,49,0.23742814,0,0.0,True,-0.00025087788226815257,-0.00042681409666668645,0.0006530851716528939,0.000506113334080133,8.294901318387681e-05
ViTscratch,400,49,0.123921834,0,0.0,True,-0.0019887084897273603,-0.0016584787069057203,-0.0023371793048308966,-0.0008896188620997267,-0.0004195680589129862
ViTscratch,400,49,0.21415436,0,1.0,False,0.00040457978108909284,0.0004988787020553541,0.000786961699669609,0.0011042305143655002,0.001129379671323977
ViTscratch,400,49,0.23164482,0,1.0,False,-0.002610892140582434,0.0009056728214279126,0.00030995805262138234,0.0005995156993280147,1.3210059390398893e-05
ViTscratch,400,49,0.4486688,0,1.0,False,0.003989398741096359,0.0017111316711173321,0.0006539644872653256,0.0012659670646911541,0.0017430760849598784
ViTscratch,400,49,0.33297762,0,1.0,False,0.0019251812109119413,0.002649758083559412,0.0022076149906306956,0.0024719464584498636,0.002604721319105851
ViTscratch,400,49,0.9114286,1,1.0,True,0.0018278229754426986,0.0038451478449543254,0.0036842740972054333,0.003867307321592214,0.0033773972194085095
ViTscratch,400,49,0.4443772,0,1.0,False,0.0040762840286722645,0.004884405653640691,0.003043740990295455,0.004003388169209593,0.0035372507705295026
ViTscratch,400,49,0.28979504,0,0.0,True,0.0005205968590949345,0.0031624905116824646,0.002012851732206282,0.0016485492454142933,0.0007804538314697988
ViTscratch,400,49,0.12740856,0,0.0,True,0.002389211770074042,0.0007041350303624263,0.0006106171392179354,-0.00020590193119185532,0.0003334776382580492
ViTscratch,400,49,0.13299532,0,0.0,True,-0.001820462640128401,-1.5901833192165844e-05,0.0013910460145334464,0.0017418211152126321,0.0019335953832419304
ViTscratch,400,49,0.19944291,0,1.0,False,0.0008270369159878716,0.0010978658217273317,0.001398670115062092,0.0010220272757888998,0.0010025424944870341
ViTscratch,400,49,0.32265308,0,1.0,False,0.003909299827107239,0.0018375361730325595,0.001213801635394331,0.0011157130667692732,0.001311617223000577
ViTscratch,400,49,0.17593165,0,0.0,True,-0.0012497095359014232,-0.000981626163415652,-0.00037789280326092653,-0.0008680477286361282,-0.0005006691706144303
ViTscratch,400,49,0.14748292,0,0.0,True,-0.00146720926797233,-0.0020274420815538908,-0.0017683374730423096,-0.001894305877780706,-0.0014294407636144225
ViTscratch,400,49,0.25317279,0,0.0,True,0.0023456225132732727,0.0012385505194612311,0.00033775875625278377,-0.0004123973720833112,-0.0005461891435129248
ViTscratch,400,49,0.14934796,0,0.0,True,0.00027146679873922395,0.0010684275044959284,-0.0015834333420016076,-0.002033139534859787,-0.0007404361280793743
ViTscratch,400,49,0.35295385,0,1.0,False,-0.0015107605738918575,0.0004262541895562118,0.0006760625773992075,0.0005311753850163892,0.0008827131378449491
ViTscratch,400,49,0.21224864,0,1.0,False,0.003155289934388539,0.0025195277674707754,0.0014799529500907017,0.0019407888316643508,0.0019167527393313104
ViTscratch,400,49,0.36010998,0,0.0,True,0.002453085652637399,0.0012079701540787739,0.0005833124830796191,0.0010001248800606622,0.0013722232200056115
ViTscratch,400,49,0.28739586,0,1.0,False,0.004048923484808051,0.0016255688595614053,0.003915969819745645,0.0029536837484122774,0.0035524086319990854
ViTscratch,400,49,0.16115457,0,1.0,False,0.0035442598241482623,0.0013655656581930378,1.4633667661956723e-05,0.0007240826170892284,-0.0002138522223559586
ViTscratch,400,49,0.21499932,0,1.0,False,0.002510000078997764,0.0020116341847265114,0.0004696464871119127,0.0018133197534720518,0.0011032669723124284
ViTscratch,400,49,0.35654306,0,1.0,False,0.001462723629575368,0.00227442101349591,0.0014049580382016753,0.002108269839145988,0.002184802908683174
ViTscratch,400,49,0.4374388,0,1.0,False,0.000739230076523786,0.001009896666433259,-3.7782884009189626e-05,0.00017916798669871664,0.0004105171922965986
ViTscratch,400,49,0.30369976,0,0.0,True,-0.005190035563163143,-0.0019719030439460427,-0.0007600185708743284,-0.0005711766885694127,-0.00029164071958141227
ViTscratch,400,49,0.16590233,0,0.0,True,0.0007252422829754809,0.0015239880512514694,0.0015243583017184124,0.0007679523256938348,0.00035355896273909127
ViTscratch,400,49,0.13167644,0,0.0,True,-0.001709129866312911,-0.0013835311493978336,-0.0005438207847058055,-0.0008626296017907253,-0.0006866702620877906
ViTscratch,400,49,0.15398616,0,0.0,True,0.0016415390953610257,-0.0011485183129042254,-0.0009970889536756633,-0.0002486270187445766,-9.942247328338373e-06
ViTscratch,400,49,0.21598783,0,0.0,True,0.0002552529988068482,0.0008576443144185386,0.00031437872432654783,-4.833122408190404e-06,-3.5565865860651335e-05
ViTscratch,400,49,0.121586956,0,0.0,True,0.0011390587831736853,-0.002084121281135932,-0.0027316325474091856,-0.0015642940171461694,-0.0009737919057952684
ViTscratch,400,49,0.18115267,0,1.0,False,-0.0010129760096364978,0.0011561770435817645,0.0012285093205032138,7.053568322934907e-05,0.0006788299327971684
ViTscratch,400,49,0.2156049,0,1.0,False,0.000952230327795512,0.000583244158564865,0.0016455555731635367,0.00045895504198071945,0.00033482705608713043
ViTscratch,400,49,0.15686902,0,1.0,False,0.006537050450795136,0.0010245912004790915,0.002462467178740376,0.0019803681591023447,0.0018369779710946381
ViTscratch,400,49,0.14807305,0,0.0,True,0.0015413261223885656,-0.00033252088251863694,0.00010047610294974818,4.399021644029013e-05,-8.06450051786695e-05
ViTscratch,400,49,0.19785032,0,0.0,True,0.005265685136832125,0.003754260891432168,0.002201188364828832,0.002150508258952337,0.0013730974754891671
ViTscratch,400,49,0.47185808,0,1.0,False,0.002486535875651066,0.0018874526125244623,0.00271070715658879,0.0036376089041484606,0.0031014139284750975
ViTscratch,400,49,0.14499608,0,0.0,True,0.0024390909061520567,0.0008918776810821494,0.0004086529364606192,-9.265813983684648e-06,-0.0009683451870086341
ViTscratch,400,49,0.15093908,0,0.0,True,-0.0006593033882514239,-0.0019461018409869992,-0.0005436329847586438,-0.001102074765252807,-0.00042838343485628044
ViTscratch,400,49,0.25965038,0,1.0,False,0.0006510829163545498,0.0005954608901511084,0.0009710885906230876,0.0010090654260870606,0.0015085123409791772
ViTscratch,400,49,0.26178864,0,1.0,False,0.0005694164417991051,0.00016156608174442273,0.0006489158902224012,0.001408974440808298,0.002291734055898384
ViTscratch,400,49,0.22329906,0,1.0,False,-0.0022395175025461123,-0.001262384591730697,-0.001355523331976383,-0.0012237066625966544,-0.0005005075974329336
ViTscratch,400,49,0.7239646,1,1.0,True,0.004255586108388629,0.002052741986689117,0.0005811812471652286,0.00038763160850964744,0.0008958992111387399
ViTscratch,400,49,0.13731182,0,0.0,True,-0.001819011837369013,-0.003471341328370854,-0.0018530011691336203,-0.0017881563573934561,-0.0015106426209182148
ViTscratch,400,49,0.13040252,0,0.0,True,0.0028305116935334255,-0.000911510828748073,-0.00012286392646964172,-7.738816697263509e-06,-0.00037942346569269696
ViTscratch,400,49,0.9491547,1,1.0,True,0.001716510010560619,0.0005076785731189601,0.0010845106405156042,0.0010469075786180202,0.001105489195131086
ViTscratch,400,49,0.38095668,0,1.0,False,-0.0007274236190472015,0.0003078225612826612,0.0019057852214679444,0.001692969117331433,0.0021802679848893056
ViTscratch,400,49,0.5107806,1,1.0,True,-0.0010222050545714019,0.001229255102347016,0.0018529890810364718,0.0016983563326948244,0.002933436552175003
ViTscratch,400,49,0.29849648,0,1.0,False,2.8219067353958157e-05,0.001496460829455942,0.0006108129130235178,0.0007270467591087922,0.001694154378194772
ViTscratch,400,49,0.37254924,0,0.0,True,0.002090069802093061,-2.142597055215432e-05,-0.0003878689511221221,-0.00021012662118413553,9.0592516133902e-05
ViTscratch,400,49,0.42550758,0,1.0,False,0.005733773965728407,0.004135161310368546,0.002477986944383081,0.003607891790148676,0.0029116378962650035
ViTscratch,400,49,0.21017426,0,1.0,False,0.0023236546590364358,0.0038443892409950843,0.00570452619236885,0.005241076099861489,0.00409836840050907
ViTscratch,400,49,0.36473748,0,1.0,False,0.0016626422868214932,-4.791696574639695e-05,0.0014238227249250882,0.001055154255205579,0.0014287615987368673
ViTscratch,400,49,0.1894338,0,1.0,False,0.003063564158877493,0.0006647688157571683,0.0010109081612759648,0.00055940839082365,0.0005323933490495033
ViTscratch,400,49,0.2823057,0,1.0,False,0.0032198734510426623,0.001705836912791675,0.0018002135886785444,0.002232336275686823,0.0033271816992277684
ViTscratch,400,49,0.12983534,0,1.0,False,-0.0006450622910272371,0.0018876814371746604,0.000997603573485327,0.0010744049979351828,0.00020191211463244633
ViTscratch,400,49,0.32714054,0,1.0,False,0.0025935244851681694,0.0017623561512972801,0.0023067876250352634,0.0021000275177391124,0.002364588389273312
ViTscratch,400,49,0.20127349,0,0.0,True,-0.0013776112252492183,0.000390342398187918,5.200781023671443e-05,-0.0008313428394226578,-0.001440743362533923
ViTscratch,400,49,0.57704794,1,1.0,True,0.001065066750775128,0.0019383581622542114,0.004162316826911466,0.004087894208251992,0.003795779716966588
ViTscratch,400,49,0.23882554,0,0.0,True,0.0009536046654962898,-0.0005263854452452055,-0.0003598625763864076,0.0009153221885643128,0.0011486250308437264
ViTscratch,400,49,0.49146503,0,1.0,False,0.002137929775102371,0.0018629886292002636,0.0021158741368792703,0.0010332991792674933,0.001932267357254417
ViTscratch,400,49,0.1282046,0,0.0,True,-0.0023515039936008553,-0.0011810753816475059,-0.0005688731611933329,0.0001213926786962664,0.00016645078209779233
ViTscratch,400,49,0.21399912,0,0.0,True,0.004272219811046623,0.003486988430520671,0.0031437544000404716,0.0035177802473354116,0.0018755182483035345
ViTscratch,400,49,0.17292677,0,0.0,True,-0.0003348445790485514,-0.0019166572189707133,-0.0016593968883990937,-0.00182713275019853,-0.0017727147902611277
ViTscratch,400,49,0.45442867,0,1.0,False,-0.0006520768587578322,0.00038849574717828743,0.0014945282506217353,0.002367527241094302,0.002324574655523855
ViTscratch,400,49,0.67824614,1,1.0,True,0.002336871370516824,0.0010657601822317822,0.003103948002579783,0.0015550152281663507,0.002493202509132532
ViTscratch,400,49,0.20055716,0,1.0,False,0.005500837324864554,0.002214023692533624,0.002185272373019516,0.0013043046316546024,0.001888431356194417
ViTscratch,400,49,0.22288816,0,0.0,True,0.001605410638747902,0.0010743465725213143,0.00018175305583837547,0.0007879011836082986,0.0013467770800805012
ViTscratch,400,49,0.29047483,0,1.0,False,0.00304405032864175,0.0025018661651455398,0.0033365260125423316,0.002900881992839833,0.002182194970493863
ViTscratch,400,49,0.22651201,0,1.0,False,-0.001880824352668826,-0.0006344651380345221,0.00027560776430841455,-0.0005888763987114441,-0.0006833975855203892
ViTscratch,400,49,0.2408294,0,0.0,True,0.0007286096367029053,0.0005097464330274199,0.0010151468946226782,0.0013796210605514518,0.0005792727168584615
ViTscratch,400,49,0.14136007,0,1.0,False,0.0021076492983560535,0.0007683027356367957,0.00012450644490750225,0.00019502761028831106,0.0004165549351222419
ViTscratch,400,61,0.16352554,0,0.0,True,0.002350090163956533,0.0021705950270181846,0.0006298002444516425,0.0001852535660538607,9.93829014884209e-05
ViTscratch,400,61,0.37808928,0,1.0,False,0.004874978221956238,0.003895204346669418,0.003435392726992502,0.0019426630762899974,0.0010811777127701793
ViTscratch,400,61,0.20111284,0,0.0,True,0.0003637494961030783,-0.00017554575115050528,-0.00014233466300201221,0.0004151863157760668,0.00029985012391169676
ViTscratch,400,61,0.21412602,0,1.0,False,0.002330832073193359,0.0005018844366443377,-2.094241289408302e-05,0.0003616268069208379,0.0008866445694750389
ViTscratch,400,61,0.9589757,1,1.0,True,0.005875976050776851,0.003768838516249915,0.003976963549345174,0.003917078909029034,0.004500348636314566
ViTscratch,400,61,0.15474053,0,0.0,True,-0.005010471103790007,-0.000650572981484908,0.0005713388261476914,0.0009070137845671439,0.0010363899548702237
ViTscratch,400,61,0.6880706,1,1.0,True,0.005386947418669122,0.003160355537759337,0.0034240426899004935,0.0024797853706830823,0.00276198093859125
ViTscratch,400,61,0.20333436,0,0.0,True,-0.0025100927640938353,-0.0005052293734419704,-0.0011586566774851334,-0.00015344406221578046,5.308274672998345e-05
ViTscratch,400,61,0.43455616,0,1.0,False,0.00824912551061576,0.007431734135384168,0.006532735438159475,0.004322088110336034,0.003642065483938569
ViTscratch,400,61,0.30833825,0,0.0,True,-0.004461559805230984,-0.00020118512996084403,0.0011343259829441185,0.0014523699569356523,0.001624281979770649
ViTscratch,400,61,0.57897145,1,1.0,True,0.0020939239439351507,0.004198380971387013,0.004649899683467104,0.0040807093334747305,0.003632063008922456
ViTscratch,400,61,0.934463,1,1.0,True,0.0067794070857764704,0.005740224495909306,0.004401117547888291,0.003946489629500509,0.0035087697122908245
ViTscratch,400,61,0.9061749,1,1.0,True,0.0014388351353023753,0.0027133550155279307,0.0020025835225794134,0.0005115309593089613,0.0005624359266577405
ViTscratch,400,61,0.16014323,0,0.0,True,-8.943406834456231e-05,-0.0010619716158316542,-0.00011904860410006663,0.00019003402467116895,0.0004466080463616923
ViTscratch,400,61,0.17723541,0,0.0,True,0.0003725275872300254,-0.0015843671586872792,-0.001498537291857316,-0.0015411355527306032,-0.0013507604959337029
ViTscratch,400,61,0.6940702,1,1.0,True,0.0073771928203161695,0.0038288123631075423,0.004882676595582841,0.004395214978202376,0.004408813584437956
ViTscratch,400,61,0.3949322,0,1.0,False,0.0018742640634370979,0.0036962606722154337,0.0031146223401925894,0.004092348962948819,0.0039668965732380405
ViTscratch,400,61,0.91456294,1,1.0,True,-0.000764547393154444,-0.0010227104358230942,0.001402748928085252,0.0027546086864726903,0.0028437479113139243
ViTscratch,400,61,0.16787162,0,0.0,True,-4.026821113042235e-05,-0.0004857126366515258,-0.00048016574191976283,-0.000550125224125616,-9.637436187012856e-05
ViTscratch,400,61,0.928714,1,1.0,True,0.006734340058469808,0.004508650661038649,0.003718260385119777,0.004031948218319663,0.0046912387085720165
ViTscratch,400,61,0.6868109,1,1.0,True,0.00098082587003081,0.00017906434683120424,0.0017539697220681158,0.002277438735937752,0.003329022404524307
ViTscratch,400,61,0.78984165,1,1.0,True,0.003242932211261714,0.001804668682704796,0.0033778313461270146,0.00259002826586367,0.0032660954183702825
ViTscratch,400,61,0.48679855,0,0.0,True,0.0008132546224631764,-0.0010174766675234502,-0.001667826830034872,0.00012159656739461803,0.0017018325286933984
ViTscratch,400,61,0.14619142,0,0.0,True,-0.00028956292323219923,0.001127800469708558,0.0006100572938975242,0.0003729638075123493,-0.00040169710237123173
ViTscratch,400,61,0.2895905,0,0.0,True,-0.0011010376731478027,0.0003968966389701054,-0.00041266953439592877,-0.001271630841010613,-0.00029541632547378584
ViTscratch,400,61,0.42987502,0,1.0,False,0.00019861216340485885,0.0036306354480145396,0.0025695301371059937,0.0036336360916904725,0.003953157492170998
ViTscratch,400,61,0.8925234,1,1.0,True,0.004242082474375253,0.0018066893170452917,0.0006885091453363668,0.0010120255558162363,0.000698460093009855
ViTscratch,400,61,0.13525371,0,0.0,True,-0.0021615580419418285,-0.0017251283552849367,-0.0007724717576227449,-0.0006131480208492692,-0.0001776286117008216
ViTscratch,400,61,0.27988487,0,0.0,True,-0.004237256986674966,-2.6667545505245193e-05,0.0008024440402362189,0.0011053079440424833,0.0012678272126840724
ViTscratch,400,61,0.4616279,0,1.0,False,-0.002694887668371773,-0.0003715842649065863,0.0019063459766615434,0.0021844753633598647,0.002579306982668369
ViTscratch,400,61,0.48209625,0,1.0,False,0.0035907551454324505,0.0029490280135836284,0.001356082154901762,0.002288079652136956,0.0026208993993782925
ViTscratch,400,61,0.18900043,0,0.0,True,-0.004228476563958501,-0.0035862958586279094,-0.0023273548831657317,-0.002349127128788149,-0.0021916930146065605
ViTscratch,400,61,0.18447529,0,0.0,True,0.0036967462436123598,0.0013299924656887297,0.0010008494455474822,0.0008742289172753872,0.0005919535090324109
ViTscratch,400,61,0.14915358,0,0.0,True,0.0013157282577135735,-0.001386488467472404,-0.0022069024598443438,-0.001842804946990091,-0.0019698037770031155
ViTscratch,400,61,0.7825112,1,1.0,True,0.006000801052445915,0.006955746706096534,0.005404823040764323,0.004904615015707996,0.004339039411188663
ViTscratch,400,61,0.26099622,0,1.0,False,-0.0002674670540030817,-0.00083251616060299,0.0008832234829622209,0.0019828275331699894,0.0019474592441126345
ViTscratch,400,61,0.48076788,0,1.0,False,0.007241453812956767,0.005638374910092313,0.006577197142047208,0.005237540585840019,0.005268168823848214
ViTscratch,400,61,0.13517752,0,0.0,True,0.0004627341218421305,-6.279748359726456e-05,-0.000946332295670074,0.0006233298141920073,-0.0008630822942335055
ViTscratch,400,61,0.96236044,1,1.0,True,0.0014156552342438763,0.001479972061918231,0.0019673889980990453,0.002838520440807028,0.0029183330364758587
ViTscratch,400,61,0.326216,0,0.0,True,2.444672141486346e-05,0.001360787839997303,0.0011887491565721088,0.0011032880891996017,0.0012891960830708012
ViTscratch,400,61,0.51048195,1,1.0,True,0.002950511566344206,0.0016735243653880558,0.002228559494849959,0.0022029549319049794,0.0025815815879177556
ViTscratch,400,61,0.39178064,0,1.0,False,0.0028569762695944954,0.0005707441038298192,0.00041867986518312624,0.0008018422367234077,0.0016246658530178696
ViTscratch,400,61,0.14817202,0,0.0,True,0.0013240447688649228,0.0012312106927708426,0.000778662734464431,0.0005024177172334173,0.00027613317861100616
ViTscratch,400,61,0.7136862,1,1.0,True,0.002653964206635427,0.0033538763686501803,0.0026782598735868948,0.0031216403351874587,0.002719933519794188
ViTscratch,400,61,0.12393469,0,0.0,True,-0.005139614559655875,-0.0007044498614436962,-0.0003746864371946714,-0.0015397893781169006,-0.001410197889113498
ViTscratch,400,61,0.16605614,0,0.0,True,0.0011220205368666926,0.0021523508763617956,0.0010998504649543973,0.00043776746223799634,0.0007198263155245969
ViTscratch,400,61,0.48370326,0,1.0,False,0.004821637641278426,0.0015155302292726262,0.002309113255073235,0.002308399120117724,0.002885871073294672
ViTscratch,400,61,0.21757203,0,0.0,True,0.0028874118763769197,0.002050223775023033,0.0028903051989835793,0.0022944281812572126,0.0019145471007586542
ViTscratch,400,61,0.23921047,0,0.0,True,-0.003208016649477243,-0.0038085257221724556,-0.0017677259413208391,-0.0009596616692575342,-0.0006777522996399085
ViTscratch,400,61,0.17107356,0,0.0,True,-0.0025013159539045296,-0.0008984630993687061,-0.0008324744439580136,-0.0005043256262286253,-0.0007908560676166603
ViTscratch,400,61,0.24504231,0,0.0,True,0.0017102046460787858,0.0019448409663689022,0.0017199765987693503,0.0016970316054424534,0.0009560348679223346
ViTscratch,400,61,0.8543537,1,1.0,True,-0.004737198528259234,-0.000998026701232499,0.0010755481695558665,0.0011282637372436897,0.0013395166505562378
ViTscratch,400,61,0.15324564,0,0.0,True,0.0031747496958230317,0.0019612594514801297,0.0016411113937858902,0.00014206399146425477,-0.0010466187856043112
ViTscratch,400,61,0.2625138,0,0.0,True,0.0007666211968905588,-0.0011202478549969498,-0.0015380904956674164,-0.00032099475997941947,-7.102896619999458e-06
ViTscratch,400,61,0.69878185,1,1.0,True,0.0037336670027592733,0.004058267090706968,0.0032951311559356994,0.003080987926488745,0.002983680974940007
ViTscratch,400,61,0.93442583,1,1.0,True,0.0094413682362058,0.005369264020999765,0.004602799360606677,0.004592703364397447,0.0037100137307833772
ViTscratch,400,61,0.220328,0,0.0,True,0.0011737284593304957,-0.001666895343482548,-0.0006536854288198766,-0.0005675393581981607,-0.0007300582069656408
ViTscratch,400,61,0.3926614,0,1.0,False,0.0022681155941941134,0.0023148595854530114,0.0029438237427724654,0.002808117110350158,0.003010003576111816
ViTscratch,400,61,0.7281926,1,1.0,True,-0.0009671955956480308,0.002664311489847597,0.003264116485353274,0.0031833814781023336,0.0037431953638354426
ViTscratch,400,61,0.22316219,0,0.0,True,-0.0013426580428188065,-0.0013952500712323846,-0.0003464473354443781,-0.0009561540730586192,-0.0011470258700510458
ViTscratch,400,61,0.17667833,0,0.0,True,0.003595513325678289,0.002546345033660511,0.001997669912948361,0.00130501042993415,0.0009795993155476217
ViTscratch,400,61,0.30996516,0,1.0,False,0.0019236488134816143,0.0014986273546609412,0.0019360596467498706,0.0032510800090863935,0.002539913227392408
ViTscratch,400,61,0.27301386,0,0.0,True,0.0007474559654522187,0.001877409518869751,0.0024532754172920295,0.0016211062969901278,0.0006225966055351553
ViTscratch,400,61,0.678556,1,1.0,True,-0.0033533147985921057,-0.003081057764394684,-0.002314423854885459,-0.00011745236950043654,0.0006071480048229489
ViTscratch,400,61,0.37427014,0,0.0,True,-0.0019637731423764997,-0.002825992837849176,-0.0015753495770894858,-0.0012669832599032974,-0.0005429929779446187
ViTscratch,400,61,0.65905887,1,1.0,True,0.004999417489335864,0.0019756135201310352,0.0023780325041473436,0.002461797548554146,0.002513426543490118
ViTscratch,400,61,0.34160247,0,1.0,False,0.004683091690477078,0.0016090756137691672,0.0012573010789936018,0.0017482986731966325,0.002444932270485998
ViTscratch,400,61,0.18481612,0,0.0,True,0.0020291116105850895,1.163016328490889e-05,0.00113405677443902,0.00010287957232885648,-0.00010179900192197299
ViTscratch,400,61,0.41925135,0,1.0,False,0.005074344162998126,0.0037446998556302643,0.00521257917452858,0.004640423604988065,0.004376750472923126
ViTscratch,400,61,0.6703815,1,1.0,True,0.0013666777693835722,0.0019455925286258708,0.002547237233820554,0.0028314104709575173,0.002817434387642402
ViTscratch,400,61,0.7430524,1,1.0,True,0.004648856911385092,0.005614672663266526,0.004141408313336538,0.003924415413061705,0.003821051724594629
ViTscratch,400,61,0.22379303,0,1.0,False,0.007277714258736298,0.004884303820383732,0.0023212767789287285,0.002125916401416692,0.0018683958766251257
ViTscratch,400,61,0.29598197,0,1.0,False,0.003843990081524976,0.0015966819418702456,0.0019735933586121903,0.0022896560510458253,0.0032693944107432373
ViTscratch,400,61,0.17965226,0,1.0,False,0.0023826073421578916,0.003282060385759726,0.0036106639057882383,0.00347587825111693,0.002877517223643592
ViTscratch,400,61,0.258229,0,0.0,True,0.004823139585063321,0.0027840950810334624,0.00022896549596473724,0.00021245905839436402,0.0005351559054613182
ViTscratch,400,61,0.39108992,0,1.0,False,0.0036672552266194367,0.00426103181363934,0.003014197263337384,0.0024477789907394656,0.0018915474876803598
ViTscratch,400,61,0.32591385,0,1.0,False,0.003957195085828532,0.004597093737901485,0.0036206842676221084,0.003134588821395858,0.0030704988302066205
ViTscratch,400,61,0.18459317,0,0.0,True,0.0005629429188310412,6.798250210837281e-05,-0.00031507652948046773,-6.705981548680247e-05,7.457690077361551e-05
ViTscratch,400,61,0.28757003,0,0.0,True,0.0005844634396583233,0.0017648325654813354,-0.000699403990537027,-6.0788894785135954e-05,-5.9592956444056585e-05
ViTscratch,400,61,0.15872549,0,0.0,True,-0.003679743090968318,-0.0013629106507961617,-0.0001167393267414957,-0.0007940094990236595,6.259876868899261e-05
ViTscratch,400,61,0.5905467,1,1.0,True,0.003739536268982427,0.0027154563104348256,0.002844383633784539,0.0030397686643670514,0.00299015942039807
ViTscratch,400,61,0.34983936,0,1.0,False,0.0007819163056663388,0.002765548005613275,0.0020865096245716343,0.002999043386696691,0.002874607121287401
ViTscratch,400,61,0.5122719,1,1.0,True,-0.0015301632998758199,0.0011656059483370522,0.0015858584181647592,0.002523921550664771,0.0026663294577440517
ViTscratch,400,61,0.31207645,0,0.0,True,0.0015006605301670698,0.0007497369223606251,0.0005413012338305668,0.0012831759530219555,0.0017552843466562054
ViTscratch,400,61,0.68917614,1,1.0,True,0.007059642745848301,0.005789924082558409,0.005465786157951458,0.005608959333067493,0.004758566364481617
ViTscratch,400,61,0.5742453,1,1.0,True,0.00585166758424556,0.0014800930630001284,0.0017583662441272505,0.0027951892273867006,0.0023497492484331364
ViTscratch,400,61,0.21218282,0,1.0,False,0.00125213883338851,0.0022449818506789336,0.0029510657483324265,0.0034294270426721792,0.003086692828083462
ViTscratch,400,61,0.12825225,0,0.0,True,-0.001140618686964432,-0.0007029249399047336,0.000694895343853897,0.00019159586129219796,0.0008184304547752297
ViTscratch,400,61,0.2764295,0,1.0,False,0.005374639329413423,0.004961215566778868,0.0041028970666676405,0.0037506247281252907,0.0037976375580863688
ViTscratch,400,61,0.12871216,0,0.0,True,-0.001680732914716408,-2.0431518781154697e-05,0.00011565741933890082,0.000721602332115037,-0.00027880065792522743
ViTscratch,400,61,0.85370517,1,1.0,True,0.0016686307070319358,0.0014943297925720275,0.0031584680059858258,0.0033460385691583467,0.0034581437814164666
ViTscratch,400,61,0.23854189,0,0.0,True,0.0036379712194581403,0.001748194700364442,-2.9325125448966412e-05,0.0001802309096334453,6.208826927222148e-05
ViTscratch,400,61,0.15254726,0,0.0,True,-0.003560981428075561,-0.0018780793031125467,0.00018613073889675382,0.00012967321287863872,-0.0006169277643539523
ViTscratch,400,61,0.8406981,1,1.0,True,0.002206416797774624,0.0028873036688984582,0.003347301383593635,0.004470080909307366,0.00461880253256397
ViTscratch,400,61,0.17517346,0,0.0,True,-0.004907916859293618,-0.004380885234438484,-0.002148244489212534,-0.0013732331470198758,-0.0017288295842660059
ViTscratch,400,61,0.37994194,0,1.0,False,0.004915401724185042,0.0035348368090449733,0.002628142045074459,0.0027541804887381833,0.0028392427378821448
ViTscratch,400,61,0.15063947,0,0.0,True,0.003616343637522842,0.004631136328696044,0.0018374849288592802,0.0014004632596326182,0.0002239987813675703
ViTscratch,400,61,0.57972467,1,1.0,True,0.001839754695314625,0.0028965059196209867,0.0029639573976552604,0.0026483266820266768,0.0026441288430469443
ViTscratch,400,61,0.90662986,1,1.0,True,0.004998569776369807,0.0021628802594797036,0.0004254987044895097,0.0026960537659287227,0.0025543671904532236
ViTscratch,400,61,0.21026698,0,0.0,True,0.0037754178427034917,0.004507367754277234,0.0011125144186550796,0.00043694100788931446,0.000917274192616205
ViTscratch,400,62,0.93905747,1,1.0,True,-0.00026754913312061887,0.001570442559020931,0.001126142967280922,0.002426145576201605,0.001677535252276331
ViTscratch,400,62,0.47985527,0,1.0,False,0.002809472208739692,0.00160279652237143,0.0018383796287567676,0.00209214969761149,0.003323892776597385
ViTscratch,400,62,0.7687495,1,1.0,True,0.004378772760045843,0.004849019239417871,0.004441439021375294,0.003928905967923786,0.004872489332306746
ViTscratch,400,62,0.43782976,0,0.0,True,0.0008757988945882303,0.0009836993336801581,0.000342076175701682,0.0003035989787696075,3.62507504353894e-06
ViTscratch,400,62,0.23165844,0,0.0,True,-0.0009816627394881176,-0.0015164356389551579,-2.1527515758304624e-05,0.0008598800911468939,0.0014760870058297074
ViTscratch,400,62,0.20440765,0,0.0,True,0.0015024662253569948,-0.0007417944477764704,-0.00036966311067197647,8.381014935041634e-05,0.0013237581415461027
ViTscratch,400,62,0.16241819,0,0.0,True,0.000294906072914603,0.00014476314794940702,-0.0008098612211887531,-0.000864333983094893,-0.00017221299123404361
ViTscratch,400,62,0.9638648,1,1.0,True,3.8482641994345735e-05,0.002272513508275809,0.004465814190100961,0.004841912846469459,0.003574529819710703
ViTscratch,400,62,0.43076283,0,1.0,False,0.002527374423692786,0.0010874840146351704,0.002525688318597878,0.0021602386355242796,0.0029266610656273487
ViTscratch,400,62,0.57914686,1,1.0,True,0.004223163223167185,0.001964729168405245,0.002531135305169148,0.0030965554012988322,0.0032321085105194705
ViTscratch,400,62,0.32037094,0,1.0,False,0.008769424319558353,0.007556989937100486,0.007920095402443948,0.006767343911480555,0.005414850969864136
ViTscratch,400,62,0.16633065,0,0.0,True,-0.0043224190801237385,-0.004817034364504108,-0.0028588140313995816,-0.0029672545551705713,-0.0027494598054250583
ViTscratch,400,62,0.32479265,0,0.0,True,-0.0005357960668852086,0.00036661916338505467,0.00016176655025510202,-0.0005765839217928838,-0.0007487651527691528
ViTscratch,400,62,0.40524074,0,1.0,False,0.002332416723555767,0.0042492928253198715,0.00463780268039327,0.004354809501552691,0.003085516455663301
ViTscratch,400,62,0.11610084,0,0.0,True,0.0013045680788487644,0.0006477805318616144,0.0004203176279252697,-0.0006209458504868164,-0.0006530799752056731
ViTscratch,400,62,0.42683995,0,1.0,False,0.006328701715211349,0.003031210854269157,0.0011402014422611825,0.0024730397981826244,0.002051568840988249
ViTscratch,400,62,0.6077245,1,1.0,True,0.006666666687061427,0.004560055584078755,0.00343661132720252,0.0039224759168171915,0.003093242591867516
ViTscratch,400,62,0.1715474,0,0.0,True,0.0006457903770418543,0.0009352709018895814,0.0006350332821798452,-0.00043663794912149654,-0.0003761641898255819
ViTscratch,400,62,0.89275604,1,1.0,True,0.001991857593698263,0.003970585359372449,0.003960974909652529,0.003175650027491522,0.003898882291053436
ViTscratch,400,62,0.22646226,0,0.0,True,-0.0010087171177081326,-0.0013678064640777392,-0.0011698034625981064,-0.0018262145993184786,-0.0011895330613146023
ViTscratch,400,62,0.305323,0,1.0,False,0.0012615270921546768,0.0030193041181511768,0.0036720853228862115,0.003322408299627292,0.0034890246309380404
ViTscratch,400,62,0.4726575,0,1.0,False,0.003941281674170384,0.0026676093910072453,0.002140076332235948,0.001681121913045011,0.002025784725411383
ViTscratch,400,62,0.41532204,0,1.0,False,0.003952118839959146,0.004967686932987124,0.003314246984717926,0.003137801313417787,0.003400805214769968
ViTscratch,400,62,0.37914497,0,1.0,False,0.008195448083941433,0.004077758787868931,0.003119728299393037,0.0027609653536840584,0.002460917741544669
ViTscratch,400,62,0.30582148,0,1.0,False,-0.004092836067789619,-0.00033982626085083425,0.0008302769346923066,0.0008321726646451123,0.0011965863536025655
ViTscratch,400,62,0.23807524,0,0.0,True,0.0015686690445763077,0.00034727491503635594,0.001145723735019088,0.0007318379719763722,0.0014653688228343045
ViTscratch,400,62,0.79908097,1,1.0,True,0.005056538855631336,0.004623166282952139,0.0033893010168676,0.003942267785134476,0.0034401407880399935
ViTscratch,400,62,0.92621213,1,1.0,True,0.006108790635887035,0.004553434110434491,0.003686403240116181,0.004323900765327193,0.00404466921857313
ViTscratch,400,62,0.36796322,0,0.0,True,0.002868097910848884,0.0010204299576637142,0.0013083722531009073,0.0019410281445966379,0.0012824613297014733
ViTscratch,400,62,0.39419788,0,1.0,False,0.0039716471364997594,0.003750905881114666,0.0028470250026783623,0.0035654809808866638,0.0035636810626731973
ViTscratch,400,62,0.97997206,1,1.0,True,0.004921995654153753,0.005919190101243545,0.006006055929947809,0.006276550833112186,0.005225761850100001
ViTscratch,400,62,0.9713973,1,1.0,True,0.007528955214048703,0.006873383116642336,0.004356969813857674,0.0034693663658896647,0.0029322037785096747
ViTscratch,400,62,0.23305267,0,1.0,False,0.003916107558421441,0.002020227869308065,0.0012205314647778325,0.0013108055566329205,0.0013557470216688239
ViTscratch,400,62,0.4269666,0,1.0,False,0.0013400946585409683,0.0014295057408055894,0.002071913044639503,0.0037253757885604027,0.002510226929758894
ViTscratch,400,62,0.26429364,0,0.0,True,-0.0028514596844471905,-0.0019061742475781163,-0.00018513490016423302,0.00022117942790696605,0.000921437270986552
ViTscratch,400,62,0.17286968,0,0.0,True,-0.003360800760929042,-0.0017463935611695609,-0.0019285918004612592,-0.002134297293865784,-0.0017728996123766718
ViTscratch,400,62,0.34812638,0,0.0,True,0.00027069648645184095,0.0014444775900402085,0.0010844167700385136,0.0015179116920678352,0.0015476714852713754
ViTscratch,400,62,0.23948115,0,1.0,False,0.007264431071863837,0.0050592230649125795,0.005888313883953943,0.006386179262408118,0.006016287423279622
ViTscratch,400,62,0.18218301,0,0.0,True,0.001135254201665895,-0.00014985300830839589,-2.6900133317632656e-05,0.0001008214699420902,0.000359215620513249
ViTscratch,400,62,0.88689035,1,1.0,True,0.0014407567217338802,0.002069987181873426,0.00015055198387608652,0.00022309462688245617,-0.000922064832672666
ViTscratch,400,62,0.785995,1,0.0,False,-0.0008771954908346843,0.0003073975825349858,-0.0006281457321731618,-9.439390725012729e-06,0.0010604475400194852
ViTscratch,400,62,0.13649866,0,0.0,True,-0.004060173080083225,-0.0011920189320967797,-0.0010176540304394693,-0.0005661152485909878,-0.001264565437777016
ViTscratch,400,62,0.30696666,0,0.0,True,-0.0022087752289820677,-0.003128087090828778,-0.0031649704392113396,-0.0019869260660135744,-0.0009845033592453245
ViTscratch,400,62,0.23863538,0,0.0,True,-9.355573121410758e-05,0.00021395250001624344,0.0007861462139918671,0.0011645756734991715,0.0013826857115215294
ViTscratch,400,62,0.34233382,0,0.0,True,0.003351296549605151,0.0034619952519504304,0.002316660043003528,0.0032252045153396834,0.003239250791808577
ViTscratch,400,62,0.994724,1,1.0,True,0.0012142680313781758,0.003718906767522418,0.003997731853681122,0.003985971243827087,0.0036885928226434977
ViTscratch,400,62,0.4774646,0,1.0,False,0.0031758273741997957,0.0033298133943127986,0.002525659694849705,0.002740130937478377,0.0019284692800994967
ViTscratch,400,62,0.14252031,0,0.0,True,-0.0024215351890700815,-0.0016715119073988708,-0.0009490000125466,-0.0004519603786258434,-3.221332216732325e-05
ViTscratch,400,62,0.4164357,0,1.0,False,-0.0011117264982229483,0.0017783479180300233,0.0032312708682503554,0.004442908042260383,0.004654745915983289
ViTscratch,400,62,0.25226685,0,1.0,False,0.003357813818980408,0.0025337550268768935,0.0017627578659831899,0.002172847627897442,0.001662421716843634
ViTscratch,400,62,0.30572245,0,1.0,False,-0.0007047185210959851,0.0020617463103886915,0.0022218554124837234,0.0020114690673879677,0.0022486462687952946
ViTscratch,400,62,0.31973293,0,1.0,False,0.0016646640181383228,0.0024192050498978417,0.002953782712031836,0.0024499939206943377,0.0036770890420233186
ViTscratch,400,62,0.21019937,0,0.0,True,0.0009512511647590228,-0.001895727050292298,-3.889617042670118e-05,0.0005081530606204735,0.0003311980341251417
ViTscratch,400,62,0.42324477,0,1.0,False,0.004116114479483941,0.0035515483724557497,0.0036443736992196503,0.0028977852921066383,0.002757373025399279
ViTscratch,400,62,0.16653621,0,0.0,True,-0.0011949018971033464,-0.001529007201111343,-0.0008172801764213161,-0.0011151785200412111,-0.0014334796547689648
ViTscratch,400,62,0.20938885,0,0.0,True,0.0036803804968798337,0.003226975378965375,0.0016455462759274117,0.001501728709430107,0.0027232855226887497
ViTscratch,400,62,0.25735587,0,1.0,False,0.0018284705001536815,0.00373784188087557,0.0037383697350174497,0.004851140071264245,0.0040569662735913765
ViTscratch,400,62,0.1562618,0,0.0,True,-0.002496797404382054,-0.0009061417531240581,-0.0007649422373078157,-0.00043039569956923986,-0.00023704010922882316
ViTscratch,400,62,0.69419056,1,1.0,True,0.003070024278209796,0.003914515411607034,0.004032550919899497,0.004326891597483241,0.003894025690744202
ViTscratch,400,62,0.14612144,0,0.0,True,-0.0008778942631881549,0.0013481307634283578,0.00012075281225599543,-0.00038428545487528083,-0.0003884645957325963
ViTscratch,400,62,0.3317378,0,0.0,True,-0.005389414225953229,-0.0009357239100711639,-0.0018058698851500618,-0.000592285160630808,-0.0005175540704079982
ViTscratch,400,62,0.1647118,0,0.0,True,-0.0006276477319054305,-0.0011241064958865013,-0.0011737699357998212,-0.0009005963591530343,-0.0007467929710142623
ViTscratch,400,62,0.506025,1,1.0,True,0.004768466707608929,0.005910121107361721,0.005861199753712938,0.005170477965858769,0.004868542456927187
ViTscratch,400,62,0.16881533,0,0.0,True,0.0023691964567392546,0.0015125672665139169,-0.00038458353292185376,-0.0011157291722296012,-0.001326791634264805
ViTscratch,400,62,0.18636441,0,0.0,True,-0.0003262366086762923,0.0017185538432591026,0.0010297975566484709,0.0003204582285650761,0.00028438881773939573
ViTscratch,400,62,0.14283651,0,0.0,True,0.0003889800760969463,1.3265058401204231e-05,0.000570526948343218,0.0004727722601989034,-4.432679769967339e-05
ViTscratch,400,62,0.82439953,1,1.0,True,0.00011557852926235165,0.0034783924863231513,0.0030304716186475575,0.002911534520731334,0.002690303863900516
ViTscratch,400,62,0.119369544,0,0.0,True,0.0013403384798232442,-0.0023091167441203824,-0.0026553420222223466,-0.002119905125225597,-0.0017309065688461505
ViTscratch,400,62,0.5726647,1,1.0,True,0.0028375329630944066,0.0029913166599684522,0.0017887760896769978,0.002149643580706768,0.002718070160587493
ViTscratch,400,62,0.29027125,0,1.0,False,0.0019072720467306656,0.0026509701885840194,0.0035384095974367318,0.0021487512237007796,0.0019418650999456556
ViTscratch,400,62,0.92370737,1,1.0,True,0.004034516840878617,0.004064604876033294,0.0035965865878880452,0.0035875229267117513,0.002586381585994711
ViTscratch,400,62,0.6803718,1,1.0,True,0.0025937666198106724,0.004472781338806956,0.004514052671525322,0.004861458547144389,0.004624526170650238
ViTscratch,400,62,0.2560935,0,0.0,True,0.00038659724451990137,-0.0008677091357032671,-0.00017377886045726696,-0.0010523956176424524,-0.000359565025997002
ViTscratch,400,62,0.17090823,0,0.0,True,0.0022161949485396504,0.0008013124201143185,0.0012921929935579915,0.0004225764051429708,0.0009752899789011826
ViTscratch,400,62,0.9341751,1,1.0,True,0.003876869098313941,0.0026464234780111478,0.0036277983329653695,0.003646815422307636,0.004040493921464644
ViTscratch,400,62,0.34287715,0,0.0,True,-0.00015298844282316971,-0.0009183283062916898,0.00028245023715272195,7.013605573326434e-05,0.0003555516795858612
ViTscratch,400,62,0.4310108,0,1.0,False,-0.0006409971605073625,0.001077273723149419,9.871941770541082e-05,0.0015794314120640429,0.001709145660816323
ViTscratch,400,62,0.699223,1,1.0,True,0.0029260326277997426,0.0038580870289274326,0.003604048016872944,0.00407696420989487,0.003404006030014763
ViTscratch,400,62,0.26330078,0,0.0,True,0.0009015748507172508,0.0030231096552574424,0.0032321092664107007,0.00319423068815786,0.0023518686622525102
ViTscratch,400,62,0.21468718,0,1.0,False,0.0033564549625218036,0.0035363233580227665,0.0019914002011904865,0.0023944750464135497,0.0025878259893398823
ViTscratch,400,62,0.2994657,0,0.0,True,0.0006470014225353152,0.0018395789660404008,-0.0003900915411709295,-0.0009323882777201397,-0.0011810770613112033
ViTscratch,400,62,0.8053344,1,1.0,True,0.006066716406194201,0.00277488290701793,0.0025316019330342025,0.0027195592332396818,0.0027812997196034633
ViTscratch,400,62,0.14853495,0,0.0,True,0.0008691813306256083,0.001578833097873027,0.0005359480281397535,-8.393239581041531e-05,-0.0005500509492390803
ViTscratch,400,62,0.729622,1,1.0,True,-0.0017741534928220502,0.003769247840280935,0.002768742320362486,0.0018885038437676468,0.002803506923131913
ViTscratch,400,62,0.28761542,0,0.0,True,-0.001895204582257639,0.00011605689556671302,-0.0004470979982313282,0.00048428332272214785,0.00036209194642364674
ViTscratch,400,62,0.3355766,0,0.0,True,0.0008897147115067189,0.0006021813053338536,0.000854428246531799,0.0016417841741297294,0.0019727502563141723
ViTscratch,400,62,0.15533434,0,0.0,True,0.001662842055488269,0.0015459883976136047,0.000616262901398187,0.0007858385029347673,0.00026877428893471654
ViTscratch,400,62,0.15021873,0,0.0,True,9.976203136034024e-05,-0.001406420796457253,-0.00013172747436537285,0.0001515981060359568,0.000954480162488197
ViTscratch,400,62,0.20023778,0,0.0,True,0.0019360621230378571,0.0017126965311067026,8.582250322517448e-05,0.00041501970079475093,0.0010264400616111287
ViTscratch,400,62,0.28040847,0,0.0,True,-0.0024743380824696235,0.002359750355115535,0.0007443050059845936,0.0011801522127205246,-1.8036062552227353e-05
ViTscratch,400,62,0.16999172,0,0.0,True,-0.003760977508196706,-0.002548632481594581,-0.002133079431950776,-0.0018443683323162618,-0.002643911838938922
ViTscratch,400,62,0.19400947,0,0.0,True,-0.0032964901653687495,-0.002541572964232003,-0.002454751876051573,-0.0013970799483806267,-0.0016004160727162958
ViTscratch,400,62,0.20606391,0,0.0,True,0.0007315619178710885,0.00011680017619466328,-0.0016091901621277768,-0.0005884549088907348,-0.00023708411639734463
ViTscratch,400,62,0.14170891,0,0.0,True,-0.004154668147429518,-0.0006464927424177657,-0.001543568357464233,-0.0012102398760118738,-0.0004284395395732367
ViTscratch,400,62,0.33601427,0,0.0,True,-0.00035135470186697286,-0.0003831485253687521,0.0006946626723358867,-0.0004941796956332536,-0.0003858592472015473
ViTscratch,400,62,0.73355144,1,1.0,True,0.007233802772287232,0.003157390812720615,0.002242320190704949,0.00238912028689779,0.0024428837364225543
ViTscratch,400,62,0.2256405,0,0.0,True,-7.21212695227873e-05,0.0009129431146685665,0.000761131552335835,0.0003488995164516685,0.00040601415369061336
ViTscratch,400,62,0.1554556,0,0.0,True,-0.0018488696874819912,-0.00045871277479959797,-0.0005814367707087733,0.0004415862379053996,0.00030367667991101677
ViTscratch,400,62,0.30078664,0,1.0,False,-0.0016587886765299447,0.0014883947502307893,0.0020892150719587802,0.0024294821579434788,0.002680566880833604
ViTscratch,400,62,0.5428139,1,1.0,True,0.00869421694555193,0.004940709374945914,0.0031671896618205198,0.0027361266969921803,0.003339669075337349
ViTscratch,400,63,0.6577279,1,1.0,True,-0.00011203439640381375,-0.000219029330703852,0.0018305298940355266,0.0021860471901384722,0.002859332674488969
ViTscratch,400,63,0.9972716,1,1.0,True,0.002516291137437866,0.0034296977200575346,0.004304057567229539,0.0034839806912670157,0.0034609304750748545
ViTscratch,400,63,0.25499043,0,0.0,True,-0.0006263949872360874,0.0010104608856182085,0.0011937052196589514,0.0007139437590824394,0.0015821262234002773
ViTscratch,400,63,0.4538909,0,1.0,False,-0.00026427120788593146,0.00016196700529607567,0.0022643491545534075,0.0026749783961360013,0.0023642272639631643
ViTscratch,400,63,0.13484356,0,0.0,True,-0.0035695775920339687,-0.00043011119756202615,-8.055434659666124e-05,0.00026149575206326956,-0.0001876613809462474
ViTscratch,400,63,0.15608436,0,0.0,True,0.003160784813955083,0.0009065364377483683,0.0009242103248908513,0.00011259150251543379,-0.00046879980713896975
ViTscratch,400,63,0.46648854,0,1.0,False,0.006171313242838301,0.006894473684006107,0.006145426137181583,0.004852215822394114,0.004661121886610587
ViTscratch,400,63,0.12732507,0,0.0,True,-0.002069575864224774,-0.0006538150009927416,-0.0008428555836547663,-0.001108089872915377,-0.00017259035810027033
ViTscratch,400,63,0.2370147,0,0.0,True,-0.00209413312796656,-0.0020403399979350397,-0.0016849979217487916,-0.0023947502040531426,-0.0017498319217634378
ViTscratch,400,63,0.51346934,1,1.0,True,0.004021615718075001,0.0013924188404107938,0.002089997401706781,0.0029973237750490246,0.0030111474261283228
ViTscratch,400,63,0.20027652,0,0.0,True,-0.0038908649674159125,-0.004277542245201133,-0.0027145903707815446,-0.003571377633154166,-0.0018844474852502675
ViTscratch,400,63,0.4217642,0,0.0,True,-0.002133934139361023,-0.001133004773997059,0.00036912285501352997,5.628283274540421e-05,0.0003264888317484456
ViTscratch,400,63,0.19686906,0,0.0,True,-0.000128513334413541,0.0010637961926166382,0.0010567204251014926,0.0014183120011543172,0.0011301238754203536
ViTscratch,400,63,0.9197307,1,1.0,True,0.0020263590774167333,0.0036412846646909323,0.00476614495326224,0.005292319164934597,0.005571062852744258
ViTscratch,400,63,0.58462924,1,1.0,True,0.0006337072083597544,0.0002645098077617054,0.0009120243402560448,0.0022404631317948336,0.002980094534520814
ViTscratch,400,63,0.48046055,0,1.0,False,0.00025061401252021525,0.0020702358675948685,0.0024916017334213635,0.0024905509053747684,0.0021284530943039446
ViTscratch,400,63,0.19343083,0,0.0,True,0.004097334172654855,0.001637039604135133,0.0010842776962183035,-0.0003179142128190985,3.749845855326756e-05
ViTscratch,400,63,0.6007127,1,0.0,False,0.0012803647834362835,0.0020912781562322873,0.0019325443774639431,0.0019047390763737352,0.001491118789436752
ViTscratch,400,63,0.17530847,0,0.0,True,-0.002310300105702606,-0.0006000696385926282,0.0006743427816210817,0.0007883124628169223,0.0007034407889155887
ViTscratch,400,63,0.8796359,1,1.0,True,-0.0009199413742678988,0.0028371262626729634,0.0029099214165604122,0.0031959235824058694,0.003673978236111277
ViTscratch,400,63,0.28014362,0,0.0,True,-0.000531868640737861,-0.0009592942088598945,-0.00018591454846784237,-0.00029198877357421464,-0.00023498821937493534
ViTscratch,400,63,0.30131492,0,0.0,True,0.0004886202508937862,0.002202207250284206,0.0014405863355911209,0.0019244938459823907,0.0009446200959778907
ViTscratch,400,63,0.13605386,0,0.0,True,0.0012543484203168854,-0.0018506385198890053,-0.001096960203299173,0.0002810786660725733,-0.0005978630333634275
ViTscratch,400,63,0.17140071,0,0.0,True,-0.004248851297782566,-0.0006220298763485434,-0.0002981855295301923,-0.00032782122994760794,-0.0006281579316549952
ViTscratch,400,63,0.16158317,0,0.0,True,0.0009789839390444298,-0.0009079694468843918,-0.0014216729968576244,-0.0016931092445367048,-0.0015975451827741577
ViTscratch,400,63,0.8065479,1,1.0,True,0.00621526587445102,0.005602029429754807,0.004266944238491366,0.0045437723262976805,0.004107996891922868
ViTscratch,400,63,0.2982719,0,0.0,True,-0.002328320337663882,-0.0020801470622875263,-0.0024892912333251546,-0.0015669146874217356,-0.0010078846814072693
ViTscratch,400,63,0.6720152,1,1.0,True,-0.0024677609920018126,0.0013065116970380542,0.003227212518945503,0.0026706297826457693,0.0023046919814702425
ViTscratch,400,63,0.16657142,0,0.0,True,-0.0011339186496580518,-0.0024091405999594083,-0.002196506558994771,-0.001176199876704487,-0.0009107883959986301
ViTscratch,400,63,0.4556126,0,1.0,False,-0.0011966639637636903,0.0008782639578447476,0.002041281408710929,0.001112919765352831,0.0024669798541415923
ViTscratch,400,63,0.17095074,0,0.0,True,0.004674902282813417,0.002559818842831894,0.0014406751260459063,0.0010445298085031125,0.0007158227218168961
ViTscratch,400,63,0.40198478,0,1.0,False,0.0030821508687037106,0.0042716737404439944,0.005279791151754669,0.006077641721433167,0.005691612510020688
ViTscratch,400,63,0.21759158,0,0.0,True,0.0002524524972967581,0.0010556885910591547,5.797460126957448e-06,-0.00018417500660841972,0.00024043533659237547
ViTscratch,400,63,0.26018447,0,1.0,False,0.00595622212510194,0.004269638745601117,0.002633413543403235,0.0007614169657682915,0.0010011356758387788
ViTscratch,400,63,0.693888,1,1.0,True,-0.0016182205171627975,0.002357066034880819,0.003699962946850044,0.004086031211765666,0.003703069225589471
ViTscratch,400,63,0.55725914,1,1.0,True,-0.0020713550419973084,-0.0007757408489642456,3.360636781526568e-05,0.0002193922772728982,0.0003592155295180595
ViTscratch,400,63,0.1615648,0,0.0,True,-0.0021578129260634493,-0.00040372597442827756,-0.0013467613350394867,-0.0004522223556868042,-0.0003553226922966794
ViTscratch,400,63,0.9961563,1,1.0,True,0.007642587869909135,0.0016800482727194015,0.002293028243564596,0.002658712695876939,0.001862345345038804
ViTscratch,400,63,0.18498552,0,0.0,True,-0.0016893425617196733,0.002134967108288328,0.002552308470459195,0.001363951906718371,0.0018137277531968315
ViTscratch,400,63,0.1320971,0,0.0,True,0.001627566977172543,0.0012534256552488954,0.0016235953981069242,-6.094058279900664e-05,-0.0003362432674800794
ViTscratch,400,63,0.2770548,0,0.0,True,-0.001053651122064555,0.00029402556425494675,-0.00031077517870995954,-0.0013468626519368635,-0.001698691184845435
ViTscratch,400,63,0.24725242,0,0.0,True,0.00042190909756852297,-0.00152860087635039,-0.00032964965469450336,0.000497677010174434,0.0007965046849826068
ViTscratch,400,63,0.15617079,0,0.0,True,0.0019272401539253514,0.002657240216822219,0.0008138247149122391,0.00030230345502817494,-6.284803813785123e-05
ViTscratch,400,63,0.17811483,0,0.0,True,-0.001629112364759411,-0.0016562421188422184,-0.001955618339181367,-0.000764144932568755,-0.0012594394891516426
ViTscratch,400,63,0.9872443,1,1.0,True,0.005586878681471791,0.006221055861986259,0.006789778699891343,0.005403023227398191,0.004881515586300521
ViTscratch,400,63,0.31975836,0,0.0,True,0.0033855568697617236,0.0011942529977148086,0.0019154380775971967,0.001199288324894308,0.0015654570600597316
ViTscratch,400,63,0.20674701,0,0.0,True,-0.0004291187378148263,-0.0008882792663047223,0.00011771247608457736,2.7726324180620413e-05,0.0006510748983590052
ViTscratch,400,63,0.7406109,1,1.0,True,0.003725576550860107,0.0035171423133744744,0.0017168755884454845,0.002876231042889119,0.0022601306699546455
ViTscratch,400,63,0.6063642,1,1.0,True,0.004542365808209104,0.002270144490269857,0.003409716600004953,0.004124908388946688,0.0037636464261301176
ViTscratch,400,63,0.21480645,0,0.0,True,-0.00034484864653470715,-3.777470284169126e-05,0.00022422669455113905,0.0007550597505708347,0.0005608693744495473
ViTscratch,400,63,0.47925624,0,1.0,False,0.0029279678946341993,0.002982129792096216,0.002600609823446459,0.0015683086283609482,0.00198107902573814
ViTscratch,400,63,0.2169971,0,0.0,True,0.00037618544354205147,0.0014684702074805659,0.0011139175822587337,0.0007447962413220451,0.0007242979845796953
ViTscratch,400,63,0.2981183,0,0.0,True,0.004674308946938041,0.003513608790852552,0.0020858590764472,0.0025072409535728066,0.002210393802034271
ViTscratch,400,63,0.4377233,0,1.0,False,0.005058952062499035,0.003609929150240368,0.0033759202364535175,0.0032230062649340084,0.0031352312983079778
ViTscratch,400,63,0.5530623,1,1.0,True,0.004398495864244702,0.002438897078027067,0.0029590921984539486,0.0014792216436110503,0.002916699360813378
ViTscratch,400,63,0.2801374,0,1.0,False,0.001678464125358043,0.002326553056257979,0.0025366163529591847,0.0031907141141426913,0.0035378527916874744
ViTscratch,400,63,0.6802891,1,1.0,True,0.0032067312054303364,0.001673771844502301,0.0012005632689269974,0.0006776838295720227,0.0017163124275198871
ViTscratch,400,63,0.16612557,0,0.0,True,-0.0006008258014161184,-0.0003065496187907433,0.00041140561332990005,7.947595606993261e-05,0.0007313667674461402
ViTscratch,400,63,0.12133308,0,0.0,True,-0.0010857943310416602,-0.0014699434335402977,-0.0003431902461972641,-0.0007343864779980623,-0.0014412553733352716
ViTscratch,400,63,0.26697594,0,0.0,True,0.0013449671364701883,0.002557188744155455,0.0021728720841014655,0.0016860089678490209,0.0011801235293244167
ViTscratch,400,63,0.6730368,1,1.0,True,-0.000886692310502638,-0.00016573820073350704,0.0010550950972511388,0.0023723199705685425,0.002032444935826458
ViTscratch,400,63,0.13812256,0,0.0,True,-0.0026515332150212627,-0.0024798369457556327,-0.0009964599040985652,-0.0013192536559781445,-0.0006047432285849392
ViTscratch,400,63,0.5512407,1,1.0,True,0.0021359826260816707,0.0011285248985434238,0.0022920414774236304,0.0013800698241714412,0.0029708151701985665
ViTscratch,400,63,0.9273267,1,1.0,True,0.002321515054881199,0.0027448054399005378,0.0043834706045640616,0.004213714532687149,0.004184267704280419
ViTscratch,400,63,0.12039652,0,0.0,True,-0.006132084330896802,-0.0058827159026751015,-0.00365486359940304,-0.0020812091627330194,-0.0015639357696044971
ViTscratch,400,63,0.9729244,1,1.0,True,0.003654693337692102,0.003250663992714362,0.002950398313232859,0.003792328693882771,0.0032855198909097086
ViTscratch,400,63,0.2826819,0,1.0,False,0.0031327719360603142,0.002992420945822944,0.0028642797103554983,0.0023678770047858067,0.0032065009640216877
ViTscratch,400,63,0.47647557,0,1.0,False,0.003257051118234231,0.002740656425655655,0.002407103530984664,0.0030056918838417593,0.003578890835098555
ViTscratch,400,63,0.17468433,0,0.0,True,0.000884331323147028,0.001651014350087856,0.0006068362270871447,-9.858902795795845e-05,-7.164297125255266e-05
ViTscratch,400,63,0.9988531,1,1.0,True,0.0060998713217228365,0.008366090405300175,0.0056883152932715115,0.005459474675660426,0.005561433599540185
ViTscratch,400,63,0.113473296,0,0.0,True,0.00392203669479331,0.0015995320811865936,0.0003682735426573647,-0.00046563690885371056,-0.0015241773331770468
ViTscratch,400,63,0.20916522,0,1.0,False,-0.00565161844139711,-0.003632364196647585,-0.00206866500935867,-0.001122630678911369,-0.0005012505239296106
ViTscratch,400,63,0.1840422,0,0.0,True,-0.0018922321456046774,-0.003808034038616882,-0.0028056982879782802,-0.001732707630798898,-0.0012695235571525672
ViTscratch,400,63,0.96027535,1,1.0,True,0.002017966076445679,0.0014254582938063017,0.00228358802429086,0.0021209761028463266,0.003427515101413876
ViTscratch,400,63,0.24672922,0,0.0,True,0.0020420395754638426,-0.0004209844977922455,-0.0008214798414034365,0.0006879571177066229,0.0014249859971920795
ViTscratch,400,63,0.7025232,1,1.0,True,0.002578547218025068,0.002237628673201431,0.004699464562857161,0.0042351652129392885,0.004132195589177927
ViTscratch,400,63,0.25965333,0,1.0,False,0.005236633821006533,0.003354863277697575,0.003721161004410417,0.004385111128352834,0.0035474333822636717
ViTscratch,400,63,0.15975834,0,0.0,True,-0.0029261052427490782,-0.001323574610882595,-0.0027112010451271424,-0.0019025704772425525,-0.0016744840750772163
ViTscratch,400,63,0.14346844,0,0.0,True,-0.003322796977322821,-0.0018464721547123463,-0.0013419830289243847,-0.0013567375528874411,-0.001184918552720985
ViTscratch,400,63,0.12567972,0,0.0,True,-0.0019430495620728844,-0.0025226286204726237,-0.002115363086870968,-0.0019345522490062045,-0.0018670849905022663
ViTscratch,400,63,0.17903474,0,0.0,True,-0.000299861026538609,-0.0011421136411765666,-0.0016004925744722114,-0.0007616960688482987,-0.0006931731320471931
ViTscratch,400,63,0.2946099,0,0.0,True,0.0019290127159332772,0.0016991083625114407,0.0016445791747488718,0.0011497397757092805,0.001598189077829516
ViTscratch,400,63,0.23890619,0,0.0,True,0.002593962409529543,0.0018318719427959655,0.0026675216812490745,0.002097506121643064,0.0026221947648438155
ViTscratch,400,63,0.6613705,1,1.0,True,0.0048463975380413585,0.004632700819175093,0.004402121205652361,0.005270536073263113,0.0053674110002708796
ViTscratch,400,63,0.1972709,0,0.0,True,0.006182173384386177,0.0036552843215600234,0.0009581192369935214,0.0010060022187298068,0.001259521754652176
ViTscratch,400,63,0.12607591,0,0.0,True,0.0010439054152161238,0.0013023322626444702,0.0017374563361143036,0.0015822303202265822,0.0018322108078300291
ViTscratch,400,63,0.9321184,1,1.0,True,0.003992869251558873,0.006093357948618895,0.006142950556787212,0.005265843209678172,0.004783507994190796
ViTscratch,400,63,0.27145642,0,0.0,True,-0.0008685661325105327,-0.0006243931779122687,-9.53669702050596e-05,-0.00024553555940895797,6.713784833091869e-05
ViTscratch,400,63,0.40564087,0,1.0,False,0.00016493485166249003,0.0014196995076221192,0.002769993351978942,0.0024519465605005644,0.0025991324137668646
ViTscratch,400,63,0.97534627,1,1.0,True,0.0060612718724049495,0.005497342416661023,0.004571955120822448,0.0033025401505084114,0.003527970303074469
ViTscratch,400,63,0.29463777,0,1.0,False,0.0046961267579648455,0.00325947882256605,0.0024513198307864197,0.0034659803649691417,0.003352586693570145
ViTscratch,400,63,0.3223494,0,1.0,False,0.0047449462980796425,0.00263619373172224,0.0016030181373623985,0.003202729792056998,0.002856535355617216
ViTscratch,400,63,0.37836605,0,0.0,True,-0.005044913109541116,-0.00024582166995337773,0.0009423933281236363,0.0015389927787650415,0.0011329595329617312
ViTscratch,400,63,0.34221372,0,0.0,True,0.003470763910639731,0.0024086690813054814,0.002604327205242078,0.002018466922032007,0.002070091202955347
ViTscratch,400,63,0.13414972,0,0.0,True,0.0007370212026768739,-0.0008364505603902158,-0.0003411691936910145,0.0006427506625645325,0.0006680954572324573
ViTscratch,400,63,0.95794034,1,1.0,True,0.0013733884877154684,0.004443071375629058,0.00421192815584239,0.004205762824145893,0.0043855635972686255
ViTscratch,400,63,0.57055986,1,1.0,True,0.005684789903866578,0.0030448500238208736,0.002844210395243435,0.003403204831935778,0.0033436121499197642
ViTscratch,400,63,0.94194573,1,1.0,True,0.0013627627884928578,0.0016853553340499586,0.0035242119275120045,0.00293451909236431,0.0032034146119808166
ViTscratch,400,63,0.16797727,0,0.0,True,0.004084623814444511,0.002138948141684432,0.0009334596016387076,0.0006663040848171029,0.0006394725655342729
ViTscratch,400,63,0.34007034,0,0.0,True,-0.0026605199339192966,0.0002219704185135381,-0.00017555451281539835,0.00105914003102551,0.0004219143828120146
ViTscratch,400,64,0.4498924,0,0.0,True,-0.000714516007283429,0.001335654255376242,0.00048096206239813417,0.0006501220453686583,0.0005380220652236005
ViTscratch,400,64,0.2028825,0,0.0,True,-0.00263562787583007,-0.001954900953687312,-0.0012262411167812395,-0.0004589524300305865,-0.00010060441000215885
ViTscratch,400,64,0.5655754,1,1.0,True,0.0037172031498536678,0.0017520188313274565,0.00213975141797896,0.0021939984096420694,0.002930532321661115
ViTscratch,400,64,0.9116606,1,1.0,True,0.0038220013393507604,0.006192188490264464,0.006202192211916298,0.005922044196422053,0.005968173298580976
ViTscratch,400,64,0.18670371,0,0.0,True,0.003477954587331952,-0.0007528976893781718,-0.0005128164488474371,-0.0002859800156288471,-0.0002782816251165171
ViTscratch,400,64,0.20992306,0,0.0,True,-0.0009274766111154888,-0.001286264420431442,-0.0010931253307272307,-0.0012422724635010804,-0.0008615942302319674
ViTscratch,400,64,0.26530123,0,0.0,True,2.1270125099917995e-05,0.00014694795461494704,0.00025162275760604274,0.0009642304374918891,0.0005795859762448405
ViTscratch,400,64,0.34682816,0,1.0,False,-0.0036594054964884212,0.0011981010665418426,0.001582779178877998,0.0023866057316520094,0.0016244573982427547
ViTscratch,400,64,0.9488193,1,1.0,True,0.007174058053147424,0.0070826351860705655,0.005340931047905797,0.00511295740250791,0.005915391990289757
ViTscratch,400,64,0.9616776,1,1.0,True,0.008247407565765422,0.005880511301732762,0.005689393002920619,0.004115867892237863,0.004005268089741888
ViTscratch,400,64,0.8295704,1,1.0,True,-0.0007441886645313561,0.0011999775519273583,0.0023487592407007143,0.0017057300167456046,0.0022342981691751205
ViTscratch,400,64,0.5800856,1,1.0,True,0.0031243407722219185,0.0031968525933411362,0.0032821213493706885,0.0022957872329832855,0.0036511018915429587
ViTscratch,400,64,0.7753106,1,1.0,True,0.004374955881011174,0.003620588216296599,0.00458182963112018,0.0032580998495133134,0.0038082795870517925
ViTscratch,400,64,0.12260631,0,0.0,True,-0.0012215442757766454,-0.00017413934365037773,-0.0014406379873178575,-0.0017430697457898605,-0.0009759711452347839
ViTscratch,400,64,0.25951928,0,1.0,False,0.004623828850186755,0.003337233268456146,0.002709084429394879,0.003996529301044894,0.004367402225372322
ViTscratch,400,64,0.16064095,0,1.0,False,-0.0026899614964505966,-0.0008295353031576358,0.0011061171044338572,0.000671333280906549,0.001550895887456803
ViTscratch,400,64,0.77669173,1,1.0,True,0.0029191779905193157,0.002408741238584092,0.0036728226302896482,0.0020574858960457024,0.0032508653898673926
ViTscratch,400,64,0.65377265,1,1.0,True,0.004440097635564547,0.004258214864923093,0.005976771544341568,0.0057662226549604735,0.0047453568126332255
ViTscratch,400,64,0.37909698,0,1.0,False,0.006634889562372079,0.004905929589407824,0.004625073133742062,0.005207230975490858,0.0045599962561840065
ViTscratch,400,64,0.14315067,0,0.0,True,-0.0038827674357384155,0.0009056038891008103,-0.0007513530986089362,-0.0009538273667880664,-0.001201910041727583
ViTscratch,400,64,0.85543215,1,1.0,True,0.004456516244402198,0.0038035839204647644,0.002281572910351045,0.0029349924347141284,0.003040058062237041
ViTscratch,400,64,0.64511,1,0.0,False,0.0007611772422633452,0.000643241315673549,0.0009980643654581268,0.00035901768345319985,0.0018135564541157424
ViTscratch,400,64,0.20946175,0,0.0,True,-0.0002821511606079604,2.487430579299381e-05,0.00062147368171552,0.00021049677695378572,0.0005075565429058531
ViTscratch,400,64,0.23385091,0,0.0,True,-0.0006023375415846096,0.0014483564874128616,0.0010545050193970901,0.0015432204096346269,0.0013593360482022695
ViTscratch,400,64,0.13472606,0,0.0,True,-0.003561888393651552,-0.0012200293760467606,-0.002432064288973924,-0.0016009932279586773,0.0003970890244409484
ViTscratch,400,64,0.7551769,1,1.0,True,0.0004415568135548628,0.0015048632842513034,0.0017612098755210646,0.0006996573469266478,0.0021600140797678716
ViTscratch,400,64,0.21305114,0,1.0,False,0.003767066963644484,0.00290593222545143,0.002453003313555648,0.002246231855566507,0.0031681453821013656
ViTscratch,400,64,0.24580026,0,0.0,True,0.0018898525329922855,0.0007323581668635401,-0.0009313717733049887,0.000674727036112272,0.0008976960718957504
ViTscratch,400,64,0.38846943,0,1.0,False,-0.0012211826152697981,-0.0014546755065863426,0.00030001934288324627,0.0014437198664958213,0.0012554756052346116
ViTscratch,400,64,0.35304642,0,1.0,False,-0.0014580033348832642,0.001024657077882398,0.0009217785761608167,0.0016253113442762186,0.0023717975684120055
ViTscratch,400,64,0.1834435,0,0.0,True,0.000838545177514632,0.0009285603328536612,0.0005997964365523354,-0.00027237771561000834,-0.0001972850907608697
ViTscratch,400,64,0.2527755,0,0.0,True,0.0016192161865169366,0.00045503771133396513,0.001096491734996927,0.00023324739060375744,4.433912768437817e-05
ViTscratch,400,64,0.2445418,0,0.0,True,-0.0013971771771704076,-0.0013490893163603085,-0.0008486566209967178,-0.0007750990105038337,1.4474210146673027e-05
ViTscratch,400,64,0.23901303,0,0.0,True,0.00253230514323799,0.003833083275229581,0.003022943337126623,0.002625211723718881,0.0023117671002703794
ViTscratch,400,64,0.16374454,0,1.0,False,0.003740950858984325,0.004837454504641623,0.0021301468393407587,0.0020290002394481228,0.0012939867001140366
ViTscratch,400,64,0.5618243,1,1.0,True,0.005329257253052247,0.005516902540632095,0.004880429454826364,0.004699194914352946,0.0038666601004443057
ViTscratch,400,64,0.5323037,1,1.0,True,0.0024935426053620353,0.0026220965095082047,0.0025206739789494026,0.0021789986866703587,0.0026143642907012813
ViTscratch,400,64,0.26134816,0,0.0,True,0.0010899422787921408,0.00151785665816072,0.00254149502315618,0.0025373138243515074,0.0016469197817044262
ViTscratch,400,64,0.21366487,0,1.0,False,0.00118629402374272,5.875263356684242e-05,0.0012564451002105587,0.0012662792967705373,0.0012553225092757335
ViTscratch,400,64,0.299875,0,0.0,True,0.001107036801425049,-0.0015513224527318916,0.00012206077146823219,-0.0004353103032590828,0.0001561912391110312
ViTscratch,400,64,0.12867577,0,0.0,True,-3.9507425311038015e-05,-0.0002151876624424462,1.9086593649015125e-05,-0.0007125358688179969,-0.0006340762783080606
ViTscratch,400,64,0.12753744,0,0.0,True,-0.003617201332489616,-0.0038917328364899894,-0.0026173939814100877,-0.002360748889125334,-0.0017165515507584206
ViTscratch,400,64,0.2617329,0,0.0,True,-0.0007437547222110356,4.592078129344751e-05,5.542476899281905e-05,0.0008498888051250116,0.0010918504766185885
ViTscratch,400,64,0.18725811,0,0.0,True,-0.004174671342195045,-0.0011934381221901961,0.0016952029022591815,0.00153730132327522,0.0007205298438943011
ViTscratch,400,64,0.20524044,0,0.0,True,-0.0006158405241132931,0.0008891608312061606,0.0009657312055047157,0.000526757695569638,0.00040401808497293957
ViTscratch,400,64,0.82747084,1,1.0,True,0.008232904805868035,0.007207862857094437,0.006745758105082529,0.0053013950543208425,0.004261462818580559
ViTscratch,400,64,0.23643324,0,0.0,True,0.0004992501662136951,0.0015726399972072122,0.00037477372348997324,-0.0002380651388767757,-0.0006093016777598721
ViTscratch,400,64,0.11777158,0,0.0,True,0.00012146066095451369,0.0010812108785512409,0.0003436196393122625,0.0004300401983587408,-0.00012464344640872397
ViTscratch,400,64,0.23126677,0,1.0,False,0.00270185581061909,0.003465000400291313,0.0034175391360513896,0.0026661453903247066,0.002079505032601108
ViTscratch,400,64,0.91046613,1,1.0,True,0.002643855957141895,0.002684884038301539,0.0036806429760315056,0.0038456488025881623,0.0037654749684915743
ViTscratch,400,64,0.601336,1,1.0,True,0.006275362696261094,0.003265305484514177,0.0036781255623677587,0.004170294471312815,0.004364652082878193
ViTscratch,400,64,0.54622096,1,1.0,True,0.004285706806942982,0.0053700947663601895,0.004853366620913536,0.004949589278020414,0.0045515363303578246
ViTscratch,400,64,0.14482377,0,0.0,True,0.0007154309360175156,-0.0013160328057634776,-0.0023807321904894345,-0.0008152342986414173,-0.0011862829723392311
ViTscratch,400,64,0.6911241,1,1.0,True,0.008347939680506228,0.005020204909359422,0.0055370732297308255,0.004636043740006797,0.005428801364147768
ViTscratch,400,64,0.3736615,0,1.0,False,0.0007106697835076918,0.0035051033141751315,0.0026073409728543766,0.003819781045548809,0.0036649320594859384
ViTscratch,400,64,0.5860958,1,1.0,True,0.004085182321011952,0.006348809039731872,0.0047404155085341276,0.004584948233590014,0.004123435371726484
ViTscratch,400,64,0.16604444,0,0.0,True,0.0027154673365395094,0.0008055250385643135,0.0008881353598716662,0.00023831190096770363,-0.0006637680918272841
ViTscratch,400,64,0.29229593,0,1.0,False,0.007363029327765746,0.00519537961057094,0.004701532132567938,0.00319578700409408,0.0039340097167674445
ViTscratch,400,64,0.20735689,0,0.0,True,0.0020515648174940764,0.0008494486615404755,8.823117807782922e-05,-7.942097495860984e-05,-0.00017011847432176792
ViTscratch,400,64,0.37535954,0,1.0,False,-0.0018421921206927675,0.0004264902893233997,-7.548538368122671e-05,0.0014872935929700927,0.001977186651491942
ViTscratch,400,64,0.11542263,0,0.0,True,0.005032130195226847,0.0017262019699984422,0.0014228227592915838,0.0006174198115936737,0.0009191090190500704
ViTscratch,400,64,0.48931667,0,1.0,False,0.001035226697235458,0.003032006707482066,0.002483158997771154,0.0031056515796506257,0.003207071512859901
ViTscratch,400,64,0.24503075,0,0.0,True,-0.001403628270651664,0.0003449672194579586,0.0011557382551189818,0.0010785604348645564,0.0010654272410812943
ViTscratch,400,64,0.18826947,0,0.0,True,-0.0017308075613882718,-0.0023165617161815494,-0.0028950328839548473,-0.0016331783878015592,-0.0012880165965367101
ViTscratch,400,64,0.14421178,0,0.0,True,0.00041934186316706646,-0.001211128247942756,-0.0008275354749957751,0.00021637821031152542,-0.0001632197031177403
ViTscratch,400,64,0.32360804,0,0.0,True,0.0005300078519263532,0.0006373852816571987,-0.0010976691822974542,-0.0005811296673590718,-0.00013716646524482594
ViTscratch,400,64,0.25456953,0,1.0,False,0.002217104375622911,0.002753129263230164,0.0031942058433784386,0.0030116794318545527,0.0022308478382604938
ViTscratch,400,64,0.2751806,0,0.0,True,0.0011602577381766657,0.0008668011981471321,-0.0005200320639241729,-0.0001524000378796366,0.00048670475753014546
ViTscratch,400,64,0.35043257,0,0.0,True,0.004556349954980259,0.0030005182465736957,0.001854889565658221,0.0011436504739391234,0.0003006968563877161
ViTscratch,400,64,0.1401685,0,0.0,True,-0.00013870287628836087,-0.0014874652441980096,-0.001348901749542511,-0.0006293154706726917,-0.0011564830110897938
ViTscratch,400,64,0.5690178,1,1.0,True,0.008584703212937538,0.004435378187275702,0.0034383980089538182,0.002667576867958374,0.0025757550810387476
ViTscratch,400,64,0.44291714,0,1.0,False,0.0071904242030340565,0.005305502494012479,0.005225065389730238,0.004924278439552585,0.005353062536014523
ViTscratch,400,64,0.15484855,0,0.0,True,-0.002908404185016143,-0.001538016078702971,-0.0018184320225042559,-0.0009506472291172922,-0.0004593400339153917
ViTscratch,400,64,0.75686693,1,1.0,True,0.006661558322336543,0.007711349613617638,0.00584926734128023,0.0053254316935387735,0.004947619951237619
ViTscratch,400,64,0.1944819,0,0.0,True,0.001872588197477105,0.0013231230601536202,0.0007302889913860698,-0.00030208820328365813,-0.00064613703376838
ViTscratch,400,64,0.18440434,0,0.0,True,6.108403622526115e-05,-0.0002777507407781629,-0.00024051717897718365,-0.0010836428703043782,-0.0008104537913967365
ViTscratch,400,64,0.18478192,0,0.0,True,-0.0030254030117842245,-0.0035878169800798673,-0.00276528846271673,-0.003430096937871472,-0.0026654814624766585
ViTscratch,400,64,0.15745725,0,0.0,True,-0.0011388161083608999,1.3784131010896007e-05,0.0008557179282375951,0.00048879462499726,0.0002458074734273926
ViTscratch,400,64,0.8884788,1,1.0,True,0.003902284055514879,0.0054313359863000545,0.006152400460238304,0.005209668268136593,0.005234821847319078
ViTscratch,400,64,0.47055402,0,1.0,False,0.006710860031667215,0.007215146253052723,0.007582988227831795,0.006152600186062589,0.005416533347229252
ViTscratch,400,64,0.3269972,0,1.0,False,-0.003001291038333464,-6.92242174218942e-05,0.0008312902835062179,0.0015367355049036456,0.0029564024907533597
ViTscratch,400,64,0.5011308,1,0.0,False,-0.0002802776619724356,0.0002465780166579817,0.00030128671703302497,0.0005994163819604952,-0.00010247724696075213
ViTscratch,400,64,0.119998395,0,0.0,True,-0.0024319184577449014,-0.0002012071543357943,-0.0013444441187925016,-0.00159752547249533,-0.001584263108281582
ViTscratch,400,64,0.17290542,0,0.0,True,0.0008513653433951221,0.0015739740596550954,0.0019382024174454567,0.0017005495006487954,0.0011503091838379893
ViTscratch,400,64,0.26217866,0,1.0,False,0.002262287866023231,0.0033307995509989597,0.004390185914554691,0.004241149699144948,0.004367997353766624
ViTscratch,400,64,0.18756144,0,0.0,True,0.00544173431987899,3.401952027467126e-05,-0.0007889238574640699,-0.000271267180281493,-0.00012884041251611452
ViTscratch,400,64,0.9978738,1,1.0,True,0.0038001405242747946,0.005223100114925863,0.004132725246580089,0.0061576188816192525,0.0070561720815485104
ViTscratch,400,64,0.9472172,1,1.0,True,0.004681344728470584,0.005559258411741425,0.00556438643657134,0.004909947137100658,0.005082827558282394
ViTscratch,400,64,0.36299214,0,0.0,True,-0.004205317135822416,-0.0005592837596868702,0.0002985033430774656,0.00040788527324984596,7.890064347451633e-06
ViTscratch,400,64,0.32984242,0,1.0,False,0.004962325912789436,0.004002404024596718,0.0046481038375303626,0.004160220669562073,0.002707628521411996
ViTscratch,400,64,0.32109526,0,1.0,False,0.0004260432005759552,0.0004140071622091996,0.00206024388165542,0.003789233058446127,0.003959602588655123
ViTscratch,400,64,0.68606216,1,0.0,False,0.002319590756056869,0.0016387325329360015,0.002400614121165476,0.0015039335308325672,0.0015572569615328127
ViTscratch,400,64,0.13465352,0,0.0,True,-0.004155176744875285,-0.003983935607742793,-0.0030375444268055315,-0.001196408475637379,-0.0008854387500063219
ViTscratch,400,64,0.27925476,0,0.0,True,0.00015036337171505276,0.0018193083134079118,0.0008416859689706908,0.0014245034617212358,0.0006775518446496023
ViTscratch,400,64,0.6637632,1,1.0,True,0.005317546672104836,0.0032547278741608776,0.0030943113755214024,0.0030693938680456537,0.003123955422247345
ViTscratch,400,64,0.13711543,0,0.0,True,0.001238721374117484,0.0007258771478844619,-0.0007262242590419577,8.000912382186441e-05,-0.0008254849238237251
ViTscratch,400,64,0.16558015,0,0.0,True,-0.0011041163035525813,0.0007074398095098293,-0.00043703988700283963,-0.001215415899820782,-0.0005002980608689499
ViTscratch,400,64,0.14017852,0,0.0,True,-0.0019905557202078944,-0.0007697462726768228,-0.0012166619777425477,-0.0012498870842295574,-0.0007285446178906143
ViTscratch,400,64,0.8127961,1,1.0,True,0.003369896011976067,0.0023262484632491647,0.0017077354183693647,0.0014422483411510793,0.00259524357452189
ViTscratch,400,64,0.5688958,1,1.0,True,0.0022300593358040017,0.0029104805984072617,0.0009083930313722031,0.002474531444432083,0.0024480766237013284
ViTscratch,400,65,0.6261644,1,1.0,True,-0.002193124385234701,0.001844291957485608,0.0021858197767577058,0.003543921299352143,0.0032492945937073925
ViTscratch,400,65,0.13832663,0,0.0,True,-0.005576868900582644,-0.002710612554771808,-0.0033212235509864413,-0.0025507929384959984,-0.0021087630822983084
ViTscratch,400,65,0.32899418,0,1.0,False,0.0023041925721202826,0.0012591945683999672,0.0017193623198968036,0.002265436718971355,0.0029124925215613514
ViTscratch,400,65,0.32506463,0,0.0,True,0.0029825469649623236,0.0003072241047768011,0.0011057611246822036,0.001110541693771007,0.0006608213833710768
ViTscratch,400,65,0.9996809,1,1.0,True,0.0004284634056104231,0.0009565626665554299,0.0017750004940081216,0.0036291613517467182,0.00408411948856492
ViTscratch,400,65,0.25481606,0,1.0,False,0.004760404524636285,0.003392588817256366,0.005065693111978961,0.004259796357204481,0.002900616150612101
ViTscratch,400,65,0.8693212,1,1.0,True,-0.0011062922088440625,0.002844288624106808,0.0030153297593277536,0.0025399736063782667,0.002346028739161744
ViTscratch,400,65,0.6404428,1,1.0,True,0.009189300518761746,0.005216164946163281,0.0038177468091833,0.0032228376712103053,0.003073397200210954
ViTscratch,400,65,0.7671345,1,1.0,True,-0.0011626240355921556,0.00042959697122030006,0.0028925677773487674,0.004449661665162665,0.004343261804979081
ViTscratch,400,65,0.13437301,0,0.0,True,-0.003833996572798934,-0.0033686662891032446,-0.0008459508748223083,-0.0019315222493071326,-0.0014649946383997524
ViTscratch,400,65,0.16494076,0,0.0,True,0.0005007141738157808,0.000695722660629847,0.0015738944265425668,0.0007037345630898511,0.0003922024284600167
ViTscratch,400,65,0.8725279,1,1.0,True,0.004401240488288328,0.0025866958105244206,0.005225124649408632,0.004685317259829923,0.004730506633052234
ViTscratch,400,65,0.20368028,0,0.0,True,-0.0026587427813130997,-0.002529989379865951,0.0001947584475524401,-0.0015534771533228873,-0.0006958059070811005
ViTscratch,400,65,0.112867445,0,0.0,True,0.0010957720161274278,-0.00039611084747951834,0.0014120758265842217,0.0007473608230452803,-0.00017617241856423126
ViTscratch,400,65,0.56664026,1,1.0,True,0.0002545697166525867,0.0004433495922285369,0.000473920140701571,0.001052171237846562,0.0020889112219862533
ViTscratch,400,65,0.47627765,0,1.0,False,0.006356255581137731,0.006571468815540181,0.004801818343290612,0.004694792063830145,0.003952552880112015
ViTscratch,400,65,0.38831553,0,1.0,False,0.0016915669428013529,0.002979742375670536,0.00368903480279374,0.0033676721263525855,0.003868770329053384
ViTscratch,400,65,0.14886811,0,0.0,True,-0.00048894616572709,0.0007651238516225739,0.0011597412890065285,0.00034882500133443146,0.0005614860373395027
ViTscratch,400,65,0.49759135,0,1.0,False,0.004663935441012974,0.002742688389137772,0.003828357465596265,0.0036261285374822334,0.0032594981713332466
ViTscratch,400,65,0.84407777,1,1.0,True,0.006765736751917081,0.006648888528193809,0.0058740804408715964,0.0049862434626958205,0.0050517348886016215
ViTscratch,400,65,0.78554285,1,1.0,True,0.003523194694482224,0.005228232456799417,0.0042449261313266635,0.0034623053229201066,0.003913005998160527
ViTscratch,400,65,0.24594484,0,0.0,True,0.0005542568714274931,-0.0003415818496155426,5.7835758591154104e-05,-0.00041195279295289816,-0.0001983174987898886
ViTscratch,400,65,0.28760552,0,0.0,True,0.0011703175585830005,-6.502640989089553e-07,1.6717256517567757e-06,-0.0010412506450610513,-0.00023051537321058577
ViTscratch,400,65,0.64139265,1,1.0,True,0.0018354008483867064,0.0018464346090605478,0.0019945341174308928,0.0019728685259641676,0.0021882318492132103
ViTscratch,400,65,0.13158321,0,0.0,True,-0.005369834335134235,-0.002992248961611079,-0.0020445401994536737,-0.002312935450128577,-0.002422459695863916
ViTscratch,400,65,0.19467698,0,0.0,True,0.0042105113463898015,0.0020639936584816074,0.0011934713710318227,0.0012861576615189239,0.0011435745545682627
ViTscratch,400,65,0.5168283,1,1.0,True,0.00721786561568067,0.005495563713164749,0.0033417082017818743,0.0036478151883209617,0.003377856710416789
ViTscratch,400,65,0.87255067,1,1.0,True,0.0010234547424199357,0.00340846003054097,0.0029562368002192495,0.0032501278465525106,0.003070927653910208
ViTscratch,400,65,0.22277161,0,1.0,False,-0.0002612313981929838,0.0034515491372744704,0.002949320471692521,0.0026147384116441087,0.0028380246521198943
ViTscratch,400,65,0.97135645,1,1.0,True,0.005825196981299532,0.005889009183623657,0.005077846837015293,0.0054416995965688945,0.00582204496287425
ViTscratch,400,65,0.51082385,1,0.0,False,6.408448015527243e-05,0.000278269328807734,0.0019372820831336348,0.0022923194170127088,0.0014165245653021774
ViTscratch,400,65,0.9248343,1,1.0,True,0.0004442717752092184,0.003186582043145596,0.004645904471605304,0.002924221277139143,0.0024340847667325325
ViTscratch,400,65,0.2782665,0,0.0,True,0.0011359099537309528,0.0035215888997074517,0.0014864991167644805,0.00249888753707985,0.00259767117132499
ViTscratch,400,65,0.89039123,1,1.0,True,0.005672318428623947,0.006419433456923107,0.005618771218814437,0.004654987173416202,0.004901117841254156
ViTscratch,400,65,0.24304484,0,0.0,True,0.0009114538136912009,0.001808690004904137,0.0006609557773874477,0.001299881429200037,0.000624250149183612
ViTscratch,400,65,0.3408337,0,1.0,False,0.0003252799244501321,0.0023828692397727925,0.0016532638993340088,0.003445836062671578,0.0038381787814707542
ViTscratch,400,65,0.14291415,0,0.0,True,-0.00015458413210679887,-0.0015974559375301206,-0.0014399353092865877,-0.0027354980432423787,-0.002342090066627962
ViTscratch,400,65,0.12505037,0,0.0,True,0.0020799694411935002,0.002063427437454747,0.0016611589558299695,0.0008541434710883573,0.0007674443971761452
ViTscratch,400,65,0.15805127,0,0.0,True,1.7893200730576732e-05,0.0004126941516583735,-0.0006364417702932827,0.0004597585570142942,-0.0001754050035918099
ViTscratch,400,65,0.35879305,0,0.0,True,0.0030290157722136354,0.003723048777348464,0.0031918935735254484,0.002386794909121714,0.0028181542739711264
ViTscratch,400,65,0.1426777,0,0.0,True,0.0004099958918715991,0.0008873876128090082,0.00099274679609733,0.001187620550575998,0.0012651673769594684
ViTscratch,400,65,0.9111918,1,1.0,True,0.004021526045880815,0.0022763658851402678,0.004513439470081905,0.005279224686083048,0.0044074240056898965
ViTscratch,400,65,0.3789833,0,1.0,False,-0.002481202377784253,-0.0006774631564008707,0.0017456649930872937,0.0025115199386907226,0.0027140537913302363
ViTscratch,400,65,0.20749089,0,1.0,False,-0.00241397442654839,-0.0008732730509113333,0.001378826948528083,0.0009454903652166632,0.002471472865721677
ViTscratch,400,65,0.23978741,0,0.0,True,-0.0002133158565047031,0.0001251474379347124,-0.0002223129297984956,-0.00046268007742519075,-0.0014009191081345343
ViTscratch,400,65,0.22628848,0,0.0,True,-0.0003875227480214314,0.0012433896588411716,0.0007720194034879893,0.0013920241840346436,0.0002947121739082765
ViTscratch,400,65,0.2841618,0,0.0,True,-0.0025273395228787693,-0.001106837976753166,0.0003927609819111917,0.0008052487474684707,0.0007211247637106571
ViTscratch,400,65,0.2532264,0,0.0,True,0.0029346651562187553,0.0032140605449679075,0.0019452687639304029,0.0012627895588910715,0.0006339030506660125
ViTscratch,400,65,0.2995756,0,0.0,True,-0.001983184755772374,-0.0008384542899987772,-0.0008200405893666046,-0.0003262305463084154,0.000391707109620105
ViTscratch,400,65,0.9167518,1,1.0,True,-0.001018861469522829,0.003671726370714915,0.003567437408374064,0.0032846837592581594,0.0037535873606474395
ViTscratch,400,65,0.28533596,0,0.0,True,0.0006499133408709362,0.0018737917111308151,0.002200401323247976,0.0023688757537459917,0.0020785833754319366
ViTscratch,400,65,0.25341895,0,0.0,True,-0.0020415677211211326,0.0010686035895798398,0.0007650102415646292,9.789225891617305e-05,0.0007524213729044172
ViTscratch,400,65,0.7954516,1,1.0,True,0.0048242264690142355,0.0034185937644261076,0.0034248890248597666,0.0027037668260294087,0.003213438775011038
ViTscratch,400,65,0.2652016,0,1.0,False,0.0014687148229447409,0.00014632329751295797,0.0019495406606551734,0.001593946979495694,0.002496826646706134
ViTscratch,400,65,0.86280954,1,1.0,True,0.005343459504942417,0.00632861045316819,0.0060224594574637145,0.005523779317386505,0.005732967528897513
ViTscratch,400,65,0.8129518,1,1.0,True,0.0005890019601657939,0.0037208904895166517,0.0039407163875003785,0.004414996367516772,0.00532954477758853
ViTscratch,400,65,0.13518581,0,0.0,True,-0.003308402941013262,-0.0008157202930558394,0.0009420728852937275,-0.0002674270296721967,-0.0005719230556742945
ViTscratch,400,65,0.3564104,0,1.0,False,0.00560084216545949,0.007100968817958136,0.005598156812941762,0.00541757965187474,0.0057575024548296065
ViTscratch,400,65,0.27103707,0,0.0,True,0.001788928471527725,0.0009444207947655905,-0.0011708444803373045,9.541752301194987e-05,-5.2236404374831735e-05
ViTscratch,400,65,0.7046374,1,1.0,True,0.006973931431718685,0.006537611437244499,0.00647678880489101,0.005626638940079514,0.00501746523825191
ViTscratch,400,65,0.5918726,1,1.0,True,0.00211576790905935,0.002055992300883182,0.0027123258621877242,0.0028919777018378305,0.0036617637066120134
ViTscratch,400,65,0.21147007,0,0.0,True,0.007975130127543778,0.003173616445461447,0.0027899913358967526,0.0019325978810342782,0.002057950345962937
ViTscratch,400,65,0.5562558,1,1.0,True,0.005876504831153083,0.002759605551173278,0.002532915774661721,0.0026663153101648294,0.0018765268890641262
ViTscratch,400,65,0.24709097,0,0.0,True,0.0014757276190779185,0.002211952811419798,0.0017820188952365017,0.0012466112874671626,0.0007412200766740124
ViTscratch,400,65,0.14953874,0,0.0,True,-0.0031733982949487274,-0.001640168728210483,-0.00028328559954415584,0.0003934914958166113,-0.0004939364014074152
ViTscratch,400,65,0.1328823,0,0.0,True,-0.002070555996491137,-0.005310153260491505,-0.002448119620502992,-0.0021251161779988837,-0.0019771677364525137
ViTscratch,400,65,0.6991249,1,1.0,True,0.004323106149322922,0.005112559898951194,0.003032363848427275,0.004535522596525389,0.004545686823093595
ViTscratch,400,65,0.18207891,0,0.0,True,-0.0007673785637374605,0.0005603490057480749,-0.0001054266783485431,0.0003372243088418462,-9.660641480485879e-05
ViTscratch,400,65,0.57724816,1,1.0,True,0.005416785254728446,0.005462046213156449,0.004681773121180736,0.004494664389304145,0.004601071912633701
ViTscratch,400,65,0.73320955,1,1.0,True,0.005243847400895658,0.003123601252231176,0.003334837767831776,0.0016097085268205649,0.0022252982711687725
ViTscratch,400,65,0.17214063,0,0.0,True,0.0012116988459119373,-2.8946195877924405e-05,-0.0007323745815742457,-0.0009058711578067847,-0.0007183629523065782
ViTscratch,400,65,0.9622827,1,1.0,True,0.0036462667723661498,0.0037324582676719936,0.004677252156210425,0.0033487426255386717,0.0033145584092197076
ViTscratch,400,65,0.28521338,0,1.0,False,0.006498486570390752,0.0034268847730907796,0.003546700877120306,0.0035993937541956796,0.0034064513162748765
ViTscratch,400,65,0.364969,0,1.0,False,0.00029722154217468494,0.0031399661895143384,0.002882004058932705,0.003512001879830883,0.00411944088319518
ViTscratch,400,65,0.5799216,1,1.0,True,0.005448385829456215,0.005630650000068268,0.005239855274701394,0.005295724810677284,0.0051128574524862734
ViTscratch,400,65,0.9737081,1,1.0,True,0.0034661475315412318,0.0016638221527088119,0.0029555570381571087,0.003922686458649738,0.003979788055224345
ViTscratch,400,65,0.9567288,1,1.0,True,0.0034537773206412808,0.004449254420933421,0.004333067787259829,0.003991392664036979,0.0032033593090531626
ViTscratch,400,65,0.9923266,1,1.0,True,0.005686006150567489,0.00582501596210629,0.004477308391307128,0.0050717740437436366,0.005263027130845823
ViTscratch,400,65,0.59253156,1,1.0,True,0.003621232681921122,0.0016370651276206285,0.0031320301861360402,0.004678998730476609,0.00422149176791643
ViTscratch,400,65,0.21226391,0,0.0,True,-0.0007799343091585997,-0.00297676352131994,-0.00263288477824088,-0.002078521667323704,-0.001431230760955344
ViTscratch,400,65,0.89515007,1,1.0,True,0.0005008938895619146,0.001718667893639668,0.0025081482246816504,0.0032544847240731124,0.0037731311470399214
ViTscratch,400,65,0.9676142,1,1.0,True,0.0019168784908681037,0.0034124675311335883,0.0027090654229802802,0.003817341483776517,0.0036622491072193617
ViTscratch,400,65,0.45859155,0,0.0,True,0.0018379838030449555,0.0001465942180422649,0.0011266927943341877,0.0006814992526700137,0.0010110456398055826
ViTscratch,400,65,0.2988083,0,0.0,True,-0.0007026347878275297,-0.0008353935580949354,-0.0003193353277051594,-0.00041936834388869116,-0.0003412396359440317
ViTscratch,400,65,0.34677923,0,1.0,False,0.0050125632973384345,0.004190765999912564,0.0036390884553659914,0.002811374508747983,0.0028111363712979534
ViTscratch,400,65,0.95246166,1,1.0,True,0.004496640022734621,0.00422564853423195,0.0037995290746363117,0.003487827723290201,0.0029722889729120075
ViTscratch,400,65,0.8256471,1,1.0,True,0.0030068175431671386,0.0018750859403348166,0.004279144982671702,0.00394912973530317,0.00319838858882433
ViTscratch,400,65,0.117990695,0,0.0,True,0.0005883540760335141,0.00037575786647548603,-0.00041522829533526,0.00017542284330140462,-0.0008949262059141614
ViTscratch,400,65,0.14447229,0,0.0,True,-0.0022934135945653633,-0.0022846487696740387,-0.0016135789896464532,-0.002227782973146418,-0.0022001480995679813
ViTscratch,400,65,0.14479938,0,0.0,True,-0.0024315795611708495,-0.0008223570607679018,-0.0015500872691886268,-0.0026451490518874608,-0.0017911522049857166
ViTscratch,400,65,0.9183102,1,1.0,True,0.005593984107424859,0.0047292647813067315,0.003924214149415975,0.004032630106370751,0.003656260604620629
ViTscratch,400,65,0.653245,1,1.0,True,0.004798656203706547,0.004045694224339764,0.0022606888382370907,0.0017981663727810028,0.0031481043072959266
ViTscratch,400,65,0.8535689,1,1.0,True,0.0010644367952162398,0.003668989563873446,0.005886244936970517,0.005504787752431351,0.005442247063643037
ViTscratch,400,65,0.14850165,0,0.0,True,-0.0011225212669952076,0.0012344875451158273,0.0007962829728279744,0.0006179813520806576,0.0004455065458794441
ViTscratch,400,65,0.58330095,1,1.0,True,0.003609056393732719,0.003713958594606696,0.0038568113454904443,0.003421407854463327,0.003463495581702076
ViTscratch,400,65,0.56691176,1,1.0,True,0.0007518909379702111,0.002383962327787884,0.0032202836696019112,0.003628967550197283,0.0037028175455219286
ViTscratch,400,65,0.5754879,1,1.0,True,0.007358078858257377,0.005384202089535264,0.006110431204251213,0.006170155670672438,0.005174055212641312
ViTscratch,400,65,0.5676589,1,1.0,True,0.007869678574762696,0.00491217456156401,0.005523458857083652,0.005232713678568461,0.00538792071650938
ViTscratch,400,65,0.15384087,0,0.0,True,-0.0022905750718884947,-0.0005307913264794513,6.9519206845516e-05,-0.00040608968731739413,-0.0008260060540612974
ViTscratch,400,65,0.19096689,0,0.0,True,0.005363267945659843,0.0003511899215870376,-0.0009046365122482512,-0.0007516617605627827,-0.0005340949664689432
ViTscratch,400,66,0.20954634,0,0.0,True,0.0008018663613327432,-0.0005772871586823948,-0.0004440064403195557,0.000509312754278179,0.0005011498215210597
ViTscratch,400,66,0.72941095,1,1.0,True,0.0035326633887493215,0.003712508068367266,0.0037212595217670694,0.004662133413610775,0.004169870850622724
ViTscratch,400,66,0.2013627,0,0.0,True,-0.00022586534468586606,-0.002622548648092575,-0.00131088726239045,-0.0005346966745508823,-0.0001562512985053463
ViTscratch,400,66,0.34463966,0,0.0,True,0.00041241310506242586,-3.87651713460104e-05,-0.0006585726398172535,0.00024415371257237366,0.00022806584967808118
ViTscratch,400,66,0.5881658,1,1.0,True,0.0013133243835508786,0.0031218994333024274,0.002694475493052592,0.0029850554585113278,0.00261474832650693
ViTscratch,400,66,0.85832655,1,1.0,True,0.006183700380025826,0.004372058708785548,0.005168925451409477,0.004448817071734968,0.004458777118331686
ViTscratch,400,66,0.9841209,1,1.0,True,0.00811924336427401,0.006361418130538431,0.005377017609737879,0.004966015740432694,0.0050662306064412485
ViTscratch,400,66,0.19148022,0,0.0,True,0.005577934842223503,0.0019962393529308377,0.0015549431780115944,0.000957611496432934,0.0006923866139967882
ViTscratch,400,66,0.8316211,1,1.0,True,-0.0013206368673957362,0.0013736525722574417,0.002019843731933461,0.0027091843107193,0.0028131995368834697
ViTscratch,400,66,0.19096434,0,0.0,True,0.0005366824040239445,-0.0008114485948979911,-0.0012293141032741256,-0.0017005582055567396,-0.0010957076201261742
ViTscratch,400,66,0.2423211,0,0.0,True,0.003215401785889362,0.0017199156243408427,0.0008824352459523495,0.0006708301354816686,0.0004582396402033297
ViTscratch,400,66,0.1300664,0,0.0,True,-0.0004135391622273449,-0.0013299924749518028,-0.0007872719885571431,-0.0011603775989957933,-0.000763222864141826
ViTscratch,400,66,0.637845,1,1.0,True,0.005042415014581013,0.003008705575985547,0.0032447025494030794,0.0022203224822692305,0.002862350427663549
ViTscratch,400,66,0.6316859,1,1.0,True,0.0027290017711373953,0.002971487177978345,0.003775160200249519,0.003674046826687845,0.003990487487237503
ViTscratch,400,66,0.14830582,0,0.0,True,-0.0014593704382330798,-0.000526493707003088,-0.0018695262023211542,-0.001179321671792641,-0.00048511152248353835
ViTscratch,400,66,0.5090557,1,1.0,True,0.0025683866264478404,0.004108458474775474,0.0022940269394893477,0.0029676836661987195,0.003172916929620313
ViTscratch,400,66,0.21487029,0,0.0,True,-0.002540700130411444,-0.0036916356397379557,-0.002387873583984797,-0.0016667553885900525,-0.0013876413704984728
ViTscratch,400,66,0.5440668,1,1.0,True,0.004308787624969507,0.005487969705037037,0.0051959041447759285,0.005301072816157086,0.004825107115808048
ViTscratch,400,66,0.9961636,1,1.0,True,0.003542499895519953,0.002322719103064763,0.002671173824776024,0.002761859768987251,0.0030345372609925
ViTscratch,400,66,0.6438992,1,1.0,True,0.00022816261168744122,0.00035501519219549723,0.0014568243290706494,0.0028991820474582536,0.0027959735847905604
ViTscratch,400,66,0.17270936,0,0.0,True,-0.0031816107398574536,-0.00176704801367058,-0.0015974385870374955,-0.0015199135784619983,-4.555567177223887e-05
ViTscratch,400,66,0.17519446,0,0.0,True,-0.004817708975636511,-0.0030609056530567554,-0.0032679807422572485,-0.0027981324664238653,-0.002892249867805691
ViTscratch,400,66,0.81450695,1,1.0,True,0.005049863179104799,0.004202844019815153,0.0036510380130854742,0.0037824088238209677,0.00352319139375143
ViTscratch,400,66,0.99626863,1,1.0,True,0.0074235560318905445,0.005651133608081978,0.0058838793876614635,0.006325209775550519,0.005767920709845746
ViTscratch,400,66,0.15252315,0,0.0,True,-0.0014938973613723545,-0.0008555949394982269,-0.000969786734046892,-0.00039542923202034747,0.00017655035794599742
ViTscratch,400,66,0.32626683,0,1.0,False,0.003255000110047581,0.004920767278993051,0.0033753417409544723,0.0032030316740786218,0.002564292075922658
ViTscratch,400,66,0.46774536,0,0.0,True,0.0004453175365375929,-0.0010157830379733542,0.001288343427409384,0.0017995034785252024,0.0022895959290257935
ViTscratch,400,66,0.15825053,0,0.0,True,-0.00046390338758174214,-0.0004581957999137116,-0.0012732666019903884,0.0003110995315057652,7.283024205372197e-05
ViTscratch,400,66,0.13327534,0,0.0,True,-0.0007791407102148923,0.0006005802575501603,0.0008951234711889995,0.0008705507370938737,0.0006548150121339877
ViTscratch,400,66,0.96549183,1,1.0,True,0.001678078199929959,0.0032233282446642777,0.005991082739382606,0.005262835551545838,0.0044924508868907816
ViTscratch,400,66,0.15315036,0,0.0,True,0.0010608275905397181,-0.0002236918229499976,-0.000715863632288391,-0.0011517158887757717,-0.0015958296885525945
ViTscratch,400,66,0.24783342,0,0.0,True,0.0024600814797768058,0.0014535984446967562,0.0004773629858910449,0.0008058612273900927,-0.00010182449634874537
ViTscratch,400,66,0.3929625,0,1.0,False,0.002684032355452196,0.0008681637756015244,0.0016229164246604523,0.0017063690024364275,0.0007798981681099327
ViTscratch,400,66,0.15442507,0,0.0,True,0.0017873681964897777,0.0017132725969965586,0.0021001469558492077,0.0017580004105100064,0.001585856010056004
ViTscratch,400,66,0.11683799,0,0.0,True,-0.0061058707538066736,-0.002951669345917301,-0.001606968496757262,-0.00053144361135944,-0.0008494807169772801
ViTscratch,400,66,0.13679685,0,0.0,True,-0.006868660583297674,-0.001695072180812634,-0.001491956233158507,-0.0010010563809120553,-0.0012579146574070385
ViTscratch,400,66,0.61856484,1,1.0,True,0.006514603633844732,0.007564134471021267,0.005006559852573665,0.005309631190442509,0.004340881170317842
ViTscratch,400,66,0.19792269,0,0.0,True,-0.0011781758910986715,-0.00031961509413768943,-0.0011550192583336704,-0.0003347825335719811,-0.0008138868700002078
ViTscratch,400,66,0.34885633,0,1.0,False,-0.00024001189731258506,-0.0008804701962403735,-0.0006721527618412589,0.0007054270875439699,0.0004915407761985856
ViTscratch,400,66,0.7047576,1,1.0,True,0.002290357440215877,0.0017534861751975679,0.002555260133849223,0.002974316000601966,0.003751654357783447
ViTscratch,400,66,0.22878163,0,0.0,True,0.001096361396362843,-0.0011548575935538435,0.0009310493759419918,0.0012286771108647324,0.0011212552370972065
ViTscratch,400,66,0.32919884,0,1.0,False,0.0017071793379159301,0.0022298086055484016,0.004125878077929233,0.003940505828826243,0.002846099346301358
ViTscratch,400,66,0.8492119,1,1.0,True,0.003557426908061318,0.00262638727180607,0.0021916203974768466,0.003534929972756827,0.003669724690898644
ViTscratch,400,66,0.1319187,0,0.0,True,-0.0031971212847666944,-0.00012064265173263818,-0.0005835000752030259,-0.0006178798749166703,-0.0009008026624068146
ViTscratch,400,66,0.12658004,0,0.0,True,-0.00042248283548136694,-0.0007364960246668064,-0.0005232371563305164,-0.0011274716388550918,-0.0015467174396592749
ViTscratch,400,66,0.3865321,0,0.0,True,-0.00012838601462862576,0.0026318844563624644,0.0023126305767536756,0.0014589485649681802,0.001658949690060739
ViTscratch,400,66,0.47401524,0,0.0,True,0.0025103343091754586,0.0022439142428539362,0.0004897510022772153,0.0008026091436586998,0.000762013036777408
ViTscratch,400,66,0.22114345,0,0.0,True,-0.0023684538290795645,-0.0019071821591034432,-0.0007830998973238485,-0.00021070151786117092,0.00013852917431033632
ViTscratch,400,66,0.26388744,0,1.0,False,0.001976379441755033,0.0017529511685980008,0.0014492592117971114,0.002643399337364116,0.0029751060840634918
ViTscratch,400,66,0.7746571,1,1.0,True,0.006162907704870247,0.0037173783487650836,0.006098371367657799,0.005462354961880492,0.005631602171980024
ViTscratch,400,66,0.6350355,1,1.0,True,-0.0012693987753926057,0.0021729622519962573,0.003174326097342375,0.0024111625474619912,0.003278412624771636
ViTscratch,400,66,0.19501904,0,0.0,True,0.0019454052687784952,-0.0004921526551722803,0.00035527228048268537,-0.00014753673134720852,0.0002526781260751867
ViTscratch,400,66,0.21834543,0,0.0,True,-0.00016464592533141823,-0.0012250587729476577,-0.0004790675143301487,-0.001297219088927951,-0.0014323299878602914
ViTscratch,400,66,0.2244365,0,0.0,True,-0.0010526635538551615,-0.0004830760903915277,4.185654650637913e-05,0.00027670829951023716,-0.0005390610027120464
ViTscratch,400,66,0.35741878,0,0.0,True,-0.0025578118035487775,-0.0006349950423715458,-0.0009938830392308656,-0.0012624020694302397,-0.0010417020542063643
ViTscratch,400,66,0.43318382,0,1.0,False,0.000114765443914906,0.0011189347881067325,0.0018617428863449404,0.001879680439146095,0.0023524115999235475
ViTscratch,400,66,0.25276315,0,1.0,False,0.0032900245199256064,0.0027927069832719646,0.0030101288572598538,0.0012720299537503925,0.0014211051916016946
ViTscratch,400,66,0.8593971,1,1.0,True,0.00394014627110516,0.0015282944472035053,0.001225401706057359,0.000993065868230885,0.00185946945157232
ViTscratch,400,66,0.9937,1,1.0,True,0.003079460100649335,0.0038919702331890963,0.004175681904309628,0.00451813341277801,0.005273332781727996
ViTscratch,400,66,0.70724374,1,1.0,True,0.00644805865269778,0.004047281918286981,0.005388604076213505,0.006661889010689368,0.005987809455964664
ViTscratch,400,66,0.23134187,0,0.0,True,-0.001468869353728612,-0.0002911115845282704,-0.0001196477000373047,0.00012346705173553243,-0.00011062119707514469
ViTscratch,400,66,0.2317773,0,0.0,True,-0.003568195670081789,-0.002079647881874527,-0.0010895540995832103,-0.0007321762457734431,-0.0003466858544350916
ViTscratch,400,66,0.20706788,0,0.0,True,0.0013031791370702078,-0.0002823977895632134,-5.4515437239794056e-05,-0.000512654668267046,0.00013342890629724377
ViTscratch,400,66,0.34854093,0,1.0,False,0.0031872473676122825,0.0012155169341798416,0.0028818836732626826,0.003033392976935515,0.002821284989555878
ViTscratch,400,66,0.3519316,0,1.0,False,0.002292877991486697,0.0026537306717523837,0.003999231996226696,0.0035474577098124596,0.004504254686045848
ViTscratch,400,66,0.2145295,0,0.0,True,-0.0021467442407777843,-0.002770928709233573,-0.0022617032742879703,-0.0025108828671275055,-0.0015034128398128661
ViTscratch,400,66,0.14034308,0,0.0,True,0.0009177609490240712,0.0008519672544383424,0.001219636201471723,0.0006783697237593352,0.0003423012326347421
ViTscratch,400,66,0.13462883,0,0.0,True,-0.00424835287160836,-0.0016250333999753722,-0.002018577640774641,-0.0017643039893592062,-0.00075580067574026
ViTscratch,400,66,0.18797706,0,0.0,True,-0.0017625237863219464,0.0006003782179084011,0.0007115060328075391,0.00020165188220846664,0.0001015455071909067
ViTscratch,400,66,0.37099198,0,0.0,True,0.0007457234754412124,-0.000525437276477269,-5.858527081120793e-05,-0.00010753185752387782,4.185500399350494e-05
ViTscratch,400,66,0.19768205,0,0.0,True,-0.0013906666053626286,0.0006091335975592716,0.0017135156229027453,0.0013690870229728965,0.001328894187791301
ViTscratch,400,66,0.33088493,0,1.0,False,-0.00036304250839338923,0.0009790386585797426,0.0012565637609183227,0.0015634181727766773,0.0015144192791085745
ViTscratch,400,66,0.97446555,1,1.0,True,0.004435558397706333,0.004296843840429645,0.005120736532274941,0.0055683743252626875,0.006072138903688449
ViTscratch,400,66,0.49393886,0,1.0,False,0.0004869084221915952,0.002363529065550895,0.003290078193419183,0.0030459016170978803,0.004084481435593417
ViTscratch,400,66,0.8178432,1,1.0,True,-0.0030438085197523833,0.0028123679187664285,0.003967192125423955,0.00372145899493164,0.002628214059754174
ViTscratch,400,66,0.23320304,0,0.0,True,-0.0009978153185187457,-0.003132642796090132,-0.00206108361297142,-0.0010161322118834508,-0.0013909154456180914
ViTscratch,400,66,0.42639714,0,1.0,False,0.005526971597117222,0.004957331547555045,0.004544798244420734,0.004099173072817423,0.0049333341974187
ViTscratch,400,66,0.18620174,0,0.0,True,-0.0019069525839641762,-0.0010750505219346326,-0.0007518236028112619,-0.00047392068908929264,-0.0009845412525076782
ViTscratch,400,66,0.52805406,1,0.0,False,0.0003808607039465284,0.0005191940503549156,-3.743692781781422e-05,-0.00038848243175643534,0.0007194153199898283
ViTscratch,400,66,0.894311,1,1.0,True,0.010397689817257855,0.008616520239375109,0.006399558283777545,0.0048834706321680245,0.005092542359673767
ViTscratch,400,66,0.15939455,0,0.0,True,-0.0013195909315786012,-0.0005873547384712225,-0.00023862042674550616,-0.0005860904933760332,-1.4516091264181165e-05
ViTscratch,400,66,0.15054272,0,0.0,True,0.0025108383843273616,0.0026455232149782595,0.002366055107906228,0.0007273029090826367,0.0008000265519101757
ViTscratch,400,66,0.57753146,1,1.0,True,-0.0025875482186549104,-0.000840755093802999,0.0015179277151037584,0.002761156023873534,0.003978824176417969
ViTscratch,400,66,0.16447605,0,0.0,True,7.203374518159198e-05,-0.00295214072543029,-0.00313972938723868,-0.003248094779176605,-0.0022517544565279477
ViTscratch,400,66,0.15143944,0,0.0,True,0.004013368414530976,0.0035167400559827813,0.0012766724601668623,0.0007523044182573226,-2.8789442044823985e-05
ViTscratch,400,66,0.7111073,1,1.0,True,0.009379730158663871,0.005651550333167274,0.005337051302439069,0.004862130222033658,0.003979690262516671
ViTscratch,400,66,0.16506848,0,0.0,True,0.0030951263594993744,0.0027100402738473774,0.0011682182103806423,0.0009809974688575693,0.001281978778469607
ViTscratch,400,66,0.9981188,1,1.0,True,0.007360187697060883,0.003962539554160327,0.004317280481346658,0.0038406151199740423,0.003205464511725892
ViTscratch,400,66,0.1758628,0,0.0,True,-0.0015866987555093073,-0.001086567514926092,-0.00044744491500213983,0.0007124481013078652,0.00044575583728812316
ViTscratch,400,66,0.1251111,0,0.0,True,-0.003086203146190908,-0.004275911709552651,-0.004287573401073123,-0.0032078364859385285,-0.0025423911175679425
ViTscratch,400,66,0.21243614,0,0.0,True,0.00048130214337048825,-0.001235812773356448,-0.0008755700836545805,-0.0008750551561952425,-0.00050480663240639
ViTscratch,400,66,0.84695214,1,1.0,True,0.0045778995356532065,0.00268299430281514,0.0024410488250707564,0.0036389977020624266,0.003781882749733623
ViTscratch,400,66,0.63179225,1,1.0,True,0.006051881166554391,0.005187690521689737,0.0035463382447642796,0.003933375578550009,0.004253848370498607
ViTscratch,400,66,0.22718957,0,0.0,True,0.00225563533693293,0.0012107965665633133,0.0005318329939858989,0.00026415940006851833,0.0007304853520282693
ViTscratch,400,66,0.15066326,0,0.0,True,0.0021198861740658165,0.0031764782500791145,0.0015040448768397102,0.0002609380434912972,-0.0003124745723970465
ViTscratch,400,66,0.7026458,1,1.0,True,0.01021251881372823,0.005777360459549308,0.005280050794950173,0.00567244938327967,0.005306829376167236
ViTscratch,400,66,0.25804132,0,1.0,False,0.0017157526946394528,0.002226323349937736,0.004115716367459987,0.003911162519123774,0.003175480784728818
ViTscratch,400,66,0.3443851,0,0.0,True,0.004094202803150891,0.0010255063109253716,0.0007673128983224756,4.408255652868697e-05,4.482756525729413e-05
ViTscratch,400,66,0.44055718,0,0.0,True,0.005463983395407744,0.00356367236522375,0.0024501250417469336,0.0017838290029492524,0.0012703422313984684
ViTscratch,400,66,0.69301426,1,1.0,True,0.0018554491848082413,0.002529418372328019,0.0035102826914616136,0.004708697654357306,0.004305595887390182
ViTscratch,400,67,0.18581821,0,0.0,True,-0.0024067855045594175,-0.0010860860011299496,0.00013325944720572164,0.0005275920635769395,0.0005609691269632136
ViTscratch,400,67,0.5664593,1,1.0,True,0.0006733939746820322,0.0007371930981824998,0.00012225297834831444,0.002839172934945332,0.0029229404386207154
ViTscratch,400,67,0.9859503,1,1.0,True,0.0050120751159604795,0.003431780726855341,0.0032085873880133902,0.003315890951798246,0.003416984619165874
ViTscratch,400,67,0.27213466,0,0.0,True,-0.002854135655740051,-0.0005554981048927138,0.00021675183953653304,0.0007264092729265249,0.0007791544499964678
ViTscratch,400,67,0.99684685,1,1.0,True,0.0034520303115079566,0.00203419863607687,0.0039021087726775635,0.004846539190130438,0.004644080551727657
ViTscratch,400,67,0.9999175,1,1.0,True,0.0062884184406171734,0.007607572150539988,0.0077489458747536715,0.006453566988650623,0.006314994039889746
ViTscratch,400,67,0.26062766,0,0.0,True,0.00010025061303059327,0.0006148111491588023,0.000489959459412018,0.0012484358993248472,0.0011234290570170118
ViTscratch,400,67,0.82902485,1,1.0,True,0.006768289461863139,0.0024362003698093692,0.0029589112425626144,0.0028835123064719194,0.0023888466767547885
ViTscratch,400,67,0.26265004,0,0.0,True,-0.002181193453479574,-0.0004588711261705275,-0.00019776497328568776,-0.0003721566408977591,-0.000885308752388444
ViTscratch,400,67,0.22647305,0,0.0,True,0.001093943994490886,0.0013832572506599047,0.000262801274469187,7.238288524485066e-05,-0.0002611698111861823
ViTscratch,400,67,0.20614988,0,0.0,True,-0.0034875909945364264,-0.0028457835350492117,-0.000707238330368469,-0.0003276644764695565,-0.0006183666461888032
ViTscratch,400,67,0.47377473,0,0.0,True,-0.0002941954300290855,-0.0018511133073976986,-0.0009779776241422432,-0.0012732288448170416,-0.0013280468292055196
ViTscratch,400,67,0.46856618,0,1.0,False,0.004170360025330996,0.004194848550047022,0.006066624048612207,0.005861359581416333,0.005332954274363433
ViTscratch,400,67,0.16355179,0,0.0,True,-0.0007084733263690178,-0.0007532383052356017,0.0005336128761347332,-0.00013550012638977984,-3.9549407763479016e-06
ViTscratch,400,67,0.9380803,1,1.0,True,0.0024110398987026026,0.004547786889222884,0.004675640288909076,0.0043647587239225745,0.0037720668442045723
ViTscratch,400,67,0.797129,1,1.0,True,0.006239102719354801,0.005337028238617901,0.003741767337132667,0.003475795149040413,0.004549216708612938
ViTscratch,400,67,0.1589125,0,0.0,True,-0.002938073925990558,-0.0027913492514641666,-0.00106113578891101,-0.001854806611072715,-0.0013659215672149185
ViTscratch,400,67,0.6055577,1,1.0,True,0.0031727285296270996,0.004312766783355923,0.002243101217773448,0.0025847075313966753,0.0023632238872470118
ViTscratch,400,67,0.25137627,0,0.0,True,-0.00010715765492018852,0.0009103622554017793,0.0014565563433168803,0.0007246055576739256,0.0008440747804301748
ViTscratch,400,67,0.7432385,1,1.0,True,0.005336288536411628,0.0033416930263632265,0.0032683502904301983,0.003909824497638906,0.004222172282956514
ViTscratch,400,67,0.23776543,0,1.0,False,0.006390588107282065,0.006580542281529747,0.006737538202585868,0.005439907817255413,0.005125588267597973
ViTscratch,400,67,0.9994307,1,1.0,True,0.0038169749035958287,0.0047819721307037,0.0065995616530373745,0.005970938813862636,0.006396767747090478
ViTscratch,400,67,0.6510125,1,1.0,True,0.0027085907634389122,0.0009055866433983422,0.001806474899213812,0.002388205259409423,0.0022228855202032724
ViTscratch,400,67,0.4974562,0,1.0,False,0.00510017585360813,0.0028543361154074196,0.003161518964798297,0.003782914064377286,0.0033954068908659857
ViTscratch,400,67,0.37701163,0,1.0,False,0.006459776985484282,0.007014001714443979,0.0055726646880215145,0.004429270795440865,0.0033598998455877474
ViTscratch,400,67,0.88557225,1,1.0,True,0.005225578327624329,0.003839427854643982,0.0028894811504378325,0.0019528652407264997,0.002027748222945961
ViTscratch,400,67,0.7052774,1,0.0,False,0.0070559016164660916,0.003965853430226728,0.004067336720890138,0.003372782300905671,0.002029388077530611
ViTscratch,400,67,0.99953115,1,1.0,True,0.010861372935344508,0.00834064218056037,0.007233007153555834,0.006842806195856558,0.00716585364559554
ViTscratch,400,67,0.35248318,0,0.0,True,-0.0026943954280168403,-0.0016562625903999988,-0.0003175090422212886,-1.4913593907863889e-05,-0.0009736961409256747
ViTscratch,400,67,0.12879822,0,0.0,True,-0.003245884572109829,-0.001499736535856338,-0.001126912036873009,-0.0013621512139406389,-0.0018519465488811245
ViTscratch,400,67,0.9394985,1,1.0,True,0.001971124855015122,0.002562559328721444,0.003537754822471252,0.0035921539218208448,0.0033902351558272132
ViTscratch,400,67,0.9105032,1,1.0,True,0.003719554055058371,0.001810983703931782,0.0020459962863077366,0.003907070715604721,0.0038572612129685814
ViTscratch,400,67,0.72167635,1,1.0,True,0.0074966587327578,0.002750507964724252,0.004152989463557078,0.004723327502113559,0.0047237316816999275
ViTscratch,400,67,0.9002816,1,1.0,True,0.0043338098461633565,0.005091931619538462,0.004691914675698847,0.006318324740380428,0.006032830242389187
ViTscratch,400,67,0.34904233,0,0.0,True,-0.0013161095110814972,-0.0005520300479435273,0.002505606592143774,0.0010904828975575554,0.0013106763297394222
ViTscratch,400,67,0.2416683,0,1.0,False,0.0034059595549975202,0.0022686011749056285,0.0034987697835122365,0.0037684211448176723,0.003829316107984435
ViTscratch,400,67,0.9561088,1,1.0,True,0.0021029608874718587,0.004671811112275215,0.003678457476772327,0.002692280220175071,0.0022008604311610533
ViTscratch,400,67,0.17957014,0,0.0,True,-0.002333863725635307,0.0008570780195354587,0.0013377632315535117,0.0013029811227582588,0.0016154045037538585
ViTscratch,400,67,0.34701118,0,0.0,True,-0.0025689345523452604,-0.0020263540162545283,-0.0015326664941707798,-0.001707547450640419,-0.0008715380826720975
ViTscratch,400,67,0.42452258,0,1.0,False,0.0012905265745937157,0.0015618691581606287,0.002700730243270429,0.003700926732747453,0.00311052094723771
ViTscratch,400,67,0.76334053,1,1.0,True,0.008143313990628991,0.005543282557439279,0.004971243200999175,0.005140297299048638,0.005267492778938324
ViTscratch,400,67,0.84942955,1,1.0,True,0.011919772467464413,0.006000109094917578,0.005572686381035507,0.0056606918429688655,0.004462127580845528
ViTscratch,400,67,0.9492151,1,1.0,True,0.005375865614370531,0.0040027959634588795,0.0031247133334405715,0.0030601822047197206,0.0025092479390217237
ViTscratch,400,67,0.97095317,1,1.0,True,0.0020661770822700556,0.001811104076725455,0.0029879759066756164,0.002305958230362887,0.002803835520699406
ViTscratch,400,67,0.56224394,1,0.0,False,-0.0036070452875997675,-0.0013215513502327384,-0.0011833407993638234,-0.0006777538882724042,-1.1541548695029015e-05
ViTscratch,400,67,0.8188172,1,1.0,True,0.0009229644309816671,0.0017589548071681768,0.003874415765871572,0.0038148552861434868,0.003481263943216687
ViTscratch,400,67,0.18350194,0,0.0,True,-0.00022742220736564597,-0.00032896438311701414,0.00072548158650443,-0.0009404267929423582,-0.00104348680387261
ViTscratch,400,67,0.878452,1,1.0,True,0.003508779538845799,0.004021362005583819,0.004275585778431566,0.0036541047942735684,0.003264495331584257
ViTscratch,400,67,0.1697205,0,0.0,True,0.001767355467675498,0.0011237023391766402,0.00195705797176654,0.0007406075650978961,0.000314065524015458
ViTscratch,400,67,0.25916502,0,0.0,True,-0.0015242173161421184,-0.00184589718670817,-0.000689971594131574,-0.0005923162404162211,-0.0009546713263638698
ViTscratch,400,67,0.8869586,1,1.0,True,0.00803614525899743,0.00427494297759009,0.004269593169342526,0.0033166593087910136,0.0033038094277934903
ViTscratch,400,67,0.57256955,1,1.0,True,0.005463569772516723,0.003977329062538347,0.003965552160220428,0.00407850635794515,0.0036673508393550904
ViTscratch,400,67,0.21241125,0,0.0,True,0.003107453799804178,1.8493478283801365e-05,-0.001197990827470051,-0.0011355738232103566,-0.0009574959235425582
ViTscratch,400,67,0.36080644,0,1.0,False,0.00658572178515096,0.0023852225968640705,0.0031702081421046044,0.003861584559784708,0.0035037220530325613
ViTscratch,400,67,0.12604462,0,0.0,True,0.0001071489628022644,0.00062211261342827,0.0006146952617809417,4.530533399872221e-05,-0.0003853828195372282
ViTscratch,400,67,0.16144565,0,0.0,True,-0.0026818236325429476,-0.0011481700058907779,-0.00020529031853201517,0.00022631251413872977,0.0006875430215547755
ViTscratch,400,67,0.42563012,0,1.0,False,0.004532292165139504,0.004738336201353557,0.004388377185145996,0.004083688154025007,0.0038218844130830766
ViTscratch,400,67,0.2244605,0,0.0,True,0.0014207350012151254,0.001466440409735349,0.001650419585355193,0.0010300227224934674,0.0006773285415819792
ViTscratch,400,67,0.3326709,0,0.0,True,-0.0008275309556841199,0.0007021410767257892,-0.000959484567156205,-0.0005162710222268988,-0.0003305380452863172
ViTscratch,400,67,0.3470044,0,0.0,True,-0.0016308372562717811,0.002790661473041029,0.0012257994376712144,0.00034787733925904644,0.00018754270977560958
ViTscratch,400,67,0.20992585,0,0.0,True,0.0002674772635753086,3.56899981199073e-05,7.993795142397186e-05,-2.693707716743854e-05,-0.00047661165555948186
ViTscratch,400,67,0.14929695,0,0.0,True,-0.002965646909829758,-0.0014447760949273234,-0.0004478904796338708,-0.0003727742433026275,9.543671800089336e-05
ViTscratch,400,67,0.2986929,0,0.0,True,-0.001166257665931057,-0.002240404902879441,-0.0014119784782771793,-0.0015730490767776864,-7.878700276359627e-05
ViTscratch,400,67,0.7780758,1,1.0,True,0.004572774648949098,0.00589599884238,0.005505759037762418,0.0059174526607518,0.006286664986332956
ViTscratch,400,67,0.39122057,0,0.0,True,-0.001821265642464549,-0.0015225393107377908,-0.0008126939174425656,-0.00040087349168282076,-0.00011809867721668279
ViTscratch,400,67,0.1741841,0,0.0,True,0.0023122509560043686,0.0029863681593028865,0.0008648625041945685,-6.201773035447247e-06,-0.00010192338754892738
ViTscratch,400,67,0.32167768,0,0.0,True,-0.002014699095601962,0.0007376200298402465,0.0007076083884667441,0.0009948471352451455,0.0003646277361619368
ViTscratch,400,67,0.24507645,0,0.0,True,0.0009345676318050144,0.0010485116692691152,0.0013260302553306637,0.0004597329529099826,-9.13995290197283e-05
ViTscratch,400,67,0.2466496,0,0.0,True,-0.0008977105796690543,-0.0009933813361652957,-0.0006828038446092549,-0.0010684432216058366,-0.00018251381728271875
ViTscratch,400,67,0.83865297,1,1.0,True,0.0037685008045467193,0.002990293792272835,0.002443482071313633,0.003202554150873818,0.0033981198676302413
ViTscratch,400,67,0.22236459,0,0.0,True,-0.0018771193086726953,-0.0005434301318223403,0.0002870235473409385,-0.0001705947587433947,0.0003247925993473509
ViTscratch,400,67,0.5799322,1,0.0,False,0.00043296522271090007,0.0004837191586175517,0.0003921635150746544,0.00033710153168800804,0.00041747004216222345
ViTscratch,400,67,0.14585179,0,0.0,True,-0.0032654957102370335,0.0003252390460358374,-0.0001287029817898755,-0.001554460954643568,-0.0012492568904449762
ViTscratch,400,67,0.23079276,0,0.0,True,0.00019617979781875642,-0.00043711446409850523,-0.0011641456534550137,-0.0011111307494069507,-0.0017170917344822617
ViTscratch,400,67,0.15010346,0,0.0,True,0.0007209115891741268,0.0007973680139280727,0.0004471450499820038,-0.0004261390516128514,-0.0007752618512430986
ViTscratch,400,67,0.89048064,1,1.0,True,0.0024797787579226784,0.002558392478958929,0.0033941434241750177,0.0020889105033610553,0.0029648450799428343
ViTscratch,400,67,0.20273009,0,0.0,True,-0.0031053423022239807,-0.0032474604572834812,-0.0022132206010305098,-0.0013850177740503257,-0.0022981239160568944
ViTscratch,400,67,0.8103501,1,1.0,True,0.0016909547779660815,0.002771931977817053,0.003951991912536779,0.004074280705307459,0.0036737648835566267
ViTscratch,400,67,0.79743606,1,1.0,True,-0.001266889772546359,0.0015159514775575755,0.003616260390190061,0.0037816636087740136,0.005079575333419999
ViTscratch,400,67,0.5313718,1,1.0,True,0.0036587909868497576,0.005545344191099397,0.004789983196529172,0.005235112419384899,0.00526863789686651
ViTscratch,400,67,0.7989126,1,1.0,True,0.0027864386955539326,0.0010091248529344424,0.0030588111666171227,0.003384249029157987,0.0027379741926244314
ViTscratch,400,67,0.999485,1,1.0,True,0.004472053295188451,0.005418880762104406,0.005291562576018694,0.004570625063771679,0.00477412724051613
ViTscratch,400,67,0.2399088,0,0.0,True,0.0037817844972219575,0.0022682414710488374,0.003410241949330392,0.002142048822842286,0.0013626659518298882
ViTscratch,400,67,0.21738805,0,0.0,True,0.0007513328003178819,-0.00010690055965295455,-0.0003307151010602106,0.00030251095007420223,0.0004894418739643349
ViTscratch,400,67,0.12573664,0,0.0,True,-0.0029801881560176644,-0.00046790372401832656,-0.0006209983206129824,-0.0019153304101568517,-0.002281768847255874
ViTscratch,400,67,0.1469238,0,0.0,True,-0.0017727766240924023,-0.00030034154547881357,-0.0009389413344251709,0.0001677884719310544,0.00028960873275337215
ViTscratch,400,67,0.751006,1,1.0,True,0.0038144564830684046,0.005702305617077341,0.006832425232431966,0.006220994972432591,0.006486046687250467
ViTscratch,400,67,0.7474636,1,1.0,True,0.0024427442973839007,0.0010843197794334774,0.0030558271764231848,0.00269993666219611,0.003837220461899333
ViTscratch,400,67,0.92655414,1,1.0,True,0.004499966903757842,0.005966199533606128,0.004584785332752991,0.00405259799188804,0.0037144329624125886
ViTscratch,400,67,0.6986201,1,1.0,True,0.0005763843209841738,0.006856961416728434,0.004799047692890859,0.004415193016684627,0.005123570288113409
ViTscratch,400,67,0.21017496,0,0.0,True,-0.0025238685739879443,-0.0005696359466238417,-0.0005285188047327245,-0.0002160066550613955,-0.0007132018352600454
ViTscratch,400,67,0.12889798,0,0.0,True,-0.0004790422538472592,-0.0007116443634483916,-0.0015438487541538687,-0.0008393312728882978,-0.001234672816459729
ViTscratch,400,67,0.14762841,0,0.0,True,-0.0036456401860593328,-0.002477622889881519,-0.002014013333878693,-0.0014969673089371602,-0.001970059229444836
ViTscratch,400,67,0.19776313,0,0.0,True,0.0008099308410799413,-0.00044974637877564784,-0.0020896291460159293,-0.002161316645850853,-0.0018654817880690232
ViTscratch,400,67,0.25228465,0,0.0,True,0.000640019469098817,0.00047824519421090216,0.0010859988913516443,0.0008977589485196778,0.000658996997885437
ViTscratch,400,67,0.6629988,1,1.0,True,0.004493898369749727,0.0044624628993961855,0.0037816046920972532,0.004455388074683617,0.0047474384843377475
ViTscratch,400,67,0.30150148,0,1.0,False,-0.0002976773855658537,0.0033973199970405575,0.0029557113745020485,0.002962678183021062,0.0020819539382371543
ViTscratch,400,67,0.3645278,0,1.0,False,0.003719420022833176,0.0024887330149630134,0.003700482781698153,0.0037159376061402035,0.0031401978714895315
ViTscratch,400,67,0.88706654,1,1.0,True,0.004047340614441029,0.004711032896943485,0.0031152095569387177,0.0028360943385886384,0.004344646332479612
ViTscratch,400,67,0.8257376,1,1.0,True,0.0020972699487892097,0.0054453880967716166,0.005144558461498823,0.0055980821343719995,0.005065021489348788
ViTscratch,400,68,0.17828755,0,0.0,True,0.0022718482559531813,0.0013839292179498104,-0.0004899801054060842,-0.0011496342320491445,-0.001184289091718012
ViTscratch,400,68,0.44850692,0,1.0,False,0.002087870496438514,0.001231049687433682,0.0017875729916449555,0.002485992832680653,0.0035574051180763777
ViTscratch,400,68,0.16959445,0,0.0,True,0.0006936929600202356,0.0016795609127922668,0.001415863664047714,-0.00020922200878287805,0.00029927473377461803
ViTscratch,400,68,0.22176108,0,0.0,True,0.00044717750519062,0.0012016962856351951,0.0017776652560576108,0.0018534582588417207,0.0007870648128778217
ViTscratch,400,68,0.6229682,1,1.0,True,0.006123024657663342,0.008019054236139017,0.007670633773355132,0.005098476555147265,0.004450663641817596
ViTscratch,400,68,0.7975581,1,1.0,True,0.007045207716987336,0.006038120004084661,0.004772633430175524,0.003707367382317945,0.004126340341373125
ViTscratch,400,68,0.9908761,1,1.0,True,0.001186312849803668,0.004482758168787627,0.003833508416054924,0.003341166069047644,0.002933865775456163
ViTscratch,400,68,0.24404226,0,0.0,True,0.002119975994256745,-0.00043748342589178344,-0.0011383076696799038,-0.0015907725159363816,-0.0010224556084909395
ViTscratch,400,68,0.16907091,0,0.0,True,0.00039981562974966315,0.0003062762071003166,0.0007316994446805476,0.00031011389483613086,0.0003312037015995533
ViTscratch,400,68,0.11460325,0,0.0,True,-6.266855281137543e-05,-0.0009974953067831977,-0.0015494171018872246,-0.001389943100978408,-0.0008136107262336135
ViTscratch,400,68,0.8864966,1,0.0,False,-0.0014412986109460593,-0.00014449078414139875,0.00012541462793178195,-4.110138544929788e-05,0.0001685388041457531
ViTscratch,400,68,0.38394096,0,1.0,False,0.00039887781441526695,0.0025763702110246805,0.003415159154086237,0.00409251044430645,0.005305607848278041
ViTscratch,400,68,0.3174006,0,0.0,True,-0.001497048830254423,-0.0014988409236094662,-0.003410155316833376,-0.0020181022357900727,-0.0024764921783409595
ViTscratch,400,68,0.3049519,0,1.0,False,0.0047166426478234165,0.003223567198785385,0.003556540093803501,0.0033231759796720473,0.0023783116976663194
ViTscratch,400,68,0.9875436,1,1.0,True,0.004085524898857201,0.0024105024415957306,0.0024514238097779703,0.0025555165675941105,0.0031535716650023444
ViTscratch,400,68,0.32326746,0,1.0,False,0.0028133930901631217,0.0026717097823121243,0.0028744250163422577,0.0017989837117320258,0.0013874599339210752
ViTscratch,400,68,0.28723362,0,0.0,True,0.0003604825383462208,-0.00209804213775345,-0.0022052711330868167,-0.0016691875017000764,-0.0013599144383342593
ViTscratch,400,68,0.9581914,1,1.0,True,0.002340135396304425,0.004250480961955382,0.00503082037126651,0.004220674523887777,0.004095554779009473
ViTscratch,400,68,0.96152526,1,1.0,True,0.0054733246274860335,0.0065529378922751964,0.0046953913009529875,0.005779517109336368,0.004996040895575838
ViTscratch,400,68,0.17473614,0,0.0,True,-0.0008472863417983328,0.00023069112923411917,-0.0008574391729713706,-0.0010388591788326306,-0.001148321866203579
ViTscratch,400,68,0.23475039,0,0.0,True,0.000986563998473068,0.000291422876457648,0.0020777852579665795,0.0018643328328720873,0.0011046279618525782
ViTscratch,400,68,0.85950017,1,1.0,True,0.006687736024135736,0.005943572080441894,0.005147018913037726,0.00455310626274135,0.004782527946234945
ViTscratch,400,68,0.17782842,0,0.0,True,-0.0002590770095489897,-0.001174802948931814,-0.0011762088648239906,-0.0014292735958527734,-0.0005293763661908026
ViTscratch,400,68,0.92798626,1,1.0,True,0.006378238435544635,0.006298512443941909,0.005540078373757731,0.004304942189819424,0.004148542512973898
ViTscratch,400,68,0.1881307,0,0.0,True,0.0015642891272979948,-0.0003034975948080326,-0.0009866115585083297,-0.0016158002504231884,-0.0011387262843030196
ViTscratch,400,68,0.17651148,0,0.0,True,-0.0012918901811214895,3.030077136326938e-05,-0.0008344020725597191,-0.0008596442567552992,3.663904520409984e-05
ViTscratch,400,68,0.18355773,0,0.0,True,-0.001098644975399231,-0.00025902250540765564,-0.00010427397906887881,-0.0009857796570258044,-0.001032216230785105
ViTscratch,400,68,0.22215518,0,0.0,True,-0.00635531126297452,-0.003791255927733904,-0.0027908358526137584,-0.0017282933856436285,-0.002251268630623525
ViTscratch,400,68,0.99159944,1,1.0,True,0.0030966223149511357,0.0006476231945432871,0.0015881818723601743,0.0026834798803779796,0.003494482380223339
ViTscratch,400,68,0.41829637,0,1.0,False,0.0033056194751436667,0.00272651632536597,0.0029582701519434936,0.0034129087322430068,0.0036856843045479895
ViTscratch,400,68,0.8107666,1,1.0,True,0.0016411553075961376,0.002766247506459207,0.0018171136974878216,0.002474545982034334,0.002415358047925255
ViTscratch,400,68,0.6992816,1,1.0,True,0.0024248515368038744,0.0036253408955022213,0.0037574225005209466,0.0029924872869535966,0.002624704348216231
ViTscratch,400,68,0.18914443,0,0.0,True,0.005475678301859518,0.0025593462710698785,0.0011346887618828632,0.0012359405248735772,0.0015467172066208216
ViTscratch,400,68,0.19213982,0,0.0,True,0.001347350231923239,0.0011234636443274687,0.00045089265263307306,0.0016305242005240357,0.0011796741898345434
ViTscratch,400,68,0.9848846,1,1.0,True,0.004031691623224216,0.003961695347387413,0.004883686684491567,0.004678924805829583,0.004291034729569963
ViTscratch,400,68,0.14437297,0,0.0,True,-0.005458603952134709,-0.003326246581536197,-0.0022855942581873684,-0.001485125655952631,-0.0017222129206909726
ViTscratch,400,68,0.14424628,0,0.0,True,0.002546171072821795,0.0013438659513377912,0.0013331332694652964,0.0012818455569673772,0.0012838255309916174
ViTscratch,400,68,0.9545451,1,1.0,True,0.006149888978139569,0.0037108969511930284,0.004377198601983631,0.0039718969909701834,0.0044151377342003285
ViTscratch,400,68,0.18792161,0,0.0,True,0.004357766082423658,0.0022617693569614264,0.0024719292251800216,0.002512841712875159,0.0023775437718561243
ViTscratch,400,68,0.2709919,0,0.0,True,0.0017937516392325628,-0.0004563765759472653,0.0007845987117975643,0.0010328641409890283,0.000535392807775564
ViTscratch,400,68,0.9825643,1,1.0,True,0.006425891105316111,0.002631311964943046,0.004678315689770384,0.004707495723422545,0.004377364393146656
ViTscratch,400,68,0.90718096,1,1.0,True,7.626135109223515e-05,0.004744033434986217,0.007364440364818183,0.006565699172673334,0.006390883513080985
ViTscratch,400,68,0.3603897,0,0.0,True,0.001899892927106003,0.0019210858710117969,0.0013430165414328944,0.0013966297623134597,0.0008602019606507174
ViTscratch,400,68,0.5660837,1,1.0,True,0.0014098120848081842,0.001988896568455467,0.0026317778692237677,0.0025846987479621534,0.004106498059431861
ViTscratch,400,68,0.55141586,1,1.0,True,0.002792574162835903,0.0041639656241986,0.0032144532349689787,0.0025863440210796653,0.0031015898138611778
ViTscratch,400,68,0.17082067,0,0.0,True,0.0020891282404845645,-0.0006309248470910519,0.0009763805427446362,0.0009334057213169213,0.0002352645903924225
ViTscratch,400,68,0.7999463,1,1.0,True,0.003556314072007834,0.004191077982822579,0.003631096218149616,0.00429966790854743,0.0032883537296740394
ViTscratch,400,68,0.275125,0,0.0,True,0.0021363085409809536,0.0022459109627054304,0.0019996970130302487,0.0016008517344777195,0.0009990086548823055
ViTscratch,400,68,0.9658711,1,1.0,True,0.0006641525401429235,0.001317468594137062,0.0028099303464705966,0.0032862173273066563,0.004063036784225179
ViTscratch,400,68,0.9985116,1,1.0,True,0.003533008761141578,0.0056830023218212965,0.0066491627690692355,0.0048734511169753,0.0048707685384379645
ViTscratch,400,68,0.827051,1,1.0,True,0.00564597767413822,0.0023595929522930124,0.004219909030749752,0.004875118626772983,0.00489145250220932
ViTscratch,400,68,0.17792204,0,0.0,True,-0.0033127099516482026,-0.00016113544982451623,-0.000531714369439811,-0.0012995767166638615,-0.0011701643119497436
ViTscratch,400,68,0.70919263,1,1.0,True,0.004740557682155848,0.005079199688248711,0.005460544054725401,0.004378439927243039,0.005513194382420357
ViTscratch,400,68,0.21326916,0,0.0,True,0.00037231309843882825,0.0004606530682295018,0.0003692826061442423,0.0005281455544058463,0.0005131168901367169
ViTscratch,400,68,0.23220877,0,0.0,True,-0.002193536870864871,-0.00021354622709113166,0.0010216484061573792,0.0023896494140480764,0.0016210928032178316
ViTscratch,400,68,0.28887388,0,0.0,True,0.0007658397810606046,-0.0005507933125424366,-0.0009202630708568995,-0.001077944892980447,-0.0007551835174734551
ViTscratch,400,68,0.9943703,1,1.0,True,0.0030425212190167026,0.003341254598585198,0.0031960699284532025,0.003996340210973999,0.004406556396834192
ViTscratch,400,68,0.99464476,1,1.0,True,0.0006993157497683019,0.002055293144960932,0.0029416168505653362,0.003950668510652985,0.003557070809955045
ViTscratch,400,68,0.26674697,0,1.0,False,-0.0001157360356434998,0.003541259153488426,0.0023081069473006584,0.002798672825007002,0.003422457930295001
ViTscratch,400,68,0.9997149,1,1.0,True,0.00580201824456863,0.006442940148090871,0.006000872090619999,0.005059796984903762,0.004347667434085393
ViTscratch,400,68,0.15042956,0,0.0,True,0.0010940535154719902,0.0005179231883345529,-0.0006206226504257544,-0.00042795267804028196,-0.0002948668329707418
ViTscratch,400,68,0.3550716,0,0.0,True,0.0005126671793391301,0.00046937562622335503,-0.0010230965004795795,-0.001051692875587944,-0.0012683942154919133
ViTscratch,400,68,0.19589716,0,0.0,True,-0.00029581364675413893,-0.00029615388912635393,7.611691750521662e-05,0.0014293486784667064,0.0010069663966196926
ViTscratch,400,68,0.611329,1,1.0,True,0.003045912429659011,0.00412844995541614,0.004552634798266995,0.004259028066771791,0.003890463511366578
ViTscratch,400,68,0.12138168,0,0.0,True,0.0015037424304339565,-0.00023845064179414818,-0.0014489775053120118,0.0003646875931577269,-0.0006449511708528712
ViTscratch,400,68,0.68960637,1,1.0,True,0.002663262299058694,0.004447648735748839,0.003770612026766401,0.003276520031972343,0.0035200246332775607
ViTscratch,400,68,0.32636747,0,1.0,False,0.004113813464319123,0.0017034457312255667,0.0026203486123954787,0.0038108161085558994,0.0033727366567692218
ViTscratch,400,68,0.17527758,0,0.0,True,-0.0030985227878978314,-0.0027324159820848264,-0.002168620089330629,-0.001122901328789614,-0.000580210836453055
ViTscratch,400,68,0.3813415,0,0.0,True,-0.0008164995527216572,0.0004310565863296987,0.000831625566588358,-0.00015890944640586273,-0.0004878179851351545
ViTscratch,400,68,0.8905837,1,1.0,True,-0.002593706065808528,0.0013352518307365537,0.001334668804666905,0.0022221633832727925,0.002525756492298785
ViTscratch,400,68,0.15882412,0,0.0,True,-0.0005588157088102465,-6.3113743540213e-05,0.0005210856412415187,-5.664107447031241e-05,3.1644184563516214e-05
ViTscratch,400,68,0.92899936,1,1.0,True,0.0024561403505914126,0.002942294380578353,0.0032077108356818296,0.003066046444139681,0.003355181840351795
ViTscratch,400,68,0.82530475,1,1.0,True,0.005413443725325202,0.005746451773164749,0.005414454789461317,0.004267151491454774,0.003750473903177117
ViTscratch,400,68,0.14457516,0,0.0,True,-0.0031117117920848847,-0.00256875624874637,-0.0009363162688466459,-0.0009866591449751022,-0.0005939751075794337
ViTscratch,400,68,0.93351334,1,1.0,True,0.00900057250614423,0.006703369356070217,0.006703704101718944,0.006598342247439982,0.005920969542662065
ViTscratch,400,68,0.17522523,0,0.0,True,0.00010922689194628881,-0.0008634958001011491,0.0005444319284782312,0.000507943084324691,-4.513177510487013e-05
ViTscratch,400,68,0.998089,1,1.0,True,0.009814873933218844,0.006878558954657987,0.006150189378537585,0.0053017002768027495,0.005096054325675411
ViTscratch,400,68,0.66636,1,0.0,False,0.0008374776539327154,0.0019925154668637385,0.001073342889964728,0.001094522104942029,0.0016445963695189505
ViTscratch,400,68,0.6570126,1,1.0,True,0.0037656305167061066,0.0059028899490852155,0.005462272343220715,0.004643966350207283,0.004935203909135907
ViTscratch,400,68,0.1405345,0,0.0,True,-0.00020598454659173524,-0.0013237000047592968,0.0004999621630683579,0.0011499089892576184,0.0016600244137592011
ViTscratch,400,68,0.7106795,1,1.0,True,0.0046919726474176325,0.004014267353476204,0.005839386782229413,0.004792640182481134,0.004198247274100396
ViTscratch,400,68,0.90593964,1,1.0,True,0.004851365188605526,0.0032396051163008596,0.0038897666285177507,0.003221545387866543,0.0026928874845662085
ViTscratch,400,68,0.84693974,1,1.0,True,0.0010776502866593845,0.003412707004390829,0.00420008265363431,0.003776632704596912,0.0035137283367397782
ViTscratch,400,68,0.9971107,1,1.0,True,0.003743866572102694,0.005924986228692104,0.006018055804659454,0.006269870223479969,0.0052886271850787255
ViTscratch,400,68,0.97661865,1,1.0,True,0.010712914954682882,0.007081404240582986,0.005789796546189507,0.0059012505352257286,0.005905836079144494
ViTscratch,400,68,0.9999244,1,1.0,True,0.0004983648663156236,0.0024313986352536747,0.0034272508548068136,0.003699074155933166,0.00406083224836104
ViTscratch,400,68,0.8237491,1,1.0,True,0.004397695063056676,0.004760809762126089,0.005610495925142557,0.004256811893050068,0.004752025732511918
ViTscratch,400,68,0.5472658,1,1.0,True,-0.0011283802933783286,-0.00017601334674294472,0.002625270665581635,0.0029934282598727776,0.003483422857354088
ViTscratch,400,68,0.5245017,1,1.0,True,0.006502567586727102,0.005751794479665109,0.0056564565330194565,0.004150009729858396,0.0039739317072973925
ViTscratch,400,68,0.36718157,0,1.0,False,0.00214221179448856,0.004076553849819429,0.004256792547756659,0.004073129386119775,0.003953129825812402
ViTscratch,400,68,0.26901177,0,0.0,True,0.006605832775336654,0.002944403198741849,0.0028834185423614045,0.002870349107353491,0.0028916446802578007
ViTscratch,400,68,0.37998733,0,1.0,False,0.0046472192848372425,0.0036855291231493183,0.004287971298439911,0.00493885186628041,0.005632898809777399
ViTscratch,400,68,0.2605101,0,1.0,False,0.002380966165084816,0.0028983908384814516,0.003429675666025206,0.005050345908880421,0.004377864979479209
ViTscratch,400,68,0.16482066,0,0.0,True,0.0003501139082973699,-0.0008414684431652367,-0.000700147717763105,-0.0010825606928230647,-0.00041638998939451594
ViTscratch,400,68,0.26341298,0,1.0,False,0.006605859494344326,0.006927598276544069,0.006086063743646097,0.0045297663091768145,0.004341564299862963
ViTscratch,400,68,0.18545768,0,0.0,True,-0.0009770295164021861,0.0010036192800813048,0.0004930929637299921,0.0013797265320603894,0.001165783077697473
ViTscratch,400,68,0.15650256,0,0.0,True,-0.0038773165603463618,-0.002589863500630275,-0.0012949594273152217,-0.0007693598820836639,-0.0005592753804367065
ViTscratch,400,68,0.3435084,0,1.0,False,0.0019470007795439302,0.0014355798242766307,0.002466701890034877,0.0015947004711572518,0.002237238027643116
ViTscratch,400,68,0.20598477,0,0.0,True,-0.0012855320558203696,0.00014267016485520128,9.659470089535848e-05,0.00041641837632556267,0.0003973384733302887
ViTscratch,400,68,0.46185625,0,0.0,True,-0.0008654371809762691,-0.0007967391588615871,8.737332671785228e-06,0.0004910695089100656,0.0007612328378679857
ViTscratch,400,69,0.35106435,0,0.0,True,-0.0005686380698232191,0.0007351465541430931,0.0024026477900879755,0.0017368192977053382,0.001412913933821009
ViTscratch,400,69,0.27493405,0,1.0,False,0.006368459269522003,0.003811005180766307,0.005405169324856543,0.005050838949882869,0.004557846588529685
ViTscratch,400,69,0.3705371,0,1.0,False,0.006526973345511282,0.006661603490063559,0.004421887417409684,0.004744826409652907,0.003848062976003745
ViTscratch,400,69,0.11437997,0,0.0,True,-0.00021527025073122315,-0.0012818835213135836,-0.000521327008160632,-0.0007190208350637916,-0.0009844310717462424
ViTscratch,400,69,0.5598951,1,0.0,False,-0.0013568725157948026,0.002117240437097055,0.0024006041146600794,0.0026952087841294672,0.0024985717553778594
ViTscratch,400,69,0.8396114,1,1.0,True,0.005373171297200309,0.005750805463992296,0.005613858431846253,0.005444896258950843,0.005774416020952113
ViTscratch,400,69,0.8332122,1,1.0,True,0.008544027168069582,0.005443042617137931,0.003979978176979257,0.00451647892706253,0.003884219474813147
ViTscratch,400,69,0.28278795,0,0.0,True,0.004054142123199027,0.004762260069143801,0.0036168832974346156,0.003089281735229748,0.0021663893072707244
ViTscratch,400,69,0.9961075,1,1.0,True,0.0010236170132721253,0.003088531494385756,0.002332322155298639,0.003602590042358185,0.004582621244594592
ViTscratch,400,69,0.22093591,0,0.0,True,0.005262073419650709,0.0026525327602465775,0.0005892993495562917,0.0007755521483873706,0.0009912567174423005
ViTscratch,400,69,0.99978024,1,1.0,True,0.01033383176756573,0.007906444948925269,0.006063422495767367,0.00651410487551457,0.0056801166729490826
ViTscratch,400,69,0.1430867,0,0.0,True,0.00030006542376075285,-0.0003649856915102005,0.0004432216957095927,-0.0005629169056113939,-0.00024174943650774174
ViTscratch,400,69,0.19256477,0,0.0,True,0.0013573645438870157,3.927051331658244e-06,8.785777953285188e-05,0.000563595038107677,0.0005830754120654083
ViTscratch,400,69,0.7582372,1,1.0,True,-0.0012787783012440644,-0.0005339207101376129,0.0010921983727489753,0.002062057546586189,0.0024651588047882936
ViTscratch,400,69,0.9703103,1,1.0,True,0.0026317339041902923,0.0017701378299165562,0.001177780496479819,0.0022276579981310085,0.002522350482142652
ViTscratch,400,69,0.15499377,0,0.0,True,-0.0029723109369596875,-0.002517922574531971,-0.0011997680843138059,-0.0012159757750121389,-0.0017452025158267972
ViTscratch,400,69,0.77397066,1,1.0,True,0.0026135304731178493,0.003270027777830682,0.0035132215496739266,0.0029202952714043645,0.002320796580084762
ViTscratch,400,69,0.2205602,0,0.0,True,0.005195189039427349,0.002246868010176611,0.0007693619873059173,0.001211418291496401,0.0007145974265603524
ViTscratch,400,69,0.98516744,1,1.0,True,0.002892663352916383,0.005864548165800876,0.005506464983654696,0.00577415231245126,0.005908348363560377
ViTscratch,400,69,0.39733425,0,0.0,True,0.0008936855678162265,0.00277746521254228,0.001879942949575506,0.0015064705208221185,0.0017112561221542136
ViTscratch,400,69,0.30527303,0,0.0,True,-0.0012550142059002593,-0.0014133676397700802,0.00019526834596434017,0.0003823802281971514,-0.0007415051105465698
ViTscratch,400,69,0.7061301,1,1.0,True,0.0050626453778388845,0.005232107285589527,0.005862632751818871,0.006603756133889693,0.006073024236030275
ViTscratch,400,69,0.15998635,0,0.0,True,-0.0021947548713526083,-0.0010871949551971836,-0.0006885886462385061,0.0009289915601050604,0.0005573822613015214
ViTscratch,400,69,0.9969119,1,1.0,True,0.00463722297781887,0.00617382493699971,0.006131491720457231,0.005406719201014299,0.0052758302450302925
ViTscratch,400,69,0.12822115,0,0.0,True,0.0037966178368668787,0.0010912040938994437,-0.0013362499736197019,-0.0005632895459711475,-0.00023212632814201828
ViTscratch,400,69,0.25426334,0,0.0,True,0.0028819613116133095,0.0007213440720241202,0.00022612862568902249,0.0010409539146460935,0.0017809636806658904
ViTscratch,400,69,0.99878234,1,1.0,True,0.007393211002366556,0.0066748115099282464,0.005556774512748448,0.0059054720832082816,0.005143413561300042
ViTscratch,400,69,0.4803892,0,1.0,False,0.00565827178300185,0.004938088515058586,0.0034459657786125716,0.004288828564306899,0.003984622268071147
ViTscratch,400,69,0.6944304,1,1.0,True,0.00339327379216899,0.004220225109761026,0.0037679300843693592,0.00377659781414353,0.004138547260894815
ViTscratch,400,69,0.5010835,1,1.0,True,-0.0031679405725932837,0.0030582392933725198,0.005325655642633872,0.005720086283469435,0.005358322251545751
ViTscratch,400,69,0.6705384,1,1.0,True,0.0019632703903465745,-0.00033764191851347244,0.001206048126483875,0.002245765509660425,0.0020706674793069704
ViTscratch,400,69,0.13380454,0,0.0,True,-0.005013750145490924,-0.0012182420049814341,-0.002266728935433049,-0.0009384488491157746,-0.0013288595444213404
ViTscratch,400,69,0.2748857,0,0.0,True,-0.004105946848428408,-0.004638167873623919,-0.002018238887710641,-0.0013510388416055226,-0.001073891746790841
ViTscratch,400,69,0.9999294,1,1.0,True,0.011399332513024154,0.005134389181082606,0.0036900579753397196,0.004716188829947182,0.005461808157701512
ViTscratch,400,69,0.15704402,0,0.0,True,-0.0043321776953446,-0.003201733916797296,-0.002043513279825911,-0.0009266827453484167,0.0002181880337867328
ViTscratch,400,69,0.4003324,0,0.0,True,-0.0009398444492114434,-0.0010663812655475904,-0.0016748723240867743,-0.0014117258727701755,-0.0007050115617808421
ViTscratch,400,69,0.9135352,1,1.0,True,0.006912578990500249,0.005886286748771271,0.004869986487506018,0.005096296545890689,0.004590077252393339
ViTscratch,400,69,0.17935988,0,0.0,True,-0.00018471259405930857,-0.0007499199135255876,-0.0010816846499809689,0.0003268252351416205,0.0007383943464966784
ViTscratch,400,69,0.95165896,1,1.0,True,0.011461965647480242,0.007624657851262009,0.005879894541391196,0.00628282387348651,0.005908713811219802
ViTscratch,400,69,0.2643902,0,0.0,True,0.00197922034189313,0.0010777662474102737,0.0007356751470302234,0.0002409404567251746,0.0005027006336417899
ViTscratch,400,69,0.8743556,1,1.0,True,0.00354612500128305,0.003983457720068425,0.004576828382013314,0.0036884726409473273,0.004526268730682063
ViTscratch,400,69,0.17722398,0,0.0,True,0.002588839354123947,0.0027927276302072827,0.003072649475511772,0.0018092319638011443,0.0014455460586090371
ViTscratch,400,69,0.18994887,0,0.0,True,-0.001811119975064321,-0.0017258675032001448,0.0004827843411286606,0.00020674503701869794,9.357640833363837e-05
ViTscratch,400,69,0.1872132,0,0.0,True,0.0007681790894835324,-0.0007995215227842842,-0.00014710222503462635,-0.0013046254752500624,-0.0007447058863223264
ViTscratch,400,69,0.8768361,1,1.0,True,0.005336658557853252,0.003260428949515093,0.0021589569956564593,0.0023912242551643982,0.0032122917005837507
ViTscratch,400,69,0.5518441,1,1.0,True,0.007879264108746457,0.008115216657243452,0.0066684139922937105,0.006022867871240887,0.005443548002279489
ViTscratch,400,69,0.9918218,1,1.0,True,0.00541847699448136,0.0037696353100042128,0.0033604145912295067,0.003572377724136784,0.004119925106966464
ViTscratch,400,69,0.123744294,0,0.0,True,-0.0014148212874816786,-0.0026282095422824,-0.002630041690046673,-0.0029030881760898,-0.0028996214936278697
ViTscratch,400,69,0.749452,1,1.0,True,0.005580443120348847,0.004113854867400679,0.002070225879730643,0.0030092541105700313,0.0037621618764326847
ViTscratch,400,69,0.998922,1,1.0,True,0.005375295020577217,0.00437835880222467,0.004086652164810648,0.0050026927234325695,0.005662054118290694
ViTscratch,400,69,0.20646015,0,0.0,True,-0.0005630520230027633,-0.0003560435514242635,0.0008564104188830378,-0.00018575330928094166,6.666899501944072e-05
ViTscratch,400,69,0.99359566,1,1.0,True,0.0031564468471246485,0.004019089062603033,0.004730794937262044,0.004839536349304417,0.004423522845480784
ViTscratch,400,69,0.21964237,0,0.0,True,-0.0010820239782869594,-0.0004616701571514506,-0.00045174198238580814,-0.0006578972856620355,-5.6788939503117744e-05
ViTscratch,400,69,0.13811877,0,0.0,True,-0.005954876595215402,-0.0017904110071238777,0.0008937409617912625,0.0014221742095196133,0.0011462873599557644
ViTscratch,400,69,0.20777102,0,0.0,True,0.0003981112080062662,-0.0014830031004866668,-0.0017405078858588354,-0.001216156740473695,-0.0006643309280703692
ViTscratch,400,69,0.6761078,1,1.0,True,0.004022665983067841,0.002690398379753826,0.004583579510867448,0.00443935045733898,0.004006304207706602
ViTscratch,400,69,0.14450565,0,0.0,True,0.0023813148994528952,0.0023160483758915638,0.0009061168321812605,0.0008224352568986853,0.0008432421327005489
ViTscratch,400,69,0.63943374,1,0.0,False,-0.00045565672011214876,-0.0016606816125127096,-0.0022402569570640607,-0.001192231978839396,-0.0011391960382590635
ViTscratch,400,69,0.10872404,0,0.0,True,0.0017971548848076996,-0.0005467142157632406,-0.0020805543173374025,-0.001671126211808863,-0.0014732217248498657
ViTscratch,400,69,0.4974866,0,1.0,False,0.004306983788816769,0.0012202113147597993,0.001818187537625144,0.001935634537982306,0.002553785678649836
ViTscratch,400,69,0.24799126,0,0.0,True,-0.0008344298203260359,0.0011219944471577347,0.00047831041655998564,0.00036660901581395686,0.0010425832166938071
ViTscratch,400,69,0.63836104,1,1.0,True,0.002117765660230235,0.004441619831063816,0.0033500519095083525,0.004119471047434108,0.004186372258436471
ViTscratch,400,69,0.99673295,1,1.0,True,0.007568847434188806,0.006649852752494734,0.006930430395449621,0.005845887550889163,0.005380355027697984
ViTscratch,400,69,0.19270721,0,0.0,True,0.001640287354574794,-0.0007730346500601203,-0.000629545018146659,-0.0008788782373621776,-0.0007094163265399429
ViTscratch,400,69,0.35872948,0,1.0,False,0.00267978724948765,0.005198907445384517,0.005680759964497675,0.006102061252236703,0.005554924705620601
ViTscratch,400,69,0.9027049,1,1.0,True,0.00259129381425826,0.0008192502889650452,0.002706600421337594,0.0033901980200895026,0.0036693663419792278
ViTscratch,400,69,0.5425913,1,1.0,True,0.003624315368677166,0.006282026647800329,0.007271941100048434,0.00790488310119701,0.00747602646609479
ViTscratch,400,69,0.14345592,0,0.0,True,0.003017098779998052,0.0030145157433008984,0.0026268561042554397,0.0031636690262320803,0.0023067521948597317
ViTscratch,400,69,0.8277313,1,1.0,True,0.010767604926075307,0.008756429828590711,0.008111009035992644,0.006003866333174427,0.004791824880334465
ViTscratch,400,69,0.35596195,0,1.0,False,0.0026564285985627707,0.004661003141951289,0.0029310879802363922,0.0037701631456255966,0.003737764801413213
ViTscratch,400,69,0.1807978,0,0.0,True,0.0013779408654524933,-0.00040843559736563646,-2.1627084183906348e-05,-0.0005541412458005472,-0.0006958331445155763
ViTscratch,400,69,0.20010339,0,0.0,True,0.0011792400784483713,0.0010048196964282722,0.0015157784811124064,0.0013989611957319023,0.0007150143189033392
ViTscratch,400,69,0.12041987,0,0.0,True,-0.0014886960260351292,-0.0003549094348611615,-0.00029909835224767886,0.00028515698418116983,-0.000708345169696776
ViTscratch,400,69,0.31318384,0,0.0,True,0.001513156277776746,0.0006682827719853371,0.0016763223990012139,0.0023303388730325273,0.0026746430697549488
ViTscratch,400,69,0.12825008,0,0.0,True,0.0008933685569390569,0.0017413185147731765,0.0016240163804413718,0.0004716036197088759,0.0005092973239991484
ViTscratch,400,69,0.9825246,1,1.0,True,0.0036711951792162394,0.007377081972863493,0.007084652421939949,0.005879568850468797,0.0053893564308539164
ViTscratch,400,69,0.40361193,0,0.0,True,0.003140232273384948,0.0021155956167176887,0.0023856295876582266,0.002283666187226753,0.002644018736747463
ViTscratch,400,69,0.122109175,0,0.0,True,0.0007934981115643778,-0.0007677728058753866,-0.0006283044543650318,6.70246659870969e-05,-0.0003233227996044022
ViTscratch,400,69,0.6699006,1,1.0,True,0.0029607714604333473,0.005015994017052334,0.0045176896225907655,0.004598045215197245,0.004797105450730836
ViTscratch,400,69,0.17060104,0,0.0,True,-0.00019920615431776343,0.0006731601914421287,0.0009610604324506476,0.00043643185966410144,0.0006628682513833447
ViTscratch,400,69,0.16010766,0,0.0,True,-0.002658803941738283,-0.0012316904394449716,-0.0006433373114937277,-2.1872091569582917e-05,0.0006189916858455941
ViTscratch,400,69,0.99375653,1,1.0,True,0.005407636353088844,0.0034566442521103097,0.004365953054766115,0.004214762899505555,0.004647257036079413
ViTscratch,400,69,0.47224846,0,1.0,False,-0.0011679673683556858,0.004288503825635534,0.0034772354415905323,0.003365120924023856,0.0034104162920993355
ViTscratch,400,69,0.19032784,0,0.0,True,0.0006868693399400722,0.0008383121120485711,0.0003075103233887146,-0.0005778786587136055,-0.0007102641925474113
ViTscratch,400,69,0.33795613,0,0.0,True,0.0002631522500165925,0.0014805464183638734,0.0005527650641797346,-0.00020125064517284542,0.0002468594275538302
ViTscratch,400,69,0.12367949,0,0.0,True,0.0018066001597094256,-0.000582446241994636,-0.00040122537147192707,-0.00030728886133123926,-9.38954181419382e-06
ViTscratch,400,69,0.21724108,0,0.0,True,-0.0008214084296921596,-0.0025343759299426174,-0.0030337975905176066,-0.0014966249165120568,-0.0007465351957445184
ViTscratch,400,69,0.14821969,0,0.0,True,-0.000993775187887401,0.001778123443674178,0.0006038570460841666,0.0010282792467341702,0.0002714628651911903
ViTscratch,400,69,0.90203655,1,1.0,True,0.009668629779744156,0.008049510491711681,0.006698351577096136,0.006100680090396711,0.005477500986291762
ViTscratch,400,69,0.7329077,1,1.0,True,0.004584145670295964,0.005543050978221765,0.004737674306055046,0.004924957513609074,0.005216501817778327
ViTscratch,400,69,0.12554362,0,0.0,True,0.0015286971199663167,0.0003204891001386285,-0.0004263205907861276,0.00033436085015859724,0.00046809112950528796
ViTscratch,400,69,0.5269775,1,1.0,True,0.0005809810893975456,0.0017241740424497598,0.0021501096531716703,0.0036664099459270093,0.00413699394808835
ViTscratch,400,69,0.14298378,0,0.0,True,0.0004842176928236086,0.00013991607419913685,0.00033490972823306417,-0.0006173945914637587,-0.0005784724751163828
ViTscratch,400,69,0.8207882,1,1.0,True,0.005409247133163864,0.005773910605722278,0.005226588077270727,0.00422302899293021,0.004006822113434741
ViTscratch,400,69,0.13778572,0,0.0,True,-0.0013949278854827603,-0.0019988436290104897,-0.0030944378384000484,-0.0021046625067101606,-0.0019888240762121964
ViTscratch,400,69,0.6284442,1,1.0,True,0.002949182858968377,0.00577630740997862,0.004808062485589308,0.0043757302522743,0.00392170673053988
ViTscratch,400,69,0.19433798,0,0.0,True,-3.8946372923165136e-05,-0.0015572178110179323,-0.001303795082133313,-0.0005298246230203757,0.0004823595560312673
ViTscratch,400,69,0.9179705,1,1.0,True,0.002711809051720319,0.001735312774709871,0.002524319129042822,0.0022547957832814514,0.00236809218520868
ViTscratch,400,69,0.2991155,0,0.0,True,0.0054757940767034274,0.0035567632066470663,0.003609389853133479,0.003185189094661934,0.0024958574766824376
ViTscratch,400,69,0.9096494,1,1.0,True,0.004519246157099868,0.006012078807854645,0.005322545577582546,0.004816864446177371,0.004636116580310785
