TP,FP,TN,FN,precision,recall,F1,AUC_ROC,total_params
24503,927,24483,1287,0.9635469917420333,0.9500969367972046,0.9567746973338332,,
