TP,FP,TN,FN,precision,recall,F1,AUC_ROC,total_params
24745,546,25054,855,0.9784112925546599,0.9666015624999963,0.972470574314817,,
