TP,FP,TN,FN,precision,recall,F1,AUC_ROC,total_params
15992,1723,16372,1753,0.9027377928309293,0.9012116089039116,0.9019740552235428,,
