TP,FP,TN,FN,precision,recall,F1,AUC_ROC,total_params
23654,1544,24108,1894,0.9387252956583819,0.9258650383591635,0.932250817748446,,
