TP,FP,TN,FN,precision,recall,F1,AUC_ROC,total_params
24324,800,24919,1157,0.9681579366342901,0.9545936187747697,0.9613279319725261,,
