TP,FP,TN,FN,precision,recall,F1,AUC_ROC,total_params
24350,1392,24099,1359,0.9459249475565188,0.9471391341553506,0.9465316514242146,,
