TP,FP,TN,FN,precision,recall,F1,AUC_ROC,total_params
23396,1825,23748,2231,0.9276396653582296,0.9129433800288723,0.9202328507995906,,
