TP,FP,TN,FN,precision,recall,F1,AUC_ROC,total_params
15978,1495,16444,1923,0.9144394208206896,0.8925758337522994,0.9033753603842195,,
