TP,FP,TN,FN,precision,recall,F1,AUC_ROC,total_params
24377,1318,24424,1081,0.9487059739248845,0.9575379055699547,0.9531014798241007,,
