TP,FP,TN,FN,precision,recall,F1,AUC_ROC,total_params
24975,908,24562,755,0.9649190588417071,0.9706568208317102,0.9677794353635555,,
