model,N,K,soft_output,hard_output,label,correct,morans_I_lambda_1,morans_I_lambda_2,morans_I_lambda_3,morans_I_lambda_4,morans_I_lambda_5
MLP,600,126,0.5455199,1,1.0,True,0.008819123633530535,0.007815543253264862,0.008484320363897686,0.007667928882153,0.007627587634662298
MLP,600,126,0.36647627,0,1.0,False,0.0043221276418961355,0.006531699793882683,0.007421525860973185,0.007133929192158919,0.006614785832627361
MLP,600,126,0.14432406,0,0.0,True,-7.413253750744669e-05,-0.0003694097101685612,0.0002936698353135191,-0.00027789236902993754,-0.00023846627312750445
MLP,600,126,0.24012993,0,0.0,True,-0.002032794128770419,3.180669376653437e-05,0.0007788082570134032,0.0005939752661426217,0.0008337690350764828
MLP,600,126,0.24807076,0,1.0,False,0.008129298394494238,0.007200419531179188,0.007583758623588364,0.007194695513715648,0.0073151043170204275
MLP,600,126,0.5545331,1,1.0,True,0.0073855943271798116,0.00829974137780109,0.006679058606371163,0.0066695963561864986,0.007229123357692532
MLP,600,126,0.3344816,0,1.0,False,0.008641257422373368,0.01037514679774111,0.00974656395462846,0.010098302963462676,0.0095984805432291
MLP,600,126,0.18258467,0,0.0,True,-0.002315568493599241,-0.00034594223194500543,0.0002873276607028784,0.0003996037146337489,-0.00012800865810808174
MLP,600,126,0.17487669,0,0.0,True,0.0009180582349385195,0.0012613727784680315,6.121841630084995e-05,-1.5417237105921517e-05,-0.00030939466027985217
MLP,600,126,0.70828396,1,1.0,True,0.004517103269015255,0.006542789832681106,0.007033316689641013,0.007593983582649131,0.0073874815640691815
MLP,600,126,0.14551434,0,0.0,True,-0.0015459352605530366,0.0004771348392738861,0.0007627822900802635,0.0007081616012538538,8.370946582214832e-05
MLP,600,126,0.31925407,0,0.0,True,-0.001198155720074164,-0.0009794048585217493,-0.0002660187199272021,-0.00022508408938642387,-4.022549035237015e-06
MLP,600,126,0.28746536,0,1.0,False,0.008725511151505041,0.009270225740488039,0.007710714975159279,0.008366648830574244,0.008304723028246764
MLP,600,126,0.38592285,0,1.0,False,0.007184840291816768,0.008435841551861,0.008215006462109119,0.007920785031204995,0.007259526349428178
MLP,600,126,0.3537878,0,1.0,False,0.00602024143859424,0.006258920697350446,0.007017144842042231,0.006920024073159356,0.007749573141818688
MLP,600,126,0.2977396,0,0.0,True,0.0005949137565296516,0.0003642437549291236,-0.0003870268897923197,0.000699595971819822,0.00010888505999879217
MLP,600,126,0.34613043,0,1.0,False,0.010155545266085938,0.010790569516813071,0.010521844329257733,0.009507403425225505,0.008760209255756539
MLP,600,126,0.1297568,0,0.0,True,-0.0019473113561760376,6.451974568089551e-05,6.547962974549805e-05,-0.00036498750473182295,-0.00046299919895783384
MLP,600,126,0.12910752,0,0.0,True,-0.0002784980046654568,-0.0002397616010253156,0.0003118925147155707,0.00022711196802513108,7.796528126453501e-05
MLP,600,126,0.3364777,0,1.0,False,0.00938786780808968,0.007925366133966471,0.0071646176986933,0.00767084326836005,0.008100493084138924
MLP,600,126,0.21042778,0,0.0,True,-0.003221123081231896,-0.0023715605609389845,-0.0017734851255549373,-0.001202798720006628,-0.0012980387184093269
MLP,600,126,0.58903337,1,1.0,True,0.009843274238735884,0.010608988976455545,0.010695913991319627,0.010402150598380483,0.009947546409606772
MLP,600,126,0.28796512,0,0.0,True,-0.0010549775218773876,-0.001047233943022867,-0.0006512730462960489,-0.0005661857654458666,-0.0009629802201995965
MLP,600,126,0.15384768,0,0.0,True,0.0014357202726791298,0.001222492517467198,0.0008658408491519255,0.00047139894788349174,0.0002400794708461666
MLP,600,126,0.44306275,0,1.0,False,0.008428820359584909,0.008547203529146015,0.00758410189601011,0.007311017999719477,0.007754147272913478
MLP,600,126,0.58510786,1,1.0,True,0.00886691649329889,0.006992081536970728,0.007295429431345943,0.007093384688654882,0.007999522095164944
MLP,600,126,0.4427505,0,1.0,False,0.009115214202079655,0.009209238890838111,0.00889086039320388,0.008383647852262264,0.008322835107678561
MLP,600,126,0.1226941,0,0.0,True,0.0029586972698805317,0.0008419271800971897,0.0011501709294224232,0.0012799608704916127,0.0005979459093512949
MLP,600,126,0.60987294,1,1.0,True,0.009288416332795854,0.01014589868092558,0.009685824360597428,0.009678562375561991,0.009616258081171178
MLP,600,126,0.1556223,0,0.0,True,-0.001397783910179065,-0.0004019792080374913,-0.0005137886605399274,-0.00037473646686908427,-0.0001796359106420604
MLP,600,126,0.44158593,0,1.0,False,0.01008200288956059,0.007144323275220742,0.008549572024809967,0.009095232537045764,0.008188982315476174
MLP,600,126,0.23710683,0,0.0,True,-0.0008937065930644802,-0.0006717588304617875,-0.0005349723564367668,-0.0011193963171288652,-0.0011706368422048253
MLP,600,126,0.32499424,0,1.0,False,0.003938700807669887,0.00532592878613408,0.0050544716116006335,0.005121353923441688,0.005772702351651059
MLP,600,126,0.29138666,0,1.0,False,0.00734940355784372,0.005801769863640745,0.005453558979437294,0.005680260616986119,0.006866993693608153
MLP,600,126,0.19949593,0,0.0,True,0.0002310218813112665,0.001214438589872905,0.00038789517357096947,0.00046811321912986295,0.0005556728258882671
MLP,600,126,0.2297999,0,0.0,True,-0.0028802498232341723,-0.0017549985695680063,-0.001815266374847636,-0.0013356847495574402,-0.0015280554530007024
MLP,600,126,0.42087683,0,1.0,False,0.005564796922644494,0.006761314996616991,0.007043810702196844,0.007591315933687199,0.008311526219400156
MLP,600,126,0.5472522,1,1.0,True,0.007328812408312765,0.004427684358070098,0.005211779202941968,0.004891176027207794,0.0054326835717490845
MLP,600,126,0.7854116,1,1.0,True,0.005469656363251793,0.007351307896532794,0.006262822716095905,0.005976912556358566,0.00652826885348341
MLP,600,126,0.23199646,0,0.0,True,-0.0005342185147926652,0.00036202060468676687,0.00018952582332031997,0.000824273310999706,0.0011200511030445143
MLP,600,126,0.3468822,0,0.0,True,-0.002282677193460863,0.00027460775354683746,-0.0002798012191196822,0.00026946946021339576,0.000445583645337709
MLP,600,126,0.28535214,0,1.0,False,0.006553507906687048,0.006372684703008269,0.005481780280328819,0.005545088735336039,0.005822791103963448
MLP,600,126,0.6479452,1,1.0,True,0.010008802848196675,0.00842169111536593,0.007578799939714128,0.007537702106284542,0.007721028958040751
MLP,600,126,0.27578557,0,0.0,True,-0.0017083190786485222,-0.0005121164981654697,-0.000740994098291452,-0.0006747864089940479,-0.00030573866487932223
MLP,600,126,0.24270694,0,0.0,True,0.0019990625289465426,4.056746385116831e-06,0.0005550320667526604,0.00024822988403816617,0.0005150273924339866
MLP,600,126,0.4654421,0,1.0,False,0.00681978496427748,0.007944565386788605,0.009199469566552007,0.00919327991793288,0.008959056977873315
MLP,600,126,0.47181445,0,1.0,False,0.0057623907276010055,0.0047057401584804665,0.005998182951562687,0.006027176496101955,0.006437458162642777
MLP,600,126,0.2732635,0,0.0,True,-0.0016639411985194554,-0.0015339200013089766,-0.0006442054974573081,-0.000283953974215441,-9.7809886438499e-05
MLP,600,126,0.25894192,0,0.0,True,-0.0009585341814201645,-0.00028793144795128837,-0.00022767743653791342,0.0007033190082691509,0.0006768143798397305
MLP,600,126,0.5440395,1,1.0,True,0.004947991580099319,0.006143651921765032,0.006533180812522978,0.007009961535786012,0.006933563264793583
MLP,600,126,0.73553014,1,1.0,True,0.005542232589717923,0.0057529568693904356,0.0067146498730487475,0.007109861451635172,0.006944428391640604
MLP,600,126,0.9599293,1,1.0,True,0.005869756770853563,0.007473664708115796,0.007039879833119492,0.006109038232285153,0.005788216884618046
MLP,600,126,0.17445946,0,0.0,True,-0.00030615068895903114,-0.00010869606670770736,0.00024144847953655568,0.0005577807740636023,0.0005113497957530186
MLP,600,126,0.21481706,0,0.0,True,0.0025206730882496786,0.0010468512086022398,0.0003528062249875459,-9.646456417156126e-05,-0.00043464917577510303
MLP,600,126,0.16283843,0,1.0,False,0.010449190384592869,0.007695247510180262,0.008140189423899892,0.008779335715740091,0.008621382396369195
MLP,600,126,0.6204155,1,1.0,True,0.010411565252558604,0.010214281646971598,0.009745064877668066,0.010206950911918429,0.009522795781419369
MLP,600,126,0.44068286,0,1.0,False,0.011206696098139058,0.008099833457319487,0.008189232008888964,0.008061735173192365,0.007599234755403323
MLP,600,126,0.19114737,0,0.0,True,-0.0018655373988876968,-0.0026217767720637837,-0.0011274782364428058,-0.0020045548679491028,-0.0020130294438817156
MLP,600,126,0.16063249,0,0.0,True,0.0041713597055889,0.0023982174470389248,0.0013874773502007914,0.0012179925684991418,0.0007435513728238955
MLP,600,126,0.2013575,0,0.0,True,-0.0002094263046603672,0.0005060092334919422,0.001458768869648611,0.0013048286111372184,0.0007637666417492093
MLP,600,126,0.15838306,0,0.0,True,0.0015436589146956765,-0.0006440779555793418,-0.0018412530447208257,-0.0012142371724132314,-0.0007227245964809906
MLP,600,126,0.30539832,0,0.0,True,0.0008135409289661353,0.0017387891435298125,0.0008337478701320627,-5.2921110490708695e-05,-0.0002046834750110477
MLP,600,126,0.19680922,0,0.0,True,-0.0006176401854876779,0.000785576226598806,-0.0004399647586944446,0.00013431726313939667,-0.00014924900175483036
MLP,600,126,0.8963337,1,1.0,True,0.003489179545721464,0.004834105178038114,0.005403008099802473,0.005853446587675281,0.0060479975456399875
MLP,600,126,0.09959242,0,0.0,True,-0.0034803756876071903,-0.0007294904172529967,-0.0008815214404224816,-0.0002410182020944228,-0.00011184382632189285
MLP,600,126,0.48487628,0,1.0,False,0.006093370107893739,0.008290101529294788,0.00903930292698824,0.008419691844533086,0.008186376815216478
MLP,600,126,0.37557924,0,1.0,False,0.00659107713723811,0.005371054143194113,0.005950785582928029,0.006875574046672429,0.007267102801756164
MLP,600,126,0.1392641,0,0.0,True,0.0013398057097393406,0.0009008759361222409,0.0011915225248123075,0.0010614457729726994,0.0006319052431262327
MLP,600,126,0.9127038,1,1.0,True,0.005527531760933916,0.007367513779998486,0.007844844818644768,0.008302127365406553,0.007851526255507018
MLP,600,126,0.2035781,0,0.0,True,-0.0002711390069759009,0.0009734425604124255,0.0004939593190077685,0.0005287819882336966,0.0003834441569739773
MLP,600,126,0.7482218,1,1.0,True,0.007740937641240247,0.005956481365745409,0.007075119220434604,0.006793250111489219,0.007067277133547989
MLP,600,126,0.5001938,1,1.0,True,0.005700405531798969,0.007186400018575741,0.008448434249905084,0.008602943394670041,0.008910932116684348
MLP,600,126,0.25280842,0,0.0,True,-0.003557025215657981,-0.00321191301349936,-0.0019297679558527973,-0.0010709114551555661,-0.0004177366261745807
MLP,600,126,0.13103408,0,0.0,True,-0.0023733995396906645,-0.0016259739786561576,-0.0007698938958738232,-0.0007876863107731676,-0.0009535265292193741
MLP,600,126,0.3610373,0,1.0,False,0.003426765330367968,0.00605851939709404,0.006723269644823543,0.0074104210347910515,0.007738814688232404
MLP,600,126,0.6610029,1,1.0,True,0.00569991007838448,0.0077982949745490195,0.007410959485829149,0.006850685254156676,0.00779498559135585
MLP,600,126,0.12684211,0,0.0,True,0.0012415752274825458,-0.0011382670418910057,-0.0005399913279811253,7.473730828604289e-05,0.00016171655386773546
MLP,600,126,0.2228103,0,0.0,True,0.0015410314825531949,0.001155206085775263,0.00173310965964468,0.0016913171312299801,0.0008080085076362583
MLP,600,126,0.129497,0,0.0,True,-0.0017529936302261018,-0.001267137905744114,-0.00042741542680053887,3.063030958544742e-05,4.3504074261544704e-05
MLP,600,126,0.1681976,0,0.0,True,0.00041665939736312634,-0.00035443153499402136,0.00020356614950270183,0.0008178324499503604,0.0005440736749638161
MLP,600,126,0.15912616,0,0.0,True,0.00014354160783248477,4.618234544971172e-05,-9.221699175634545e-05,-0.0004963326932600741,-0.0002737034353401714
MLP,600,126,0.21845807,0,0.0,True,0.002565166388768088,0.0015536739258570312,0.0009734019605238844,0.0006650520358278363,0.000736807944325265
MLP,600,126,0.6244437,1,1.0,True,0.005296743789191486,0.008810011847096589,0.00801820794749087,0.00803218799749062,0.00820744969299247
MLP,600,126,0.35023052,0,1.0,False,0.008936947346339638,0.008899910850447813,0.007238888262436586,0.007800555189513571,0.008319438718523739
MLP,600,126,0.24968746,0,0.0,True,-0.00039773524954132323,-0.0022332317101044804,-0.0008201609926732779,-0.0008589380469280219,-0.0005028693166129068
MLP,600,126,0.5021077,1,1.0,True,0.011655120225917538,0.010573078589502578,0.00905470388864824,0.008862788239726527,0.008693513813590126
MLP,600,126,0.3600329,0,0.0,True,0.0019787158358896616,0.0008916531726840416,-4.872820069858283e-05,0.00028916388488247903,-0.00030832768810889474
MLP,600,126,0.6558409,1,1.0,True,0.004331423611562413,0.005841745400389588,0.005890483879430841,0.006678689738258934,0.006916850080289119
MLP,600,126,0.17950736,0,0.0,True,0.0002363036273607322,-6.414678762121742e-05,0.001253122585439032,0.0004712043635670151,-0.00023308217748623314
MLP,600,126,0.49023807,0,1.0,False,0.009368236226395715,0.00934566079949014,0.009419447977767757,0.009177423733927966,0.008831692161840423
MLP,600,126,0.2931968,0,0.0,True,0.0007876134229210949,-0.0009442784427813015,-0.001729300755420545,-0.0018036545561827151,-0.0015272987142765505
MLP,600,126,0.26043773,0,0.0,True,0.0007752230988760942,-0.000493850494577798,-0.0008564268382864394,-0.0007204068173501811,-0.0006634637694438897
MLP,600,126,0.3355811,0,0.0,True,8.812751470381882e-05,0.00019954616663407277,0.0005044271441149413,0.00016500519404272516,0.0008923663920228045
MLP,600,126,0.28966585,0,1.0,False,0.003671738631274073,0.005395760181188538,0.006100830114526362,0.006975302040251013,0.007033032686188362
MLP,600,126,0.54389197,1,1.0,True,0.009394749549909112,0.00961679192561633,0.009607142948811244,0.009140408623464939,0.00866652523486669
MLP,600,126,0.21790855,0,0.0,True,-0.002206378246239273,-0.0006236217651010168,-0.00020329262215040513,0.0006389276016733295,0.0004976179427030948
MLP,600,126,0.14006217,0,0.0,True,0.0006176879798155825,1.9481622918967566e-05,-0.00037533265625135234,0.0006373751112863905,0.0006655490012218242
MLP,600,126,0.41038254,0,0.0,True,-0.0011300770960113813,-0.0005238381882224882,-0.00039032675099189045,-0.0006552779910236345,-0.0004629618076835486
MLP,600,126,0.15278612,0,0.0,True,-0.0037574001602875694,-0.0027552685561827344,-0.0009432360214417981,-0.00043219087103601127,-0.00017544310447059586
MLP,600,126,0.4024432,0,1.0,False,0.006108954040322728,0.00904348130785215,0.007986515377077294,0.008438099121935761,0.007783217282992713
MLP,600,125,0.11007202,0,0.0,True,-9.760980172409139e-05,0.0013755531207796275,0.0010915485591591794,0.0011812776862042394,0.0017572719711324743
MLP,600,125,0.12978713,0,0.0,True,0.0013769944047629715,0.0001890504776498277,-0.0007109926981557626,-0.000641820304804984,-0.0009466396280126349
MLP,600,125,0.10597025,0,0.0,True,0.001762186635652081,-1.0221875434691347e-05,0.001257812336703444,0.0005698479260959172,0.0004234993081311829
MLP,600,125,0.20562576,0,0.0,True,-0.0021995263484848875,-0.0012879209923673594,-0.0003136545943198792,-2.5296295975594788e-05,5.428411857438493e-05
MLP,600,125,0.23672377,0,0.0,True,0.0007027850945763791,0.0009012536369709479,0.0009142194833787968,0.0006548111595224529,0.0010919822077170187
MLP,600,125,0.122014895,0,0.0,True,0.0024899231343627906,0.00023074750689681947,-0.0004360736232705556,-0.0010770751283468278,-0.0014403786797054091
MLP,600,125,0.36678123,0,1.0,False,0.008686198192743685,0.008323157956642638,0.008000354192628073,0.008123785503795285,0.007301765504993151
MLP,600,125,0.10249102,0,0.0,True,-0.001303293662007868,-0.0006193082238381282,-0.0005661242936598735,-0.00021331408266386047,0.00012933348013892507
MLP,600,125,0.18600512,0,0.0,True,9.759967348289335e-05,-0.0003644072825619267,-2.2798858658284657e-05,-8.607250538264377e-05,-0.00014537121556476088
MLP,600,125,0.5281691,1,1.0,True,0.004489352892412816,0.005112379626346305,0.006609438151747665,0.007308753275888277,0.007282606791559477
MLP,600,125,0.20132592,0,0.0,True,0.00011755842620646849,-0.0011633810651519383,-0.0006534679336428308,-0.001714987591857098,-0.0015339785387957427
MLP,600,125,0.52290875,1,1.0,True,0.008418753906714338,0.007676781243153536,0.007253248561673691,0.007529577736785394,0.00768253796502281
MLP,600,125,0.36523584,0,0.0,True,4.14557741455248e-05,-0.0007159604639136999,-0.00017195943007935522,-0.00017156781867216851,-0.00035227650842441276
MLP,600,125,0.57101566,1,1.0,True,0.009884583748236864,0.007890924439846486,0.008844203961114423,0.008338071688024154,0.00859399920206658
MLP,600,125,0.8645146,1,1.0,True,0.008756394527932296,0.0074943258652996935,0.007227657639013306,0.007531085812718269,0.007557402312686251
MLP,600,125,0.18019976,0,0.0,True,-0.000456789625507316,-0.0001425461768197393,0.0003041854540217912,0.0010189736810556085,0.0008905972573128278
MLP,600,125,0.15258051,0,0.0,True,0.002403404330832963,0.002204859161290441,0.0018034967001853107,0.0014177351779141763,0.0020082549307903867
MLP,600,125,0.56734353,1,1.0,True,0.00843919487406384,0.005822834381371616,0.00755753676586014,0.007595557323721082,0.008015242662747902
MLP,600,125,0.5199917,1,1.0,True,0.007056238723393908,0.009111708141315403,0.00890745413540024,0.008814372248138962,0.009173505803621336
MLP,600,125,0.1725853,0,0.0,True,0.0015445613003988812,0.0017824790272284636,0.0011605389863315052,0.0009164532853009829,0.0005735589104118959
MLP,600,125,0.40648782,0,1.0,False,0.00549363413856407,0.00716641560406376,0.007327722552680673,0.00734057221377867,0.00843068434043522
MLP,600,125,0.43114984,0,1.0,False,0.004195597307650568,0.007326306295892291,0.008405490143154089,0.007482181380487773,0.008247448811860748
MLP,600,125,0.2788938,0,0.0,True,-0.0022600381202054604,-0.0015211331190666969,-0.0005115614128894011,-0.00037154723668083976,-0.00011779458277656129
MLP,600,125,0.11736518,0,0.0,True,-0.00012853478732579183,3.5671609544636375e-05,0.0009786781760601894,0.0003467787969718461,0.00039143932048199683
MLP,600,125,0.2554856,0,0.0,True,0.0025818441771647367,0.00023652009580076716,-0.00010409337411361676,-1.80259195182633e-05,0.0004971634360571022
MLP,600,125,0.30334345,0,0.0,True,0.000739621012828133,0.0019405703342822173,0.0016588408148047655,0.0014068691264276561,0.0003525215074188434
MLP,600,125,0.2560859,0,0.0,True,-0.0015035270287440331,0.00011041478326941334,0.0003539625897886593,8.838128647410483e-06,0.0005852739220130706
MLP,600,125,0.19730447,0,1.0,False,0.009134150468619855,0.009881959465536426,0.008736347281029962,0.00857261272888977,0.008574345623865888
MLP,600,125,0.789213,1,1.0,True,0.00881958814562922,0.005746918682663609,0.005774055977211504,0.006470627321758126,0.0067138967249173905
MLP,600,125,0.22342762,0,0.0,True,0.0017750831478010954,0.0016624595244198758,0.0011965636743929452,0.0013807585253706026,0.0011323861849578804
MLP,600,125,0.14839855,0,0.0,True,-0.0007902675273468378,-0.0005709247439369142,0.00023034477277468168,-0.000444982433612067,-0.0003384433313117435
MLP,600,125,0.512297,1,1.0,True,0.010969095143118545,0.010694447272028944,0.01104921780866968,0.011121488501251095,0.009930320571170013
MLP,600,125,0.713008,1,1.0,True,0.006564572108852829,0.005848301741148583,0.00678390450421757,0.006779970316954247,0.006382085647641443
MLP,600,125,0.25542828,0,0.0,True,-0.0017164320915057597,-0.0009605200147455437,-0.0003353690573441375,-0.0007965211690363877,-0.0001402306215942557
MLP,600,125,0.20662,0,0.0,True,0.0005339697312987076,0.0009911916021318906,0.0018932536473481654,0.0019455070026169064,0.0012696685002904743
MLP,600,125,0.51159424,1,1.0,True,0.006655063920081117,0.006312723302801845,0.00668126714106197,0.006440420704875326,0.0065278882471017825
MLP,600,125,0.14858632,0,0.0,True,0.0013747502871993506,-0.0006092908923425295,-0.0005919141060229235,-0.0005751322277750337,-0.0006177909001763482
MLP,600,125,0.49891233,0,1.0,False,0.007847550566527198,0.007999121605831676,0.009670779051510911,0.00929021181602535,0.008989651268965358
MLP,600,125,0.1587471,0,0.0,True,0.0005819813632170714,0.0004658029105478923,0.0002006049435171081,0.00033709565696224967,0.0009496749012345015
MLP,600,125,0.45227125,0,1.0,False,0.007990004035220459,0.008768015618039228,0.008477192370727325,0.009425794632366322,0.008786493435031373
MLP,600,125,0.27260724,0,1.0,False,0.0072732111266700416,0.00862710694028526,0.00927907121987546,0.008959553941964977,0.00851480499671944
MLP,600,125,0.2819629,0,1.0,False,0.007819425477949992,0.004402954149556234,0.00541839672551813,0.005653233208739093,0.0058776315173748395
MLP,600,125,0.35092512,0,1.0,False,0.009134991152747757,0.008476684692885159,0.007947689731349378,0.0077738618210227844,0.007812646178197186
MLP,600,125,0.60353154,1,1.0,True,0.004985189737558741,0.0067350891634344115,0.008495618306192287,0.00787191861118551,0.007752015010611791
MLP,600,125,0.8633068,1,1.0,True,0.010041569820284547,0.010476012583388497,0.00915505357170487,0.008508565430402642,0.00845999338594531
MLP,600,125,0.1552889,0,0.0,True,0.0007346890090813712,0.000284379015032869,0.00014723223951929352,0.00015951522545727464,0.0006080432036814586
MLP,600,125,0.7368686,1,1.0,True,0.004266897572679401,0.00699970184378086,0.006585835449157679,0.007006034253189641,0.007340247660562008
MLP,600,125,0.6382942,1,1.0,True,0.007806318242010625,0.009745319663252849,0.00974031001465836,0.009786455839710275,0.009016819579920284
MLP,600,125,0.19261056,0,0.0,True,0.0028547320192136186,0.0014758847227775104,0.0011854179535783313,0.0010167309763918744,0.001399219375510955
MLP,600,125,0.7322308,1,1.0,True,0.006083235462404783,0.0069345160341352415,0.006919618955596827,0.008422572567871142,0.0080401045180959
MLP,600,125,0.5941789,1,1.0,True,0.007120790913431308,0.006157696141823953,0.007809130009495507,0.008163961805591041,0.0074129685789082
MLP,600,125,0.32648158,0,1.0,False,0.00496031191363507,0.006412593091156739,0.008192397895316932,0.007794241455916269,0.008235456004646717
MLP,600,125,0.23584254,0,0.0,True,-0.0020823541219029615,-0.0007668964789896578,-0.0001960148020864271,-4.995020513828848e-06,-8.339122737286822e-05
MLP,600,125,0.12605374,0,0.0,True,0.001418492883387511,0.0015088113917378298,0.001259245042294699,0.0011222396025030593,0.0013250307977994485
MLP,600,125,0.36934656,0,0.0,True,0.002547566384990494,0.0018674731119522141,0.001135957336173483,0.00044088736695824476,0.00013834943062732773
MLP,600,125,0.43326938,0,1.0,False,0.012971287872890922,0.011339106238520753,0.010204036183145127,0.008826724871967458,0.00785226389000125
MLP,600,125,0.142194,0,0.0,True,-0.0008624252110919894,0.00030076029337861195,0.0006409749997356053,0.0005494018754368021,0.0005291789466056419
MLP,600,125,0.5741795,1,1.0,True,0.00715601936609799,0.007557359788784222,0.007346250760207511,0.006768033780368724,0.007382056273843539
MLP,600,125,0.13778013,0,0.0,True,-0.0003320488067237027,-0.0007249171496392052,-0.0007561833298716908,-0.000295214155484977,0.0003948924998894177
MLP,600,125,0.20214969,0,0.0,True,-0.0006091538945503471,-0.0009689096446144162,-0.0010637529457162293,-0.0008340123441812634,-0.0006393215576122699
MLP,600,125,0.23468451,0,0.0,True,-0.0011318193642128787,-0.0013360627795382925,-0.0004998390931275422,-0.0008496277799468966,-0.00025951676230979233
MLP,600,125,0.13505943,0,0.0,True,-0.0021085458356545177,-0.00106323169472961,-0.0006812780526934682,0.0004819016042514996,0.0011431753822670062
MLP,600,125,0.25516438,0,1.0,False,0.009308873692242533,0.010199578319289866,0.008644729872672145,0.00885705658301825,0.009012154033456761
MLP,600,125,0.12506975,0,0.0,True,0.002163552187774109,0.0019258248698703973,0.0017379076119244902,0.0015915197793547411,0.0005303209775746079
MLP,600,125,0.7985537,1,1.0,True,0.0074677747900651695,0.008988964173417387,0.006425020568995731,0.007319356112257901,0.0066319716801591854
MLP,600,125,0.13725932,0,0.0,True,0.0033712224110597246,0.0008675623002405017,0.0011804116064668226,0.0006904656438189899,0.0011310130950984482
MLP,600,125,0.1783687,0,0.0,True,-0.0007404558326354124,-0.0004041196377145957,-4.862535477003461e-05,8.335302763622501e-05,0.0007925221525847052
MLP,600,125,0.1437602,0,0.0,True,0.002886460720268396,0.002460148514450487,0.0010797077537455999,0.0014710186877825392,0.0017915895901392796
MLP,600,125,0.1344608,0,0.0,True,7.779662064831577e-05,0.0007183398216199175,0.0009251833929035118,0.000821356463153298,0.0010529182148791218
MLP,600,125,0.12440557,0,0.0,True,-0.0009234715511524166,0.0004313114748676666,5.889125847156584e-05,0.0002102311947102727,-0.00020569796104684572
MLP,600,125,0.68361175,1,1.0,True,0.006114042745949242,0.006965358681294559,0.006831806412731931,0.006918386534826524,0.006776231359681382
MLP,600,125,0.4042964,0,1.0,False,0.007361381377205678,0.0071339271123118594,0.007420481073950135,0.007961906619276187,0.0076042034868326214
MLP,600,125,0.60521996,1,0.0,False,0.0014932482823280116,0.0014333352477893353,0.0006803149836610791,0.0009115225120506766,0.0008698955096085619
MLP,600,125,0.6160503,1,1.0,True,0.0054168751695360005,0.005975678218072346,0.00627142490585917,0.0067289342182466965,0.006264625036411913
MLP,600,125,0.15898666,0,0.0,True,-0.00015958483533685776,-0.0014099842689007543,-0.0014975427723739137,-0.0005420487855663812,-0.0002259638932487137
MLP,600,125,0.11546482,0,0.0,True,-0.0004533366203720791,-0.0005736615735249217,3.985517683128302e-05,-0.00045484585331139295,-0.0008115696011336179
MLP,600,125,0.7024552,1,1.0,True,0.0059845470680595664,0.006265452254711693,0.008031312148046742,0.00721620272276223,0.007353983538015081
MLP,600,125,0.30016935,0,0.0,True,0.00018577186191526295,-0.001147802968451208,-0.00087645763426565,-0.000814837736412514,-0.0008975667101413589
MLP,600,125,0.81564295,1,1.0,True,0.008775187725079929,0.007128449097930501,0.007349901445835187,0.008469518408683095,0.00832330539299978
MLP,600,125,0.32380822,0,1.0,False,0.008483098163531419,0.006487955862996967,0.0064202882455066225,0.006377757479154822,0.006347740576304606
MLP,600,125,0.87211907,1,1.0,True,0.0053413062855843,0.006637596247434307,0.00727456311744809,0.006680541952913676,0.006302576672788643
MLP,600,125,0.6909241,1,1.0,True,0.007228027377360072,0.007172828427759545,0.005776036698882304,0.006518277294639739,0.006800136841060513
MLP,600,125,0.3887959,0,0.0,True,0.001134342664508426,-0.0006886870103813964,-0.0009206075405417656,-0.000808419123615714,-0.000685440474856622
MLP,600,125,0.6173857,1,1.0,True,0.005742515127281132,0.006802752609683537,0.0071066908527019695,0.007542179042204352,0.007264777789837018
MLP,600,125,0.21853746,0,1.0,False,0.005460650522235294,0.005713237649194918,0.007441269665077736,0.007547972704195721,0.00773635634093252
MLP,600,125,0.26456663,0,0.0,True,0.0014373836015098439,0.0022852010093896715,0.0012372713927996687,0.0008817078504101389,0.0007330392247369455
MLP,600,125,0.24633034,0,1.0,False,0.006814306901123091,0.008234733659515651,0.008483352020630216,0.008018694441994823,0.007664021158677517
MLP,600,125,0.24230403,0,0.0,True,0.00120525206905673,-0.00045340235560161667,0.00020965796091917602,0.0010288280343395953,0.000686235223817266
MLP,600,125,0.14344364,0,0.0,True,0.000498442043527607,0.0005377304925541568,0.00046953718384835794,0.000640572024831407,-0.0003653057545030894
MLP,600,125,0.2731961,0,1.0,False,0.01024916792638403,0.009692528305832082,0.008874786187494911,0.008311377653906394,0.008741626464731417
MLP,600,125,0.18746965,0,0.0,True,0.002043763924247054,0.0012823134232396915,-0.00020859706818215999,-0.00023014747839582398,0.0003497915809405502
MLP,600,125,0.10751505,0,0.0,True,-1.3325797224712215e-05,0.0009114026674076598,0.0018210027014969794,0.0014559896762265509,0.0015654601837329898
MLP,600,125,0.16047911,0,0.0,True,-0.0010375356527607305,-0.0005845929524150438,-0.0010170689977937245,-0.0007222195170457363,-0.0010209179336877583
MLP,600,125,0.706022,1,1.0,True,0.005817992134091283,0.006304371927287745,0.007111378181221411,0.006854754333535238,0.007166315774655729
MLP,600,125,0.6263934,1,1.0,True,0.0067133466404970575,0.007642619200636828,0.007204759706299418,0.006766634029727461,0.006198306532909202
MLP,600,125,0.33721644,0,0.0,True,-0.0017251212350876239,-0.00012812780998366666,-0.0004422492629133969,2.7852216387322218e-05,6.472127755901088e-05
MLP,600,125,0.6924009,1,1.0,True,0.00827421344317942,0.010545209052937482,0.008613258702990845,0.008389831849392716,0.007257766300567175
MLP,600,125,0.15446799,0,0.0,True,0.0010796444864896138,0.000743292964201428,4.6258755148754065e-05,-0.0004074559151900846,-0.00013535705745632159
MLP,600,125,0.22835957,0,1.0,False,0.005503286990770168,0.007607545135010972,0.008935006042779137,0.00885327173915627,0.008593799887181184
MLP,600,125,0.33851823,0,1.0,False,0.007886350348829022,0.007592776048926914,0.007179812303273328,0.006976140124419441,0.006614965523517303
MLP,600,124,0.39457574,0,1.0,False,0.013085294479582432,0.009657016939642629,0.008891077911613948,0.008790026291323496,0.008337164920281966
MLP,600,124,0.74613136,1,1.0,True,0.006845044407096749,0.007554850910497005,0.0076438390234576485,0.008228458800376193,0.0076839229268135445
MLP,600,124,0.49930573,0,1.0,False,0.01006333963045826,0.009169446496760675,0.0076443521985888946,0.007462379781554383,0.008061217501168888
MLP,600,124,0.84400713,1,1.0,True,0.00841956006267894,0.007875230180033532,0.00705869295624137,0.00784375525213033,0.007873762357274492
MLP,600,124,0.1840851,0,0.0,True,-0.0006016997771912015,-0.001379146810927032,-0.00094655365309848,-0.0006855358114977296,-0.0008874019178378164
MLP,600,124,0.75101066,1,1.0,True,0.0052633542717944876,0.007011264344032338,0.007367262952157057,0.00748192462441644,0.0076177885335297485
MLP,600,124,0.19724394,0,0.0,True,-0.00048407132529136604,0.0013368676758490846,0.0016445859504600217,0.0010435411586393142,0.0012800300547100645
MLP,600,124,0.5337746,1,1.0,True,0.007333768523177331,0.007150580027330879,0.00697628690200426,0.006297830171641153,0.006039616270836234
MLP,600,124,0.25886762,0,0.0,True,-0.0015146171022472107,-0.000463391174534238,0.00011214282893414532,-0.0007794031249490713,-0.0003852290844142573
MLP,600,124,0.24581644,0,1.0,False,0.009962973064693584,0.007342365314950691,0.007582491170035545,0.008219063060175514,0.007055660453367223
MLP,600,124,0.18433364,0,0.0,True,7.174967308286521e-05,-0.0006911254102812609,-3.2045267611591126e-05,0.000533724860436656,0.0006148644024706946
MLP,600,124,0.20505115,0,0.0,True,0.001357822541278306,0.0008827681421244624,0.0017372771663596897,0.0012426801565091228,0.0011948689318208288
MLP,600,124,0.118695974,0,0.0,True,-0.00046824485308141674,8.833490308068322e-05,0.00046557306577622637,0.0004315664317218167,-0.00013480164769816356
MLP,600,124,0.22232918,0,0.0,True,0.002815746857400201,0.0009383915881876468,0.0008564969752510831,0.0004225519571868202,0.0004969016329516216
MLP,600,124,0.6735077,1,1.0,True,0.008251133106941642,0.007389059559976834,0.007447131485424365,0.007254850085493518,0.007119539560419678
MLP,600,124,0.15696447,0,0.0,True,0.0012216619476752143,0.0013619904495995841,0.0017664392436102488,0.0011622088141263732,-0.00010505868898242509
MLP,600,124,0.18799302,0,0.0,True,0.002390314687034435,0.0004985136354736218,-1.9479424456352042e-05,-0.0002956107514460168,-0.00018471534255310712
MLP,600,124,0.5759385,1,1.0,True,0.006437883377524975,0.006052711592335925,0.006299205438769939,0.007065627569270123,0.00745614268206165
MLP,600,124,0.15997759,0,0.0,True,-0.00048414865981317453,-5.013523477753579e-05,-0.0008584265578331895,-0.001376577883695856,-0.0012719230226388915
MLP,600,124,0.5632928,1,1.0,True,0.0030767016967664356,0.005964492314070141,0.005869316604410263,0.005909406837140962,0.005849547593943366
MLP,600,124,0.4574042,0,1.0,False,0.0080761268777248,0.008328009236139269,0.0073912620978796835,0.007900347345002546,0.007488492998533092
MLP,600,124,0.12955126,0,0.0,True,0.0019278218560685107,0.0019655093331071355,0.0013492976206499012,0.0013188516683575481,0.0009782587603566022
MLP,600,124,0.85091907,1,1.0,True,0.006332755237325184,0.006619305974778178,0.006880316900587721,0.008196622045010656,0.008133971580304006
MLP,600,124,0.42219263,0,0.0,True,0.0018952440849315203,-0.00020283046666997483,-0.0009759507003672803,-0.0004193079872371848,-0.0005605932182614149
MLP,600,124,0.22865897,0,0.0,True,-0.0012639180246057057,-0.000760897876454274,-0.0008720816171513282,-0.0009113884910353481,-0.0005020217640022739
MLP,600,124,0.12443625,0,0.0,True,-0.001359294814646814,-0.0002825047776080282,-0.0003057313333664137,-0.00013057051791328752,-0.00015029546020023187
MLP,600,124,0.31849295,0,1.0,False,0.005956416505580771,0.005176309768594416,0.005775056337813802,0.005869392967699817,0.006685377966764617
MLP,600,124,0.12352744,0,0.0,True,0.00036163139898466904,0.002094023882819181,0.0013952899148232222,-8.239119865983922e-05,0.00043986972980317954
MLP,600,124,0.21528132,0,0.0,True,-0.003131856118843803,-0.0022288227686792627,-0.001748337033507765,-0.0016532643332419644,-0.0008405587879496322
MLP,600,124,0.26209918,0,0.0,True,-0.000691341061199441,-0.0006222078347324226,-0.0004006720804782776,-0.0005046453435021018,-0.00039314001002235355
MLP,600,124,0.5768006,1,1.0,True,0.009860950459673603,0.009301411105751764,0.008053566336547281,0.008063593369444632,0.008775773762110849
MLP,600,124,0.14895602,0,0.0,True,-0.0017807437154204215,-0.0014090772687518041,-0.0008547002023299125,-0.00022315004742167792,0.00015968964858300853
MLP,600,124,0.23601799,0,0.0,True,-0.0002877181641389712,-0.0008838534296120793,-0.0004405363351869928,-9.492651989345418e-06,-6.756220563259296e-05
MLP,600,124,0.5384642,1,1.0,True,0.013730139486971151,0.01170367954213529,0.010061956642511527,0.008609277866620343,0.008436024368458722
MLP,600,124,0.19454597,0,0.0,True,-0.0016394818227510894,-0.0009361918640142927,-0.00020945073821259971,-2.68432792922209e-05,-0.000255458684531804
MLP,600,124,0.25021368,0,0.0,True,0.0024562287992982855,-0.00026527714794827956,-0.00017819439447012443,-1.8775546551257657e-05,-0.00018885666673062966
MLP,600,124,0.4897498,0,1.0,False,0.005519355741008075,0.004577036409607308,0.004692318893287282,0.005725445636467059,0.007144431661939276
MLP,600,124,0.12327394,0,0.0,True,-0.003421702498429816,-0.0016758255388087083,-0.0017737153437709257,-0.0014524942928109527,-0.0008914356061726184
MLP,600,124,0.4162462,0,1.0,False,0.0056567860251879295,0.0037653218299901828,0.005497341932409787,0.005304527517604182,0.005394853132135072
MLP,600,124,0.8882117,1,1.0,True,0.011027440298930985,0.007642074172814789,0.008377827745018404,0.009053978478429557,0.008797767684671005
MLP,600,124,0.13213326,0,0.0,True,-0.0016329672594056742,-0.0008461911584196969,-0.0006990690679967148,6.471127908143438e-05,0.00014862681934315648
MLP,600,124,0.2242337,0,0.0,True,0.0016673863354383293,0.0008861062683007709,0.00028369083026948464,0.0006990898017406291,0.0003525563513537513
MLP,600,124,0.37209222,0,0.0,True,0.0015729230899899581,-0.0002438996392102739,-0.0003118230863186938,0.00034563627922091036,0.000366883494995685
MLP,600,124,0.19724314,0,0.0,True,-0.0009471327166320763,-0.00015701335859128957,0.0004727834925890652,0.00018169968578066214,0.0002792987906499955
MLP,600,124,0.58528394,1,1.0,True,0.006917073213574364,0.007969941357600638,0.008874077591018678,0.008937326725530048,0.008624339353675866
MLP,600,124,0.564443,1,1.0,True,0.009045480964102803,0.00872713758068458,0.008687350203959469,0.00815464242941314,0.0077231465602313415
MLP,600,124,0.2564224,0,0.0,True,0.0013974359253240399,0.0001229799417289413,-0.00016503668683243522,-0.0005200152630726054,-1.6618271603342897e-05
MLP,600,124,0.5382901,1,1.0,True,0.011092616149983315,0.009345009450026675,0.008804061478967564,0.009262139684480215,0.009322813020351381
MLP,600,124,0.23532781,0,0.0,True,-0.0019980912966306233,-0.0016154985119915212,-0.00059493760185965,-0.0002806895826551569,-0.0002907003387186867
MLP,600,124,0.09786879,0,0.0,True,1.7156534824017504e-05,-0.0009407890508522692,-0.0005846881951985834,-0.000716205281059729,-0.0004336579110300511
MLP,600,124,0.39103696,0,1.0,False,0.005577966430875925,0.006561721513646074,0.007986673873668977,0.007310297254744031,0.006550157676507013
MLP,600,124,0.5180491,1,1.0,True,0.008291787422135408,0.0072267843881437905,0.0075382590048457,0.00640168208096497,0.007272738839409051
MLP,600,124,0.22849971,0,0.0,True,0.0010914827531844653,-0.00039173233040748544,0.0001273844904507748,0.00046963518173938275,0.0009591415270905528
MLP,600,124,0.1539482,0,0.0,True,-0.0012259149204806423,-0.0004051908256095008,-0.0003822822519468368,0.00020781401741359884,0.00029336706946543633
MLP,600,124,0.20079443,0,0.0,True,-0.0003325690766736871,0.0008758440264323111,0.0013358329940086784,0.0017105026495223918,0.0015543075811844
MLP,600,124,0.19742313,0,0.0,True,-0.0013458089934653046,-0.0003279523755920445,-0.0009636694889787115,-0.00017649960249480678,-0.00024063773192628388
MLP,600,124,0.25622433,0,1.0,False,0.006805834265979602,0.007115325915110717,0.006422042333253783,0.006648108075263826,0.007631435165101387
MLP,600,124,0.11504122,0,0.0,True,-0.00045079442425728785,0.0011305484827207842,0.0009679878379017041,0.0015187764584304068,0.0008921985373116023
MLP,600,124,0.46926746,0,1.0,False,0.008268173194826705,0.01027434841650021,0.009316759436342335,0.00870155949851323,0.0075586663475517915
MLP,600,124,0.21886042,0,0.0,True,-0.0014986096280980128,0.0005527033860578343,-0.0005439415757785254,-0.000585805623296717,-0.0007283673476778759
MLP,600,124,0.3242297,0,1.0,False,0.00958996103698192,0.008952076674886516,0.009193931717568155,0.00832570617934361,0.007867029154577349
MLP,600,124,0.58397573,1,1.0,True,0.005958590814577023,0.006055635483458668,0.007496101896950795,0.007448109779429088,0.007451857512312895
MLP,600,124,0.1475788,0,0.0,True,-0.0013368811376747193,-0.0009563663387741303,0.00028133859024659217,-3.867788180153372e-05,0.00033187090650702337
MLP,600,124,0.19584852,0,0.0,True,-0.0028491953305913847,-0.0016012261254388991,-0.0009698994226190279,-0.0011868883834819449,-0.001063091166278829
MLP,600,124,0.15496805,0,0.0,True,-0.0005744202598941779,-0.001841963024806218,-0.0009005561559187672,-0.0002216714494393645,-0.00037543285488211744
MLP,600,124,0.29265022,0,0.0,True,-0.0023312664081812646,-0.00022733172180175972,-0.0006524154766735311,-0.00034399461754969647,-0.00026361163282859326
MLP,600,124,0.23192412,0,0.0,True,-0.0017972778274462633,-0.0014647097384796386,-0.0018972796136236785,-0.001060259620562921,-0.0010835345065323791
MLP,600,124,0.17027977,0,0.0,True,-0.0006398530344678226,8.906655591015526e-05,0.000713309259170296,0.0005714469735487173,0.0006427897214594719
MLP,600,124,0.19044381,0,0.0,True,0.0018062955899139364,-0.0003339748026387983,-0.0004132977277942523,-1.9400662668892213e-05,0.00040384153965308415
MLP,600,124,0.19637974,0,0.0,True,0.0010764874507235827,0.0001667211503538457,0.0009034802058705168,0.0008475790365369252,0.0011984013618353535
MLP,600,124,0.12838307,0,0.0,True,-0.0014473086591364219,-0.0014430900595249357,-0.0011786543637083617,-0.00021547146870064032,-0.000373657877501954
MLP,600,124,0.24392834,0,0.0,True,-0.002409852624956092,-0.0022087764049850862,-0.001115346170601319,-0.001121920873899466,-0.0009698852576393412
MLP,600,124,0.14578633,0,0.0,True,-0.0002904589626621123,-0.00047733027925335827,-0.0011624267634201242,-0.0005799464362620368,-0.0002468140525991782
MLP,600,124,0.11615226,0,0.0,True,0.0015093187236349943,0.0007084213133713974,0.0005604138986490262,-0.0001675530731799958,0.00014869115994717516
MLP,600,124,0.12066573,0,0.0,True,-0.0010423186348703262,-0.0019174470194025166,-0.0009899775708943244,-0.0011673912175546035,-0.001379428637639388
MLP,600,124,0.8579788,1,1.0,True,0.008968186342046552,0.008764129154576744,0.008375858729328809,0.008161225322871609,0.008448156302428223
MLP,600,124,0.21033221,0,0.0,True,-0.0007960649152428072,-0.001423298234319095,-0.00041278012371723027,-0.000984961242330645,-0.0006457659239888705
MLP,600,124,0.21984942,0,1.0,False,0.006289305279967956,0.00609977046950946,0.006643558513359049,0.006960403128675704,0.007648923926538164
MLP,600,124,0.12071315,0,0.0,True,0.003811842210371661,0.0018824022647174748,0.0015179325470064066,0.00040017541310534443,0.0001238406153537506
MLP,600,124,0.12743206,0,0.0,True,0.003082522588356442,-0.00015911284444115393,2.0036330925662638e-05,0.00028551413117407866,-0.00026840574907426533
MLP,600,124,0.15460555,0,0.0,True,0.0009715822884857062,0.0018886269812542328,0.0009230827008439518,0.000851294410860437,0.0008084634511291938
MLP,600,124,0.21893579,0,1.0,False,0.008151603781161285,0.006952864431350965,0.008399822463144776,0.008068155622165217,0.00770075622976728
MLP,600,124,0.46462652,0,1.0,False,0.006988881158163332,0.005766557007725877,0.006734792376179876,0.006194592634492799,0.0062214990348009825
MLP,600,124,0.19877636,0,0.0,True,0.0008312733838742729,0.00019143192997437755,-0.0008136303514612661,-0.00016668989082296298,-0.0005540070268056136
MLP,600,124,0.16291048,0,0.0,True,-0.0006025416371025669,-0.00019085695279753476,-0.0002467659513700643,-0.0004338333658272206,0.00025315225357954016
MLP,600,124,0.24502078,0,0.0,True,-0.003379241268224564,-0.0019144960791289561,-0.0011533467714880438,-0.0010557379746227481,-0.001246463564019255
MLP,600,124,0.14098758,0,0.0,True,-0.0018240913284080645,-0.0011991228602922475,0.0006234392215127647,0.0007930953224015975,0.0010729399518965702
MLP,600,124,0.2767194,0,0.0,True,0.0010502010879523728,0.0012014011890120481,0.0010796937316699966,0.000924334511696134,0.0005051577936469155
MLP,600,124,0.4157829,0,0.0,True,-0.00026381102192472617,0.0006075965071848858,0.0002113467271713008,0.0005067851510736402,0.00011384877724340806
MLP,600,124,0.17300951,0,0.0,True,0.000961184046006592,0.0016332704626691728,0.0008180444042533594,0.0009637927770497608,0.00040623265402980934
MLP,600,124,0.2820439,0,1.0,False,0.008342674829955894,0.00626999818305259,0.006910431435321578,0.006464200689219653,0.007389938930615113
MLP,600,124,0.545286,1,1.0,True,0.00831364537150152,0.007837959255617756,0.008482728370730408,0.008190082115456694,0.009056708063950591
MLP,600,124,0.3914935,0,1.0,False,0.0066157007230237845,0.006624114446380204,0.007228893335697357,0.007290653841085973,0.007650680853481095
MLP,600,124,0.15499844,0,0.0,True,-0.000965331486965187,-0.002366854310566479,-0.001704532796489715,-0.0009607133376645279,-0.0003944649105382165
MLP,600,124,0.12155585,0,0.0,True,-0.0003593594437948344,-0.00023996421042552565,-0.0007074863677876716,-0.0006657231813198528,-0.000813929545685544
MLP,600,124,0.7006445,1,1.0,True,0.005272619296371075,0.00815371084083502,0.007973658632507647,0.008179857520029494,0.00826624331895366
MLP,600,124,0.46889633,0,1.0,False,0.005949360058977693,0.006327329681133699,0.005650697971146517,0.005460726614747696,0.005362926740699263
MLP,600,124,0.12911539,0,0.0,True,-0.0005659482486903114,-0.001348750698724719,-0.0008937958696729986,-0.0008699474486446447,-0.0006213316608511219
MLP,600,124,0.6609651,1,1.0,True,0.008385362512092457,0.00697734101566828,0.0068234153736094275,0.006884680710487493,0.006849078159410134
MLP,600,124,0.16052525,0,0.0,True,0.00037995277600183286,0.00025210314052287523,0.0007818193422824748,0.0011270399131033343,0.0013694891406660296
MLP,600,123,0.1659978,0,0.0,True,0.002109041323020533,0.0017515747366376227,0.0010869403387166409,0.001489530206906753,0.0009089807210890659
MLP,600,123,0.10426754,0,0.0,True,-0.0007189740312270622,0.0011044355819779226,9.36323054055916e-05,-0.000320590328464736,-0.0006858670923548201
MLP,600,123,0.82456577,1,1.0,True,0.00480657949869928,0.005704190477660426,0.006926985683024395,0.007491877364048112,0.007414873436581058
MLP,600,123,0.4324383,0,1.0,False,0.004257367206273716,0.005725809094024191,0.005184309481834763,0.005912364161763789,0.0060402689552353315
MLP,600,123,0.43428487,0,1.0,False,0.007566377963438855,0.008018309842463711,0.00721857593704821,0.007981342202811428,0.007274266197828712
MLP,600,123,0.6851247,1,1.0,True,0.009642900867675044,0.008256127423777071,0.007797946121775983,0.007728106244799917,0.007687523748797525
MLP,600,123,0.35696477,0,1.0,False,0.0066492399346975975,0.007518399074328717,0.00833716075102343,0.007861027871024554,0.0077651338431373096
MLP,600,123,0.20469296,0,1.0,False,0.005741553823676377,0.006278231776607209,0.005970457677475109,0.006379425312042702,0.006364903520310533
MLP,600,123,0.14622219,0,0.0,True,-0.000918418084824116,0.0016845554469271061,0.00014657246073837395,0.0012103830803707636,0.0002197746836190297
MLP,600,123,0.5933436,1,1.0,True,0.00770014206553857,0.006247552793253041,0.0062990993010262316,0.00652706449355144,0.0065993404504999026
MLP,600,123,0.21235164,0,0.0,True,-0.00531202607639521,-0.002617931625978788,-0.0010507933302393367,-0.0009286574064656287,-0.00022900693651580097
MLP,600,123,0.45935294,0,1.0,False,0.006060068995942134,0.006934150885536029,0.007148142972331698,0.0075248449931572545,0.006703958584943347
MLP,600,123,0.19737913,0,0.0,True,0.001945682529038641,0.0007273856709869668,0.0007315391803503278,0.0014005252815648336,0.0012548502534498638
MLP,600,123,0.43760392,0,1.0,False,0.01009012345046358,0.007606961915947604,0.007363749417425185,0.007505957824718073,0.006731604540595266
MLP,600,123,0.12863886,0,0.0,True,4.6494066660715975e-05,-0.00019303121934712922,-0.0007042326136684344,-0.0007777701485119128,-0.0006089326410700628
MLP,600,123,0.15205531,0,0.0,True,0.0025571354982176176,0.00178524045928086,0.0009896769668824637,0.00012305926422218535,0.00019519259548897167
MLP,600,123,0.40924078,0,1.0,False,0.00601399225588166,0.006253260904566768,0.005944281748105325,0.006147427052230617,0.0072095301968955585
MLP,600,123,0.4409482,0,1.0,False,0.0111097201030495,0.012152202137604906,0.010065539134095879,0.007868447122018667,0.008309340885655318
MLP,600,123,0.13997667,0,0.0,True,0.0017400481934157388,0.0004942391785319494,0.0007307976400611622,0.0009430839186998393,0.0004020132295328065
MLP,600,123,0.13505208,0,0.0,True,-0.0010778639085041201,-0.001064665099327642,-0.0017222769914994529,-0.0009505056212293376,-0.0010498117271333864
MLP,600,123,0.8243136,1,1.0,True,0.011253969920134095,0.008409266861155701,0.008299800116815588,0.007969764954397817,0.0073686264993621685
MLP,600,123,0.2966122,0,1.0,False,0.00988195346314324,0.009310775384690368,0.007908161343994479,0.007116957891196568,0.0070078028336276596
MLP,600,123,0.15581627,0,0.0,True,-0.0005236006981394427,0.0005926548724579514,0.00038232804345703173,-6.176730647671191e-05,0.00021064071751622873
MLP,600,123,0.25815558,0,0.0,True,0.0002103809313844519,0.0008983785857430705,0.00014013667508708556,0.0003880781874998628,0.00024801272898841443
MLP,600,123,0.23834468,0,1.0,False,0.009093187101232908,0.0071706006794073655,0.006173854179083818,0.005977005804889775,0.0069596032057410405
MLP,600,123,0.42170286,0,1.0,False,0.003776782290395686,0.006238591388178469,0.007285298204091627,0.007675642969467978,0.008216728087011791
MLP,600,123,0.29139102,0,1.0,False,0.00530275085429121,0.007562808334634924,0.0073814174277669915,0.007233720533992749,0.006801224893954017
MLP,600,123,0.26455617,0,1.0,False,0.0063687640158151945,0.006435653537381538,0.0061885899215089885,0.006969729089975938,0.007392285326366925
MLP,600,123,0.42197526,0,1.0,False,0.007282756558266836,0.008043782780193501,0.008965523511888462,0.009337366158783906,0.008353392995739528
MLP,600,123,0.317084,0,0.0,True,0.0020517233543068175,0.0018333343537413867,0.0014586170837094826,0.0011181076570282876,0.001213102535888555
MLP,600,123,0.26574558,0,0.0,True,0.0017345198669703526,0.0011484484842640408,0.0012766994471921644,0.0014028545712022743,0.0008058212226376324
MLP,600,123,0.41420344,0,0.0,True,-1.3445101119244725e-05,-0.0021327363891085103,-0.0015575404971861927,-0.001411153195809665,-0.001404036856786959
MLP,600,123,0.202576,0,0.0,True,0.0012860185297839867,-0.0016589953941496276,-0.0011715580630949568,-0.00103535626336044,-0.0015166883016155574
MLP,600,123,0.49620375,0,1.0,False,0.005507739852789483,0.00615010505868334,0.006468256055260709,0.007287339953913871,0.007559790957247045
MLP,600,123,0.44673237,0,1.0,False,0.006588618348726393,0.006819799282988029,0.007315174230169424,0.007357151916874974,0.006760620921515313
MLP,600,123,0.18102723,0,1.0,False,0.006347794187599903,0.007205030095210096,0.006267082107630719,0.007010511089840571,0.006704709041262384
MLP,600,123,0.53337187,1,1.0,True,0.008084387964732076,0.006359099671987643,0.0074700007024327995,0.007450639443675465,0.007671482092346175
MLP,600,123,0.31696698,0,1.0,False,0.008451483027186193,0.008124528692268974,0.007893556953906422,0.0076110372406970675,0.007349940481467649
MLP,600,123,0.5411151,1,1.0,True,0.0050447989842142835,0.006853262482135732,0.0077305237032743515,0.0070185938839767035,0.007335524460479394
MLP,600,123,0.24540988,0,1.0,False,0.01293708592120536,0.011822251747164256,0.010046158121664784,0.00944107459281576,0.00867640604904951
MLP,600,123,0.7131117,1,1.0,True,0.007840617082157927,0.006633094304828465,0.007181240813869258,0.007302597994114987,0.007248489668093703
MLP,600,123,0.39017144,0,0.0,True,-0.0003278916933670614,-0.0006737011393145226,-0.0004290425982170082,9.919298486329051e-05,-0.00019091523145215955
MLP,600,123,0.5755139,1,1.0,True,0.004690974807898385,0.006117925390351564,0.005953004562194308,0.006725065427585766,0.006297964362395483
MLP,600,123,0.28130615,0,1.0,False,0.007898048085744569,0.006759890719049683,0.006162523716212476,0.006270369926023341,0.006182009404055786
MLP,600,123,0.15517677,0,1.0,False,0.00893128966363693,0.00948725775068163,0.009367903406066053,0.00879047379647808,0.008602692772453733
MLP,600,123,0.1315399,0,0.0,True,-0.00015283596574009966,0.00048479618637152895,0.00048057351995311543,5.1946733730891976e-05,0.00022872337754014068
MLP,600,123,0.24186245,0,0.0,True,0.000990431266190164,9.434014656548781e-05,-0.00021975204433995562,8.58880543275698e-05,4.9558622450983986e-06
MLP,600,123,0.55773693,1,1.0,True,0.006404669616033365,0.004970307639633422,0.00583935469712439,0.00609290254933922,0.005892241276916571
MLP,600,123,0.5391494,1,1.0,True,0.005108971428418038,0.0077233510600228155,0.008069665692392574,0.006813043126754244,0.0073721522866924145
MLP,600,123,0.8386532,1,1.0,True,0.008196451589681446,0.008520781348662338,0.008119120112668887,0.007562962274072485,0.007900193464870987
MLP,600,123,0.19212402,0,1.0,False,0.0030571957049899245,0.006867264279956631,0.0068348585184645014,0.0075901764318382775,0.007472409114825826
MLP,600,123,0.10977512,0,0.0,True,0.0007226658998352294,-0.0005298448429374657,-0.000781098102001224,-0.0006004353956700572,-0.0003714987319313953
MLP,600,123,0.30284998,0,1.0,False,0.009743553263374633,0.006810529304933471,0.0072809591142400905,0.008244667419919721,0.008482669455436687
MLP,600,123,0.53516114,1,1.0,True,0.0020250549348288433,0.0065972300859868,0.006869838094477271,0.007282968523580526,0.0072221535964901926
MLP,600,123,0.3632847,0,1.0,False,0.004356077975210443,0.006411768692046749,0.0065368667987460395,0.006665051298752375,0.006757632790596243
MLP,600,123,0.48157242,0,1.0,False,0.007120093371676134,0.007301772052707669,0.0061810378976153825,0.007095170806471219,0.006897670648908497
MLP,600,123,0.13691925,0,0.0,True,0.005895063468335486,0.002844822732987154,0.001948643329355239,0.0015885296581705525,0.001168316538005453
MLP,600,123,0.37947828,0,0.0,True,-0.0027470182978649414,-0.00231489521598966,-0.001040314159964672,-0.000824997116596368,-0.00048368289187415123
MLP,600,123,0.14401953,0,0.0,True,-0.0019380085336447783,-0.001811537267518395,-0.001651387350149645,-0.001511916152076074,-0.0007675187825262401
MLP,600,123,0.6107834,1,1.0,True,0.010988587660693709,0.009677847057891601,0.008205224133120647,0.007779344097022479,0.006906156799836575
MLP,600,123,0.5878955,1,1.0,True,0.012216452129248486,0.01048354612899581,0.009429850315571552,0.008992606290739285,0.008704994919909663
MLP,600,123,0.24322794,0,0.0,True,0.0008492875325225975,-0.0015920872473102303,-0.001568412377904991,-0.0014623007353082773,-0.0011209686077293085
MLP,600,123,0.10046711,0,0.0,True,-0.0016988201511389282,-0.00021855432692019665,-0.00016671260172837797,-0.000850801707042315,-0.00023268524968628697
MLP,600,123,0.73274744,1,1.0,True,0.0059093222989922995,0.0075433048317218145,0.007292334487073739,0.006875411942709117,0.006743254657864151
MLP,600,123,0.20660077,0,0.0,True,-0.0001455186041012246,0.0012385694192137134,0.0014356458691893693,0.0008907539454015026,0.0005937494870896152
MLP,600,123,0.14111252,0,0.0,True,-0.0010993756932792741,0.0002921476577793733,1.3691549378247064e-05,0.0003065732108486873,0.00026390975510323726
MLP,600,123,0.20834777,0,0.0,True,-0.002462872849170598,-0.0006855132571530326,-0.0004176154208352684,-8.837944365554905e-05,0.0005639486296964141
MLP,600,123,0.27919662,0,0.0,True,0.0017574892487848962,0.0010181793149865953,0.0008313550001756342,0.0009654687693715513,0.0011134204516732346
MLP,600,123,0.22520265,0,1.0,False,0.009480763508884276,0.009862165461395213,0.00948045334842017,0.008357472664098153,0.00726785695984235
MLP,600,123,0.67692614,1,1.0,True,0.007496992656738086,0.006893281501234807,0.007009675624456767,0.00798449433301705,0.008510597172092004
MLP,600,123,0.16909026,0,0.0,True,9.94226008043536e-05,0.0004450102768419382,0.0009916076262651884,0.0017288121840185373,0.0011797076283469863
MLP,600,123,0.6936345,1,1.0,True,0.006533332041254961,0.005507633324635201,0.005907503290157746,0.005262413451845032,0.005296027261113161
MLP,600,123,0.21981868,0,0.0,True,0.0013515159240042745,0.00032230457677708766,0.00046937379122201817,0.0006464305301253858,0.0005833289555840161
MLP,600,123,0.24685428,0,0.0,True,-0.001063083846651645,-0.0010082570307323071,-0.0014085646142760174,-0.0013822928399010964,-0.0010285899132361092
MLP,600,123,0.16745634,0,0.0,True,0.001029498187463915,0.0006153283032859477,-0.0006076890118522383,-0.00011023851535040825,0.0004767913788200757
MLP,600,123,0.43758893,0,1.0,False,0.012397431341569717,0.009550781270655603,0.009774512698450899,0.009554568012079696,0.009618728364263677
MLP,600,123,0.21569894,0,0.0,True,0.0013344980577193611,-0.00022918303891902031,-0.0006248822796769321,-0.0006782493021857681,-0.0005286386381379209
MLP,600,123,0.32340413,0,1.0,False,0.007144123496599795,0.007737519995232612,0.007923295218852596,0.007380829918977632,0.006600572700008934
MLP,600,123,0.61389595,1,1.0,True,0.005511140854109388,0.004791563380784495,0.005573833238243364,0.006408724399964065,0.006251641995962835
MLP,600,123,0.79452133,1,1.0,True,0.006958600237253811,0.006914344227067805,0.00852934840462382,0.00819953833243646,0.008478747662429183
MLP,600,123,0.16377531,0,0.0,True,-0.0008794990051687623,0.0003478351767035823,5.732967202419303e-05,0.0004739399868030068,0.0006306769421608521
MLP,600,123,0.3620956,0,1.0,False,0.010021992693926222,0.008228575612495043,0.008199193870187482,0.007717879560828838,0.0076835860278830145
MLP,600,123,0.602665,1,1.0,True,0.004350268129675872,0.004899864216177668,0.0058423272512981355,0.006657064917003356,0.0065492326649597655
MLP,600,123,0.8261587,1,1.0,True,0.008110009967349391,0.007203660656008886,0.007352658214263634,0.007179425254636017,0.006955812819143824
MLP,600,123,0.29507542,0,1.0,False,0.004749111571309892,0.0038674233007441354,0.005604058638750272,0.005995007462366301,0.006010957135002618
MLP,600,123,0.89916706,1,1.0,True,0.00484803576353257,0.007595355838896524,0.007842501897839213,0.007943196366185313,0.0085937434285517
MLP,600,123,0.2650082,0,1.0,False,0.007761697169764503,0.008887710174449079,0.007765358057247294,0.007521637928441504,0.00776966444204288
MLP,600,123,0.19389834,0,0.0,True,-0.0006531367878494356,-0.0005061300727635913,-0.0005817438702300169,-0.0004343607728009705,-0.0002219440840455091
MLP,600,123,0.24781133,0,0.0,True,0.0029355944522112976,0.0027908099882330427,0.001480431281650762,0.001470650431729128,0.0015123839429149217
MLP,600,123,0.14084834,0,0.0,True,0.0007868643716916503,0.0008488789714549638,0.0005506221157843714,0.0004321961121485306,0.00039027103345586723
MLP,600,123,0.8122855,1,1.0,True,0.008129419983695528,0.0076210999392974125,0.007013465796893709,0.006461057433110344,0.0067855517035405235
MLP,600,123,0.1347898,0,0.0,True,0.00037281329948555896,0.0007769193554104189,-0.0004701049273425398,-0.0006764459567479077,-0.00044446055792529097
MLP,600,123,0.37062046,0,1.0,False,0.01016727810356703,0.009170064394728596,0.008641452143957456,0.009246326815259486,0.008750885366167806
MLP,600,123,0.11248781,0,0.0,True,-0.0005231339181390059,0.00010855583789050936,0.0012820020971611432,0.0007419244169403959,0.0003997140142655592
MLP,600,123,0.5479795,1,1.0,True,0.009660336266967546,0.009729715069177237,0.007890952835226148,0.00819233009326611,0.007998751686943237
MLP,600,123,0.16527501,0,0.0,True,0.0004211103672082206,-0.00015485788352087915,-0.00033627647118131276,-0.0005360689925764805,-0.0008528734993770124
MLP,600,123,0.19486965,0,0.0,True,0.0010174008762178488,0.0003832862820934834,0.00028326790141177424,0.000570821557423854,3.4720227750481024e-05
MLP,600,123,0.20044324,0,0.0,True,-0.003667595822399565,-0.0026403469203486107,-0.0020609819311811915,-0.0017549389915756987,-0.001443185367436778
MLP,600,123,0.36642414,0,0.0,True,0.0014133511194348591,0.0012669381681910574,0.0017836042299561156,0.00124534409071631,0.0006754756590825724
MLP,600,123,0.4371358,0,1.0,False,0.006343525422202277,0.0067665152400959655,0.006816727372049273,0.0068154622240015296,0.006353549048667674
MLP,600,122,0.38914242,0,1.0,False,0.008813808811600269,0.008910322807304947,0.008274974784913926,0.008042517433058376,0.00805958101872149
MLP,600,122,0.4622767,0,0.0,True,0.0029980887370123378,-6.536222834780886e-05,-0.000508546419039438,-0.0004183062759987498,0.0002521658063948437
MLP,600,122,0.3892844,0,0.0,True,0.002297432661513602,0.0024051477338197956,0.002507486277847283,0.001304613884890693,0.0011326807044292923
MLP,600,122,0.39507675,0,1.0,False,0.007021976683069645,0.0066628157033499415,0.007627905119190149,0.007201965712479984,0.0065841772234210985
MLP,600,122,0.09218122,0,0.0,True,-0.0018702076160681234,-0.0008246934839817794,-0.0008216337546536989,0.0002716080760311691,0.000609385249688341
MLP,600,122,0.1271351,0,0.0,True,0.002767185563213734,0.00241587566664339,0.001413664132854713,0.00038102819873618083,1.0603910402916484e-05
MLP,600,122,0.7729958,1,1.0,True,0.00777961044481783,0.005071000613676795,0.005198785471236194,0.005552279799691804,0.005987661854983074
MLP,600,122,0.23452273,0,1.0,False,0.009224643766054611,0.008993330689114957,0.007362550031118504,0.007194943808159948,0.007349358428424231
MLP,600,122,0.3559996,0,1.0,False,0.007975364935079032,0.007333306607446945,0.00833844791860096,0.008376429366141925,0.0085887627008212
MLP,600,122,0.4411548,0,1.0,False,0.008034937563720078,0.007340089652159011,0.00728893876984671,0.007663796722872986,0.0074638556992833
MLP,600,122,0.2268291,0,1.0,False,0.008788734896155852,0.005996788843719572,0.005787373325712086,0.005752186531660614,0.006544866347445819
MLP,600,122,0.15516108,0,0.0,True,0.000246176559510367,0.0008677666694231267,7.841154123876299e-05,-0.0006920553062838032,-0.000768811534070153
MLP,600,122,0.14996111,0,0.0,True,0.001986631426634866,0.00026175188289990494,-0.0009569113624268708,-0.0005021116338805005,-0.0005315672874227079
MLP,600,122,0.88160944,1,1.0,True,0.007612176380516866,0.006621491112223453,0.007028264631737617,0.006603137748928225,0.006416833708313386
MLP,600,122,0.58738506,1,1.0,True,0.00606156287553398,0.007976968184967752,0.00851081645516109,0.008476484880026502,0.0086687033412493
MLP,600,122,0.16348612,0,0.0,True,0.0016198717813024459,0.0016016363575501308,0.0016395384394223078,0.000819607211015621,0.0005649581240545511
MLP,600,122,0.2452966,0,0.0,True,0.004323868558862166,0.00192423910476295,0.0019675467593252213,0.0014837426487944849,0.0016021658574054281
MLP,600,122,0.2257497,0,0.0,True,0.0006008933028083379,0.00010017878769856446,-2.4206401530616978e-05,2.7605639820637527e-06,0.0005951797382428249
MLP,600,122,0.10147385,0,0.0,True,0.0002018277268345243,0.0005002470929047187,-1.67647954308973e-05,9.237772802330383e-05,0.00020031445233917747
MLP,600,122,0.6317397,1,1.0,True,0.005918390702947515,0.0070540033660478445,0.008827004394312951,0.008560868483603967,0.007976122189770275
MLP,600,122,0.18105257,0,1.0,False,0.005652704175092378,0.005846401986852615,0.006252323360849244,0.006352275762463905,0.00628950391970543
MLP,600,122,0.13440122,0,0.0,True,0.004912251161199625,0.002663448212578223,0.000990629996142846,0.0009677828429824454,0.0004764191137386007
MLP,600,122,0.15767662,0,0.0,True,-0.0009924615334481975,-0.0010323333071517045,-0.000979353699551093,-0.00029628800053483847,-0.0003057055908118376
MLP,600,122,0.15333457,0,0.0,True,-0.0006483793542466114,-9.746566559714445e-05,-0.0005880607205885371,-0.0009734893661062302,-0.0006895393316756826
MLP,600,122,0.21534355,0,0.0,True,-0.002460488558905311,-0.0008029022062144625,0.00016445840701602554,9.113622345306489e-05,-0.0002957250252713191
MLP,600,122,0.496814,0,1.0,False,0.005453195950778146,0.005538355890266129,0.006846411307727894,0.007341224664336261,0.007197754109305938
MLP,600,122,0.4511118,0,1.0,False,0.0057554378659102805,0.0070492985351819385,0.007888228864772702,0.007632316792237236,0.007802415112343874
MLP,600,122,0.2735235,0,1.0,False,0.007974552150822567,0.008206634993759936,0.007382080723743306,0.007139718168848467,0.007608468492859107
MLP,600,122,0.7625002,1,1.0,True,0.007454737169980665,0.009285133100311494,0.008546870374106903,0.007645081367979478,0.007438379377243786
MLP,600,122,0.44316706,0,1.0,False,0.009710293238676577,0.007120758872805685,0.006574023859797421,0.006301263555694248,0.0061877977025572815
MLP,600,122,0.3835896,0,0.0,True,0.003110095947028328,0.0016701837845174653,7.36626799461234e-05,0.00039825784657980767,0.00020150787491171065
MLP,600,122,0.21835175,0,0.0,True,0.0006496675712997532,0.0005361540725171242,0.000327567460391026,0.0008913915787976846,0.0006275238694900355
MLP,600,122,0.1637592,0,0.0,True,-0.000960792845329193,-0.00022628165281901,0.00029029121151012086,0.0005925504788619985,7.312037353655773e-05
MLP,600,122,0.36489362,0,1.0,False,0.0036115118544493285,0.005374478432553103,0.0059512943551379175,0.007464424336885607,0.006362907084754024
MLP,600,122,0.10412119,0,0.0,True,-6.039517374855412e-05,0.0006165434957286972,-0.00010858072801003582,-5.758588499174467e-05,0.0002243558366917983
MLP,600,122,0.1943035,0,0.0,True,-0.0032632701173758,-0.0012386951439027234,-0.0006748393161331249,-0.0006828374335244464,-8.869641268963699e-06
MLP,600,122,0.56625706,1,1.0,True,0.007645926387602217,0.006608057465055389,0.0077590880345582754,0.008648453155122053,0.007854753328318451
MLP,600,122,0.1723799,0,0.0,True,-0.00012254079244737083,0.0002672126122841304,0.00011508501445635804,0.0003597254138829238,0.0005984443510292576
MLP,600,122,0.24861039,0,0.0,True,-0.003359946169428412,-0.0018729196824840144,-0.0011191290584196254,-0.0008940062158055711,-0.00020169839267958096
MLP,600,122,0.1733792,0,0.0,True,-0.003435787079055281,-0.0019461806229536679,-0.0018212965504480524,-0.0015348968842173233,-0.0010917342933285802
MLP,600,122,0.30169988,0,1.0,False,0.0055424794059081494,0.006165348743163612,0.007277933969279311,0.006516018190801735,0.006694578459732148
MLP,600,122,0.38745448,0,1.0,False,0.005130663593538706,0.006891785200936366,0.006515384438016637,0.007273658652538522,0.006397559271121341
MLP,600,122,0.3486263,0,1.0,False,0.004619428300510092,0.004982626618981861,0.0051161523731268355,0.00625940432853144,0.0065020643883923245
MLP,600,122,0.31560552,0,1.0,False,0.010821421654238626,0.00782255181503376,0.008206037424001753,0.008263340721755061,0.007798150624769239
MLP,600,122,0.54066706,1,1.0,True,0.005265294975424019,0.005695628913864558,0.00663968439540999,0.006339943368070308,0.006729115404143803
MLP,600,122,0.118446894,0,0.0,True,-0.00013196574487380438,-0.001073556733177401,0.00038406580440702987,0.00044625011025252443,0.00031638020968946615
MLP,600,122,0.2046519,0,0.0,True,-0.0004388818540664723,-0.0011327740650361596,-0.000770689008916721,-0.0007499971392659358,-0.0008383036158415433
MLP,600,122,0.19581297,0,0.0,True,-0.0010029942124168728,-0.0007753074959960352,-0.0006829964713774994,-0.0005688029550024375,-0.00019320194395651663
MLP,600,122,0.67974657,1,1.0,True,0.004769936647412588,0.0068902934850510605,0.006439174691350997,0.006699841889038456,0.007031750905202319
MLP,600,122,0.09500217,0,0.0,True,-0.002949363388573336,-0.002575886295467224,-0.002231512764792936,-0.0013152023771147248,-0.0011312126999476367
MLP,600,122,0.3071151,0,0.0,True,0.0002106389442317627,-0.000647446651134991,-3.493612199707237e-05,0.0005886131031830358,0.0005559927090791034
MLP,600,122,0.23787661,0,0.0,True,-0.0021746239219079615,-0.0009120411150355042,-0.00047793111433898415,-0.0010124869347416267,-0.0008561142476791315
MLP,600,122,0.5298377,1,1.0,True,0.00618535364075977,0.008560682559917014,0.00924876627437266,0.008521841136002897,0.008054247392755636
MLP,600,122,0.15571679,0,0.0,True,0.001420517987503525,0.0010680231758201865,-1.1523859597990293e-05,-0.0006107533519147377,-0.000997922416462574
MLP,600,122,0.4923382,0,1.0,False,0.005179720491511005,0.006353621137495766,0.005844247418557701,0.00571599536240402,0.005216243815725367
MLP,600,122,0.13787429,0,0.0,True,0.0013257914693303409,0.00038040166658453236,-2.236019473887452e-05,-0.00032434496025238565,8.77650903088383e-06
MLP,600,122,0.6563509,1,1.0,True,0.00432386591412545,0.004519615447578431,0.006077642725241672,0.006185466826190252,0.006323810509960392
MLP,600,122,0.42444548,0,1.0,False,0.011552455956351317,0.010587602160784677,0.010681718759898828,0.00978008953761069,0.008799035031895606
MLP,600,122,0.47762433,0,1.0,False,0.006638624008607803,0.00805321704458812,0.00873625321117547,0.008015021500413392,0.008201763745604716
MLP,600,122,0.871159,1,1.0,True,0.007629357123632389,0.007282058764784436,0.006794835652139304,0.007411400862303606,0.00675037777895939
MLP,600,122,0.44337168,0,1.0,False,0.0060322789967244645,0.00652189992736879,0.007354202725235818,0.007185547800588956,0.007248519544722903
MLP,600,122,0.19067293,0,0.0,True,0.002851704116607289,0.000885193028284556,-0.00022053726329938672,0.00023670743802454468,0.0005372780830311226
MLP,600,122,0.15822482,0,0.0,True,-0.003923280328605666,-0.0016570010527313579,-0.000340108783875154,-0.0007922717353186661,-0.0008621679995576483
MLP,600,122,0.29394677,0,1.0,False,0.011717545392261561,0.007338744408482649,0.007679539800725111,0.007096005349601967,0.006839095486363975
MLP,600,122,0.26982436,0,0.0,True,0.002452335106249254,0.002585204961998269,0.0009792444557240507,0.00022833516544533414,-0.0003837076957507657
MLP,600,122,0.21223971,0,0.0,True,-0.0003865319025664891,0.0013007947562395116,6.632635065106645e-05,-0.0003663816913648094,-0.00034517460533873905
MLP,600,122,0.20767377,0,0.0,True,-0.0006256310295111507,-0.0005453208313748926,-0.0008978207472748454,-0.000684278143259929,-0.0006789948258459452
MLP,600,122,0.24120222,0,0.0,True,-0.003454872384665306,-0.0036331838139149865,-0.0022139643873307774,-0.0014176479922697466,-0.0008948419256228444
MLP,600,122,0.4202027,0,1.0,False,0.009380567375438832,0.006422791582203767,0.005669498102425097,0.006778436215071271,0.006361961039014538
MLP,600,122,0.4206945,0,1.0,False,0.007355510459169605,0.007649132692101778,0.007762113267549954,0.006621443156758176,0.006603515914631181
MLP,600,122,0.51387334,1,1.0,True,0.008580938223378493,0.008707887375003429,0.009310669851035286,0.008998638427350256,0.008728115835479078
MLP,600,122,0.3622542,0,1.0,False,0.0043174498825871805,0.005401691613599226,0.006656787449137046,0.007374676509887598,0.007615445637165235
MLP,600,122,0.46994603,0,1.0,False,0.0034263243808820947,0.005264366032251383,0.005918110100972903,0.006497715021544086,0.006093301299011362
MLP,600,122,0.4296356,0,1.0,False,0.004628366714600381,0.005475658318158347,0.006144239960063276,0.0065402886401664615,0.007185804768122535
MLP,600,122,0.21212994,0,0.0,True,-0.0020149849181742407,-0.0018691236968736461,-0.002334233937727983,-0.002075810641612658,-0.0015414952050669332
MLP,600,122,0.2365652,0,0.0,True,-0.002170298676219951,-0.0018435219255076255,-0.0013136666621755395,-0.001960976462622255,-0.0017688726636414286
MLP,600,122,0.14826943,0,1.0,False,0.0077998862262354425,0.003990530089663936,0.004857778327042473,0.005167317525899049,0.005015250391373103
MLP,600,122,0.57118267,1,1.0,True,0.003604113185835021,0.004428528707259526,0.005265471142159923,0.006035442010467523,0.005732999579559133
MLP,600,122,0.23604815,0,0.0,True,-2.8093072838999897e-05,0.00022530926613387094,-0.00012660886866167753,-0.00021783943658123988,-0.0001711302264269759
MLP,600,122,0.5220735,1,1.0,True,0.004248805305161832,0.006808524891691336,0.005368519942931004,0.005370567859320243,0.005719765317142905
MLP,600,122,0.74740845,1,1.0,True,0.005614538429575102,0.0060061308294460155,0.006814413038579682,0.00699595751299953,0.00719021793996354
MLP,600,122,0.73471236,1,1.0,True,0.00670943050148347,0.005873698089253616,0.00745242714250385,0.008175172660113847,0.008245940073761168
MLP,600,122,0.12947021,0,0.0,True,-0.001410058815856773,-0.000219519611247392,-0.0005746760413455226,-0.0005393387587497125,-0.000561715051532511
MLP,600,122,0.21572864,0,0.0,True,-0.0007599735373600866,0.0004982088843118222,-0.0005476324118096874,-0.00032560615139680605,-0.00022691375028299695
MLP,600,122,0.599065,1,1.0,True,0.008684286102227285,0.006599875867396523,0.006535848428114244,0.006077020351567488,0.007216863341320756
MLP,600,122,0.18743572,0,0.0,True,3.6808569047143916e-05,7.854961054196288e-05,0.000954613742047213,0.0006419125360655985,0.00037608326115620797
MLP,600,122,0.64615977,1,1.0,True,0.008551745030890352,0.00873938637242395,0.007722088054403989,0.007824008921466835,0.007622344032760721
MLP,600,122,0.25959036,0,0.0,True,-0.0025358774570060786,-0.0004803014065010786,-0.001698930508566546,-0.0015443028830227428,-0.00202919102174253
MLP,600,122,0.24939974,0,0.0,True,0.002090126443957845,0.0021059702413353007,0.0017315372676909501,0.0011014056836722514,0.0005991506548973084
MLP,600,122,0.2446052,0,0.0,True,0.0012810737890995745,0.0013240459683912297,0.002125205528253322,0.0009301137654128766,0.001201544890946073
MLP,600,122,0.16351302,0,0.0,True,2.578758921374435e-05,0.00015962917541748872,0.00058905139003164,0.0007109690092648598,0.0006180933617604927
MLP,600,122,0.19123907,0,0.0,True,-0.001526763007853486,-0.0015336095747755915,-0.00014881715189393375,0.00024205698307822144,-0.00017509611747567507
MLP,600,122,0.29950204,0,0.0,True,-0.0008189375578587533,-0.000967169359534929,-0.0008963505562760059,-0.0011751158260154316,-0.00025312701092575327
MLP,600,122,0.2380266,0,0.0,True,-0.001851724286176069,-0.0011765858083980037,-0.0010708720962533883,-0.0008467628635096974,-0.0010797805084119497
MLP,600,122,0.29394257,0,0.0,True,0.0009217183673325095,-0.000726146434772926,-1.8883845345472606e-05,-0.00025598355243953736,-0.0003840366479405406
MLP,600,122,0.1710578,0,0.0,True,0.0013355637113509457,0.00047062207461925904,0.0015180207776235182,0.0009874420631047144,0.0009536499555242078
MLP,600,122,0.15969472,0,0.0,True,-0.0028307285512258287,-0.0016995669275369377,-0.0017296619595754826,-0.0011416995844414522,-0.0006534547691406243
MLP,600,122,0.20690057,0,0.0,True,0.0015968975890072116,1.930180100469337e-05,-0.0005390032005001487,-0.00031954436159635274,-0.0008834515050368699
MLP,600,122,0.48478717,0,1.0,False,0.00272415166563471,0.005062525307422449,0.0075107995184739585,0.006677384834944011,0.0061252308619767545
MLP,600,122,0.29439658,0,1.0,False,0.0063647371535042975,0.005052950876677834,0.005241977787373687,0.005397522901681443,0.005335389736678198
MLP,600,121,0.64547706,1,1.0,True,0.009809821371787538,0.00749287040388695,0.00774532963817765,0.007621185487427907,0.00801704251095455
MLP,600,121,0.46981594,0,1.0,False,0.009426485305984411,0.007412668994085898,0.007288837407668488,0.007670610011217951,0.007838954087668507
MLP,600,121,0.19162989,0,0.0,True,-0.0009591482967224836,-0.00033614547418708927,7.972151273722165e-05,5.3729337940505705e-05,0.00021455420124224676
MLP,600,121,0.12346692,0,0.0,True,0.002095527313107528,0.0010254140244578779,-2.5989849369004375e-05,-0.0004073303116354994,0.00033156740386560763
MLP,600,121,0.5842403,1,1.0,True,0.005722954683670909,0.0062409252844685134,0.006989393221458168,0.0071689418204997505,0.007614311837913817
MLP,600,121,0.7246099,1,1.0,True,0.0071565276079035905,0.007385697861160708,0.0077435103919900414,0.007549452245153641,0.008089908830218949
MLP,600,121,0.17328417,0,0.0,True,-0.000244249745592826,-0.0009213489046177234,0.0006748815321569917,0.00018716814669248616,0.00039424292548510375
MLP,600,121,0.24163106,0,0.0,True,-0.002699626706327523,-0.0018859414247038844,-0.0009296807370663953,-0.0006366311437158053,-0.0006952627267931665
MLP,600,121,0.16010338,0,0.0,True,0.000824883822780825,0.001532753930443827,0.0005325305041664363,0.00014058808427337593,3.0214464781402305e-05
MLP,600,121,0.19315705,0,0.0,True,0.0025241144482346504,0.002645900732236932,0.0007203772206334873,0.00046755163389131056,0.0006139524037364515
MLP,600,121,0.44744417,0,1.0,False,0.00804379549635732,0.0077440803235821485,0.006522234028802517,0.006964562990516648,0.006730393333309553
MLP,600,121,0.27288777,0,1.0,False,0.006223725971953114,0.0062899412008955765,0.006475451381115958,0.006625259777984513,0.006743539792540735
MLP,600,121,0.26997083,0,0.0,True,0.0012456116342046421,0.0015752648508211156,-0.00011434917824359871,0.00025845816330421904,3.2593711008388936e-05
MLP,600,121,0.10358697,0,0.0,True,0.0007986978265283111,0.0009023762894823754,0.00018318031286962335,-0.0009690597750357087,-0.0009069498594445592
MLP,600,121,0.2364682,0,0.0,True,-0.0026219766038964322,-0.0018361238435709933,-0.0013907867872779657,-0.0011167455130033353,-0.0005906002073633579
MLP,600,121,0.27001244,0,0.0,True,9.878966998295406e-05,-0.0004219783636597287,-0.0006870785490728158,-0.0007851743518430156,-0.0008588631151032184
MLP,600,121,0.23146275,0,0.0,True,-0.000947904231761598,0.0005998063388967977,0.0016744130090421132,0.0008701728892624561,0.000851650694604425
MLP,600,121,0.28573027,0,0.0,True,0.0003009812343026614,0.00010913853163881371,-0.00017971322914293132,-4.693423971747836e-05,-0.00032782181085528657
MLP,600,121,0.4146846,0,1.0,False,0.0035698263320396613,0.005798057328820279,0.0075391604651054035,0.0074378027089961295,0.007416403299436958
MLP,600,121,0.3631427,0,1.0,False,0.007534525972610688,0.005373331880021738,0.004374559398075526,0.005013341082676528,0.004877614454909812
MLP,600,121,0.20160925,0,1.0,False,0.00636302021163704,0.005630612878505881,0.0071281552414465595,0.007579669125419162,0.007710731826498855
MLP,600,121,0.23054408,0,1.0,False,0.005748212383722033,0.003798513390075746,0.005260029878891606,0.005415183762294452,0.005823139441494259
MLP,600,121,0.12937506,0,0.0,True,-0.0011297802746558908,-0.0015094470918638248,-0.0007749168692581293,-0.0004324685701917187,-0.000495926882172711
MLP,600,121,0.18643306,0,0.0,True,0.0002474711269892014,-0.0007352883990199633,-0.0010693609537311458,8.367601584950022e-05,-0.00018252705461563372
MLP,600,121,0.4909799,0,0.0,True,0.0010085058463815961,0.001465849991499984,0.0010563654956508455,0.0009299710270450947,0.0007382131884319334
MLP,600,121,0.35449308,0,1.0,False,0.005535166660076367,0.00871681976301687,0.008899741886638913,0.008175107112592868,0.007712291889648159
MLP,600,121,0.7588448,1,1.0,True,0.006451176039349187,0.006635360030740832,0.006442417229648616,0.005856324265988329,0.00642379548277229
MLP,600,121,0.18980601,0,0.0,True,0.0019074442614675062,-0.00010149059028031975,-0.0002632118146872983,-1.0989455498104202e-05,0.0001651631985042153
MLP,600,121,0.7594033,1,1.0,True,0.005896099079975043,0.00609324946088688,0.007634153080054623,0.007862414863637514,0.007362282265917923
MLP,600,121,0.37013698,0,1.0,False,0.007566937334400498,0.007347595376053368,0.00566748028470333,0.006495096954158096,0.0066306721419213364
MLP,600,121,0.21089207,0,1.0,False,0.005765003639304982,0.00499013092991995,0.0028668813381068463,0.0030096839765796557,0.0038502697036572804
MLP,600,121,0.09606774,0,0.0,True,0.0005410596039068015,-0.001861646292641246,-0.0006323293847643425,-0.0006584399388203407,-0.0008016764071479276
MLP,600,121,0.6569361,1,1.0,True,0.005246543634526835,0.006738055620719131,0.006628619777386278,0.005690889327212895,0.006126420211277948
MLP,600,121,0.43652317,0,1.0,False,0.004602117728569132,0.004438872119564,0.006270896776684121,0.006270564761598537,0.00559910004370937
MLP,600,121,0.43641952,0,1.0,False,0.00572791951863373,0.006301276138686782,0.007037058774065212,0.006906537010143831,0.00768554449566351
MLP,600,121,0.58743936,1,1.0,True,0.0033271661411549925,0.005872642125106171,0.005089017590238257,0.005231538123625195,0.005323512328637319
MLP,600,121,0.80473244,1,1.0,True,0.003956394773763204,0.005961966586826231,0.005919567607442474,0.00576968177492453,0.00599867934636763
MLP,600,121,0.53455746,1,0.0,False,-0.0006735754590094866,-0.001810338081109906,-0.0014365048617932005,-0.0014799985972468862,-0.0009348729757458175
MLP,600,121,0.3244718,0,1.0,False,0.00873087445996192,0.009459287772163039,0.008573553326059417,0.0075865748325440316,0.007300651769854798
MLP,600,121,0.8745901,1,1.0,True,0.006629989740767094,0.0077405953652349745,0.0062558836346340236,0.0073938128900584085,0.007676634005383246
MLP,600,121,0.16852684,0,0.0,True,-0.0010539042911497669,0.0012008993185481257,0.0013208334252319618,0.0005530364605067773,0.0008667756800002685
MLP,600,121,0.15429612,0,0.0,True,-0.0013939611684779536,-0.0001725552808008588,-3.6209976101240754e-05,0.0007949061921550556,0.0009652746594357498
MLP,600,121,0.2999592,0,1.0,False,0.004851754638818654,0.006546220057793748,0.0066400365367296965,0.006331384810923394,0.005729248678781444
MLP,600,121,0.23234437,0,1.0,False,0.010461106213984822,0.007980174908869347,0.00798498701085559,0.007596031293542317,0.008009099207596893
MLP,600,121,0.43744472,0,1.0,False,0.004821257864100178,0.005633546009784565,0.006526942525725367,0.006227424286075774,0.006750479905111982
MLP,600,121,0.5465827,1,1.0,True,0.009376178089016701,0.008498410277307179,0.008483288744275067,0.008500159969977715,0.008587913086140927
MLP,600,121,0.14950362,0,0.0,True,-0.0029145768164887606,-0.0013381005452207072,-0.0006749296099267593,-0.0004420609237445064,-0.0003179068760922927
MLP,600,121,0.79244506,1,1.0,True,0.008586044627746887,0.009058219468176327,0.00846107768120126,0.007406827216598948,0.006825929989277105
MLP,600,121,0.38395277,0,1.0,False,0.009442835118514322,0.00898602879543733,0.009380694584135396,0.009760753797599107,0.008591057086361091
MLP,600,121,0.28511935,0,1.0,False,0.007995287907081892,0.005473472387432318,0.007493978476113678,0.007004215497437842,0.0070416649919627095
MLP,600,121,0.24336866,0,0.0,True,0.00045447208379110224,0.0001287520759364135,-0.0001510355891499008,-0.0003176537832468847,-0.0005329921428108503
MLP,600,121,0.74851245,1,1.0,True,0.006396010671264741,0.007131221155520144,0.007512691257942915,0.007772524960927977,0.0075338353751108434
MLP,600,121,0.17977987,0,0.0,True,0.0013911211650362281,-0.00016402745203546285,-0.0002558002899434242,-0.0001371020295659479,0.00023251790111202596
MLP,600,121,0.15319411,0,0.0,True,0.0021117238292161127,0.0015091324353174894,0.0014184198294855779,0.0008295581222851142,0.000588702993355509
MLP,600,121,0.79561967,1,1.0,True,0.00995523489994073,0.010771091487492536,0.008905304585341634,0.008374828728526873,0.008088989779862488
MLP,600,121,0.29678783,0,1.0,False,0.005589395600924716,0.00809212136648912,0.006920059688610334,0.006487873198831205,0.0076227953871273145
MLP,600,121,0.7245205,1,1.0,True,0.0028101310400259556,0.004455503340950791,0.004998105406713657,0.005151996349507538,0.005513091715209588
MLP,600,121,0.568729,1,1.0,True,0.010934821268840848,0.011022092454503106,0.009896014843985512,0.008881478057571385,0.008991518127099593
MLP,600,121,0.53389585,1,1.0,True,0.008158047292158408,0.00798943756237375,0.007404357939004891,0.007262254083083814,0.006864360254238852
MLP,600,121,0.21821302,0,0.0,True,0.00233985441917541,0.0009660387968957754,0.000838616857130005,0.00041669832108053706,0.0007874340169439127
MLP,600,121,0.20926453,0,0.0,True,0.002191102546433002,0.0013017620289755229,0.0002864906352139262,0.0007822678011625427,0.0010782553760644278
MLP,600,121,0.65883595,1,1.0,True,0.0060364631444835976,0.0035405921500551883,0.0052173538646127764,0.006145901933206751,0.00648601515302875
MLP,600,121,0.9250127,1,1.0,True,0.00953737873841753,0.008476312515107918,0.008856729967697362,0.008761145817675202,0.007992874165336521
MLP,600,121,0.4576102,0,1.0,False,0.010444994075648755,0.006674722613966036,0.006287196340301508,0.007519679805890832,0.007400818161383892
MLP,600,121,0.18847759,0,0.0,True,0.0008723462632351687,0.0006391491372009976,0.0007084599852612748,4.1900680428747914e-05,-0.00025820646077756256
MLP,600,121,0.13351363,0,0.0,True,-0.0015315680627354924,-0.0012042200577573774,-0.0016121805062850783,-0.0011546520511285798,-0.001187184820594594
MLP,600,121,0.6783523,1,1.0,True,0.009116541400194515,0.009912391033877423,0.008500178279953263,0.007692009585803435,0.007085917101264625
MLP,600,121,0.63134956,1,1.0,True,0.009364844822613155,0.009782034237206454,0.008070583049418495,0.0079713582616468,0.007797104526328192
MLP,600,121,0.16688375,0,0.0,True,0.0010507179134162357,0.000790119137978489,0.0003360401889623397,-0.00011305361441529748,0.00010818740852301651
MLP,600,121,0.17032991,0,0.0,True,-0.0003916582057099613,-0.0007792542341822314,-0.0005840370853001745,-0.00018393785183312355,1.2860958320487222e-05
MLP,600,121,0.1605193,0,0.0,True,-0.001706463735135628,0.0005894276957513416,-4.281964413070576e-05,0.00036859081450138454,0.00045852877707668456
MLP,600,121,0.23443641,0,0.0,True,0.0005538729045855004,0.0013202970795453198,0.0009655609897592418,0.0009570748853390246,0.0002644199635314778
MLP,600,121,0.69245785,1,1.0,True,0.005437049583517974,0.007443741145616221,0.007548946021199727,0.00683646243214261,0.007377518457314813
MLP,600,121,0.8056887,1,1.0,True,0.005549567475351112,0.007977242221235421,0.0076886734343984305,0.007993760925703182,0.008885666235611454
MLP,600,121,0.46505675,0,1.0,False,0.006785488343474109,0.007214454060729478,0.00657723770339448,0.00564175348294138,0.005257886866637352
MLP,600,121,0.59369797,1,1.0,True,0.0092550593504058,0.007229946357340056,0.006713789301898316,0.007396620998236765,0.007483226366066166
MLP,600,121,0.12849551,0,1.0,False,0.007080547890911969,0.006516151485522045,0.006964344351416693,0.007455974220995162,0.007542127440170336
MLP,600,121,0.3452515,0,1.0,False,0.008469469277895266,0.007557602174833709,0.00750818769353683,0.007334568506802948,0.007842412300217096
MLP,600,121,0.24425256,0,0.0,True,0.0014203601223573745,0.001341051707672406,0.0012967588790641638,0.001367163021794847,0.0011987593088607072
MLP,600,121,0.32197544,0,1.0,False,0.007529176815367744,0.007089948136374481,0.007506562699240414,0.006910813779196245,0.006836479351469878
MLP,600,121,0.32995877,0,1.0,False,0.007364702544258477,0.006579292136964048,0.0059734744748131865,0.006400815088357754,0.007250269348785919
MLP,600,121,0.1771216,0,0.0,True,0.0018288507413848213,0.000780388905002251,-0.00011561396088912747,0.00032963931937674896,0.0007805859608938932
MLP,600,121,0.53816044,1,1.0,True,0.006653725264160499,0.0052474615672726595,0.005717021651514681,0.006115036854461879,0.006486852623018687
MLP,600,121,0.41043368,0,1.0,False,0.006978566139104163,0.007098398458892032,0.006924903097106035,0.00627029807253617,0.006891557137404963
MLP,600,121,0.16428335,0,0.0,True,0.0007864163814416179,-0.0009450116744838524,-0.0006243362643669284,-0.0008990915710308728,-0.0007908901983158855
MLP,600,121,0.19960296,0,1.0,False,0.0065035277090687155,0.004573737657709041,0.004673038206269181,0.00527150405714825,0.006110885097645066
MLP,600,121,0.20736021,0,0.0,True,-0.0029287650672360694,-0.0023686963415780033,-0.0015772128528705658,-0.00047303305887985215,-0.0003945919636933537
MLP,600,121,0.24757671,0,0.0,True,-0.0007940059615704855,-0.000541488283741797,0.00022815488042393978,0.00028170008455291915,0.0008098839631424348
MLP,600,121,0.40153742,0,0.0,True,-0.001202210474031433,-0.001364830495699142,-0.0016483650023351483,-0.0014563791905772836,-0.000739558235339643
MLP,600,121,0.14651826,0,0.0,True,0.002089132240172328,0.0016007491675709142,0.0003256568615330549,0.00019764048938404277,-6.91114941970265e-05
MLP,600,121,0.28830066,0,0.0,True,-0.001995342378835028,-0.0007523650640332191,-0.0009972470011250468,-0.0009695954806980912,-0.0009422999416521008
MLP,600,121,0.30299163,0,1.0,False,0.006028752009029315,0.0065790374447429086,0.007000528930450876,0.008002610433755162,0.007931974578013992
MLP,600,121,0.48355222,0,1.0,False,0.008292878668270987,0.007342313147791263,0.008749742269463888,0.008090336875550731,0.00817226368389975
MLP,600,121,0.2747416,0,1.0,False,0.007095080128079364,0.0067445302177167425,0.007132913439460298,0.007146317038929695,0.007046213254702396
MLP,600,121,0.15761352,0,0.0,True,-0.0007756378445685184,-0.0007400286197440471,-0.0005724713937862994,-0.00040092088364942845,-0.00041855634290753776
MLP,600,121,0.19377303,0,0.0,True,-0.002309935555489468,-0.0030386057359409017,-0.0015499049681475664,-0.0014716537791926317,-0.0014775030409638994
MLP,600,121,0.11131642,0,0.0,True,0.0003547551382534693,-0.0008978983465320195,-0.0005957050355780057,-0.0005476480677412722,-0.0005424237945639819
MLP,600,121,0.15570763,0,0.0,True,0.0020048876637576213,0.0011600286542220858,0.001146104433364346,0.0006849738822998192,-2.3021797682002993e-05
MLP,600,121,0.35198495,0,1.0,False,0.007582670587535345,0.005530872135193782,0.004971387148283985,0.005415707613711256,0.005390835552137976
MLP,600,121,0.12741116,0,0.0,True,-0.0013432492405882003,-0.0001328763776006779,-0.0009995814385258155,-0.00024574099706717263,0.0006829823036484047
MLP,600,120,0.32875872,0,1.0,False,0.0054913127232791535,0.007022384997734059,0.0069005727832685,0.0066372441120940324,0.0068452778040487584
MLP,600,120,0.25465775,0,0.0,True,0.0012409245503449318,0.001720936448972431,0.0012429989134184422,0.0012426395200325479,0.0008787927176265207
MLP,600,120,0.19133326,0,0.0,True,0.0025691660447624463,-7.688367903272371e-05,-0.0010349919203008556,-0.00018743726847023843,-0.0003079106200705265
MLP,600,120,0.50836086,1,1.0,True,0.006549646727460948,0.009189555336018373,0.00807691951591522,0.008472883906280329,0.007859427883762073
MLP,600,120,0.23060471,0,0.0,True,-0.0006384733385415634,-0.0006919370479019796,-0.0005001082806336803,6.722202620559801e-05,-0.00011440805116158325
MLP,600,120,0.31001288,0,0.0,True,-0.0010345901890472216,-3.580057492041617e-05,0.0010409515354085617,0.0005053834180027464,0.00021947616077389062
MLP,600,120,0.5623791,1,1.0,True,0.007584822807358417,0.006791910182034068,0.0065272141680490885,0.006065442343296724,0.005554315353357242
MLP,600,120,0.18099476,0,0.0,True,-0.00029126081556365605,-0.0007621315252415717,-0.00011144035494570236,-0.0006545111158625319,-7.885313616785221e-05
MLP,600,120,0.40427643,0,1.0,False,0.005848564770761272,0.006026088269870473,0.004745380652582494,0.005101765435176494,0.0060100110024383264
MLP,600,120,0.504028,1,1.0,True,0.00795439559332251,0.007278284057791768,0.005783757538100434,0.00512822891246138,0.005327746599184779
MLP,600,120,0.2988767,0,0.0,True,-5.0216289917104526e-05,-0.00012546330402909002,-0.0005241343740263486,3.8865856897952377e-05,-0.0001699294395825066
MLP,600,120,0.25607663,0,0.0,True,-0.0018926344689586525,-0.0003486316967569384,0.0005160320842265213,-0.00010085547140494352,-0.0009004124498162919
MLP,600,120,0.7281511,1,1.0,True,0.005132587034168746,0.007415014298189896,0.0074137936305000264,0.007292167957742235,0.00733097121126967
MLP,600,120,0.23540357,0,0.0,True,0.0012186746778402755,0.0016680310770879883,0.0007562038587098399,7.808387054122e-05,-0.0004969520763859201
MLP,600,120,0.1889584,0,0.0,True,0.0021951561277111695,0.0014365398995563874,0.0013809413680346296,0.0013997318662697126,0.0010026864277389187
MLP,600,120,0.6324561,1,1.0,True,0.0081100018943129,0.006253074323014596,0.005334945911759111,0.006524676118682687,0.006348626708919841
MLP,600,120,0.13702627,0,0.0,True,0.003911789653543961,0.0030239795223772447,0.0013728674000960367,0.0009119210787645407,0.0008160988919268781
MLP,600,120,0.1247542,0,0.0,True,0.0012026071901924563,0.000847122430838628,0.0008923994036280011,0.0007298925033208072,0.0005777767803426467
MLP,600,120,0.37594435,0,1.0,False,0.0042879653986530805,0.006900463714919897,0.006130479911083646,0.0058046653101097995,0.006355605314917528
MLP,600,120,0.2748422,0,0.0,True,-0.0025946626408275756,-0.0017251385613402473,-0.0013391793117200053,-0.0005634587290126338,-0.00014103480794649826
MLP,600,120,0.2426464,0,0.0,True,0.0009991941800198577,0.0012897669029346634,0.00011283925973522447,0.00014269421506702678,-0.00028936129005850263
MLP,600,120,0.32145336,0,0.0,True,0.0008525169876758557,0.0005886320738470013,-0.00014935840144567788,0.0006525657371202338,0.00022686398203967332
MLP,600,120,0.2185549,0,0.0,True,0.0008292449750006595,0.0014090856797519047,0.0006634743193382521,0.0002511903831510317,0.0008153585009152578
MLP,600,120,0.4489949,0,1.0,False,0.008085098432551893,0.007370573225427919,0.008377337161778069,0.00890885633303753,0.008097789853785106
MLP,600,120,0.16757528,0,0.0,True,-0.0010588358942504482,-0.0023964346215164284,-0.0012685995188266548,-0.0014769898214108945,-0.0008991376598849904
MLP,600,120,0.14840579,0,0.0,True,0.00228473865575058,0.0016125657931978837,0.0003576773000195684,0.0005047532227745026,0.00011082842759037086
MLP,600,120,0.38769838,0,0.0,True,-0.000424013774123117,-0.0015134429435418777,-0.00025221516810802557,-0.0005648913536032536,-0.00036102559310717026
MLP,600,120,0.46167424,0,1.0,False,0.005168464762487269,0.005579539483844715,0.0067974073525000735,0.007129844381524574,0.007067325424791741
MLP,600,120,0.23264372,0,0.0,True,0.00440796524511588,0.0024095861696189712,0.0016358941783187312,0.0011319900301325178,0.0010751178750231494
MLP,600,120,0.13550265,0,0.0,True,0.0025073774157645893,0.001565470793352134,0.000389651455014572,0.00035044988542037213,0.0002477055001738912
MLP,600,120,0.46336448,0,0.0,True,-0.001721401192496743,-0.001591813657388386,-0.00034361480948410264,-0.00028064752356298347,0.00027190023142418054
MLP,600,120,0.43089673,0,1.0,False,0.004869766923686399,0.006015708834283594,0.005010076694409205,0.005666230014738614,0.005491882634602777
MLP,600,120,0.18435575,0,0.0,True,0.0017695715120652172,0.001010808628568909,4.639265886756605e-05,0.0002258798974656611,-0.00031608530576492246
MLP,600,120,0.63294894,1,1.0,True,0.009117664149680934,0.007045278322753658,0.007470145809875039,0.007235567550857359,0.006962877141598884
MLP,600,120,0.383868,0,1.0,False,0.00660625994925004,0.004851894066500947,0.0048060124909355415,0.004609130436143818,0.0054494521356001245
MLP,600,120,0.17641994,0,0.0,True,0.000622868251066674,0.0005259506048714973,-0.0008550528809260335,-0.0003015881446314861,-0.0008188675397646518
MLP,600,120,0.29107323,0,0.0,True,-0.0010146897350335365,-0.0007900409915362073,-0.0005129391844856621,4.4031216003324885e-05,0.00036428745883836767
MLP,600,120,0.16240951,0,0.0,True,-0.0004229295804403236,-0.0004065763263283273,0.0004236283406231331,0.0008507594814146742,0.00029814881597381004
MLP,600,120,0.7194707,1,1.0,True,0.008234102045841966,0.006804230168228929,0.006603693125273863,0.006695727206741836,0.007627749652285548
MLP,600,120,0.27318287,0,0.0,True,-0.0002282598553998416,-0.0003732436969353412,-0.00015800402840855394,-0.0004491583677717087,-0.00016868573314951572
MLP,600,120,0.16925235,0,0.0,True,0.002332097649339883,0.000267991463678574,5.098305678433234e-05,-5.352576935788917e-05,0.00022544823835742345
MLP,600,120,0.37588793,0,1.0,False,0.00894738982515701,0.005785613189851179,0.0046215620953783945,0.004864859734971982,0.0052930773197031
MLP,600,120,0.7450613,1,1.0,True,0.004161915302646654,0.0060341656840397166,0.007590050466988099,0.006926313145128411,0.007321401501158525
MLP,600,120,0.46581215,0,1.0,False,0.005669927108192697,0.005112006761966532,0.005614208820894491,0.005265580274916845,0.005843982035411871
MLP,600,120,0.17969388,0,0.0,True,0.002524456066931818,0.0007360474110255174,0.0016146091604576712,0.0013077986761005109,0.0005052263684248439
MLP,600,120,0.5144391,1,1.0,True,0.0020084802876665815,0.0059924358667589024,0.005477260247887991,0.005893767767751261,0.006441982570224224
MLP,600,120,0.6068925,1,1.0,True,0.007662659416807883,0.0068141561776753476,0.007294789570383989,0.00730293309545923,0.007580590737715743
MLP,600,120,0.16204822,0,0.0,True,0.005780927010400238,0.001667120225631524,0.0006587137621560983,-7.05888258337705e-05,-8.235554616414552e-05
MLP,600,120,0.62396675,1,1.0,True,0.0060522638789227085,0.0048127037115854926,0.004373597446779411,0.005389443785199218,0.005034520759764185
MLP,600,120,0.73406714,1,1.0,True,0.0050013601807090665,0.005657148897490037,0.005366523999976633,0.005447688139797843,0.006183899894576527
MLP,600,120,0.661119,1,1.0,True,0.007570021492060359,0.007050236988750492,0.006481304615339316,0.006253393868388942,0.006838877577345121
MLP,600,120,0.6793646,1,1.0,True,0.006320505306275314,0.00745074730378922,0.007629823339162291,0.0076055714540467405,0.006659931778958747
MLP,600,120,0.17423078,0,0.0,True,0.0026377186745531007,0.0006237702750459471,0.0003957528979603024,0.000571816614878179,0.00042098339931729623
MLP,600,120,0.13729551,0,0.0,True,-0.0005140561093218034,0.0007748206656553622,-0.0003383797097033031,0.00047634660873517625,8.625633589344799e-05
MLP,600,120,0.4039245,0,1.0,False,0.009768034951867939,0.008392284875687977,0.007751923837081106,0.0071737218858310674,0.007175885524662039
MLP,600,120,0.42139775,0,1.0,False,0.006291360591740381,0.006387712511679102,0.006810908669005603,0.007706450442558853,0.007967163934917363
MLP,600,120,0.5834545,1,1.0,True,0.007447371244776151,0.007381687586273968,0.007802115172021195,0.007956339295862052,0.007160730987118722
MLP,600,120,0.2735684,0,1.0,False,0.007575302391669826,0.008748962582164156,0.00731008431294458,0.00691852805041803,0.0067434489863497085
MLP,600,120,0.5685802,1,1.0,True,0.004327888889234458,0.0052308584983288935,0.00585293482947528,0.007278449820494944,0.007151623933588288
MLP,600,120,0.27892128,0,0.0,True,-0.0007108500611584439,-1.851478659151947e-05,5.845466591180802e-05,-0.0003214495316671745,-7.754242290832483e-05
MLP,600,120,0.14255719,0,0.0,True,0.0008232537829137063,0.00044802220964386787,0.0006258415301931265,0.0001823764108987941,0.0005915059831781023
MLP,600,120,0.59010136,1,1.0,True,0.003798266036237878,0.0050629680203235295,0.0051516484239277115,0.005344735798774166,0.005618847992097141
MLP,600,120,0.14822036,0,0.0,True,0.003854249220602397,0.002665182698404227,0.0019631535928060612,0.0017058424923865052,0.0010995292359218338
MLP,600,120,0.16325292,0,0.0,True,-0.001430945884157358,-0.0011425395487523243,-0.00043189023124911885,-0.0006159134173728456,-0.0005056195918839827
MLP,600,120,0.21795905,0,0.0,True,0.00037596417821183256,0.0002621059742447616,-0.0004781549293421489,-0.0005394686369747712,-0.00040675853977730614
MLP,600,120,0.70357674,1,1.0,True,0.004909189287147971,0.006882620843186106,0.007113973355353289,0.007521648937750956,0.007805864704011647
MLP,600,120,0.47681975,0,1.0,False,0.00747010782112725,0.006877692414897579,0.00757924733204383,0.006497104467464454,0.007006853739840863
MLP,600,120,0.68829364,1,1.0,True,0.008227634578475322,0.007301743365103416,0.0067904483982954185,0.006975185345709835,0.00683065719021788
MLP,600,120,0.20403807,0,0.0,True,-0.001999532588241867,-0.001304999787547921,0.0006839244216375642,8.089769038168531e-05,-0.00010734359835961699
MLP,600,120,0.26859754,0,0.0,True,-0.002158176336723673,-0.0016812643697894413,-0.0012888527650663237,-9.561228622659748e-05,-0.0003991562550315349
MLP,600,120,0.42178598,0,0.0,True,-0.0004284895219067712,-0.0008966835645492367,2.6015232272306465e-05,-0.0005801921020119118,-0.0005471770022996031
MLP,600,120,0.18570925,0,1.0,False,0.00465753762644661,0.005778073366763633,0.0059120416283375676,0.006305156613196843,0.006360388542374809
MLP,600,120,0.53072566,1,1.0,True,0.00856339957179543,0.008081218566272762,0.0082057085523903,0.008323141466829853,0.007619578157812159
MLP,600,120,0.31716374,0,0.0,True,-0.002840585836132032,-0.0011191983649808607,0.00012387729970200724,-0.00030370800200130686,0.0003369974903367194
MLP,600,120,0.610195,1,1.0,True,0.010973259066965023,0.009888079102128567,0.008555812367300306,0.00820866767702412,0.008154604619195436
MLP,600,120,0.32734847,0,1.0,False,0.008902950521567102,0.005674590007628911,0.005900370095309954,0.006695167526823798,0.006853513048284391
MLP,600,120,0.3683706,0,1.0,False,0.006082343500259861,0.004756324466660843,0.004476024718777992,0.0042133859756504945,0.005294250674743283
MLP,600,120,0.40346956,0,1.0,False,0.005790116339836363,0.007076428347640941,0.006989919456245386,0.0071250830941624,0.0068904414782567204
MLP,600,120,0.22223188,0,0.0,True,0.0020179200988957617,0.00011758683529009704,-0.0005261829798103009,-0.00013615654213690732,-3.915356514740462e-05
MLP,600,120,0.21961673,0,0.0,True,-0.0029721436211001878,-0.0006271897838118385,0.00015169222964386665,-0.0003187123877050832,-0.000390470883693506
MLP,600,120,0.8147943,1,1.0,True,0.008146047553721327,0.005454108325948277,0.007386443903079683,0.007867283925762579,0.007984832428318064
MLP,600,120,0.12981804,0,0.0,True,0.0002571243273999872,0.001106885546450195,0.000696134038752842,0.0002522624673617794,9.048198269665986e-05
MLP,600,120,0.122401536,0,0.0,True,0.0014501842152479275,0.0006382636143674906,0.0007910762371360441,0.0002837673775984824,0.0006089373381408448
MLP,600,120,0.13376097,0,0.0,True,0.0018393861456959526,0.001531782333964323,0.0014058488429992758,0.00037820637714086814,0.00040060496999816826
MLP,600,120,0.16699658,0,0.0,True,0.001852280430713695,0.0006619357168510308,0.0009300537636964876,0.00048468117602761636,0.00047176257779809027
MLP,600,120,0.14201969,0,1.0,False,0.007728735165369347,0.00792459358566954,0.0072792984543739205,0.007001046240562416,0.006904356267930017
MLP,600,120,0.32521927,0,1.0,False,0.006873627662846395,0.006511509185029696,0.005507865859982338,0.006043855396966954,0.00599057137780396
MLP,600,120,0.15802173,0,0.0,True,0.0001312798854158833,0.0009555302556282303,0.0004675373283741297,0.00106442433241845,0.0010683217122379842
MLP,600,120,0.41143876,0,1.0,False,0.010506623975609497,0.009193003037009082,0.009294500630357245,0.00814815200935733,0.008417669404501416
MLP,600,120,0.3297611,0,1.0,False,0.007578181058757198,0.006136516701987975,0.00466811492458307,0.00484527261217232,0.0058122578509693466
MLP,600,120,0.29363593,0,1.0,False,0.007948682295905823,0.005616179810644676,0.005340239099361982,0.005077269790484849,0.005918357673867289
MLP,600,120,0.75787765,1,1.0,True,0.003786289974924153,0.0035557570768815056,0.004761266730065787,0.00654153418044406,0.006772921153309249
MLP,600,120,0.5923567,1,1.0,True,0.008101019278101645,0.008054619071706692,0.007084990672952242,0.007331578671158217,0.007655522927438222
MLP,600,120,0.26483467,0,1.0,False,0.005867110952399441,0.006949050747724535,0.006588333757962738,0.006513592051815255,0.005740304712334528
MLP,600,120,0.28654733,0,0.0,True,-0.001908326014038389,0.00021508814404446114,-0.0009080168827515064,-0.0008627802612313489,-0.0009644013761200409
MLP,600,120,0.2558965,0,0.0,True,-0.0032916455489852958,-0.000866005458656482,-0.00047640565465474784,7.403186466554481e-05,0.0009107465185591272
MLP,600,120,0.21562594,0,0.0,True,-0.00035392566132530913,-0.0007608271882747333,0.00011373929994877384,-0.0004956599316415138,-0.0003182130916467698
MLP,600,120,0.17249703,0,0.0,True,-0.003432273686389451,-0.0021619600758680745,-0.0020847400676026096,-0.0012672525268832477,-0.0006501790369443395
MLP,600,120,0.21425137,0,0.0,True,-2.8699818277190304e-05,0.0018760633777847118,0.0018145376749765546,0.0014887615060892533,0.0008959507486465988
MLP,600,120,0.16958146,0,0.0,True,-0.00197330833024257,-0.0010867211727425452,-0.0005404313316562691,-0.0005236519562663464,-0.00021222325945283494
MLP,600,119,0.3996482,0,1.0,False,0.008055264120574446,0.006901076766625743,0.008665524692188915,0.008343617251772378,0.00789851578258363
MLP,600,119,0.24810445,0,1.0,False,0.006432799460680579,0.005667178808074981,0.005717850941191369,0.006004780959692949,0.006242075682323702
MLP,600,119,0.38995394,0,1.0,False,0.006693906152582782,0.006395908887213962,0.006457834740373411,0.0068024939331019696,0.007176087560930111
MLP,600,119,0.16898991,0,1.0,False,0.0008526797591922813,0.0027273100808889237,0.0037394407978609424,0.0038935960689331505,0.004559423853541139
MLP,600,119,0.3536537,0,1.0,False,0.007410612458102022,0.005943176465755746,0.006162915350566826,0.006509594533043281,0.006327842567364169
MLP,600,119,0.18660182,0,0.0,True,-0.0022372269377183454,-0.0003984005301934134,9.119393839711784e-06,-0.00016194027577941714,7.357271365723424e-05
MLP,600,119,0.22282313,0,1.0,False,0.007414480663589428,0.007529231953009114,0.0073266065009895374,0.0077473671041358326,0.006805703749896825
MLP,600,119,0.25495198,0,1.0,False,0.001226813663419812,0.0058060622018924046,0.005734918976028598,0.005378128764723593,0.006094674337940287
MLP,600,119,0.43949473,0,1.0,False,0.005034147817327747,0.005446747390553298,0.006205940651726048,0.006112017696546732,0.005827673833396854
MLP,600,119,0.14031455,0,0.0,True,-0.00028685287477432474,0.0006572829347243739,-0.0004318648694112962,-0.00032744978922443825,-0.0005776326621552934
MLP,600,119,0.38685563,0,0.0,True,-0.00021612398090200646,0.000633030253083576,0.00037807225349604015,0.00019491920456350873,-9.259643358720536e-05
MLP,600,119,0.2399469,0,0.0,True,0.0008818076835092677,0.000701368780462521,0.0013326496147838317,0.0007874381342562492,9.264577327111282e-05
MLP,600,119,0.40644693,0,1.0,False,0.006951850443005099,0.008243994575399477,0.007485320910482464,0.007377836309845707,0.00745754901074424
MLP,600,119,0.5634324,1,1.0,True,0.009412212065013897,0.008381526694050458,0.00810336621791518,0.008324421504071552,0.008091634502940861
MLP,600,119,0.52237415,1,1.0,True,0.006140462943556871,0.0074873951562282205,0.007764817236863847,0.007166482880460394,0.006686354862860236
MLP,600,119,0.3080798,0,1.0,False,0.009304405499079325,0.009139521774728092,0.00801933172821383,0.00782985681481541,0.007642670987443451
MLP,600,119,0.32364905,0,1.0,False,0.005795422950329559,0.0039204573105361025,0.004993265201529192,0.0060557954692819025,0.006744417714619043
MLP,600,119,0.12037146,0,0.0,True,-0.005913367320568476,-0.0032586053259808646,-0.0023369212244141713,-0.0020980623228762495,-0.0016681547710340988
MLP,600,119,0.2582829,0,0.0,True,-0.0048092732409125965,-0.002189670062154527,-0.002538871666677902,-0.0017120056412232448,-0.0015361556902421065
MLP,600,119,0.110201,0,0.0,True,0.0006785781139757587,-0.0005211231721720987,0.0002578303155219,0.0005993000029431596,0.0005199408171864748
MLP,600,119,0.32117128,0,1.0,False,0.013941702152588793,0.008910446485092515,0.007956275318667817,0.008205749323558642,0.007766705713983099
MLP,600,119,0.25451857,0,0.0,True,0.0005744450415727815,0.0005941024361196611,0.0003297727804076954,0.000342597235492898,0.001005968292296369
MLP,600,119,0.42452598,0,1.0,False,0.008486285894786316,0.006903334511228504,0.00816978748432014,0.008391856402153857,0.007975361833397542
MLP,600,119,0.28998616,0,0.0,True,0.0008952860072779716,-0.0011312683035317689,-0.0007476071860910454,-0.0009671777418004819,-0.0010581385725570752
MLP,600,119,0.876808,1,1.0,True,0.006232499277851163,0.006541267536720885,0.006036732968321552,0.006111493446877216,0.006186377344978209
MLP,600,119,0.1359799,0,0.0,True,0.0019656341052236496,0.0017335396716967144,0.0005699442514845042,0.001156428354233308,0.0006582984134998754
MLP,600,119,0.107759885,0,0.0,True,0.001135017870973944,0.0003534365889335853,9.639035645536764e-05,0.00012529952289672954,0.0004107131348882985
MLP,600,119,0.1272732,0,0.0,True,-0.0009293584908999857,-0.00040382323685254375,2.5980321985755196e-05,0.00024821935039475736,0.0003617711179344706
MLP,600,119,0.4355232,0,0.0,True,-0.0014495229435900934,-0.0006263480929531342,-0.0007328757744388808,-0.0008005089645555508,-0.0008761261259382209
MLP,600,119,0.22253355,0,0.0,True,0.00012211574961425113,-0.0011949959030456967,0.0003470895020332273,9.028292050301272e-05,0.0002609319712996935
MLP,600,119,0.77565557,1,1.0,True,0.007284186485071263,0.00656351073214799,0.006690721595793596,0.006658195298494795,0.006582795917271992
MLP,600,119,0.37751505,0,1.0,False,0.004883468078381597,0.005946152389876738,0.006730151455145966,0.006442360233550177,0.005807163543043081
MLP,600,119,0.21804224,0,0.0,True,-0.004620255646377509,-0.0016587606292406403,-0.0016594568796116308,-0.0010871202451860063,-0.0007894241098206814
MLP,600,119,0.15411922,0,0.0,True,0.00029823055358763853,-0.001227507407435237,-0.0008253369955105149,-0.000872464138665075,-0.0009268147672620698
MLP,600,119,0.13667512,0,0.0,True,-0.0008438403285582431,-0.0022757222227799204,-0.001915210696741908,-0.0011022287407136666,-0.0007368214172298287
MLP,600,119,0.34730658,0,0.0,True,-0.0008752546284163603,3.977292325656491e-06,-0.0001519281636198548,-0.0005284562615497738,-0.00039874770755347563
MLP,600,119,0.14454354,0,0.0,True,0.0008606524174691809,0.0016268094602403312,0.0011012724343536246,0.000979140504133747,0.0006300339492889816
MLP,600,119,0.2924695,0,1.0,False,0.006354419761772257,0.007832816302521724,0.007539325268192409,0.0069059135391990375,0.0069351816578765825
MLP,600,119,0.33690163,0,1.0,False,0.005664971592387284,0.006430110190717626,0.006417689427776294,0.0071329060369598836,0.007324935838693629
MLP,600,119,0.14312978,0,0.0,True,-1.7249123998996072e-05,0.0009852445755193853,0.0011514825464038557,0.000521077128337575,0.0009362570356410023
MLP,600,119,0.14634164,0,0.0,True,0.0004921316109734726,0.001013293070035617,0.0007438836205304218,0.0012480784990583208,0.0011796647237349318
MLP,600,119,0.23230253,0,0.0,True,-0.0013497285951693783,-0.0023978405606313712,-0.0012011791745615394,-0.00038882282519058225,-0.0007047337978700259
MLP,600,119,0.29604268,0,1.0,False,0.00339112609143197,0.004321165483240626,0.00515624928352504,0.005533493662267988,0.005538664463503826
MLP,600,119,0.32572898,0,0.0,True,0.0015227981197815693,0.0009392488459753085,0.00089167731686383,0.000491611324166001,0.00019325708874720098
MLP,600,119,0.20232144,0,1.0,False,0.010998495585584646,0.00806442182562004,0.0061563716160619435,0.005327520609905938,0.0062359776794729364
MLP,600,119,0.21562868,0,0.0,True,-0.00021789885057073148,0.0011048700827754542,0.0002483453593125268,0.0008278460155639746,0.0004796575136855823
MLP,600,119,0.17804667,0,0.0,True,-0.00030940700651288305,0.0011327797681291306,0.0005540395769870986,0.00029229922397789324,0.00030256846912749376
MLP,600,119,0.096755296,0,0.0,True,0.0009172135131733281,0.000575468898785003,0.0006437829455310533,0.00032679084111906175,0.00022126558294757045
MLP,600,119,0.7769289,1,1.0,True,0.007628805240606807,0.008554037319697535,0.008698562189214708,0.008352062665753529,0.008167860006518202
MLP,600,119,0.09022503,0,0.0,True,-0.00038539836431791,-0.0005527657110228233,-0.0004249540404899199,-0.0005731718314904124,-6.610926069302736e-05
MLP,600,119,0.4129848,0,1.0,False,0.0076142456879725075,0.00843435188217619,0.009434091858185379,0.00902383023886183,0.008351349658603447
MLP,600,119,0.8352894,1,1.0,True,0.005297961881838048,0.00672334989046913,0.006398756170575327,0.005573603899979111,0.004855107940307161
MLP,600,119,0.57933074,1,1.0,True,0.008469340472647519,0.00859370613502645,0.007677553191041744,0.0071606016294981974,0.007509991870726339
MLP,600,119,0.3978341,0,1.0,False,0.010025955165503022,0.009134618950828342,0.00804859153143606,0.007871945861360339,0.007301566270879845
MLP,600,119,0.12968354,0,0.0,True,0.002265193729794334,0.0010957833034949981,0.0019508709912311017,0.001591660964948305,0.0016935692790619038
MLP,600,119,0.59966063,1,1.0,True,0.006900320793237037,0.008000475175233845,0.008268186611480082,0.007955215489821267,0.007772031980061431
MLP,600,119,0.15896578,0,0.0,True,0.00021136998182969598,-0.00018944951092132427,0.00031391888615099313,0.0008227830805966527,7.919202553474534e-05
MLP,600,119,0.3677501,0,1.0,False,0.009826859036791242,0.009817210671453252,0.00940201328373293,0.009437410481356587,0.009489312721297731
MLP,600,119,0.4000809,0,0.0,True,-0.0007113448331220088,-0.0017861376980012544,-0.0013354955704308594,-0.0013266062686489572,-0.0013574825617252801
MLP,600,119,0.5577893,1,1.0,True,0.008903426556167241,0.0073848681532429124,0.00807854772446888,0.00658550973863114,0.006496647036838648
MLP,600,119,0.14667846,0,0.0,True,0.0010316491528032747,0.0013500406546853411,0.0014552785033030214,0.0011906104847257063,0.0006846258752381292
MLP,600,119,0.16297445,0,0.0,True,-0.0017088014387654994,0.0006540138138292684,8.880596284660934e-05,0.00039153866256547474,0.00048203521540064205
MLP,600,119,0.46586514,0,1.0,False,0.005180536501170216,0.0058670729407508376,0.005560736158379718,0.006197663008471446,0.00595939799816321
MLP,600,119,0.16047214,0,0.0,True,-0.0005566078949329205,-0.00030366251400105375,0.00011137026388293436,2.499659108290187e-05,0.0003773387895520796
MLP,600,119,0.7526835,1,1.0,True,0.00971449442549244,0.008864364305847153,0.007702505665511156,0.007363512448924401,0.0070417538336553275
MLP,600,119,0.25247744,0,1.0,False,0.0063658553680752275,0.006212890748810771,0.005976687990717825,0.006813189236041364,0.00677100936827415
MLP,600,119,0.3328714,0,0.0,True,-0.0030712532383861194,-0.0010854968670320796,-0.0007444687657885171,-0.00022108792479558358,-0.0004504197439968996
MLP,600,119,0.19171421,0,0.0,True,-0.0026044588092812007,-0.0011697253374013455,-0.0016129254471218496,-0.0012414148212316555,-0.0009180409378988783
MLP,600,119,0.33178896,0,1.0,False,0.005971043119318573,0.006992437457440156,0.006478942910834315,0.0066372933087640255,0.006228821359709746
MLP,600,119,0.19962828,0,1.0,False,0.00551291419290461,0.007817992630034213,0.006549903370019643,0.006888578043755017,0.006998889578984361
MLP,600,119,0.9061713,1,1.0,True,0.009001671420436836,0.009580194785353513,0.007816801354564824,0.007245281901483516,0.007825452928995282
MLP,600,119,0.35087845,0,0.0,True,0.002498162046480844,0.0030238037209941978,0.002797795834067925,0.0023273400187870277,0.002168219214189383
MLP,600,119,0.5414497,1,1.0,True,0.008780371111128378,0.009768033965837865,0.008804558951858728,0.008685593655907247,0.007862117777510468
MLP,600,119,0.23300576,0,0.0,True,0.000531729152147403,0.0009082068778123928,0.00040634488370810447,0.000388098735055468,0.0010439030908312296
MLP,600,119,0.8353165,1,1.0,True,0.009859942337346552,0.008757210047734998,0.006628697523209198,0.007211228958558309,0.007279048932350777
MLP,600,119,0.40429536,0,1.0,False,0.008434126993447465,0.009050979694420076,0.008143462965498621,0.007311576369932829,0.0070006211723970604
MLP,600,119,0.66011477,1,1.0,True,0.004648710017262214,0.006260181180380864,0.007599265550753126,0.007106161948312859,0.00748579329444004
MLP,600,119,0.87213594,1,1.0,True,0.009915881419188508,0.007308657681920391,0.00812962891002376,0.008831648380776618,0.008184326763077815
MLP,600,119,0.13205618,0,0.0,True,-0.002375483652008031,-0.001013076021941333,-0.0004080886554872751,-7.739750419304747e-05,-0.00020141630938643514
MLP,600,119,0.530885,1,1.0,True,0.005586699936418411,0.0069364804293641545,0.006551139839145818,0.005846283181189987,0.006297894449561167
MLP,600,119,0.09988014,0,0.0,True,-0.0019293404690601099,-0.0029390354834256537,-0.001737429427313119,-0.0013343977422108902,-0.001601845836657591
MLP,600,119,0.1277789,0,1.0,False,0.006019272793615984,0.007324844400667235,0.006700108049286121,0.007622962157512048,0.007861959233043662
MLP,600,119,0.26007742,0,0.0,True,-0.0008973314042616774,-0.0021287571075136037,-0.0012797599249120863,-0.0005399911849450411,-9.773886797016004e-05
MLP,600,119,0.22646485,0,0.0,True,0.00020026303202925062,-0.0006544824569196565,-0.0008138875430409745,-0.001094900889974517,-0.0006778886079734219
MLP,600,119,0.22788705,0,1.0,False,0.003037884550231594,0.004112443640584912,0.005493620342060685,0.006915716789190836,0.006934098237950805
MLP,600,119,0.49878547,0,1.0,False,0.00693245176817536,0.007823416114541862,0.0077366865846383364,0.007152677189877825,0.007279908066255971
MLP,600,119,0.167131,0,0.0,True,0.0017177595011436803,-0.0005893340709255171,-0.0010589668965864164,-0.0009333977825138473,-0.0009899986013032892
MLP,600,119,0.3770125,0,1.0,False,0.012112084159301473,0.00883275654307232,0.008467975326026332,0.008101626855096184,0.007019912337360697
MLP,600,119,0.2528178,0,0.0,True,0.000847949805604399,0.0017092632515932564,0.0004612437004965355,-0.00044675941886652905,-5.679716359914916e-05
MLP,600,119,0.8203908,1,1.0,True,0.006643407928132759,0.00619785815193746,0.007518622112033087,0.006784365969782369,0.006974055139611636
MLP,600,119,0.4734065,0,1.0,False,0.009230789845267503,0.009157070951857514,0.007961211091203176,0.00740704474967038,0.007383539205608054
MLP,600,119,0.3002268,0,1.0,False,0.004955767539027234,0.005661066042426547,0.005848219358540309,0.005997643208344486,0.006071580781371684
MLP,600,119,0.60627276,1,1.0,True,0.010591044998700132,0.007662138375202086,0.007372346582490612,0.008258236416691133,0.008134666782711516
MLP,600,119,0.8816173,1,1.0,True,0.008172836124027251,0.007600764942996083,0.008298557621607451,0.008268111344903979,0.00829961724508309
MLP,600,119,0.20199324,0,1.0,False,0.008594264030762524,0.008952428719368886,0.006995795802027981,0.007007561594508045,0.006568149686579184
MLP,600,119,0.5742959,1,1.0,True,0.005365322996182583,0.007205017068210597,0.007403243359442239,0.007109405047018662,0.007078161846145423
MLP,600,119,0.5641196,1,1.0,True,0.00664740117706882,0.00553081307788392,0.004770944615989162,0.004912432462760211,0.005883425205523098
MLP,600,119,0.12820761,0,0.0,True,-0.0021544182081496463,-0.0014657139179797584,-0.0009560388101590962,-0.0011223655398471396,-0.0006476581290930845
MLP,600,119,0.20561475,0,0.0,True,0.00020005242624487969,-0.0005183255037165927,-0.0004254359368671933,-0.0005103382963716795,-0.0003917274173425819
MLP,600,119,0.49373147,0,1.0,False,0.005685575776056004,0.0056849046523030095,0.0065295920653527665,0.006836839697885832,0.007508435870253458
MLP,600,118,0.13252707,0,0.0,True,-0.0019035724725680035,-0.001306520738838964,-0.00021054807656448055,-0.000617079700661927,-0.00015918605696585924
MLP,600,118,0.58425057,1,1.0,True,0.006945049018540097,0.008017453435886644,0.0076534137891097675,0.0069650418160628405,0.006987987234945349
MLP,600,118,0.37533364,0,1.0,False,0.004308744589958121,0.0053621745333602795,0.0065809912063799205,0.006664182834653996,0.00633012781098909
MLP,600,118,0.49373728,0,1.0,False,0.009644601967730808,0.006770646694866564,0.006823764511148233,0.007557608552104559,0.006627575969075003
MLP,600,118,0.19613251,0,0.0,True,0.0016853473813574135,0.00041412039058718946,0.0008018320555515982,0.001230671999964826,0.0013056789755238529
MLP,600,118,0.37872848,0,1.0,False,0.008240790624655827,0.0071107868202913505,0.007733251036918731,0.007251758827630086,0.006945884241294898
MLP,600,118,0.22020893,0,0.0,True,-0.002874010942791454,-0.0010329866016195142,-0.001067216217921324,-0.0007961650360328845,-0.0012455564773367386
MLP,600,118,0.14458585,0,0.0,True,0.0003427637144239152,-0.0010270470150916939,-0.001219209912205478,-0.001500068408276758,-0.0009346063067999116
MLP,600,118,0.15866272,0,0.0,True,0.00030591613579685113,-0.0006517789980094748,1.7108574317743834e-06,0.0005242645944776321,0.0007860099054348823
MLP,600,118,0.5116074,1,1.0,True,0.005770709540533974,0.0067557554017908025,0.005222943919037331,0.005574598350238601,0.006295904964588578
MLP,600,118,0.14695147,0,0.0,True,0.00028291028718600944,-0.00015958040416075295,0.00017940241680022774,-0.0008041533718263866,5.057023533857652e-05
MLP,600,118,0.4058661,0,1.0,False,0.004408944575173366,0.0036687580362075485,0.00573848836108102,0.0054917043024595305,0.005443648187639728
MLP,600,118,0.13162872,0,0.0,True,0.0024778709234685135,0.0016445697506422216,0.0019840412798241874,0.0017365355670547066,0.0014878653916562243
MLP,600,118,0.27168572,0,1.0,False,0.00604948106992083,0.0066313185518826106,0.0056887469481506775,0.005895595587838445,0.006263114108392096
MLP,600,118,0.17478488,0,0.0,True,0.0025096186401782506,0.0007710977748718403,0.0004158330009345365,0.00020454165237103028,0.0006404437559721429
MLP,600,118,0.15930746,0,0.0,True,-0.0026464837923489528,-0.0009137442592106778,-0.0014542233129978062,-0.0016223018137971642,-0.0010995901687328243
MLP,600,118,0.37121013,0,0.0,True,-0.0006025636775992854,-7.66057901632894e-05,-0.0003469132659820816,-9.616171649396982e-05,-0.000568618832664988
MLP,600,118,0.30805624,0,1.0,False,0.01062466570730584,0.01029932998269983,0.009668471571521703,0.008247573170660306,0.00714488121752271
MLP,600,118,0.4554572,0,1.0,False,0.0071703745583176215,0.00882502062079771,0.008620640627328003,0.008187136774725833,0.007702473560843852
MLP,600,118,0.107466124,0,0.0,True,0.0018107729442605103,0.0017456583160518407,0.0012529094027839871,0.0016593961783399505,0.0018462266889203941
MLP,600,118,0.22347184,0,1.0,False,0.006746906662382693,0.004703058824125241,0.006042569272464753,0.00599355494992648,0.005737187281385665
MLP,600,118,0.1716102,0,0.0,True,0.0013910057105907588,0.0009633408485273676,0.0010310316282272595,0.00019506355592255328,0.00016170613637384683
MLP,600,118,0.21256077,0,0.0,True,-0.0027712370032060172,-0.000579288833529313,0.00021171411000213644,-0.00040460756471448906,-0.0004748100273872022
MLP,600,118,0.17928602,0,0.0,True,-0.00019758450059301932,-0.00014470535535194355,-0.00018289209605296434,-0.00030385907426056386,0.00015155897562745343
MLP,600,118,0.29951665,0,1.0,False,0.004266033637009409,0.005800769419808641,0.005616352934810137,0.00585536284487584,0.005957286907978686
MLP,600,118,0.111110754,0,0.0,True,-0.0015084607766621915,-0.0006574957766275409,0.00032854670399481354,0.00039287723343788477,5.5272978440982385e-05
MLP,600,118,0.10709677,0,0.0,True,0.0020616321985989705,0.00045385548954779816,0.0011361208209507013,0.0008450488134144826,0.0008055175616831768
MLP,600,118,0.32471517,0,1.0,False,0.004578159023383946,0.005063315082798888,0.0052096347134055745,0.004412141587811687,0.005121160749293915
MLP,600,118,0.651314,1,1.0,True,0.009115814803280638,0.007936441197122456,0.007056522479298142,0.007681675374312851,0.0069175715043245465
MLP,600,118,0.25272727,0,1.0,False,0.006133400482367732,0.004873782646210079,0.005617739526116364,0.005584263780672569,0.005527754555365167
MLP,600,118,0.36788803,0,1.0,False,0.00810364371750456,0.006953353251733091,0.007922679873947468,0.006591431894820886,0.0067233882693430265
MLP,600,118,0.41004768,0,1.0,False,0.011901810377158869,0.009065727227050771,0.007679786694837438,0.007707157400830668,0.007409054496851894
MLP,600,118,0.13292116,0,0.0,True,0.001738479931581063,0.0005509142642404659,0.0012008959528646281,0.0011225110869277032,0.0009462679870496264
MLP,600,118,0.10872784,0,0.0,True,-0.00011688738798722234,-0.0007797722190032899,-0.0010071153349656377,-0.0001660394665244509,-0.0007918162418992496
MLP,600,118,0.6001374,1,1.0,True,0.007507773651406439,0.00718268648486995,0.007680072997801343,0.007060578357004485,0.006843719499487264
MLP,600,118,0.2747087,0,0.0,True,-0.0014945042810922038,-0.0016961803374941744,-0.0015580964055948946,-0.0009623765814843297,-0.0006905545096343328
MLP,600,118,0.24382155,0,0.0,True,0.0009932737411842067,0.0016232952650532544,0.001184332723559514,0.001811603626824154,0.001231045923888147
MLP,600,118,0.4898956,0,1.0,False,0.009465945556417315,0.00848169961697863,0.006875730970456714,0.006789938485610993,0.007433204358417345
MLP,600,118,0.26112664,0,0.0,True,-0.00011686646193994856,-0.0005931537486476184,-0.001555186410972007,-0.001359831157281701,-0.0012317055902327217
MLP,600,118,0.27778834,0,1.0,False,0.004529180245932565,0.004989772447712198,0.005564306942240586,0.006226804068475673,0.0058264103833557245
MLP,600,118,0.13588904,0,0.0,True,0.0014881684670567828,0.00040612691586287424,0.00043340389283557274,-1.8636027906680438e-05,0.00018764518080890418
MLP,600,118,0.39780372,0,1.0,False,0.00603738797520406,0.005970000328258708,0.00587652962594908,0.005848911054196867,0.006450660141454895
MLP,600,118,0.30469632,0,1.0,False,0.00971136611797974,0.008914838829281669,0.008261722525998166,0.0077959387798171844,0.007900344718105242
MLP,600,118,0.19904615,0,0.0,True,0.0002334012208990733,-0.00030382785653789877,-3.372609824447765e-05,0.000515773313322021,-3.4898770699339095e-05
MLP,600,118,0.29801777,0,1.0,False,0.004646708638328865,0.006056395450664904,0.006201911162353656,0.005628615248089529,0.006519939531872544
MLP,600,118,0.24452794,0,0.0,True,0.0011717469159690651,0.0010556591086581225,0.0003225837432107329,0.0003070163562334828,0.00035696899810777345
MLP,600,118,0.13647221,0,0.0,True,0.0018818275977066812,0.002195382539811255,0.00045623460174433223,0.0011657003806607202,0.0008665884474015117
MLP,600,118,0.31726938,0,1.0,False,0.0058356328537152715,0.004935525618073701,0.005020205174695722,0.004572543882426891,0.005957812508901281
MLP,600,118,0.16311342,0,0.0,True,0.0024038141419207657,0.0012223323309089934,0.0004216165151593799,0.000708345699919307,9.476775435415214e-05
MLP,600,118,0.14113562,0,0.0,True,0.00038952821594180615,-0.0013728897859152996,-0.0012783497619550791,-0.001368214145841439,-0.000761598656061783
MLP,600,118,0.24121207,0,0.0,True,-0.0005732789851684402,-0.00011428636615866091,-0.00023609068239764541,0.0001435308885840009,-0.00011402715511291922
MLP,600,118,0.3424318,0,1.0,False,0.005285390304604099,0.006306334420566219,0.006819643001339617,0.006587200954486962,0.006591540657248125
MLP,600,118,0.40934592,0,1.0,False,0.011107591183259437,0.009454698212971353,0.008395554034511204,0.007687263623137721,0.007356212061836765
MLP,600,118,0.19775198,0,0.0,True,-0.0005957347990115458,0.00010569808508215232,0.0004515207622929824,0.00030557763044692195,0.00012298851328573958
MLP,600,118,0.21946718,0,0.0,True,0.003181534609379799,0.0016860482524039553,0.001691243352700546,0.001708509835599632,0.0017283557006614176
MLP,600,118,0.19005531,0,0.0,True,-0.0005352837879203285,-0.0005662781973735208,-0.0006828158986720173,-0.0004820475651010397,-0.0006385205639642606
MLP,600,118,0.35019255,0,1.0,False,0.008267796538607977,0.008736797355707943,0.007528790699157881,0.006356591224540551,0.007969012727015085
MLP,600,118,0.6298852,1,1.0,True,0.008106175121597687,0.00761771507987524,0.008373291814890492,0.007686789072606916,0.0069475076363462625
MLP,600,118,0.18099588,0,0.0,True,-5.048116014283781e-05,-0.00011733577557308998,-0.00014897714189257409,-0.0007631823825184457,-0.0011650043347170012
MLP,600,118,0.14864358,0,0.0,True,-0.002571817311688605,-0.0011317638591377011,-0.0017160521103634864,-0.0012155299278138092,-0.0005276327403468589
MLP,600,118,0.16851148,0,0.0,True,-0.0007778076474311833,-0.0013075410912129187,-0.0017879817396283383,-0.001147967172592841,-0.000551514831288954
MLP,600,118,0.2816754,0,1.0,False,0.0024763732886082805,0.0056419131630436065,0.004988891948349237,0.005260853944582065,0.005604741580789011
MLP,600,118,0.28867486,0,0.0,True,-0.0027267668385152757,-0.001896408340557393,-0.0012411762716700789,-0.0009037682994769002,-0.0011803492717502764
MLP,600,118,0.24638972,0,1.0,False,0.007952237989610207,0.00759380788929987,0.007132914143351962,0.006994413341177552,0.0071592391069439385
MLP,600,118,0.16496852,0,0.0,True,0.0020700753233631316,0.00223054128278479,0.002290935843492151,0.0009678940251151871,0.0010787010353945714
MLP,600,118,0.560613,1,1.0,True,0.007383747868806079,0.006521566493247174,0.006404755039598734,0.0074648512704660235,0.007331673478345059
MLP,600,118,0.26156598,0,1.0,False,0.010689226288483657,0.010071579692260892,0.008092809603754086,0.007927976429019011,0.007087812438823632
MLP,600,118,0.11972751,0,0.0,True,-6.47592181253006e-05,-0.0008862907832802863,-0.0006593427245958108,-0.0003046641048185892,-0.00022671786211594347
MLP,600,118,0.13081233,0,0.0,True,0.00210266699206327,0.0009375944775584428,0.0007516255763205821,0.0008442937257432723,0.00040891080778845127
MLP,600,118,0.24464703,0,0.0,True,-0.001522459718306251,-0.0006938478504754747,-0.0005364302374023898,0.00010287152292852375,1.6979425226505013e-05
MLP,600,118,0.37009686,0,1.0,False,0.0054025302485907305,0.006769574629610168,0.0059493624087660225,0.006363692250858943,0.0061702443178732625
MLP,600,118,0.439616,0,1.0,False,0.009868895781841294,0.007655195581712235,0.007620975644973165,0.007173220483423235,0.007059562550465684
MLP,600,118,0.13550498,0,0.0,True,-0.0017254859189081424,-0.0005823642419702513,-0.0005354439831847304,-7.839093478888707e-05,-0.00028279163727105733
MLP,600,118,0.11292299,0,0.0,True,-0.0013328137411168124,0.0015649311305042197,0.0010469233589293543,0.0009929309083790661,0.0007597258938809619
MLP,600,118,0.6335392,1,1.0,True,0.007082384400880911,0.0077092472235799035,0.006864233411302024,0.006455201696186478,0.00537753906121893
MLP,600,118,0.2273591,0,0.0,True,-0.00032350679227239086,0.00010507039406048349,0.00013116143292819834,-0.0003132723063281042,0.0002905572945030692
MLP,600,118,0.13748968,0,0.0,True,-0.0001785690030570849,3.260520262095068e-05,-0.00010314796783745815,-4.429834907716703e-05,0.0003965958616331763
MLP,600,118,0.20773606,0,1.0,False,0.004720660070669991,0.0065205149323078505,0.0059267079930666695,0.006080962561623408,0.006425590129648439
MLP,600,118,0.20811492,0,0.0,True,0.0007148031412657561,0.0007851005350938697,0.0008666043326930679,0.00041826672820643356,0.000515257413574264
MLP,600,118,0.15104304,0,0.0,True,0.003557062415538025,0.0013653473018339067,0.0009648485450445292,0.0009193351607679121,0.0005426010620780739
MLP,600,118,0.33584756,0,1.0,False,0.0027760928040206374,0.004744534177720773,0.005491813320937315,0.006514125465977597,0.006992217182834587
MLP,600,118,0.32679626,0,1.0,False,0.0027299498568982695,0.004720771652675844,0.005219277416331855,0.005685912405650951,0.0063827844116458735
MLP,600,118,0.7086685,1,1.0,True,0.0072954508075756715,0.0051238747128864014,0.004983219265729597,0.004496447701845793,0.004870949412178141
MLP,600,118,0.3573718,0,1.0,False,0.005828712845037206,0.005179373987543847,0.006585480037716503,0.007103877591443273,0.0060030393216182676
MLP,600,118,0.52602226,1,0.0,False,0.001207119424442838,-0.00034857148383743414,-0.00019372222909843945,0.00013338775688820443,0.00011229225256517628
MLP,600,118,0.2587248,0,0.0,True,0.0010402808666442316,0.0016259340600587252,0.0017945090885433904,0.002282747781292129,0.00149040056803178
MLP,600,118,0.31308606,0,1.0,False,0.005820549373527833,0.00593680119527802,0.006367178070277083,0.006129350541973435,0.005753963839410124
MLP,600,118,0.1459336,0,0.0,True,0.002031047890067997,0.000668223727632458,0.00036964874749269923,-0.00022883247527316698,3.451490539118233e-05
MLP,600,118,0.13620897,0,0.0,True,0.00046904885987417605,-0.0010402718865663739,0.00022033449819675404,-0.00023050871074878547,-0.00044685863892542023
MLP,600,118,0.36712024,0,1.0,False,0.003356838064416191,0.003659695598901558,0.004359642618256466,0.005026682543974363,0.005507388433374021
MLP,600,118,0.649169,1,1.0,True,0.005200690024269915,0.006722917552773872,0.00768298263471628,0.006930143682252609,0.006799509050996334
MLP,600,118,0.9284197,1,1.0,True,0.006538334661846099,0.0063990524678145125,0.0055961328342120096,0.00541673464732477,0.005558640419907981
MLP,600,118,0.22357883,0,0.0,True,-0.0010308366702312193,0.0004193348565828052,-0.0002168734515126893,-0.00018837520014821784,-0.00024392583985568324
MLP,600,118,0.80969024,1,1.0,True,0.010772841512643334,0.007835849885848668,0.0068245122380859325,0.006341629569794538,0.00619880647679618
MLP,600,118,0.35311684,0,1.0,False,0.006063757565248205,0.0062189228876461085,0.006729698404864129,0.006301730846653927,0.0066911454454892825
MLP,600,118,0.15932909,0,0.0,True,0.0004266730630459314,-0.00028865488651662704,3.539635134020525e-05,-0.00013561752949403544,-0.00013797912174897967
MLP,600,118,0.8570753,1,1.0,True,0.0089753106668089,0.008425741963955926,0.006998352751651853,0.007350762831985251,0.007327091457500916
MLP,600,118,0.5341243,1,1.0,True,0.006759132674422827,0.007185084167175997,0.007349866102932038,0.007396353143386669,0.008209572136550013
MLP,600,118,0.25450677,0,1.0,False,0.006466325371946661,0.004965177921567498,0.004708274293058298,0.004675022006840783,0.004791725974896466
MLP,600,118,0.34806725,0,0.0,True,-0.002406009351867379,-0.0009737476084095266,-0.0004905744435769973,-0.0009168267386037322,-0.0008762950317418914
MLP,600,117,0.32218274,0,1.0,False,0.006982023612315568,0.005812896573927531,0.005425795186678321,0.0060682713686677735,0.005516161383746711
MLP,600,117,0.5273396,1,1.0,True,0.003342708447811825,0.004760278160227513,0.004485385762189602,0.005091631607206682,0.004808879160945579
MLP,600,117,0.16444288,0,0.0,True,0.00047330136811688515,-5.511220199222334e-05,-0.0007127137659247752,-0.0012514884653367076,-0.000627679814202952
MLP,600,117,0.14370406,0,0.0,True,0.0010179674699732884,-0.00017581340425694279,-0.00011377330217260517,-0.0007173335881849594,-0.0005197456302495788
MLP,600,117,0.15437683,0,0.0,True,8.889016399792745e-05,1.950160270334719e-05,0.0002454539472688583,-0.0009329815079329952,-0.0009816088577144883
MLP,600,117,0.12914366,0,0.0,True,0.00020815300062297157,-1.717492838759672e-05,0.0003572473962810114,-0.0002905611829299854,-0.00024001672436588752
MLP,600,117,0.31096187,0,1.0,False,0.005898513538298101,0.005649939072970307,0.0048752002372073,0.00491183953754,0.004589352565415401
MLP,600,117,0.2758256,0,1.0,False,0.005865084610290826,0.005240623084054885,0.00581361211489208,0.005322001154513039,0.005867010278526224
MLP,600,117,0.23021628,0,1.0,False,0.008971470055193219,0.006232161218075411,0.006169616616411564,0.005192898354054228,0.005170575877213159
MLP,600,117,0.22539818,0,0.0,True,-0.0017699608267184596,-0.001359204434476888,-0.001137356267378326,-0.0013265632364304588,-0.0011102244882003343
MLP,600,117,0.3698597,0,0.0,True,0.0008394725402977289,0.00013286857245617414,-0.0004021269125333785,-0.00019325806889878018,-0.0004117360409223014
MLP,600,117,0.26613474,0,1.0,False,0.0067068473537323595,0.007241601260710593,0.005861567209407865,0.00627350981959447,0.007091623171043991
MLP,600,117,0.1513669,0,0.0,True,0.0010169142543078383,-0.00018513784269891018,-0.0003394732764245012,-0.0004030237437334661,-0.0005374193151226667
MLP,600,117,0.15417503,0,0.0,True,0.0007678111178466387,0.001726198446628826,0.0015101406368272685,0.0019031982938151942,0.0016766374980114792
MLP,600,117,0.49500278,0,1.0,False,0.006993714303060249,0.00522282505417196,0.006162042604403141,0.006410361858273221,0.006503518374380366
MLP,600,117,0.34006324,0,1.0,False,0.006510332120766455,0.006958384750224371,0.006602808858090704,0.006686856570660382,0.006387804924203962
MLP,600,117,0.25773302,0,0.0,True,0.0009426063756203455,-0.001337289676444743,-0.0004846307699929129,-0.000548734516680362,-0.0004635716361269321
MLP,600,117,0.87173116,1,1.0,True,0.006484450391962004,0.006910645054751729,0.006633184188286341,0.006157991723143693,0.006430641466983696
MLP,600,117,0.45714155,0,1.0,False,0.004038125113580394,0.006035296481684496,0.006486284738529167,0.006041233570023257,0.006046047720204169
MLP,600,117,0.6402628,1,1.0,True,0.007506921268591858,0.00918123654294648,0.009682215645801543,0.008432295008025191,0.008085923746872744
MLP,600,117,0.17428617,0,0.0,True,0.0010662757714178209,0.001785670893279721,0.0013616993663139257,0.0014511793460445532,0.0011726434815513386
MLP,600,117,0.53580993,1,1.0,True,0.008068841371398202,0.0088664872935199,0.0081789724187406,0.007176964535234009,0.006903237878508649
MLP,600,117,0.2929589,0,1.0,False,0.00981739238189604,0.00813792273879443,0.007349619557768847,0.006529560065316193,0.007108684437267749
MLP,600,117,0.1551749,0,0.0,True,0.0006458458404323684,0.0001869281736933364,0.000871712635455333,0.0013656626020648697,0.0009359852389246766
MLP,600,117,0.3505804,0,1.0,False,0.007056219302193657,0.0064635413565378545,0.006126709953410119,0.006937022654104438,0.006956066104270998
MLP,600,117,0.1830501,0,0.0,True,-0.001214607398738366,0.0005051445358320312,-0.00035302638907567895,-0.0005611284158393447,-0.0012067426693232045
MLP,600,117,0.16390233,0,0.0,True,0.0022858862127386787,0.0020985148007236264,0.0015504257049758598,0.0011580068872361659,0.0003172704834856818
MLP,600,117,0.7227491,1,1.0,True,0.006538570379631629,0.0060483601819238805,0.007218354821603954,0.006850581421328519,0.006793777229826527
MLP,600,117,0.25517225,0,0.0,True,-0.0020242543722552245,-0.0007228308310026822,-0.0007140174383670733,-3.081206419055743e-05,-0.00010720091056041803
MLP,600,117,0.22088146,0,1.0,False,0.005385560896715921,0.003777654468062269,0.005325680440789041,0.0050684194162784494,0.004712246508040474
MLP,600,117,0.22878598,0,0.0,True,0.002990289838233985,0.0011185741619913442,0.0012541971674142297,0.0014063681656317666,0.0010482427680258866
MLP,600,117,0.31470633,0,1.0,False,0.005455197623135285,0.006175787415512725,0.006511029465867747,0.007602089670094504,0.007078969592080778
MLP,600,117,0.30200264,0,1.0,False,0.0035489180343955063,0.005773962637392653,0.006782176192396742,0.006284421262195913,0.007035862247886197
MLP,600,117,0.1998906,0,0.0,True,-0.0012812058158413614,-0.0016247570141661172,-0.001197717636781098,-0.000918746792637939,-0.0009178652289247295
MLP,600,117,0.13597624,0,0.0,True,0.0009828598396258907,0.00029576330416066795,0.0011367747905060004,0.0011191936103103763,0.0007237202528645067
MLP,600,117,0.32419476,0,1.0,False,0.006644679987632185,0.006157520830563501,0.005831148193509373,0.005855808968669651,0.006391907664893784
MLP,600,117,0.2266866,0,0.0,True,-0.0009463943721829667,-0.0011003114295874163,4.241571209476072e-05,9.173575871860128e-05,0.0005993519661082619
MLP,600,117,0.8685366,1,1.0,True,0.003497604917678804,0.003873887622530244,0.004956714454509455,0.005404883940780346,0.006068019898815389
MLP,600,117,0.17398219,0,0.0,True,-0.00022319974488934594,-0.0002373335381408408,-0.00048368920796414394,-2.2897179257722616e-05,0.0001792054227220399
MLP,600,117,0.17559704,0,1.0,False,0.006195079644826843,0.006698640089645235,0.0068852608149279045,0.0070276291291673015,0.00786605133785916
MLP,600,117,0.14259371,0,0.0,True,-0.0017245581225653914,-0.00012752946567302502,0.0003721430432367496,0.0007927491332775848,0.0002417501824468473
MLP,600,117,0.32450294,0,0.0,True,0.0016749805849984748,0.0008298108601880957,0.0011222143852333262,0.0009873995803257249,0.0013243511327682151
MLP,600,117,0.21001732,0,0.0,True,-0.002446453270167029,-0.0004881285087830818,3.907566085858043e-05,0.0001567077558893238,-3.386718066149067e-05
MLP,600,117,0.37351212,0,1.0,False,0.00522831752162381,0.004984975211125628,0.005898689858703052,0.006362904388863744,0.005914867094950923
MLP,600,117,0.8382792,1,1.0,True,0.008111578341679863,0.006478313722817217,0.006421378969054004,0.007161325930009026,0.008054075889221614
MLP,600,117,0.63712084,1,1.0,True,0.006984211107340051,0.006438623699542661,0.00531626675231423,0.0051833244265666635,0.00572263857367133
MLP,600,117,0.1679471,0,0.0,True,0.002132190517538526,0.0004685272902806821,-2.5316909045894816e-05,-0.00021562372796000702,-0.0006628966138292223
MLP,600,117,0.6775318,1,1.0,True,0.006730429144076772,0.007471883767192057,0.006136329397216409,0.0068231984106837985,0.006728425663763463
MLP,600,117,0.4728247,0,1.0,False,0.004551389619183629,0.00495336323065341,0.005538105628256109,0.005925339432922345,0.006221467960665596
MLP,600,117,0.26035708,0,1.0,False,0.005948704281101795,0.0059870055996860865,0.006094231043891134,0.00625236527024524,0.006431132337736455
MLP,600,117,0.40039688,0,1.0,False,0.008011303868394567,0.007305179096796612,0.007478602686975325,0.006498906537873306,0.006395766181076934
MLP,600,117,0.13468616,0,0.0,True,-8.327828418629086e-05,0.0003372670507506849,0.0001859215742049351,0.0004450070809810169,0.0008856747553491123
MLP,600,117,0.36172804,0,0.0,True,-0.0011232154885562585,-0.0014554523026973115,-0.0007812684270703115,-0.00032253681563652024,-0.00011163911733305055
MLP,600,117,0.21004665,0,0.0,True,0.0015114020073188803,0.0008164972560527301,0.0008913256471768076,0.000393684105753764,0.00012472403839175746
MLP,600,117,0.15333897,0,0.0,True,0.0026093299903888873,0.0008264624861454999,0.0005066421446885073,0.0006130992492533404,0.0006906877556806649
MLP,600,117,0.2365301,0,0.0,True,0.000805052987555144,0.0013877320417308358,0.00012635546552627747,-7.435667726186212e-05,-0.0009767045786885113
MLP,600,117,0.2332284,0,0.0,True,0.0010325932764922953,0.0016404683572464145,0.0011119136281524855,0.0012104733875735116,0.0008929745218353074
MLP,600,117,0.16166905,0,0.0,True,0.000408919025956269,0.00018949189673541386,-0.0005028411218800817,-2.525157197909148e-05,-0.0001604405102762746
MLP,600,117,0.18651351,0,0.0,True,-0.00016148349415835413,0.00039231743068751906,-3.379040607621381e-05,-0.0005178115684860658,-1.2615102451250093e-05
MLP,600,117,0.24573888,0,1.0,False,0.008031421341734866,0.0075266637350016,0.007758338999343258,0.008769798798690987,0.008573212691525037
MLP,600,117,0.17160112,0,0.0,True,0.0016638840660366256,0.0004817594910724068,-6.503136009397495e-05,-0.0002398878666538948,9.603632918323666e-05
MLP,600,117,0.26543558,0,1.0,False,0.006189774472183963,0.006476516356059418,0.006457110363838989,0.007122538614582174,0.006532178963477543
MLP,600,117,0.16504295,0,0.0,True,0.0025450793992271604,0.001213503269653159,0.0013567706021610619,0.0009730243912957648,0.0013949016911158488
MLP,600,117,0.22186887,0,1.0,False,0.011482175173827281,0.007225820274819033,0.007077961092925801,0.008203833880571896,0.00840084797859759
MLP,600,117,0.22337094,0,0.0,True,0.002965037466946191,0.002190629035515382,0.0010247245475789575,0.0012417641427366392,0.00110575040781371
MLP,600,117,0.36597657,0,1.0,False,0.006221345843479366,0.008493299610603975,0.009334662066347883,0.009150477268373234,0.00876812876150422
MLP,600,117,0.17397165,0,1.0,False,0.006394602982427124,0.003963273082364617,0.004223806362057317,0.003990517046808542,0.0030229515252133423
MLP,600,117,0.16167617,0,0.0,True,0.0014901255481804903,0.0006280868390711171,-0.0003617120281650299,-0.00034016488859060827,-0.0001642769659455103
MLP,600,117,0.8182733,1,1.0,True,0.007651081293709307,0.005964706952639325,0.006537027650402573,0.006872478953162923,0.0062162386414501055
MLP,600,117,0.29243067,0,1.0,False,0.00953988229887466,0.009205414341717058,0.009045362815580025,0.0085297678916236,0.008680723610771096
MLP,600,117,0.37110174,0,0.0,True,0.0010272235797763691,0.0004848998367761494,-5.815457356119657e-05,0.0005929960183818101,0.00016499896957753333
MLP,600,117,0.42090976,0,1.0,False,0.007794186588066286,0.007380290267919086,0.007487880293153406,0.006638374759464024,0.006418218148572601
MLP,600,117,0.2516591,0,1.0,False,0.007012657609808745,0.006110610887002498,0.005634271963123919,0.004734371439502427,0.004836164268761925
MLP,600,117,0.332132,0,1.0,False,0.0031808844149894037,0.0028020931017680582,0.00413773568770954,0.00498288603935211,0.004783320047307387
MLP,600,117,0.1634762,0,0.0,True,0.0006702867251141656,0.0005454377060903061,0.0011248032629600142,0.000115494877513835,0.0009639803989605776
MLP,600,117,0.30607018,0,1.0,False,0.006485978116425486,0.005725707684165841,0.005484432831444523,0.005409163419451607,0.005979997510069975
MLP,600,117,0.5331088,1,1.0,True,0.00983303668738897,0.01017818522862011,0.00845589579251603,0.007465742317699662,0.0070819704813418986
MLP,600,117,0.20640244,0,0.0,True,-0.00021651830989769818,0.0006241684339546037,4.308209060443937e-05,0.0006404690959553894,0.0007529561346944152
MLP,600,117,0.6901916,1,1.0,True,0.006096143031493466,0.0079394646324601,0.009150599687044897,0.009201411698942102,0.008556245894160479
MLP,600,117,0.17721261,0,0.0,True,-0.000943648523930641,8.599572520444456e-05,0.0005487384133404383,0.0002745758018426809,0.00017365609797384714
MLP,600,117,0.12553282,0,0.0,True,0.003066050133984004,0.0004982951833522468,0.0009752877823782207,0.0006050939867423134,0.0006552873438077633
MLP,600,117,0.2530256,0,0.0,True,0.005189758502040115,0.0031251858689424305,0.0029874184452840825,0.0019364090593588516,0.0017174029498589595
MLP,600,117,0.2211957,0,0.0,True,0.001409071986154734,8.458588396667569e-05,0.00036149110281872833,0.0007905002946211228,0.0009224108980122596
MLP,600,117,0.3942389,0,1.0,False,0.006643019665818703,0.007659370191108645,0.005700760995862315,0.005405733340706826,0.005501521404488256
MLP,600,117,0.3782746,0,0.0,True,0.0005136633854108943,-0.00020702698143191742,6.511041068249038e-05,-0.0004373103193026733,-0.000347494980254244
MLP,600,117,0.41668847,0,1.0,False,0.004439396214176789,0.007063615321803264,0.00708711338757985,0.006688928930926436,0.007256933118219871
MLP,600,117,0.1452382,0,0.0,True,-0.002665795433744704,-0.0012227031780005875,-0.001228383066336605,-0.0005678555189457339,-0.0006869804893679349
MLP,600,117,0.2448902,0,1.0,False,0.004051188279426729,0.004463931776086194,0.004873645053132713,0.005358428732156441,0.005346723097352823
MLP,600,117,0.34031013,0,1.0,False,0.008897004453287623,0.009806859290189077,0.008166994379450582,0.007895916239519693,0.007813838129742479
MLP,600,117,0.5213133,1,1.0,True,0.005882082724567591,0.007460256294382989,0.007246153215258898,0.006764137878000481,0.006707878409252764
MLP,600,117,0.4548683,0,1.0,False,0.00989823899350222,0.00877632675540609,0.007117237022567896,0.007399472331572026,0.007567276686580739
MLP,600,117,0.37476072,0,1.0,False,0.008007201667418098,0.006312351282056667,0.007808622812629962,0.006805366592966273,0.0063163293158905965
MLP,600,117,0.23700617,0,0.0,True,-0.00041747927205638773,0.00018368360748988516,0.0006650675831509252,-5.679500690844445e-06,0.00018414957102037732
MLP,600,117,0.37091294,0,1.0,False,0.006608789900109279,0.007747324019581102,0.007187771362760365,0.006956518247574586,0.0066412604810323845
MLP,600,117,0.3369661,0,0.0,True,-0.000918859669947322,-0.0007023939444538244,-0.0010355899367674565,-0.0004595355194992902,-0.0006238224451077913
MLP,600,117,0.3689924,0,1.0,False,0.010063761793241437,0.008568561152101667,0.008241469734696713,0.008118793855421571,0.0073107806351545524
MLP,600,117,0.6496076,1,1.0,True,0.006907723004609884,0.007868821168130783,0.00742316629159547,0.006551805950457072,0.006311429928068523
MLP,600,117,0.274693,0,0.0,True,-0.0024994423514187953,-0.0010950445224613328,-0.000589507196305716,-0.0012250749267162327,-0.0012523164741274951
MLP,600,117,0.22052474,0,0.0,True,0.0008344576762163076,-0.0005070933774881854,0.000512516192656287,0.00021307281952250465,0.0004787268489151725
MLP,600,117,0.13298692,0,0.0,True,0.0011129667940419426,0.0014954027616759869,0.0013117760345554752,0.0008549471725511473,0.0006990485569830192
MLP,600,116,0.5822988,1,1.0,True,0.0020449502974421332,0.0038096776132197883,0.005545710135100273,0.005251550720890059,0.005236320110565983
MLP,600,116,0.22114457,0,0.0,True,-0.0021371955105834325,-0.0018047987881596467,0.0005292886591629844,0.0005464807428204974,0.00017956968983838108
MLP,600,116,0.37232032,0,1.0,False,0.007803488332909277,0.005955511639322779,0.007019710751874324,0.006004831910050475,0.006070357228972344
MLP,600,116,0.5856802,1,1.0,True,0.007490017450791319,0.006641414397671219,0.006636797911033814,0.005999877291665573,0.005352215366612545
MLP,600,116,0.34231314,0,0.0,True,-0.0007686529923639069,-0.0006858774065441376,-0.0005675638072373054,-3.023490363708137e-05,0.00027930327865141033
MLP,600,116,0.18354997,0,0.0,True,-0.002259410550409631,-0.001306136529328343,-0.00089752826618859,-0.0009945112334362838,-0.001124596824737069
MLP,600,116,0.43460688,0,1.0,False,0.00782458499382553,0.005970762327295944,0.0050690822034557105,0.005701784311454378,0.005991228091169368
MLP,600,116,0.17910983,0,0.0,True,-0.001599451209560016,-0.0005648942359598575,-6.732888808666254e-05,-0.00033559532542770394,0.0003484331433135529
MLP,600,116,0.29816598,0,1.0,False,0.0059193224647453215,0.00557072114561898,0.004864620653658588,0.006556312101916106,0.006092392895876437
MLP,600,116,0.6883428,1,1.0,True,0.005649152939133121,0.006311313361780428,0.006807219358357878,0.007743308507363242,0.006981782991653503
MLP,600,116,0.46146333,0,1.0,False,0.0057619790162956866,0.004413484785396819,0.0043559604177955576,0.005111465806915299,0.005857451923119941
MLP,600,116,0.14080006,0,0.0,True,0.00018213231927273696,0.00044134131620342823,0.00042784439475891363,0.00015764975245010393,-0.0005317015126799147
MLP,600,116,0.13331047,0,0.0,True,0.0002168871180164087,-0.0003872217108146918,-0.001012768522444398,-0.0006542510719455267,-0.0012285062294055018
MLP,600,116,0.14948867,0,0.0,True,0.0011585714810137167,-0.000987350132537124,-0.0007659839391132502,-0.0010403300132321757,-0.0004104451880562934
MLP,600,116,0.35387865,0,0.0,True,0.0024311121615977474,0.0012301368306405973,0.0006291357604012657,-9.847864898116113e-05,5.8332999966284327e-05
MLP,600,116,0.3592203,0,1.0,False,0.0042390326027693746,0.005752050711013698,0.006678485453708449,0.006385222328631379,0.0062981812165532215
MLP,600,116,0.26606357,0,0.0,True,0.00018841171077848382,4.657417029184861e-05,-0.001115576633831838,-0.0005976962023945768,-0.00044522274476697314
MLP,600,116,0.26978213,0,0.0,True,-0.00023994860529456303,-0.0008388423001241396,-0.0001473803071844197,-0.00033254933467451474,-0.0007097063480269443
MLP,600,116,0.17017427,0,0.0,True,-0.00044038038927709936,0.0001634900210703212,0.0010695292088118875,0.00028665999699179894,-0.0001994053408631598
MLP,600,116,0.2690704,0,1.0,False,0.004991453513152804,0.005728017353926709,0.005508925739394257,0.004885433944852653,0.005699404228049575
MLP,600,116,0.20513082,0,1.0,False,0.008694926351333463,0.005917476672967613,0.005561960663753614,0.00568867877422507,0.005649399484940262
MLP,600,116,0.5842193,1,1.0,True,0.004828224896470813,0.005854303965795348,0.005691174944971729,0.005786053016631842,0.005694290335146293
MLP,600,116,0.58690274,1,1.0,True,0.008371980420697329,0.0080226974608232,0.007464381182994409,0.006729027382250668,0.006976125299381735
MLP,600,116,0.1290229,0,0.0,True,-0.0016012404145869553,-0.0008339628881980468,-3.929253941460728e-05,0.0004868221012274893,0.0006915476046721493
MLP,600,116,0.2391203,0,1.0,False,0.0019684429540243443,0.004339963852886027,0.004091781743713988,0.004967730010304763,0.004976649092665851
MLP,600,116,0.23834796,0,0.0,True,-0.00013303347563356716,-0.00036436417418327755,-0.00041772507001732796,-0.00012795688647551363,-0.000590323486003894
MLP,600,116,0.35602948,0,0.0,True,-0.002119029794962938,-0.0007899357002820399,-0.0004544007314858607,-0.0005012889636310198,-0.0007752913626152698
MLP,600,116,0.22224267,0,0.0,True,0.00031562984274307286,-0.0005387775825772792,-0.0017237580420367622,-0.0018059775278032825,-0.0011435548425180408
MLP,600,116,0.21166241,0,1.0,False,0.009303839313251957,0.009308863930906693,0.008754617603305969,0.007258943843571309,0.007784052387973442
MLP,600,116,0.1749328,0,0.0,True,-0.0030562898762628646,0.00023271591389700436,0.00015678210650962258,0.0002708471354406176,0.0005036694576637963
MLP,600,116,0.55430835,1,1.0,True,0.005770096254015321,0.0061676122665225395,0.00547131145876753,0.006091401544769192,0.006317495184008835
MLP,600,116,0.450907,0,1.0,False,0.008987906661051485,0.0075726792347372614,0.00837497890269481,0.008463402179134948,0.008447997759888705
MLP,600,116,0.12504348,0,0.0,True,-0.00045115506668896805,-0.0024676910098366573,-0.0011821473231094302,-0.0014188234678867715,-0.0006045342061419035
MLP,600,116,0.26884764,0,1.0,False,0.0061859837382737815,0.0073439544619629754,0.007991265704801133,0.007057953242754653,0.007354767326295556
MLP,600,116,0.33199257,0,0.0,True,0.000646837805858115,0.0010012765173043083,0.0007894735534312293,0.0010658495270795536,0.00023958365972470005
MLP,600,116,0.17856523,0,0.0,True,0.00013507115829174045,-0.001780671967724597,-0.001028006165592009,-0.0010559588689894738,-0.00039070152483107506
MLP,600,116,0.39158583,0,1.0,False,0.007487673976861564,0.007231886909953317,0.006910288675861607,0.007177791724552931,0.0068252937992855775
MLP,600,116,0.15883316,0,0.0,True,0.001162019329127679,-0.000950644364635715,-0.0001738783027898254,-0.000716593186254906,-0.00030373281317279714
MLP,600,116,0.41684887,0,1.0,False,0.006035912776880137,0.004303537893883684,0.005316264488049653,0.005225932128765339,0.005817756725420009
MLP,600,116,0.16750558,0,0.0,True,-0.0011759389002778682,-0.0016141027772327552,-0.0008471989710706145,-0.0010604036725254333,-0.001263705306891032
MLP,600,116,0.15711921,0,0.0,True,0.002309315382536186,0.0016039127676188906,0.000349343821919179,7.971711822807927e-05,0.00016114472922110258
MLP,600,116,0.5693875,1,1.0,True,0.002824234027040581,0.003948788613167013,0.003620268607532341,0.0045170947046422865,0.004864520724242415
MLP,600,116,0.84409285,1,1.0,True,0.00839589201039375,0.006314404938254344,0.005951734700253482,0.006341576326498336,0.005874424960033545
MLP,600,116,0.67388463,1,1.0,True,0.006126624155558919,0.00782741317194812,0.006872520137245956,0.0073875009367974235,0.007275008713177092
MLP,600,116,0.17550358,0,0.0,True,0.001033286734046574,0.0004882976823253575,0.0011984836674437864,0.0012994877088802158,0.0010233759341103778
MLP,600,116,0.12484249,0,0.0,True,9.326579801897487e-05,-0.0002908671864990937,0.0007289653648313034,0.0008621403031025547,0.0009658554454863607
MLP,600,116,0.2993097,0,1.0,False,0.007000814104602927,0.006533975085934398,0.006112163232931672,0.0053537757130954385,0.004932256911308442
MLP,600,116,0.9133945,1,1.0,True,0.002203633003381627,0.004402658529174,0.004957272659998323,0.005468633944195866,0.005172554436150845
MLP,600,116,0.19409333,0,0.0,True,0.0035540054878508403,0.0025321034488780805,0.0005870128916321531,0.000772148022707707,0.0003487941353001957
MLP,600,116,0.341307,0,1.0,False,0.003137994026210413,0.005705259589672797,0.004958381812245189,0.005512512005994504,0.006268388651223383
MLP,600,116,0.15251811,0,0.0,True,-0.0029892699435171656,-0.0011232299608940038,-0.00106011963347929,-0.0003999386037164764,5.251693113828696e-05
MLP,600,116,0.37085703,0,1.0,False,-0.00015835692280167873,0.0025095210320701905,0.004064980253573053,0.004801105990753785,0.004921306857386236
MLP,600,116,0.29362673,0,1.0,False,0.001927869093565039,0.0038955209627233637,0.005329759425069104,0.005691773889580584,0.006358063149904131
MLP,600,116,0.31860587,0,0.0,True,-0.0020596272443983185,-0.0013428768508330683,-0.0001585513240781739,-0.0003897665670499284,-0.00043952655972547694
MLP,600,116,0.5678688,1,1.0,True,0.006299388611179203,0.0059203585510953435,0.005702343676716571,0.00536959860542311,0.005030712488340775
MLP,600,116,0.31744802,0,1.0,False,0.0067111794127849575,0.007064885706965128,0.006984402852942279,0.006361245577329096,0.006426603844992638
MLP,600,116,0.268563,0,0.0,True,5.255488895310855e-05,0.001464586915272681,0.00011226890526194531,0.0003500091316494178,-0.0004906890899585137
MLP,600,116,0.3311185,0,0.0,True,-0.001900866492441956,-0.0019019887731834553,-0.001861001242433044,-0.001630712236356032,-0.0017296226152206848
MLP,600,116,0.14465912,0,0.0,True,-5.4293377976689475e-05,-3.782388197825338e-05,0.0001348295648401068,0.0009271117572409547,0.0012774409367347277
MLP,600,116,0.6363367,1,1.0,True,0.004397770218953117,0.00510552024233181,0.005077254644222514,0.005289682699394942,0.006107043561455795
MLP,600,116,0.86628217,1,1.0,True,0.00402582263865495,0.005208616025359864,0.004618266848210236,0.0045965759128822285,0.005298518970127949
MLP,600,116,0.2115696,0,0.0,True,0.0026644104008257947,0.00047218291013405,0.001961026166037426,0.0019767417391713823,0.0016250179335086361
MLP,600,116,0.33431283,0,0.0,True,0.00047857391891534956,0.00025062359492755606,-0.000574139850800261,-0.0004797806934436259,-0.0007515389072392748
MLP,600,116,0.13910238,0,1.0,False,0.0052523736256595305,0.005271218866755832,0.005750298542206862,0.00648375239364771,0.0066173141120711015
MLP,600,116,0.3889237,0,1.0,False,0.003982900275978192,0.007010696492862183,0.0062020442684421525,0.006487223213959202,0.0065475534969393874
MLP,600,116,0.20745978,0,0.0,True,0.0013969831723425518,0.0002980243883116946,0.000815522847006423,0.00040278589831859444,0.0004162613059680685
MLP,600,116,0.19718702,0,0.0,True,0.0007313951743792228,0.00024759024212137477,-0.0005045198564464786,-0.0001757105078251343,0.00011787414856496182
MLP,600,116,0.17336984,0,0.0,True,-0.0034225882078747884,-0.0003567462197703967,0.00022086337517311424,0.00029134755956425535,-6.480117637363544e-05
MLP,600,116,0.10376408,0,0.0,True,-0.00015642109474389904,-0.0010782538816938986,-0.0007084306907141792,-0.0011860006205905009,-0.0010836959222414193
MLP,600,116,0.144448,0,0.0,True,7.147402998708744e-05,7.707130819944586e-05,0.00017373091809104913,-0.00019202408173946183,-0.00020870614123793665
MLP,600,116,0.3394076,0,1.0,False,0.008140185347797941,0.007965814180651301,0.007116882491081893,0.0069862298899291365,0.007390204201851096
MLP,600,116,0.18911831,0,0.0,True,0.0006091558311234805,-5.295699767622226e-05,0.0008166012079483733,0.00032918697252149864,0.00014018098653782057
MLP,600,116,0.43787688,0,1.0,False,0.005969973775327939,0.007615046995266241,0.007187372100532376,0.006196546727517143,0.005836449912905078
MLP,600,116,0.23746729,0,1.0,False,0.005363914051363707,0.007426539659537737,0.006989526987877719,0.007087627136913749,0.007157984416545628
MLP,600,116,0.21401033,0,0.0,True,0.0016537141448739778,-0.0018316292219693418,0.00016784558065678444,-0.0003243794610536718,0.00021494363432455782
MLP,600,116,0.28511596,0,1.0,False,0.005459472283910336,0.005765048773184547,0.00665652877198275,0.006937059894450121,0.007180542497625318
MLP,600,116,0.182807,0,0.0,True,0.0019120625137007028,0.002142096349196889,0.0010828056163891392,0.0008790474120051679,0.0007937462822585491
MLP,600,116,0.14944091,0,0.0,True,-0.0004010342393410325,-0.0006631446174822741,1.819192087357537e-05,-0.00018310465665157818,-0.00015897981467614592
MLP,600,116,0.24497207,0,0.0,True,-0.002777188659830937,-0.00401039527842118,-0.0025291927373328796,-0.0012639982722356218,-0.001589446175773074
MLP,600,116,0.17214145,0,0.0,True,0.001969692757016594,0.000876958742494172,0.0007076744450908571,0.0002563860209977438,0.0003213619345683758
MLP,600,116,0.3724533,0,0.0,True,0.0008689244027084344,0.0006523525178925637,0.0006455109304010955,0.0006423134001349548,0.0006060556402373498
MLP,600,116,0.3287255,0,1.0,False,0.006655441103058644,0.006541232231486115,0.006200154535059078,0.006739039800382453,0.0070484245687486525
MLP,600,116,0.36511636,0,1.0,False,0.0047563784017550246,0.00519745193988245,0.0052176132509784545,0.0050234505810240315,0.005211119865795883
MLP,600,116,0.33913156,0,1.0,False,0.005152177309095175,0.004766624108336433,0.00486557519146252,0.0048600697814952945,0.005063962538974223
MLP,600,116,0.45275605,0,0.0,True,-0.00043372190278258,-5.7692785841628027e-05,-0.00023120016430835323,6.149209041781268e-05,3.628470538140861e-05
MLP,600,116,0.24002239,0,0.0,True,-0.000758053758558667,0.0015637683263592663,0.0008571606179459224,0.0009708145477932659,0.0009679460876310629
MLP,600,116,0.53951454,1,1.0,True,0.007061832678003283,0.00649704309075201,0.0058288577503268985,0.006189822131598175,0.006461154540305988
MLP,600,116,0.51692235,1,1.0,True,0.002790532806755331,0.006114675689352552,0.004609771673645958,0.006215179971795058,0.005883263751458199
MLP,600,116,0.36254963,0,1.0,False,0.006165705968429,0.006958966059383332,0.006110962320871888,0.00604864995002403,0.0065280074740322
MLP,600,116,0.42677525,0,1.0,False,0.0034030159449125593,0.0037427983021198563,0.005792657951571404,0.005795284410300316,0.005855794822103346
MLP,600,116,0.34032056,0,0.0,True,0.0009567140663192598,-0.00044596772930960757,-0.0010315967020166896,-0.0008371249211390945,-0.0006277732144165723
MLP,600,116,0.4152988,0,1.0,False,0.00619366364281257,0.006313019426411153,0.006523626518539228,0.006016781090563318,0.00569742245572439
MLP,600,116,0.37832385,0,1.0,False,0.009220919503827456,0.0058479528487744206,0.006988111300941747,0.005880062856347058,0.005855955407573801
MLP,600,116,0.21736759,0,0.0,True,9.492478231117464e-06,0.0008198997589659138,-0.000969610578819991,-0.0006556715150724397,-0.0003119992980716891
MLP,600,116,0.3652332,0,0.0,True,0.00032888833639234513,-0.0009212134700799343,-0.00017044770716394378,-7.061891919989978e-05,0.00016804014329767106
MLP,600,116,0.5905637,1,1.0,True,0.005331089630408562,0.007989428347861082,0.007515813308226614,0.007631823744458696,0.006745978465055531
MLP,600,116,0.22565594,0,1.0,False,0.004921052802851171,0.006192368491918202,0.00513949273868319,0.004628179944473362,0.004653053977755306
MLP,600,116,0.46523777,0,1.0,False,0.0061324513784815965,0.005705943754687139,0.005131938729427381,0.005651343068232714,0.005710796254307533
MLP,600,116,0.1226159,0,0.0,True,3.250456846486388e-05,0.0006898721382968717,-0.0013459800705055544,-0.0008041157154618561,-0.0007188191317835085
MLP,600,116,0.20857255,0,0.0,True,0.0026015256731694372,0.0024951153789492557,0.0015950466299358632,0.0015353991638337177,0.0014118353650825512
MLP,600,115,0.16497898,0,0.0,True,-0.0004552839773886946,-0.001090579768978685,-0.000762501588923681,-0.0001842603530888341,-0.0003258884340519231
MLP,600,115,0.61296886,1,1.0,True,0.0013453609620863371,0.004038892913333696,0.00421367452306383,0.004470382520071517,0.004871828968248255
MLP,600,115,0.38584414,0,1.0,False,0.00895930310363462,0.007061984014344676,0.005943762845576744,0.007195119169206687,0.007310861582106242
MLP,600,115,0.17398776,0,0.0,True,0.0006659101306296215,0.001799876338002476,0.0013655705042345551,0.0007191333197796926,0.0009094255922353296
MLP,600,115,0.47337177,0,1.0,False,0.007846269981762685,0.006638746186122525,0.006545746977705829,0.006146272245704484,0.005214785090230172
MLP,600,115,0.17782119,0,1.0,False,0.005324061140854624,0.0070326863675300175,0.006559132247964928,0.007054207952144705,0.0070369379011437265
MLP,600,115,0.72485113,1,1.0,True,0.006119361162666016,0.007427784817031505,0.006339518213408415,0.006398300964801642,0.00639113773796821
MLP,600,115,0.42381716,0,1.0,False,0.008201596015838156,0.007500784077911774,0.006712005780892229,0.006354775282173188,0.00544207303594606
MLP,600,115,0.100031115,0,0.0,True,-0.0018249016482142267,-0.002018357600871914,-0.0015229039868296336,-0.0011931616113476354,-0.0006648884932568962
MLP,600,115,0.23787256,0,1.0,False,0.00621113036786338,0.005473030432195628,0.0049827243314291975,0.0048203735307768315,0.004454292976436774
MLP,600,115,0.3032528,0,1.0,False,0.006175112743476896,0.006592558079981387,0.0061410907265869235,0.006744571484698724,0.006411533451029263
MLP,600,115,0.16839382,0,0.0,True,0.0003782076831876328,0.00013075372203460943,0.00029894316373398533,0.0003192169503909538,0.0005503943578867417
MLP,600,115,0.28574705,0,0.0,True,0.0012731783933925545,0.0006615574844418971,0.0015948821278343643,0.00022895825933656993,0.0004253977313367821
MLP,600,115,0.17656057,0,0.0,True,-0.0009905834728069901,-0.00017267808698609357,-0.0004255124616304759,0.0002593973608795744,-0.00025016296669496866
MLP,600,115,0.22226565,0,0.0,True,0.001774940971816521,0.0007321819571939873,0.0002673531227231332,0.0003930976550108884,0.0006184374942119709
MLP,600,115,0.5729594,1,1.0,True,0.008279635703399804,0.00613957980542102,0.006246003637968486,0.005803937556685538,0.005984676458100816
MLP,600,115,0.16097303,0,0.0,True,-0.0027332437740462618,-0.0011342421815485418,-0.00017177593737538008,-0.0006410062267354629,-0.0005759273767028095
MLP,600,115,0.5721944,1,1.0,True,0.004835381758328484,0.0066664467994997974,0.0057222506082717705,0.005034186437512176,0.00484238268872146
MLP,600,115,0.32585758,0,1.0,False,0.0042756830198393495,0.006409759684655607,0.0070981387625028815,0.005677301514263087,0.005338944379818803
MLP,600,115,0.41760868,0,1.0,False,0.008752512234322905,0.0064568899718809485,0.006286765303341425,0.005823372905540317,0.005897482849502609
MLP,600,115,0.7337013,1,1.0,True,0.0038894898521894044,0.004937094913863639,0.005155830317456722,0.004811451891713722,0.005757416060680006
MLP,600,115,0.14454862,0,0.0,True,-0.0011447298017026564,0.0004080670729748802,0.0004510728384803978,0.000747480056665118,0.0007784086691475909
MLP,600,115,0.22357747,0,1.0,False,0.005239735887622179,0.005895565214281266,0.006123572199871153,0.00595866544289709,0.006151725617577376
MLP,600,115,0.17197916,0,0.0,True,0.0019338898844627028,-0.00010850983483059048,0.0005213092003323699,6.984876597007091e-05,-0.0005476672972082316
MLP,600,115,0.3612248,0,1.0,False,0.007706545671968201,0.005802639353819013,0.006500548940641204,0.006091326954518594,0.0058060784101742905
MLP,600,115,0.2536156,0,0.0,True,0.0006512771630382796,-0.00030933533206755964,-0.0004091791824080436,-0.0007885262725134405,-0.001002194726705955
MLP,600,115,0.15671326,0,0.0,True,-0.0028631382399042843,-0.0029128211571885134,-0.0016877608767914324,-0.00043190805852768145,-0.0006677689172218998
MLP,600,115,0.36823997,0,1.0,False,0.004662431597511493,0.0059808684192010336,0.005705485235553887,0.005940886497446921,0.005598609041290138
MLP,600,115,0.3904014,0,0.0,True,0.001961725453966136,0.001768429983511983,0.0009691163048862404,0.00022192483365772242,-7.632214793989821e-05
MLP,600,115,0.54269904,1,1.0,True,0.00643759483702358,0.006106424225710948,0.00589312276583167,0.005682838304456626,0.005917993975524826
MLP,600,115,0.1946478,0,0.0,True,-0.0015638584938192516,0.0007906939338214144,0.0003121376539373553,0.0004366355157820537,0.00026487314701465246
MLP,600,115,0.4401108,0,1.0,False,0.006450478071184222,0.00714065223704817,0.007754140443305708,0.0077576311602126895,0.007573710705878177
MLP,600,115,0.61071396,1,1.0,True,0.011295164026624659,0.008008044604009964,0.00706343777296334,0.006982643062339197,0.0070828501365987635
MLP,600,115,0.23363118,0,1.0,False,0.0049002027464451325,0.006558320902073924,0.007436739617054263,0.007076510296355254,0.006757372433593739
MLP,600,115,0.28188354,0,1.0,False,0.004893898799212669,0.0053043740200561865,0.005855117753567013,0.005981450253108905,0.005990127754944643
MLP,600,115,0.24952912,0,1.0,False,0.006480992201298909,0.005349818800415056,0.006049189536604964,0.00638532835208891,0.0059955231198954035
MLP,600,115,0.124809735,0,0.0,True,-0.0005500505518399058,-0.0009349592147597659,-0.0014059349319007995,-0.0008027467417548033,-0.000353439777803754
MLP,600,115,0.17332737,0,0.0,True,0.0005108872764155642,0.0004221134347724524,0.00026091448689423224,0.00015655940556485429,-0.00027134775111212065
MLP,600,115,0.45040366,0,1.0,False,0.006210142584947643,0.005831018821796891,0.005159548845402142,0.005143386345537176,0.005880217665981048
MLP,600,115,0.33965594,0,1.0,False,0.005040488281215048,0.00463546928772374,0.005210783980910021,0.00501577777910254,0.0055647296910366715
MLP,600,115,0.2780199,0,1.0,False,0.00667209269854203,0.0074607741143708954,0.00660807726513057,0.006734519187455148,0.006047957741267276
MLP,600,115,0.15768197,0,1.0,False,0.008855429308187404,0.006647634850161935,0.006797029787965492,0.006399011062868319,0.006040162060870645
MLP,600,115,0.12916867,0,0.0,True,0.0024024288851292245,0.0021203422347619346,0.0022558377790048425,0.002243735535325175,0.0009843077071429878
MLP,600,115,0.3203959,0,1.0,False,0.003998304345407885,0.0038570875585933373,0.0046113453721046815,0.004548716731961369,0.004795022379615769
MLP,600,115,0.19570988,0,1.0,False,0.004333342204303713,0.00404461208152421,0.003963459969475019,0.004094673054752118,0.004905122798406497
MLP,600,115,0.180328,0,0.0,True,-0.0009905531559498979,-0.0007268343223563728,-0.0005072653459878662,0.00019105149317940055,0.0005661406836883153
MLP,600,115,0.20578358,0,0.0,True,-0.0010881217363065917,0.00011670768027659564,-0.0005734363221511942,-0.0006822120031862945,-0.00041057349738100684
MLP,600,115,0.13956293,0,0.0,True,-0.0012743483056346322,-0.0006182140633021752,-0.000994059945683118,-0.0009595608403053753,-0.0006465740605662384
MLP,600,115,0.23380964,0,1.0,False,0.00625414110286074,0.005791172968906953,0.006735899913176405,0.006553419631617176,0.0059757323331262905
MLP,600,115,0.20337746,0,0.0,True,-0.002879112073149136,-0.001430670853023568,-0.000570667357578398,0.0003089350260261399,0.00020895281696209315
MLP,600,115,0.17476627,0,0.0,True,0.000665715478044847,0.0004825059969918249,0.0006129425526352914,6.184152550306331e-06,6.472928237638512e-05
MLP,600,115,0.14172845,0,0.0,True,-0.0022646408113271405,-0.0009522617971705437,0.0003084754640580066,0.0007838638159035956,0.00044669586316080443
MLP,600,115,0.49724248,0,0.0,True,0.002433290749103281,0.00129068016628259,0.0008969562754673643,0.0005466825592181698,-1.3144197524754557e-05
MLP,600,115,0.43103197,0,1.0,False,0.007093223874338557,0.006987658052543774,0.006733386776702243,0.005675894311363868,0.005527912095142727
MLP,600,115,0.09458548,0,0.0,True,-0.0025870000094585146,-0.0024246401953428465,-0.0009575520825952671,-0.0003946775304003506,-0.0004460666557300646
MLP,600,115,0.35079768,0,1.0,False,0.006629047677009285,0.005546135091832298,0.004992770330057723,0.005049490420231825,0.005130955778269406
MLP,600,115,0.5505627,1,1.0,True,0.006987015783687797,0.007324386106633386,0.006577256098880155,0.005575153818766868,0.005637043113917995
MLP,600,115,0.2031147,0,0.0,True,8.638638034583655e-05,-0.000807451296673151,-0.0009093763468601969,-0.0005897929926665867,-0.00047938905899514345
MLP,600,115,0.3779057,0,1.0,False,0.0061463512780353235,0.006502121222304581,0.006368427091885228,0.006329270006751265,0.00668474913989494
MLP,600,115,0.23230073,0,0.0,True,-0.0002505799601899666,-0.00042064015922299407,-0.00016924379082335813,-0.0004367018455737424,-0.00011183525792566935
MLP,600,115,0.13648175,0,0.0,True,-0.002253875970542727,-0.00091359031129922,-0.001369652483461203,-0.0004871208514984166,-0.00012776410861538436
MLP,600,115,0.4459664,0,1.0,False,0.00467282731595998,0.006815858151205174,0.007183380370354518,0.0072111039819029304,0.006554832904047272
MLP,600,115,0.3775275,0,1.0,False,0.009315523898880615,0.006310218819119966,0.006690819419062853,0.006896789354139266,0.006645445710245376
MLP,600,115,0.15616836,0,0.0,True,0.002185467963991996,0.001886149921955045,0.001212960424235057,0.001084290112085555,0.00023345454856588284
MLP,600,115,0.1462747,0,0.0,True,-0.0006682326424017768,-0.0009277975612844581,-0.0008700719276408759,-0.00042728622053096374,-0.0007487009866318575
MLP,600,115,0.2593319,0,0.0,True,0.001182270712219209,-0.00028146447538974535,0.0003927701763330241,-8.662015272051762e-05,-2.6409573827509036e-05
MLP,600,115,0.16771401,0,1.0,False,0.007191279179488962,0.005273310269952674,0.005290297208778437,0.004785232812007891,0.004442266886661334
MLP,600,115,0.23185663,0,0.0,True,0.001062530255699773,0.0008099490388918998,-4.140051224208947e-05,0.00024074246871317955,-0.0003354904060329103
MLP,600,115,0.39185017,0,1.0,False,0.006917016602250516,0.004330199976695696,0.005365959654384645,0.0054782992326599875,0.006558265577178155
MLP,600,115,0.33791545,0,0.0,True,-0.0017307242039832883,-0.0004705966715890163,-5.2048478793075744e-05,-0.0002551909474336046,-5.01616459044651e-05
MLP,600,115,0.42029557,0,1.0,False,0.005547900018124037,0.006106726563695362,0.005679831682500837,0.005786392386679068,0.005444795435004807
MLP,600,115,0.30030474,0,0.0,True,-0.002025159771483865,-0.0024420349462666107,-0.00171876744792867,-0.0012568958919046956,-0.000716190666908963
MLP,600,115,0.49121913,0,1.0,False,0.0041174856109004445,0.0053044688502829965,0.006103183758679753,0.005661983660534957,0.005852073204146004
MLP,600,115,0.35399798,0,0.0,True,0.0009865644612288666,-0.00022980827058358204,0.0006273798491485994,0.0009493791309159908,0.0012403432305366775
MLP,600,115,0.27296704,0,0.0,True,0.0017305493141792049,0.0011499632841418723,0.0005312481906210002,-0.0005022600662041598,-2.9202510609924503e-05
MLP,600,115,0.23974477,0,0.0,True,-0.001154695108684734,-0.0009357983701689014,-0.0007034611600618512,-0.0006376420246011847,-3.2100035012109586e-05
MLP,600,115,0.39660934,0,1.0,False,0.007239946721535872,0.006329948278615099,0.00641992506162406,0.00757930620106237,0.006752169386663581
MLP,600,115,0.46604186,0,1.0,False,0.006585102779492004,0.008770804024984535,0.009269629827228237,0.008614126669686235,0.008519928404060776
MLP,600,115,0.52702373,1,1.0,True,0.003733302452503954,0.006638016098030345,0.006602618412971337,0.006365834017858141,0.006590816245419992
MLP,600,115,0.4028267,0,1.0,False,0.007117428349431732,0.006274027567683983,0.005945755336535251,0.00628174630506218,0.006452282361248299
MLP,600,115,0.1782834,0,0.0,True,-0.0016587963609009954,-0.001629625218423472,-0.0009593371099597694,-0.000629616386401445,-0.0003255783938529474
MLP,600,115,0.2050931,0,1.0,False,0.0026808167968588093,0.004604173909747459,0.005204422923074215,0.0064612145360597095,0.005717888387563746
MLP,600,115,0.121163644,0,0.0,True,-0.0021594383646770755,-0.0003650544564670708,-0.0001879332160399395,0.00012524122989310938,0.0006596585712403288
MLP,600,115,0.20384008,0,0.0,True,0.002455860312143864,0.0007122987122102244,0.0005097276424307304,-0.0002609675073983948,-0.00019043164765106032
MLP,600,115,0.10286276,0,0.0,True,-0.0024042148253631155,-0.0009720714783360332,-0.0007675643172795905,-0.00017034521558811542,-0.0001844447898627626
MLP,600,115,0.30064255,0,1.0,False,0.0046323222209191505,0.0038954945798031376,0.00486518620289339,0.005295929324489201,0.005585470954030896
MLP,600,115,0.14003205,0,1.0,False,0.005205849636661297,0.006973249125649387,0.006532636509329106,0.007317692763786281,0.0072099319745442475
MLP,600,115,0.4459498,0,1.0,False,0.004674456820068269,0.006042886857722002,0.0050260100593251915,0.005309619327873398,0.00505303871221977
MLP,600,115,0.1414456,0,0.0,True,0.00023689640790435984,0.0013203041870026046,0.0007277535489493421,0.0011452878124452843,0.0013629989767110847
MLP,600,115,0.17784044,0,0.0,True,3.7529776554765776e-05,2.641452124515855e-05,-0.0005068199329905969,-0.0003556756352023467,-9.07678045378742e-05
MLP,600,115,0.2085458,0,0.0,True,0.0005501601683872728,-0.0005382558837194297,1.0809769151161226e-06,0.00015541287359832837,-0.00029114205377529914
MLP,600,115,0.6092694,1,1.0,True,0.003568831373015292,0.0058218083097597685,0.00593236765868133,0.0052414551882472874,0.004259492143090785
MLP,600,115,0.3505351,0,1.0,False,0.0071288625178579515,0.006536285958270158,0.005674935261656718,0.005712989921895734,0.006463835650390277
MLP,600,115,0.32082975,0,0.0,True,-0.0006907073946062193,-0.0019443605002216608,-0.0007196831688782405,-0.0006058591826873172,-0.00051537191777876
MLP,600,115,0.26387784,0,0.0,True,-0.0009241612955408815,-0.00048753959545506134,7.790539782506695e-05,-4.043913140583512e-05,0.00015311386408933814
MLP,600,115,0.18109845,0,0.0,True,0.0010183063457991177,-2.5139782990274933e-05,-0.0005797958312044932,-0.00019117098377868251,-0.0004389614073700216
MLP,600,115,0.21728466,0,1.0,False,0.004426346849749905,0.005527576196098856,0.004978328042480557,0.005277369211919739,0.00581900137326183
MLP,600,115,0.3356594,0,1.0,False,0.0038043553138197663,0.0033619956575717523,0.004505614085031315,0.005292270968027931,0.005313388143111931
MLP,600,115,0.09997041,0,0.0,True,-3.70960459890263e-05,0.0005532260079379268,0.00014131701103026225,8.428986101797615e-05,0.00028113691193811576
MLP,600,115,0.6153216,1,1.0,True,0.003064763114798451,0.003911485028604564,0.005017907482697576,0.005138860763411295,0.004468523595267568
MLP,600,114,0.16463321,0,0.0,True,0.0029590225161854273,0.0014326587507661112,0.0008012728844564929,0.00019669480282604785,0.0003203235134220024
MLP,600,114,0.20533228,0,0.0,True,0.0017243774533137806,0.0006202905741457568,0.0008910980230663937,0.0004525083393421692,0.00015332558643276528
MLP,600,114,0.31111747,0,1.0,False,0.006643973909945811,0.004711310579335941,0.00460751234249938,0.00474158520738641,0.005104015849266315
MLP,600,114,0.5099844,1,0.0,False,-0.001631047948520951,-0.0018941935451537563,-0.0008497285596880057,-0.0005347998424290442,-8.214850769222229e-05
MLP,600,114,0.40429318,0,1.0,False,0.003771726600163206,0.004270503322579684,0.00484081975703034,0.00544510776206825,0.005309723512489666
MLP,600,114,0.5775321,1,1.0,True,0.004133311359813046,0.005395351576019143,0.004336700559905637,0.005093745009259621,0.004345299776964911
MLP,600,114,0.09439294,0,0.0,True,0.0007579956905169532,0.0020756894699636074,0.0013666471164930358,0.0014109120167280836,0.0011756117286819405
MLP,600,114,0.624949,1,1.0,True,0.008068848791171724,0.0069533236167358976,0.007233184502432582,0.007005365724908201,0.007319683485916375
MLP,600,114,0.58928925,1,1.0,True,0.0066396127463147015,0.006247167984435395,0.004882132476935311,0.005612202136016465,0.005007569238725744
MLP,600,114,0.15158908,0,0.0,True,0.0014525051059807409,0.0017321765861081514,0.0011965819798972065,0.0012719200152633908,0.00118256172122826
MLP,600,114,0.23589693,0,0.0,True,-0.00016292147312368225,-0.00024375493564674546,-0.0007595585877364548,-0.0009875514091503836,-0.0013751338248340008
MLP,600,114,0.15305308,0,0.0,True,0.0012283083761718305,0.001599708930174318,0.0012099487400674515,0.0003402693448322451,0.0005993301418868841
MLP,600,114,0.2567269,0,1.0,False,0.008876203681171837,0.005956950627792446,0.006401295691763395,0.007249947209531138,0.007511189966923759
MLP,600,114,0.72447467,1,1.0,True,0.00900940897354154,0.008295719311653692,0.009024538163785982,0.008325006458341258,0.00809722507253163
MLP,600,114,0.20759037,0,1.0,False,0.0018827328107770597,0.0026145541721925565,0.0034186464719684548,0.003359997638073725,0.0038386470698128943
MLP,600,114,0.46761307,0,1.0,False,0.007771681714436717,0.008179238026209902,0.007305478631566845,0.006697879167783209,0.007074279441539962
MLP,600,114,0.32995456,0,1.0,False,0.006047392668138019,0.007269559693506384,0.006659744968076457,0.005308318433449524,0.005469341763989241
MLP,600,114,0.2687794,0,1.0,False,0.004484197271496991,0.004593623770887912,0.005792040800207776,0.005059833110001463,0.006150225379682194
MLP,600,114,0.24581823,0,1.0,False,0.0055864334387430254,0.006721931394654981,0.0063543768628067845,0.005550767163147708,0.0054627695438830975
MLP,600,114,0.30090332,0,1.0,False,0.006067302017664626,0.005292934513496775,0.005427657032804607,0.005042846492268001,0.0052287056806028225
MLP,600,114,0.3504059,0,0.0,True,-0.0030901487206612495,-0.0016222049302374102,-0.0018522188809565246,-0.0019390525117890152,-0.0011744989878852289
MLP,600,114,0.30724338,0,0.0,True,-0.0003831368856309423,8.981921553236722e-05,-0.0006440986625049614,0.00011349452695549761,0.00014336957900526617
MLP,600,114,0.8370495,1,1.0,True,0.005671610859558008,0.007764699822254262,0.006713792975036897,0.006516925846246626,0.006141603233818479
MLP,600,114,0.38323483,0,1.0,False,0.004250924733370233,0.004596855156046109,0.004183683416135926,0.004938139839909581,0.004933235013849741
MLP,600,114,0.41104355,0,1.0,False,0.0068163559947402004,0.005602329759168637,0.006528635228401087,0.00666891535864494,0.006605839722783922
MLP,600,114,0.46517166,0,0.0,True,-0.00048246482948021167,-0.0016721199234112488,-0.0007287969582102816,-0.0005062783131562737,-0.00014039264578993434
MLP,600,114,0.11741003,0,0.0,True,-0.0010520803438472865,-0.0015542204675285712,-0.0007007095147628144,-0.000917836063288842,-0.00041101697118087915
MLP,600,114,0.5208391,1,1.0,True,0.001541456810714964,0.004113056499466261,0.004970266836151728,0.004997206338227867,0.00500948803274222
MLP,600,114,0.20197757,0,0.0,True,0.0012157392710629576,0.0006205363185284529,0.0009591511238755296,0.0008084363242666817,0.0006946314732440039
MLP,600,114,0.25212967,0,0.0,True,-0.0005149230617850005,-0.00014239738202635936,0.0009089815971601598,0.0004317349802095659,0.00038294301263979693
MLP,600,114,0.4386202,0,1.0,False,0.0059395567718904625,0.007010803974041685,0.0070581913209190016,0.006881307068192841,0.005022994804703579
MLP,600,114,0.16727962,0,0.0,True,-0.0021677367833186118,-0.0013259721113941408,-0.00045668860525380906,-0.0003046007756435558,-9.848484537754283e-05
MLP,600,114,0.1940686,0,0.0,True,0.0036536855997337933,0.0022114404393946715,0.0019466588764481339,0.0011928391552934582,0.0007011192492080061
MLP,600,114,0.27587888,0,1.0,False,0.00686510788429114,0.005476044622167184,0.005110270287531369,0.005041084095843578,0.005062764017399104
MLP,600,114,0.3179188,0,1.0,False,0.005151727120813719,0.006843406949249933,0.007640855605575659,0.0063671922246147025,0.005599200793008715
MLP,600,114,0.39651835,0,1.0,False,0.006719137764493266,0.006095754774071606,0.005539987531748706,0.005499893591925175,0.006233300518083612
MLP,600,114,0.42942026,0,1.0,False,0.003761576415507706,0.002870836615144488,0.0034093163772799997,0.004006774949736786,0.003930573965963146
MLP,600,114,0.13196634,0,0.0,True,0.000748009695365929,0.0005673601307947968,-0.00023405224083208044,-0.0002045094736599509,4.1054878423193285e-05
MLP,600,114,0.3309074,0,0.0,True,0.0012043937253400372,0.0011386550152979668,0.0005022653138333644,0.0010331142348408238,0.0002905813321553421
MLP,600,114,0.32730862,0,0.0,True,-0.0012983097363765531,-0.0012492774582102577,-0.0007969643158056789,-0.0004076028014731062,-0.00022849402963542328
MLP,600,114,0.3660246,0,0.0,True,0.0006310814466800257,-0.0003597951536986079,-0.0006165538851122254,-0.0003952984539996243,-5.585294062162569e-05
MLP,600,114,0.23050259,0,0.0,True,-0.002757192123922761,-0.0009689187658602045,-0.0002831507374906962,0.00019682897078222768,0.00032686726694407806
MLP,600,114,0.19082612,0,0.0,True,0.000610648426726398,-0.0005278484972631139,0.0011337248480681292,0.0003373072939842366,0.0005265588367893518
MLP,600,114,0.31156942,0,1.0,False,0.006193759750434926,0.0053746257381709645,0.005029820918561145,0.005248339497978681,0.005299920282464943
MLP,600,114,0.39653537,0,1.0,False,0.007926159294323101,0.006479428860835725,0.00693076453580062,0.006476240728833574,0.00602098926253376
MLP,600,114,0.41791928,0,1.0,False,0.006482487629835617,0.005554978688983291,0.005140615831934175,0.005640931685556074,0.0051818818936032645
MLP,600,114,0.17137098,0,0.0,True,0.0022395957547914863,0.0017823180739263069,0.001714439910298801,0.0013520345584860645,0.0017131822989602875
MLP,600,114,0.3256266,0,1.0,False,0.0034188203591369176,0.0030234397151787714,0.0053495200601149685,0.00515542657811373,0.004892026816161668
MLP,600,114,0.14011137,0,0.0,True,-0.0005680578576816491,0.0002279030885426871,-0.000188118230428258,-0.0004648933519362127,-0.0002115245090147521
MLP,600,114,0.2169781,0,1.0,False,0.004852014599187045,0.006618483314392244,0.006356975928929808,0.007177182923315034,0.007110692924302791
MLP,600,114,0.40856153,0,1.0,False,0.0031305892944304002,0.006594514327996145,0.005807654779526681,0.006693450949966188,0.006425231278370706
MLP,600,114,0.24940857,0,1.0,False,0.005239324449796555,0.006210572825455215,0.006722558182627152,0.006435300831432623,0.005129109362557495
MLP,600,114,0.15025619,0,0.0,True,0.0005709129428763105,-3.0100387963643108e-05,-0.00036272666153848345,-0.0004081002906051866,-3.121964031058284e-05
MLP,600,114,0.23044243,0,1.0,False,0.005408910228153334,0.006493880139239468,0.006339471205858013,0.005662318361220079,0.005275102240079513
MLP,600,114,0.2528752,0,1.0,False,0.00875130305919997,0.008445559685861947,0.007941710161392106,0.007359039424998401,0.00697582191841137
MLP,600,114,0.3483287,0,1.0,False,0.005850296209843443,0.004733112543591581,0.004654083625438019,0.005193532715260579,0.0049233059070561734
MLP,600,114,0.5459069,1,1.0,True,0.009350475504656017,0.0077153817514876225,0.00798746871355401,0.006638935922647575,0.006178933158979388
MLP,600,114,0.19158597,0,0.0,True,0.00027815163013982365,0.0012812087980706949,0.0014476261467401535,0.0019193154084366554,0.0013636411966832314
MLP,600,114,0.2297619,0,1.0,False,0.006560541107893633,0.006081567223038757,0.005713265075132958,0.005639997879417263,0.0062131529745639725
MLP,600,114,0.19132818,0,0.0,True,-0.002018011185976533,-0.0015825105952794896,-0.0012558744972180466,-0.0007552806659221193,-0.0005975957047231165
MLP,600,114,0.22836271,0,0.0,True,-0.002552978660275542,-0.002391002007240107,-0.0017899803316352712,-0.0008383074128834272,-0.0009243032253309226
MLP,600,114,0.39199725,0,1.0,False,0.008885176215293538,0.008099036885576437,0.007214953421489191,0.006079128943528082,0.0056508453300055375
MLP,600,114,0.20338702,0,0.0,True,-0.0004732639863096133,-0.0016376490771539782,-0.0011651984510574812,-0.0002010273852797639,-0.00014869382367489894
MLP,600,114,0.3517836,0,1.0,False,0.005830919263048971,0.005217464108528991,0.005298046873930056,0.0056140324264384025,0.0063586138892639185
MLP,600,114,0.4176866,0,1.0,False,0.00775280459853616,0.0056368446520881086,0.004935392121911789,0.005268224240474605,0.005301429469153618
MLP,600,114,0.25123045,0,1.0,False,0.005447969457164297,0.005644667410846916,0.005888146539117709,0.006227337084537945,0.006992742826179584
MLP,600,114,0.45822847,0,1.0,False,0.007434613426495973,0.0060010986592894675,0.005850979888452512,0.005787996703404919,0.005851458602945103
MLP,600,114,0.10685149,0,0.0,True,0.001992203307511557,0.0016541293823967972,0.0005629839713399436,0.00035703833269113165,0.00023673291318540668
MLP,600,114,0.44941482,0,1.0,False,0.007255809549075201,0.006423505693261118,0.00571238531930712,0.004591690017027907,0.004550735090575504
MLP,600,114,0.1167148,0,0.0,True,0.001924120150120275,0.0016082658328225494,0.00054683748999012,0.00019956714996304892,4.1179950769433046e-05
MLP,600,114,0.18503793,0,1.0,False,0.006866977292190594,0.005460848084934418,0.005118879285539029,0.0059148883306972076,0.005728616843851898
MLP,600,114,0.31787768,0,1.0,False,0.005761354765840561,0.005888614716607601,0.00613493523133867,0.005689122038656679,0.004815651429468626
MLP,600,114,0.3008944,0,1.0,False,0.0069981204606264944,0.004292081753495681,0.0044631295576686315,0.005162935597793817,0.005250312212246913
MLP,600,114,0.5858096,1,1.0,True,0.010706286521120734,0.008292599335438107,0.00815837363348633,0.007140556363564255,0.006964533319435004
MLP,600,114,0.23323597,0,0.0,True,0.001023817905734556,-0.0004540090120481448,-0.0008808086999855693,-0.0004770816227087231,-0.00018882020811784267
MLP,600,114,0.21268535,0,1.0,False,0.008439533711177243,0.007931213566744264,0.00783068986174457,0.007235384166208753,0.008023554090912589
MLP,600,114,0.24956359,0,1.0,False,0.009055829347768824,0.005783141793209596,0.005375405910346829,0.006739630014293212,0.006126827413880906
MLP,600,114,0.14902925,0,0.0,True,-0.001129731798818615,-0.0008661401203661299,-0.0016872027662361132,-0.00172674435021518,-0.0008231187743900088
MLP,600,114,0.3025169,0,1.0,False,0.004397664718207573,0.002967147414984982,0.0029964448618912455,0.004432180909817491,0.004146357754684078
MLP,600,114,0.13992505,0,0.0,True,-0.0021101231756558182,-0.0022343993059647832,-0.001108430148852148,-0.00025347355624321435,-0.0008295989196355734
MLP,600,114,0.19995078,0,0.0,True,-0.0010064781527596718,-0.00031656246187644973,0.00023899309758996422,0.0008018889365789708,0.0005709944790266742
MLP,600,114,0.4402461,0,0.0,True,0.0019616889161064017,0.0014479881472695155,0.001961090328598667,0.0015340725043800493,0.0014891192761397978
MLP,600,114,0.1382172,0,0.0,True,-0.00042976892520673644,0.0018115507900356485,0.002012825222571969,0.0011870209904325626,0.0007089917788543057
MLP,600,114,0.18828058,0,0.0,True,0.0009649522430564951,0.0006343352379783047,-0.0007205503089057962,-0.00015258392886691324,0.0003663200867500361
MLP,600,114,0.88753915,1,1.0,True,0.006764387433197444,0.006026708643885423,0.006640379165773701,0.006678535256440387,0.006828793374557262
MLP,600,114,0.18423116,0,0.0,True,0.002459180514384291,0.0008182452555217841,-3.2057531362979396e-05,0.00011528298821858915,-9.87434062029494e-05
MLP,600,114,0.32915577,0,0.0,True,0.0014691003508504384,0.0006042649684160742,0.0001337554558650734,0.00014362594049119036,0.00031710886533750117
MLP,600,114,0.22436066,0,1.0,False,0.003846535772233438,0.004284646931595132,0.004440412264605435,0.004959684751683075,0.004805884361422023
MLP,600,114,0.12844002,0,0.0,True,-0.0005378260003042183,-0.0016101983531453215,-0.0003136750840669322,-0.0011568120325176883,-0.0009537185614805962
MLP,600,114,0.26642853,0,0.0,True,0.0003284085376283837,0.0010030046217549952,0.0011435044712394826,0.0007735962788995096,0.0003851416716723224
MLP,600,114,0.15806805,0,0.0,True,0.0024707249642056577,0.00013360756803837827,-0.00030292857960301055,-0.0001506998956887527,-0.00018210802666321344
MLP,600,114,0.7275556,1,1.0,True,0.006529962026154096,0.007070318321721485,0.006961145807617555,0.006909480472293765,0.006422973553498855
MLP,600,114,0.17606223,0,1.0,False,0.004234584392922665,0.008078382358766794,0.006688813373358958,0.006520104870253436,0.006381817295374334
MLP,600,114,0.35255793,0,0.0,True,-0.005509288671756783,-0.0018213182237123487,-0.0014196361381240469,-0.0010726090548493067,-0.0006097989441161336
MLP,600,114,0.35010007,0,1.0,False,0.006009530770455781,0.004616686417468117,0.004748762134056617,0.005547767186498795,0.005806512788040919
MLP,600,114,0.4450474,0,1.0,False,0.0076074214981209694,0.007541174774010774,0.007080728311562337,0.006646799457639152,0.0058945507522415765
MLP,600,114,0.3906354,0,1.0,False,0.008724737816169838,0.005885969911704315,0.0058776886193835625,0.0061397444036342215,0.006077161071707374
MLP,600,114,0.55035454,1,1.0,True,0.003953386306944329,0.0034497928888416367,0.004546964451156468,0.00463097739249782,0.004483081356527987
MLP,600,114,0.4564727,0,1.0,False,0.005684511146475221,0.005647473738552185,0.004855830634451238,0.005618817011162591,0.005957595575197058
MLP,600,114,0.23182161,0,0.0,True,0.0009496920682743842,0.0015380846774805275,0.0014622953973790322,0.0010734792701119988,0.0008167528459914872
MLP,600,113,0.20908602,0,0.0,True,0.002122990920803737,0.002266820892322804,0.001725261433687694,0.0011924516655188152,0.0007542628322841424
MLP,600,113,0.79073125,1,1.0,True,0.0050619653111861175,0.005352825557528614,0.006227901050299104,0.0071749804016557365,0.007053092872672027
MLP,600,113,0.23323967,0,1.0,False,0.003955075225762294,0.004618307136259369,0.004953893911631217,0.005893879093304604,0.005296134874210657
MLP,600,113,0.24576183,0,1.0,False,0.003977838302337744,0.005395930682261258,0.005095712076763723,0.006103625991948162,0.005727693138025928
MLP,600,113,0.17216246,0,0.0,True,0.0008291470820699431,0.0010693340503704683,-9.105642179763582e-05,-0.0005453406698662211,-0.00014965414002847432
MLP,600,113,0.20159659,0,1.0,False,0.008434757352008222,0.006734725151184329,0.007084968786715545,0.006833736164134434,0.006087567343222448
MLP,600,113,0.14686245,0,0.0,True,0.00040066773953098854,0.0009217492614711081,0.0007933829657395631,0.0015174267249541504,0.0011959688596845834
MLP,600,113,0.66215795,1,1.0,True,0.005453188893184603,0.005750170083638278,0.007156864820114247,0.0065352322119453295,0.00601640384939315
MLP,600,113,0.36058608,0,1.0,False,0.005829068526717456,0.007504655185883386,0.007122654416778767,0.006705636552001608,0.006867022384037627
MLP,600,113,0.53384215,1,1.0,True,0.009052100769313174,0.007391713822805844,0.0074266494836231975,0.006056688629422976,0.006340925781960746
MLP,600,113,0.36294895,0,1.0,False,0.009777386484719012,0.009835671986180152,0.009319915842294135,0.008387682989994365,0.007350037624023724
MLP,600,113,0.25912344,0,0.0,True,-0.00013221917980087584,-0.0005722777170558798,-0.0007995234025304912,-4.347510369519706e-06,-0.00011494397224820844
MLP,600,113,0.66936284,1,1.0,True,0.003888787994991553,0.004190169372466829,0.004553629202224309,0.004752793299970377,0.0052537391105699945
MLP,600,113,0.4279275,0,1.0,False,0.007529399726692065,0.007365883983806297,0.0065329274589483455,0.006516807595417059,0.005628040216639221
MLP,600,113,0.27921534,0,1.0,False,0.003677897354935544,0.004037299382105776,0.005170357934419445,0.005403925726946453,0.0054936501438763415
MLP,600,113,0.43666777,0,1.0,False,0.004941538044454817,0.005455265832126726,0.005665136890178045,0.005882807711870728,0.005635927411715346
MLP,600,113,0.21465917,0,0.0,True,-0.0021147509305615643,-0.0009469269593800457,-0.00043118461374299337,-0.0009805719360012845,-0.0010832800384650938
MLP,600,113,0.30059257,0,1.0,False,0.006960663036664208,0.0056461732452622385,0.006007626454820747,0.0067547176825693495,0.00640661435486547
MLP,600,113,0.13506946,0,1.0,False,0.004835738307067063,0.004335718685672,0.004687743932916253,0.004596839452772232,0.004337163695627993
MLP,600,113,0.14816122,0,0.0,True,-0.0014134683735998993,-0.0011055432103223345,-0.00046822957229257164,-0.0007154840390377885,-0.0007091040518272425
MLP,600,113,0.16503009,0,1.0,False,0.005104531325120028,0.005445725488245103,0.005161514319684253,0.00535606973738491,0.005552052341283245
MLP,600,113,0.26585585,0,0.0,True,0.0011788080703820656,0.0010266707616930415,-0.00018107761104644264,0.0002892643083244803,0.00016559111177965054
MLP,600,113,0.11655687,0,0.0,True,0.0014531364043879678,0.00159917801015937,0.0014240326968621565,0.0006981437974383707,0.0008081671946197412
MLP,600,113,0.21332817,0,1.0,False,0.009122661036145719,0.008564912489237356,0.007773963363436446,0.006950003810440097,0.007674360607287068
MLP,600,113,0.32520795,0,1.0,False,0.005525701552393629,0.006719351012271826,0.0058526143553121295,0.0053721569874993725,0.00502267158000519
MLP,600,113,0.16797665,0,0.0,True,0.0022401097517257347,0.0013562750501597822,0.0007647178854420336,0.000580287824052319,0.0004573319420394802
MLP,600,113,0.26231876,0,1.0,False,0.008173416131450745,0.007520919233376591,0.006911491448631523,0.00674310559346408,0.008395022605205218
MLP,600,113,0.4238761,0,1.0,False,0.007589225046364677,0.00633416698667772,0.007083705289394277,0.006845577504443748,0.0065171189153495224
MLP,600,113,0.2503684,0,1.0,False,0.005425673448825529,0.005711479249922711,0.005824958882254696,0.005767068616752184,0.006455584443259668
MLP,600,113,0.36432514,0,0.0,True,0.0005973179948645826,0.0006200062733586484,0.00018940347078527862,-0.0002661074087068675,-0.000305515496406056
MLP,600,113,0.45382115,0,1.0,False,0.0035225838515927596,0.003144217542621327,0.00390948671784177,0.004117424441624969,0.0041243374133744775
MLP,600,113,0.17935881,0,0.0,True,-0.00012283502289586114,0.0014560014951790756,0.0014581254567815852,0.001154353742203813,0.0010860926414635672
MLP,600,113,0.53702796,1,1.0,True,0.008396198244214292,0.007497900038609929,0.007907978253342367,0.00782646819237682,0.007132452608743492
MLP,600,113,0.26122445,0,0.0,True,-0.0016416225824767196,8.075862377222983e-05,-0.00021181659203013141,0.0007698742273694907,0.0011859296959956262
MLP,600,113,0.33945754,0,0.0,True,0.000650991099070107,-0.0011278938375554166,-0.0006875489320858639,-0.0002525185955002112,-3.9167608727403756e-05
MLP,600,113,0.44048563,0,1.0,False,0.01000969982649068,0.00799080378414028,0.0069122981451689115,0.007179817145401311,0.006872813275299683
MLP,600,113,0.6501887,1,1.0,True,0.005897908945279562,0.005287496654612873,0.004140824834602076,0.004409293488254869,0.004919390220881931
MLP,600,113,0.3630274,0,1.0,False,0.00865886170463894,0.007399033246353383,0.006174261435734302,0.006124106235687658,0.00657954439344313
MLP,600,113,0.15702853,0,0.0,True,-0.0017199244255337112,0.0005064409397478957,0.0006852420749868745,0.0008169198477710356,0.0007511580370137544
MLP,600,113,0.7941566,1,1.0,True,0.0049943788776663466,0.005368691892820423,0.004811165716542586,0.005720895730489299,0.005639841335286648
MLP,600,113,0.15244645,0,1.0,False,0.0042124188821396685,0.0052741034782755325,0.005863752168292359,0.005285629186061626,0.005588723708326615
MLP,600,113,0.22839773,0,0.0,True,0.004128983173294972,0.0021664496896231077,0.0008009336997145404,0.0010240226667043329,0.0009607184213181617
MLP,600,113,0.17669871,0,0.0,True,0.0015803598546305902,0.0009495274456374626,0.0005406154938937677,0.0007056337969152399,0.0011724358169413677
MLP,600,113,0.2735008,0,0.0,True,-0.0008633445580748999,-0.0007109662348826494,-0.002026137578796588,-0.0012477203262400932,-0.0007702525171967651
MLP,600,113,0.13399266,0,0.0,True,0.000447388713814818,0.0017706192739040346,0.0017489954546223453,0.0015017554664854822,0.001075560454109921
MLP,600,113,0.52169454,1,1.0,True,0.005269359551227012,0.005337830450547995,0.005034789569975211,0.005685667389511004,0.006307614559508336
MLP,600,113,0.4177266,0,1.0,False,0.007533384710778738,0.007125089192798919,0.005797828515138843,0.006450818931108008,0.006262638692637752
MLP,600,113,0.15231119,0,0.0,True,-0.0009739781179387675,-0.0012755101780195862,-0.0010331580631334565,-0.001050291619488566,-0.0005305112960029153
MLP,600,113,0.27018976,0,1.0,False,0.00346595451748829,0.004546034566891577,0.003944914775487766,0.0039943135460122825,0.004566771524454767
MLP,600,113,0.30910823,0,1.0,False,0.005628690895552665,0.005078984637947611,0.005286417741927732,0.004684092355528978,0.0048987061753358
MLP,600,113,0.2886159,0,1.0,False,0.005745857576240498,0.004926575766173907,0.006298323831519247,0.006518013744677618,0.006356221924152143
MLP,600,113,0.3596399,0,1.0,False,0.006714166977091756,0.007018297142403451,0.006655714109768103,0.006215971293444493,0.006100146629181316
MLP,600,113,0.107760064,0,0.0,True,0.003394522050071459,0.0027373806831470877,0.0019193514851691869,0.0007893973537520531,0.0012328270956441436
MLP,600,113,0.6155209,1,1.0,True,0.004295495712160076,0.005510407984219349,0.005673913432690049,0.005716299497453598,0.005878833685547226
MLP,600,113,0.111952834,0,1.0,False,0.0038635577260036327,0.004368037353174843,0.003996465936015898,0.00453877408376006,0.004934403469289852
MLP,600,113,0.5805642,1,1.0,True,0.0008103233118423068,0.002309227263371489,0.002937371943933905,0.003911422680659356,0.0034753248299627796
MLP,600,113,0.21490529,0,0.0,True,-0.0018864976318122163,-0.0012392401845603479,2.783491576006271e-05,-0.00021760917285843697,-0.0004511876320612147
MLP,600,113,0.34109133,0,1.0,False,0.005664399393760527,0.005725273510575464,0.005336042801743774,0.0050066540526535,0.0044160297490908615
MLP,600,113,0.10537027,0,0.0,True,-0.002396257447305759,-0.0019082079694186726,-0.0013058881107726559,-0.001169305985268663,-0.001327749833654433
MLP,600,113,0.18309987,0,0.0,True,-0.0010335896106012784,-0.00036301052684239126,-0.0004254476393128661,0.00043431040564902563,0.0003860875370533976
MLP,600,113,0.4745157,0,1.0,False,0.005677413369510915,0.004808113161674777,0.00544404925136722,0.005647602737454001,0.00619837311142929
MLP,600,113,0.11254253,0,0.0,True,0.004661416765305791,0.0014405824302528099,0.0008249595273157516,0.001516985014756414,0.0007943944072946929
MLP,600,113,0.39646426,0,1.0,False,0.00486919325761365,0.00554996951813876,0.00447604489669755,0.00515065524683922,0.005765518244840253
MLP,600,113,0.16614735,0,0.0,True,-0.00017327131440688655,-0.0006355804140337376,-0.000636186026856308,-0.00027133059240434717,0.0001801579712394999
MLP,600,113,0.7619795,1,1.0,True,0.007857198262008971,0.007092405963602072,0.007216373446475317,0.006923027613094699,0.006224203857057055
MLP,600,113,0.21897998,0,0.0,True,-0.0011299990795803768,-0.001011210803231132,-0.00038496338214786375,0.00020469967885940323,0.0001214193444682107
MLP,600,113,0.2945795,0,1.0,False,0.005631586086710894,0.003221902461183614,0.004957212976815022,0.004758649016445614,0.004561611935777283
MLP,600,113,0.2947146,0,1.0,False,0.004127207964391897,0.005887869653849137,0.0057634990155763935,0.0053354813095156375,0.00608384300732328
MLP,600,113,0.32759574,0,1.0,False,0.007155754134551558,0.006535171738718018,0.005579115573858138,0.005594956814227164,0.006026176946791525
MLP,600,113,0.63976717,1,1.0,True,0.004720175834196778,0.005013572182809619,0.005355963921615477,0.005375022722250888,0.0051659923620974635
MLP,600,113,0.19702655,0,0.0,True,-0.0015805806874252628,-0.0013813981573061872,-0.0010685543415220368,-0.0009485745915026712,-0.00021680913040907852
MLP,600,113,0.15035835,0,1.0,False,0.0070516598665970875,0.007032380280011713,0.007515010279582714,0.006776942494865212,0.005838616768096172
MLP,600,113,0.11862366,0,0.0,True,0.0025715245896445155,0.0009498493307250903,0.0009589239415172742,0.0007044063351601757,0.0008253102990099824
MLP,600,113,0.36700517,0,1.0,False,0.007657228309355919,0.006761352642609821,0.0064065326442071255,0.006207799270995582,0.005805679458377245
MLP,600,113,0.21600647,0,0.0,True,0.000504195866371259,-0.0007457238618425512,-0.0007434356014154319,-0.00047202220443575614,-0.0007054638905477638
MLP,600,113,0.5658842,1,1.0,True,0.00865338117320874,0.0048566325028607995,0.004526244981534286,0.005219001319573457,0.005465136829030873
MLP,600,113,0.3365182,0,0.0,True,0.0002850430612631956,0.0011931066101660284,0.0004601471235560209,4.72450535358371e-05,7.94106707711441e-05
MLP,600,113,0.17437975,0,0.0,True,-0.0006093151869368879,0.0006574664369539574,0.0012797507635965617,0.001979715342843499,0.0014820396243938863
MLP,600,113,0.6794203,1,1.0,True,0.0050831089377077615,0.006248071327555138,0.004673026092280488,0.004470406658690025,0.004602569150448133
MLP,600,113,0.1662219,0,0.0,True,0.0019250866567029018,0.0016371772591509445,-2.4476922091940496e-05,0.0004278000364704695,-0.0001366278076331627
MLP,600,113,0.31510198,0,1.0,False,0.0028417630248883247,0.007038172252980672,0.006367954104570346,0.00684107254328495,0.006305954106468201
MLP,600,113,0.11868814,0,0.0,True,0.001676950545578075,0.0008375171876590581,0.00046119592514337664,-0.00023327195156139677,8.848525370803051e-05
MLP,600,113,0.18816978,0,0.0,True,-0.0008044725715287596,0.0010494305766444653,0.0008034126326777934,0.00015454012798201772,0.0002114836660499911
MLP,600,113,0.11988564,0,0.0,True,0.001191503100225006,0.0002925350565018012,0.0004330087438621258,0.00034773814403369713,0.00013245154856143432
MLP,600,113,0.37872434,0,1.0,False,0.008622433486775376,0.0070311913051412265,0.0073036783536849625,0.006589631605222357,0.006089981214901462
MLP,600,113,0.10045284,0,0.0,True,0.0017345063820980373,0.0013711419010986226,0.0019195024011083915,0.0019620625428204354,0.0009285546986549176
MLP,600,113,0.13707206,0,0.0,True,0.00012238625393076264,-0.0007992727423945524,-0.0008064483455409171,-0.000942879943367401,-0.000425531839180773
MLP,600,113,0.18988945,0,0.0,True,0.0010738577877821426,0.0008185390915950405,0.0013562954115104787,0.0011310907436435664,0.0012530190661467616
MLP,600,113,0.16273956,0,0.0,True,-0.0004430453161862039,-0.0007162923232798246,0.00013779565247788803,0.00024615718800232117,0.00011705873393443566
MLP,600,113,0.3495229,0,1.0,False,0.0036290354080022926,0.004536726649335452,0.004541217433010776,0.004458917764522028,0.005127653323858216
MLP,600,113,0.1108078,0,0.0,True,0.0011176339436905851,0.0002496773701867525,-0.0004115926001686477,-0.00017952180507623236,0.0004713199295432739
MLP,600,113,0.29975855,0,0.0,True,-0.0017194042909449035,-0.00020579229510970406,-0.00041371625259371266,-0.0005527557986972714,-0.00048359369636699016
MLP,600,113,0.11038911,0,0.0,True,0.00045649853884776546,0.0006130811119846609,0.0012100891656740011,0.001778690395803519,0.0014934386138771335
MLP,600,113,0.12947154,0,0.0,True,-0.0016352429642240546,-4.063764520672149e-05,0.0007684954411521828,0.0003791405657366719,0.0006399120980309247
MLP,600,113,0.82437575,1,1.0,True,0.006917222641312509,0.005867862455545511,0.006531378772443637,0.005490218171772416,0.005826725543967573
MLP,600,113,0.10568594,0,0.0,True,0.0034644269022375213,0.001016706595681233,0.0007852894638551449,0.0011146185797583604,0.001473706277129019
MLP,600,113,0.6437519,1,1.0,True,0.0049470459671198085,0.005753174193556643,0.00589918197143236,0.005349938482644414,0.005050664758112146
MLP,600,113,0.14750339,0,0.0,True,-0.0027279582957597023,-0.0011708355113880615,-0.0011682564723755108,-0.0005146608009744991,-0.00021125984510553632
MLP,600,113,0.13663301,0,0.0,True,0.00114497098474364,-0.0014465742622136882,-0.0010826917188413384,-0.0008283718949473813,-0.0011124586827700798
MLP,600,113,0.13453877,0,0.0,True,-0.0014730519155259955,-0.0013209047503331748,-0.0008045086366832205,-0.000564390735047753,-0.0005934021748770734
MLP,600,112,0.5545112,1,1.0,True,0.007654176376839241,0.006250966945502403,0.006638844139484774,0.006573542707040762,0.006433970694962291
MLP,600,112,0.22790006,0,0.0,True,-0.0014039052056003388,3.1640529638436775e-05,0.0013007822853963742,0.0011588095231839662,0.0006796888119601819
MLP,600,112,0.16063802,0,0.0,True,0.0008606396797548323,-0.000472397373742814,0.0005316070111179591,0.0007682965775380279,0.0010325264485710837
MLP,600,112,0.35077924,0,0.0,True,-0.0012048679359881883,-0.0008632740029156697,0.00034097704030761663,0.0005858152023511612,6.766350453996385e-05
MLP,600,112,0.4607748,0,1.0,False,0.004841316493311199,0.007490911335498287,0.006755875877289624,0.006767139560584605,0.006827539900975669
MLP,600,112,0.2427435,0,1.0,False,0.004591876428223372,0.005497951540884264,0.004160573570591218,0.004668267509809642,0.004972735270632474
MLP,600,112,0.38489282,0,1.0,False,0.00621579017636931,0.0053382313214213346,0.005744980861382846,0.0059985492503026065,0.00596201023521118
MLP,600,112,0.16900887,0,0.0,True,-0.0017799354485001858,-0.0006341204626304632,-0.0003354997880735639,-0.00022652539206201712,-0.0002426892594880283
MLP,600,112,0.7573753,1,1.0,True,0.0036937534178905825,0.002853088175020524,0.0037000263104417543,0.0041453928045969805,0.0045404076568248235
MLP,600,112,0.230603,0,0.0,True,0.0014486435106856224,0.0018702991209160913,0.0014362747333869722,0.0011637484595854982,0.0008663174853656216
MLP,600,112,0.71567875,1,1.0,True,0.005411617021755935,0.004890063418362678,0.006115886720061969,0.00602401237703417,0.0063215200016579496
MLP,600,112,0.11257116,0,0.0,True,-0.003934815894530108,-0.0024509788190064563,-0.0016912670008869123,-0.001174769411598986,-0.0008446745642421408
MLP,600,112,0.16356614,0,0.0,True,-0.0014605737184334089,-0.0008322957931004647,-0.0006731493536018108,-0.00030779989888172826,-0.00031279254479250033
MLP,600,112,0.19572009,0,0.0,True,0.0006325794332044986,0.00020683976146687564,0.00029708642504508,-0.0003465851631914401,-0.0005839231602545883
MLP,600,112,0.55652386,1,1.0,True,0.00580514762979134,0.005266675390794967,0.0061244211973633415,0.006121326874368434,0.006229870714849152
MLP,600,112,0.8279073,1,1.0,True,0.006507800558677844,0.007958826989339737,0.006760866187952652,0.006715848287244093,0.006192604302809275
MLP,600,112,0.3575728,0,0.0,True,-0.002565501321350135,-0.00016441493046422093,-0.00016735711829951158,-0.00012984168286866077,0.00045771402473312913
MLP,600,112,0.24195582,0,0.0,True,0.0007543700220919382,0.001050538022059224,0.0006167558491689639,0.00026166773710541575,-5.214242235198486e-06
MLP,600,112,0.42210212,0,1.0,False,0.0064125046988773755,0.006966506011545031,0.007135144860593068,0.006847475655187326,0.006652173959155329
MLP,600,112,0.42229134,0,1.0,False,0.0077390990023972475,0.006857289229960061,0.006622376001873,0.006175610080827601,0.006181717516226969
MLP,600,112,0.81010664,1,1.0,True,0.007713085911844966,0.0057036604446241415,0.006213640217465039,0.006302985059593314,0.005648744777831756
MLP,600,112,0.5248972,1,1.0,True,0.00683321415995087,0.005855695429596741,0.006673353209254965,0.0073490282321940536,0.006780522763193166
MLP,600,112,0.33878678,0,1.0,False,0.003911296602785885,0.005195211949880414,0.004526575952567233,0.004983109567698755,0.004731932987990491
MLP,600,112,0.5128884,1,1.0,True,0.004386263923754989,0.0038282831849949916,0.004705487167947289,0.004965667422396544,0.005502490367829508
MLP,600,112,0.38049793,0,0.0,True,0.003600012460558423,0.002263568175217142,0.0005644304469241608,0.0008266256640070178,3.193728624581319e-05
MLP,600,112,0.32048666,0,1.0,False,0.0031239477437377387,0.0042712314430792785,0.005312441444181474,0.005069061484577675,0.005595701222489557
MLP,600,112,0.15671405,0,1.0,False,0.0022311604075575075,0.004477480303463549,0.005427036009333496,0.0047319185470133685,0.005350897903914303
MLP,600,112,0.2860421,0,1.0,False,0.004751788079877454,0.005140106184824004,0.004564708019942242,0.004995282652169235,0.005389769662761425
MLP,600,112,0.5753194,1,1.0,True,0.004417845531485506,0.0052736393399113,0.005567893137109893,0.006154110728275377,0.0053392863628091355
MLP,600,112,0.22536507,0,1.0,False,0.007172427151563,0.005724725754074757,0.004458587388149588,0.003579477473696772,0.0038306892940144083
MLP,600,112,0.14269622,0,0.0,True,0.0005472874576573589,0.0003556812714405202,-0.000284138764487714,0.00026566408499751893,-0.00025809850423936994
MLP,600,112,0.18927884,0,0.0,True,0.0008959005689170871,0.00018654114940515627,0.00032697730800402956,0.00022869434345642185,0.0006420645103132416
MLP,600,112,0.389375,0,0.0,True,0.0005632669272927451,0.0009956538200613578,0.0011554889187486983,0.0006460940372417673,0.0006807462163898271
MLP,600,112,0.5767332,1,1.0,True,0.005091289821954468,0.007409480087529019,0.006911157675808478,0.0064761720685301925,0.005847171821252881
MLP,600,112,0.23677963,0,0.0,True,0.0016719393505197637,0.0013697536076938055,0.001726711601092934,0.0008852823771263717,0.0006042911880294479
MLP,600,112,0.25383735,0,1.0,False,0.004430075717223364,0.004097058214230401,0.004579244638548026,0.0051028851024407275,0.005495298180968125
MLP,600,112,0.11219778,0,0.0,True,0.0013637076251707325,-0.0005259348921616306,-0.00027470864014558305,7.432232818914142e-05,-0.0002384732094484727
MLP,600,112,0.5352868,1,1.0,True,0.004689676510275374,0.006080630122084315,0.005257009955837162,0.0052482532187956695,0.004981210423415258
MLP,600,112,0.3470172,0,1.0,False,0.0067887377947129,0.003550116236998999,0.003321732519542661,0.004267287789533649,0.004573434987358987
MLP,600,112,0.25290972,0,0.0,True,0.0008813576658515905,0.002174477632302134,0.001210071062532436,0.0005002374589116572,0.0006109374960725243
MLP,600,112,0.59964985,1,1.0,True,0.007620167055181422,0.0052429623572056985,0.0053364779401211,0.006519405362515317,0.006352450365526764
MLP,600,112,0.12609936,0,0.0,True,0.0005837407482122636,0.001015848994162643,-0.0001027848473704313,0.00045686667249224104,0.00022946967619863378
MLP,600,112,0.4945354,0,1.0,False,0.0057146663941384295,0.004310480537648619,0.004148817625417077,0.0040988766274312706,0.0036605218003306276
MLP,600,112,0.6872485,1,1.0,True,0.002392442272479639,0.004293646831736522,0.004594555113616264,0.004784802724140473,0.0053038696595381985
MLP,600,112,0.3743034,0,1.0,False,0.005572349905385013,0.004693645106288354,0.004492202681096026,0.004593462224986965,0.005080287391731569
MLP,600,112,0.19781183,0,0.0,True,0.0007260942094004863,0.00042056232417385977,0.00056592667737613,0.0006277900738528838,-7.185312994775102e-05
MLP,600,112,0.22703326,0,1.0,False,0.005920688032403377,0.005591150489715175,0.006177303299876424,0.006652045005697761,0.006303096041555352
MLP,600,112,0.53448224,1,1.0,True,0.0038380320563756514,0.0031145355402108555,0.004472724481225724,0.0034293917636836627,0.004239494058597558
MLP,600,112,0.2694183,0,0.0,True,0.0017525913187958428,0.0023917683685691403,0.0015344495233538926,0.00019356979188595532,0.00016945525155828226
MLP,600,112,0.37443528,0,0.0,True,0.0031765582331016308,0.0015306585028137185,0.0016508580217366499,0.00131555297882347,0.0012797269228387441
MLP,600,112,0.46741608,0,1.0,False,0.0055923309948948076,0.00505682736221943,0.004282531796741773,0.0048183950668340605,0.0052772006052242025
MLP,600,112,0.2147961,0,0.0,True,0.0007219302967817057,0.0005916251392179939,0.00024558224274526876,-0.00019686096426098975,8.208773513230762e-05
MLP,600,112,0.21054143,0,0.0,True,-0.002980492160875304,-5.340469343414843e-07,-0.0007614106843539541,-0.0008652569497191553,-0.0004243390258514424
MLP,600,112,0.4392441,0,1.0,False,0.006963001757432687,0.006400186665348935,0.006555540801698171,0.005566027030812713,0.0062910613274235585
MLP,600,112,0.3961569,0,0.0,True,0.0023816791454265517,0.002330762449221316,0.0019192898775892836,0.001098940180423621,0.0014672464992656195
MLP,600,112,0.14497009,0,0.0,True,-0.00025817537320494544,-8.025154919200202e-05,-0.0001974565114131179,0.00014677735791899165,0.00010353705147520029
MLP,600,112,0.10765315,0,0.0,True,0.0012496025358994347,0.0005936919771143005,2.5750049269588517e-05,-6.883640371699311e-05,0.00019261238270708192
MLP,600,112,0.16770442,0,0.0,True,-0.0013855469194971881,0.0008216554993389009,0.0010220722655476429,0.0004143558977632034,0.0003083264249478857
MLP,600,112,0.22941113,0,0.0,True,0.0005020810419562032,-0.0009789275066252262,-0.0008442184368834537,-0.00010887612161338571,-0.0002308820140305144
MLP,600,112,0.4401643,0,1.0,False,0.007459180865861553,0.006070174906837976,0.006211896787376246,0.00677930563031131,0.006550898348079436
MLP,600,112,0.2547286,0,1.0,False,0.004327694175615541,0.0037445799544281485,0.005895656142411175,0.0059155908367676075,0.0054003809993061975
MLP,600,112,0.26236972,0,0.0,True,0.002163720561169524,0.0022879901650351194,0.0020502076873066244,0.00124021581129087,0.0005695640164568622
MLP,600,112,0.666202,1,1.0,True,0.01017209890903732,0.008852639897393365,0.006953189164140239,0.007247740800632874,0.006934741318665423
MLP,600,112,0.22875483,0,1.0,False,0.005079331070555835,0.004760577518752975,0.004288815368844889,0.005084950658979698,0.00441052932922585
MLP,600,112,0.3629434,0,1.0,False,0.001023519403632767,0.002099319497701177,0.002208550514765534,0.0031733648974339576,0.003564468877583906
MLP,600,112,0.56325305,1,1.0,True,0.007089818619475782,0.0067837247122849754,0.0057692929389680314,0.005122693155616546,0.004710009873801638
MLP,600,112,0.20701997,0,0.0,True,-0.0005564880012589916,-0.0008326399743772972,-0.0005425513506781062,-0.0007573236314303091,-0.000569516044001113
MLP,600,112,0.21975078,0,1.0,False,0.0026236399319624743,0.0018407215398466698,0.003218962922900372,0.004041714983188533,0.004112086005733144
MLP,600,112,0.3041076,0,1.0,False,0.002906905310084841,0.004555216878035427,0.0036475320006849293,0.00412203530231265,0.005312140432026253
MLP,600,112,0.16287473,0,0.0,True,0.0010718830507692814,2.5700955668874976e-05,-0.0007231947055894626,-0.000610410204494206,-0.0004166490743988112
MLP,600,112,0.13178165,0,0.0,True,0.00400729354643052,-0.00037266982551558976,-9.986723476792153e-05,0.000198364422758919,-3.8780674606268055e-05
MLP,600,112,0.27382016,0,0.0,True,-0.000977459713398658,-0.0001957908017607092,0.0006001602106801767,-1.916707568380619e-05,0.0002060213474572048
MLP,600,112,0.50692,1,1.0,True,0.008389927366543691,0.008380354034084365,0.008627218087143663,0.008044603700698373,0.007527425129769097
MLP,600,112,0.16855611,0,0.0,True,-0.0009476177773265391,0.00011823595372565656,-0.0003285068655798778,0.0003207042591568923,0.00014927614844431963
MLP,600,112,0.43507075,0,1.0,False,0.002655430141739664,0.004030308301066066,0.004311336929068598,0.005361959946717146,0.005124197878321874
MLP,600,112,0.14170337,0,0.0,True,-0.0018858918059176174,-0.0006678566181694922,-0.00048827942072183876,-0.0008013964824707202,-0.00044943370823123067
MLP,600,112,0.71145344,1,1.0,True,0.00707065833609633,0.007956214611263626,0.007985352975957325,0.007156911822157478,0.006642426747413785
MLP,600,112,0.17435113,0,0.0,True,-0.002495593928961418,-0.0017402918571294758,-0.0014945646012201011,-0.0015506314368704973,-0.0010723604268306468
MLP,600,112,0.10170442,0,0.0,True,-0.0032542502219133278,-0.0029784744859120294,-0.0031778459991197556,-0.002030742480503955,-0.0014548072570252522
MLP,600,112,0.4962359,0,1.0,False,0.006303256562983998,0.005854678404760584,0.005572185049280539,0.005425746951521346,0.0049197117924295874
MLP,600,112,0.27125043,0,1.0,False,0.00525567630276825,0.004482610500513772,0.00486052358997549,0.005481471731283305,0.0051842289988804245
MLP,600,112,0.7147658,1,1.0,True,0.005057489962733557,0.004137121271695575,0.003590599279864919,0.004038055407002774,0.004475768433241975
MLP,600,112,0.20509057,0,1.0,False,0.004391931077407011,0.005879774152333476,0.005383551665345289,0.00590419506299929,0.00594312599391504
MLP,600,112,0.17094792,0,1.0,False,0.004486318917172366,0.004715209285105627,0.004854051155351081,0.004074537051142622,0.004792086863889854
MLP,600,112,0.20034426,0,0.0,True,-0.0011685078626822935,-0.0012140766731952813,-0.0010737042907679746,-0.0011446730657357605,-0.0004172007995816977
MLP,600,112,0.23929864,0,0.0,True,-0.0010352797747998717,-0.00029818986223488416,-0.0006709770980100131,-0.0005051084138148086,-0.00041006504238821385
MLP,600,112,0.3235688,0,1.0,False,0.006126879095435382,0.006014857157299736,0.005330019518001666,0.005096049486037465,0.004628890886840074
MLP,600,112,0.20458156,0,0.0,True,-0.003507631940768422,-0.002480102836024425,-0.002777618798351711,-0.002520535569740538,-0.0019113132279845505
MLP,600,112,0.10723275,0,0.0,True,-0.0013113721637444378,-0.0003296276806014957,0.00013549889379624192,-0.00032605126920615097,0.00019271158776237423
MLP,600,112,0.27658185,0,1.0,False,0.002569627299084672,0.004604365735043339,0.004853449800310018,0.0047141044310316845,0.00430684290609694
MLP,600,112,0.34329298,0,1.0,False,0.008075847177099499,0.005308747027810494,0.006047242032704849,0.006469718307603414,0.006529323085954613
MLP,600,112,0.5831628,1,1.0,True,0.0008860844364537333,0.002126172426485597,0.0032433423596756918,0.00398202766912956,0.005130145452789292
MLP,600,112,0.13723671,0,0.0,True,-0.0023831337236542064,-0.00017677900969330853,-0.0002205362885719074,-0.00036112282292806295,8.358617516480812e-05
MLP,600,112,0.34488052,0,1.0,False,0.003015724287937837,0.0041094480297305495,0.005770525221351232,0.005080080520098398,0.0045100720832257505
MLP,600,112,0.19275208,0,0.0,True,-0.0012825708354421543,-0.0016008743782596944,-0.0008125036212345564,-0.00069132822966493,-0.00012741767596600916
MLP,600,112,0.14908062,0,0.0,True,7.661180298992054e-05,-0.0015134578363032829,5.812979243379878e-05,0.000336212823307009,0.0003426239670121039
MLP,600,112,0.3535653,0,1.0,False,0.005152773778716442,0.006318440089768343,0.006297030437126845,0.006396457205541264,0.005378627616971197
MLP,600,112,0.17844285,0,0.0,True,-0.0013309145255889748,-0.0007026383520448922,-6.947686731217662e-05,-8.702409086212064e-05,-7.272726766559629e-06
MLP,600,112,0.43623826,0,1.0,False,0.004307189793246744,0.005332770541376725,0.0052433928141998555,0.005478369146589175,0.0052339359787311225
MLP,600,112,0.3040453,0,1.0,False,0.005868134801601205,0.0053412928901032525,0.0051089594859149365,0.005788103817674506,0.00550477740314514
MLP,600,111,0.2089479,0,0.0,True,0.00042115982694716596,0.0003742745924143261,0.0006691242411855718,0.0006245988658896499,0.0004439928162292469
MLP,600,111,0.13936062,0,0.0,True,-0.0008201778241805905,-0.0003028584827216281,-0.0004906760273374177,-0.0009211549580040457,-0.0009378463721548844
MLP,600,111,0.67246723,1,1.0,True,0.0033721581766645264,0.0036034675758284847,0.005029818972636889,0.005379378769849594,0.005071104985149726
MLP,600,111,0.28534052,0,1.0,False,0.011528209025674521,0.007068853412126439,0.006115146962414253,0.006246747163518656,0.005999758667194058
MLP,600,111,0.49266517,0,1.0,False,0.00453319765560686,0.004433872273726351,0.004813783887875729,0.004513754641760875,0.005078644887776897
MLP,600,111,0.3439458,0,1.0,False,0.005224343669579923,0.003886297375613761,0.0044655648124474635,0.005403333074323359,0.00557895982287343
MLP,600,111,0.2820409,0,1.0,False,0.005239905137502911,0.0053949163777466756,0.00514086296025464,0.005417530375045698,0.005383680144454857
MLP,600,111,0.23284963,0,0.0,True,0.0014300856813613185,-0.00034535989831045526,0.0005703865239019725,-0.0003821741973524358,-0.0005572443947502597
MLP,600,111,0.20388122,0,0.0,True,0.0004901555707422059,-0.0005342160904425371,-0.0005069063109580595,4.2061262193659514e-05,6.0479546374782984e-05
MLP,600,111,0.5054926,1,1.0,True,0.009197217420107495,0.00803267404824081,0.006959000968330157,0.006611056520534481,0.006130590643848725
MLP,600,111,0.18080471,0,0.0,True,-0.0011485794281022857,-0.0030988947047200246,-0.0024586078383035488,-0.0019171621176770346,-0.0006432043322524213
MLP,600,111,0.20273304,0,0.0,True,0.002692732221115558,0.0005340469361793289,0.000685047220718531,2.736188644521396e-05,-0.00025293110026182664
MLP,600,111,0.39023033,0,1.0,False,0.00224186104012536,0.004379754793648346,0.004157681574117088,0.00544572667055203,0.005259031918094236
MLP,600,111,0.23924972,0,0.0,True,0.0012119208978802524,-0.0006806930200351839,-0.0008577756584534725,-0.0002759682854210096,-0.00013409495201835748
MLP,600,111,0.2208389,0,1.0,False,0.004258604756362872,0.005025362877115009,0.005293540729158351,0.005905712838966545,0.005801039531867513
MLP,600,111,0.4620882,0,1.0,False,0.004000415437751832,0.0035753019552193094,0.0038234043056374857,0.004183589022673952,0.0036834877915963246
MLP,600,111,0.44565076,0,1.0,False,0.009831430784895843,0.008277465286244493,0.00762945767532564,0.00623426292427946,0.005567601897797107
MLP,600,111,0.39074394,0,1.0,False,0.006126574610947081,0.006000792787141531,0.006207434337449395,0.005649582472988624,0.00527823384137969
MLP,600,111,0.23854879,0,0.0,True,-0.0005358623802905249,0.0002517241207705179,-0.0004773955336591935,-0.0010729118132144246,-0.00019610508294896618
MLP,600,111,0.16388096,0,0.0,True,-0.0016805935777586885,-0.00014203601763826943,-0.0009940624819004449,-0.0009442134946149569,-0.001006145199374509
MLP,600,111,0.31532702,0,0.0,True,-0.004319466694132702,-0.002735827373308023,-0.0012647185415621852,-0.0006637564066287869,-0.00048145709050518394
MLP,600,111,0.27325055,0,1.0,False,0.005459872683107777,0.004637844169267386,0.004808279636162253,0.004915406869024294,0.004802807862411212
MLP,600,111,0.52929896,1,1.0,True,0.0018306815111786292,0.003096251967059936,0.002754994965301938,0.004035879430247807,0.004343350902814433
MLP,600,111,0.20360465,0,0.0,True,0.0015342299548070603,0.0006694226996841285,0.0006913515245559541,7.36099229995148e-05,0.0006303131321696494
MLP,600,111,0.451901,0,1.0,False,0.004338010856138513,0.004603426045514007,0.005469516678569301,0.005526264495920325,0.005054154105781256
MLP,600,111,0.6147992,1,1.0,True,0.008210854006977032,0.0069536478185274015,0.006498814134620159,0.007100820850643821,0.006912201612403248
MLP,600,111,0.15663326,0,0.0,True,-0.001275741179073021,-0.0011069983319433505,-0.0001631088574105974,-0.00041003251735753106,-0.0006870082726736481
MLP,600,111,0.4109655,0,1.0,False,0.003225802456262906,0.005019468199582783,0.00475348260089816,0.005173167528676247,0.0051243596343244656
MLP,600,111,0.17861804,0,0.0,True,0.004443301743062682,0.002375240318069463,0.0005303389071348801,0.0010709369673235173,0.0009617220725382893
MLP,600,111,0.3872071,0,1.0,False,0.004512524214600543,0.004828135600504845,0.004575770560279474,0.004897563321732941,0.005534782429064915
MLP,600,111,0.091664135,0,0.0,True,-0.00029003640762303756,8.012317571515925e-05,0.0009246557833333155,0.0006451075234497074,0.00042037369491053117
MLP,600,111,0.16770317,0,0.0,True,0.0004863967180882756,0.0005479406566760378,0.0003495223277560772,0.0004232198109164329,0.0008015230345416386
MLP,600,111,0.19900233,0,1.0,False,0.006882519750754048,0.007239205607914638,0.006373864960543363,0.005849604126574627,0.005504087498320543
MLP,600,111,0.13482346,0,0.0,True,-6.416052009565824e-05,0.0008743244399488598,0.0007273777372761178,-0.00011722269766988033,0.0004270305722284629
MLP,600,111,0.46743354,0,1.0,False,0.0046609704644767005,0.004138666940091121,0.0033999079455078436,0.003936505779531436,0.004068173596808527
MLP,600,111,0.24302639,0,0.0,True,-0.002631254594230477,-0.0021909844999070498,-0.0009379034251571219,-0.0010679642734685558,-0.0010045255313941954
MLP,600,111,0.5181081,1,1.0,True,0.004832332383150489,0.007944446163108175,0.007107736066902785,0.006899499490817918,0.006911652710132486
MLP,600,111,0.7194859,1,1.0,True,0.006265415681309064,0.005499292298625542,0.005952674649504605,0.005979959065256622,0.005828618449935115
MLP,600,111,0.19045596,0,0.0,True,0.0008921278220928489,0.0007566158903135143,-0.0003269614157148814,-0.0002003528465899766,0.00013358877163234967
MLP,600,111,0.5106147,1,1.0,True,0.006605322091381871,0.005597166527099711,0.005904695510945408,0.005501921875887159,0.005266178246111228
MLP,600,111,0.2102148,0,1.0,False,0.004190140107008718,0.005570294710472122,0.006921938233864318,0.007003833092303186,0.006819517425853019
MLP,600,111,0.22231574,0,1.0,False,0.006359773262961156,0.005374432440694668,0.006880264887336805,0.006966622912260635,0.0065050396719877075
MLP,600,111,0.24743706,0,0.0,True,-0.0002648258289285032,-0.001329129151966927,-0.0012300368879330332,-0.001054041745246903,-0.0008906181559400127
MLP,600,111,0.5776724,1,1.0,True,0.005881925026628345,0.004845318695820798,0.005754252096567318,0.005142172202212217,0.00565712327138128
MLP,600,111,0.16296913,0,0.0,True,0.0009222142581486634,0.0014716570788007761,0.0018639810007624231,0.001105978561971243,0.001060645577597492
MLP,600,111,0.2049682,0,0.0,True,0.0010687708465831087,0.0007855429292030859,0.0008438498205132367,0.001155267438173656,0.001779401110774303
MLP,600,111,0.25270358,0,1.0,False,0.005124520363923506,0.006025351313459293,0.005069701630699908,0.005632270364710687,0.0055378794896035225
MLP,600,111,0.21000794,0,1.0,False,0.006253597529686041,0.005754836866240586,0.00560612964550399,0.00557592375640272,0.005732791751004333
MLP,600,111,0.26011306,0,0.0,True,-0.0008897300039727407,-2.7154624222699143e-05,4.146799621389125e-05,-0.00048340386704270877,-0.0005555132692800911
MLP,600,111,0.3561472,0,1.0,False,0.008299956544041084,0.006981383454288545,0.006857217713291197,0.006104883013909244,0.006267587536941858
MLP,600,111,0.20509326,0,0.0,True,0.0014150740385871826,0.0004919782738602329,0.0005741683800772437,0.00014545251916791804,-0.0008459439053315066
MLP,600,111,0.1525996,0,0.0,True,0.0010403318558293018,-0.00020667328543045628,-0.00013451018897812773,8.561440953285645e-05,-7.357028110505448e-05
MLP,600,111,0.28275633,0,1.0,False,0.001980208841767293,0.004416179374143248,0.0040431096615986244,0.0051344585783656745,0.00472805780715933
MLP,600,111,0.17702904,0,0.0,True,-0.00037294587708774923,0.00013081102353985712,-0.0008380266012184574,-0.0006443994207340199,-0.0005070246236139396
MLP,600,111,0.38291737,0,1.0,False,0.004661295718181848,0.006801540156965504,0.006860450137656121,0.006809101395304447,0.006406384393875186
MLP,600,111,0.4620478,0,0.0,True,0.00013894642981554273,0.0007739623072300038,0.0005330771779021842,0.0005270045034257008,0.00037836615721899655
MLP,600,111,0.35878143,0,1.0,False,0.00460485539572487,0.0036225665147604194,0.0046196175391269466,0.004501518226117395,0.004358270393493224
MLP,600,111,0.14224665,0,0.0,True,-0.0007684710874906604,-0.0010671357045969384,-0.0002943218578328954,-5.523968510120488e-05,-8.70516169329026e-06
MLP,600,111,0.1480116,0,0.0,True,0.003103153349695073,0.0012093363716489107,0.00032493253488616373,5.093136415941867e-05,0.00017215255716685043
MLP,600,111,0.17001835,0,0.0,True,0.0013522173234218166,0.0019743527409526295,0.0006447106233283835,0.0005578475061522705,-0.0001351563438721578
MLP,600,111,0.1706128,0,0.0,True,-0.0017601976748056623,-0.0012353281975534117,-0.001304189423111905,-0.0008748004923658011,1.2807368391554185e-05
MLP,600,111,0.3574634,0,1.0,False,0.00875458876955775,0.005225138812582567,0.005443214615364318,0.005044156586121862,0.0046430812072569844
MLP,600,111,0.34845152,0,1.0,False,0.005570202980037061,0.006237202744288913,0.0049489761136999235,0.0054049596532227216,0.005825005740028287
MLP,600,111,0.4301999,0,1.0,False,0.004509360274581608,0.005300957990321596,0.00530241585856558,0.005087666096913223,0.004997000445928109
MLP,600,111,0.26956436,0,0.0,True,-0.0017624551239923448,-0.001026009126219615,-0.0004833596183227532,1.1325655289440876e-05,-0.0007018882288929963
MLP,600,111,0.39593428,0,1.0,False,0.004991357004987566,0.006819584681356993,0.005952988938401649,0.005482389958530282,0.005712855701312232
MLP,600,111,0.15746443,0,0.0,True,0.0012003978048641167,0.00047737200969959345,-3.702762407812036e-05,4.566299675496248e-05,-3.527184284369978e-05
MLP,600,111,0.24840079,0,0.0,True,0.0003876654009497465,5.941034874183678e-05,0.0003493590727945782,0.0002980965401731041,0.0002114858708281708
MLP,600,111,0.26628637,0,1.0,False,0.004733956946205425,0.005177962744453603,0.005373758675610706,0.005548064098337386,0.004766873460615248
MLP,600,111,0.45700538,0,1.0,False,0.010150257771800867,0.0076944645269571895,0.008181046585792313,0.006689996138486181,0.0066259933557847855
MLP,600,111,0.38982478,0,1.0,False,0.00410906789519978,0.006014388812211544,0.006865778315387669,0.0063911668743440375,0.006145964587060546
MLP,600,111,0.12939356,0,0.0,True,0.0002490831884024533,-0.00028535646129205095,0.00046707690264590645,-0.00043623740413407567,-0.0003694821286454319
MLP,600,111,0.43698522,0,1.0,False,0.001839375586955881,0.0018048145818070434,0.002017313556304026,0.002678257846544777,0.004428608531525018
MLP,600,111,0.6096048,1,1.0,True,0.005410661015359944,0.005504671822247421,0.005151130774209937,0.005667842245651369,0.005608519018710468
MLP,600,111,0.9147687,1,1.0,True,0.0027264196943344652,0.002446838619948245,0.0031262112862584035,0.0033939023867961024,0.003499050678657745
MLP,600,111,0.40151367,0,1.0,False,0.004648753710058006,0.004905692288778567,0.005648403291654076,0.004929330912325638,0.005247143110357944
MLP,600,111,0.56291044,1,1.0,True,0.006257335343506653,0.005207073173219776,0.006256716358647035,0.006271962875765178,0.005410903281100563
MLP,600,111,0.18367067,0,1.0,False,0.004457056435880666,0.004563741265551942,0.003570758954916098,0.0044863511411055036,0.004783568470598566
MLP,600,111,0.1739085,0,1.0,False,0.004761280167795208,0.005795735884074428,0.0056111626878071474,0.005486322952308644,0.00537837486363749
MLP,600,111,0.44723243,0,1.0,False,0.005601574619777928,0.005452110264407629,0.004908733687775846,0.005035801763036347,0.004884992154957335
MLP,600,111,0.29216042,0,1.0,False,0.008777863773998194,0.006718802899972596,0.007436173058016353,0.006625796974612354,0.005594959493030827
MLP,600,111,0.2206687,0,1.0,False,0.006107137507181283,0.008381210100493515,0.0072517803427348,0.007353101692174091,0.007272384947922443
MLP,600,111,0.3264119,0,1.0,False,0.004748113986789611,0.004453859524117793,0.0047170222320015295,0.005115880873518462,0.004308858350960694
MLP,600,111,0.35348576,0,1.0,False,0.0030894258579221385,0.0042724862463440726,0.004268278691405146,0.00535578508210779,0.005343483925033604
MLP,600,111,0.38470566,0,1.0,False,0.006822609190230997,0.004837394660489868,0.004547096973862298,0.00526122265094408,0.004745345727183019
MLP,600,111,0.5248555,1,1.0,True,0.0076075070077670295,0.007415845474161505,0.0074915923037586095,0.0073793769247223265,0.006443476414558788
MLP,600,111,0.41124418,0,1.0,False,0.003016130096075698,0.004728475761735804,0.00513376481634802,0.005294266978866828,0.005730862015216848
MLP,600,111,0.16882569,0,0.0,True,-0.0028275243026248016,-0.0010003676020617824,-0.0007067792557367347,-0.0005656119658780734,-0.0004418527450818907
MLP,600,111,0.13497627,0,0.0,True,-0.00032193026330984203,-0.0014501149708917548,-0.0018220448003761752,-0.0014876074270240508,-0.0012422502650976692
MLP,600,111,0.11371566,0,0.0,True,0.0039251673222953,0.0019401643378847515,0.0013676414311968995,0.00108425542099935,0.0006708869369210243
MLP,600,111,0.33494195,0,1.0,False,0.007464277480451598,0.005927654082655534,0.006725917940702488,0.005943020521832009,0.005230840744179986
MLP,600,111,0.19342172,0,1.0,False,0.007689713679409136,0.005894649668715427,0.006984118962685101,0.006239468788197437,0.005566158752144589
MLP,600,111,0.13833494,0,0.0,True,3.958889055741382e-05,-0.00133049303003092,-0.0008095702286755041,-0.0003147399245125898,-0.000365901423472772
MLP,600,111,0.14808998,0,0.0,True,-2.5965006761080007e-05,-0.0012622109926118793,0.0009069028722925312,0.000890443467320582,0.0008384181265225192
MLP,600,111,0.15417841,0,0.0,True,0.0009840437691423277,0.0010684286509309948,0.0002517894053507755,0.00030871364724597547,0.0002481253980984635
MLP,600,111,0.17890386,0,0.0,True,0.0010721836063886838,0.0022622355006278534,0.0015330643912317035,0.0011685146209382076,0.001494677765397567
MLP,600,111,0.3017544,0,0.0,True,0.0004769206261814596,-0.00012128503682200243,0.0003680244003096701,0.0006983859116960825,0.0005608923546767831
MLP,600,111,0.38601726,0,1.0,False,0.006218675088927305,0.008184575281220878,0.006270181229899896,0.006734036203108313,0.006342662874649773
MLP,600,111,0.62826085,1,1.0,True,0.0009736563674828731,0.001804276952308457,0.0036211235819122735,0.004807352273122188,0.004781510087755364
MLP,600,111,0.14173953,0,0.0,True,-0.0014169952348850234,-0.00223978492577068,-0.001991887876047004,-0.001780740178403406,-0.0009218266368235952
MLP,600,110,0.32041818,0,1.0,False,0.005618247765211384,0.004726604474483969,0.005961108038788286,0.005850866092072448,0.0060368653753556075
MLP,600,110,0.18927324,0,0.0,True,-1.2291870483552444e-05,-0.001452012057131647,-0.0008019747691896172,-0.0007821806737066644,-0.0010698348693549819
MLP,600,110,0.35109374,0,1.0,False,0.00824300913617294,0.004059207872899222,0.005092826795365939,0.005226198155820272,0.005627516552344713
MLP,600,110,0.15433167,0,0.0,True,0.000980037555628366,0.0019696573068202204,0.0015598840754212633,0.0012382120383225242,0.0015366866391594847
MLP,600,110,0.38981646,0,1.0,False,0.005459277123758426,0.006716145071943057,0.006316169807163956,0.005390547560787003,0.005376691301067474
MLP,600,110,0.19919766,0,0.0,True,-0.000684761300854926,-4.76043700223665e-05,0.0004921202456634048,0.0008295884221889288,0.0004877492844290058
MLP,600,110,0.11088786,0,0.0,True,-0.0011239600986690855,-0.0012810861466401955,-0.0002100944577923529,4.448296595631038e-05,0.00027678670607540626
MLP,600,110,0.19874707,0,0.0,True,-0.0010078203456667482,-9.251494066896974e-05,-0.00021800166040536893,-0.0005305790612818643,-0.00038809635132362475
MLP,600,110,0.1691182,0,0.0,True,-0.0016300707180302491,-0.0025950797826227493,-0.0026604024477123005,-0.002266072112310172,-0.0018366609514240701
MLP,600,110,0.4635437,0,1.0,False,0.0029314009204611953,0.0040590126903193345,0.004738953471542236,0.005131213973671096,0.005837862846510177
MLP,600,110,0.18939838,0,0.0,True,0.001173989219406733,0.0004481538338978573,0.00020792333130977637,0.000412657444087375,3.667516655969926e-05
MLP,600,110,0.32991454,0,1.0,False,0.006974626462980368,0.00456350968208786,0.003568044043405487,0.0029359426481585732,0.0035667442801086617
MLP,600,110,0.66783845,1,1.0,True,0.007696149516834415,0.006619306324345683,0.005960561348112095,0.006257953218255688,0.006013310411969816
MLP,600,110,0.36906818,0,1.0,False,0.0058136524712237335,0.006146636953815695,0.005822820368880361,0.0054762698887827746,0.005947549423634437
MLP,600,110,0.46294838,0,1.0,False,0.0019804739460953743,0.0040511226854738945,0.003839892562315361,0.0045669907388196105,0.00402165317534364
MLP,600,110,0.26042095,0,1.0,False,0.003157563028104244,0.004925802692349452,0.004924431491449875,0.0055158219233253265,0.005624101794121175
MLP,600,110,0.6454262,1,1.0,True,0.003837326598624988,0.003690531151367211,0.004290348488453147,0.004111494556171401,0.0046620293142888205
MLP,600,110,0.31294143,0,1.0,False,0.005123831481159805,0.003947468267198496,0.0038431138157030906,0.004074298876865062,0.0044581422015018074
MLP,600,110,0.7283392,1,1.0,True,0.005283136335257509,0.006400922277629532,0.006963640359768933,0.006288712565000799,0.005825935820899159
MLP,600,110,0.2821019,0,1.0,False,0.00846624753862134,0.006758328487764076,0.006068938192903308,0.00548378704216791,0.0056554017426027935
MLP,600,110,0.28834414,0,1.0,False,0.005262741650879749,0.0043062665853137935,0.0050486369258646675,0.005375116063545836,0.004772428396799408
MLP,600,110,0.16382422,0,0.0,True,0.0002609091993191338,0.0009517702464526349,0.001244321164353909,0.00143879954156976,0.0014199286440873136
MLP,600,110,0.2600417,0,0.0,True,0.0025594957085617142,0.0014978688304062163,0.0010252776755117145,0.0006523288884860474,0.001183310427788083
MLP,600,110,0.32273406,0,1.0,False,0.002983446481663176,0.005643192544058826,0.0058544809481238785,0.005004516908830314,0.004009534174440768
MLP,600,110,0.22646344,0,1.0,False,0.006490271689388196,0.00667344990627579,0.007230332247069084,0.006077303905836197,0.006122510376562028
MLP,600,110,0.32702285,0,0.0,True,0.0018279403252877875,0.000615108149413747,0.00035340378345406146,0.00038557973736122556,0.00026316656645374026
MLP,600,110,0.19794331,0,1.0,False,0.006654643699863971,0.005401639230306382,0.004984626402214565,0.005543584749582124,0.005115292455553053
MLP,600,110,0.44596362,0,1.0,False,0.0060955173693257965,0.005527064650590203,0.0059590701967758754,0.004990912954461606,0.005134383755702308
MLP,600,110,0.27718478,0,1.0,False,0.007683692164625005,0.008049368625579714,0.007503318044838286,0.007585768085917496,0.006685387543852475
MLP,600,110,0.15562621,0,1.0,False,0.0018085752180987801,0.0010971890822478818,0.0023058358095752025,0.002767087306661804,0.003764381870923412
MLP,600,110,0.10737456,0,0.0,True,0.0013683065274951323,0.0012079613767729401,0.0005103858587439943,0.0010845641451858636,0.0008714754127309074
MLP,600,110,0.13172315,0,0.0,True,-0.0010695083967153158,-0.0008058551099972146,-0.00021101314865052355,-0.0002632460319075314,-0.0005236552083270034
MLP,600,110,0.5841497,1,1.0,True,0.005022738818238485,0.004893525671878421,0.005983075119391969,0.0057613946933849965,0.005325038388455909
MLP,600,110,0.39003226,0,1.0,False,0.004329942798461966,0.004876077337830956,0.005327207296320967,0.004195669082158573,0.00457344352600518
MLP,600,110,0.15577655,0,0.0,True,-0.0025386002246295166,-0.00028227477763046745,0.0016359153111384687,0.0007660279102103804,0.0006465939387797572
MLP,600,110,0.43829203,0,1.0,False,0.003981823185125492,0.005085642748930998,0.005198085801485386,0.005068594380967714,0.005259724570214451
MLP,600,110,0.30035746,0,0.0,True,0.0031524519059876245,0.0023779713244285634,0.001654276684520682,0.0009648170762942528,0.0011024206544321365
MLP,600,110,0.433851,0,1.0,False,0.005177007077419591,0.005230810497361856,0.004412052879516422,0.004128149592418407,0.004337390753650273
MLP,600,110,0.14286996,0,0.0,True,-0.002207604799235863,-0.0026521884886287267,-0.0019214019379880925,-0.0012228426906116187,-0.0011830667177633665
MLP,600,110,0.20301238,0,0.0,True,0.0020698806168545935,0.00016684018079537498,0.00015769090414715451,0.0005339452467239764,-0.0001442718435640794
MLP,600,110,0.65685904,1,1.0,True,0.008484710067386143,0.007186022095320962,0.006093144001728217,0.005845261497769466,0.004847197820848683
MLP,600,110,0.29441494,0,1.0,False,0.006716806249747074,0.005368994449318765,0.004470495513112659,0.004608152221317263,0.005472985330980452
MLP,600,110,0.578815,1,1.0,True,0.006583106319884242,0.006641529385924645,0.006406471709963639,0.006515962261820888,0.005716279195483986
MLP,600,110,0.58887494,1,1.0,True,0.004554318751393659,0.003469246169397651,0.005364452734366822,0.005367391206388338,0.004681955383248826
MLP,600,110,0.5154462,1,1.0,True,0.00046072416068313767,0.0037999201903787653,0.004710769919874029,0.004100613940508394,0.004752672641743732
MLP,600,110,0.3326471,0,1.0,False,0.00783249210208457,0.006296285171131644,0.006760910198296384,0.006560011526934803,0.006324277087875826
MLP,600,110,0.3690657,0,1.0,False,0.004983840088693252,0.005553416595319527,0.006374697688310466,0.006446957092724998,0.00541150516926256
MLP,600,110,0.47988144,0,1.0,False,0.006503585317617918,0.005760274780554531,0.006551827358238472,0.005421137221962223,0.0058299490592061765
MLP,600,110,0.13780598,0,0.0,True,0.0016408977292082184,0.0013246869894587658,0.000705343987271156,-0.0001262542995321027,-0.00014685330428523062
MLP,600,110,0.28675625,0,0.0,True,0.00013642162139472852,-0.0009605737616244099,-0.0015893183684278645,-0.0021154109304782525,-0.0014395911488934033
MLP,600,110,0.2097126,0,1.0,False,0.001386009273734785,0.0021810535887703017,0.005262792617415172,0.005218627549111501,0.005103390694766133
MLP,600,110,0.28176937,0,1.0,False,0.008291198655732466,0.0068277212428772775,0.005712992791600292,0.005780467824731966,0.004755420604992803
MLP,600,110,0.17986432,0,1.0,False,0.005550795613418499,0.005625214906841151,0.0047112479541980695,0.004539879005118265,0.004170432202820759
MLP,600,110,0.17822753,0,0.0,True,-0.000933004942998138,-0.0008500756084564234,0.0008345273567680545,0.0006158526695433709,0.0010575144318245102
MLP,600,110,0.20621078,0,1.0,False,0.008609970955768747,0.006648616809264806,0.006367316622538246,0.006160891190424844,0.0058044311672361655
MLP,600,110,0.22089273,0,0.0,True,-0.0006071594509882174,-0.0015211275719333134,-0.0012901672390851352,-0.0007510243183285195,-0.0006695852698111183
MLP,600,110,0.15585682,0,0.0,True,-0.0015849064977468028,-0.0014470005632610731,-0.0018737978374305322,-0.0013880805162655105,-0.0011524444151716185
MLP,600,110,0.18007362,0,0.0,True,0.00040622981484396403,0.0012587022988338602,0.0007729468341695696,0.00045467081345645216,0.0007548852727380708
MLP,600,110,0.21287361,0,1.0,False,0.0032662734490816287,0.003945248169646873,0.005614394564528301,0.0049733699104212905,0.005061940799535766
MLP,600,110,0.8294585,1,1.0,True,0.0031744769900849228,0.002569166558539275,0.003271970754761841,0.003526156954296475,0.004515621777281693
MLP,600,110,0.2263774,0,1.0,False,0.010507970688701573,0.00994625305231442,0.0075790896569645355,0.007529264958544498,0.007169088597313072
MLP,600,110,0.1898756,0,0.0,True,-0.0009503326445977726,-0.0005557510856862092,-0.0004708595366544784,-0.0007033514158820163,-0.0006366612067758479
MLP,600,110,0.31066766,0,1.0,False,0.004735359382353138,0.003901150294120162,0.002981931610628588,0.0029705039167442215,0.003386765948227942
MLP,600,110,0.80413055,1,0.0,False,0.0031403263208187038,0.0012993697671458582,0.0014900315536411036,0.0013560693134957056,0.0011978712460123046
MLP,600,110,0.21671756,0,1.0,False,0.004466900258701436,0.0029140155640957482,0.003498863004162475,0.004174025829334926,0.0046828361019268724
MLP,600,110,0.20468175,0,0.0,True,0.0025720857779902616,-0.00011046006684444772,0.00033345353707872144,0.0006771238612986284,0.0004182531599586263
MLP,600,110,0.1452689,0,0.0,True,-0.0011063413631440277,0.0003274565236662836,-0.0009584201013717613,-0.00032772165677884865,0.0002709674228326876
MLP,600,110,0.17401955,0,1.0,False,0.002868236416006905,0.004611175996852989,0.0056026195369141595,0.005499068831147254,0.0054240478445416315
MLP,600,110,0.43943402,0,1.0,False,0.006063192650094228,0.0058398177268398094,0.005493382287482252,0.005609406034798621,0.005501200659622596
MLP,600,110,0.25642064,0,0.0,True,0.0029352067742665364,0.0013698198846656636,0.0008850177899315554,-0.00021247072563175483,-0.0002758375420199017
MLP,600,110,0.15563253,0,0.0,True,-0.002907114371850627,-0.001386289435619993,-0.0012211052237247365,-0.0013131674120391232,-0.0013735281169013065
MLP,600,110,0.4619142,0,1.0,False,0.005285049912270151,0.00444300446894001,0.003954440659295978,0.00424422071571701,0.003439403704590156
MLP,600,110,0.1765121,0,0.0,True,0.001369675865397192,-0.0002804753402706131,-0.00019237697319452154,2.6053686975966137e-05,0.0002846571929781517
MLP,600,110,0.3793375,0,1.0,False,0.004307289913863231,0.0052772067581878575,0.004926056357740823,0.004573704987360701,0.004879527122551419
MLP,600,110,0.33678064,0,0.0,True,0.00019063899941784208,0.0007672438215030627,0.0012425872796709674,0.0004421495208185957,-0.0002487319742167969
MLP,600,110,0.335728,0,1.0,False,0.003953002596471355,0.004521942473379492,0.004681960349360367,0.004831051138480963,0.004855324707001334
MLP,600,110,0.40931717,0,1.0,False,0.006382199638658996,0.005630021122525473,0.005168294026975467,0.005710464843862454,0.005431847535161223
MLP,600,110,0.18691729,0,0.0,True,0.0002559242505366314,-0.00017831652911901282,0.0009698632923756696,0.0007057439686256328,0.0006511083204613761
MLP,600,110,0.4032896,0,0.0,True,0.0026903410309879598,0.001105289081169304,0.0005005196743594225,0.000278688872536933,0.00023584468809436336
MLP,600,110,0.34969965,0,1.0,False,0.0037644797604726088,0.005730819401877409,0.006308674178157034,0.00607083574147321,0.005263263558588193
MLP,600,110,0.37446472,0,1.0,False,0.006402210394881599,0.007223231628227497,0.006126377540600371,0.0058376066953097685,0.005605767739493777
MLP,600,110,0.5328115,1,1.0,True,0.0051250419685973676,0.005263030797343822,0.004304983847851028,0.004011062938999157,0.004005487738003085
MLP,600,110,0.21023288,0,0.0,True,0.0018683145084444984,0.001463308219782417,0.00026975047455357967,-0.0002066007047956291,-2.844610327691608e-05
MLP,600,110,0.24126726,0,0.0,True,-6.199970590518207e-05,-0.0011565358090103298,-0.00048583040660946683,1.9911591874086786e-05,-0.0008350218016547644
MLP,600,110,0.26031238,0,1.0,False,0.009187282109140153,0.006156829819660163,0.005672382882407959,0.006785007335666426,0.006228703150296186
MLP,600,110,0.18315549,0,0.0,True,-0.0038244629258302534,-0.0018949910312596142,-0.0003989984383800713,-0.00013112275976704928,-0.0002571370326604321
MLP,600,110,0.2983299,0,0.0,True,0.0005221850668085528,-0.00027117058372607393,-0.00047492641755745674,-0.00011138488705416736,-0.0005025256790368614
MLP,600,110,0.48269334,0,1.0,False,0.006309323727472053,0.0056991437668048,0.005355572489969561,0.005528833211500345,0.005511941788546957
MLP,600,110,0.14863624,0,0.0,True,0.001361279720855592,0.0017440708831771858,0.0008305035159617934,1.6300378802260396e-05,0.000901665494488769
MLP,600,110,0.13170768,0,1.0,False,0.005920733845311971,0.005429827834637301,0.005682847767303532,0.005332389639918892,0.0048433088562230865
MLP,600,110,0.36613876,0,0.0,True,-0.002162586219389385,-0.0014653934688279352,-0.0015176677568045857,-0.000590532822956246,-0.000501360874482369
MLP,600,110,0.177674,0,0.0,True,-0.0014204713609777908,-0.0003244899566114077,-0.0012221404855133212,-0.0011855221858584515,-0.0007082894842796646
MLP,600,110,0.17386511,0,0.0,True,0.00035526503957146964,0.0002552792050111357,-0.00039108414100827964,-0.00044020281954900375,-0.0007657965204421028
MLP,600,110,0.3490364,0,1.0,False,0.004279255533624598,0.005703016694125909,0.0054087652945964595,0.00554827771565356,0.0053992294965034895
MLP,600,110,0.5935934,1,1.0,True,0.0031444248947940677,0.005238451891474802,0.005660129249867286,0.00565055784090215,0.005531916544017321
MLP,600,110,0.69569975,1,1.0,True,0.005097142668890328,0.006273805607057437,0.005724433552866721,0.006294094926247505,0.005061811098035545
MLP,600,110,0.18333489,0,0.0,True,0.00044408585527408006,-0.00029987296440938885,0.0007428962149702438,-0.0003441872141951442,0.00020413843206737057
MLP,600,110,0.21769191,0,0.0,True,-0.0007235967364446962,-0.00028141243091092254,-0.0005185333504338336,-0.0003627483413032426,3.449575330962875e-05
MLP,600,110,0.1551066,0,0.0,True,-0.0009507594694618699,-0.0005003196723934283,-0.000835111496628156,-0.0007032740027756853,-0.0009514282783081723
MLP,600,110,0.35331142,0,1.0,False,0.004574262077510179,0.005962090763249515,0.00576548559903102,0.0064532467349237115,0.005760990517133985
MLP,600,109,0.44899952,0,0.0,True,-0.0041073461805697575,-0.003236396576064113,-0.0008868008469955592,-0.00022646492266921214,-2.0632958172094678e-05
MLP,600,109,0.2077326,0,0.0,True,-0.0012587722109964662,-0.0004717206510497676,-0.000876167259261274,-0.0013329950353236904,-0.001249553089357584
MLP,600,109,0.16410767,0,0.0,True,4.441763819792096e-06,-0.0008197938399235983,0.0003798557083882563,0.0007032953730204418,0.000654492777105561
MLP,600,109,0.14068894,0,0.0,True,0.002565715040829606,-0.0008519577124653842,-0.000525617781997555,-0.0005352580606451614,0.0001800885098904765
MLP,600,109,0.5769226,1,1.0,True,0.006693314846087987,0.007222080658938978,0.0058495922289682695,0.006383841020261519,0.00680842651619221
MLP,600,109,0.7076092,1,1.0,True,0.010411780853527853,0.007532698784113955,0.007079123461560097,0.006181278809680489,0.006339436829881093
MLP,600,109,0.18259694,0,1.0,False,0.00336615192131283,0.004427103854162587,0.005463958105655841,0.006084553977977654,0.005724784971288126
MLP,600,109,0.14079405,0,0.0,True,0.00040615227721394734,-0.0006767579488128664,-0.0009365177833861495,-0.0009163840952666025,-0.0007784011656951132
MLP,600,109,0.42738283,0,1.0,False,0.001809415910257907,0.003665556750290193,0.0034399383030042177,0.004332604412674998,0.004564716163700064
MLP,600,109,0.41851637,0,0.0,True,-0.00013556531007646158,6.426161456686872e-05,-4.010457200250321e-05,-0.00015663758857856175,0.00010952500789920692
MLP,600,109,0.4143688,0,1.0,False,0.0040346598886433355,0.005636421798630964,0.004901699481827965,0.004795295324421782,0.0045608976672425125
MLP,600,109,0.19972958,0,0.0,True,0.0008672893853568273,-0.0001484149881681971,0.0007739705566862574,0.0010325979933976043,0.00099071491010529
MLP,600,109,0.3184655,0,1.0,False,0.006766483340081868,0.006969921790712582,0.006889384244246317,0.006759880162520514,0.005975167488212036
MLP,600,109,0.15142359,0,0.0,True,0.0008056328853176679,0.0003078206239255158,0.00018079752003512698,-0.0004084157355286722,-0.0001741996381578086
MLP,600,109,0.14014125,0,0.0,True,0.002227853717122009,0.0016614598066826906,0.0015457486002572695,0.0009765144754557958,0.0011394628205022113
MLP,600,109,0.14727573,0,0.0,True,0.0014378574267002323,8.557915595632147e-05,0.0011018996797336994,0.0004984554210985205,0.00018839143849132918
MLP,600,109,0.33522895,0,1.0,False,0.004641870056033981,0.005520295968085384,0.005474380037676579,0.004206898925066507,0.0044369478758803154
MLP,600,109,0.14123906,0,0.0,True,0.0002864729511322526,-0.0007575563578463986,-0.0011288622969515625,-0.0008216023287672492,-0.0005445596698828302
MLP,600,109,0.22854194,0,1.0,False,0.005657181351135385,0.00468458468816884,0.004035538194659468,0.0035043968317471797,0.0030522937820589295
MLP,600,109,0.415962,0,1.0,False,0.003207459260142192,0.004440876190759789,0.005302989797790507,0.005430234838769987,0.005543250722471235
MLP,600,109,0.67625415,1,1.0,True,0.00601977419482555,0.005281373992027844,0.004411707395440073,0.004646105965066736,0.004889017972894145
MLP,600,109,0.16501254,0,0.0,True,-0.00023944984886936724,0.00044538762012696627,0.0011648249500999424,0.0007027576621688982,0.0006396886104477242
MLP,600,109,0.2430685,0,0.0,True,0.0017072954827216753,0.001491435324612899,0.001342193703559774,0.000613851072373194,0.00026788258656640785
MLP,600,109,0.51269835,1,1.0,True,0.0032209161132573097,0.004100186607160559,0.005570625085124394,0.004689944740490247,0.004464585813860401
MLP,600,109,0.32814634,0,1.0,False,0.005063308064684846,0.004409670076692614,0.0055928083510975385,0.005222490801103996,0.005914173589603214
MLP,600,109,0.24381253,0,1.0,False,0.005894461952601758,0.004206422664605761,0.004612909627739237,0.0048475688885278555,0.004989159465942451
MLP,600,109,0.43978345,0,0.0,True,5.007459676657108e-05,-0.0004037941446797773,-0.0012374615101744457,2.7894721909017893e-05,-0.0004812930610846326
MLP,600,109,0.18330182,0,0.0,True,0.0008400578704017667,0.0012501043266579129,0.0008395696003882078,0.0010694670869524799,0.0008104514729305576
MLP,600,109,0.28474754,0,0.0,True,-0.0004231455960864785,-0.0018075245157559137,-0.000711871089864449,-1.280047762245588e-05,-0.0005976724417715609
MLP,600,109,0.20903738,0,0.0,True,-0.003768733887661104,9.061203350198293e-05,0.0006433948763406787,0.00013530501330029528,3.88544597932369e-05
MLP,600,109,0.40567392,0,1.0,False,0.0038942436253272266,0.0046742816486866935,0.005234789875996747,0.005767469684487689,0.005443974416181294
MLP,600,109,0.13230242,0,0.0,True,0.0032129664225365824,0.0021462833609657197,0.0005967018195654726,-0.00017355345101577498,1.2209950220906536e-05
MLP,600,109,0.29587317,0,1.0,False,0.00696511421888329,0.005197075237619007,0.005774707652539037,0.005377439592471109,0.0051795126511934644
MLP,600,109,0.15981108,0,0.0,True,0.0007644950468912106,-2.8653543593366722e-05,0.0002713024715522057,0.0003491502930566877,0.0005111002195600378
MLP,600,109,0.4341348,0,1.0,False,0.0024427936076879633,0.0027567345091419502,0.0033424561495157827,0.004453074516950847,0.004404048339620568
MLP,600,109,0.27483547,0,1.0,False,0.005498621401837544,0.006539477998659985,0.004410412118910946,0.003948427268359646,0.004454914065550955
MLP,600,109,0.46872735,0,1.0,False,0.005992595885800248,0.005549131816882725,0.005502522053440703,0.003980776330005572,0.004855320408202056
MLP,600,109,0.5327105,1,1.0,True,0.003398927717210671,0.004315083958653072,0.0036554146550357752,0.004765955951470656,0.004543849881657834
MLP,600,109,0.16579875,0,0.0,True,-4.6058628765279756e-05,0.0017360690038820347,0.0008474844341644092,6.112627149718098e-05,5.6410606926593405e-05
MLP,600,109,0.4727873,0,1.0,False,0.0057872888422990845,0.0047116306475891625,0.004377380338661195,0.004916118899332372,0.005080732457795176
MLP,600,109,0.2758885,0,1.0,False,0.0025572125458990847,0.00443041570254992,0.004088855868095582,0.003641762473145283,0.003573155871980433
MLP,600,109,0.66605604,1,1.0,True,0.003928776362655486,0.004007251621381782,0.004048692454427459,0.0042412974587822975,0.004733687262640075
MLP,600,109,0.6025656,1,1.0,True,0.00141890585017109,0.0036924619103314194,0.004548432550049251,0.004799107666354947,0.004772683746673443
MLP,600,109,0.42739666,0,1.0,False,0.001995432346529586,0.0032921717453634268,0.004252854673014093,0.004539094766500772,0.00493710414724116
MLP,600,109,0.3274054,0,1.0,False,0.005366932143336201,0.005875067143520187,0.006032989749536779,0.00650239707816465,0.006430467809946881
MLP,600,109,0.13087319,0,1.0,False,0.007321242958405968,0.00520533545051745,0.006146209085367076,0.005021625608268277,0.004361999986928877
MLP,600,109,0.17442743,0,1.0,False,0.004943317227876607,0.004928216805742413,0.0040155353521416255,0.0049967587092576374,0.004549486878444966
MLP,600,109,0.4039433,0,1.0,False,0.0040867405551744725,0.0043631291858613995,0.004489584059905562,0.004531014941191707,0.0046490917909856174
MLP,600,109,0.35931504,0,1.0,False,0.0053502322887255494,0.004697623277092822,0.005028840163869776,0.004996062576802545,0.004551299135837854
MLP,600,109,0.19422072,0,0.0,True,-0.00010622254795702126,-0.0012623536278693586,-0.0009637785556549594,-0.00018855545952222024,-0.0002430346597149515
MLP,600,109,0.39586958,0,0.0,True,0.0034279324836324642,0.0017627373357545564,0.0009606063787480769,0.0004700118941345651,0.0007314331077561239
MLP,600,109,0.31215724,0,0.0,True,-9.481333804156547e-05,-0.0013006898417845072,-0.0011299306669852374,-0.0005958187468714999,-0.0004067773500161221
MLP,600,109,0.7608101,1,1.0,True,0.006153670227647401,0.005435060298776278,0.006123662904387131,0.006240684337440109,0.0056253899711634124
MLP,600,109,0.21039167,0,1.0,False,0.003947274352333495,0.005897313119014977,0.005487030264428852,0.005437119390665392,0.005787307255779199
MLP,600,109,0.45314443,0,1.0,False,0.00465642487352335,0.0040951062956619405,0.0035980927197273665,0.004151422619723845,0.0036476669452074435
MLP,600,109,0.58138454,1,1.0,True,0.006395433189547171,0.006147507385062241,0.007211076176358434,0.007153725249247636,0.0064168191588477135
MLP,600,109,0.15219988,0,0.0,True,-0.0025320128412040606,-0.0017349070321554464,-0.00022297848239569005,0.0002761377572476431,0.0002043433353346746
MLP,600,109,0.21053502,0,1.0,False,0.005519853585412625,0.005644118529419842,0.004826704342881389,0.004387286708470979,0.004437428481544628
MLP,600,109,0.53007877,1,1.0,True,0.005278919784078899,0.004821099741163743,0.004881011674767579,0.0053036617759472686,0.005114001813468289
MLP,600,109,0.23564504,0,1.0,False,0.008794582363542724,0.007284558888760202,0.006314326130239364,0.006186537595891569,0.006140879062860441
MLP,600,109,0.1288147,0,0.0,True,-0.0011121574422681484,-0.001235481056079674,-0.001961228142634358,-0.002198610428341727,-0.0016295092876485384
MLP,600,109,0.57484,1,1.0,True,0.0032999003723577654,0.0052241162083617905,0.005477472206734858,0.004723819111675913,0.005327702792930807
MLP,600,109,0.36391267,0,1.0,False,0.009376641800635847,0.0073241258239512014,0.007085298414401689,0.007020454947729004,0.006908976626956332
MLP,600,109,0.14644575,0,0.0,True,-0.00036650763534205297,0.0014511971308446333,0.0013824616666004521,0.0013471140146782614,0.0016312304779502985
MLP,600,109,0.18971626,0,0.0,True,-0.00012055948561630357,0.0007958208054936303,0.0009461788483224384,-0.0002919019564288706,-0.0005827571851756251
MLP,600,109,0.37258968,0,1.0,False,0.00455188299002515,0.0018071652358390982,0.002671763852487767,0.0024127350252759272,0.0024510671753028945
MLP,600,109,0.15367375,0,0.0,True,-0.0031732642367847622,-0.0018613941524990216,-0.00015001059083316504,-0.00030558442679217996,-0.00034441393566121296
MLP,600,109,0.41451198,0,1.0,False,0.004476036203897092,0.004532375466708506,0.005620279237500576,0.00600729056241161,0.00573599270054422
MLP,600,109,0.25836015,0,1.0,False,0.00504396870049019,0.0064240932805179046,0.006117541708576916,0.0066499728792319066,0.006565807203443452
MLP,600,109,0.18746962,0,0.0,True,0.0026396518539986646,0.0017504022271245187,0.0012778936825624358,0.001047370647835335,0.0007739598281880165
MLP,600,109,0.16197582,0,0.0,True,0.0001433366184112433,0.0014273479349843654,0.001054289902268272,-0.0001446850655771973,-0.00033708437973170417
MLP,600,109,0.20724332,0,1.0,False,0.006344817512164152,0.005420154997233798,0.006825715867010526,0.006133520426092041,0.004971358794993963
MLP,600,109,0.5919047,1,1.0,True,0.005449146052774343,0.004735438776197078,0.005497590609612402,0.005805007208148773,0.005461067726676021
MLP,600,109,0.31682438,0,0.0,True,-0.00022475025990986087,-0.001096645375521996,-0.0006544039452766471,-0.001006408876938795,-0.0007124042919214169
MLP,600,109,0.20897056,0,1.0,False,0.00527196674121073,0.0055746201038451475,0.00544256066960509,0.00588782371476159,0.0055955487239850825
MLP,600,109,0.16180591,0,0.0,True,0.00022401512126711686,0.0009594411473735343,0.00033959666462727244,0.00039192790861790203,0.0003977441058449378
MLP,600,109,0.16666615,0,0.0,True,-0.001998744886065639,-0.0005856471892893529,-0.0010840730437115366,-0.0004638534564601237,-0.00025202048648799246
MLP,600,109,0.34870297,0,1.0,False,0.007774451472036204,0.0064253751578034505,0.005876526142867219,0.006044929407695161,0.006132288085371164
MLP,600,109,0.2941013,0,1.0,False,0.004807962284621412,0.005842334859063269,0.004769558956971266,0.004482527208523503,0.004549370835166231
MLP,600,109,0.46364394,0,0.0,True,-0.00032103948021103447,-0.0011315336403383994,-0.0011019186857924095,-0.000998341175923227,-0.00058704603495156
MLP,600,109,0.13406678,0,0.0,True,-0.003104179024543589,-0.0037527673698070324,-0.002143165814741251,-0.0009502478207454214,-0.00093370052335025
MLP,600,109,0.32813907,0,0.0,True,-0.0025781233054127995,-0.0006254163306429342,-0.00045501191794352925,-0.0008621863391439101,-0.0011127886307206029
MLP,600,109,0.28776708,0,0.0,True,0.0010953658977415918,0.0008178209995465329,0.000859412545777698,0.0004161482703566187,0.00010745290458145439
MLP,600,109,0.19460568,0,1.0,False,0.0037996014584595517,0.0034714371201461196,0.003989881154735601,0.00404620506426111,0.004013236259039187
MLP,600,109,0.30559936,0,0.0,True,0.00244135667830091,0.0016610184070968183,0.0005838974868659091,0.00012133570791933306,0.0007612647382702901
MLP,600,109,0.4368132,0,1.0,False,0.002753482220255702,0.003237657937948998,0.003477365195231652,0.003571030450839108,0.0038585399718494093
MLP,600,109,0.39381972,0,1.0,False,0.004642493104190861,0.004214668980408207,0.004729921641913648,0.0040429197259653805,0.004600653254017799
MLP,600,109,0.366305,0,1.0,False,0.0019887061474776957,0.0035412755359150484,0.003911190611573048,0.0034663739932719803,0.0036759345495825145
MLP,600,109,0.20992213,0,0.0,True,0.0021469555694505348,-0.00011529114217001364,-0.0007238960520287047,-0.0016580113938456608,-0.0010708637501956311
MLP,600,109,0.35107264,0,0.0,True,-0.0008983701205608035,-0.0005090187272411356,-0.000691587131408422,-0.0003146323779168898,-0.0003561110314622617
MLP,600,109,0.116779946,0,1.0,False,0.009307793824722988,0.00756939538204958,0.007095379666527681,0.006155249258415854,0.005802177156164506
MLP,600,109,0.25002778,0,0.0,True,0.0008883919064647294,0.00031539990841571695,0.0010329340759577391,0.0008488083836392485,0.0008802699911399717
MLP,600,109,0.16324542,0,0.0,True,0.0004967668695681263,0.0008787068935958957,0.001606907261595324,0.00121916357189931,0.0007062026960994747
MLP,600,109,0.18460877,0,0.0,True,-0.00010703318115643599,-0.0009176562607666194,-0.0010736598878092279,-0.0014898137486211928,-0.001405295175725649
MLP,600,109,0.12426722,0,0.0,True,0.0030605183578651346,0.002614735156695956,0.001573613114218733,0.001196513417678091,0.0009144328419279446
MLP,600,109,0.27947235,0,0.0,True,-0.000951986904262004,-0.0006381132464796414,0.0004399212949602694,0.00029666320774307303,0.0003781796662290068
MLP,600,109,0.14775848,0,0.0,True,0.0005013352396957416,-0.0008043808595253433,-0.00012218291202030436,-0.0007220969295564995,-0.0007433748992737288
MLP,600,109,0.35812747,0,1.0,False,0.007366262490077208,0.006439343284635536,0.0061296041386007605,0.005946148186547216,0.0056863078900618955
MLP,600,109,0.15305966,0,0.0,True,-0.0011563112809312428,0.00014036550380849293,0.0006421255171026563,0.00015738925547249786,4.572639874178064e-06
MLP,600,109,0.21344094,0,0.0,True,-0.0006955057215827732,-0.0014342209221476817,0.00014494166536732934,0.00019375336377508502,-0.0002894557511291827
MLP,600,108,0.1883642,0,0.0,True,0.003583695123840568,0.001364463334989482,0.0016331515480402432,0.0016763552692792131,0.0019686558241269296
MLP,600,108,0.22883064,0,0.0,True,0.00036332727302531876,0.0003997668545137263,4.247052730073581e-05,0.000721336654506207,0.0009475814978502844
MLP,600,108,0.60898435,1,1.0,True,0.0056703056564788275,0.006724557698268973,0.0057092564935682065,0.00569410396196025,0.006065618141589448
MLP,600,108,0.5740701,1,1.0,True,0.006044870870118139,0.006219554882255127,0.006734182635607929,0.006226221098966049,0.006203030542257861
MLP,600,108,0.39450696,0,1.0,False,0.007447827118014372,0.006521442259621661,0.005359318056213252,0.00406692474598377,0.0044172061711259935
MLP,600,108,0.33305344,0,1.0,False,0.003319573001742564,0.0036869491067912396,0.004097895521017902,0.0035635874204225067,0.0035429757516034816
MLP,600,108,0.30779433,0,1.0,False,0.0026184283041842168,0.004913030768179481,0.004053716410154118,0.004781213540270508,0.00429323320060392
MLP,600,108,0.21397749,0,1.0,False,0.004929831317615782,0.005649679884657679,0.005482593356725134,0.005196122844007027,0.005523737783867103
MLP,600,108,0.15657222,0,0.0,True,0.00017970821481087186,-0.0011900097588998704,-0.0008303515116148183,-0.0011025500228562018,-0.0009270710860515716
MLP,600,108,0.18020602,0,0.0,True,-0.0008185439133955951,-0.0011172115051860077,-0.0010726268396371466,-0.0003227123939718265,-0.00010216754911254608
MLP,600,108,0.14953198,0,0.0,True,0.002029959729778976,0.0017922616890506805,0.0002052141469281006,-0.0003524598994119975,-0.0008127887940314686
MLP,600,108,0.1581822,0,0.0,True,-0.0012211366488810637,0.0004488749074892825,0.0012798023766939892,0.0012082831118916555,0.0007536192057661419
MLP,600,108,0.10709918,0,0.0,True,0.00033266355678159736,-0.0004077880097570434,-1.6004854818217646e-05,-0.00028707083535549707,-0.00024795613688115997
MLP,600,108,0.27485493,0,1.0,False,0.003143242890849583,0.003547010904814186,0.003968142413642695,0.0033647810568536328,0.004201459234081065
MLP,600,108,0.38978788,0,0.0,True,-0.0012962145443470487,-0.0016370482052476736,-0.001480356825187001,-0.0006827671371451044,-0.0005353532877490762
MLP,600,108,0.12716044,0,0.0,True,0.0017108121370303473,0.001347357079482207,0.0007268305589271778,0.0002585396306993178,0.0005098335171425986
MLP,600,108,0.27799043,0,0.0,True,0.0007552084765385122,0.0015717016425542078,0.0014829446066218495,0.0007863699265597447,0.00011788723279779804
MLP,600,108,0.37122893,0,1.0,False,0.003973368014836917,0.004745668613658172,0.005078060562070799,0.005340380270659398,0.005116851105574293
MLP,600,108,0.121966526,0,1.0,False,0.005675933110712164,0.00483406630183132,0.004828810293066128,0.004598077509371846,0.004300163414533633
MLP,600,108,0.089523084,0,0.0,True,-0.0014085471104594996,-0.0006020862448714672,-0.0008961081229270786,-0.0007633916977346076,-0.0005621654577152609
MLP,600,108,0.46091628,0,1.0,False,0.007484347385856844,0.0066356952261244235,0.00525628851543379,0.004750429327235847,0.004318558716223867
MLP,600,108,0.32946736,0,0.0,True,0.00013236325754295653,-0.0009564107235210913,-0.0018628717386444562,-0.0015519122452579833,-0.0013511188617432827
MLP,600,108,0.36491266,0,1.0,False,0.0037712828443441687,0.004294995745212223,0.00488482346206977,0.004360807261798052,0.004592318170354684
MLP,600,108,0.286369,0,1.0,False,0.007805622455151111,0.007715240686515356,0.008101719055084356,0.006991803044404428,0.0066488954389875305
MLP,600,108,0.16198781,0,0.0,True,0.0007110609095879833,0.000597469932909592,8.234648504811758e-05,0.0005552177470730504,0.0008462685948857292
MLP,600,108,0.22835484,0,0.0,True,-0.0018145544667692633,-0.0021614229613371814,-0.002066637695933782,-0.0011204314822159196,-0.0014164592195272283
MLP,600,108,0.2957157,0,0.0,True,0.0013355369968565168,0.0012670318972686332,0.0010534840810507943,0.0008883967006515559,0.0012919889154822917
MLP,600,108,0.2881173,0,0.0,True,-0.0017210682568929183,-0.002026040992703426,-0.0019059821184146623,-0.0012343847123553562,-0.0009863708457093468
MLP,600,108,0.26947075,0,0.0,True,0.0016513464343852434,0.0005362933777632165,3.218535017871577e-05,9.22400263751549e-05,0.00025110887925191004
MLP,600,108,0.45352608,0,0.0,True,0.0011018380015420355,0.000576442123594328,-9.104366448919945e-05,-0.0004058583145294581,-0.00030709248778510237
MLP,600,108,0.16491024,0,0.0,True,0.0008398067837308077,0.0012526367828673947,0.0007705816036782521,2.8752694723454466e-05,-0.0003277314544987559
MLP,600,108,0.29060614,0,0.0,True,0.0015156141577425048,0.0002052404667901861,0.00044239913319062607,0.0003758990339767543,0.00021650427235508457
MLP,600,108,0.29016513,0,1.0,False,0.006801024957596556,0.006653462025003655,0.005065721302746492,0.005258712819600909,0.004858611237693243
MLP,600,108,0.23708503,0,0.0,True,-0.0023028104462300787,-0.000118635801598562,0.0009673301779487132,0.0006595284736036219,0.0002916217388171291
MLP,600,108,0.23412015,0,0.0,True,0.00288414182409716,0.001964893705079607,0.0015587387293203472,0.0012959440069874428,0.0008023068794583029
MLP,600,108,0.2866344,0,1.0,False,0.0088141583372773,0.006711522815877199,0.00586485059766975,0.005660887033806105,0.005374595304953576
MLP,600,108,0.120446175,0,0.0,True,-5.788168580540354e-06,-0.0007046028565958043,-0.0004069351231433411,-0.0001254964607910174,-3.458063432470375e-05
MLP,600,108,0.14820996,0,1.0,False,0.006460602035394558,0.006215372633078286,0.0051261573155465525,0.005066757533123331,0.004660877294595041
MLP,600,108,0.5208396,1,1.0,True,0.004749167750613263,0.005368501149815156,0.005695659674006216,0.005492373906797122,0.006273260303736731
MLP,600,108,0.234918,0,0.0,True,-0.0016369019641503234,-0.00015114963814095956,-0.0008349734837935938,-0.0016086747631071751,-0.001244426453677091
MLP,600,108,0.12975839,0,0.0,True,-0.0013467812890410988,-0.0010276700563336487,-0.0011353628709896894,-0.0006597845356411345,-0.0008711124806731054
MLP,600,108,0.23721689,0,0.0,True,0.0010874305363563963,0.00023926955504247836,0.0010378833363461786,0.001123187639165962,0.0009716228900371103
MLP,600,108,0.12766626,0,0.0,True,0.0015992670043701387,0.0009245539699214062,0.0008524645692114346,-3.1264421628604024e-05,-0.00041394336040227574
MLP,600,108,0.23499997,0,0.0,True,-0.0006339160547246574,-0.0011635904655138195,-0.0007278024404596666,-0.0008375644601397027,-0.001094834043258228
MLP,600,108,0.24393289,0,1.0,False,0.008041609828573363,0.007218712315362196,0.006682303540235938,0.005670414632374641,0.005218297946022529
MLP,600,108,0.23803926,0,0.0,True,0.0018638934032356022,0.00030876927488125954,0.0002653509869899456,-5.196802690301366e-05,-0.00043477119300834187
MLP,600,108,0.17958394,0,0.0,True,-0.00013219950116270346,0.0005165055329031589,-0.0005023424715678462,-0.0007392897668719223,-0.0008742780146798907
MLP,600,108,0.2576085,0,1.0,False,0.005498968761245982,0.005369806677571644,0.004647641300112642,0.003520850412777676,0.003461215588449763
MLP,600,108,0.22643448,0,1.0,False,0.007704564828739749,0.004784348480719776,0.00523154776747079,0.004114753749125377,0.004371714579479305
MLP,600,108,0.42265764,0,1.0,False,0.008380637752658899,0.00907506365218278,0.0076454996685591985,0.006936876161827114,0.006453909471082048
MLP,600,108,0.117690966,0,0.0,True,-0.0002862939693459408,-0.0006123546820810947,-0.0006249075115923136,-0.0012939089277584973,-0.000809782786079392
MLP,600,108,0.48371953,0,1.0,False,0.0037000205954191654,0.005236803788634995,0.0059019848996419875,0.005462542885734738,0.005701686745748868
MLP,600,108,0.33498874,0,0.0,True,-0.0029396512420465162,-0.001719641275171662,-0.0014785931697094462,-0.0009316401179243134,-0.0008623020485023782
MLP,600,108,0.6267975,1,1.0,True,0.007521409617614778,0.006497824877644287,0.0055911283902329145,0.005471170868361965,0.005043717500488597
MLP,600,108,0.41384563,0,1.0,False,0.0048124046595917945,0.006130615115586709,0.0050633891567375845,0.004699867776790601,0.005252210030773392
MLP,600,108,0.111996956,0,0.0,True,0.0018860083027927685,0.0014029886805160623,0.0009228493288353885,0.0004944720959988329,3.287585341626458e-05
MLP,600,108,0.3358312,0,1.0,False,0.003660740227951532,0.002508052922123037,0.003124249347353251,0.003968236197666996,0.003977704588894948
MLP,600,108,0.20755033,0,0.0,True,0.0011120080118443264,0.0017060997813928642,0.0006809715604029324,0.00065181576017989,0.0010142134491223454
MLP,600,108,0.22309473,0,0.0,True,-0.004156929956453932,-0.0015009740479420802,-0.00043477947812119676,-0.0001785159236948063,-0.00030931840498477455
MLP,600,108,0.13606161,0,0.0,True,0.00012941667162485397,-0.00023784879834877967,0.00025070726317801765,-6.937180781753132e-05,3.751852078587071e-05
MLP,600,108,0.13626057,0,0.0,True,0.0026528147114528444,0.001156938767759513,0.0005522442218108074,0.00028727327068606606,0.0003648516295220112
MLP,600,108,0.16394383,0,0.0,True,-0.0024724698665898426,-0.0005224346751433283,-0.00017634809787852318,-0.000692087384274031,-0.00047292950832797853
MLP,600,108,0.4048572,0,1.0,False,0.007438397617264924,0.006297407581892744,0.005927425802809686,0.005326209728324888,0.004963246474274573
MLP,600,108,0.30386984,0,0.0,True,-0.0019480121586030819,-0.0010807800047992822,-0.0004647819580332196,9.179316419580786e-05,0.0002532363869477119
MLP,600,108,0.1252062,0,0.0,True,-0.0015646540712024458,0.0003135559059259168,0.00047829425019729386,0.00014804862817945744,0.00033036048717292155
MLP,600,108,0.17968188,0,1.0,False,0.005766846261215248,0.005270002845578043,0.004958792794244892,0.004908537953268811,0.005271020280272244
MLP,600,108,0.29298523,0,1.0,False,0.009983246232529382,0.007541029699463967,0.007173862527265191,0.005683342294499522,0.006269052068409068
MLP,600,108,0.26802707,0,1.0,False,0.0034102435769935435,0.0034941462453251314,0.003799173216912214,0.004749853561150545,0.004935334176882241
MLP,600,108,0.48054412,0,1.0,False,0.005943414279127358,0.006110067712520501,0.00563196418656018,0.004772776618126631,0.005024069378482825
MLP,600,108,0.12442361,0,0.0,True,-0.0009833146260691606,-7.62994314295639e-05,-0.00036806216991835955,-0.00042928044964067846,-0.000794577356897672
MLP,600,108,0.7192809,1,1.0,True,0.00884251530328325,0.005299359509885825,0.0049609810479375694,0.004651324965132497,0.0045739810161920715
MLP,600,108,0.18464531,0,0.0,True,-0.002688647690547424,-0.0015517641048358385,-0.0011115146572240695,-0.0004368305854801348,-0.0008187111611709213
MLP,600,108,0.15069729,0,0.0,True,0.0022559951883261787,0.0012916865460634978,0.0009981902944333548,0.0012225614987291477,0.0013645232048798332
MLP,600,108,0.143746,0,1.0,False,0.00425558561964019,0.006027356048246087,0.005678375887461817,0.005282944541606865,0.005574301819204944
MLP,600,108,0.31384435,0,1.0,False,0.005123504745647628,0.005511375674931743,0.005175096309192256,0.0050928735937042615,0.005016154959997971
MLP,600,108,0.14498763,0,0.0,True,5.750136182228402e-06,-0.001055132306742925,-0.0007430037080902368,-0.0009119485058219436,-0.000484387208626847
MLP,600,108,0.12909843,0,0.0,True,0.0017349538994254994,0.0011182664098963377,0.0008256695381041267,0.00014533736236293056,-0.0004701417134147555
MLP,600,108,0.2446014,0,0.0,True,-2.920932374455939e-05,-0.0004997817765135742,-0.00046394826557012036,-0.00012960373288558558,-0.0001554006861079927
MLP,600,108,0.33109853,0,1.0,False,0.0032550252621886045,0.0047418532258359574,0.0066827468977579295,0.0061708393278024284,0.005877531852688593
MLP,600,108,0.14651206,0,1.0,False,0.005141326240517995,0.004608099583259681,0.005047729015076145,0.004495963435537524,0.005231168232002199
MLP,600,108,0.24891114,0,0.0,True,-0.0018558803052381209,-0.0008131757003208955,-0.00015346899506036782,0.0003623613763758917,0.00039339138311407013
MLP,600,108,0.30792755,0,1.0,False,0.006694300317166736,0.005037448531499215,0.00607011735970087,0.005885515763195257,0.005746370450508135
MLP,600,108,0.13021033,0,0.0,True,-0.0013690958654036694,-0.0009358571373937016,-0.0005873322350577055,-0.0003683859356536461,-2.3629834822221474e-05
MLP,600,108,0.16723785,0,0.0,True,0.00042847881161599374,0.00016678383372896428,0.0004976122185974179,0.00012136365031059367,0.0002915730509787061
MLP,600,108,0.0965851,0,0.0,True,0.002167749233235472,0.002760125941571316,0.0017535788837219702,0.001169123575036639,0.0008864226749586794
MLP,600,108,0.22574818,0,0.0,True,0.0021019225160611547,0.0006332788999758874,-0.00011681209128576486,-0.0007003437343567362,-0.0009005228061856806
MLP,600,108,0.18925363,0,0.0,True,-0.002540785251751154,-0.0030385970495215163,-0.002808887868531405,-0.002191702162204408,-0.0017701550537644862
MLP,600,108,0.13916345,0,0.0,True,-0.0015302104293305413,-0.0009575461073660498,-0.0011441348450002334,-0.00036222789309420066,0.000118807918733593
MLP,600,108,0.14823738,0,0.0,True,-0.0015466044137120512,5.624768394984787e-05,0.0005059829356532881,0.00037290207674096296,9.864840606621235e-05
MLP,600,108,0.17687604,0,1.0,False,0.007526942812866962,0.00621050187001432,0.006582821574341434,0.006783299219983431,0.006381892897053172
MLP,600,108,0.14012481,0,0.0,True,-0.0006635535552112039,-0.0012851516046716543,-0.00039168210790639147,-0.0004561919175148728,-0.0006714744180804865
MLP,600,108,0.23191267,0,1.0,False,0.009009826698620967,0.009382264501290432,0.008519704721110822,0.0073367515607173465,0.006947469197237028
MLP,600,108,0.18102498,0,1.0,False,0.009339698058877034,0.006180983842890178,0.0046205723958200355,0.004719685663065417,0.004676974647280802
MLP,600,108,0.18356065,0,0.0,True,2.673558596407192e-05,0.0005586860295772112,0.00010854795066306422,-0.00011825759256980886,6.812893371527355e-05
MLP,600,108,0.22400698,0,0.0,True,-0.00015710410506331133,0.0010317565080571697,0.0016670680370995952,0.0010347752490840786,0.000743315255453303
MLP,600,108,0.23848177,0,0.0,True,-0.0004381175376559956,0.0016614893453839618,0.001499442799738415,0.00031435339992385186,0.0005871622216074205
MLP,600,108,0.19697544,0,0.0,True,0.0006606827882309653,-0.000678266511559323,-0.0014099826715891694,-0.0008509682810091126,-0.0004750573421820559
MLP,600,108,0.13933972,0,0.0,True,0.0004133933530230137,0.000319347551896909,0.0008918664993136697,0.0011091587672975114,0.0005109346101503451
MLP,600,108,0.24448685,0,0.0,True,0.0029745333337199433,0.0020941404590259956,0.0024721554291399447,0.0012734397629979015,0.001041422454308206
MLP,600,108,0.16385071,0,0.0,True,-0.0037765472641662933,-0.002387278538338885,-0.0010050011582688773,3.43647871766299e-06,-0.000243682606044311
MLP,600,107,0.18358514,0,0.0,True,-0.004422233568323843,-0.0019170395854186243,-0.00136046302315418,-0.000887089942776164,-0.0008664803771951191
MLP,600,107,0.18462166,0,1.0,False,0.005119240869004983,0.006847218993337659,0.006597392773344002,0.006731631565732527,0.006595718879058042
MLP,600,107,0.397857,0,1.0,False,0.006247943573756716,0.006751733327002524,0.005996638147768432,0.005726976955222945,0.005385853165808057
MLP,600,107,0.5718538,1,1.0,True,0.006510508518528914,0.005747305479572712,0.004302868599121247,0.004789044895449262,0.00564899894908072
MLP,600,107,0.44142464,0,1.0,False,0.003242665730302128,0.0031379847249509043,0.0038669508307765184,0.0038877990796603677,0.004258241709198769
MLP,600,107,0.20309326,0,0.0,True,-0.0014650579674371303,-0.0007283711097295556,-0.0011554092561654559,-0.0011173512132975115,-0.0006124763030510288
MLP,600,107,0.15267953,0,0.0,True,-0.0018599038486532312,0.0003830559710138445,0.0009147669618156177,0.0005748273207244852,0.000586251863776062
MLP,600,107,0.34261367,0,0.0,True,0.0008235810096522415,0.0003062944484608625,0.0004273272344267074,0.0007461434469597615,0.0005382286153018395
MLP,600,107,0.11318255,0,0.0,True,0.0017302964092469428,0.0014810682822322797,0.0010976342868937294,0.0009716214713402582,0.0013183074019680132
MLP,600,107,0.35122368,0,0.0,True,-0.0024623715541362535,-0.00014768875479575223,0.0001475379546311026,-0.00030844147476285236,-0.0004608823804160341
MLP,600,107,0.15917541,0,0.0,True,0.0022229651091463646,0.0013168538378779892,0.00047081709248023116,0.0009106712707833367,0.0006046892080669916
MLP,600,107,0.4100805,0,1.0,False,0.0029407224185567385,0.00408781811408123,0.004920950393723087,0.005239933018238655,0.005516058446222548
MLP,600,107,0.13529064,0,0.0,True,0.000595190197121513,-0.0006267678084567583,-0.0002974924269871874,-0.00019547051584426427,0.00032139348803835886
MLP,600,107,0.31106216,0,0.0,True,0.0002887501385930687,-0.0004907161758992355,-0.00012136480203793636,-0.0003018406272133143,-0.00041933581455951734
MLP,600,107,0.2213904,0,1.0,False,0.0032502416865998565,0.004623492532137169,0.0030967390202067237,0.002934361681340345,0.0033679118226265163
MLP,600,107,0.41147768,0,1.0,False,0.0060702826194409185,0.004911390022799807,0.005796135654187002,0.005916784736342666,0.006265967275890618
MLP,600,107,0.5206966,1,1.0,True,0.006264169432129348,0.005570647904630856,0.004870408131697471,0.004593004285039676,0.0049661770017140425
MLP,600,107,0.29812485,0,1.0,False,0.005247717884084938,0.004915348880519029,0.006557506429691823,0.0065346311122489184,0.006783248094369484
MLP,600,107,0.16181447,0,0.0,True,0.001239477625492597,0.0002575462718663418,0.00037956985754066154,0.000938726809054416,0.0005658763808162163
MLP,600,107,0.18402386,0,0.0,True,0.0023405106296807126,0.0019082075455049896,0.000778300305565645,0.00025185325233672683,0.00019016472679650535
MLP,600,107,0.24036612,0,1.0,False,0.0031497069600744934,0.003795598754853523,0.004065392067611036,0.0042356920051725535,0.0046499207042835595
MLP,600,107,0.34250584,0,1.0,False,0.0032583285895530084,0.0029325816489477467,0.003026325015249973,0.0030801092562224644,0.004118229245282729
MLP,600,107,0.12393619,0,0.0,True,0.0020243254154806117,0.00044704484890890705,-0.0002726034104995146,0.0002594863251257842,0.0006553287158811429
MLP,600,107,0.16474953,0,1.0,False,0.0008059814379646888,0.002734317561713293,0.004186632787586381,0.0039433476554242754,0.004065500451037295
MLP,600,107,0.28480345,0,0.0,True,-0.001849114114992555,-0.0012407949491946419,-0.0004567289599081068,-0.0006722663220306868,-0.00021579797975758536
MLP,600,107,0.40433964,0,1.0,False,0.0024754973647017706,0.003243230217164487,0.003043970658520218,0.0042061240460523515,0.00429730361776238
MLP,600,107,0.45175463,0,0.0,True,-0.0003957137863752083,-0.0020947285772202266,-0.001438719440577503,-0.0006644680398281653,-0.0005678527120239506
MLP,600,107,0.50699157,1,1.0,True,0.007672348140915305,0.007238661791923866,0.00551290887010792,0.005793191270417838,0.005616246381383604
MLP,600,107,0.120351315,0,0.0,True,-0.0022738301007514733,-0.0014431081640535,-0.0007001349900651055,-0.0006449373286115712,-0.0011647524821215235
MLP,600,107,0.19180499,0,0.0,True,0.0015173743196406516,0.0005467164578075559,0.000432940922269514,-0.00016636710074603952,3.067416136498515e-05
MLP,600,107,0.23254575,0,1.0,False,0.00146871727123961,0.0027400440300591597,0.004877616630342007,0.00410227965660233,0.00394126642569867
MLP,600,107,0.4352505,0,1.0,False,0.005899242449348917,0.00440623915269793,0.00492505418597278,0.0057779647946820875,0.005990605377441462
MLP,600,107,0.25472966,0,0.0,True,-0.0011041110828165135,-0.00024463118076398796,0.0007928845313739033,0.0005471512800342187,0.00040636787949413055
MLP,600,107,0.3016305,0,1.0,False,0.0025596096225085486,0.003798063387622076,0.003554226504902312,0.00456209669875614,0.005092208480637645
MLP,600,107,0.113312185,0,0.0,True,0.0025089822993948695,0.0019290443782338663,0.002362673157936378,0.0021651730522487186,0.0020661963096424026
MLP,600,107,0.3639885,0,1.0,False,0.004908907654676217,0.005249789448166395,0.004106903558995025,0.004762123450122122,0.005047131309673127
MLP,600,107,0.39158395,0,1.0,False,0.00011067050225363874,0.00039222702036972255,0.0018073040372760397,0.002993756302095147,0.0033985550017605016
MLP,600,107,0.16149952,0,0.0,True,0.0007621170468274557,0.0004620131805662017,-0.0002789620105020827,0.00016710654436786582,-0.0006993171266400248
MLP,600,107,0.17515765,0,0.0,True,0.0015831660837005376,0.0002449246966738652,0.00027571793991637176,-8.585798752374077e-06,-0.00028108645475037033
MLP,600,107,0.5397952,1,1.0,True,0.003956529388637458,0.003753506696953132,0.0044478488746952025,0.004380224397155883,0.004783231169477256
MLP,600,107,0.22569782,0,0.0,True,-0.0017692495974505973,-0.0010607443010796312,6.143852481705626e-05,0.00010623094327141442,-0.0003291733904906537
MLP,600,107,0.35901424,0,1.0,False,0.005670467428293599,0.005803315172549374,0.006638735859643358,0.005917668380848019,0.005170243404872234
MLP,600,107,0.2384551,0,0.0,True,-0.00029665039653947164,1.528898817326101e-05,-0.0005325481617969632,0.00026525262375947815,-4.013347802699633e-05
MLP,600,107,0.2414406,0,1.0,False,0.00745513890720576,0.0066534790172158255,0.005585081422696574,0.004682950330825542,0.005392134160289602
MLP,600,107,0.65303034,1,1.0,True,0.006215088098345329,0.0052571708886126195,0.0053487671257148005,0.005080554659904258,0.005050688351903494
MLP,600,107,0.20552798,0,1.0,False,0.005226675896280461,0.003471295909012226,0.005317236326388766,0.004284382963578331,0.004359737946770867
MLP,600,107,0.37301528,0,1.0,False,0.005141660008262902,0.0048953867710971755,0.004618918634786331,0.004662276575400127,0.0042901234548098225
MLP,600,107,0.39073083,0,1.0,False,0.005463252897488428,0.004710411547817652,0.005528184787238586,0.005843795979592179,0.005612047541588656
MLP,600,107,0.27962726,0,1.0,False,0.007069038960937587,0.0067743119553173815,0.006460519080644362,0.005958675380246882,0.005133223048895625
MLP,600,107,0.1816132,0,0.0,True,-0.00122080183229638,-0.00017195415650026982,-0.00022503382289275768,-0.00013179301179522626,-5.121283943348041e-05
MLP,600,107,0.22462846,0,0.0,True,0.0033510250089399942,0.0008698434016878023,0.001467374252883041,0.0009765165068619263,0.00024082249388709926
MLP,600,107,0.11711564,0,1.0,False,0.004223058691105427,0.0037113662844597346,0.004140851784717097,0.004350724032033812,0.0038082936319255452
MLP,600,107,0.22402717,0,0.0,True,-0.0002296821045251046,-0.0009176261433195743,-0.000653565552133377,-0.0007488237244833932,-0.000730338158301913
MLP,600,107,0.19002332,0,0.0,True,0.00018912253865756108,-0.00028412650308410546,-0.00023418738510974852,-0.00031108498876134666,-0.0006120069785351858
MLP,600,107,0.22709666,0,0.0,True,-0.0012271170441142793,-0.002172477196825966,-0.002831163739160116,-0.0017924983409784076,-0.00163556487224106
MLP,600,107,0.3829606,0,0.0,True,-0.0008815304936764784,-0.0011496110803930404,-0.0014013265154199852,-0.0013160366548688367,-0.0006409350312675602
MLP,600,107,0.44164947,0,1.0,False,0.003601794182869643,0.003432154184432601,0.003637711725550376,0.0043581128437568725,0.0044341591808612635
MLP,600,107,0.24117856,0,0.0,True,0.0011753492026250107,0.0009090027646331943,0.001145890607156718,0.0009972057881181646,0.0009561425133876181
MLP,600,107,0.15309015,0,0.0,True,0.0005184585115241031,0.0010815158280931692,0.0017922168677763314,0.0004849619227356257,0.00010484935124004163
MLP,600,107,0.13483717,0,1.0,False,0.0024579761578876038,0.00278882609187841,0.0023100017210230138,0.00302665696093854,0.0029514232944492878
MLP,600,107,0.5480601,1,1.0,True,0.006783390163215831,0.005873027307088814,0.0059477481362691,0.004549539475405896,0.004204221437307573
MLP,600,107,0.47762194,0,1.0,False,0.004041076270613432,0.004632473941187052,0.004503604691891103,0.004267824953660463,0.004326189217289361
MLP,600,107,0.11806368,0,0.0,True,0.0020151197022930515,0.0032616889075559436,0.001908798859202535,0.0014495232278657223,0.001067893264825264
MLP,600,107,0.28310913,0,1.0,False,0.0035841504017583873,0.003968855774125171,0.00331173405422129,0.0040382209867759165,0.004502794208224092
MLP,600,107,0.21064398,0,0.0,True,-0.002835473375292529,-0.0016180671578886298,-0.0009004277170597863,-0.0006208715260045477,-0.0005792585279970557
MLP,600,107,0.24793121,0,0.0,True,-0.00036405574137022146,0.0005213493707538216,-0.00010815170432521774,-3.984630823430767e-05,-0.00029245411074243333
MLP,600,107,0.18837292,0,0.0,True,-0.0008920836269100594,0.000791876875807869,0.0010981709454676815,0.0001948402274877955,8.079244444439372e-05
MLP,600,107,0.33618227,0,0.0,True,-0.0046864112657316916,-0.004294997601747012,-0.003168919827488002,-0.001966188300212741,-0.0015008939851919097
MLP,600,107,0.13181299,0,0.0,True,0.0018517495514585155,-9.888504686203496e-05,0.0007250662612404265,0.0007544897814064023,0.0009187117760635657
MLP,600,107,0.29291722,0,0.0,True,0.0032718079315786795,0.0014700256038897722,0.0013430605886801054,0.0007179496585725571,0.0008372027290458252
MLP,600,107,0.52206284,1,0.0,False,0.0019162170729820744,0.0009962134334171324,0.0013660867141966028,0.0009619835561061737,0.0006033245108730222
MLP,600,107,0.26213998,0,1.0,False,0.003158274987816288,0.004177530422941267,0.0044848997163035986,0.004700629194079297,0.004310388439831527
MLP,600,107,0.33977672,0,1.0,False,0.0033945632980350265,0.004915083035179374,0.003896335443452164,0.003665279400794027,0.003853714886161827
MLP,600,107,0.17715183,0,1.0,False,0.004011570204907377,0.00319083640666807,0.0040727248896783854,0.003899657217880095,0.0035055459131241536
MLP,600,107,0.54776937,1,1.0,True,0.0035606690581240176,0.003947813839982613,0.0040625113652446344,0.004622391153193217,0.004393097382681323
MLP,600,107,0.2253736,0,1.0,False,0.005361229647930761,0.003527877964460836,0.0039784170709058824,0.0043436994506858805,0.004498876161152059
MLP,600,107,0.41787514,0,1.0,False,0.002597285123883518,0.0021957392424185405,0.0020536888129261484,0.0022887733787887135,0.002831811338172992
MLP,600,107,0.8669394,1,1.0,True,0.004761646572728712,0.0017219784126927627,0.002231739922356237,0.002886709033165697,0.0025821910801110755
MLP,600,107,0.112556465,0,0.0,True,0.00021302750654292316,0.0007479624281832296,-0.000395836217010244,-0.0001473645642516454,-0.0005475646730399614
MLP,600,107,0.35390803,0,1.0,False,0.00858097725340225,0.007365642209635904,0.005676342832718264,0.0056276369740239016,0.006007839875867627
MLP,600,107,0.5225498,1,1.0,True,0.002692423291113215,0.005379318182550543,0.0048115862606567285,0.004484632139798974,0.005061298362701166
MLP,600,107,0.29306385,0,1.0,False,0.00453865924038574,0.004392212184849787,0.004875396238623339,0.004890748177912899,0.005315880855054195
MLP,600,107,0.43371022,0,1.0,False,0.004619735590655345,0.004921416444637104,0.00452537905788156,0.004308141601345581,0.004453916993255986
MLP,600,107,0.11550657,0,0.0,True,-0.001095192879785684,0.0008171726320149017,2.1705445548153432e-05,-0.00031532165541472583,-0.0009536023144528303
MLP,600,107,0.51981765,1,1.0,True,0.008112208734926334,0.0060361787107299295,0.00599840537983593,0.00540327090480358,0.005790105306959013
MLP,600,107,0.19995147,0,0.0,True,0.002707125031864061,0.001687363483432468,0.0017268332926678855,0.0008461988459840797,0.00034626104161365496
MLP,600,107,0.16139635,0,0.0,True,-0.0011934117804081532,-0.00041731450972751894,0.0011273073385830537,0.0009530599226825496,0.0009211515482283596
MLP,600,107,0.1706076,0,1.0,False,0.0028029279327832857,0.004120063545872416,0.0045771335829620525,0.004568099693153356,0.0048635402045789
MLP,600,107,0.21970515,0,0.0,True,0.0016123785488924697,0.0003522608219423717,0.0010724793494154726,0.0006178105428967179,0.0009355920745342578
MLP,600,107,0.30124328,0,1.0,False,0.00391652127469923,0.004398492090736465,0.0038000908978906753,0.004151831923799639,0.0045411038841387955
MLP,600,107,0.31455234,0,0.0,True,-0.0008962907942386536,-0.0009471165219376752,-0.00023815813135221386,-0.00019970279602747983,-0.00021903009466104693
MLP,600,107,0.18031767,0,0.0,True,0.0016412014944218933,0.0002975521489931398,0.00022070811112361822,0.0007862104621566858,0.00040832354168978796
MLP,600,107,0.23499423,0,0.0,True,0.0018354492346350669,3.521448918219706e-05,-0.0009318613963010162,-0.00020313186383353422,6.176571451074636e-05
MLP,600,107,0.2840972,0,0.0,True,0.002234730190403828,0.001094792950072312,0.0011105330886169815,0.0011104915820421848,0.0008015080192286343
MLP,600,107,0.11786146,0,0.0,True,0.0016082406479124777,0.001158452424727079,0.0008695633957641459,0.0010390481884499437,0.0008721342433206261
MLP,600,107,0.2777072,0,0.0,True,0.0020084500507894453,0.0007321806299547062,-1.511551319001737e-05,-0.00046343027683267357,-8.306431789222983e-06
MLP,600,107,0.70945835,1,1.0,True,0.005185895900919811,0.004741973257662932,0.0044848625752625755,0.004310544164585299,0.004605888077016014
MLP,600,107,0.20674555,0,1.0,False,0.004887695814673663,0.00675957562084275,0.0061806470587679125,0.006452728621100953,0.0055677796077191226
MLP,600,107,0.36320525,0,1.0,False,0.007061648739118514,0.007011437829472353,0.005755631411657458,0.006235070049223715,0.005817340169844137
MLP,600,107,0.20213664,0,1.0,False,0.005895182154101186,0.004262859747438348,0.003952392849129964,0.003272672084547657,0.0035184972497005716
MLP,600,106,0.17424858,0,0.0,True,-0.0012288192476153927,-0.0011879004794535161,-0.0006675445098371823,-0.0006012141460583846,-0.0005414462730135649
MLP,600,106,0.29413003,0,0.0,True,-0.0012814523324496346,-0.0004219218985428623,0.00040174369917588785,0.0001756877574550033,0.0005144628913035041
MLP,600,106,0.12516329,0,0.0,True,-0.001736281765826205,-0.0011418071233387464,-0.0004144141152243256,-0.00029714329372880363,-0.00012513729883911807
MLP,600,106,0.41905433,0,1.0,False,0.00542723764517754,0.005559404049785898,0.0052090596365195335,0.005274358445664436,0.005486325488393622
MLP,600,106,0.5231253,1,1.0,True,0.005319605619234342,0.00440514139105903,0.003503915832582895,0.003561722948881291,0.004162725877798997
MLP,600,106,0.14295943,0,0.0,True,0.00010818775428760113,0.0007768585045797491,-0.00020903604153161109,-0.0004811678577805465,-0.0003901161405635506
MLP,600,106,0.50093144,1,1.0,True,0.0035151206302849866,0.004512093510689501,0.006070003728975713,0.005658831039931373,0.005722848720584288
MLP,600,106,0.21972886,0,0.0,True,-0.00037427651929025223,-0.0012071503839876207,-0.0005902500480542661,0.0001369029231716717,1.1037927021605183e-05
MLP,600,106,0.20230705,0,0.0,True,-0.0015664191832229874,-0.002213843386975313,-0.0012105817239358616,-0.0005133560205797096,-0.0007175887834332602
MLP,600,106,0.20675321,0,0.0,True,-0.0010852834135160366,-0.00013112195387246346,-2.2569776477624894e-05,-0.0009460276192284874,-0.0010681646994656678
MLP,600,106,0.18397467,0,0.0,True,-0.00024569643020023394,2.7002205253118884e-05,-0.0006363331575816829,0.00024316023965493278,0.00017326781306287002
MLP,600,106,0.24561831,0,1.0,False,0.004299447044556735,0.005801353860981182,0.005655731883326642,0.005581032835855996,0.005074570478268393
MLP,600,106,0.47472414,0,1.0,False,0.004145326441408426,0.004886764696441452,0.004326908108802881,0.004936618759465904,0.004610156205075453
MLP,600,106,0.37526038,0,0.0,True,0.0012512699091803072,0.0012074794633484107,0.0005786648142737318,-9.44400713603371e-05,-9.325261995508662e-07
MLP,600,106,0.6887073,1,1.0,True,0.005279895691425406,0.005593477652798182,0.006360901950457719,0.005756300170716423,0.005921981010401863
MLP,600,106,0.44374797,0,1.0,False,0.0055706415313931746,0.0045981096060246605,0.004140499065696261,0.004166526215007327,0.004887089982898988
MLP,600,106,0.23600827,0,1.0,False,0.004088737297177333,0.003930550352210344,0.0037015715215145658,0.0028855648001715095,0.0034781543034048206
MLP,600,106,0.24036375,0,0.0,True,0.003800749801346513,0.0007852694551926463,0.0006725824813821538,0.0006582765203958816,-0.0002713723434838146
MLP,600,106,0.28905046,0,1.0,False,0.003449575175978284,0.004769506427995285,0.005199902840605382,0.0056309944773327856,0.005141559558232826
MLP,600,106,0.12862302,0,0.0,True,-0.0005089248866070055,-0.00025869825068948737,-0.0001994709825961694,-0.0007849365700951791,-0.0011336805348084176
MLP,600,106,0.21147786,0,0.0,True,-0.003071200620013364,0.00039041367866338633,0.00070271120010181,0.0005470415447977009,0.00027049701089756743
MLP,600,106,0.21813813,0,0.0,True,-0.0026547201486466407,-0.0016683779757589228,-0.0012600789238402651,-0.000922237133406919,-0.0006402114179385445
MLP,600,106,0.6060262,1,1.0,True,0.008018295470404132,0.007431913985949082,0.007753092173093352,0.007829357348262986,0.007098326737211117
MLP,600,106,0.1063643,0,0.0,True,0.0014076087083709503,0.0010383902276273084,1.0827122286577894e-05,0.0003316402320334757,0.0001247771348163639
MLP,600,106,0.30530542,0,0.0,True,-0.0012916017905737908,-0.0009640162218102955,2.9237514332209914e-05,3.7179690581073985e-05,0.0004785031389731196
MLP,600,106,0.71887845,1,1.0,True,0.004851788074222896,0.0035776799465191346,0.004072152474006567,0.004445677070472531,0.004750944236703126
MLP,600,106,0.31021807,0,1.0,False,0.00852194455633588,0.005368466444027518,0.00606709251029521,0.00568851065393237,0.005282120293562176
MLP,600,106,0.25822166,0,1.0,False,0.006510049041905041,0.004730566730853686,0.003486773513364807,0.003495715814212932,0.003716675159251813
MLP,600,106,0.29396668,0,0.0,True,0.0005487136531427259,-0.0010414611972919085,-0.0008183284804555339,-0.00044479543289173466,-0.00027074271613214835
MLP,600,106,0.21961607,0,0.0,True,-0.0012966570295741909,0.0008302451835580274,0.00028869258374166986,0.0002867921005146831,-2.476233850839757e-05
MLP,600,106,0.22766533,0,0.0,True,-0.0013695554578083704,2.1645094168237305e-05,-0.0004949498217271226,0.0006268007044625216,0.0004324092825404709
MLP,600,106,0.19402936,0,1.0,False,0.004986944604798806,0.005272398476465313,0.004495556218372014,0.0045588000414788915,0.004794987118645964
MLP,600,106,0.15351854,0,0.0,True,0.004020436859310897,0.0012975298623315965,0.00082940838407233,0.0006092630804112955,0.0005731861462473477
MLP,600,106,0.28757378,0,1.0,False,0.00488024355455585,0.0047924017049685635,0.004776913381154244,0.005076584603240066,0.005502930739795661
MLP,600,106,0.12393603,0,0.0,True,0.0007712885093083934,0.0010247680601864384,0.0006861876070029106,0.00023362959297125953,0.00016146585818371554
MLP,600,106,0.2208596,0,1.0,False,0.0076832983244860984,0.007338823757048358,0.007235381161798127,0.006814119976725527,0.006164525838249868
MLP,600,106,0.11753257,0,0.0,True,0.0009403112110752034,0.0017403441089186198,0.0012615033597746718,0.0009580592517651599,0.0008206773838744299
MLP,600,106,0.41504034,0,1.0,False,0.004526527598778021,0.004455764411337823,0.004620419919095436,0.0038738607265823475,0.004133402040981362
MLP,600,106,0.23717801,0,0.0,True,-0.00042268329154034366,-0.00045069467542749276,0.0005597349694394411,0.00020262365957352901,0.000565438705238781
MLP,600,106,0.22522384,0,1.0,False,0.0028767905894217564,0.0031888163518802057,0.003434118554052566,0.00401153275109138,0.004021565852531803
MLP,600,106,0.38875327,0,0.0,True,0.0025427395576771337,0.0012836005494391606,0.0010163845404477403,0.0009973823567927546,0.000951711543277176
MLP,600,106,0.16634375,0,0.0,True,9.442125569926078e-05,-0.0001951451853609373,-1.5104507704723362e-05,8.06339329762967e-05,0.00030458818598549096
MLP,600,106,0.5789875,1,1.0,True,0.0050575684025432515,0.0042013566558701644,0.003891718710855581,0.003204160406309508,0.003587122868324712
MLP,600,106,0.27731028,0,0.0,True,0.0010434377100147618,0.0008631426201857202,0.001121227975864673,0.0016512305839171475,0.0013818855301767573
MLP,600,106,0.2571799,0,0.0,True,-0.0021401973781513253,-0.0008417624711996055,-9.335944958459576e-06,-0.0001099009081473737,0.0003131243700989737
MLP,600,106,0.1563463,0,1.0,False,0.003839366097951847,0.0038033662537806812,0.003990542995257575,0.003424762133989396,0.003783692250973425
MLP,600,106,0.14204143,0,0.0,True,-0.0014026240372959462,-0.0015040536032693364,-0.0004202194166223624,-7.562393703282174e-05,0.00015600785960098837
MLP,600,106,0.1500226,0,0.0,True,-0.0016478664030954051,-0.0009391125590127966,-0.0006026327534231113,-0.0009629518349582478,-0.001034655900463458
MLP,600,106,0.2758558,0,1.0,False,0.004040045319918742,0.005285439120362325,0.004529932169609689,0.005384974135729831,0.0051614151106977165
MLP,600,106,0.3990924,0,1.0,False,0.005041634465329022,0.0038288517055306624,0.004544654762991763,0.0046302982429237026,0.0046654324254337964
MLP,600,106,0.43914255,0,1.0,False,0.003819379036476165,0.0037531093292400585,0.004819987799578529,0.005434480228582075,0.004494546150491858
MLP,600,106,0.12049947,0,0.0,True,-0.0011350460993104282,0.0017631390607365993,0.00145918242092315,0.0008598086152880684,0.0005121942041439273
MLP,600,106,0.23486018,0,0.0,True,0.0014521016041849336,0.001141266364016984,0.0008595000047959074,0.0006240347900792618,0.0009094131684960575
MLP,600,106,0.5660675,1,1.0,True,0.0027865455827271366,0.0043398608448657556,0.0033968571115188576,0.001896793258787976,0.0024699138823939624
MLP,600,106,0.38968736,0,1.0,False,0.006348456233244934,0.0062368085437286115,0.006830867576462152,0.005182721135598,0.005509272007910522
MLP,600,106,0.17194878,0,1.0,False,0.006698401407028922,0.006096935787431288,0.005373716673232009,0.005702697904193011,0.005475857612197599
MLP,600,106,0.13399254,0,0.0,True,0.0009398651360469775,0.00046444508121006825,0.000829947798610968,0.0014386965379113005,0.0013382269372386167
MLP,600,106,0.11740303,0,0.0,True,-0.0030165704373198237,-0.0011477227787234892,-0.0005429696455018316,-0.0008832928146984331,-0.0004817586358495134
MLP,600,106,0.72454274,1,1.0,True,0.005001634495017009,0.005134207734134135,0.0049455276777130314,0.003988479185463761,0.004338255229091396
MLP,600,106,0.10528003,0,0.0,True,-0.0002840730594833435,-0.0002759820163746657,0.00027458850823143175,0.00033144148158767347,0.00013024216721237237
MLP,600,106,0.48446962,0,0.0,True,0.00034028142108018776,0.0017360903773086546,0.0019860167632857655,0.0017465197030646922,0.0016434325874534496
MLP,600,106,0.18402304,0,0.0,True,0.0017584882211892057,0.0010025105339138863,0.0006261664158974137,0.00021199990259797888,0.0005471872646938599
MLP,600,106,0.3307784,0,1.0,False,0.005674132798565489,0.003281318830370778,0.003506272151389854,0.002989991561025368,0.0037315552523192624
MLP,600,106,0.11673415,0,0.0,True,0.0007049244940470945,0.0017582076970067049,0.0019752424396081015,0.0011015142715906513,0.001316020709196639
MLP,600,106,0.43830317,0,1.0,False,0.006003071670622127,0.005771133385636109,0.005689196957478916,0.0049365568503758435,0.005116736740878359
MLP,600,106,0.37284842,0,1.0,False,0.0058095736917204805,0.005460807362152232,0.005789640654384699,0.005892600924113996,0.006010066944802778
MLP,600,106,0.13372248,0,0.0,True,-0.0007785584730465503,-0.0005087257548916307,0.0008259417918936817,0.000391623970558084,0.00031185640725836777
MLP,600,106,0.2358352,0,0.0,True,0.0008172466448563135,0.0011019549983167735,0.0005510135907467084,0.0005821884708178418,-0.00012364762186264816
MLP,600,106,0.37401697,0,1.0,False,0.006202956296162159,0.0045373103225398274,0.004312630501588779,0.005207440737997108,0.005112636330575983
MLP,600,106,0.23688956,0,0.0,True,0.0027609402815484177,0.0005883317521305741,0.0005079590714556482,-0.00018763975095007672,-0.00029752861117085164
MLP,600,106,0.2923918,0,0.0,True,-0.0018141734994232995,0.00016148205734338724,0.0006484303793217261,0.0004630089404125445,0.0004276612401667233
MLP,600,106,0.14008267,0,0.0,True,-0.0010738380794984336,-0.0007600818182088003,-0.0008025647685724019,-0.0006512555348724436,-0.000403111647782663
MLP,600,106,0.12933555,0,1.0,False,0.0028130032760997343,0.003957546132118646,0.0030634156265538035,0.0039013258955924402,0.0040768708226795606
MLP,600,106,0.13963306,0,0.0,True,-0.0006867920357978406,5.6103958135120636e-05,8.86633473115246e-05,-0.00042500228235425126,3.216581543180644e-05
MLP,600,106,0.45296502,0,1.0,False,0.0015045629378313764,0.003134965375043597,0.0029044286551815363,0.003264442069168158,0.004084872359920553
MLP,600,106,0.28013715,0,0.0,True,0.004718078066548992,0.003560341179966224,0.003277929388856122,0.0027376295498073534,0.0022295834175553447
MLP,600,106,0.1512941,0,0.0,True,-0.002549060493680699,-0.0007996043149081991,-0.0005485167974506777,-0.00038951624639399935,6.54947164165479e-05
MLP,600,106,0.69818956,1,1.0,True,0.006099096531673568,0.004608818650464699,0.003967224588347462,0.004158253377999985,0.004158370912329006
MLP,600,106,0.47580954,0,1.0,False,0.004067675907155042,0.004853592454006092,0.005206063083466747,0.006038897103163657,0.005119914928530528
MLP,600,106,0.20033203,0,0.0,True,-0.004153147248454598,-0.0013022380963661777,-0.0008416674026212563,-0.0006532185507922712,-0.0008070990755359875
MLP,600,106,0.27010733,0,1.0,False,0.005463961687659513,0.00503134177078191,0.004683387168490593,0.004640813472634198,0.004286204725095111
MLP,600,106,0.38779622,0,0.0,True,0.0013967531204188517,0.0006043056874530893,0.001356426518346544,0.0009205702823175815,0.00041662439389349816
MLP,600,106,0.25137183,0,0.0,True,0.0016638543866682462,0.0005290731310086972,0.00032140742862329816,0.00018964385504955552,9.93477682970743e-05
MLP,600,106,0.3808048,0,1.0,False,0.002564660325185977,0.0027283123137943513,0.0030446341410261596,0.0034135409996958873,0.0035515720102037764
MLP,600,106,0.15422738,0,0.0,True,0.0009014252744400631,0.0009328160449423707,-7.439509931268726e-05,0.00025515525866006035,0.0010004747804548415
MLP,600,106,0.17388853,0,0.0,True,-0.0003167096423394385,-0.00038909865684075507,7.884271958799557e-05,0.0005573497412744688,0.0006876775844183913
MLP,600,106,0.28011486,0,1.0,False,0.006500709968723947,0.006052573393114756,0.0049941502197105485,0.00485415716964619,0.004738051317283268
MLP,600,106,0.49244016,0,1.0,False,0.00369018739657745,0.004444558857013525,0.004299368482296589,0.004666496248007309,0.0037874558032625167
MLP,600,106,0.18617395,0,0.0,True,0.0038367689771474345,0.0034613043079836283,0.0022396786438917625,0.0011894450478995124,0.0010812692814930066
MLP,600,106,0.20687126,0,0.0,True,-6.741040690180155e-05,0.0013861634556608668,0.000707251329893873,8.579535962324485e-05,-0.000299977594865286
MLP,600,106,0.24645753,0,1.0,False,0.005876251392556592,0.004686533754299505,0.004431287413784475,0.004383382199838806,0.004505694138086184
MLP,600,106,0.1640327,0,0.0,True,-0.0003617143477445533,-0.0006460599787409394,0.0008677065416871973,0.0007336154193375605,0.00022445864233969665
MLP,600,106,0.22556458,0,0.0,True,0.0024358620287340408,0.0010928533715237826,3.93723532593828e-05,0.0004406594561301501,0.00037713979394841615
MLP,600,106,0.2996927,0,0.0,True,-0.00021739214990728747,-0.0005266609213635501,-0.0008178758179711414,0.00018236403876126052,-0.0002851050892188774
MLP,600,106,0.28380936,0,1.0,False,0.003309410095725689,0.0038666821828197855,0.003081170956847906,0.003746153236775197,0.004487897006177186
MLP,600,106,0.18830116,0,0.0,True,-0.00021338077147296287,-0.0007285849758816826,-0.00023792042582026468,0.0005571896308648963,0.0013356227824878983
MLP,600,106,0.15875627,0,0.0,True,0.0028300516336145945,0.0008942739604511506,0.0004602912610503273,0.0003811842968179308,0.0002890716065849482
MLP,600,106,0.25467893,0,0.0,True,0.0008164568268709633,0.0008705226475581332,0.00019424460597716197,0.000271354890277347,0.0006048761646539685
MLP,600,106,0.2931436,0,0.0,True,-0.0005676221351464725,-0.0007630204570977328,-0.0003976199262192167,-0.0005620571615079232,-0.00014404934730568108
MLP,600,106,0.15941636,0,1.0,False,0.004847739240390484,0.002618535918047872,0.0025480721858962096,0.00250971892688716,0.0029943547918900755
MLP,600,105,0.13144149,0,0.0,True,0.0005620497075745508,-0.000417711699613959,0.00034745136782052206,-0.00023710183276712772,-0.00031379574307016027
MLP,600,105,0.28894076,0,0.0,True,0.0014573883626389857,0.0011829165975346873,0.0016697328415853701,0.000667339029472202,0.00043030365867718283
MLP,600,105,0.3506793,0,1.0,False,0.0035095387759312862,0.004086120481975015,0.005654318799654304,0.005955512028377928,0.0058551726452481705
MLP,600,105,0.20571992,0,0.0,True,-0.000192158454438551,0.0012390739476712915,0.0007552084674695712,-9.339738174922286e-05,-9.529069326776388e-05
MLP,600,105,0.17215364,0,0.0,True,-0.003047568859787528,-0.0018724219588298525,-0.0009512335652027484,-0.0004665764696133429,-0.0006376636627446066
MLP,600,105,0.243509,0,0.0,True,0.001540857164696626,7.472196081362444e-05,-1.6973918353437856e-05,0.000534158703810001,0.0008299623112459341
MLP,600,105,0.21752042,0,0.0,True,0.0007209321096840002,-0.0003561356166334193,0.00015379404393527668,0.0004859825187715826,0.0003765487528269979
MLP,600,105,0.24045596,0,0.0,True,-0.0014839786230678078,0.0006867982682164924,0.0012559192061655235,0.0009947660982424812,0.0005320659274101193
MLP,600,105,0.15726417,0,0.0,True,-0.0010809829497873565,-0.0006196332864315454,-8.89079342363212e-06,-0.00019113829420734621,-0.0003666506656058016
MLP,600,105,0.7290864,1,1.0,True,0.0067813119829088,0.006508678309682922,0.0066944018985941305,0.005975698292034537,0.0053180683767950765
MLP,600,105,0.41915014,0,1.0,False,0.004564263915085146,0.005406540426652623,0.005611086768330435,0.005244567793182342,0.005292965844895956
MLP,600,105,0.71309334,1,1.0,True,0.004350488862103948,0.005701925924950216,0.0050898126718537,0.00461661855597779,0.005047373895130504
MLP,600,105,0.22447456,0,1.0,False,0.007036723781266912,0.005775949660149869,0.004858432736107484,0.0037354126292525962,0.004413236465532328
MLP,600,105,0.23028031,0,1.0,False,0.002687769327326193,0.0033524884903683955,0.003321736285795216,0.003036365060118063,0.004346722024518783
MLP,600,105,0.25341576,0,1.0,False,0.00407247203816239,0.005746800774690413,0.005602559380805812,0.004532496205915868,0.004305262453614068
MLP,600,105,0.31564853,0,1.0,False,0.0051823406132028745,0.006072139913781088,0.005973251387022413,0.005690663746525426,0.005906978871393417
MLP,600,105,0.35134786,0,0.0,True,-0.0010442666414991213,0.00011372428279402368,0.00016998369920005686,0.0004911540758477664,6.572588060956812e-05
MLP,600,105,0.25781882,0,1.0,False,0.006899669234697981,0.006009371389485344,0.005894113149575408,0.005917998533983954,0.005343608734754254
MLP,600,105,0.24246399,0,0.0,True,0.002243659050640199,0.0008614664929302802,0.001543102523195872,0.0016745370004931752,0.0017295029063444062
MLP,600,105,0.19003358,0,0.0,True,0.0017721277615715945,0.001283515330553817,0.0003479003897131054,0.0005349666486261597,0.0007446683244287283
MLP,600,105,0.5605346,1,1.0,True,0.0066582203789058644,0.005549534222640781,0.005908821703453324,0.005713504886630618,0.005392466309161632
MLP,600,105,0.24695387,0,0.0,True,-0.0010722228096894239,0.0007287048113860749,6.503333339773848e-05,6.606003699084898e-05,5.109928008016738e-05
MLP,600,105,0.16856149,0,1.0,False,0.0015970566366380536,0.0013449880392833514,0.003374161278834473,0.002746107447951836,0.003633665194220481
MLP,600,105,0.09735939,0,0.0,True,-0.001012381799408915,0.0009470329247059241,0.0009533567227544386,0.00022476571083904134,-0.00035821355079847467
MLP,600,105,0.59150374,1,1.0,True,0.003567015703325904,0.002692815006357898,0.0032868580848016494,0.0043974754135269155,0.004280274236644615
MLP,600,105,0.16730544,0,0.0,True,-0.0014416134598176148,0.00012220602159015512,-0.00013412094766336954,-4.775261640809734e-05,-0.0001555338459147809
MLP,600,105,0.18274283,0,0.0,True,0.0009089300950218087,-0.0006804336565648471,-0.0002193327484982461,-0.0006773865855989569,-0.0008401274686877462
MLP,600,105,0.660371,1,1.0,True,0.0050897259696780816,0.006553331019227614,0.006964069242674105,0.006648192543635779,0.006414856114963879
MLP,600,105,0.3503649,0,1.0,False,0.005811176481635667,0.00448750232118381,0.0031040189909026595,0.0036830091702806,0.0035274354631096285
MLP,600,105,0.120124295,0,0.0,True,0.00010435424014701542,0.00015429481175227407,-0.0002881422710614317,-0.0007425960144791469,-0.00039508651550465546
MLP,600,105,0.50613713,1,1.0,True,0.004378689050094425,0.004248620174347895,0.003967897674751594,0.0037550834761870557,0.004802037813512846
MLP,600,105,0.15356508,0,1.0,False,0.005379864503791105,0.0043039106247867425,0.004649410516903613,0.0036792805207052862,0.0043023121958965585
MLP,600,105,0.1812635,0,0.0,True,-0.0019944693296787756,-0.0010461930039268284,-0.0005983119654190785,-0.0005291456226605907,0.00012874565883003744
MLP,600,105,0.34375563,0,1.0,False,0.0045625456714197985,0.003435819133155534,0.004308139581708717,0.0043535093787206245,0.004295117337375365
MLP,600,105,0.20784798,0,0.0,True,0.002329906490741149,-0.0005168206259687075,-0.00024126397972637498,-0.00027064360088727065,-0.0007909115018249654
MLP,600,105,0.84407246,1,1.0,True,0.0002642623917844789,0.002676342660602109,0.003425871346174759,0.004266979332583336,0.004274925952119527
MLP,600,105,0.5152175,1,1.0,True,0.0075281265911603945,0.00812171104009329,0.006953001065230697,0.006756767717077846,0.00651482014313908
MLP,600,105,0.20567839,0,0.0,True,0.0004729229347633895,-0.0005848727715566421,-0.000997848444538668,-0.0009219629851238618,-0.0012172493551128312
MLP,600,105,0.31358835,0,1.0,False,0.005464588253415399,0.00378714807467897,0.004160045466866169,0.003958017258179661,0.0037519444083026396
MLP,600,105,0.28827235,0,1.0,False,0.0036213267270387177,0.005117123241657912,0.005981783534096251,0.0051007951086466065,0.0047673655804956905
MLP,600,105,0.15628242,0,0.0,True,-0.0004509095520768535,-9.763413864153858e-05,-0.00038849461879018605,-0.0002372613226098011,0.00017962598101835196
MLP,600,105,0.13785842,0,0.0,True,-0.0018558506729200023,-0.00022831179071916146,0.0006494985712328016,0.0009875644205021917,0.000742176305415078
MLP,600,105,0.24003251,0,0.0,True,-0.0006909987839040583,0.0010043284610332568,0.0005638214684207536,0.000114695524637549,-7.257330813894306e-05
MLP,600,105,0.19399309,0,0.0,True,-0.0036679771670131045,-0.0025153897089489918,-0.0014649459717916873,-0.000918574072897046,-0.0009389274911059337
MLP,600,105,0.17233644,0,0.0,True,0.0013625376533636317,0.0012077934862599414,0.0006625616124559215,0.00031024028741582425,5.167660529282133e-05
MLP,600,105,0.47597164,0,1.0,False,0.002241521940600849,0.003493458301053322,0.003976269106406699,0.00457401832483978,0.0047636898725945355
MLP,600,105,0.7411223,1,1.0,True,0.0025320011167449166,0.0026065292865833025,0.00255482930401194,0.002815914917167117,0.003256294650577765
MLP,600,105,0.1750811,0,0.0,True,0.00021636475865693635,-0.00018714149797959136,-0.0005412195840914539,-3.9532780916241415e-05,-0.00038682527490605835
MLP,600,105,0.20557193,0,0.0,True,6.692012184233501e-05,0.0007410834573640642,9.746159175899035e-06,0.0005880699446267156,0.0007271522708016528
MLP,600,105,0.18511052,0,1.0,False,0.00603222587122217,0.00622107740132995,0.005265662963229543,0.0037489271656389067,0.00434951195634402
MLP,600,105,0.15822008,0,0.0,True,-5.576682724985711e-05,-0.002213993218869551,-0.0013342147390762395,-0.0011424060233807378,-0.000981713695222928
MLP,600,105,0.17266518,0,0.0,True,-0.0006258848101514202,0.001239206867632804,0.0010377011419596635,0.0012928280375466442,0.0010836898015244136
MLP,600,105,0.2729769,0,1.0,False,0.001513732620876129,0.0035280563660467176,0.003990552098554269,0.0033717298727496733,0.003660925223404147
MLP,600,105,0.2735893,0,1.0,False,0.005570257372398762,0.006065023551901644,0.006320916847199109,0.006352720563168154,0.005622422971808791
MLP,600,105,0.21319444,0,0.0,True,-0.0009126958065553441,-0.0004985232302015476,-0.0007525795674574918,-0.0003375923893917373,-0.0005975057669570389
MLP,600,105,0.18069379,0,1.0,False,0.005565988427413671,0.005370023654411557,0.005493509716821512,0.004389015373816827,0.0041654994076435175
MLP,600,105,0.18494447,0,0.0,True,0.001807878668310975,0.0005398622173023753,0.000161477721750755,-0.00041151448852196044,-0.000704585384471064
MLP,600,105,0.48886976,0,1.0,False,0.0064767715573709455,0.004217894722905287,0.004883728271197239,0.005809197873327967,0.0063807482357773615
MLP,600,105,0.23329124,0,1.0,False,0.005068305053447541,0.005337038064106298,0.004153181870795077,0.0042760742244986275,0.00436137892594163
MLP,600,105,0.13387516,0,0.0,True,0.0002872507808235553,0.0005714093682894394,0.0013410016474701884,0.0008971790771273257,0.0006575246103944188
MLP,600,105,0.33918932,0,1.0,False,0.005480083243275254,0.0039001509995273635,0.0039730908926177665,0.0044269564686784816,0.004081467615128354
MLP,600,105,0.2323319,0,0.0,True,0.0002781330981781419,0.001038628603156296,0.0003678014821761425,0.0007153694583489311,0.0007882789051099796
MLP,600,105,0.35801128,0,1.0,False,0.006866919543945033,0.0055861520681771875,0.006177944109425036,0.00532071174297397,0.004824026688499513
MLP,600,105,0.40621322,0,1.0,False,0.007944421464233884,0.006341206066597674,0.005588391336375845,0.004824491677946802,0.004418290650226835
MLP,600,105,0.30183044,0,1.0,False,0.006365321007856338,0.005069914247536239,0.005186375838188859,0.005408664824054897,0.004969030261989245
MLP,600,105,0.14275393,0,0.0,True,0.0017537378931267696,0.0009057872924559809,0.0008201316160366765,0.000632524109450941,0.0006271022055574773
MLP,600,105,0.24303693,0,0.0,True,-2.3091673039760506e-05,0.0011660300682579596,0.0005715061289400322,7.591307212164015e-06,0.00035767805419104136
MLP,600,105,0.39474893,0,1.0,False,0.0011407135618114366,0.00407927648079511,0.004311986124271256,0.005059266981251148,0.004506055656260191
MLP,600,105,0.2987492,0,0.0,True,-0.0007618682120536354,-0.0002530738465387718,0.00042384452037514786,0.00034321162978634287,0.00014186428965319575
MLP,600,105,0.3323468,0,0.0,True,0.00120955867130493,-0.001237150764446262,-0.0013097488999299176,-0.0007329672940568372,-0.00042345577215583416
MLP,600,105,0.13187775,0,0.0,True,0.003179498374905257,0.0017088678701139592,0.00034369917003334986,0.0001441428984074449,0.00024415727740310597
MLP,600,105,0.23109098,0,1.0,False,0.005412472479027688,0.004669915528101776,0.005197363077755842,0.00478880855124584,0.004825303887095917
MLP,600,105,0.34670374,0,1.0,False,0.002999197741270358,0.003770308296390688,0.00434573303858143,0.0035325177127054895,0.004034360476539144
MLP,600,105,0.1314955,0,0.0,True,-0.002270975095886634,-0.001562813283229421,-4.1460071319485846e-05,-0.0006686083116330437,-0.0006604593301788458
MLP,600,105,0.49230522,0,1.0,False,0.004163909771882352,0.004571036163894071,0.00476883517505918,0.004511378119869411,0.004904323400706585
MLP,600,105,0.19151202,0,0.0,True,-0.0045829519944521726,-0.0028072454896251042,-0.002026497315856412,-0.0014006165007028257,-0.0012304135312896354
MLP,600,105,0.46917528,0,1.0,False,0.007356701708165435,0.008705090181719843,0.00716646619310413,0.0065508848784153854,0.005630348090857762
MLP,600,105,0.8326089,1,1.0,True,0.004570477040991734,0.006572726866884891,0.005321212668020763,0.005080729117172201,0.004672286316908758
MLP,600,105,0.121969335,0,0.0,True,-0.0020598042057312768,-0.0014712971124374206,-0.0014778181927463138,-0.0010924612846575814,-0.0006679714270564509
MLP,600,105,0.29163662,0,1.0,False,0.0063222571599002774,0.004311613178566243,0.003850828394870414,0.0034779241817107856,0.003885951309573045
MLP,600,105,0.29162544,0,1.0,False,0.006136527026593054,0.005751838463226366,0.004647077633000554,0.004410946832875042,0.005401660637167324
MLP,600,105,0.30927998,0,1.0,False,0.00393903958561436,0.005529627436003739,0.0049638143340357595,0.00461273205526634,0.004576357518968004
MLP,600,105,0.30232906,0,1.0,False,0.0064234510213456554,0.0046323816704775325,0.004787563073702624,0.004363799046439214,0.004615282212717405
MLP,600,105,0.34109366,0,1.0,False,0.006646135686413477,0.005627042898689636,0.005210150932875311,0.005237673220164072,0.005804093687675543
MLP,600,105,0.47671798,0,1.0,False,0.004960213497043226,0.005014535235082816,0.004312790941319085,0.004641156640029767,0.004194486906443235
MLP,600,105,0.57623345,1,1.0,True,0.004980463523708575,0.00456683296691401,0.005077896226890262,0.004920372781758287,0.005490687735101365
MLP,600,105,0.3360687,0,1.0,False,0.006357972864133598,0.004873214104243277,0.00544647113210535,0.005862873488823781,0.0059901455814139835
MLP,600,105,0.35183832,0,1.0,False,0.0009120605996624397,0.00288443416872413,0.003394028468219672,0.0029421409744871964,0.003341569043889042
MLP,600,105,0.37416744,0,1.0,False,0.0030422479423069895,0.0032036089127911527,0.003092019703293974,0.003497683251402794,0.0036298673375247444
MLP,600,105,0.22463241,0,0.0,True,-0.000346252381209244,-0.0010706842900447607,-0.0008207758604580713,-0.0003069028074873639,0.00021397143193722945
MLP,600,105,0.36797944,0,0.0,True,-0.002040067143379712,-0.0022898220527646056,-0.0009008828837813596,7.734982866132415e-05,0.000656338062769818
MLP,600,105,0.16469476,0,0.0,True,0.0014621615320820852,-0.00030237750469485106,-0.00047735918463551294,-0.00038370562033876975,-0.00035547458307451303
MLP,600,105,0.23225221,0,0.0,True,0.0015597213862477773,0.0014717761609808744,0.002015584383654233,0.001241325241380597,0.0010600121457841377
MLP,600,105,0.28862196,0,1.0,False,0.00301603719454337,0.004449872968331481,0.004711839562012574,0.0037961944865158546,0.004081321205825265
MLP,600,105,0.3178987,0,0.0,True,-0.0012097286397549898,-0.00030576416548295935,0.001372736396687609,0.0013952845543640524,0.0009380704450065128
MLP,600,105,0.31568062,0,0.0,True,0.00154064977111741,0.0023688288852810042,0.001966683790431939,0.0015262683081042428,0.0005452025197985496
MLP,600,105,0.3747054,0,1.0,False,0.006948255102228648,0.006134821634299454,0.005584191165299632,0.00563118555249423,0.004981183932745163
MLP,600,105,0.2284125,0,1.0,False,0.0006729967548154997,0.0022642095759167467,0.0023677584414031594,0.0028781598415067436,0.003278450334095529
MLP,600,105,0.3133753,0,1.0,False,0.0021256923471072047,0.004082346058736801,0.004334736263695521,0.0038102518662436104,0.004181974737594971
MLP,600,105,0.25926608,0,1.0,False,0.0017744188779873404,0.0027449066145925818,0.004092398887471087,0.00419433861125731,0.004242483202801947
MLP,600,104,0.47977605,0,1.0,False,0.003027228788431889,0.004717324356870223,0.004897812793576672,0.004594178729886546,0.004878897777237883
MLP,600,104,0.30617377,0,1.0,False,0.003301131145992002,0.003794040877615432,0.0037711734890736206,0.0037503705304242434,0.00397696588434748
MLP,600,104,0.20561127,0,0.0,True,0.0010280323532267674,0.0006697913447515916,-0.0004067013284478163,6.9447332204456e-05,0.0006415472406935996
MLP,600,104,0.11747632,0,0.0,True,-0.0016422605704054095,0.0009015397145928308,0.00034853775497826984,0.0002683640483590646,0.0002392727919043635
MLP,600,104,0.42717373,0,1.0,False,0.002308695788614594,0.0038560661991507606,0.0052629652921238135,0.004912665578471075,0.005024268055667066
MLP,600,104,0.29195657,0,0.0,True,-0.0016027983757552914,-0.0007129424316442239,-0.0008472537147621985,-0.0007963576597528794,-0.0007738830519940833
MLP,600,104,0.29314578,0,1.0,False,0.0015943491721413202,0.004154909490098332,0.0038970689135401676,0.003638514890750366,0.003972165684844002
MLP,600,104,0.12236498,0,0.0,True,-0.000992849484068615,0.0006158508080633964,-0.00037397678743814614,0.00019147358497174983,-0.0003731838177667557
MLP,600,104,0.42215922,0,1.0,False,0.004445005004571582,0.0046189224250824,0.004566004188632183,0.004194068568473749,0.004522576416549116
MLP,600,104,0.44799033,0,0.0,True,0.0008004940448471236,-0.0005021593800095752,-0.00015131815810436947,0.00044280060688815396,0.0009363211370368134
MLP,600,104,0.25254875,0,0.0,True,-0.0014641414729898306,-0.0018802596619193579,-0.0009722648583666986,-0.0008916723817727707,-0.0006492298696206841
MLP,600,104,0.27377993,0,1.0,False,0.005277358846078589,0.0048833027061332855,0.0034740756775475793,0.004448954964993917,0.004392036296825304
MLP,600,104,0.21155821,0,0.0,True,0.0009285789560107504,0.0016060439757760192,0.0010657538562988263,0.00043436174576011753,-0.00028445895089860727
MLP,600,104,0.23466113,0,1.0,False,0.005456339700871858,0.003542229820882026,0.003768890529177369,0.004323471115291745,0.004298487129602913
MLP,600,104,0.38354537,0,1.0,False,0.005186205881110851,0.006677599517542059,0.006144334362706807,0.005621810027327093,0.005095257365504978
MLP,600,104,0.242178,0,0.0,True,-0.002044317796507622,-0.0019069148041039377,-0.001297243954713842,-0.0011193774798964296,-0.0014751950968479321
MLP,600,104,0.31986162,0,1.0,False,0.00284832363995502,0.004190100808475645,0.004948875062987071,0.00501290183069815,0.005206032209727106
MLP,600,104,0.35875076,0,0.0,True,-0.0031925486715453665,-0.002888847725683723,-0.0014477000848722881,-0.0017418469065407416,-0.0013586382324140816
MLP,600,104,0.22842474,0,1.0,False,0.005851025716461977,0.005198528239726106,0.0050502752184432825,0.004212371122472317,0.004558828238071084
MLP,600,104,0.37518808,0,1.0,False,0.00548104977559163,0.004898022645062478,0.004968064110134777,0.00383092323702768,0.0037071430029913407
MLP,600,104,0.2480477,0,1.0,False,0.006027132418948905,0.0043788179076359925,0.0036710949734734834,0.005262713226044702,0.005249668410831357
MLP,600,104,0.122921824,0,0.0,True,-7.307292369847706e-05,-3.37710486275326e-06,-0.0008515445407298984,-0.0005793425805041721,0.00010785721126961226
MLP,600,104,0.2236719,0,1.0,False,0.00387282313229659,0.0043522693852479375,0.005469853433348349,0.005345687492873644,0.004649746916920239
MLP,600,104,0.29344755,0,1.0,False,0.0030216498673441548,0.004129696127057917,0.005261900027800905,0.005503413870796956,0.005887135829127923
MLP,600,104,0.20222843,0,0.0,True,0.00018220746864732585,0.0005776123593578458,0.0006617579885345306,0.0011448215306748292,0.0010826158293113029
MLP,600,104,0.18492909,0,0.0,True,0.002569456708768067,0.0017418226356579558,0.0016689963656688748,0.0009832887809924256,0.0008115625769588054
MLP,600,104,0.44481182,0,1.0,False,0.004462894752512819,0.0037007599504322954,0.003318289768520852,0.003429389084663992,0.0032002822477335212
MLP,600,104,0.17958027,0,0.0,True,-0.001306731574823515,-0.0010347810337808553,-0.00028475133588017396,0.00014521995913280273,2.8409191285326885e-05
MLP,600,104,0.2642964,0,0.0,True,-0.00019756312199633544,-0.00017517288266357021,-0.0006155079469319568,-0.00020863196356264894,-0.0002577963879655579
MLP,600,104,0.32259914,0,1.0,False,0.005136331482274467,0.005143404161504249,0.004654392110980818,0.004595527150642942,0.004629808821473741
MLP,600,104,0.30317166,0,1.0,False,0.004957066827798725,0.005134601457141127,0.003607829126967071,0.003497574878678558,0.003910493436018067
MLP,600,104,0.40594137,0,1.0,False,0.0018297540201798247,0.003284992198795998,0.0036556274844442454,0.004156622518284807,0.004717091537796769
MLP,600,104,0.23340227,0,1.0,False,0.002737161456063645,0.004708537949992335,0.004384485960745659,0.004097015315138278,0.0034374731380834383
MLP,600,104,0.5055525,1,0.0,False,0.0028656623355632948,-0.0002206749546894664,0.00011836139878322801,0.0006006096841084307,0.0004932784600790172
MLP,600,104,0.1425289,0,0.0,True,-0.000562871807631987,-0.0015602142924185112,-0.0005749217427925519,-0.00017652912840343394,-0.0001448673134216767
MLP,600,104,0.3484713,0,0.0,True,0.0034724118778386988,0.002244483666687005,0.0021906193176925966,0.0016694527160889697,0.0017252941640146376
MLP,600,104,0.63956106,1,1.0,True,0.004595370721970961,0.005136790030445437,0.004034748956216768,0.00410923853674815,0.004147545931335767
MLP,600,104,0.16251269,0,0.0,True,0.0013953602139031753,0.0007699418072723607,0.000684266305663905,0.0002121213930733587,-0.00019119198108097528
MLP,600,104,0.40164638,0,1.0,False,0.0017711069316091207,0.0028670199421589842,0.004129939145924608,0.003920458319771943,0.003898692848412013
MLP,600,104,0.19348177,0,1.0,False,0.004708350805953988,0.004801443852154922,0.005132567024879299,0.004774814466705421,0.005059298529637547
MLP,600,104,0.39558613,0,1.0,False,0.004768772538042605,0.004302086095134538,0.005125944269877622,0.00468992817734426,0.0049263597708922415
MLP,600,104,0.12940666,0,0.0,True,0.0003392160152036246,1.6489852569137133e-05,-3.917324084526713e-06,0.0004237623929095079,0.0004005420571089131
MLP,600,104,0.2348547,0,0.0,True,0.0025075645748326957,0.001676997029218051,0.0010123277263048482,0.0008639987956471332,0.00089125698469939
MLP,600,104,0.15567285,0,0.0,True,-0.0013361892672325017,-0.0017271669590135925,-0.0019107091645228565,-0.0009574665416534296,-0.0007800863006243639
MLP,600,104,0.5744008,1,1.0,True,0.004898600395911728,0.00499986990429805,0.0037859066497737985,0.00408578437794206,0.004100241482999822
MLP,600,104,0.69693,1,1.0,True,0.006470272337666212,0.004323135729370963,0.004035938680606215,0.003877111177798847,0.004744462851680513
MLP,600,104,0.16369516,0,1.0,False,0.006755762000618865,0.005399917885999806,0.005055841583240448,0.0048870817735623484,0.005370129418593872
MLP,600,104,0.28281373,0,0.0,True,-0.0019759034599980308,-0.0003596185501988325,0.0007315982307617417,0.0004625455609458633,-0.00013447007387792692
MLP,600,104,0.3618281,0,0.0,True,-0.0010542196019907718,-0.00018064442335683823,-0.0003944948986266929,-2.6174896327348132e-05,-0.00037754439508164936
MLP,600,104,0.20399447,0,1.0,False,0.0005909575808311238,0.002128738862812795,0.0032602477196078125,0.0038854671077109644,0.003446337623656242
MLP,600,104,0.45984578,0,0.0,True,-0.0007129038550720732,0.00013863548590844119,-0.0002459060566626347,-0.0005404000636689442,-0.0002865219605634309
MLP,600,104,0.5483597,1,1.0,True,0.006666849455317397,0.003762497809274384,0.004731136469472187,0.004315750790063442,0.004461743915639315
MLP,600,104,0.57346684,1,1.0,True,0.004101292868894534,0.004004491264042353,0.005314031632865708,0.004700146632207964,0.005139017068078699
MLP,600,104,0.25157306,0,0.0,True,0.00018187104768892923,-0.0007563055939719649,0.0010928239685596849,0.0018645384772068734,0.0014411097890619858
MLP,600,104,0.14399922,0,0.0,True,-8.931676812261962e-05,-0.0013564410875717627,8.334058113114302e-05,2.20387975384288e-05,0.0001582786082161751
MLP,600,104,0.32252428,0,1.0,False,0.004101867736868179,0.0031639010409192296,0.004348252912800927,0.00461122542616588,0.004317536978100375
MLP,600,104,0.258954,0,0.0,True,0.002016149796603117,0.0013328255299538717,0.0003326154225370722,0.0009616920645472776,0.0007282182776076143
MLP,600,104,0.33786952,0,1.0,False,0.006658925791464783,0.004512097265526852,0.004073058546380679,0.0047626693659661,0.004867307520160111
MLP,600,104,0.16546285,0,0.0,True,-0.001849989403489434,-0.00010804729826459529,0.0006797420759671,0.0009115118411302229,0.00020468270118020537
MLP,600,104,0.42964998,0,1.0,False,0.0037890034551474727,0.0036138806482659738,0.004185472072488689,0.00338287731335017,0.003351645258976521
MLP,600,104,0.17022717,0,0.0,True,-1.4445154590537187e-05,0.00046180470009806303,-0.0002187713457393364,0.0002213231753643568,9.276683534303228e-05
MLP,600,104,0.46516433,0,1.0,False,0.005657283708245009,0.00360105721881014,0.003265904200406075,0.003559707458213161,0.003825653744317813
MLP,600,104,0.17316699,0,0.0,True,-0.0037235932421778428,-0.0028243904109718273,-0.0024924686242970124,-0.0026353048467950804,-0.002407087129982138
MLP,600,104,0.17834075,0,0.0,True,-0.0011166368300232475,-5.346871012211532e-05,-0.00015764988507056628,-0.0008903161460499098,-0.0007212598595493395
MLP,600,104,0.30344436,0,0.0,True,0.0007252987964711288,0.0010544652349587335,0.00015242849486839328,-1.7510171738666264e-05,-0.0005596758780054159
MLP,600,104,0.18510719,0,0.0,True,0.002157121970384773,0.001593680264787025,0.0006260685829808771,-0.00016792226406579355,4.3704939817292423e-05
MLP,600,104,0.30822837,0,0.0,True,0.0012458534805991706,0.0015614916683952612,0.0015564653819799934,0.0016469744782922214,0.0009592590055669158
MLP,600,104,0.3088631,0,1.0,False,0.0015280827787010364,0.0020836271175001505,0.0026344280412600738,0.003163914236343713,0.0038471494163073053
MLP,600,104,0.30149147,0,1.0,False,0.003993331284063043,0.0016408632122481962,0.0015048276914730113,0.001967384665872896,0.0022784788989392035
MLP,600,104,0.20060359,0,0.0,True,-0.004084421355403819,-0.0016738068035423992,-0.0021406793455517486,-0.0018719849796219423,-0.0014062528472481072
MLP,600,104,0.20547093,0,1.0,False,0.0014589289807226567,0.0034599271703356104,0.005176157325736494,0.0049013984333372285,0.00597410290442659
MLP,600,104,0.21239641,0,0.0,True,-0.0018271895921232657,-0.0021606008538462376,-0.0017787993467847129,-0.0010150776376654494,-0.0008132382867146999
MLP,600,104,0.16249293,0,0.0,True,0.00021790965072535545,0.00036020637473069777,0.0008501444511381507,-3.096369593701448e-05,-5.5710831793707785e-05
MLP,600,104,0.25070128,0,1.0,False,0.005415193878634237,0.002188195160287675,0.003804939234674907,0.0038394994894269206,0.0033330484095663243
MLP,600,104,0.54409504,1,1.0,True,0.004952452501294152,0.004477326631771843,0.005551112701593018,0.004891638613965825,0.005271757875239254
MLP,600,104,0.098255716,0,0.0,True,-0.0004568953763201339,0.0009656275731702408,-7.134577955740916e-05,-0.00029921493694976757,-0.0005947961056235583
MLP,600,104,0.49877787,0,1.0,False,0.0052197831232309935,0.0040991045640158645,0.004208435532568812,0.004291454270088458,0.004604090969960973
MLP,600,104,0.22997978,0,0.0,True,-0.000872606250664222,-0.0009347003661847599,-0.0007795254896297512,-0.0005975421039654016,-0.0006625902360179673
MLP,600,104,0.12469954,0,0.0,True,0.0007789332878142519,0.0009188249977606379,0.0001336453010147684,-0.0004199316743095755,-0.000727090555601711
MLP,600,104,0.32344598,0,1.0,False,0.0011448547622896963,0.001919550876625382,0.0024562955884516106,0.0026352789025804154,0.003180491926000081
MLP,600,104,0.32999706,0,1.0,False,0.0027897921159654197,0.003015227497580284,0.0035285797833984004,0.0036669152385117505,0.003810497585554601
MLP,600,104,0.15824187,0,1.0,False,0.005510716053765624,0.005306762582973807,0.005126428523599803,0.004681113559055296,0.004961059823848027
MLP,600,104,0.26129463,0,1.0,False,0.002542782503375819,0.0030077798646003244,0.0034400200385016604,0.003737638807035066,0.0036654176952842705
MLP,600,104,0.29825008,0,1.0,False,-0.00035059284890405474,0.0030966222990796693,0.0032237033315328087,0.003324960479652203,0.0036270226626629516
MLP,600,104,0.31407133,0,0.0,True,0.0004934704917889092,0.0003771356442133825,0.00089723398809974,0.0010131915395610014,0.0002983218509417467
MLP,600,104,0.34052852,0,1.0,False,0.005497721385649278,0.005042892408141411,0.0050554449003639675,0.0037361073114108296,0.004129259681650865
MLP,600,104,0.23564914,0,0.0,True,-0.0008751066460890725,0.0006446643541131991,0.001278874031027688,0.0015021793545083723,0.0012840571686215682
MLP,600,104,0.2538496,0,1.0,False,0.0037071940402269043,0.0035933624964010137,0.005285621531374598,0.004833781052771074,0.004949224194465132
MLP,600,104,0.24568564,0,0.0,True,0.0008458429431360083,0.0014090691477356234,0.00024154096146978448,-0.00019944355664376447,8.375545122750966e-05
MLP,600,104,0.238676,0,0.0,True,0.003044261136509744,0.000671423847728993,0.00023625642830860317,-1.2195721610207231e-05,-0.00020391645283357742
MLP,600,104,0.38195094,0,1.0,False,0.006521604369595905,0.006685854261842689,0.005966017189284209,0.005977329739239795,0.006181626169343839
MLP,600,104,0.28844288,0,0.0,True,0.0003557888486764108,-0.0007579439453887367,-0.00023477880904429748,-0.00022252222431306328,-5.8932543959937224e-05
MLP,600,104,0.475926,0,1.0,False,0.0007283230951268119,0.0027610958789486355,0.0028447527316706562,0.0036815503680192236,0.004116071105709463
MLP,600,104,0.13863525,0,0.0,True,0.0004748076159513838,-0.00019303948415350135,-0.00018389175964693665,-0.000525275842464991,0.00019072328004135993
MLP,600,104,0.21829836,0,0.0,True,0.0017272041880222347,0.0016674427821157629,0.001013025869644775,0.0003788464883273883,0.0003094219737764698
MLP,600,104,0.19804895,0,0.0,True,0.0018473598849899065,0.0016847242636214182,5.201009280303404e-05,0.00042105941769003777,-1.809857407005392e-05
MLP,600,104,0.13368276,0,0.0,True,0.002332625537158181,0.000510706224749429,0.0004880048370765162,0.000946868391105492,0.000798631797682907
MLP,600,104,0.14967595,0,0.0,True,-0.0006077834845609011,-0.0014101169228606018,-0.0011918059713387815,-0.000982569431348856,-0.000963467870947589
MLP,600,104,0.122130774,0,0.0,True,-0.0007950952565030192,-0.0005088386934137608,-9.041365315360984e-05,-0.000614621852899239,-0.00043397390062289846
MLP,600,104,0.34229302,0,0.0,True,0.0045257998461289,0.0025884651401036026,0.001255455266558935,0.0015409396947362651,0.001575621677513659
MLP,600,103,0.44667622,0,1.0,False,0.0012290254018388867,0.003296715717253504,0.0040651446735078525,0.0050989946315925195,0.004539536674439028
MLP,600,103,0.36767125,0,1.0,False,0.006250884998252536,0.0050303206992548906,0.0045624439339958505,0.0051262922965703,0.004764422684043422
MLP,600,103,0.8044043,1,1.0,True,0.004931899932062003,0.004821402288942403,0.0045384720994065125,0.004430852129534167,0.004170959145110759
MLP,600,103,0.17460828,0,0.0,True,0.001480240025768966,0.000593141858056129,0.00010589965992978925,0.0006122694590420175,0.000490228666484975
MLP,600,103,0.24234627,0,0.0,True,-0.0008021152648756836,-0.000546414095887009,-7.64402636575021e-05,0.0002244712598407299,-4.804811737203593e-05
MLP,600,103,0.40667123,0,1.0,False,0.0038299562628848977,0.0035742677942761972,0.004784044957028741,0.005007024165151857,0.005425101261953694
MLP,600,103,0.39911002,0,1.0,False,0.004140153532667075,0.002300068055520776,0.0028668426280117863,0.0031491197094014466,0.002998223989031772
MLP,600,103,0.25201192,0,1.0,False,0.006904296413070389,0.005503984113798748,0.004701235734643709,0.004580063579669511,0.005124090345728363
MLP,600,103,0.22988504,0,1.0,False,0.005826367658118946,0.006329705134641742,0.0070940085131750204,0.006683394271234232,0.006542704091409228
MLP,600,103,0.46694472,0,1.0,False,0.005875302178035293,0.00397305831209965,0.0033124731622530186,0.0035145411358631267,0.00350655524062561
MLP,600,103,0.2795381,0,0.0,True,0.0005394376985917745,0.0007988802122353087,-3.194538577554701e-05,-0.0006642302253407903,0.00010129044637966586
MLP,600,103,0.2982418,0,0.0,True,0.0008542372097587227,0.0008856230267356973,0.0008000323806502626,0.000400450016647536,0.000922069120528865
MLP,600,103,0.33759993,0,0.0,True,0.0015383444604376087,0.0008126500896947837,0.00011560643860243599,8.865139409993101e-05,0.00035615785733391617
MLP,600,103,0.120115444,0,0.0,True,0.0031708858626051826,0.0005252700784381747,-0.0003596757692603745,-0.0004696991260494415,-0.0008553705944661105
MLP,600,103,0.31820315,0,1.0,False,0.007016117604250722,0.006604350406327485,0.005906104414849045,0.006441831831247685,0.005548834795476719
MLP,600,103,0.1777928,0,0.0,True,-0.0001841214259887677,-0.0011529391374411322,-2.9648079393674104e-05,-0.0007880328631997624,-0.000636528489543646
MLP,600,103,0.2266194,0,0.0,True,-0.000833002267089583,0.0002604291295432664,-3.031316510493078e-05,-5.4608311173365046e-05,-3.788918781917743e-05
MLP,600,103,0.14900506,0,0.0,True,-0.0008407287562915056,4.966547810969897e-05,1.8092942668770133e-05,-0.0004677356512865008,0.00012901463084107797
MLP,600,103,0.22191821,0,0.0,True,0.0004422502096382323,-0.0009136069316340147,-0.0009821115376927605,-0.0005314952180497782,-0.0005389415966463622
MLP,600,103,0.27919614,0,1.0,False,0.004171618403042723,0.0035539948838076746,0.005144674469008897,0.005575307567117143,0.005475315164717104
MLP,600,103,0.21228456,0,0.0,True,0.0006043198849249493,-0.0007067883952400051,-0.0003478843159972931,-0.00010688159020560681,-0.00010389659268417834
MLP,600,103,0.60492903,1,1.0,True,0.004326149514625488,0.004042713440816573,0.004184309379172542,0.0041563556808059034,0.004040516666517156
MLP,600,103,0.13579065,0,0.0,True,-0.0005523690044743718,-0.0008479364321419552,-0.0006126571264705162,-0.0009832329747341032,-0.0010610894304847593
MLP,600,103,0.13037209,0,0.0,True,-0.0019238930623808406,-0.0010256216105654298,-0.000999426825309872,1.4726729634649787e-05,-0.00036847307451745413
MLP,600,103,0.21516573,0,0.0,True,-0.00024030691231980626,0.0011629842706320935,0.0006473817145155033,0.0002875988797755952,0.0004008526762484259
MLP,600,103,0.53601444,1,1.0,True,0.0034730948412578597,0.002821809334556698,0.003138985231683836,0.003105340728882431,0.0036119565415713693
MLP,600,103,0.22522873,0,1.0,False,0.005854907677499884,0.005745472647430665,0.005359079534491993,0.00451781357480856,0.0045465260409285405
MLP,600,103,0.15989074,0,0.0,True,-4.2334061452255595e-05,-0.001083774063888734,-0.00054591131642009,-0.0008136764399592036,-0.0005215072270086372
MLP,600,103,0.49775326,0,1.0,False,0.00446639046806677,0.0035706237359974372,0.004312225677302458,0.004343831692603499,0.00389192016442778
MLP,600,103,0.29248682,0,1.0,False,0.004334766680144119,0.004405211488393389,0.0051372942165483024,0.005762719117779007,0.005177966107471852
MLP,600,103,0.35664606,0,0.0,True,-0.00253801444082147,-0.001501631040882176,-0.0012790457270054334,-0.0008237357225043982,-0.0005100666939129202
MLP,600,103,0.23648582,0,1.0,False,0.004616038542596796,0.004219022995383039,0.003995993922264127,0.004155081349017745,0.003988493978559466
MLP,600,103,0.13153282,0,0.0,True,-0.0007867051904697841,0.00027649342542724595,0.0003176761277478286,0.000378899395978966,9.20060640585588e-05
MLP,600,103,0.34631965,0,1.0,False,0.0019307973608881537,0.0032495745587793274,0.003494563529234152,0.002964593974637422,0.0034756631574778068
MLP,600,103,0.15220821,0,0.0,True,-0.00035257678843608986,-0.00011320762284424352,-0.0014881966943186512,-0.0011996965700224434,-0.0008090232121045766
MLP,600,103,0.10609065,0,0.0,True,0.00118689065993526,-0.0003801459128009881,-9.159997809683837e-05,0.0006624332676087674,-8.450256787771601e-05
MLP,600,103,0.15715508,0,1.0,False,0.004044042951893467,0.005127959223884481,0.004909115157893573,0.005688390762043145,0.005434874667627656
MLP,600,103,0.29720983,0,1.0,False,0.005538189994900318,0.005019414515173643,0.004339920647542602,0.004428284377166792,0.004107748869086481
MLP,600,103,0.19402198,0,0.0,True,0.0019294384238357624,0.0007669840461245043,0.0004981650286779522,-0.00011182888593206607,-0.0007073723968296004
MLP,600,103,0.5478271,1,1.0,True,0.005450367621103823,0.0064820746807426,0.005451524399873208,0.005301632937888758,0.00419491159345089
MLP,600,103,0.18848881,0,1.0,False,0.0024197493011847877,0.002725586993732557,0.0038196913824131463,0.003808723890995032,0.00445789036124663
MLP,600,103,0.41958314,0,0.0,True,0.0006155239157077061,0.0006663920999942528,0.0006188940994267478,0.0002788666373246803,0.0002889711287798209
MLP,600,103,0.4813971,0,1.0,False,0.004062033184277533,0.0035449365116917288,0.004658602064557988,0.004639705405123654,0.004457888089747656
MLP,600,103,0.14848101,0,1.0,False,0.0012017750837852626,0.0026731420254430364,0.0026641998670884804,0.0032954227351662565,0.0034514569226412567
MLP,600,103,0.4261858,0,1.0,False,0.005068898957889027,0.004947662616714563,0.0050546804649400845,0.004954197473579779,0.004738107912682337
MLP,600,103,0.38638747,0,1.0,False,0.005250830210808822,0.004703835574080105,0.004694749832303595,0.004206762203803813,0.004037798083352925
MLP,600,103,0.14242509,0,0.0,True,0.0005670976905985064,2.2944943910403652e-06,-0.00040550809195090295,-0.0003463734076319156,-0.0006291971284711281
MLP,600,103,0.14840572,0,0.0,True,0.0001613754358918573,-0.00011975170216117854,-0.0006001570170119773,-0.0007085165190570459,-0.0004131873112862123
MLP,600,103,0.30311638,0,1.0,False,0.006659933522287519,0.0052091891426110275,0.003638989933853693,0.003409235346976492,0.003646367004776685
MLP,600,103,0.3424762,0,0.0,True,0.0018128575404735502,0.0004585789322218115,0.00042664828182605784,-0.00038826144995470494,-0.00018681616874416623
MLP,600,103,0.28504625,0,1.0,False,0.004046859733026517,0.0052197066908484776,0.005305917284741203,0.00548939176971294,0.00550545311210691
MLP,600,103,0.19523749,0,0.0,True,0.0009728112410985919,0.0008289173757334328,0.0008576389378211233,-0.00032845357034243873,6.754141676932677e-05
MLP,600,103,0.29563594,0,1.0,False,0.0058929140034106415,0.005031793327478932,0.005016468525480015,0.0036511093424479385,0.004494500879413761
MLP,600,103,0.1411793,0,0.0,True,-0.0005131414502691834,-0.000995458595828832,-0.0006963548180864915,-0.0005454273619373177,-0.0006772043300426598
MLP,600,103,0.13271108,0,0.0,True,0.0034075771739151784,0.00257263996620545,0.00145365045690299,0.001270395494830669,0.001522516300382898
MLP,600,103,0.23334168,0,0.0,True,-0.0018008032340044282,-0.001150639025390742,-0.0019875835853312906,-0.000831549517389081,-0.0005669715122947173
MLP,600,103,0.16860373,0,0.0,True,-0.0005843521803413972,-0.00038435462757666446,0.00012258842144035793,-0.00028872535675451366,0.0006867503942039597
MLP,600,103,0.1404324,0,0.0,True,-0.0035336729792644966,-0.0029434769391466858,-0.0016332289786619087,-0.002027902377900793,-0.0014919128306250182
MLP,600,103,0.8882505,1,1.0,True,0.004518665582172043,0.004124222516849108,0.005031606482864925,0.004094855229215616,0.004250150969348094
MLP,600,103,0.3593507,0,0.0,True,0.0018787914050422665,0.0019248410211813653,0.0016329289597351803,0.0010494494383656739,0.0013546355601913782
MLP,600,103,0.18102965,0,1.0,False,0.0017782555304685687,0.004726110442557975,0.005183390697937546,0.004453659807908766,0.004877401429832041
MLP,600,103,0.15475443,0,0.0,True,-0.0010102116752612044,0.00016169448630406374,0.0003377646932557712,0.00017233814624219637,0.00021823508095748434
MLP,600,103,0.5696052,1,1.0,True,0.0014070457011880024,0.0034132720308335546,0.002726871396072832,0.0030005700025242947,0.0029874063904872256
MLP,600,103,0.26177123,0,1.0,False,0.004669627206344159,0.006314010446097097,0.0062921511204063665,0.005667294598220084,0.005363020375222832
MLP,600,103,0.12536089,0,0.0,True,0.003038395850973372,0.0030186629559200893,0.002276113335989857,0.003004195066790271,0.0022736040078519607
MLP,600,103,0.20308772,0,0.0,True,0.002316859713893928,0.001686753856731761,0.0013547587795744878,0.0012128104834750598,0.0013389758957776529
MLP,600,103,0.4956748,0,1.0,False,0.001975439998986769,0.0035643862963914644,0.0035822067434522023,0.0036330792229454997,0.003643653907493299
MLP,600,103,0.13784769,0,0.0,True,0.002789520389976297,0.0014217275977920257,0.0008097480370422614,0.000658364741933195,0.0005586772140045455
MLP,600,103,0.6186654,1,1.0,True,0.0025364269050120545,0.0029729367065469327,0.004586292177441908,0.004301354079203304,0.004003088228584821
MLP,600,103,0.43516624,0,1.0,False,0.006594131734908627,0.005529732134819407,0.005985846977285569,0.005340954094746599,0.005074853438004679
MLP,600,103,0.20159768,0,1.0,False,0.005420149139354339,0.004689506359611847,0.005081760230468481,0.0058842479785304715,0.005295374750440398
MLP,600,103,0.22978303,0,0.0,True,-0.0004638044423589854,-0.0018400006207164013,-0.0019660592460668067,-0.0013562682194780424,-0.0008663158213080064
MLP,600,103,0.24126627,0,0.0,True,3.633855942271197e-06,-0.0005617893436778925,-0.0001730347580474442,-0.0005001356732853837,-0.0003495061727340901
MLP,600,103,0.17404518,0,0.0,True,0.0019416988541067382,0.0018347908611690876,0.00048632450980497656,0.00044844668806206226,0.0002885840212644087
MLP,600,103,0.28242323,0,1.0,False,0.003365109231487927,0.004347666594563287,0.00402177930408895,0.003801805749845025,0.0033861944789458772
MLP,600,103,0.16810243,0,0.0,True,-0.0008653001835229355,-0.0004230629708918364,-0.0005914921225379615,-0.0007974865913230901,-0.00018005883991633958
MLP,600,103,0.19934016,0,1.0,False,0.001982470704463792,0.0014717743518451953,0.0028424353721013844,0.002235892420446538,0.0024918795345026685
MLP,600,103,0.29891604,0,1.0,False,0.005574319265864925,0.004776538886433802,0.0036819195626654503,0.004031968715518037,0.004181318261794591
MLP,600,103,0.6391105,1,0.0,False,-0.0010299434068149677,-0.000671520862020315,-0.00037202298674404185,-6.597855499870575e-05,7.103376781089785e-05
MLP,600,103,0.60015005,1,1.0,True,0.007640316995648393,0.008401540153687844,0.0068173600190000825,0.00728327248135866,0.007072165553693257
MLP,600,103,0.16932333,0,0.0,True,-0.0004509405075221656,0.0003897193720509745,-0.0005742567473716966,-0.000682099437171166,9.372865903873567e-05
MLP,600,103,0.21657737,0,0.0,True,-0.00022274307464871694,-0.00025636067840975396,-0.001055534828417313,-0.0003446422729444502,-5.039205670063193e-05
MLP,600,103,0.36234474,0,1.0,False,0.004874755760962331,0.004419357687422482,0.0046599673218179535,0.004683394523087209,0.0048062424677556195
MLP,600,103,0.20648381,0,1.0,False,0.0018845054936537133,0.001833374448181747,0.0023246619465930062,0.003282918102343331,0.0041882426732720735
MLP,600,103,0.37913543,0,1.0,False,0.0033705481753058854,0.003919497657519809,0.00535564417893658,0.005152438313165393,0.0048579597269138
MLP,600,103,0.24582808,0,1.0,False,0.003540085389129444,0.003820814599629389,0.003208878232661864,0.0036848775414206323,0.0041112152278161024
MLP,600,103,0.1432828,0,0.0,True,-0.0013975499404299365,-0.0007331520171445556,-0.00070133815748369,9.252177972178005e-05,-0.0005894513040790241
MLP,600,103,0.30887896,0,0.0,True,0.0015748795840955458,0.0025061807600791383,0.0012058577400594812,0.0006807654365086552,0.0003240406192532267
MLP,600,103,0.1450261,0,1.0,False,0.004027127435245576,0.002190082276873284,0.00223045650671601,0.0025622506002156396,0.0031947430045971164
MLP,600,103,0.21460956,0,0.0,True,-0.0006669640071865897,-0.0016394102070875654,-0.0018219677778083868,-0.0017258383669995735,-0.0016061430947734506
MLP,600,103,0.11491329,0,0.0,True,0.0004903797618027603,0.0014962492089883575,0.0018663344457390267,0.0005727093697966745,0.0008495145163633721
MLP,600,103,0.19653621,0,0.0,True,0.0007623352729728511,-0.0001532157415257854,0.000596374648199107,0.00041555420702529025,7.921218077318554e-05
MLP,600,103,0.16526748,0,0.0,True,-0.0007236464497620545,-0.0005794472197975783,-0.0011782149854345793,-0.0006836175606574004,-0.00019340646797678644
MLP,600,103,0.15926115,0,0.0,True,0.0003027120600912889,0.00014680574511293743,0.0005947260417920481,-0.00015971426919332958,-0.0006980213787702636
MLP,600,103,0.3634143,0,1.0,False,0.008868348906837294,0.009229373285794307,0.007400610681660102,0.0055939089278865765,0.004783589395317319
MLP,600,103,0.19390583,0,1.0,False,0.007779197520320561,0.005237637796272482,0.004700483233760576,0.0047318955369467,0.005174461511133185
MLP,600,103,0.155434,0,0.0,True,0.0018597430817597488,0.0010174362538291194,0.0005881023510202916,0.0005156040418131386,-0.0002883045685310435
MLP,600,103,0.23586525,0,1.0,False,0.003728395768320315,0.004216277700952217,0.0037385166571068523,0.003995891815217327,0.004443494410296866
MLP,600,103,0.16786185,0,0.0,True,9.829151226818501e-06,0.00013243309767902424,-0.00013131441952253138,0.0004729568316348214,0.00041642460988911863
MLP,600,103,0.37327042,0,1.0,False,0.006331028448148884,0.004865748672344321,0.004873557073020893,0.004629892050064308,0.004251524849132131
MLP,600,102,0.809588,1,1.0,True,0.005589700973015756,0.004599536030256899,0.003557970484514133,0.0031242485753887454,0.0036071425237822244
MLP,600,102,0.15304168,0,0.0,True,0.00030925366550786946,0.0005101486500867768,0.0009046906453608259,0.000639607357621127,0.0003555006319074888
MLP,600,102,0.5270125,1,1.0,True,-0.00018731154025122132,0.0017892321281984458,0.0028794764919277288,0.0030990712298817917,0.003264286523992657
MLP,600,102,0.21132366,0,0.0,True,0.00034223023585886587,0.00028110080812464755,0.0012196549032967919,0.00036391346938710655,-0.00014130662933520066
MLP,600,102,0.14593032,0,1.0,False,0.001358724282640651,0.004186561274807165,0.0040071025485433065,0.004314913337159151,0.0049925076333538175
MLP,600,102,0.2548134,0,1.0,False,0.004025837720571206,0.00314906154359001,0.0037259439066275775,0.0034684903096705213,0.0032992473640905944
MLP,600,102,0.3703137,0,1.0,False,0.0061275663202072575,0.004327828908556216,0.0034151359378761003,0.0040334069394109846,0.003398020792181533
MLP,600,102,0.2333121,0,1.0,False,0.005959607294366585,0.004441359940178402,0.005107459655562294,0.00415868736701162,0.0037283273998115606
MLP,600,102,0.36600325,0,1.0,False,0.0018196933779946406,0.0033026987848936897,0.0038480081140389506,0.0030543901428748818,0.003262978743636778
MLP,600,102,0.7032573,1,0.0,False,-0.0011599137539833814,-0.0010689214331523786,-0.0005318270916688768,-0.00022537251556813899,-0.00020767928094716885
MLP,600,102,0.7671952,1,1.0,True,0.0024366162464041267,0.0036277899015402155,0.004034979364269366,0.004225259759177991,0.004689480526009813
MLP,600,102,0.16507933,0,0.0,True,-0.001547014702059037,-0.00013086408219230384,-0.0002470980552091409,-0.0004183893140626341,-6.810165806585772e-05
MLP,600,102,0.11602709,0,1.0,False,0.008723993111211782,0.005372585518570809,0.005222832769599915,0.004313367609889931,0.004632697907506299
MLP,600,102,0.13260575,0,0.0,True,0.001556150857345911,-0.0005450805156700236,-0.000455432600296094,-0.0003674366445856672,0.0005038324452158075
MLP,600,102,0.21405412,0,0.0,True,-0.0010792333351147194,-0.00017506312788030835,0.00017697689288375998,0.0008555639186945832,0.0008460272479070374
MLP,600,102,0.26554248,0,1.0,False,0.004668544986905213,0.002606133133385496,0.002231072767060875,0.0030609127608505677,0.0033183293331127853
MLP,600,102,0.14251852,0,1.0,False,0.003150004993619282,0.004341659920665516,0.004215345232548192,0.0035792278620793605,0.004360638436594543
MLP,600,102,0.460807,0,1.0,False,0.004050401084549214,0.0034606863793642585,0.002964937414470659,0.00247390147571896,0.0022254868050054534
MLP,600,102,0.17164156,0,0.0,True,0.0007645760236388101,-0.0011729063211940172,-0.0006442489752308334,-0.0011064408544179949,-0.000697804674026747
MLP,600,102,0.14975254,0,0.0,True,0.001806504335931699,0.0004574062267833217,-0.0002696057898094703,-0.0003702490807731637,0.00023353985075023984
MLP,600,102,0.25588182,0,1.0,False,-0.001292280527379005,0.0002246002141685313,0.0013852796225527044,0.002244696122988963,0.0027151405927573454
MLP,600,102,0.26003787,0,1.0,False,0.006644191485042404,0.00435503282335399,0.0034483590248936672,0.0031379906142123006,0.0031791468309766775
MLP,600,102,0.33062023,0,1.0,False,0.0015116569792393436,0.002701900588020222,0.0037009154147676225,0.0038332324096499574,0.003819126794880037
MLP,600,102,0.37262696,0,1.0,False,0.005080786683233191,0.00402416496282739,0.004463417158434792,0.004308644117392494,0.004125551201579424
MLP,600,102,0.28882444,0,1.0,False,0.0036615259657842183,0.0050931255029638455,0.004107952748870877,0.003832432948452311,0.003728430440295076
MLP,600,102,0.4042046,0,0.0,True,-0.0026040305551280427,-0.0020102604451151247,-0.0015641417841837848,-0.0016663794177126658,-0.0010159099033098058
MLP,600,102,0.32959625,0,0.0,True,-0.001202836622997286,-0.001150894934521325,-0.0005229313351728672,-0.0010984947984075206,-0.0006039128786703118
MLP,600,102,0.18741854,0,1.0,False,0.002826387067402785,0.0036362607040866446,0.002979639506293299,0.0035878966754906354,0.0039579929777749335
MLP,600,102,0.14799756,0,0.0,True,-0.0011666016090487845,-0.00032093215699733127,-0.001194418392055806,-0.00012194117805773281,-8.60342622058496e-05
MLP,600,102,0.12714298,0,0.0,True,-0.0031621940305284293,-0.0015106355240664887,-0.0013280159182371418,-0.0010932826986858508,-0.0003652611532438461
MLP,600,102,0.24661757,0,0.0,True,0.0003683066693729773,0.00037401456062240504,6.955680415465202e-05,-0.00018606132441657247,0.00054799494315236
MLP,600,102,0.2714524,0,0.0,True,-0.002879656172388374,-0.002536764590809623,-0.0015169207481806632,-0.0004864997218802116,-0.0007205833908273244
MLP,600,102,0.25835168,0,1.0,False,0.0019245011433330005,0.0037945632408166157,0.003670390212247163,0.003961242826555748,0.004349579975421564
MLP,600,102,0.17112142,0,1.0,False,0.004753022090069379,0.004676640347159706,0.004155861235368399,0.004283180076182484,0.004586522578391367
MLP,600,102,0.3637126,0,1.0,False,0.0075607459149440205,0.005762694869115136,0.004978452868421543,0.003728977554167856,0.003389428737705918
MLP,600,102,0.1160715,0,0.0,True,0.0020014093259915103,0.0006191210649279049,0.0007172232039368773,-0.000669916480904539,-0.00036814999699145534
MLP,600,102,0.20803294,0,0.0,True,-3.8661239999110044e-05,0.0008305022551307063,0.0013051907617016656,0.0012354009608769579,0.0012128941513537429
MLP,600,102,0.117833525,0,0.0,True,0.0014581868608014158,0.0004651350721454487,-0.00035850017951551133,-0.000536803688394657,-0.00035160174029783036
MLP,600,102,0.14757602,0,0.0,True,0.0001669751246367223,-0.0010724348894453608,-1.7367741243085596e-05,-0.00011810931231763912,2.3583358626558376e-05
MLP,600,102,0.5874398,1,1.0,True,0.007378878971635799,0.006532933444611203,0.004842022095481918,0.004988819026457679,0.005055267664379965
MLP,600,102,0.1260637,0,0.0,True,-0.0006178281153871281,-0.0004958269371074643,-0.0004888131349472775,-0.0007742065016359325,-0.00025251947715037735
MLP,600,102,0.36468914,0,1.0,False,0.002485467003626278,0.003233976789262342,0.003602467136018593,0.004077078557504429,0.0036860858586041695
MLP,600,102,0.12210509,0,0.0,True,0.0009849112964178137,0.0004928227809274347,-0.0001319998796129483,-0.00048404613980299754,-0.0001687136645169622
MLP,600,102,0.4186866,0,1.0,False,0.0059920064682802195,0.0037610850227917597,0.00422594309119663,0.004474684731301171,0.005033297638493816
MLP,600,102,0.2618907,0,0.0,True,-0.00010603532680788178,0.000645755752307902,-3.561004503994143e-05,-0.00024857853599088005,-0.0004693479038044055
MLP,600,102,0.23321776,0,0.0,True,0.0010727763171772744,0.0021624555519553436,0.0018994273556584209,0.0011520305074086076,0.0006653105192862648
MLP,600,102,0.2743375,0,0.0,True,-0.000395167142229626,0.000531837331694747,0.00030467019171671916,-0.00023993652852688827,-0.00020663909726661956
MLP,600,102,0.31576335,0,1.0,False,0.0036669561018250856,0.003786939478721375,0.004735824036430137,0.004141889716504331,0.0037394320669059296
MLP,600,102,0.37016892,0,1.0,False,0.002364187612545942,0.0021852204177759006,0.0038044506442135194,0.003962936377367359,0.003724479950999155
MLP,600,102,0.18718576,0,0.0,True,0.0014297138106666475,0.0017845337850284843,0.0017033890309799214,0.0015812485907568123,0.0008606935022962293
MLP,600,102,0.40561432,0,1.0,False,0.008887052800819592,0.007896835736600086,0.007152703655592052,0.006519552319205712,0.006019401906307443
MLP,600,102,0.20184319,0,0.0,True,0.0030396016544224007,0.0010314786982658177,-0.00019584127363044449,-0.001149403083731815,-0.00110191461138066
MLP,600,102,0.31969357,0,1.0,False,0.0038446048782092537,0.0034189355487230723,0.0034199613472199906,0.0038640365752470756,0.0040808651391154
MLP,600,102,0.32332465,0,1.0,False,0.002530889209386083,0.003808402824444844,0.0035774421137565794,0.002923549829689128,0.0033824922664513896
MLP,600,102,0.16798967,0,1.0,False,0.003958026533131075,0.0043233654143315006,0.004871598802119379,0.00548165085797342,0.005045085020272556
MLP,600,102,0.11759265,0,0.0,True,0.001161639780720386,0.0005277209047254201,-0.0003469885933177193,-0.0008089159765681219,-0.0007864047951916461
MLP,600,102,0.15265289,0,0.0,True,-0.001903900357376712,-0.003534776292379009,-0.0030034840783520153,-0.0017457053983473572,-0.0013275661969336457
MLP,600,102,0.22857258,0,0.0,True,-0.00019130539830202232,0.0014097427690973059,0.0006464447666810181,0.0006326821895131067,5.2830918215244576e-05
MLP,600,102,0.34480685,0,0.0,True,-0.000747820369885329,0.000532664932379995,-0.00010810092356033,0.0002795474556677022,-0.00011944982361979261
MLP,600,102,0.49171266,0,1.0,False,0.004557435705296291,0.0044944359782803705,0.004492399878167599,0.0038545302980354645,0.003681326434034499
MLP,600,102,0.3087054,0,1.0,False,0.008767464466338857,0.006193359219507901,0.006123391251053367,0.0059583505633459865,0.00547261584445276
MLP,600,102,0.2564965,0,1.0,False,0.005141491493348813,0.003803218450156973,0.0038304433973936104,0.0039754010399062414,0.0037279297309413097
MLP,600,102,0.11199288,0,0.0,True,0.002201090061672301,0.0010917307501911197,0.0012904330279557322,0.0007265329427018083,0.0007832243926817077
MLP,600,102,0.21440955,0,1.0,False,0.0027300627985855984,0.004094279345445928,0.0051190400930474795,0.004374527314611216,0.0040336218599304535
MLP,600,102,0.18619722,0,0.0,True,-0.0015362842641898538,0.0005481385559749875,0.0010028438916165532,0.0011710311595723771,0.001483567108853105
MLP,600,102,0.20392491,0,0.0,True,-0.0007188944621756937,-0.0008420420819701725,-1.9608773192762294e-05,-0.00015582593370928855,-0.0005146466039636972
MLP,600,102,0.43020445,0,0.0,True,-0.0008895455509614198,-0.0006980965527273476,1.770858655325372e-05,7.508378947187843e-05,-0.00013159679051492787
MLP,600,102,0.2675371,0,0.0,True,-0.0004977942397650312,-0.0007962208879871438,-0.00019397111866028483,-0.0005660460972957054,-0.0010333064701182081
MLP,600,102,0.18163018,0,1.0,False,0.0023052436474116935,0.0025795673080043747,0.002914342766041966,0.0026524772239661814,0.0031815261850579733
MLP,600,102,0.2502976,0,1.0,False,0.006658750642682209,0.005720397863446039,0.005478861372923388,0.004869139513315239,0.00448644555374085
MLP,600,102,0.22801158,0,0.0,True,-0.0012539191829349261,0.0010036330475390995,0.0008918015576217787,0.0007763603550026704,0.0003318308757667889
MLP,600,102,0.2127892,0,0.0,True,-0.001144670300355746,-0.0009506669138993724,-0.00010052761020925187,-0.0005156393841562703,-0.0006760308303207441
MLP,600,102,0.63723737,1,1.0,True,0.0031809840982848416,0.0037879084929602746,0.003388813016708943,0.003265590588183057,0.0034115497865065073
MLP,600,102,0.41506097,0,1.0,False,0.00522664367979332,0.004024879128591856,0.002057783348245656,0.0026563247141061135,0.0033408542560556514
MLP,600,102,0.21894905,0,0.0,True,-0.0014204628907023233,-0.0003997308222559264,-0.0010959115210271455,-0.0011954264864362902,-0.001107155789816706
MLP,600,102,0.20191036,0,0.0,True,-4.607223195843986e-05,0.0008424082389446951,0.000586136059360293,-0.0004721085012476228,-0.0005543543982855611
MLP,600,102,0.14022458,0,0.0,True,0.0010016130113108981,0.0011750961645040053,0.00031951124284039045,0.0010054978678740417,0.0008363178856383942
MLP,600,102,0.40937173,0,1.0,False,0.0022425341993013727,0.0030798252795953916,0.0035896562363662947,0.0037377029617358037,0.003567764617297528
MLP,600,102,0.2701314,0,0.0,True,0.001530924966497191,0.00012590593312762868,0.00010101815663011864,-2.0241726816242423e-05,0.00034007422814620435
MLP,600,102,0.48267314,0,1.0,False,0.0034277801310075707,0.004934413787577022,0.0054588069412093996,0.005009652372623578,0.004921181472885344
MLP,600,102,0.19134736,0,1.0,False,0.004817141996613779,0.005748537931697785,0.004895908701018279,0.004793155750111052,0.00469173872095215
MLP,600,102,0.2386611,0,0.0,True,-0.0006024173124440513,-0.0017808396288748938,-0.0015120142894259885,-0.0008312613931394466,-0.0012320431756434262
MLP,600,102,0.55103254,1,1.0,True,0.007640429173518531,0.0073070043932238786,0.006116742262150561,0.005166038257416251,0.004081506488318268
MLP,600,102,0.2647071,0,1.0,False,0.008429585686985788,0.00580778678929429,0.004439504565473162,0.004663990081476459,0.004698842648744573
MLP,600,102,0.1327833,0,0.0,True,0.0004793645525417122,-0.0007958099201806259,-0.00023347848149242432,-0.000660450166075336,-0.001180872482976118
MLP,600,102,0.20749575,0,0.0,True,-0.0005676191649568603,-0.0008799858375173221,-0.001506889630070998,-0.0009595715314346182,-0.0009302265526581165
MLP,600,102,0.30612507,0,0.0,True,-0.0019510480448736906,-0.0008220414868589833,9.5152805210266e-05,-0.0005849311688175372,-0.0011468561234755125
MLP,600,102,0.18599588,0,0.0,True,0.0009387144973734783,0.00031563753843646866,0.00033628976014187184,-0.0003589427011072188,-0.0009555394129897075
MLP,600,102,0.21606635,0,1.0,False,0.0023371742155544467,0.002664960094047723,0.0034540876437783394,0.004372359238509369,0.003997736850823303
MLP,600,102,0.14927661,0,0.0,True,0.0023749653179435124,0.0005612154581776073,0.0003814613074779676,0.0005566110492801924,0.00034385550237024085
MLP,600,102,0.49990407,0,1.0,False,0.004718639912823241,0.004675355282032142,0.004649864452465361,0.0053629584801179585,0.005145725784233291
MLP,600,102,0.14075612,0,0.0,True,8.72143508812969e-05,-0.0002942850724964956,-0.00016532810782595066,-0.0011246162897124233,-0.0008472763037860927
MLP,600,102,0.17403834,0,0.0,True,0.00026068899317075323,-0.0006858909508794869,-0.00018106791693604934,-0.0003048692463100133,-7.228459626337097e-05
MLP,600,102,0.16720557,0,0.0,True,0.002237064742001501,0.0004928956801206332,-0.00039576550293894257,-0.0009762903863443887,-0.0007481824390611859
MLP,600,102,0.2616339,0,1.0,False,0.004149092305600068,0.00430853063592764,0.003931412794326917,0.004005100451158642,0.0041512683808051405
MLP,600,102,0.3358443,0,1.0,False,0.004149349475721808,0.0044959812909884525,0.005638199554075047,0.005791515868819352,0.005912503828814614
MLP,600,102,0.13816129,0,0.0,True,0.002275379702443347,0.00028338366100661116,0.00024454909710261625,0.0006645267721552417,0.0007061207199783812
MLP,600,102,0.14635937,0,1.0,False,0.0025638630184791067,0.0034737604291765487,0.0035009231701191856,0.004161700913691972,0.003810984839460121
MLP,600,102,0.28145465,0,1.0,False,0.006751293854300095,0.005659554639730451,0.005357443819832572,0.005131433932998913,0.004556297962412187
MLP,600,102,0.16417454,0,0.0,True,0.00014442468123726594,0.0009967022761519445,-0.0005223273412577047,0.00019085377620389093,0.0003046415305560418
MLP,600,101,0.16147585,0,0.0,True,0.0006780771046230924,-4.5440106423575903e-05,-0.0007979994535236443,-0.0009702157510027775,-0.0008384141296962463
MLP,600,101,0.14648546,0,0.0,True,0.0012291372411843981,0.0009155288259074428,0.0011031428188038321,0.0008000909114456933,0.0008829090542240335
MLP,600,101,0.37747636,0,1.0,False,0.001747148591425591,0.0045305909154068754,0.0034483413988134876,0.0035632843888456097,0.0038490786060297773
MLP,600,101,0.47555956,0,0.0,True,0.0003726342831436473,-0.00099992320929417,-0.0010109829805178302,-0.0009513960495615049,-0.0010979339409992609
MLP,600,101,0.22409809,0,0.0,True,0.0019023722722249553,0.0009014539446358085,0.0007127180868506384,0.0008109517228044025,0.0007507918958131135
MLP,600,101,0.29560104,0,0.0,True,-0.0017081998947566322,-0.0004756786591899303,-0.000720350440172986,-0.0010133615846709472,-0.00037015049650274395
MLP,600,101,0.23879637,0,0.0,True,0.003037694810029593,0.0007622912815383337,0.00026309130180829626,0.000106607153325834,3.831908652180274e-05
MLP,600,101,0.3451631,0,0.0,True,0.00041171167331626666,-7.528362704877677e-05,0.00014669132843091138,0.0003151109004613316,-0.00022119857337016656
MLP,600,101,0.39679492,0,0.0,True,0.0016881993249264196,-0.0006492875929967478,-0.0011551312131211416,-0.0008762795734034488,-0.0008901468078739127
MLP,600,101,0.82760113,1,1.0,True,0.007738331163531435,0.005973520623771187,0.005950511413052253,0.005200917093549037,0.004702032000552335
MLP,600,101,0.32584548,0,0.0,True,0.00187721229301595,0.0014917347024085352,8.561684507235694e-05,0.00037860031978183116,0.00017512001609520881
MLP,600,101,0.30486444,0,1.0,False,0.0036019805714040676,0.004701904007749369,0.0043154589407445,0.004469695540020649,0.004556090210098295
MLP,600,101,0.481588,0,0.0,True,0.0006962912911913915,0.0005130998194226147,0.0006325182866604053,0.0011080770424960812,0.0005612509721510301
MLP,600,101,0.2483513,0,0.0,True,0.004004016692902119,0.0020666584237301103,0.0009880925868885379,0.0012154329233467322,0.0007952248767960232
MLP,600,101,0.37256902,0,1.0,False,0.005453387096222613,0.004681031384777832,0.005055621670129409,0.004377855386999169,0.004347179056762679
MLP,600,101,0.29921064,0,0.0,True,0.002337096093544016,0.0008185715008622751,0.0007356599545693673,0.0004127220940888452,0.00046555502010682466
MLP,600,101,0.1575004,0,0.0,True,-0.001970200670071019,-0.000869087004601598,-0.0003235812493881606,-0.0001885860438747792,-0.00021024282297802676
MLP,600,101,0.27177995,0,0.0,True,-0.0006624620177594375,-0.0008523701735603061,-0.000563240910472086,-0.00014250898501031128,-0.0006881352475758756
MLP,600,101,0.1447706,0,0.0,True,0.0005898596292842372,-0.00116681925386907,-0.0016852647303495962,-0.000889837657571912,-0.00018762559945357848
MLP,600,101,0.26297393,0,0.0,True,-0.004278325784722183,-0.002532964756761706,-0.0021505181856762336,-0.0020839574721029886,-0.0018187907389387984
MLP,600,101,0.27577224,0,0.0,True,-0.001002645141554718,-0.0020561362171951964,-0.0018683437715232417,-0.0014570653368212439,-0.001161259084218127
MLP,600,101,0.20465542,0,0.0,True,0.0030454770952946723,0.0013993758647572175,-0.000141770165975348,0.0004948484148868132,-4.706860708688412e-05
MLP,600,101,0.18599339,0,0.0,True,-0.0034880239750196074,-0.002182155243493892,-0.0014371361791358037,-0.0007048015811387157,-0.0006256364504535794
MLP,600,101,0.29664162,0,0.0,True,0.000176523593209051,0.0001264633818483977,0.0005223345718508126,0.0002940051101728723,0.0007956462429198665
MLP,600,101,0.7252161,1,1.0,True,0.003815851119311652,0.00274684924609562,0.0023374591505794136,0.0025825685826746997,0.002389017870665821
MLP,600,101,0.18180822,0,0.0,True,0.0013633592297848528,0.0008465502672154125,0.0006670350215250188,-0.00048815364572070034,-0.0006287142286637847
MLP,600,101,0.240761,0,0.0,True,-0.001991732813020554,-0.00045911460938602715,-0.0003861884516695447,-0.000951019688745504,-0.0005614227284229549
MLP,600,101,0.17191704,0,0.0,True,0.0009236473568790997,-0.000980331859147449,-0.0007321679745271102,-0.00048679838360374527,-0.0001787005175608347
MLP,600,101,0.45260236,0,1.0,False,0.00534236813172686,0.003355196008326983,0.004025591265558406,0.004134257468752766,0.004093806065156487
MLP,600,101,0.3778443,0,0.0,True,-0.0012918636019103504,-0.0011955515022779653,-0.0018570562071033201,-0.00010962687240613314,0.0004123324077904634
MLP,600,101,0.6288671,1,1.0,True,0.005425548728336092,0.005878008238291682,0.00426695421367324,0.0040435919425993085,0.004185560622760245
MLP,600,101,0.16170284,0,0.0,True,0.0007283934372969345,5.790104045264829e-05,0.0003505745356470029,0.0003605897459143303,0.0007609253767321174
MLP,600,101,0.18236783,0,1.0,False,0.004573977414444092,0.005176553504181247,0.00443481091412317,0.0031293550358806486,0.0026707476975917524
MLP,600,101,0.39178732,0,1.0,False,0.005146602381910817,0.0053763301075200895,0.0034419428234236703,0.00337003477414057,0.004300534228654003
MLP,600,101,0.17965735,0,0.0,True,0.004557462563649698,0.004026672864227976,0.0021608121641447835,0.0016777094848753125,0.0014359432818885584
MLP,600,101,0.61331064,1,1.0,True,0.0017028316357494233,0.0020021947659228274,0.004117367338127791,0.0033862609592956857,0.003736390934084788
MLP,600,101,0.15174909,0,0.0,True,0.0014626210727449796,0.001335809576334463,0.0005860276377438361,-0.000397320899649625,-0.0005060213569666454
MLP,600,101,0.51363677,1,1.0,True,0.0027506465936797926,0.004006305059128542,0.0030676586952551733,0.002463440430476181,0.003058130596804815
MLP,600,101,0.5274049,1,1.0,True,0.004948018729583179,0.0041721521839737956,0.0032744502323490887,0.0033548534012322728,0.0038933850638141424
MLP,600,101,0.20934007,0,0.0,True,0.0009144754671532188,9.099154788868686e-05,0.00041079623353695784,7.468316442372982e-05,0.00029376034164952806
MLP,600,101,0.33260575,0,1.0,False,0.007233090608542217,0.005484743457164883,0.004432125989801586,0.004046270675765906,0.003979853144061038
MLP,600,101,0.17835476,0,1.0,False,0.006240177954701565,0.0065540148051375195,0.006205356503872126,0.005095831904778998,0.004828417338771694
MLP,600,101,0.18034956,0,0.0,True,-0.0017310116429621937,-0.0009359888912581011,-0.0007825367326345685,-0.0005163092501027472,-0.0008388880338814159
MLP,600,101,0.23337099,0,1.0,False,0.002704162110953691,0.0018459935062751312,0.0030450601529945567,0.0035157810190229715,0.0033766610295308495
MLP,600,101,0.17650048,0,0.0,True,-0.0005824945633018932,0.0003722117069617597,0.0006298654186649371,0.000545712947192987,0.0006181596207314896
MLP,600,101,0.23516604,0,0.0,True,-0.001409274590711986,-0.0009648940900088304,-0.0010678503348146285,-0.0003709149162259572,0.00011484156197862883
MLP,600,101,0.20291342,0,1.0,False,0.0038263473888776635,0.002370120665120926,0.0017830390960013177,0.002677911328556222,0.0029442588446956957
MLP,600,101,0.18708701,0,1.0,False,0.004945036749158516,0.0028411038376341454,0.0026400441305430037,0.0022169460844585266,0.002274024888784751
MLP,600,101,0.37534472,0,1.0,False,0.005423182457483785,0.0026124734811394696,0.002270166282147029,0.0023913155538593275,0.0024393294948186926
MLP,600,101,0.29042247,0,1.0,False,0.0014728999614870195,0.0026604439406040666,0.0034840423318037864,0.004225727261098237,0.003874490084820208
MLP,600,101,0.31457594,0,1.0,False,0.005852136501457384,0.0065471154052904445,0.0051919225788989885,0.004899494060185626,0.004541159164333627
MLP,600,101,0.12520461,0,0.0,True,-0.0012709704590852253,-0.0025473863306543503,-0.0026073704660995655,-0.002380493055355172,-0.0019232136321304567
MLP,600,101,0.2878476,0,0.0,True,0.0009077558754234248,-0.0006787745679348901,-0.00020742912881237553,-0.001247623099985488,-0.0009965727492790982
MLP,600,101,0.22108006,0,0.0,True,-0.00027500839580159157,0.0007273614732922708,-0.00012853555791181252,0.0006367457905100752,0.00025606940264817776
MLP,600,101,0.13965872,0,0.0,True,-0.002404354511094994,-0.0011058739811530486,-0.001278683816403066,-0.001021281792157997,-0.00047605865939168157
MLP,600,101,0.13762714,0,0.0,True,0.000890375068694558,-0.00026733296511765534,-0.0006298742147521678,-0.0010181271094640211,-0.000795082827990669
MLP,600,101,0.11170511,0,0.0,True,0.0030214116480134614,0.0015257614719251078,0.00028399867029046846,0.0003149167118361304,0.0004475239786486889
MLP,600,101,0.41949752,0,0.0,True,-0.0008739036585826274,-0.00023692313042322349,-0.0007675972258593732,-0.0008468171134646743,-0.0008556335708309417
MLP,600,101,0.46526626,0,1.0,False,0.004776885329665175,0.0036279226112696495,0.004424439207283332,0.004652275413319931,0.004571984447167544
MLP,600,101,0.52104276,1,1.0,True,0.0027567346185251055,0.002430444546130848,0.002653403025217781,0.0028875704096814623,0.003095186628471728
MLP,600,101,0.76333493,1,1.0,True,0.003047888380664607,0.004025001046371437,0.004883166281046399,0.004718023711755182,0.005021087182190006
MLP,600,101,0.13084708,0,0.0,True,0.002173218198236829,0.0007351861407471033,0.00023506530829433127,0.0002733667781199791,-0.0005153589783105392
MLP,600,101,0.21048148,0,1.0,False,0.0033882568179550757,0.004769681866719346,0.004219048088513086,0.004594956120737163,0.004872660066272968
MLP,600,101,0.27429444,0,1.0,False,0.0026043931964723995,0.001049889271562224,0.002670030192815906,0.0030083770207114074,0.002429919149595574
MLP,600,101,0.17871204,0,0.0,True,-0.001227034110994542,-0.000757480405982678,-0.0010452749286737047,-0.0004395374993352127,0.00014096819312266586
MLP,600,101,0.23924464,0,1.0,False,0.005068144311808357,0.0040922251443654065,0.003805969067693443,0.004028213959816808,0.003621621616829206
MLP,600,101,0.23690516,0,0.0,True,0.0008537249127997188,0.0005845911098474409,0.0005546057789812135,0.0008843796208208304,0.0008014125543843043
MLP,600,101,0.34369066,0,0.0,True,0.0009183921927188216,0.0017128930349259992,0.0010892589354809439,0.0012277947688845334,0.001072435906994434
MLP,600,101,0.24715897,0,1.0,False,0.0011777086323046832,0.0026466942064523012,0.0034844457985519638,0.003141199176415657,0.002799751029125166
MLP,600,101,0.2901425,0,1.0,False,0.0038727932301933954,0.003260571724708387,0.004031577269843879,0.004045655133477129,0.0038176112639610447
MLP,600,101,0.2627577,0,0.0,True,-0.0009140417760635197,0.0007140213219048498,-8.898998971043363e-05,0.0003359089711106005,0.000514324613787018
MLP,600,101,0.24286368,0,1.0,False,0.0034056151148559068,0.0031021670491184596,0.004462966894121767,0.0031059197257397022,0.003494058310125165
MLP,600,101,0.22991684,0,1.0,False,0.005040726656420341,0.004050480486365146,0.004155042897546131,0.003994376716038576,0.0038143299020871766
MLP,600,101,0.36345705,0,1.0,False,0.0036499184253312215,0.003753179413155759,0.003622535787958245,0.00411512912624226,0.005020047197255806
MLP,600,101,0.120730355,0,0.0,True,0.0008177831571318525,0.0016817148487106267,0.0007540727667031718,0.0004111317678121321,0.0004374368568389787
MLP,600,101,0.36333597,0,1.0,False,0.0038521242831162537,0.003880640051227808,0.003827394815323248,0.002700503490709885,0.0037002189473720397
MLP,600,101,0.25880736,0,0.0,True,-0.0009426393921395588,-0.00023884144238010444,0.0007206720861169945,0.001356346554723551,0.0015780189248406505
MLP,600,101,0.15034096,0,0.0,True,-0.0006256014999953268,-0.0002835487454126294,0.0006777542819836782,0.0003924432460638242,0.0007503721027055976
MLP,600,101,0.2221759,0,0.0,True,-0.0026556715895679137,-0.0012961996336089958,-0.0008113720561436814,-0.0009719598602567425,-0.0003808845543386312
MLP,600,101,0.33670518,0,1.0,False,0.0035587621527111354,0.004194129859103436,0.0035182957097316028,0.0036289406851055073,0.0036074485112656605
MLP,600,101,0.27023056,0,1.0,False,0.004204225246420079,0.005989537691853631,0.004747681592379298,0.00487947570988534,0.004957130739353232
MLP,600,101,0.1559055,0,0.0,True,0.0008045697244236381,0.0004823132435588026,0.0001946849749833851,-9.708892753890124e-05,-0.0005874058509528099
MLP,600,101,0.17382368,0,0.0,True,0.002336801290732023,0.0009660249544240208,0.0010234770528832777,0.0013888517254066837,0.001351997951699534
MLP,600,101,0.30853632,0,1.0,False,0.004121803455729168,0.0024823148776732763,0.002794752084192448,0.003061033789406678,0.00367548028436278
MLP,600,101,0.25002697,0,0.0,True,-0.0008127937872857488,-0.0026096127459893687,-0.0023749099895203018,-0.002184426228359044,-0.0010377408332099733
MLP,600,101,0.29400292,0,0.0,True,0.00129388657484722,-6.120202940233988e-05,-3.053499481907751e-05,0.0003083999331122775,0.0007467251261931511
MLP,600,101,0.17453924,0,0.0,True,-0.0004848668040490099,-0.0011137074208293824,-0.0008577631062683463,8.200625854645908e-05,-0.0001494382796012141
MLP,600,101,0.20561394,0,0.0,True,0.003275973438740817,0.002487870817839796,0.002906147485082948,0.002168512329324565,0.0017035611760891662
MLP,600,101,0.122993596,0,1.0,False,0.00738141229861793,0.005552143848925942,0.006651976415269784,0.006566843493387503,0.005250492583856946
MLP,600,101,0.21200417,0,0.0,True,-0.0001696859995712185,-0.0007071449635296777,-0.0013031316284316957,-0.0008462257311451767,-0.000602052481481657
MLP,600,101,0.27688074,0,1.0,False,0.0034311616231954916,0.004355887741503085,0.002911182109467272,0.0029546072169248285,0.00275838735402746
MLP,600,101,0.38869065,0,1.0,False,0.00484078731125836,0.003048755707929486,0.005072280437739568,0.005446324286220692,0.005247509712496388
MLP,600,101,0.24982043,0,0.0,True,0.00011053422502429296,0.0011855221251236643,0.0005547925934767392,-0.00013047454729400474,-4.7678038836295236e-05
MLP,600,101,0.2855018,0,0.0,True,-0.0032736790964557148,-0.0010653565385075863,-0.0005849581330107651,0.00013514024661233874,6.768777405088978e-05
MLP,600,101,0.20353854,0,1.0,False,0.005763800851371189,0.006239729666994278,0.0061604302590360415,0.0056587823605201044,0.004945873959373168
MLP,600,101,0.4982125,0,1.0,False,0.002640788020365631,0.0036231432727008685,0.004634937821901279,0.0038326613170018824,0.004660576484457007
MLP,600,101,0.13816887,0,0.0,True,-0.002671152527145732,-0.0019827751445852257,-0.0009104701932432965,7.250595933465616e-05,-4.580169055014523e-05
MLP,600,101,0.22454232,0,0.0,True,-0.002527475463329532,-0.0026466263375236106,-0.001084379623279642,-0.0008937625826037736,-0.0010978070219216712
MLP,600,101,0.32776034,0,1.0,False,0.0036060011168743094,0.002731821282136468,0.0021757582867233363,0.002827043605033495,0.003049681043402546
MLP,600,101,0.16900931,0,1.0,False,0.0008231880357902838,0.0030796698222793155,0.0036694996688183975,0.0032553125725876316,0.00410853092953819
MLP,600,100,0.25238386,0,0.0,True,0.00183606978944621,-1.141289194676569e-05,-0.00021393350313751662,0.00013502751814231976,0.00015607228102727268
MLP,600,100,0.36608666,0,1.0,False,0.005809278154464647,0.004945666326942256,0.0048236113331556595,0.005195378059959925,0.004952613006954563
MLP,600,100,0.5051507,1,1.0,True,0.0027780268811817147,0.003462602314480498,0.004220688037199005,0.004074948105839151,0.0037821958660862586
MLP,600,100,0.16552846,0,0.0,True,-0.0015416696204680724,-6.147589977278462e-05,0.0008897919439279156,0.0005381330401083858,-0.0002827378581849603
MLP,600,100,0.18244757,0,1.0,False,0.0018769531858551685,0.003527192376518231,0.0029410521533963048,0.003962556034268825,0.003926818611881045
MLP,600,100,0.18167555,0,0.0,True,0.0008265030756384028,0.00015320376969507978,-0.0004375599945838514,-0.0013863640885862678,-0.0012690929520551015
MLP,600,100,0.33356223,0,1.0,False,0.0010964083297238649,0.0016097781391160644,0.0017766813451912322,0.003166294734855713,0.0029471322177667906
MLP,600,100,0.23938917,0,0.0,True,-1.0023301628150149e-05,0.000763993928022684,0.00013473279692577137,-0.0007396194772318616,-0.001016261337174957
MLP,600,100,0.15829338,0,0.0,True,0.00042456277183936143,0.0005141898246812945,0.0008935825641301735,0.0010280892076717963,0.00039472765632861504
MLP,600,100,0.43764144,0,1.0,False,0.003232696166545812,0.004090293524847823,0.004482936493080994,0.004081709028681484,0.004080933440093186
MLP,600,100,0.51169044,1,1.0,True,0.003405134110262407,0.0035526957407251026,0.004371239601744304,0.004325511945424895,0.0041967548020279055
MLP,600,100,0.52581656,1,1.0,True,0.008241408990880368,0.00688381357049361,0.004342213029711925,0.004211968483073421,0.0038224265711103616
MLP,600,100,0.33904907,0,0.0,True,-0.0005251872056585947,-0.001455795382851322,-0.0012266869791741982,-0.0009129831078297038,-0.0005639413853905771
MLP,600,100,0.1422604,0,1.0,False,0.005179847242796073,0.003619185226472394,0.0042148911336154565,0.004699085525380595,0.004657705095971329
MLP,600,100,0.23691766,0,0.0,True,0.0013181597281664886,0.0004587166393346027,0.0005009080816936517,0.0005236798995640347,0.000870322402475989
MLP,600,100,0.21516944,0,1.0,False,0.005108500448760295,0.005382877531425955,0.004516874226736114,0.004687541810421956,0.004856452925988507
MLP,600,100,0.35071504,0,0.0,True,-0.0012200691185058168,-0.0012545001104680702,-0.0007204260903970733,-0.0005230230363792929,-0.0004246489503173676
MLP,600,100,0.24771921,0,1.0,False,-0.00022487285386885291,0.002128094340443094,0.002805335007755327,0.002796971952983424,0.0024176867640949805
MLP,600,100,0.3907775,0,1.0,False,0.0019977507642930637,0.0029156203866411703,0.004496481009978867,0.00486891975698678,0.004605274908990658
MLP,600,100,0.31342173,0,0.0,True,-0.002153317591549053,-0.0025506725876419437,-0.00046263987917386954,0.0002008298753113896,0.0003583796229436298
MLP,600,100,0.3482572,0,0.0,True,-0.0012983067044638414,-0.0005921092569632482,-0.0006278992935568554,1.2135488591345701e-05,0.0001355240115944528
MLP,600,100,0.10294595,0,0.0,True,-0.0011721069484912213,-0.0002316251828073997,0.0005245223695893019,0.0008574484525393847,0.0002839700906648375
MLP,600,100,0.46282783,0,1.0,False,0.0035255615530489378,0.004439130492626825,0.0032824137265749097,0.0036320168951789102,0.004515594316386422
MLP,600,100,0.1670614,0,0.0,True,0.0029269825470918946,0.002141355469355535,0.0011407237220430423,0.0003067199807860584,-1.5743316851308247e-05
MLP,600,100,0.23833375,0,1.0,False,0.0031718386522338045,0.0022416103874445424,0.002948584396712048,0.0032759999831736535,0.003500672203504333
MLP,600,100,0.20309803,0,0.0,True,-0.00025724307660386945,-8.747174213248512e-05,0.0002701376188129028,0.0008761901561554147,0.0005271065675655031
MLP,600,100,0.23902506,0,1.0,False,0.00251523924633074,0.004360846853216963,0.00376434378981314,0.004005531934275679,0.0035097159754630724
MLP,600,100,0.20528491,0,0.0,True,0.0017427219213822732,0.0012624485700615169,0.001192009958807426,0.00037758568753131226,0.0004231972536874967
MLP,600,100,0.32918105,0,0.0,True,0.001297345171469803,0.00028192354508627603,-0.0008800434057911432,-0.0005628048470095478,-0.0005666825660029349
MLP,600,100,0.30166602,0,0.0,True,-0.0016701012510927488,-0.0020613924664054967,-0.001615360523939813,-0.001438653366060422,-0.001189993033677482
MLP,600,100,0.2682317,0,1.0,False,0.006009027178445532,0.00517262574291352,0.004756973190929346,0.005131006745677315,0.004938849037172452
MLP,600,100,0.13976716,0,0.0,True,-0.0014039211251662173,-0.0003078712019583682,-0.00017248541540305977,0.0005131413538866097,0.0007545303358003675
MLP,600,100,0.42578417,0,1.0,False,0.00465332465395784,0.004668501811255437,0.004454874371007232,0.004586885701094089,0.0038547934081038216
MLP,600,100,0.3401889,0,1.0,False,0.0038062333747011373,0.003865078175444349,0.0038255469455056633,0.004525631904338793,0.004032202566960839
MLP,600,100,0.17909718,0,1.0,False,0.004435112285576247,0.0037370771303200487,0.0038888375279379833,0.004341652370333304,0.004732495526446262
MLP,600,100,0.3406097,0,1.0,False,0.005063500309078703,0.002856605223782793,0.003423845047967967,0.003963199049641546,0.004341159617961221
MLP,600,100,0.31057194,0,0.0,True,0.0003124322474502424,-0.0002917177145786239,-0.00044916325052249965,-0.0008253380882873704,-0.00014270796185263205
MLP,600,100,0.14422838,0,0.0,True,-0.0014794044861767177,-0.00019972734369268555,-0.0007777072365504095,0.0005643774182057625,0.0004275423135978323
MLP,600,100,0.36288142,0,1.0,False,0.006161687193549571,0.004629442431252879,0.004049590699655862,0.002873896525018138,0.0025679968143341113
MLP,600,100,0.26455635,0,0.0,True,0.0026460416404753165,0.0005651634768449856,0.0010320280464478915,0.001002721937014235,0.0010290795511117914
MLP,600,100,0.29211918,0,1.0,False,0.002216666099248134,0.0017960480036907952,0.0024781155940267786,0.0025921432954470174,0.00319344376049883
MLP,600,100,0.1977481,0,0.0,True,-0.0025154412563780067,-0.0008634118136909917,0.00027113660429431023,-0.0007686371457859689,-0.00033406290715227185
MLP,600,100,0.21006355,0,0.0,True,0.0010545684268833452,0.0006853139810755424,0.00045445437908389364,0.0008522166275478395,0.0010691781811117134
MLP,600,100,0.6280792,1,1.0,True,0.0042110303020967965,0.003417931630972015,0.003080675859534707,0.0032714869875403577,0.003496706011655327
MLP,600,100,0.35608092,0,1.0,False,0.0029599719960894336,0.003686563255914715,0.00398318417643816,0.004298134662112371,0.0043336288263435135
MLP,600,100,0.25605625,0,1.0,False,0.0006065182187133113,0.0028041963078829406,0.0026551223904954504,0.002665259804126449,0.0029703985585032957
MLP,600,100,0.35508028,0,0.0,True,0.0008259615955939959,0.0005232054655908503,0.0004353977177896494,4.293995698840641e-05,3.596164973757427e-05
MLP,600,100,0.368533,0,1.0,False,0.00490027209367706,0.0031023584749055332,0.0025594103650268055,0.003055781179826747,0.0028258100274653215
MLP,600,100,0.6058317,1,1.0,True,-0.0003116645321690328,0.0007267928507100728,0.0017056678809346333,0.0020460041057364297,0.0017855761660628443
MLP,600,100,0.14283098,0,1.0,False,0.003778476644054933,0.003441926888510554,0.004438869729515357,0.004026528518209277,0.0038883588127492427
MLP,600,100,0.16828912,0,0.0,True,-0.0011879671657603864,-0.0012530169882313538,-0.001072944469137501,5.178709335303101e-05,-0.00014427801092215897
MLP,600,100,0.23625349,0,1.0,False,0.00395282325034476,0.005000571583892708,0.004658270360669489,0.004289172404608294,0.004266496582157277
MLP,600,100,0.5727061,1,1.0,True,0.004140723022494465,0.004311799326258765,0.0037787912512813283,0.0038691751986412014,0.003688111667240203
MLP,600,100,0.24882697,0,1.0,False,0.0035585024987759136,0.003731509068428361,0.003438025938322685,0.0038444305012950144,0.003730323042892686
MLP,600,100,0.2896012,0,0.0,True,0.0016806573870581868,-8.90787154214535e-05,-0.0007895073970103915,-0.00018814770362243904,-0.00018296163207357839
MLP,600,100,0.1946491,0,0.0,True,0.00020895277730327864,-0.0006709984820003991,-0.0010580668924352393,-0.00029282125240273084,0.0006695134758211782
MLP,600,100,0.5747216,1,1.0,True,0.0030941086519761796,0.004461365019088025,0.004796187292827022,0.004528255239171457,0.003152514089070045
MLP,600,100,0.1843895,0,1.0,False,0.005482314372880636,0.0054403832574173965,0.005498460232798556,0.0056750823718664,0.005268419885694886
MLP,600,100,0.31528205,0,0.0,True,0.0019740842220277582,0.001778013892960786,0.0014885159318122607,0.001246571041751875,0.0001746670661155627
MLP,600,100,0.12605417,0,0.0,True,-0.0010136417252103868,-0.0004185757700384115,-0.00013275708723026658,-0.00047087246671500497,8.73276335618101e-05
MLP,600,100,0.1199669,0,0.0,True,0.0034424797955767573,-0.000358618492063055,-0.0003626305680069394,-0.0004429217287595175,-0.0005885150611139459
MLP,600,100,0.26179054,0,0.0,True,-0.0018866302461963966,-0.0011920053346438887,0.00028787158072229743,-0.00017725365290355706,-0.00034630469568823653
MLP,600,100,0.10856853,0,0.0,True,0.002762806220288315,-8.386955206221036e-06,-0.0010320353702243572,-0.00020190937388559637,2.8934083518219753e-05
MLP,600,100,0.17852667,0,0.0,True,-0.0009293514702516001,-0.001342267394752653,-6.505316527489489e-05,-0.0012148015963232392,-0.0011602595664157121
MLP,600,100,0.13587625,0,1.0,False,0.008359135303193568,0.005274585093053995,0.0046822065649492406,0.0032717859351160967,0.003972725644182104
MLP,600,100,0.14033265,0,0.0,True,0.00032154975697582037,-5.407333972133346e-05,0.0005339573783846508,0.001436768954066834,0.0019228565699357415
MLP,600,100,0.42114112,0,0.0,True,0.0013577968171899384,-1.1163501845195914e-05,-0.00010593157226861742,-0.0003835690284124152,-0.0004824410773819981
MLP,600,100,0.1361891,0,0.0,True,0.0008592942019040318,-0.00014823444626772204,-0.0002747797077221038,-0.00015271310431791738,0.00047449124540234613
MLP,600,100,0.3290721,0,1.0,False,0.005186421814134669,0.005962127541074909,0.005159791898922334,0.005234309623430963,0.005399218313791178
MLP,600,100,0.2585798,0,0.0,True,0.0006013018680633185,-0.00022516513854754135,0.00032003380993270993,0.0007634888271901081,0.0003434833722715175
MLP,600,100,0.35795885,0,1.0,False,0.0021845141051548725,0.0034116973284342707,0.004367652641414324,0.003945984427678592,0.003619056651839253
MLP,600,100,0.13069537,0,0.0,True,-0.0008948501327267401,-0.0020460526220795073,-0.0013945632610381368,-0.001169190138257575,-0.0008732589644000184
MLP,600,100,0.1013365,0,0.0,True,-0.0016654190386027484,-7.138065791456374e-06,0.00026598330396674795,0.00045313303667195187,0.0004328984195702905
MLP,600,100,0.46720523,0,1.0,False,0.005634080486121351,0.004544509930999102,0.004019637419608275,0.0041463357962615525,0.0044572940376127555
MLP,600,100,0.14279842,0,0.0,True,-0.0012042643331654141,-0.0010074746228369582,-0.0008213920032158621,2.8736313868741724e-05,-0.00044085171616518366
MLP,600,100,0.23638634,0,1.0,False,0.00400595363056762,0.00425748980929502,0.0049236361295317286,0.004722483817443142,0.004557247103395968
MLP,600,100,0.30505353,0,1.0,False,0.00609615319922257,0.00566405550294946,0.0041220217911246025,0.004951199274023496,0.00524804021029806
MLP,600,100,0.20283708,0,1.0,False,0.0025339078716741102,0.0038284425539548404,0.0038987613969924894,0.004694509029603816,0.004900649091104423
MLP,600,100,0.14546166,0,0.0,True,-0.0015804564460721261,-0.0004623025414629782,-0.0009290592567759356,-0.00048538930811289183,-5.3634597342415015e-05
MLP,600,100,0.3254096,0,0.0,True,0.0007369230163941837,0.0010802985743086548,-0.00010892333728389352,-0.0001369245927174229,-0.00027217556994885026
MLP,600,100,0.29513997,0,1.0,False,0.003182629689668152,0.0038091037481823636,0.0036153436452793534,0.00396756454400229,0.004417319437151484
MLP,600,100,0.29705882,0,1.0,False,0.004366959406778892,0.004186417136133708,0.004072762353741412,0.0035880318946214886,0.0033302142175427388
MLP,600,100,0.23239356,0,1.0,False,0.0035336725342370082,0.00269603246229506,0.0028262807802481933,0.001909755376860613,0.002368066040566592
MLP,600,100,0.22610258,0,1.0,False,0.0027347782050161275,0.0018680652456073926,0.002494014854869665,0.0031308065481417168,0.002868007080623347
MLP,600,100,0.23354532,0,0.0,True,0.0017651368239188063,0.00196706903766756,0.0021229179495159283,0.001690083439892517,0.0012965939021671534
MLP,600,100,0.18249172,0,0.0,True,0.0008843569743186744,0.0005369336221761686,0.0009228663732641701,0.0007009160335880365,0.0007206741236671076
MLP,600,100,0.7602574,1,1.0,True,0.0024340924110559017,0.0023750705186505825,0.0028492275138120565,0.0033081609266370055,0.0032488560137195676
MLP,600,100,0.3239827,0,1.0,False,0.0017588600286253795,0.0031054823666005287,0.002709408980486244,0.0020255042715691673,0.002251590991641479
MLP,600,100,0.4598148,0,1.0,False,0.0038196839788283664,0.004226568044203736,0.0045318197270802375,0.0047074970581748015,0.0046740259791590915
MLP,600,100,0.15299694,0,0.0,True,-0.0010460312050806107,0.0004763028032442436,-0.00011894801985151461,0.0001576538474246544,0.000665574021605274
MLP,600,100,0.10496244,0,0.0,True,0.0027599380465211034,0.0008352006458136656,-0.0005018826237446634,-0.0006822220468397433,-0.00036425814444428624
MLP,600,100,0.14877711,0,1.0,False,0.006308438100108267,0.005494999467420174,0.004626390717505966,0.005017500444643944,0.004685803104160699
MLP,600,100,0.18837525,0,0.0,True,0.0007701722695842601,0.00030853433786325854,-0.00025977428450869216,-0.0008011552962212868,-0.0009871999959319045
MLP,600,100,0.172504,0,0.0,True,-0.0021060614607905453,-0.000319962974806096,-0.0006694785500313847,-0.00019621338374735552,0.00029130209371804343
MLP,600,100,0.21960187,0,0.0,True,0.001300535706148765,-6.529145340613436e-05,0.0007885297175653167,0.0006585277043399144,0.0008062294701407739
MLP,600,100,0.24862278,0,1.0,False,0.004717756465965849,0.004989126738761851,0.005873917035683074,0.004613787720715082,0.004521334175218392
MLP,600,100,0.33960655,0,1.0,False,0.0027816172660414073,0.005479328744918307,0.0043001948117622445,0.003782586888103895,0.0036268770330807184
MLP,600,100,0.1960132,0,0.0,True,-0.002081849915236666,-0.0009947181910403544,-0.0013959586298377062,-0.0009322315659767744,-0.000987747094170064
MLP,600,100,0.39265794,0,1.0,False,0.001358819946908513,0.0028383869817429643,0.0012807976833540255,0.0017508503905369719,0.0018161352812399154
MLP,600,100,0.2380151,0,0.0,True,-0.002844249546008249,-0.0005519737645144402,-0.0010466875184734293,-0.0012781965160528024,-0.000924183694152225
MLP,600,99,0.21054931,0,1.0,False,0.003427043712027579,0.0033714237300117144,0.0033881834495982817,0.0034063281600847234,0.003526741556297496
MLP,600,99,0.3088911,0,1.0,False,0.00531518888186784,0.005405932620639364,0.00420321543288378,0.004927656968490028,0.00478048682554713
MLP,600,99,0.24884763,0,1.0,False,0.0022438053303674927,0.003958341078270848,0.0036951951928109205,0.003969447388417658,0.003917925939476283
MLP,600,99,0.26934436,0,0.0,True,0.001114642840048859,-0.0004692217445963799,0.0007371871349475804,0.0008438761150979084,0.0006457833049051782
MLP,600,99,0.21020393,0,0.0,True,5.9877688067863444e-05,-0.0008589196305754932,-0.00021298740781679787,-0.00039019435933999527,-6.699829692860056e-05
MLP,600,99,0.09921365,0,0.0,True,0.002204515541217001,0.00045201617245421314,-0.00018671096868872817,-0.0004062630641498245,-0.0004378581971497119
MLP,600,99,0.19513088,0,0.0,True,-0.002327520291242318,-0.00038298596894124724,0.0006618456944945019,0.0011366255572558665,0.0008662599546613164
MLP,600,99,0.26533648,0,0.0,True,-0.0031810719986563253,-0.0015740101182695893,-0.0010828349544443978,-0.0014900249128358145,-0.0012717870924923024
MLP,600,99,0.58078325,1,1.0,True,0.0005564773382350003,0.00199386961207378,0.002909696519079522,0.002733610351090145,0.0025594628935337103
MLP,600,99,0.18804815,0,0.0,True,-0.0008498867981393156,-0.00011539233370145831,-0.0012433237106167006,-0.00106543942015423,-0.0015227885476797995
MLP,600,99,0.19689366,0,0.0,True,-0.0011738469724012466,-0.0005342642182207352,-0.0008431314603681059,-0.0004765083710050005,-3.855841362990445e-05
MLP,600,99,0.23029956,0,0.0,True,-0.0013402274263994284,-0.0007703026094569562,-0.0009853615444378552,-0.001369546926550105,-0.0012223313795822332
MLP,600,99,0.29244518,0,0.0,True,-0.0005640230433272352,-0.0004586600713110059,-0.0003271237058871676,-0.0007299645389581572,-0.0009790099690530232
MLP,600,99,0.23106462,0,0.0,True,-0.0008544644748911612,3.313974077670253e-05,0.0009724281216208954,0.0005100209484371316,0.00023116185155817057
MLP,600,99,0.48159176,0,1.0,False,0.003026723948422934,0.004588641849672699,0.00606786024615328,0.006254730534815139,0.005948142456789827
MLP,600,99,0.41437986,0,0.0,True,0.0007943203870090647,-8.499621261752048e-05,-1.4763900826832718e-06,0.0004350411843421811,0.00035472738964917197
MLP,600,99,0.4858404,0,1.0,False,0.0072543748159003595,0.006296887046396355,0.005902476788980719,0.00573109179815272,0.005127574572614077
MLP,600,99,0.22573213,0,1.0,False,0.0018104353918049828,0.003923046950807928,0.004153103919869038,0.004417710194648943,0.004906494727123292
MLP,600,99,0.19095507,0,1.0,False,0.003422275616834837,0.003361084732993542,0.003803306804550187,0.004040306123709674,0.00430136877905096
MLP,600,99,0.2539951,0,1.0,False,0.004513961180263079,0.0037550683078132565,0.003896204262381613,0.003947524986608167,0.004114982129010771
MLP,600,99,0.16823669,0,0.0,True,-0.0009129725964195886,-0.0001729279798433429,-0.0006004034611003839,-0.0008704265638699825,-0.0009212598559747264
MLP,600,99,0.1274855,0,0.0,True,-0.002432550895351396,0.00048376741953873423,0.0005845245346514809,0.0007384691209566758,0.0012243990108084144
MLP,600,99,0.26201904,0,0.0,True,0.001446722270965174,0.00043706138154403945,-0.0001320746782291278,-3.92098842912889e-05,0.0002979862862941479
MLP,600,99,0.3434463,0,1.0,False,0.0045230633293725985,0.0018171903212625417,0.002451648777086562,0.0029715552406585815,0.0036079123535654807
MLP,600,99,0.4432686,0,1.0,False,0.002074602608225342,0.0013550309114377349,0.001702741264880932,0.00266563109449464,0.0026377152715194455
MLP,600,99,0.18209966,0,0.0,True,3.470523352202807e-05,-0.001054229150823855,-0.0006749983408893159,-0.0005523327166001699,-0.0004362807083545363
MLP,600,99,0.19084135,0,0.0,True,-0.0011456529389414832,0.0006273585659853617,0.0012809930756293238,0.0002099950127188238,9.355740717225434e-05
MLP,600,99,0.15518536,0,0.0,True,-0.000372413396594823,-0.0015898203512676456,-0.0006147656525981297,-0.0007139302862456582,-0.0004119582563112142
MLP,600,99,0.14925198,0,0.0,True,0.0001269823468934974,-0.0010536488636493859,-0.0016323721139651869,-0.001199033010013064,-0.0008083618544079393
MLP,600,99,0.17095485,0,0.0,True,-0.001156390975561113,-0.0009038712653211485,-0.0006733334514314163,-0.0002902739528501501,-0.0004845238005603663
MLP,600,99,0.40308204,0,1.0,False,0.00363365863377271,0.003940243058800338,0.0033684481644183106,0.0037585187604197274,0.004027713966662591
MLP,600,99,0.19653742,0,1.0,False,0.005204356529131741,0.005506829994791302,0.005088781353802563,0.004832661793738713,0.004493761630306637
MLP,600,99,0.17506918,0,0.0,True,-0.00043707705093699254,-0.0004039518218111007,-0.0006067074816756631,0.00014651419907305653,-0.00048610847453371475
MLP,600,99,0.25916567,0,1.0,False,0.004227143835704771,0.0035093856314300544,0.004412552988036801,0.004246139615859257,0.0042402678736616186
MLP,600,99,0.2945905,0,1.0,False,0.0030486146646227334,0.003577525865469003,0.004412034373409337,0.0041874497626563645,0.004411195743139742
MLP,600,99,0.17197965,0,0.0,True,-0.0013767394151572169,0.0003486741336897665,-9.694431487408029e-05,0.00047626023612265344,0.0002871181283594597
MLP,600,99,0.25218898,0,1.0,False,0.00587610033235727,0.003291482117719318,0.0044817475785650495,0.004443874650533872,0.00444401581111039
MLP,600,99,0.12752043,0,0.0,True,-0.00034951629643104856,-0.0006395799346095271,-0.000601044133557121,0.00023678707245041228,4.0237366541221984e-05
MLP,600,99,0.20991023,0,1.0,False,0.003544670681755388,0.003728625261458454,0.0045706505997388566,0.004450344547728524,0.004025545954524291
MLP,600,99,0.22801629,0,1.0,False,0.004918791340283385,0.005527197189485404,0.004480962958087877,0.004692260889554318,0.0049960268156001705
MLP,600,99,0.4713164,0,0.0,True,-0.0013030663996363638,-0.00022370737642901387,0.0004709933492233031,-0.00041937044742570946,-0.0007804219536596853
MLP,600,99,0.102967486,0,0.0,True,0.0004146991146414286,-0.001617699755311006,-0.0016395466325630208,-0.0018128623482675254,-0.0022615781705598724
MLP,600,99,0.26868996,0,1.0,False,0.004375915201113019,0.004268522604432274,0.004221593414604896,0.0039852541423381375,0.0036289846076039407
MLP,600,99,0.3413152,0,1.0,False,0.004443918741748728,0.0012091379024123225,0.0015250106986528548,0.0015737134647925174,0.002375298793765701
MLP,600,99,0.1432392,0,0.0,True,-0.0005881537941284948,-0.0014492999407523246,-0.0007639965277743527,-0.0005926330779592464,-0.0004943230364127565
MLP,600,99,0.15398273,0,0.0,True,-0.0008025675250545684,0.0012242858410342259,0.0008090145714800897,0.0003838420914848152,3.7931142360152156e-05
MLP,600,99,0.15919673,0,0.0,True,-0.0017394105335897117,-0.0012507638919414237,-0.0006362181241694678,0.00021097579935268834,-0.00017103118674556252
MLP,600,99,0.19280733,0,1.0,False,0.0053226357987542884,0.004385910181848114,0.0038754658075407984,0.004611343063476769,0.0049348033003872695
MLP,600,99,0.115432285,0,0.0,True,-0.0009520849768496355,0.0008042725628718712,-0.0003369070536339584,-5.230841328774199e-05,0.00019915641558341976
MLP,600,99,0.5018164,1,1.0,True,0.002803430435564957,0.003593803773691948,0.0033786214716256097,0.003163423703918036,0.002261295636346553
MLP,600,99,0.8205905,1,1.0,True,0.0061623374903084305,0.004627817861315512,0.003694248047890083,0.004143219062980124,0.0035791494298866755
MLP,600,99,0.2030229,0,1.0,False,0.004389808427131948,0.004192981951130857,0.005038228192259649,0.005091369815865936,0.00505697290914968
MLP,600,99,0.22929226,0,1.0,False,0.00400565949361491,0.003460550236472318,0.004307954025804032,0.004452478966514033,0.004556452249260776
MLP,600,99,0.24672516,0,1.0,False,-9.546479822851605e-05,0.001834306469792436,0.001978022200162708,0.0022112196163591113,0.0029416988564086107
MLP,600,99,0.27081242,0,0.0,True,0.00023275509989064476,-0.0004937833067868603,-0.0009113237839738672,-0.0006493791518836771,-0.00028224065030635207
MLP,600,99,0.31862304,0,1.0,False,0.004168049012162193,0.003558932643714674,0.002448737555633291,0.0025615539410162396,0.002404403298572516
MLP,600,99,0.13437779,0,0.0,True,0.00016934358211919873,0.0007738228571775258,0.00015438735550401235,1.2997344433047262e-05,1.2882372569701886e-05
MLP,600,99,0.262705,0,1.0,False,0.005430239067386399,0.002864730672386242,0.003550099254947116,0.004737258544645741,0.00497222208781428
MLP,600,99,0.22131026,0,0.0,True,0.0007040592157762296,-6.124176239822819e-05,0.0006476710396554446,0.000611094309136686,0.000878594589716815
MLP,600,99,0.34834242,0,1.0,False,0.0004506450645397344,0.003907719208760792,0.004084819161532427,0.004066469553387971,0.004493212859512193
MLP,600,99,0.62249637,1,1.0,True,0.0022902888311622997,0.0020191510108937194,0.0027862745850018747,0.0035593154901488945,0.00306246802496434
MLP,600,99,0.14978231,0,0.0,True,-0.0005022532318068824,-9.79802204485871e-06,0.0011951873590279063,0.0013696128406073078,0.0014737999525793973
MLP,600,99,0.18017164,0,0.0,True,7.89068667076608e-05,-0.0006759137181583035,-0.00019429886583972194,-0.0003324915894623429,-0.0007103422714492184
MLP,600,99,0.263069,0,1.0,False,0.005268396174706362,0.0033255540462127807,0.0035777644357022375,0.003764213144412108,0.004035095895590431
MLP,600,99,0.14781302,0,0.0,True,-0.0014725951199708483,-0.00018730493373339543,-0.0004308383111403062,-0.0003451048550024175,-3.34943480705481e-05
MLP,600,99,0.3966203,0,1.0,False,0.002843354685882166,0.00330242197701981,0.0031026586838599803,0.0021824273906282587,0.0031566406678864077
MLP,600,99,0.2359515,0,0.0,True,-7.795404593514628e-05,-2.5095679703467006e-05,1.8322495308878797e-06,0.0007070963701850132,0.0002445446280549819
MLP,600,99,0.395079,0,1.0,False,0.004398597919891702,0.0043969468076588145,0.0044971259328930625,0.0052799225873738686,0.004810763834286623
MLP,600,99,0.22912082,0,0.0,True,-0.0013147457746845476,-0.0016026362510247452,-0.0014117463032500294,-0.0012539730324900454,-0.0008881877403852944
MLP,600,99,0.12629485,0,0.0,True,0.0004930239050613056,0.0004990376949007682,0.0009342739073797412,0.0004970838134050365,4.13057496092233e-05
MLP,600,99,0.17539567,0,1.0,False,0.007609936539109937,0.0058954455949947505,0.006013828990559431,0.004593095977265557,0.004739161575261569
MLP,600,99,0.39394227,0,1.0,False,0.0032577910821177695,0.0029822113124628046,0.0038468509640640306,0.0023553007018350465,0.0029681989587295784
MLP,600,99,0.3515119,0,1.0,False,0.004413053852495192,0.0048152273680272485,0.004240343431692281,0.0046123806313115,0.004682356696818109
MLP,600,99,0.3526574,0,0.0,True,-0.0009686663946014384,-0.0008970350112139572,-0.0017469100146861693,-0.001071470537665517,-0.0009193928046303
MLP,600,99,0.21571027,0,0.0,True,0.002411690213782989,0.0017564596540946904,0.0008698806378696623,-6.480253172377679e-05,-0.00019326232985792728
MLP,600,99,0.46089217,0,1.0,False,0.005803054240640178,0.00584424929175648,0.004865310242139074,0.0043673885417324304,0.0043332125001877145
MLP,600,99,0.27503246,0,1.0,False,0.0022037430576521883,0.002149919968185808,0.0018341168680260126,0.0027174260907520654,0.0028884555233038935
MLP,600,99,0.30475765,0,1.0,False,0.005186553748823511,0.0040913778261404,0.0035982018245454277,0.0035495679846349317,0.004461945530086304
MLP,600,99,0.16522539,0,1.0,False,0.0037548056894843615,0.003440579446984095,0.004146203950331537,0.003984014963774064,0.004059860199997407
MLP,600,99,0.20304741,0,0.0,True,0.002603608160133493,0.0019876452875402326,0.0007704640797033255,0.0006130554420735731,0.0007598464280597262
MLP,600,99,0.14407468,0,1.0,False,0.002196947281032158,0.003955910722375477,0.003538245956086781,0.00336966289074374,0.0032695313024872458
MLP,600,99,0.31236345,0,1.0,False,0.005777025268472281,0.003350928142387761,0.0037970515656487974,0.004142106941626079,0.004406763836913196
MLP,600,99,0.110702775,0,0.0,True,-0.0005068343917604522,-0.00025106200719003007,-0.00040550087612350593,-0.000980937431013776,-0.0010456993014779608
MLP,600,99,0.16960452,0,0.0,True,0.0012465368088911096,0.0011222681319929112,0.0007079347093810225,0.0010153653234267989,0.0009793646745258136
MLP,600,99,0.10320235,0,0.0,True,0.0005341791068051806,-0.0018379834148445388,-0.0004850249223982632,-0.00021766205174767914,0.00012944450575512112
MLP,600,99,0.24317044,0,1.0,False,0.004147636517335551,0.0038563951069143674,0.003660838560867828,0.0026102502249148543,0.003298663835863999
MLP,600,99,0.20455498,0,0.0,True,-0.0005564696739928768,-0.00025331959174210286,0.00031971326950898865,0.0005942717241230569,0.0001777149065435831
MLP,600,99,0.11449124,0,0.0,True,-0.00022636583219372823,-0.00037710685090862936,0.00042143302327890585,-0.00025929945361575905,-0.00016708108606607437
MLP,600,99,0.23571864,0,1.0,False,0.006205513780265326,0.004033124413397707,0.0026803588903566906,0.002712528762986643,0.003226485745880456
MLP,600,99,0.23136503,0,0.0,True,-0.0005065308829243039,0.00016967890869654426,0.0005292448004637526,0.0004780844048837511,0.0001839589551360055
MLP,600,99,0.24916527,0,1.0,False,0.0029157454190606347,0.004015387077657177,0.004448014843213101,0.004415509196068571,0.0044264819067147436
MLP,600,99,0.11501276,0,0.0,True,-0.00042794538584337065,0.00032350901308979686,5.6306987785199636e-05,-0.0007665378397562623,-0.0005958354988415875
MLP,600,99,0.14961082,0,1.0,False,0.005592539993244173,0.004335775257278561,0.0043886593380273115,0.004264983618919299,0.004207718248695484
MLP,600,99,0.25393224,0,0.0,True,-0.0021344771046206603,-0.0018300862797982996,-0.000293185189187303,-0.00012753056988589305,-0.0005818894616345412
MLP,600,99,0.15627594,0,0.0,True,0.0031550901484719003,0.0011109726607492197,0.00044207863980932205,0.00010029099390468151,-0.00011399461634851952
MLP,600,99,0.2896362,0,0.0,True,0.0007633393359674827,-0.0009904474497773991,1.7601679322203944e-05,-0.00012197508306810172,-0.00015021158991402808
MLP,600,99,0.5974593,1,1.0,True,0.00254365709796952,0.002626684241090476,0.0034659018480789647,0.0038973363429347257,0.003917924235784079
MLP,600,99,0.23279858,0,0.0,True,-0.002387309417116958,-0.0019409562624009525,-0.0009717503952725298,-0.0003807454813278742,-0.0007247300258246132
MLP,600,99,0.32576466,0,1.0,False,0.0026575717199707827,0.0040464359153061956,0.0054471203554265005,0.004505113248440441,0.004571469432980395
MLP,600,99,0.15105282,0,0.0,True,0.0003961979382923778,-0.00041104114114455563,-0.00019959412367537624,-0.00020401711338999585,0.00031025590382737834
MLP,600,98,0.20381446,0,0.0,True,0.001382052225572447,0.002313361102258791,0.0009052583881366513,0.0012186121937977424,0.0009629670989076826
MLP,600,98,0.23602872,0,0.0,True,-0.002628455666249254,-0.0011241098600542384,-0.0008379980753576206,-0.0011135004362494503,-0.0003559229863589468
MLP,600,98,0.13019,0,0.0,True,0.0004180997690900252,-0.00042533596148499117,-0.00045828675826162224,-0.00042056923002269374,-0.00042474376865123733
MLP,600,98,0.13951933,0,0.0,True,-0.002728118414652708,-0.0016246247650644593,-0.00014970848657555873,-0.0009577615784902067,-0.0006152360177332129
MLP,600,98,0.17205939,0,0.0,True,0.0023039617314748882,0.0002788644038738124,0.0015871794217752052,0.0006237268043578868,0.0007463200629309485
MLP,600,98,0.31466562,0,1.0,False,0.005397755806195222,0.006822482464301857,0.006547617820156657,0.005727889085508749,0.005438146318879931
MLP,600,98,0.38495636,0,1.0,False,0.006085441218513031,0.004765119876048126,0.004590537743041369,0.004955479020254069,0.004998712026136157
MLP,600,98,0.18998773,0,0.0,True,0.0005812158798274001,0.0014785390898741017,0.002013137893886499,0.0021520694885987226,0.001331815710128105
MLP,600,98,0.233717,0,0.0,True,-0.0021078459324911252,-0.0013551367985533982,-0.001115665445463245,-0.0010004204408868996,-0.0004958729836181191
MLP,600,98,0.22097532,0,0.0,True,-0.0023823708226423214,0.0003419864960483269,0.000148015203681019,0.0004875222611107852,2.1685976534752167e-05
MLP,600,98,0.12583119,0,0.0,True,-0.0001621378219335232,-0.0009281105512460794,-0.0009985581443702001,-0.0009784584354872122,-0.00025315514081985027
MLP,600,98,0.2907762,0,1.0,False,0.004557129467843185,0.004346562887565433,0.0031787682925208554,0.0033106708626373595,0.003322939636120486
MLP,600,98,0.263478,0,1.0,False,0.004543982136092733,0.0025982946951602407,0.002931285329669027,0.0028999222575179485,0.002713505500735188
MLP,600,98,0.2667133,0,1.0,False,0.003618787594896176,0.0019896470253108404,0.002801406871605657,0.00291495902190985,0.0032834138751667717
MLP,600,98,0.5401956,1,1.0,True,0.0014023254799010662,0.0019771524473658534,0.0016034791844994059,0.0018688823731234049,0.002206574840841725
MLP,600,98,0.5298893,1,1.0,True,0.0066229589352817825,0.003738124381198464,0.0044846104797033005,0.004775342378880491,0.004861295961208974
MLP,600,98,0.16641617,0,0.0,True,-0.0006345493484252159,4.989584840568239e-05,-6.52467552794268e-05,-0.00045061196574919764,-0.0006308877217858939
MLP,600,98,0.44470686,0,1.0,False,0.003662414543291146,0.003219712796376594,0.0029622981038528863,0.003040886965965767,0.002415390997630607
MLP,600,98,0.5866168,1,1.0,True,0.004490867781768853,0.0042994358625571385,0.0027739382298479155,0.0022410625618108034,0.002472074061147565
MLP,600,98,0.16513866,0,0.0,True,-0.0023361577217205255,-0.001644894043236163,-0.0007219647474108786,-0.0011220912806513413,-0.0006627546410754249
MLP,600,98,0.17778036,0,1.0,False,0.004362540403331434,0.003928973900723185,0.0043605316948763856,0.005190763626712868,0.005134268279819276
MLP,600,98,0.6181555,1,1.0,True,0.0039338367529574494,0.003834008490610988,0.0027938257664291135,0.0035753090847843935,0.0035928227743549793
MLP,600,98,0.3127972,0,0.0,True,-0.0002730480003651445,-0.0011922140855685152,0.00023191006488940694,-0.00013840406657658752,-0.00034426815298247646
MLP,600,98,0.4744325,0,1.0,False,0.0037451297225849296,0.004413810978255006,0.004134150026896145,0.0045955372850020855,0.004527080488770588
MLP,600,98,0.18299963,0,1.0,False,0.005436930939492678,0.004606286257223174,0.004073267908125165,0.004438088608925348,0.003850411741181446
MLP,600,98,0.52915895,1,1.0,True,0.0050971957063996026,0.006346244741151035,0.0048864983752284,0.004050066930715952,0.004065749009355342
MLP,600,98,0.36842227,0,1.0,False,0.004691149819129168,0.003180170302663495,0.003350052396915833,0.0036708457459476407,0.0030429861644479584
MLP,600,98,0.2471415,0,0.0,True,0.0004915865885015686,0.0011884622982295692,0.001771237527859622,0.0013998784144352268,0.0007974468123254875
MLP,600,98,0.1436615,0,0.0,True,-0.002106796542311393,-0.0014875266313089668,-0.0017795479132288008,-0.0009179993285911076,-0.0001781771412870241
MLP,600,98,0.14056174,0,0.0,True,0.000612885833307855,0.00034897076332658113,-0.00011432428044989298,9.436308521234753e-05,0.00030914267247459287
MLP,600,98,0.27036908,0,0.0,True,-0.0024710886973714867,-0.002169646632797724,-0.0016985835591600466,-0.0010951661303592957,-0.0009818922322745952
MLP,600,98,0.40199745,0,0.0,True,-0.0018704994440811916,-0.0018384656898968745,-0.0015760662547564968,-0.0006824629103459944,-0.00012330113997022826
MLP,600,98,0.3355386,0,1.0,False,0.002123208227162732,0.0032137458263511234,0.0030946206889108166,0.003168713862596695,0.0033583194968283964
MLP,600,98,0.1996666,0,0.0,True,-0.001565170381168738,-0.00011565858770584271,0.00018429644408691492,0.00035272741240582233,0.0005523201645369543
MLP,600,98,0.5122024,1,1.0,True,0.005107080297131155,0.006127633760505091,0.00639552157351576,0.005758271875713865,0.006050571031592626
MLP,600,98,0.25642747,0,0.0,True,-0.0015161338584109968,-0.0015898832815320926,-0.0004894054454437126,-0.00017277450222076047,0.0003223374764759477
MLP,600,98,0.3710214,0,1.0,False,0.002030788511570834,0.005429953958913776,0.00542145515332959,0.005401323646604824,0.005388790037015924
MLP,600,98,0.2659529,0,1.0,False,0.004487318259988668,0.0059253660450377926,0.0055930229165232995,0.004785838358312641,0.005184313996762113
MLP,600,98,0.22813267,0,0.0,True,0.0006601376989885917,0.0005883414143538462,0.0013228022245731004,0.0012086900778547857,0.0008099724475854281
MLP,600,98,0.27258033,0,1.0,False,0.004958136588384657,0.003478026230670912,0.004388623759195611,0.0038255751045888305,0.0034270151438457993
MLP,600,98,0.21703348,0,0.0,True,0.00380725439264728,0.0023007061338092736,0.0020704137089849308,0.001914030639724688,0.0020051341070147196
MLP,600,98,0.1586299,0,0.0,True,-0.0012020450938131264,3.613831873566587e-05,-0.0005667719862882084,-0.0003445474164051024,-0.0006332094103649186
MLP,600,98,0.52641404,1,1.0,True,0.00258053330971552,0.003000305918849489,0.003747953015009285,0.0038101902565222034,0.003919176073509462
MLP,600,98,0.17756587,0,0.0,True,0.002808372342115421,0.0016105396839710315,0.002164694468088917,0.0015910424167809402,0.0008570091749952778
MLP,600,98,0.3945904,0,1.0,False,0.003464303352996082,0.004617451060625919,0.004157834413776923,0.0045333728119584015,0.00451791790087344
MLP,600,98,0.34894058,0,0.0,True,0.0016133666930512897,-0.00037633353738200523,-0.00043332508461352016,0.0006983289581765785,4.2026931150364225e-05
MLP,600,98,0.2432852,0,1.0,False,0.004100050124291878,0.0032985449599047356,0.003924639708921767,0.003827027416766415,0.00354068429204626
MLP,600,98,0.2971951,0,1.0,False,0.0039769481918385165,0.0021066717777630593,0.0030605413398795676,0.0031992711119617494,0.0035259867927928948
MLP,600,98,0.15519845,0,1.0,False,0.004073311231573923,0.003628603691287035,0.0038742395666014843,0.004169008462284961,0.004372155639863854
MLP,600,98,0.4783575,0,1.0,False,0.004028241170224311,0.004318452143091031,0.004633339012706949,0.004328585989948404,0.0039056653051423224
MLP,600,98,0.2902872,0,1.0,False,0.0035473863959734394,0.004060278622395362,0.004253920717114585,0.004116754339978774,0.0040792073172717614
MLP,600,98,0.19613363,0,1.0,False,0.004813314621081927,0.004210652159851355,0.004873745709982462,0.0037071225278584854,0.004333862758493041
MLP,600,98,0.16151896,0,0.0,True,-0.0009451950219372164,-1.2907028091851833e-05,-1.541143508442737e-05,-0.0005104215604361049,-0.000998948174089583
MLP,600,98,0.3393582,0,1.0,False,0.0035140893660065217,0.0034333209931179296,0.0035940377713704254,0.003886625820235758,0.003686406760708786
MLP,600,98,0.3424365,0,0.0,True,0.001351089626292064,0.0008703932741476207,0.000901667725774931,0.0005759142355195225,0.0008247656388171121
MLP,600,98,0.22831652,0,0.0,True,-0.00040746745020346864,-0.00027941844912443385,0.00021279900558360856,-0.00023114682581564335,0.0004916084869096255
MLP,600,98,0.19431652,0,0.0,True,-0.00010241988953010792,0.0006297491383775122,0.0007668179422694079,0.0004732282199963557,0.0010485109815612003
MLP,600,98,0.32658228,0,1.0,False,0.005523477186483318,0.0054804814082181404,0.004384053729101834,0.0045787718084879525,0.004354452815673714
MLP,600,98,0.34638318,0,1.0,False,0.002170817711525333,0.003567932388118634,0.0037835147845524954,0.00358910882678945,0.003424345779420028
MLP,600,98,0.58661497,1,1.0,True,0.0016837541266514293,0.005458412176818055,0.0037173518780127947,0.0031941495840729426,0.0033297066629984946
MLP,600,98,0.18598044,0,0.0,True,5.544061698873953e-05,-0.0005348781353414022,0.0002840863199255112,-0.0007073006395393254,-0.0007595401891393769
MLP,600,98,0.49343738,0,1.0,False,0.0025826126742067093,0.003448391464448679,0.0029515863351952296,0.003907646946278619,0.0036505161773446337
MLP,600,98,0.23831782,0,0.0,True,0.0004837144133717886,-0.0003569248187483283,-0.00045204019892684425,-0.000635062240664836,-0.0005609823546250712
MLP,600,98,0.2839548,0,1.0,False,0.0039172001961431,0.0033692133819187655,0.0032253240502608544,0.004143336843077882,0.003647930091578212
MLP,600,98,0.21824665,0,0.0,True,0.0002196179775835792,0.00016969278496604693,0.0005544744616130552,0.0007488683401130459,0.0003679103702005234
MLP,600,98,0.23970722,0,0.0,True,0.00018916551629234162,0.0007713780324699273,0.001796789952602426,0.0006319014235768247,0.0008354104602184515
MLP,600,98,0.3049577,0,1.0,False,0.002781692783224137,0.0026898187528514314,0.00334828296682132,0.0026197526495568956,0.002974704150516981
MLP,600,98,0.13752012,0,0.0,True,-0.0004112520767525857,-0.0013309071102784603,-0.0006872391722395695,-0.0011461458835547937,-0.0012035233844844583
MLP,600,98,0.5400232,1,1.0,True,0.004279336951726357,0.002330785533567634,0.0028502042727965734,0.0026610584553452355,0.0027135595119156704
MLP,600,98,0.2158234,0,0.0,True,8.347263939363326e-05,0.0015928713139557818,0.0011296920596683138,0.0009302660928811021,0.000646567466419184
MLP,600,98,0.46529278,0,1.0,False,0.005737729702135266,0.004720179414863779,0.003270116043187748,0.00374071089928155,0.0032812946972930923
MLP,600,98,0.13551351,0,1.0,False,0.003237796769927838,0.0022435259830594543,0.003150271757901027,0.003372786025014868,0.003638306544329516
MLP,600,98,0.25468934,0,1.0,False,0.002622806601881054,0.00285028818489969,0.0031119639490698793,0.002266404165074834,0.0025226971130319787
MLP,600,98,0.39824897,0,1.0,False,0.00330334257439575,0.0029219808852096,0.002237010700296884,0.0030413461038145614,0.0030645896702916875
MLP,600,98,0.19071844,0,0.0,True,2.207295928867305e-05,0.0001668652670521309,-0.0009682901150694876,-0.00045074647811372843,-0.0005228544900220095
MLP,600,98,0.20055227,0,1.0,False,0.003427897669813778,0.003402906619392172,0.004253021234701547,0.004743341736904291,0.00516245776274308
MLP,600,98,0.23298743,0,1.0,False,0.0028652797837779072,0.004110073920641323,0.004019363042799984,0.003671681600376857,0.0034920075748753276
MLP,600,98,0.37668708,0,0.0,True,0.0011099167228788942,0.0007125506066017445,0.0013272121099202935,0.000570004389674218,0.0009425260755720559
MLP,600,98,0.24318472,0,1.0,False,0.00620930501053509,0.004446305898709616,0.004163028798963614,0.004172067394083544,0.0042336423248543345
MLP,600,98,0.3107341,0,1.0,False,0.0008508992642090433,0.002491351964694355,0.002457194877055314,0.002610807238484108,0.002920967918737352
MLP,600,98,0.15767866,0,0.0,True,-0.0026828017256849096,-0.002297998364824066,-0.0015724883086070843,-0.0012474447015976095,-0.0010670297416620522
MLP,600,98,0.23750098,0,1.0,False,0.005136469780669369,0.0053665574523955985,0.004697620656983786,0.0040825567592043584,0.003458437005831513
MLP,600,98,0.36956954,0,1.0,False,0.004457399032482297,0.003801005952490829,0.0036026264923870745,0.003051413181531422,0.002688764617140554
MLP,600,98,0.16316704,0,0.0,True,-0.0023378712286938243,-9.53291729244067e-05,-9.725811046964748e-05,-0.00016661206715894118,6.519643609490764e-05
MLP,600,98,0.31272483,0,1.0,False,0.00786418855582719,0.005261807599026065,0.00474314300315219,0.003613754858058984,0.0040227135755166515
MLP,600,98,0.10209917,0,1.0,False,0.0029892094449976408,0.004083190419504031,0.0037631222416711937,0.003006152942412892,0.0036532625280465635
MLP,600,98,0.5226644,1,1.0,True,0.0059371749985597955,0.0038480423909394044,0.002901810110185617,0.0034445040066928174,0.0032882979766187875
MLP,600,98,0.14617732,0,0.0,True,0.0010292451032898585,-0.0008663020349337883,-0.0012414231328895975,-0.000733847692420228,-0.0009315624808780763
MLP,600,98,0.13039999,0,0.0,True,-0.00035029358190145026,0.0001034531434287773,-0.0005346835837694984,-0.00035383953684372285,0.0003565487050389856
MLP,600,98,0.29908377,0,0.0,True,-0.0003293564284683749,1.2916765855526723e-05,-4.69501678150769e-06,0.00015664707102169308,-0.00022203426463619913
MLP,600,98,0.2858189,0,0.0,True,0.0005454974941580202,0.0008605936501917673,0.0010238561836594556,0.001037738681104077,-6.909628489557957e-05
MLP,600,98,0.15081374,0,1.0,False,0.006221446770836478,0.004455551912052389,0.004843886692006174,0.004647103999088235,0.0043115250690856375
MLP,600,98,0.5215081,1,1.0,True,0.0011624302874573005,0.004382557526004792,0.00469091930828921,0.004077447944174184,0.004546499121116361
MLP,600,98,0.30766612,0,0.0,True,-0.002474004532360281,-0.0013648837461480647,-0.0005304573342613159,-0.0003985525021609188,-0.00040202289254791
MLP,600,98,0.1598289,0,0.0,True,-0.002216391381150767,-0.0019425348343830552,-0.0005032738475207892,-0.0005274595656176778,-0.000161369454757077
MLP,600,98,0.19088933,0,1.0,False,0.002883677444389878,0.005350702056079074,0.005051386209426027,0.004481080088811568,0.004302784431832576
MLP,600,98,0.3546175,0,0.0,True,-0.002373693509367317,-0.0010724777392148897,-0.0004007490477814006,-0.001015639642903366,-0.0008818963063503477
MLP,600,98,0.2644779,0,1.0,False,0.0005827611934948551,0.0017111546831280132,0.00194021930432438,0.0022789241842427603,0.0023044261855399728
MLP,600,98,0.39543495,0,1.0,False,0.0032612268560035383,0.003455611487772417,0.0037879118233610366,0.0035572125010441724,0.0031686584452993343
MLP,600,98,0.19492501,0,0.0,True,-0.0018164284373892742,-0.0013556881887844085,-0.0007010391827954034,-0.0012967587227032645,-0.0010075004376940305
MLP,600,97,0.44745857,0,0.0,True,-0.001710059059530114,0.0008783834534065098,0.00019353968230318572,-3.780213250886431e-05,-0.00024385194958286962
MLP,600,97,0.3493081,0,1.0,False,0.004025790851861144,0.003252355469274148,0.003880680065770383,0.004106269287706327,0.003988793781932617
MLP,600,97,0.14425176,0,0.0,True,-0.0021104711328004152,-0.000505377331262061,-0.001463655786521331,-0.0011394877842620245,0.0001158437082713491
MLP,600,97,0.23922925,0,1.0,False,0.005263936446194102,0.00504838046111342,0.005172461306726166,0.005075029255844754,0.0044274267882216806
MLP,600,97,0.15970387,0,1.0,False,0.004995015607255217,0.004631396771229468,0.004010998853967156,0.003867879111592496,0.003720490102437848
MLP,600,97,0.4295111,0,1.0,False,0.005801145797108479,0.004243683617258887,0.003465800516156977,0.003537997359384668,0.0033265914765853027
MLP,600,97,0.17431642,0,0.0,True,-0.0019352322388940086,-0.0019146205715295686,-0.0013494995480974553,-0.0013096422463618554,-0.0013844113698874816
MLP,600,97,0.16832578,0,0.0,True,-0.001406604444745928,-0.0013576461617194472,7.377032479772121e-05,-0.0001645744182464405,-0.0005893309364895218
MLP,600,97,0.13274777,0,0.0,True,-0.0017262045003924662,-0.0002628786013283508,0.00045967162120780046,0.0008231108844293538,0.0006766521718292599
MLP,600,97,0.2602167,0,1.0,False,0.006692653293525929,0.0049771544307874865,0.004212061420138416,0.004092863608360942,0.0032230655728090855
MLP,600,97,0.2388199,0,1.0,False,0.0017237896503454729,0.004100920793177695,0.0035962398239487523,0.0030521705897408906,0.0026860069377549396
MLP,600,97,0.14216135,0,0.0,True,-0.001413169574211793,0.00020368962012817226,-0.0003875737720717878,-0.0008789159917205378,-0.0005447226318353314
MLP,600,97,0.18127672,0,0.0,True,-0.0007182414487477878,-0.0005628997927892228,-0.0017376223482903103,-0.0014271232014283104,-0.0001119994081089834
MLP,600,97,0.15827307,0,0.0,True,-0.0007270394755276895,-0.0003795518160300951,-0.0004124493416259863,-6.800515514728667e-05,8.195925761043706e-05
MLP,600,97,0.22954327,0,0.0,True,-0.000515516003786328,7.991703115153411e-05,0.0008213088610644826,0.0006126957481028965,0.0009699780184238983
MLP,600,97,0.16939126,0,0.0,True,0.001233147464071165,0.0015820505441173436,0.000489844791762684,0.0006083300371352945,0.0006842028459463131
MLP,600,97,0.17107457,0,0.0,True,-0.001135304658383835,-0.0009663871265356115,-0.0008900926984834052,-0.0004310595801503281,-0.0006109252736717737
MLP,600,97,0.20293424,0,0.0,True,-0.0005669421588001774,-0.0011106068775290818,-0.0011068540950891026,-0.0013997133292767267,-0.0008971230933654527
MLP,600,97,0.2866029,0,1.0,False,0.0043984158526869585,0.0020906775849865505,0.003593799119908624,0.003516925115394001,0.0036896943886433166
MLP,600,97,0.38288802,0,1.0,False,0.0051504777180365734,0.002851860020182288,0.0029705066885741004,0.002622574592384345,0.0018661114726587292
MLP,600,97,0.34131542,0,1.0,False,0.002925948938914312,0.0035882681551644806,0.003384120043400097,0.003452047829990751,0.003931781546781405
MLP,600,97,0.21389669,0,1.0,False,0.007137213250427995,0.006271467616033601,0.004898713393702673,0.0051589113588532175,0.0048783141015738656
MLP,600,97,0.15991789,0,1.0,False,0.0038111312819131683,0.0013439113616336403,0.001741682874645349,0.0023375847626419897,0.001751698555369819
MLP,600,97,0.5918871,1,1.0,True,-0.0004713667648140037,0.00015769490616471615,0.001580983591427948,0.0024214745108863357,0.002825726099234376
MLP,600,97,0.1374322,0,0.0,True,0.0011132681497286014,0.0020610102437346326,0.002648071239313792,0.0024062270349280756,0.0018071822758029847
MLP,600,97,0.30366892,0,1.0,False,0.003492513532560431,0.0035037214475590922,0.003461200225741629,0.003420536661634508,0.0034072315769758574
MLP,600,97,0.2577664,0,1.0,False,0.0018157245498971564,0.001201865832801777,0.002041838551367939,0.0022765316468796753,0.00268975440098824
MLP,600,97,0.14368093,0,0.0,True,0.0004799726047389285,0.0011906204483128474,0.001005164175240594,0.00017357566726554038,0.00039514535734821765
MLP,600,97,0.3117961,0,1.0,False,0.0055368662619619535,0.004171408435016788,0.004028108245753983,0.0032509335529936766,0.0024912581703200186
MLP,600,97,0.45971423,0,1.0,False,0.002437336307328901,0.003188468601297011,0.0037179052408317283,0.0038270123989362992,0.0040915458437925925
MLP,600,97,0.19199878,0,0.0,True,-0.0008301806918749043,-0.0010647484139420646,-0.0004784702983913284,-0.0004932717119917752,-0.0001873819280190969
MLP,600,97,0.18198024,0,0.0,True,-0.002693708924338284,-0.0021445695493280143,-0.0012266264057055334,-0.0016767333456729966,-0.0014039864179769244
MLP,600,97,0.23168783,0,0.0,True,7.151796717608301e-05,-0.0003211024439642208,-0.0003297367205747525,0.00022091079810019953,0.00023367498400053154
MLP,600,97,0.34790227,0,1.0,False,0.005791144803285916,0.004657473390626862,0.004519465818578851,0.004358718286020834,0.004336257854719003
MLP,600,97,0.45866308,0,1.0,False,0.00570362617358649,0.003923391476046428,0.0030727537066085834,0.0029673551405214075,0.0031920257477225118
MLP,600,97,0.34453225,0,1.0,False,-0.0015000209176205662,0.0013089261604828358,0.0025560089082725416,0.003441122826040361,0.004147499731175991
MLP,600,97,0.14488782,0,0.0,True,-0.0009134543535900598,-0.0009616403654674628,-0.00045427544751313237,-0.0005211243735946795,-0.00034708500776220246
MLP,600,97,0.19394377,0,0.0,True,0.0011274645387034663,0.001568436485957962,0.0004680096173520906,0.0005516707385146757,0.000541871020820945
MLP,600,97,0.307645,0,1.0,False,0.0044892823153385025,0.0035515669861318423,0.00376036951470836,0.00442732255855737,0.00444218467376593
MLP,600,97,0.25151598,0,1.0,False,0.0015628769106546365,0.002580643349223698,0.0028011997539792366,0.003064883120653267,0.0026916972757157925
MLP,600,97,0.29626107,0,1.0,False,0.004874274160256217,0.005114986031389142,0.005118251882069387,0.004465062956579682,0.0044491890658520964
MLP,600,97,0.29186293,0,1.0,False,0.00019388895438135083,0.0010522793577687377,0.0016028195212151844,0.002142513803275422,0.0025581360007247856
MLP,600,97,0.19533801,0,1.0,False,0.005468128593830582,0.004587192042229132,0.004226967707953688,0.004878164336774939,0.0050690284460150415
MLP,600,97,0.36438197,0,0.0,True,0.003112169759805118,0.001274039962338919,0.0008765094416715063,0.000520137668626628,0.0010823014801052443
MLP,600,97,0.32695988,0,1.0,False,0.002608134252670721,0.0033928687468814853,0.002828161821656062,0.003222920362992575,0.0028436900319090525
MLP,600,97,0.16252232,0,0.0,True,-0.0006233413304519315,0.00044829360481174783,0.0010441922864660258,0.0007294015021853497,0.0008553655655347015
MLP,600,97,0.28382254,0,0.0,True,-0.0030828396595519144,-0.0005345433745200057,0.0004943096828257411,0.0005830275699352186,-1.0712444801920694e-06
MLP,600,97,0.1232212,0,0.0,True,-0.001075558418876654,-0.00030223939961044976,-0.0007316494323668464,-0.0006052924783024469,-0.00047036827889163915
MLP,600,97,0.24877177,0,0.0,True,0.0002945075330782794,-0.0010086256575243644,0.00015928418727363387,0.0011613561140888626,0.0010793713882895125
MLP,600,97,0.23170748,0,0.0,True,0.0020024740412480915,-0.0006773841587508803,0.0006422868067192302,0.0002225344918730413,-1.8547739289802455e-05
MLP,600,97,0.58808565,1,1.0,True,0.0008261072976675966,0.002595597804480969,0.0034946114105315865,0.004019060660267046,0.004447165344975066
MLP,600,97,0.1309557,0,0.0,True,-0.000573238519703647,0.0002227136592071561,-4.466170514131821e-05,-0.0004101135763442794,0.00025788136581885585
MLP,600,97,0.22044097,0,1.0,False,0.004130946451308891,0.0038890780982805944,0.003305127575485651,0.0036027577836139405,0.003355184894594759
MLP,600,97,0.17873795,0,0.0,True,-0.0005218280308433289,-7.405418987044565e-05,-0.0001438940284438621,7.91464550955109e-05,0.0004868411754921142
MLP,600,97,0.47004324,0,0.0,True,0.002061286907871649,0.00047304909216678014,0.0016077542999540452,0.0009617933797468528,0.00043980959858141294
MLP,600,97,0.62071323,1,1.0,True,0.0040818614356142304,0.004154838081377113,0.003746816861058481,0.0038900154173477962,0.003952708576778079
MLP,600,97,0.27033678,0,1.0,False,0.004612541740224633,0.003522190378155292,0.003611547803328661,0.003207291981577443,0.003337201368932759
MLP,600,97,0.1874323,0,1.0,False,0.004946975137683546,0.0030077659204724772,0.0035157244201114574,0.003439729535986259,0.003046764314503228
MLP,600,97,0.50938296,1,1.0,True,0.005068686670865141,0.003917245086035828,0.0043747828857438,0.003908373974664413,0.004166540678011177
MLP,600,97,0.19454107,0,0.0,True,-0.0002351396064151611,-0.0004330919119121487,-9.248169276166892e-05,0.0002314657216738588,0.00015042519251621655
MLP,600,97,0.18826516,0,1.0,False,0.004250154719596237,0.003780409581800538,0.0027800087936070304,0.0037875180458245036,0.0036092636859055205
MLP,600,97,0.7635464,1,1.0,True,0.007117094998005381,0.006153926275090768,0.005532919214992538,0.005291151621058436,0.00552842891006713
MLP,600,97,0.32785675,0,0.0,True,-0.001352601861259126,-0.0005517595257291634,-0.00041285775151690766,-0.00034904526896671633,0.0004172708277951193
MLP,600,97,0.22228572,0,1.0,False,0.0018650348689469682,0.002562844873858819,0.0037912579069791065,0.004048372604727011,0.0038346340546384474
MLP,600,97,0.25176364,0,0.0,True,-0.0014357441420096769,-0.0005820335404058775,-0.00014866680639652417,7.389802247765357e-05,-0.0002032524704425614
MLP,600,97,0.42539504,0,1.0,False,0.00010615379276517538,0.0009393236584049273,0.001310777510106769,0.001342707802338081,0.001711631530126231
MLP,600,97,0.42342037,0,1.0,False,0.00016135259792914662,0.003965441035836473,0.0044890038602952735,0.0039413924642909175,0.0036839448858747357
MLP,600,97,0.45228425,0,0.0,True,0.0011073139794558699,0.0012056983610079278,0.0013655732967744344,0.00017565180938779022,9.485409578546472e-05
MLP,600,97,0.13150422,0,0.0,True,0.0008410754358293953,0.00014261525347100787,0.0007697383910122094,0.0013772368545165834,0.0012111564492579743
MLP,600,97,0.46487272,0,1.0,False,-0.0002535505138704414,0.0021742014083948034,0.002510557075264516,0.002456957553214695,0.002965121791883711
MLP,600,97,0.2472509,0,0.0,True,-0.0006134820739869384,-0.00018512043647558456,-0.0006925191257292011,-0.0008562575786122749,-0.0008678154519139277
MLP,600,97,0.2753755,0,0.0,True,0.00016312826835382512,0.0019062505299442876,0.001246259872310677,0.0003207422735629029,0.00018122794476244672
MLP,600,97,0.2847254,0,1.0,False,0.004263161660663057,0.0031162835902769624,0.0037276758789282884,0.002680016523840839,0.0030161974560857516
MLP,600,97,0.18187332,0,0.0,True,-0.0004473443599652957,0.0005157541951882444,0.0002820242422149048,-4.545336629447101e-05,-0.00034613297801866825
MLP,600,97,0.12951557,0,0.0,True,-0.0010130671695313283,0.0007739038143128417,0.00035464561230027895,0.0010848463622426415,0.0008439985603429594
MLP,600,97,0.18058561,0,0.0,True,0.0022203640646852275,0.000941241000659448,0.0008119665501861629,-0.0002733585087122497,-0.00038413838154288866
MLP,600,97,0.39097753,0,1.0,False,0.0022634261539079712,0.003985701424041133,0.0036897740191769437,0.0030996386395424386,0.002839815433023327
MLP,600,97,0.21224844,0,1.0,False,0.003148920256855099,0.0026669430157024057,0.003997628065751382,0.0035793212308176166,0.0037032201478524387
MLP,600,97,0.37198988,0,1.0,False,0.003872817578876515,0.003714531830691868,0.003659957932963452,0.003444459616241069,0.003242449631284856
MLP,600,97,0.46395135,0,1.0,False,-9.053388329407899e-05,0.0017223588063844625,0.002493736037777966,0.0021335686550359584,0.0022329317489687833
MLP,600,97,0.19574769,0,0.0,True,0.0008330449976100208,0.0008700543672920872,4.668593678576135e-05,0.00020054418272037416,0.0009050446949067986
MLP,600,97,0.12303363,0,1.0,False,0.0005425369036404473,0.0028377619180309415,0.0038880132830156665,0.0040263940175591225,0.003945684785583584
MLP,600,97,0.2641498,0,1.0,False,0.0004963085332159447,0.0013018971689891781,0.001841002628625881,0.003429609356464452,0.0030589118860514554
MLP,600,97,0.15153241,0,0.0,True,0.0014392092988263368,0.0015906717517786824,0.0011367560585538155,0.0004329578071988262,0.00039653558590512454
MLP,600,97,0.40533385,0,1.0,False,0.005340495931750289,0.005152620512862651,0.00347992923850957,0.003943532845694161,0.0029940152771183847
MLP,600,97,0.20352599,0,1.0,False,0.004153302079477581,0.005134225364202138,0.00531444892227348,0.005182446711004746,0.00513960448410051
MLP,600,97,0.26748833,0,0.0,True,0.0003579879574947856,0.0005195692961565253,0.0003619615527804461,0.0004448902809192065,0.0001498808946701073
MLP,600,97,0.5043924,1,1.0,True,0.0045504994185787025,0.003429263373081628,0.003790685889626551,0.0045659715401052455,0.004207071965473759
MLP,600,97,0.16878596,0,0.0,True,-0.0008494362532803107,-0.0012317078924973927,-0.0008324966674412813,-0.0005897862739902311,-0.0007869006487610821
MLP,600,97,0.20677061,0,1.0,False,0.004662138108099465,0.003588346118239781,0.0035625717426026222,0.003949962126397132,0.0048764105685301755
MLP,600,97,0.17886797,0,0.0,True,0.0011873690613924549,0.0019265249967509645,0.0015389673995683314,0.001178222598419764,0.00012883700542748816
MLP,600,97,0.38812882,0,1.0,False,0.003712040026006968,0.005514369844668533,0.005025042608623955,0.005320337764644727,0.005192306738743619
MLP,600,97,0.16456984,0,0.0,True,-0.0018710832251888467,-0.0005522658256916658,0.00024057297829266727,0.0003714528937790535,0.00020447902226552675
MLP,600,97,0.21637653,0,1.0,False,0.0024344467501056393,0.0029795932928716566,0.0036035766091736476,0.0038672981510385293,0.003609547621780621
MLP,600,97,0.12008671,0,0.0,True,0.0036478950744560095,9.749776588596643e-05,0.0006679325737612164,0.0010835913563934903,0.00014324854330847556
MLP,600,97,0.4823427,0,1.0,False,0.00277971066259652,0.002598246553690735,0.0028885672372182857,0.003280776908606713,0.003573403693098799
MLP,600,97,0.12769733,0,0.0,True,-0.0013462044336943555,-0.001397316143656993,-0.0016324062870879585,-0.0009615286666889176,-0.0007182277429471311
MLP,600,97,0.39071953,0,1.0,False,0.000804603049190889,0.0005742460841691907,0.0017556900586950693,0.001802764647603636,0.001398408744721158
MLP,600,97,0.15278606,0,0.0,True,-0.0004179596239439837,0.00010253997531733959,0.0009545047579156489,0.0012267946270080766,0.0014177133553907716
MLP,600,97,0.23200104,0,1.0,False,0.005687083670360149,0.0052602059380655805,0.00477869319633021,0.005144832026035557,0.004706647436935939
MLP,600,96,0.28865555,0,0.0,True,0.002064260509171699,0.0008434655887857635,8.886335755438052e-05,0.0006970071899278208,0.0012324625596946655
MLP,600,96,0.23916893,0,1.0,False,0.0031754154554831404,0.0019445373408432554,0.0029466472280740654,0.0038011618354095197,0.004209949487802502
MLP,600,96,0.25892335,0,1.0,False,0.005191595333517054,0.0050028596611238025,0.00482199176128784,0.004395889894688563,0.0043334569712571306
MLP,600,96,0.26453272,0,0.0,True,0.00034128335468776164,-0.00012050115808017279,0.0006059824890348475,0.00047639352099103143,0.0003952184277898278
MLP,600,96,0.11251806,0,0.0,True,-0.00015065624165653117,-0.0007104997137794978,0.00047531166015640433,0.0005352232580115252,0.00016271729361347896
MLP,600,96,0.15619385,0,0.0,True,-0.002176798675692158,-0.0007949297469462853,0.00021041280746778105,-0.0006218078542605099,-0.0003103459211238335
MLP,600,96,0.32368648,0,1.0,False,0.00016580452449810733,0.0007535871301606875,0.0027897328850519615,0.0042178710311282855,0.004215502761299036
MLP,600,96,0.4486187,0,1.0,False,0.003802775535489493,0.0037001929154141452,0.003918971080547763,0.003288365915301656,0.0029373312985102426
MLP,600,96,0.2834582,0,1.0,False,0.007096765651448716,0.0061336203268552245,0.005297226653860771,0.004083877850205007,0.0030600423204098616
MLP,600,96,0.18999709,0,0.0,True,0.00037501857430142393,9.134065390215935e-05,-0.0004568083381449675,-0.0006017877879013479,-0.00035639758392564844
MLP,600,96,0.14126393,0,1.0,False,0.0025391433996983935,0.004252950295912119,0.00540360831664902,0.00546455906358064,0.005111065054726614
MLP,600,96,0.33958334,0,1.0,False,0.0018112688572115305,0.0007297116959026118,0.0018888456960445212,0.002446415259186964,0.003382268633190908
MLP,600,96,0.4579613,0,1.0,False,0.004473969971839477,0.004895391863210761,0.0052208929920622,0.004493481366184976,0.004522347251731146
MLP,600,96,0.1337357,0,1.0,False,0.0005950480921883549,0.002985075348541004,0.002634765396573525,0.0026833524622955486,0.00192493264525888
MLP,600,96,0.21478488,0,1.0,False,0.004754481971659705,0.0022468580227235036,0.00307946434065921,0.002706846100548135,0.0036955353328242536
MLP,600,96,0.21967176,0,1.0,False,0.0036165866521223485,0.0049898902995466655,0.005044259664644323,0.004683091899655117,0.004895252294923899
MLP,600,96,0.2167216,0,1.0,False,0.00309306038789459,0.0024607691562907397,0.0015728151324274561,0.0011050236109933444,0.0012976967588833755
MLP,600,96,0.13042895,0,1.0,False,0.004945330650740163,0.005250452589280635,0.004355636957642021,0.004196761910047332,0.003837063470834433
MLP,600,96,0.3409748,0,0.0,True,-0.0010017423144624003,0.0002897514236443636,0.0002826439949948204,0.0005274582837021925,5.493341130016192e-05
MLP,600,96,0.21861129,0,0.0,True,-0.0014415309788924368,-0.000782501649028396,-0.0007206925377711319,-0.0007945385624855884,-0.0005040807697926087
MLP,600,96,0.27722543,0,1.0,False,0.007729437839467699,0.00504585256460071,0.004106161752338261,0.00426206760692592,0.004227644262733658
MLP,600,96,0.38641095,0,0.0,True,0.0034936696254634753,0.002903451144977513,0.0024552656980350836,0.0023475809098136083,0.0014483750369678658
MLP,600,96,0.26886928,0,1.0,False,0.00213793984181872,0.004267214466189573,0.004304157703310018,0.0040552140044471585,0.004173834166149129
MLP,600,96,0.26019725,0,0.0,True,-0.0013745316284359407,-0.00016987922906177064,0.00038274815243389236,-0.00023571025800481703,-0.00010609335103755158
MLP,600,96,0.37475422,0,1.0,False,0.004224906528122191,0.004941541333516354,0.0035654131636828927,0.003468883816355683,0.00300195822157775
MLP,600,96,0.26109594,0,0.0,True,-0.0008692527036155492,0.0008454666643390915,0.0007588614096115245,0.0007311324221408571,0.0004388845227644714
MLP,600,96,0.31311926,0,0.0,True,0.0008621117265142443,0.0007735981820249563,0.0005605021193657846,-7.09042976580095e-07,0.00021042266447878445
MLP,600,96,0.13915028,0,1.0,False,0.006605374296160461,0.004931741088769338,0.003955754944525615,0.0030236902114177478,0.0025002534971870294
MLP,600,96,0.1538376,0,0.0,True,0.00425117108386447,0.003001605165528323,0.0020174846720188953,0.0017388493929234863,0.0010046947308397745
MLP,600,96,0.17990959,0,0.0,True,0.002081190810224989,0.0018347245771966544,0.0014467274272444014,0.0009407128148796066,0.0003679165635144816
MLP,600,96,0.26636076,0,0.0,True,-0.0033667735096081877,-0.0010888874288011408,-0.0006410907690523185,-0.00024274995990029155,0.00011717412281788726
MLP,600,96,0.20223275,0,0.0,True,-0.0017468674873034403,0.00023443889876751422,0.0005634937015287857,0.00047481348553991387,0.0005367620505513643
MLP,600,96,0.2589028,0,1.0,False,-0.0007922422507288489,0.0009755371562797413,0.0015180926860513602,0.002857386840762801,0.0028225051374487966
MLP,600,96,0.25565386,0,1.0,False,0.0026643623531717718,0.002374294723304978,0.0027452309371820568,0.0017799969059654496,0.001815804477828482
MLP,600,96,0.23863491,0,0.0,True,0.0002557375826696885,-0.002434136095272733,-0.0018007363315628785,-0.0009598549383904999,-0.0010656436194482484
MLP,600,96,0.1364192,0,0.0,True,-0.0025427039994692824,0.00029285009429059003,0.00014540241357802373,-0.0005267434408562665,-0.0002899136868595954
MLP,600,96,0.18219352,0,1.0,False,0.00228634469205702,0.0036697362166981714,0.003724880055093875,0.00411810401495156,0.004449729757873588
MLP,600,96,0.5511032,1,0.0,False,-0.004247141993298106,-0.0014993348029213101,-0.0018165080805831438,-0.0021058264257894518,-0.0018415562278204854
MLP,600,96,0.30931345,0,0.0,True,0.0010571150769951001,0.0014840596799751606,0.0011740700743137736,0.0012842880189575005,0.0007300696941585926
MLP,600,96,0.25830543,0,1.0,False,0.006534193567439754,0.004996635058436398,0.004999064130965131,0.004490648768939847,0.005026380650229658
MLP,600,96,0.37394378,0,1.0,False,0.0036359290784381848,0.003151433068541668,0.003319995294272117,0.0035257679765245717,0.0036295489666795583
MLP,600,96,0.13019492,0,0.0,True,-0.0002871662654869583,-0.00025408094163382577,-0.00048101460916792106,0.000138700991057168,-0.0003833302021811717
MLP,600,96,0.137455,0,0.0,True,-0.000523514619100893,-0.0002232162074229425,-4.502025315376138e-05,-0.00032119192644960575,-0.00029855957524777145
MLP,600,96,0.16116057,0,0.0,True,0.0001702946790647219,0.0003988414705916315,0.0003044099103576758,0.00037996317903028656,0.0006343150663198429
MLP,600,96,0.14680167,0,1.0,False,0.004851692989714792,0.0033799134700302305,0.002908886049874811,0.0031888384423428757,0.0030007719158911157
MLP,600,96,0.42044738,0,1.0,False,0.0025418801429419402,0.003596353129443661,0.003524897080435276,0.004465910119493285,0.004671174102568363
MLP,600,96,0.17359295,0,0.0,True,-0.0004574041539956278,-0.0009981195306712344,-0.0012481191096034812,-0.0006667774041437118,-0.0005800689997846979
MLP,600,96,0.123218656,0,0.0,True,-0.001857000770746429,-0.0007419805413899886,8.528901538445532e-05,-8.058106941052989e-05,-0.00024057210209391515
MLP,600,96,0.2766744,0,1.0,False,0.0009862760479170097,0.004186477082316234,0.004887560422709745,0.0042743747743893236,0.003677247077561557
MLP,600,96,0.21694809,0,1.0,False,0.005898362818619502,0.005680479680564949,0.004726482131484168,0.004860150215286931,0.004788013040549687
MLP,600,96,0.32698363,0,0.0,True,0.0008309566852403602,0.00023023767247465287,0.000570457765412309,0.0004691408094914352,0.0008193327871389227
MLP,600,96,0.31124264,0,1.0,False,0.0008569291739935227,0.003057575749060878,0.004018866802140535,0.0043360281627849405,0.004331561871076304
MLP,600,96,0.15661852,0,0.0,True,0.002337212646532932,0.002634342029451497,0.002807477387118596,0.0018646816697681203,0.0017844424191762846
MLP,600,96,0.503513,1,1.0,True,0.003187368826516582,0.0023126101092742174,0.002599801980981643,0.0028424498404223436,0.0031400558918976643
MLP,600,96,0.21763782,0,0.0,True,0.00033464186858173567,0.0010115669833315772,0.0008182454059544246,0.0002852286947900573,1.7420971233637723e-05
MLP,600,96,0.16159052,0,1.0,False,0.004451304360220583,0.004491160272097947,0.0041409116588894904,0.004410729360891494,0.004355504772018237
MLP,600,96,0.23873852,0,0.0,True,0.0019458803809282415,0.0008503346068962048,-0.00045158205832862916,-0.00013048170009393625,6.247943197964865e-05
MLP,600,96,0.23628037,0,0.0,True,-0.0012206991768388047,-0.0018538892178925307,7.804263006218601e-05,2.3358667862546722e-05,0.00013451313271955256
MLP,600,96,0.28037485,0,1.0,False,0.005251223499453563,0.003977255284895064,0.003704853106693778,0.004079185928523193,0.004133705899212892
MLP,600,96,0.17097554,0,1.0,False,0.007589898875458382,0.006409715945361848,0.006047193364193147,0.005922574615958629,0.005214293564653514
MLP,600,96,0.26118845,0,1.0,False,0.005026960386269337,0.004758421790500967,0.004179128776220326,0.004298057134078978,0.0042425626608266365
MLP,600,96,0.4031257,0,1.0,False,0.004394062594433725,0.003465028518214181,0.003729080636250415,0.0035714305752043594,0.003553829396868598
MLP,600,96,0.49474993,0,1.0,False,0.0038592897546119477,0.004664410394862222,0.003594270775842242,0.004465601794551374,0.004369967132483955
MLP,600,96,0.29007626,0,1.0,False,0.0022790552341968875,0.0017964018935051965,0.0031004829364005507,0.0028846885837102414,0.0029301617664527664
MLP,600,96,0.17220394,0,0.0,True,0.0011016998297773395,0.001124917380650571,0.0011741794567139228,0.00044480754441752845,0.0007938775327237509
MLP,600,96,0.22773127,0,0.0,True,0.002357890260072143,0.0011957504505750937,0.000609766258569149,0.00047690157818771717,0.0002520293373401777
MLP,600,96,0.31614402,0,1.0,False,0.001346672848816279,0.0019855111528195722,0.002212921979242411,0.0022663746260212798,0.002495795326877828
MLP,600,96,0.38715813,0,1.0,False,-0.00030193266959888023,0.0002965701926991085,0.00021043431659965533,0.0013947229285309571,0.0012593528383968973
MLP,600,96,0.12284861,0,0.0,True,0.001997354996423018,0.0014448616836587446,0.0015566026985144087,0.0005839361033252078,0.00021173208740508253
MLP,600,96,0.36918205,0,1.0,False,0.0019727016719574587,0.004246927389712359,0.004644675395551011,0.0036785603037031924,0.0035503451859436705
MLP,600,96,0.27936006,0,1.0,False,0.0012733158932286483,0.0029261545236771986,0.003007211521023458,0.002658731419853833,0.0037534883220203923
MLP,600,96,0.29481655,0,1.0,False,0.0016693976380678965,0.002475601750678723,0.003710487290338225,0.0036778035071778075,0.003563358354016419
MLP,600,96,0.16737731,0,1.0,False,0.004222896283341116,0.006523827665799731,0.004555019463881222,0.0040827813093092325,0.0035692216806594667
MLP,600,96,0.14103958,0,0.0,True,0.00207008421407695,0.00219977381536344,0.002494918096643929,0.0014681102221477747,0.0013786641180396641
MLP,600,96,0.18670592,0,0.0,True,0.0001067755052619173,-0.0011711716028771893,-0.0009908507702888064,-0.00025924223127766555,-0.00036567544077548185
MLP,600,96,0.18176015,0,0.0,True,-0.001370732064658919,-0.00038604323422492437,0.0005334216483118892,0.0009621199845398419,0.00037928107175036
MLP,600,96,0.20085387,0,0.0,True,0.0016791249577160594,0.0015102832284236815,0.001345058538709002,0.001265556710422195,0.0009311896595844865
MLP,600,96,0.16945076,0,1.0,False,0.00287509228731027,0.003384807140091673,0.0036940950680957193,0.004287093679734686,0.004178238559731291
MLP,600,96,0.39383465,0,1.0,False,0.006104516430943941,0.004720055082532493,0.004102516479662437,0.004023688277151602,0.0034718120992111396
MLP,600,96,0.24148087,0,0.0,True,-0.002237065825473244,-0.00018920141326800134,-0.00034139065220353544,-4.6727963159556026e-05,-0.0011684109154162107
MLP,600,96,0.23320776,0,1.0,False,0.0057808429602671935,0.0026334301002554753,0.0028846755751538835,0.0033533572833673196,0.0030074537751331822
MLP,600,96,0.19556332,0,1.0,False,0.0037783736380223865,0.0032663508168978357,0.003353625294988703,0.003778113308797993,0.0032170791965035242
MLP,600,96,0.13847859,0,0.0,True,-0.001619506369328086,-0.002058038045821781,-0.0018172628102866896,-0.001023792186134098,-0.0007906841242844923
MLP,600,96,0.17982027,0,0.0,True,-0.0006351738200112292,3.2627904468928957e-05,-0.0010506670680669066,-0.001182230427618446,-0.0012717764014291784
MLP,600,96,0.26037467,0,0.0,True,-0.000573496305009417,-0.0002759138644905632,-5.770806877933474e-05,6.552796283775836e-05,-0.0003840874999305114
MLP,600,96,0.32462293,0,0.0,True,0.005249721991122504,0.0013527697670127276,0.00052613758455502,0.0012197598243246573,0.0009804023590089333
MLP,600,96,0.3090795,0,1.0,False,0.004624118023122156,0.0028262726480198764,0.002467220368584685,0.0028212598756695724,0.0032193282474667793
MLP,600,96,0.19360541,0,0.0,True,2.3892330701417962e-05,0.0015333400110403121,0.0008825319454061033,8.834076289468736e-05,3.318551314106255e-05
MLP,600,96,0.85882753,1,1.0,True,0.0023483367361309443,0.0024588989447145706,0.0030787525281660345,0.002919079106569271,0.0030161632173064377
MLP,600,96,0.43335918,0,1.0,False,0.005772546465390339,0.0049725472957558945,0.003794001378543674,0.0030504609027497843,0.0031004074573877474
MLP,600,96,0.22177395,0,1.0,False,0.00366129057620166,0.005410366064248187,0.0044997760927650106,0.004194775207164,0.0038800795157428
MLP,600,96,0.2537193,0,0.0,True,0.00048736517560219394,-0.00016659888500436385,0.000477156313297446,0.0005877889794358738,0.0002993562011951641
MLP,600,96,0.20246188,0,0.0,True,0.0006228001275553939,0.0004532960451075617,-0.0003072803185475697,-3.559195372174923e-05,-2.1975928135369174e-05
MLP,600,96,0.15474764,0,0.0,True,-0.0005353842590460004,-0.0003268785657349067,-0.0004039249023757472,-0.000234840285355815,-0.0002616815211937027
MLP,600,96,0.16283454,0,0.0,True,0.0013021261161307973,1.3878728115705732e-05,-0.00056116545481748,6.412669339043634e-05,2.1192692377357633e-05
MLP,600,96,0.22092828,0,0.0,True,-0.00043532103410277677,-0.0006027759234753257,-0.00010913922010242428,-3.347281203591471e-05,0.00046976750270911983
MLP,600,96,0.3606954,0,1.0,False,0.0043633315073099204,0.0015684958202473991,0.002205979786291052,0.0026448732381533593,0.0024997604355211913
MLP,600,96,0.26439756,0,0.0,True,-0.0012933987924321681,-0.00021686021541469637,-5.450145501056773e-05,0.0005149853072304906,0.00019078695410496802
MLP,600,96,0.2661037,0,1.0,False,0.0031061024088770133,0.002337624717142381,0.0038029266558000643,0.003245648755037026,0.0028334399387706837
MLP,600,96,0.224362,0,0.0,True,0.0013154690335565045,0.0006006607850948801,0.0006614090611419683,-0.00017819621620209785,-6.0853114271378575e-05
MLP,600,95,0.24186423,0,0.0,True,-0.0011297522847113952,-0.0017182700323839903,-0.0015385374821132959,-0.0014659045847836864,-0.0015053747831574769
MLP,600,95,0.10292482,0,0.0,True,0.003266219294103705,0.0014895443153439603,9.079660888957701e-05,0.00039168516356354293,0.0006139742816369696
MLP,600,95,0.24889353,0,1.0,False,0.0014220519665899141,0.0025008014659678893,0.0024033341232161964,0.0022508840916036074,0.001903166856777903
MLP,600,95,0.32400596,0,0.0,True,-0.0033749393972146427,-0.0007909075722091388,-3.80948025027399e-05,0.0003514981592434079,2.4115567390835703e-05
MLP,600,95,0.43424618,0,1.0,False,0.004356544096202202,0.0028648194883558443,0.002119394360778648,0.002805523533203944,0.003223276124468055
MLP,600,95,0.2741014,0,0.0,True,0.0041452543002013795,0.001636865853303036,0.0016939915865459725,0.0013188439148503408,0.0015706420530045481
MLP,600,95,0.16203007,0,0.0,True,0.004835837321821206,0.0026287930319650265,0.0019082107228014023,0.001126915263836739,0.0012283612378064465
MLP,600,95,0.14902422,0,1.0,False,0.003088223226299861,0.004087793238331099,0.005297167855697428,0.005259331176852313,0.004867598562023214
MLP,600,95,0.2490788,0,1.0,False,0.005391630117938694,0.004747528554442863,0.0036115675616494236,0.0033191057607509494,0.002587027315285561
MLP,600,95,0.13902579,0,0.0,True,0.0018590371319676237,0.00037629208121861644,0.0006449854836756893,0.00018836495453481464,-0.00030257747451150057
MLP,600,95,0.2685485,0,1.0,False,0.003329541453289008,0.003630481837135161,0.0034505379224160264,0.0033061064182091193,0.003554389928301693
MLP,600,95,0.21936883,0,1.0,False,0.001098092316271319,0.0016976279202851143,0.0014527699961037997,0.0021549684305111044,0.0025755522751473954
MLP,600,95,0.25574777,0,1.0,False,0.004413447862419263,0.003489500354238395,0.0031936442112847304,0.0035963724203544375,0.0035914987941922092
MLP,600,95,0.229954,0,0.0,True,0.0005380804580768792,-0.00022157665999417416,0.00021784987909161094,-0.00031918071068775405,-0.00010821770228093863
MLP,600,95,0.10794492,0,0.0,True,0.0010898322707793909,-0.0004463976004007409,-0.0009577389776648383,-0.0013913597482815149,-0.0009232143663697383
MLP,600,95,0.34737992,0,1.0,False,0.0024291867185308584,0.004065845705823587,0.003940018163112205,0.003796345961796883,0.003743638948489922
MLP,600,95,0.22158085,0,0.0,True,-0.0005843068697463651,-0.0006683370157638346,-0.00045150355139411414,0.0002552316591995639,-6.141662698253198e-05
MLP,600,95,0.15213086,0,0.0,True,-0.0001398484327055267,0.0007261063275168596,-4.161218158174366e-05,0.00013174636894392876,-0.00040502974736593184
MLP,600,95,0.24307366,0,1.0,False,0.004802630083818874,0.003517485242843127,0.003472924199201352,0.00286769059182159,0.0023922821852184043
MLP,600,95,0.14871879,0,0.0,True,-0.00018112580895687878,-0.0007101436253996953,-0.00021470052520374227,0.0008519779303202188,0.001249652690049815
MLP,600,95,0.26095545,0,1.0,False,0.005828848669588326,0.003124463687550003,0.0038082686565077285,0.004330840511617916,0.0044497852211017475
MLP,600,95,0.24693465,0,0.0,True,-0.00031141230529757477,-0.00022796925881147465,-0.000889538668995853,-0.0003788798648867535,-0.000392565052420041
MLP,600,95,0.22380693,0,0.0,True,0.002389299577254918,-0.00016804926645905472,-0.0002973635045182127,-0.00042355173472139916,-0.0004046395283268687
MLP,600,95,0.1534362,0,0.0,True,0.0004393199735340481,0.0003701564366370334,0.00045883675721162837,0.0010989543315419027,0.0006254114457340536
MLP,600,95,0.36797175,0,1.0,False,0.0018411625668753318,0.0013247083705568035,0.002650592787565148,0.003004708815546735,0.003062191389053895
MLP,600,95,0.22957814,0,1.0,False,0.0003372274892614664,0.0025207563324086612,0.002660192480594566,0.0028540406585682698,0.002949118476727036
MLP,600,95,0.39980906,0,1.0,False,0.005166311518381444,0.0047697322946263394,0.004758582246756085,0.004919399841759018,0.004669359814425744
MLP,600,95,0.1606554,0,0.0,True,0.002516590695096581,0.001173322164392331,8.430875201226468e-05,2.8332218191689433e-05,0.0005129424002471273
MLP,600,95,0.17818356,0,1.0,False,0.0036357149853494326,0.0034775986488034933,0.0029884041962775863,0.004158984180952997,0.004244205336956014
MLP,600,95,0.38407204,0,1.0,False,0.00342562183004117,0.0020469371087318594,0.0033510833292031,0.0021576264046586214,0.0028214552044553256
MLP,600,95,0.11178827,0,0.0,True,0.0020478516053085163,0.0016708370911126733,0.0006298685276287886,0.0009846478784199797,0.0010340490522639622
MLP,600,95,0.21841994,0,1.0,False,0.006317905649356763,0.005908269305812914,0.00470457059442989,0.004975228769196106,0.003876661984339394
MLP,600,95,0.38415146,0,0.0,True,-0.00032861930214000853,0.0007822807885011352,0.00032310695798864336,0.00028295013641463514,0.00016959587095424308
MLP,600,95,0.25838822,0,0.0,True,-0.0006688949371208228,0.0002021335911681846,-0.0009004650401875912,-0.0004516852494485822,-0.0007594686545061028
MLP,600,95,0.43888208,0,1.0,False,0.002420672855567411,0.0030436878790249503,0.0015811345495653141,0.0026819199484585995,0.0028441120314857656
MLP,600,95,0.112674,0,0.0,True,0.00026366870273482855,0.0010686541911825217,0.0009089232092275256,0.0008139490739978149,0.00028030485049003614
MLP,600,95,0.17120843,0,1.0,False,0.005742693071065473,0.0038371905634409487,0.0037567866666735113,0.004128113825774827,0.0037139199439155195
MLP,600,95,0.2331951,0,1.0,False,0.004292774382025562,0.0026675016845327925,0.001628448032676702,0.0016846438348887079,0.0021365143299719386
MLP,600,95,0.15848365,0,0.0,True,-0.00023081619097932424,0.0011584791481011505,0.00045799643416050313,4.177155331569192e-06,0.00017923766689072608
MLP,600,95,0.21619579,0,0.0,True,0.0010822823031879773,0.0011137764408091387,0.0018922415442891596,0.001957952460105147,0.0012778249128156864
MLP,600,95,0.3135607,0,0.0,True,-0.00041966012480483696,5.319567151679887e-05,-0.0005025823363301856,4.3002058048631304e-05,-7.481957568735571e-05
MLP,600,95,0.37815356,0,0.0,True,0.0016302962278155187,0.0008240971815581777,-3.734938863426388e-05,0.0003666283180555538,0.0005581977933117517
MLP,600,95,0.12440507,0,0.0,True,-0.0010532188981515088,-0.001012431440931425,-8.702566039748736e-05,0.00012957390647809507,0.0003726164277680514
MLP,600,95,0.19444531,0,1.0,False,0.0029212268942191187,0.0030378192832143996,0.002651047781778968,0.0032227178340021845,0.003351856562227615
MLP,600,95,0.16731042,0,1.0,False,0.0055249984939017786,0.004117842480398931,0.004005173653413862,0.004813794169249757,0.00410648546194404
MLP,600,95,0.44328743,0,1.0,False,0.004674726839380716,0.0038794859142408855,0.0041196759737307685,0.0041636788806029825,0.0038654974267110028
MLP,600,95,0.14895405,0,0.0,True,-0.0008936825512747606,-0.0021338613526758156,-0.0013358957609995944,-0.0013636223041739177,-0.0012209908319523004
MLP,600,95,0.367249,0,1.0,False,0.005475453493272076,0.0053880999195422925,0.00582085314419597,0.005310650568910449,0.005539557036784662
MLP,600,95,0.27802244,0,1.0,False,0.0032044937364142188,0.004217861898357959,0.004699817815547772,0.004283478103156329,0.004470167283460396
MLP,600,95,0.4632655,0,1.0,False,0.0002834986214163347,0.0007376541158243017,0.0006017861216353513,0.0010333350679280142,0.0016637886388743226
MLP,600,95,0.22446445,0,0.0,True,0.0012742530164057057,-8.361405543532461e-05,0.0006298198751849472,0.0007224064189965224,0.0007101623848481344
MLP,600,95,0.13634743,0,0.0,True,-0.0006232343964732985,0.0016681683762158166,0.0013678461219649163,0.0009571102622322642,0.0009294652427519582
MLP,600,95,0.12937695,0,0.0,True,0.0015025004632167613,0.001634641384723995,0.0011222589633678843,0.00112831341068004,0.0009201584338806216
MLP,600,95,0.40917492,0,1.0,False,0.002544964273868249,0.004635503650603972,0.0038884531979906235,0.003458781001245499,0.0035166327303966147
MLP,600,95,0.18966098,0,0.0,True,0.0006287564613755881,0.00018928576572953997,-9.855069228631494e-05,0.00034720802674133636,0.0008240525207691606
MLP,600,95,0.13285466,0,1.0,False,0.005051859330374059,0.005601741435899299,0.00535187173988955,0.004686396731969865,0.003782152843005613
MLP,600,95,0.2442644,0,1.0,False,0.003354776309695462,0.004170695064587859,0.0033231828103509843,0.003269729908491774,0.003200727377151728
MLP,600,95,0.19972971,0,1.0,False,0.002876279219774671,0.0016951579585959453,0.001771749998780704,0.0024649353587963925,0.002230188601262408
MLP,600,95,0.17578317,0,0.0,True,-0.0018038820841730153,-0.00042362194447450647,0.00015409398553486333,-7.142724751586729e-05,-0.0004504105874380118
MLP,600,95,0.17665923,0,0.0,True,0.001154829499372928,0.0004650922865147369,0.0005043390722476772,-0.0001758994704366517,-4.090477218071534e-05
MLP,600,95,0.42225447,0,1.0,False,0.00020028064091629703,0.0019882100853349507,0.0022053695359105898,0.002123988425919512,0.001919443207963004
MLP,600,95,0.53594404,1,1.0,True,0.005062152026785959,0.002457188704556802,0.003584179731955042,0.004090174888470043,0.003858578098514994
MLP,600,95,0.5279426,1,1.0,True,0.004942836571994731,0.0036908415261229285,0.0037302448749429707,0.0032576822227376465,0.003934015626563571
MLP,600,95,0.18933006,0,1.0,False,0.0033496938076298163,0.0032659848287306054,0.003128334633935966,0.0035375803945269565,0.003182849452437771
MLP,600,95,0.27439594,0,0.0,True,0.0011289575601466399,0.001049295916654617,0.0005067587779044904,0.00037751399126999664,0.0003759730104258575
MLP,600,95,0.14652568,0,0.0,True,0.00046126199088168505,0.0008933000610157145,0.0003506584829334014,0.0010525617622605605,0.0008996503523978702
MLP,600,95,0.14087501,0,0.0,True,-0.0006065753890811024,-1.1148664781284797e-05,6.872425966840592e-05,-0.0003459175592452494,-0.0004567690082133688
MLP,600,95,0.5725663,1,1.0,True,0.0037969050682128335,0.00289214980508363,0.002444973138162554,0.002909672394797813,0.0032602269183555897
MLP,600,95,0.10844877,0,0.0,True,0.00037275174489988125,0.0009160587588180701,0.0013952583274153703,0.001090514623892417,0.0012818239692492933
MLP,600,95,0.10232554,0,0.0,True,0.0014937432699789525,0.00012501178002953547,0.0005562612990608534,0.0006217853768347779,0.0007953766869902947
MLP,600,95,0.17283931,0,0.0,True,0.0011234724658738568,0.00024717401421157665,4.391273006658385e-05,-0.00037169008854762115,-0.0006316489973748731
MLP,600,95,0.36852202,0,1.0,False,0.005096230340202452,0.0051283947617042575,0.003884050690292826,0.0036920740652411,0.0033188742390474766
MLP,600,95,0.45250988,0,1.0,False,0.003477664152303409,0.002826276597727451,0.001926673683918797,0.0016874452588129855,0.0015465138222694728
MLP,600,95,0.5999611,1,1.0,True,0.006192668723820075,0.0051451085971627114,0.004194622261574827,0.00411079637862916,0.004045106868189367
MLP,600,95,0.22358088,0,0.0,True,-0.0008275649690417897,0.0002300349970062499,-0.00012837184849921626,-0.00026469346812098434,-0.00021261601447026486
MLP,600,95,0.13779746,0,0.0,True,0.0023037861384347887,0.002495078744896918,0.0020382275794325,0.0018730469441486763,0.001498582173566708
MLP,600,95,0.50190383,1,1.0,True,0.0025249334583930094,0.0022089624783270772,0.0014375931325411226,0.0023781871107271062,0.002506594191678808
MLP,600,95,0.4061158,0,1.0,False,0.003953486532213989,0.004149189951359387,0.00455510351370649,0.0046208290301173295,0.004382682675649479
MLP,600,95,0.35626826,0,1.0,False,0.006160299499191238,0.004229394630186056,0.0034159802839865065,0.0031496009041089785,0.0033794108387184916
MLP,600,95,0.24448133,0,0.0,True,-0.0002477435517096139,-0.0020942866963717327,-0.0005826860796811094,-0.00015782578333924517,-0.0003871353470222175
MLP,600,95,0.23463252,0,0.0,True,0.0008103413720657244,0.0014653312233854764,0.001608761191309283,0.0011289700707789222,0.0009750072455142154
MLP,600,95,0.20785113,0,0.0,True,-0.0016701745882339806,-0.0005994327280037687,-0.00022734644916028504,-0.00025029501747282873,-0.00022955475282929638
MLP,600,95,0.30226052,0,1.0,False,0.003413064022989538,0.0030371395551421912,0.003892625529638896,0.003259916461855354,0.0032168607673403113
MLP,600,95,0.28135568,0,0.0,True,0.0036550062886657733,0.002925702776659103,0.0027358365617306596,0.002019837919820867,0.0013177768190908313
MLP,600,95,0.19962329,0,1.0,False,0.0025873245773454677,0.0019044238237769056,0.002846163146524792,0.0032688170853793865,0.003024761836354246
MLP,600,95,0.17027628,0,0.0,True,-0.0012853913830205492,-0.0013116003710436687,-0.00110003470001521,-0.000993199573686011,-0.000758541826721612
MLP,600,95,0.21925421,0,0.0,True,-0.0004760550250302973,-5.30967956907956e-05,-0.0007518475890356955,-0.0006223981087880715,-0.00048115796601062405
MLP,600,95,0.19058219,0,1.0,False,0.004608259958831457,0.005149913777589644,0.004932482631152412,0.0050572757650931095,0.004488337596637464
MLP,600,95,0.2611613,0,0.0,True,0.0004160965149775271,-0.0016554054590608867,-0.0013298058880740903,-0.0011923772934137866,-0.000858933625682801
MLP,600,95,0.15583394,0,0.0,True,-0.002506731664691207,-0.0023695041361315667,-0.0015891837191458502,-0.0019200007038674015,-0.0010306500741343047
MLP,600,95,0.17234565,0,1.0,False,0.0034337679792687606,0.004987181078515232,0.004466173648810567,0.0039237592142113845,0.0037767660502586848
MLP,600,95,0.14146326,0,0.0,True,0.00040614237160316763,-0.0006099724913913366,-4.656609454835878e-05,-0.0005245221455111844,5.5727979181613684e-05
MLP,600,95,0.18949416,0,1.0,False,0.00490862509501237,0.003932789182867602,0.003820885748500715,0.004090547264863004,0.0035627878453546036
MLP,600,95,0.21140993,0,1.0,False,0.0049395939990917225,0.00297746939392229,0.0032699176354927537,0.0032153091708043186,0.003094222623870871
MLP,600,95,0.13152118,0,1.0,False,0.001655718287117748,0.0010361692114828785,0.0015343259380220073,0.0015112454707549518,0.0017436039059210854
MLP,600,95,0.13310684,0,0.0,True,-0.0013453307822804664,-0.0004299286267114024,1.844300821412684e-05,0.00017905018862581775,0.00037169734326512855
MLP,600,95,0.15266001,0,0.0,True,0.0038619329592719364,0.0037899731442029455,0.0018505511463111936,0.0020375814839420033,0.0016861272623538888
MLP,600,95,0.16008282,0,0.0,True,0.0007207900032789853,0.0017740153908839375,0.0012088239641922934,0.00203224888461262,0.0018053027567347625
MLP,600,95,0.18882391,0,1.0,False,0.002756752443792793,0.0032910904539661706,0.003701704205197162,0.0034889578753390213,0.0033611076207542665
MLP,600,95,0.13725543,0,0.0,True,-0.0021704960653918595,-0.0016234112822091852,-0.0007020828188257982,-0.001001034419883637,-0.0007332374712158975
MLP,600,94,0.12201933,0,0.0,True,0.0010842758005706434,0.0015279623446970922,0.0010898202590907007,0.0013087620238028945,0.000682579855655666
MLP,600,94,0.15973173,0,1.0,False,0.007305221421890101,0.004958336599060785,0.004211065714501672,0.005276572243305536,0.005015314914310808
MLP,600,94,0.25355956,0,1.0,False,0.0014348846036932213,0.005167662951436387,0.004332192610693079,0.003928145011828409,0.003602851990172135
MLP,600,94,0.17278011,0,1.0,False,0.005543444846703432,0.00423925008069725,0.0030388374449391016,0.0028922412087635237,0.0030262499221199537
MLP,600,94,0.18672688,0,1.0,False,0.003026803441859779,0.00313202018536632,0.003342853537388451,0.003381560242783439,0.0038728199245899072
MLP,600,94,0.6855322,1,1.0,True,0.0060711982581338215,0.004770224989597634,0.004295769897052492,0.0038507374688508712,0.0030195166079424155
MLP,600,94,0.4663999,0,1.0,False,0.004579267728283723,0.00499551649048173,0.003886740162296195,0.0037919454345474867,0.00374405702242509
MLP,600,94,0.15224339,0,0.0,True,0.0016143134121077236,8.861848900815596e-06,-0.00046582923375470034,-0.00021425402765251104,-0.00048413250723202057
MLP,600,94,0.12236547,0,0.0,True,0.0003561345712930588,0.0009217777843081558,0.0007972657197766995,0.0009751814790293796,0.0004995115981211939
MLP,600,94,0.21977574,0,0.0,True,-0.00020024155917594804,0.000866102174553351,0.00017109297976886412,0.00037682751150393864,0.0005475743378717486
MLP,600,94,0.19914675,0,1.0,False,0.0026627088245110013,0.0021276110366180577,0.001703157959253706,0.0016112698967732746,0.0021786011740888046
MLP,600,94,0.17555983,0,0.0,True,-0.0005134243346190236,-0.0005193424932047717,-0.0007872837541999522,-0.0008980754199204022,-0.00046368373264903156
MLP,600,94,0.1914348,0,0.0,True,-0.0010455587122276688,0.0006243302743436156,0.00011219189877415854,0.0006563029607575612,0.0005368647471750003
MLP,600,94,0.15047604,0,0.0,True,0.0007502462072399364,0.0013022635278217018,0.0009168343775110394,0.00025276672100367975,0.0002601928792275982
MLP,600,94,0.22937462,0,1.0,False,0.0051279824884418275,0.0048451271480666365,0.004223735057232486,0.004321484146437638,0.004232183192397173
MLP,600,94,0.198737,0,0.0,True,0.000547044716868665,-0.000772313788885319,-0.0002076835687556864,-0.0003810382420238821,-0.00046309169990120546
MLP,600,94,0.2511569,0,1.0,False,0.0031350283658040435,0.001853857470632517,0.002642306153407605,0.0026366023242624485,0.002829551870866752
MLP,600,94,0.3577533,0,1.0,False,0.002096387774580605,0.0019227739203364382,0.0026091750091718022,0.0025692086076365243,0.003313001838552161
MLP,600,94,0.27711225,0,1.0,False,0.0013924264930051335,0.002927628010495944,0.002312173326715454,0.003131665246027678,0.0033617392206315
MLP,600,94,0.34419912,0,1.0,False,0.002107877650184131,0.0023547250320393154,0.0030460245097925,0.002513498493304881,0.002519249040254692
MLP,600,94,0.22850682,0,1.0,False,0.002657952980318341,0.0019554182289465913,0.002983704657478797,0.0029561546834132686,0.003063478535988272
MLP,600,94,0.37939388,0,1.0,False,0.003802546049933842,0.0047024808573720225,0.004712061569959611,0.004636338243167976,0.004317532452716304
MLP,600,94,0.12584522,0,1.0,False,0.0007992894536617014,0.0018834656834662879,0.0016669116628923782,0.002606521829689859,0.002977919288998369
MLP,600,94,0.30581427,0,1.0,False,0.0013495023393578782,0.0015370854835380166,0.0025016600719835786,0.002487930651790854,0.0025116377983232614
MLP,600,94,0.22300391,0,0.0,True,-0.0013204637608901942,0.0007446821712184006,0.0007509124225564287,0.0016358095267980208,0.0017628251721690544
MLP,600,94,0.30807182,0,1.0,False,0.0034444695275990785,0.003374948653856577,0.003723361072330038,0.0030584030008860117,0.0024419906802217242
MLP,600,94,0.23897964,0,0.0,True,-0.0007518715362003493,6.623481487009576e-05,-7.30679735066683e-05,-9.964893544768637e-05,-0.00015250621275526645
MLP,600,94,0.24198295,0,0.0,True,-0.002821231453343646,-0.0012467801930940642,-0.0005688961400407221,-0.0005183948446336117,-0.0005104016472202894
MLP,600,94,0.16563624,0,0.0,True,-0.0001786380537924883,0.0006790298672397122,-0.0003642590305226031,-0.0005617721411933004,-0.0005711408175365064
MLP,600,94,0.5269097,1,0.0,False,0.0014071279480776823,-0.00048529583905502675,-0.0001549439625409813,-0.0001485839695042895,-9.901566786207887e-05
MLP,600,94,0.29468974,0,0.0,True,0.0010176064603480057,0.0010714113387137222,0.00040247674738047844,0.00017779796628652282,4.613703419841635e-05
MLP,600,94,0.14772385,0,0.0,True,-0.0020142661642258,-0.001935168424640467,-0.0012220650527025975,-0.0004429139853864339,0.0001795089420297397
MLP,600,94,0.21823001,0,0.0,True,0.0003171606571914746,0.0018295456947524172,0.0009438638326283513,0.001018108190655074,0.0011479408663552968
MLP,600,94,0.19267176,0,0.0,True,-0.00038799547446853307,9.347690745555343e-05,-0.0010593750054097956,-0.00046150911875228126,-0.00033351210222190504
MLP,600,94,0.24785474,0,0.0,True,-0.001783650236747312,-0.0014120053582559913,-0.001015535524756299,-0.0012692677243060669,-0.0012915194778465157
MLP,600,94,0.2095213,0,0.0,True,0.0008504992300477773,-0.0004242305955581124,0.00011059393076972817,0.00011770560040806556,-0.0002096519085972013
MLP,600,94,0.13913661,0,0.0,True,0.000690443760060982,-0.0008598712534834672,0.000699398499165402,0.0009198823215036328,0.00038722664068553464
MLP,600,94,0.3239849,0,1.0,False,0.0029403009378888953,0.0018651891558251188,0.00188992333850832,0.003034113016673638,0.002993517339489755
MLP,600,94,0.30062813,0,1.0,False,0.005052414982647973,0.00486725854124877,0.004681853376348906,0.004621679872001833,0.0042353271995762085
MLP,600,94,0.5896057,1,1.0,True,0.003561274819087125,0.004463694446478404,0.00507965297932861,0.004727788141517606,0.004291230972317513
MLP,600,94,0.19583108,0,1.0,False,0.004395885812255597,0.0044746087411193045,0.003353245277078065,0.003702424022355342,0.0038545372587384394
MLP,600,94,0.507941,1,1.0,True,0.00289263556009849,0.002212824868765846,0.0021598028229881405,0.002672540938287176,0.0027448633823589455
MLP,600,94,0.27976835,0,1.0,False,0.006817030618835388,0.006084277126329475,0.004807892127450898,0.0045848830820306484,0.003775489465616663
MLP,600,94,0.13837287,0,1.0,False,0.0034011338838485297,0.002365326201479381,0.0025911561130407836,0.0029954907985171677,0.003182545649869867
MLP,600,94,0.34474295,0,1.0,False,0.003460904606320604,0.0037310565734772943,0.002537626509181033,0.0032534044254761713,0.0036121349860932244
MLP,600,94,0.3728475,0,0.0,True,-0.000105023293214105,0.00042948323109072846,0.000214303878392608,-0.0003605586274827459,-0.0006704270343129295
MLP,600,94,0.14183676,0,1.0,False,0.004178726653539542,0.0042405740968363475,0.004300740723375625,0.0038751714644295727,0.003523551794446625
MLP,600,94,0.21121752,0,0.0,True,-0.004095060205223213,-0.0021797456836117777,-0.0008799902276929945,-0.0009630494074163755,-0.0007809224243543909
MLP,600,94,0.40069354,0,0.0,True,-0.0013385567896342517,0.0011721088940220385,0.0007772046684784568,0.0009324780581893145,0.0004576753944276046
MLP,600,94,0.24049136,0,0.0,True,-0.001746110771765321,0.00018790088217899057,-0.00035170777510044535,-0.0001339211098547244,-0.0001560797296373043
MLP,600,94,0.15125851,0,0.0,True,0.00022574221024862566,0.00037346233010021254,0.0004545929663266614,0.0008411591702538188,0.0008917452114498059
MLP,600,94,0.2983921,0,0.0,True,-0.0003929280540108069,-0.0011200634428016375,-0.0015269686147574232,-0.0015556840324078452,-0.0016639308125669225
MLP,600,94,0.51405454,1,1.0,True,0.0005711129834090287,0.001526644756971171,0.002045459196434601,0.002930920974608298,0.003320016863751115
MLP,600,94,0.166266,0,0.0,True,-0.00025609664343370745,0.000609728706561257,5.931493038315862e-05,0.000249496907250174,0.0004465141048882373
MLP,600,94,0.16436996,0,0.0,True,-0.00039398546953933197,1.4502463868707196e-06,-0.0002622131421470152,0.00012581796768079424,0.00015262029173786356
MLP,600,94,0.4266491,0,1.0,False,0.004580401637911676,0.003172155503860929,0.003104814067311707,0.0033817324485694807,0.002848084800938455
MLP,600,94,0.24629869,0,1.0,False,0.0035417068455707986,0.00200456811501397,0.0020051798708687453,0.0030509022642353344,0.003171235831448992
MLP,600,94,0.16130841,0,0.0,True,0.0004962271213349477,-0.0004166875784941481,-0.00037799216592717744,-0.00037137706799360314,-3.363656930361685e-05
MLP,600,94,0.26349038,0,0.0,True,0.001517410855908963,0.0032507224034882794,0.00205677775252908,0.001157006573819199,0.0013491590137679234
MLP,600,94,0.21937016,0,0.0,True,-0.0005859107098049819,6.229992227184556e-05,0.0005035621585112056,0.00023806523618459822,0.0001400414396547295
MLP,600,94,0.15340191,0,1.0,False,0.001819470326464707,0.0025171744786329263,0.0024025687363834554,0.0037436768450526126,0.0036585842311916915
MLP,600,94,0.35123146,0,1.0,False,0.002658033816605574,0.002632331040483576,0.0022200780597928034,0.0018443890327295405,0.0020937932758665644
MLP,600,94,0.296017,0,1.0,False,0.004920881485894671,0.005921948321287839,0.005863892070497464,0.005395074929459798,0.00504694605448577
MLP,600,94,0.22995284,0,1.0,False,0.0027895819968768334,0.0034295700857460316,0.0026751178136945396,0.002174140345568446,0.00251698347549081
MLP,600,94,0.24531767,0,1.0,False,0.0026875816169084333,0.0033470513972835387,0.003955572680035478,0.0038910300191765104,0.004070188763053464
MLP,600,94,0.26313132,0,0.0,True,0.0016745118709604193,0.00088225707408758,0.0006424872611561141,0.000609126321666143,0.0009208976175389701
MLP,600,94,0.36336952,0,1.0,False,0.004679558336948018,0.0019521151549449487,0.0022429694178673623,0.002748081468007522,0.0031328766811190034
MLP,600,94,0.76711357,1,1.0,True,0.0038119024394756176,0.0030242235240429084,0.003177250835348025,0.003709892884897936,0.0037688328252173248
MLP,600,94,0.13124287,0,0.0,True,0.002374307159991589,0.0002904009529082737,-8.008981185542354e-05,0.0002378258937479356,0.0009482016095070557
MLP,600,94,0.12978679,0,0.0,True,0.00113859335006779,0.0009419615889391684,0.0006929097303024534,0.00012495702737042857,-0.0002811027970152761
MLP,600,94,0.13341844,0,0.0,True,0.003377821719430206,0.0014675408641213002,0.0017168147754311157,0.002231497178825886,0.0013221364200824114
MLP,600,94,0.17082876,0,0.0,True,0.001662854936385129,0.0004918119212177631,-0.00020360015918809938,0.00019276807658640327,0.0003115155326968492
MLP,600,94,0.26876616,0,0.0,True,0.0024635355657028073,0.0016162850456308215,0.0019418802011307334,0.0016441173252769827,0.0014366677490168472
MLP,600,94,0.21726012,0,0.0,True,-0.000546559737850419,-0.0002212107775283904,0.0004874925785697546,-0.00017969372212208915,-0.0003294518170564393
MLP,600,94,0.13658135,0,0.0,True,-0.0025397844111808114,-0.0015283119068722035,0.00027055696140413325,-3.6323634293856165e-05,-8.796301668599056e-05
MLP,600,94,0.21037759,0,0.0,True,0.0007558977579391769,0.0008039472389531054,9.011473592084865e-05,0.0002570280261628334,0.000510271592985993
MLP,600,94,0.3610939,0,1.0,False,0.002132317840910765,0.0025767659784247726,0.0027693634500952787,0.0021027904560766675,0.0018201350965297218
MLP,600,94,0.25685266,0,0.0,True,-0.0008638585870183123,-0.000341199324660937,0.00011740552218805352,0.0005535845945030946,0.00035801211523913524
MLP,600,94,0.35366118,0,0.0,True,0.001246720671889618,4.4921450316653994e-05,0.0006193414890510873,0.0014331115728971788,0.0010716430612031308
MLP,600,94,0.2932758,0,0.0,True,-0.000846202097028329,0.00014142286218756352,8.367341152371624e-06,-0.00011428048953360005,8.451314043034221e-05
MLP,600,94,0.12754282,0,0.0,True,0.0018149633778771685,0.0015101174380090763,0.0015690195426063976,0.0013773953156224342,0.0011543706212381545
MLP,600,94,0.16055156,0,1.0,False,0.004584157369947362,0.002816861868377117,0.003815080132040078,0.003970778022772974,0.003728427206538299
MLP,600,94,0.38668475,0,1.0,False,0.0032259251307883976,0.0029137746837394804,0.0025881726296489316,0.002458238003403732,0.0026602357065800106
MLP,600,94,0.43079123,0,1.0,False,0.004278999754217746,0.004622263099254303,0.0038010798716731796,0.004514124540096633,0.004289780776817252
MLP,600,94,0.27083293,0,1.0,False,0.0036324736006060647,0.004610224704674846,0.004207027055013143,0.0033556008192859458,0.0033631155379672513
MLP,600,94,0.22460595,0,0.0,True,0.0006376752957955344,0.001109038100968983,3.881044480968425e-05,0.0003437997027123101,-7.914730913791844e-05
MLP,600,94,0.2114762,0,0.0,True,-0.0008526881026289516,-0.0003043716622683994,0.0005734340962983514,0.0007204352549091587,0.0012566997887762295
MLP,600,94,0.24019998,0,0.0,True,0.0011837417364256768,0.0009786453638431208,0.0014606618651343468,0.0011252642521696937,0.0009899672793100762
MLP,600,94,0.30594888,0,1.0,False,0.0029301816088536646,0.002272775525155048,0.0035986742781650176,0.00319992072108005,0.0031019934088801337
MLP,600,94,0.2252866,0,1.0,False,0.008111739323577071,0.0060939584440901,0.00587513452575756,0.005023276592533615,0.0043487740663367535
MLP,600,94,0.12285408,0,0.0,True,0.0007189368034495473,-0.0014107955194834227,-0.0015337375417278196,-0.0007647159066648336,-0.000689128377037514
MLP,600,94,0.24951671,0,1.0,False,0.0034440117700547885,0.004098487975979463,0.004505126982960344,0.004306181540358206,0.004104432131802391
MLP,600,94,0.19850646,0,0.0,True,0.0002879674869019383,6.815108082382161e-05,-0.0007540318157180116,-0.0006863917507703712,-0.00019374047581745556
MLP,600,94,0.12557627,0,1.0,False,0.004645809555431138,0.004582876793217632,0.0039884065305705076,0.003098225327839572,0.0031672875445714764
MLP,600,94,0.18309204,0,1.0,False,0.000943782451842834,0.002013969931025655,0.0033200891312680156,0.0026560858227579432,0.002996044010756574
MLP,600,94,0.4541937,0,1.0,False,0.001227497013224439,0.002918968203194829,0.0037306345013338096,0.0034720471403751336,0.0037712002530589433
MLP,600,94,0.24550867,0,1.0,False,0.0031710027069158254,0.0035332214003928352,0.0037211933615563897,0.0030552056362138182,0.003053410345708267
MLP,600,94,0.17152575,0,0.0,True,0.0028882537242578958,0.0009967523844981025,-0.0005055431256329044,0.00020777063279489631,1.3486321848798177e-05
MLP,600,94,0.2755854,0,1.0,False,0.003570520474426304,0.004060695390208076,0.004167282181688749,0.003682612084463497,0.0038224523388242777
MLP,600,94,0.30196238,0,1.0,False,0.0016886430811181674,0.002458912819776855,0.0030353689449206917,0.002714382343329452,0.0028764558955936955
MLP,600,93,0.25023407,0,0.0,True,0.00019914660607097786,0.00035255144249329346,-0.00033740667549228044,-4.293521703403046e-05,-0.000497969645511406
MLP,600,93,0.3871478,0,1.0,False,0.0036972432000250553,0.0030403382574809346,0.002400963886888093,0.0021361825433548563,0.0021229787578970097
MLP,600,93,0.46819767,0,1.0,False,0.0056257832544804156,0.006446370583397635,0.006062416298694992,0.004610494148883834,0.00411914267231962
MLP,600,93,0.45196423,0,1.0,False,0.0014773393886501477,0.0017039801351777513,0.001986841755064949,0.0021919980086060904,0.0020246513616447993
MLP,600,93,0.2762693,0,1.0,False,0.002959410328629786,0.0018759496674671926,0.003187558353578515,0.0032850881041598472,0.0032811795817993274
MLP,600,93,0.31071147,0,1.0,False,0.0025332419656962485,0.0025551083206413775,0.0024151868712794324,0.0032039113425063573,0.0034211249692941473
MLP,600,93,0.20268056,0,1.0,False,0.0032271039359364857,0.0019710544197442466,0.0026285130175247797,0.001811058133109264,0.0019401582977659692
MLP,600,93,0.32399362,0,1.0,False,0.0038905834062679897,0.0031557155744421582,0.0031239324161789627,0.00353607654421811,0.0038888434625065442
MLP,600,93,0.26487404,0,1.0,False,0.0049470069774963385,0.0035308935502598605,0.0031046047104602904,0.0037515094484306282,0.0039327377752852374
MLP,600,93,0.1522383,0,1.0,False,0.0020003054531856856,0.003366437534280752,0.0027803716610065297,0.002623522620375947,0.001666783173179404
MLP,600,93,0.15100734,0,0.0,True,0.0002985104241539458,-9.942371112556237e-05,-0.0002993780871257496,-3.6976039672391816e-05,-0.000389547139720665
MLP,600,93,0.42356995,0,1.0,False,0.003990912157225473,0.002891590411074672,0.004092605522888855,0.004151751806404276,0.0038001651940190013
MLP,600,93,0.4145017,0,1.0,False,0.0029961602156652915,0.002622233408726564,0.003639782720965163,0.002761906064790619,0.0026261364254175973
MLP,600,93,0.20312676,0,1.0,False,0.0041364467460802915,0.003282495892067339,0.0034336825693082663,0.0039390519640575584,0.003812378449066029
MLP,600,93,0.18720423,0,0.0,True,-0.0014584520058482575,-0.0004265337114083198,-0.0005392889355086113,-0.0006768793556634725,-0.0003622468659503644
MLP,600,93,0.13120472,0,0.0,True,5.523163034302986e-05,0.00034490123423877063,-0.0002326247565887563,-0.0003797198560324718,-0.0007708958868904686
MLP,600,93,0.12699518,0,1.0,False,0.0030105723125779748,0.0023280422042154573,0.0025287998262103354,0.0029693182390117287,0.0028174230897056746
MLP,600,93,0.37644884,0,1.0,False,0.006615401024932401,0.0046800148154510935,0.005435534364449142,0.0057924296621588295,0.005631436093450076
MLP,600,93,0.23546182,0,0.0,True,0.0003821906215934131,-6.040622816127466e-05,-0.0005221435943448949,-0.0007006141258693451,-0.001019187754145244
MLP,600,93,0.15960778,0,0.0,True,-0.0012828051877223454,-0.0010360160909866367,-0.00137048718803568,-0.0004395468805258896,-0.00023308799625904205
MLP,600,93,0.4502485,0,1.0,False,-0.0004792677274260506,0.001631229781381981,0.0009600426462823149,0.0011097378637696773,0.0017596083029500454
MLP,600,93,0.4106855,0,1.0,False,0.0048078619015893736,0.004363559251783781,0.0048326636517088085,0.00390784680461663,0.002897716699776436
MLP,600,93,0.18164517,0,0.0,True,-0.0010030552988303796,-0.0018810502026415548,-0.001606672380850697,-0.001415528091678141,-0.0007114801886127454
MLP,600,93,0.095040426,0,0.0,True,-0.0008119406835152707,0.00020957081973124175,-7.365041993723176e-05,0.00028524574274642653,0.000413969122231191
MLP,600,93,0.833045,1,1.0,True,0.005824607550036527,0.004813342549755959,0.0057437289145068765,0.00591517388712249,0.005741171795473628
MLP,600,93,0.62633777,1,0.0,False,0.00043819741876742957,0.0003382916848666272,0.0012713509860210216,0.0011032583758432142,0.0009613104666288578
MLP,600,93,0.20634249,0,1.0,False,0.004339307048978681,0.005192475043913845,0.00439502708392745,0.0038705569017744496,0.004090507724424638
MLP,600,93,0.4318765,0,1.0,False,0.004475161741701212,0.0029947644477759184,0.002895850422386997,0.003203192105034695,0.0032717758065736444
MLP,600,93,0.29641926,0,1.0,False,0.0033423770172591157,0.0032951312560887645,0.003916529846269081,0.00424886324621118,0.004465740119124763
MLP,600,93,0.3215757,0,1.0,False,0.008342139078638254,0.006695239098186083,0.00498587034962684,0.004282393004937044,0.003971595577315195
MLP,600,93,0.39073548,0,1.0,False,0.0035500971593487164,0.003773021451396964,0.003931340282695411,0.003600873484289829,0.003919399673855156
MLP,600,93,0.37820363,0,1.0,False,0.0011964233889908773,0.001960766063885898,0.0024160237540483192,0.0025601479760935034,0.002280293955552671
MLP,600,93,0.19830538,0,0.0,True,-0.0011150289787151355,-0.0005116999666194981,-0.0003718900336611416,-0.00013882261697096318,-0.00015061859450507623
MLP,600,93,0.19261307,0,1.0,False,0.004382914412503581,0.0029856157632573996,0.0026560960086788065,0.0030735505041420254,0.0027950911082160234
MLP,600,93,0.28913924,0,1.0,False,0.005586572526675627,0.004366192983683892,0.0033723743449112268,0.003507883447107934,0.003189666768495996
MLP,600,93,0.12897426,0,0.0,True,-0.0009733637498860369,-0.0011885372568009548,-0.00018137678573073424,-0.00011782960434012738,0.0003055753238543392
MLP,600,93,0.11792862,0,0.0,True,0.002357795274545012,0.00030734593757368876,-0.0003046621270248462,-0.00022772168848213365,-0.00013017442827664428
MLP,600,93,0.14086996,0,0.0,True,7.234489503046804e-05,6.126686967935684e-05,0.0018227450754476004,0.0016764324797993182,0.000905642357932545
MLP,600,93,0.3496308,0,1.0,False,0.0029408016436589185,0.0021661773340658184,0.0025610016940449875,0.003256190465721669,0.0023361056523319257
MLP,600,93,0.29750428,0,0.0,True,0.001326898768272147,0.00033946226561429695,0.0001492219093076691,0.00024227688272023876,-9.58973935010771e-05
MLP,600,93,0.2015517,0,0.0,True,-0.0011951156778100614,-0.000547108691041086,-0.0017877081186479947,-0.001489364404821109,-0.0013585753416272277
MLP,600,93,0.38409492,0,1.0,False,0.004662963771235819,0.0028873689124410645,0.00257508719327127,0.0024436578985475143,0.002560777740266929
MLP,600,93,0.25542405,0,0.0,True,-0.001565951018031139,-0.0005340730648419125,-0.001063143941861119,-6.6397927382506e-05,2.154083544808271e-06
MLP,600,93,0.28947365,0,0.0,True,0.000791386098399829,0.00042450366033905255,0.0011346313399574416,0.0009328499172684033,0.0010050663869226148
MLP,600,93,0.14070766,0,0.0,True,0.0008053270485940128,-0.0010764744985155993,5.2317458305699564e-05,0.000493573333210902,0.0002887962881788404
MLP,600,93,0.21240255,0,0.0,True,0.000831732070174702,0.0003812757513552771,-0.0004546703207908586,0.0004961188252123413,0.0005662903460275138
MLP,600,93,0.43357,0,0.0,True,0.00031567766471810195,-0.0009176557301701692,-7.573941545177697e-05,-3.6215139456755434e-05,-0.0003307362313600972
MLP,600,93,0.5510229,1,1.0,True,0.002871792247997745,0.003052980824129299,0.003743149910405754,0.003672125164246391,0.0035446344160608065
MLP,600,93,0.2713924,0,1.0,False,0.00555999499973301,0.005567016278807531,0.004234365145850313,0.003723565315306021,0.003731584361742907
MLP,600,93,0.17118628,0,0.0,True,-0.0011581010610431782,-0.0012453587196110344,-0.0009239510234474024,-0.0004551240401722188,-0.0002695416163679798
MLP,600,93,0.18442015,0,0.0,True,0.0008124565582018491,0.000311883027647292,-6.503695445023385e-05,9.761465517652045e-06,0.00011055386318280239
MLP,600,93,0.12249991,0,0.0,True,0.0004339347013678958,4.445508026163365e-05,0.0009549344725665725,0.00017143220384759975,0.00045548785607696254
MLP,600,93,0.19049303,0,1.0,False,0.0029886465941092715,0.004422665026100155,0.00348078999217182,0.0028053280093831645,0.0025856360100466533
MLP,600,93,0.3102208,0,1.0,False,-4.181988601870783e-05,0.0012808847592611227,0.0022212165493922333,0.002390470756521524,0.0018932390336226332
MLP,600,93,0.16960652,0,1.0,False,0.0038161171504165845,0.0033514667583843328,0.003965683881505473,0.0032053242872979145,0.0029392676083496183
MLP,600,93,0.13051131,0,0.0,True,0.002198404935405509,0.001203124926859565,0.0017281502265521177,0.0006808696026441196,0.00013772111119183543
MLP,600,93,0.26178747,0,1.0,False,0.0029203120053424214,0.0029114541342566613,0.0023935857406919853,0.0028576977726349714,0.0028103792591873114
MLP,600,93,0.27297503,0,0.0,True,-0.0007900463663842802,-0.00134781950295955,-0.0010683691475171998,-0.0011660384219129426,-0.0017900889468306226
MLP,600,93,0.25960004,0,1.0,False,0.0038176163269970646,0.003898879559587676,0.0035937076227535347,0.002994708024016966,0.003092535515775652
MLP,600,93,0.63122356,1,1.0,True,0.004474121325755281,0.002829299917886144,0.0036083292467992477,0.003647149695421499,0.0040748329010331244
MLP,600,93,0.18112072,0,0.0,True,0.0009342031711212248,1.3251291005576394e-05,0.00022042103927250522,-2.997784408591e-05,0.00027735365172949116
MLP,600,93,0.22370246,0,0.0,True,0.0024722977325689617,0.0008203066701562525,-0.00044979955646027296,-0.0009858076051645097,-0.0012870910074413537
MLP,600,93,0.15134013,0,0.0,True,-0.0032347545359999903,-0.0014412951926744552,-0.0008543795878562913,-0.00029162613101389154,-8.418266693365463e-05
MLP,600,93,0.099087074,0,0.0,True,0.0018769542007223215,0.0010822535110128146,0.00016370692043637513,7.897563224830614e-05,0.0001577106198239174
MLP,600,93,0.22755094,0,1.0,False,0.0006653936914723555,0.002119475710846475,0.0024890228495076123,0.0023209698489697257,0.0026227412433179643
MLP,600,93,0.16956326,0,0.0,True,0.0032491906362250864,0.0006816113220990798,0.0006125614324379802,-0.00019583357563472586,-0.00012674549426150775
MLP,600,93,0.34322622,0,1.0,False,0.003383228375961292,0.003517391190920127,0.003144564986535165,0.003394194834772305,0.0034828811912424344
MLP,600,93,0.34977823,0,0.0,True,0.0007366974107505616,0.001926324424042993,0.0005596073526316888,0.0006815046598706009,0.0002680739480327711
MLP,600,93,0.6276676,1,1.0,True,0.005153021462493082,0.005850721254260258,0.004383110535184989,0.0035996996734724606,0.0036493333803093654
MLP,600,93,0.13229293,0,1.0,False,0.002041602634404711,0.004020417024634168,0.003726473007621375,0.003426017591702494,0.0034855072792435303
MLP,600,93,0.5614995,1,1.0,True,0.00481818857356927,0.004552035139019357,0.004136906778517414,0.0037089254303130418,0.0034306081436026306
MLP,600,93,0.19533102,0,1.0,False,0.0044780648895505525,0.004194993863216979,0.004487372640539185,0.003185149866898302,0.0034298107625121816
MLP,600,93,0.3081777,0,0.0,True,0.006024961171021308,0.002816333693692767,0.0019862909845555126,0.001890786892246102,0.0012935114632860187
MLP,600,93,0.1479442,0,0.0,True,0.0008904792278440016,0.001734603491380228,0.0010848312898698224,0.0003316221970688288,0.0003504761796483812
MLP,600,93,0.17301665,0,0.0,True,0.0010366968731085197,0.0009344601011407127,0.00025983655967382345,0.0004340301516513173,0.0005422374584347898
MLP,600,93,0.1514508,0,1.0,False,0.001747988400393717,0.004244358766628432,0.0040658390111561644,0.0045207231277684225,0.005194293054065072
MLP,600,93,0.1398399,0,0.0,True,0.003902491547318727,0.0022654029822190827,0.0019874931756042277,0.0008923509581420544,0.00045881894903415985
MLP,600,93,0.3933296,0,1.0,False,0.0039001530627403775,0.0016479060805675066,0.0014841392461631118,0.00253531047613228,0.002329360594263003
MLP,600,93,0.41755885,0,1.0,False,0.003109385884824875,0.003680043553858254,0.004266568481888221,0.002814489881795568,0.0025412509961703
MLP,600,93,0.30441597,0,1.0,False,0.0038388838015489075,0.002878455691819394,0.00221380149317482,0.0021300935266120005,0.002347355412601847
MLP,600,93,0.3088779,0,1.0,False,0.0005838937341432853,0.0015868878510958571,0.00200812226383839,0.002178103679460468,0.0028605253425482793
MLP,600,93,0.45975667,0,1.0,False,0.0059543347732122906,0.004736456813447386,0.005018542564438881,0.004142290249233033,0.00365970541809012
MLP,600,93,0.23978621,0,0.0,True,-0.0002641410842107426,-0.00024190259595337872,-0.0002494139368274578,-0.0015754952151646464,-0.0011211894018049522
MLP,600,93,0.13912037,0,0.0,True,0.0019975551466623717,0.0007600441615714554,2.3976134126330003e-05,0.0005772423864819147,0.00033820940906161326
MLP,600,93,0.24187863,0,1.0,False,0.006595771089725182,0.004938960142533426,0.004081776543177841,0.004134159770433481,0.0036278116893798903
MLP,600,93,0.6893824,1,1.0,True,0.003543847172090073,0.002950938901894431,0.003142939226156296,0.003432833279401173,0.003086732846628403
MLP,600,93,0.22206609,0,0.0,True,-0.0012571100248941155,-0.00018637805575100644,0.00021940723104609498,-2.672198990449965e-06,-0.0006520460937727455
MLP,600,93,0.27305597,0,0.0,True,0.0014613286551424438,0.001468080208797287,0.00107348065614185,0.001883382115968996,0.0017309675319701638
MLP,600,93,0.12537047,0,1.0,False,0.0017455796389271388,0.001465608171223362,0.00038809705294893794,0.0008486260531705821,0.0015924761501390737
MLP,600,93,0.79793763,1,1.0,True,0.004322130448942597,0.003863594708618168,0.0036847001748331505,0.003864204766908624,0.0037040835819506703
MLP,600,93,0.10778299,0,0.0,True,0.001233897919735426,0.0005693467920306578,0.000635750545140281,0.00028301431001171356,0.000467522911316594
MLP,600,93,0.20039423,0,0.0,True,-0.0013414703295067088,-0.0009137521092513081,-0.00030324105519119346,-0.0002681748747901075,-1.826576279942982e-05
MLP,600,93,0.3275333,0,0.0,True,0.0003726123636320993,0.0020743594019364707,0.0009566075412942157,0.0008936958301489834,0.0007344746392537892
MLP,600,93,0.2549337,0,1.0,False,-0.0018347783104683394,0.0008311191294151356,0.0009985763191439469,0.0018071077191791924,0.0021417459673891944
MLP,600,93,0.426639,0,1.0,False,0.006144116636891863,0.004963212116282897,0.005283554395481393,0.005380798901065637,0.00477880671128524
MLP,600,93,0.2355252,0,0.0,True,-0.0026566441907850567,-0.0007568540471561043,-5.0482402850195445e-05,0.0003506795041658376,-9.71279186652602e-05
MLP,600,93,0.2826513,0,1.0,False,0.0035402402194817883,0.002072812261938056,0.002133976217925501,0.00209980443145983,0.0028941374748248263
MLP,600,93,0.21513386,0,1.0,False,-0.0005889940594983797,0.0019694822653536924,0.002107814791956329,0.0020680637670746453,0.002712654765114954
MLP,600,93,0.3158538,0,1.0,False,0.0013666436954098199,0.0019303192622331506,0.0035354224729410967,0.0038427987326478856,0.0038411634921830338
MLP,600,93,0.20094396,0,0.0,True,-0.0005196144511093827,-8.324688765553322e-05,0.00042453012411336645,0.0005591049389649627,0.0006089832155310609
MLP,600,92,0.1258289,0,0.0,True,0.0028696236921115304,0.0025686386546258117,0.0018992337319548597,0.0013150119941351627,0.001595288876141467
MLP,600,92,0.30352283,0,1.0,False,0.0028804489410171248,0.0015235523214531105,0.0021787201589480547,0.0025553135595074465,0.0020622252834689514
MLP,600,92,0.1371096,0,0.0,True,0.0010932168506314745,0.00043698499663586863,0.0012644201497576185,0.001669646825983526,0.001196828750242645
MLP,600,92,0.21916837,0,1.0,False,9.797924842786296e-05,0.0016183969483798773,0.0023364838544313307,0.0017711068300297068,0.002290359841298961
MLP,600,92,0.16518012,0,1.0,False,0.0015244188464130027,0.002317063193214441,0.002334248592088417,0.0021998118333657617,0.003091353773513127
MLP,600,92,0.20174551,0,1.0,False,0.0038833283533378092,0.004089866048651047,0.00402917956961533,0.0033059393467985095,0.003249771168151613
MLP,600,92,0.31537512,0,1.0,False,0.005781826213141734,0.0038958188042436943,0.002268612981491786,0.0017753565295138348,0.0015822461303899402
MLP,600,92,0.3750251,0,1.0,False,0.001983209166320236,0.0021740290805644553,0.002503031501885102,0.0019419728801374865,0.002256406881353551
MLP,600,92,0.28051886,0,1.0,False,0.003443184482485345,0.0029588154103564724,0.002083437075983153,0.0024561964418540203,0.0024231156028107115
MLP,600,92,0.15364338,0,0.0,True,0.0010487728153498043,0.0012725385612080567,8.324475279982815e-07,-0.0005649487006790328,-7.43043973826914e-05
MLP,600,92,0.8017741,1,1.0,True,0.004097966173689169,0.0034410034363146803,0.0045798966544318715,0.004367119582345148,0.003882138684773677
MLP,600,92,0.27298984,0,1.0,False,0.002557117723861684,0.003787254744465225,0.003233815118441932,0.0031226392162041258,0.0030300324009335223
MLP,600,92,0.16486825,0,0.0,True,-0.0011543146580897858,-0.0010161342816746,-0.0014313176423183017,-0.0011585848783707223,-0.000551659558679581
MLP,600,92,0.37872794,0,1.0,False,0.0023439910094484656,0.0031062461345272414,0.00350935967861304,0.0032022060340756923,0.003580438571857103
MLP,600,92,0.14154686,0,0.0,True,-0.0007670592955969512,-0.0009208352659118516,-0.0008538605982717348,-0.0005612549592817649,-5.282022747791631e-05
MLP,600,92,0.36729994,0,1.0,False,0.0023293417004818413,0.0030276504576002604,0.002333315880420198,0.0025305084586210104,0.0028173844096556896
MLP,600,92,0.2573358,0,0.0,True,0.0006727428234486018,0.0004671844371392871,-0.0002700535953327511,0.000663254650446865,0.000494075492114811
MLP,600,92,0.3442943,0,1.0,False,-0.0011152064419940272,0.0014959982581884816,0.0016699752397689217,0.002301704750025239,0.002674350861246948
MLP,600,92,0.20165254,0,1.0,False,0.0010634535559225975,0.002236690731796238,0.0015166385669199201,0.0015626564669506946,0.0023043861171614267
MLP,600,92,0.31352893,0,1.0,False,0.0058652980675313075,0.005745352115944231,0.005433771292930158,0.004711578001994537,0.00433992910605884
MLP,600,92,0.11296525,0,1.0,False,-0.00018396860427129016,0.0007990480886509809,0.0007745407633493426,0.000557769421868461,0.0011199493212692168
MLP,600,92,0.27061763,0,1.0,False,0.005993244101880672,0.0048535910026180325,0.003838511235679092,0.0032242096072020387,0.002825862254598139
MLP,600,92,0.15633373,0,0.0,True,0.0010198511201366738,-0.0005138634725864588,-0.0006027640959537519,-0.000689368898193632,-0.0005863989955324356
MLP,600,92,0.19229493,0,0.0,True,0.0015201948995338388,0.00046326220401414345,0.0007014672144178309,0.0008978347183045576,0.0010552955758655475
MLP,600,92,0.13027266,0,1.0,False,0.0019855850024108838,0.0026749855665593792,0.002990223662282001,0.0035803288959258,0.0036525293648912716
MLP,600,92,0.41343623,0,1.0,False,0.0023982195121895833,0.0024139538276999623,0.0031080477651627557,0.0024444809983027284,0.0018969001470478207
MLP,600,92,0.14971745,0,0.0,True,-0.0017143285063888568,-0.0014538903790117625,-0.0012637458726628393,-0.000738132316237173,-0.0003477562962578707
MLP,600,92,0.29763705,0,0.0,True,-0.002434457968674256,-0.0022302635372335295,-0.001611303062035449,-0.0011457533473716007,-0.0008182930555211388
MLP,600,92,0.24325673,0,1.0,False,0.0031194589340148467,0.0030386054601405183,0.003641311167189649,0.003709017944574029,0.003813422280706302
MLP,600,92,0.28302237,0,0.0,True,-0.0002914497878681814,-0.0004419434667731741,-7.438865867645513e-05,0.0004526277501616011,2.355644996167512e-05
MLP,600,92,0.13325681,0,0.0,True,0.0023268071786745736,0.0011340939076412723,0.0005283687680229834,0.0007776276843309445,0.0004932737306544077
MLP,600,92,0.18656668,0,1.0,False,0.0034780136038440415,0.003450289984718353,0.004485320699205145,0.00446443455772958,0.004446678031874114
MLP,600,92,0.3145592,0,1.0,False,0.0004112167000564162,0.0009628865319159189,0.001632496796665797,0.002651985436141483,0.0028502034117072216
MLP,600,92,0.193191,0,1.0,False,0.0034465644096989454,0.004125979653535232,0.0032642119954389443,0.002808737874892646,0.002776079238764252
MLP,600,92,0.126822,0,1.0,False,0.005529985922228228,0.003256746012432685,0.002620551630530468,0.0027020142885899414,0.0030736533409084824
MLP,600,92,0.32679772,0,1.0,False,0.004924516450097191,0.004377464463847961,0.004758335470039893,0.00437925248545785,0.004833065019973514
MLP,600,92,0.17678411,0,1.0,False,0.004490789857108436,0.004118597494013123,0.0029654040185838897,0.0024420798870137647,0.0028464118941372843
MLP,600,92,0.21217386,0,0.0,True,-6.214370196750274e-05,0.000539306586855477,0.0006270950361664452,0.000605760198599083,0.00023245820823728492
MLP,600,92,0.42704,0,1.0,False,0.0018018684832095586,0.002895559179326308,0.003923640251137521,0.0041725056676858085,0.0037771631538215983
MLP,600,92,0.33865693,0,1.0,False,0.005412634228307071,0.005452939811729756,0.0045978048125762715,0.003825376113745163,0.003881697092430404
MLP,600,92,0.6079286,1,1.0,True,0.0033547391332158527,0.003970233189627846,0.0035685109905966863,0.003918328572544144,0.003621766100323915
MLP,600,92,0.24125619,0,0.0,True,0.001288321590548201,0.0024144593836260527,0.00136301390963808,0.0017366142543264595,0.0010996892420058484
MLP,600,92,0.2926927,0,1.0,False,0.0028544181401949547,0.0035001007357487687,0.00358946750153474,0.002150346205426993,0.002874084181004378
MLP,600,92,0.1767488,0,0.0,True,-0.00021177791981507986,-0.00042639026108069435,-0.0006265165253685805,-0.0006698317591935365,-0.00019803833739052225
MLP,600,92,0.21698669,0,1.0,False,0.004982992610782496,0.0033330819491005173,0.002198878348049781,0.002525864041020674,0.0030492531223278076
MLP,600,92,0.35192505,0,0.0,True,-0.0003987279240477304,0.0004335609787587178,0.0007525849786000719,0.0013993864647600543,0.0013195394923664638
MLP,600,92,0.27720204,0,0.0,True,-0.003330064173821781,-0.0009438589614088929,-0.0005637324267981608,-0.0007529647876022685,-0.0011638925960614564
MLP,600,92,0.37292728,0,1.0,False,0.0008837249929845851,0.0023186513355818754,0.0028659538252341086,0.003420217560026235,0.0029738817036474912
MLP,600,92,0.20012753,0,0.0,True,-0.0010569052213387127,-0.0011302371097603866,-0.00036557776291990863,0.00014554819049997437,-0.0001983331901676809
MLP,600,92,0.22215864,0,0.0,True,0.0005947265769745997,0.0008347152598608328,4.39373833836867e-05,0.0006771732968080412,0.00040360185292246536
MLP,600,92,0.4406089,0,0.0,True,0.003073620520539225,0.0014250254665223673,0.0012674428810886007,0.0008516814627917924,0.0009002798205894032
MLP,600,92,0.21441238,0,0.0,True,0.0026371206278523267,0.001269274290172579,0.0005624670683624015,-0.00020830347636646994,-0.0002696001462481192
MLP,600,92,0.13308859,0,0.0,True,0.0018401290901224098,0.0005994250227851816,0.0005516590855828207,-6.617659123255922e-07,-5.470444999953173e-06
MLP,600,92,0.16083436,0,0.0,True,-0.0002037796180894529,-0.0008279243984143762,0.00040693940724895953,0.00045101886904738437,-8.085310639542179e-05
MLP,600,92,0.278145,0,1.0,False,0.0003848289765900903,0.0010256735764963888,0.0019241589384566048,0.0017082874734756378,0.0021017382778028134
MLP,600,92,0.13193737,0,1.0,False,0.005149992437380863,0.0044721427504632455,0.003454438570592987,0.0031149979370133536,0.0035799526941886904
MLP,600,92,0.17811398,0,0.0,True,0.00202104546391343,0.0014294688994658815,0.00022194504309289506,0.0001890528576787235,0.0004004731565930936
MLP,600,92,0.30461523,0,0.0,True,0.0008049154287912866,-0.00018594385749814442,0.000388029716935056,0.0001611024930857358,7.391057738412039e-05
MLP,600,92,0.30676153,0,0.0,True,0.0026591993826030934,0.0012717800386221286,0.0010545213192687942,0.0007509108411389567,0.0003811290982681569
MLP,600,92,0.14837345,0,0.0,True,-0.0012732676021558747,-0.0018478892316777453,-0.0010189138462671824,-0.001100678615068257,-0.001033984715270868
MLP,600,92,0.33345857,0,1.0,False,0.003043521624292452,0.0020129699365487295,0.001668188741879229,0.0019717185914949207,0.002423918989194423
MLP,600,92,0.27940574,0,0.0,True,-0.0023186380512513084,-0.0030752620595173646,-0.0023486986776268294,-0.0020541405268386,-0.0020921746435947847
MLP,600,92,0.13670702,0,1.0,False,-0.00015308262427283484,0.00036185483007645527,0.002232319979415181,0.001715341797921292,0.002104156849204223
MLP,600,92,0.19630009,0,0.0,True,-0.00017720853557724031,0.0002905870967981874,-0.00021643077831456095,-0.0007271008067746147,-0.0004501907175479357
MLP,600,92,0.25358066,0,0.0,True,0.0006439821723402204,-0.0006475684120125221,0.00027718559961910746,-0.00020096370763729,-0.00016900219651216656
MLP,600,92,0.10731739,0,0.0,True,-0.0008410917856683541,-0.0008223315921699678,-0.00041143567020267567,-0.0005042915005961842,-3.2064167101981866e-05
MLP,600,92,0.17445315,0,0.0,True,0.002743062261575348,0.0013977454343044786,-0.0001823316504140456,-0.0005818512860278471,-0.0004402366957404238
MLP,600,92,0.47555816,0,1.0,False,0.003627291885489658,0.00465798878498537,0.004454683384459381,0.00472573136451476,0.004610028618970013
MLP,600,92,0.38619035,0,1.0,False,0.004059735817933933,0.0042275504974943505,0.004237473061493726,0.0038202337637960183,0.0032614784436355644
MLP,600,92,0.13750146,0,1.0,False,0.0015452826031387892,0.00250151656830055,0.002424656723645187,0.0023593088760676217,0.002231469122578359
MLP,600,92,0.14362074,0,1.0,False,-0.0012195997687692878,0.0021991267966169374,0.0017401963007855317,0.0018248751801311467,0.002185706867971555
MLP,600,92,0.14019418,0,0.0,True,-0.00285230110350291,-0.0020275596326322157,-0.0010582655206267195,-0.0006107769122055417,-0.00036442105716028294
MLP,600,92,0.19549638,0,0.0,True,0.0017805981640328676,0.0012446435510416838,0.0011832587650794733,0.0012660193671994312,0.0008616981792325499
MLP,600,92,0.6314048,1,1.0,True,0.0007974145839185214,0.0018755635399912947,0.002864757899553482,0.003923508936843066,0.003873302673832136
MLP,600,92,0.26399437,0,1.0,False,0.004351692225433442,0.002439407218117435,0.0018672908275370198,0.002400231004681863,0.002843065207822784
MLP,600,92,0.10113992,0,0.0,True,-0.0004571375646604333,0.0009377006690386992,0.0003485212230046484,-7.05166313005458e-05,0.00014437303231974082
MLP,600,92,0.19764648,0,0.0,True,0.0030711112714783095,7.724665174976952e-05,0.0007573620767441779,0.0003591067306611003,-0.00015818287461933319
MLP,600,92,0.22475721,0,1.0,False,0.0015734944596451142,0.00098991684449843,0.0017378352873486623,0.00210916349264856,0.002425859274444096
MLP,600,92,0.43728217,0,1.0,False,0.0002942345108900733,0.0025940443246228067,0.002923187925323136,0.0031422758552109814,0.0031777691871016952
MLP,600,92,0.18361406,0,0.0,True,0.0017026536949635803,0.0008465839887056497,0.000145248784259448,-0.00029929617951218767,-0.0006000904881188559
MLP,600,92,0.26670757,0,0.0,True,0.0007344079766117754,-0.0009747935687641538,-0.0017188314154057054,-0.0014436579898897094,-0.0013390602624951094
MLP,600,92,0.22719322,0,0.0,True,-0.0007423656821978316,-0.0012776509352551862,-0.0006747947946902994,-0.0003536141236282574,-0.0004187023442051565
MLP,600,92,0.15062203,0,1.0,False,0.0026933570947926546,0.002222194741056975,0.002811204003888108,0.0024086379972494978,0.0027314247870658306
MLP,600,92,0.39629132,0,1.0,False,0.00424789066643041,0.004095467235502176,0.004102732110320158,0.00395203096372369,0.003401590651358445
MLP,600,92,0.32903042,0,1.0,False,0.001813858191660608,0.003981909244967126,0.00353000033142608,0.0037807434536087496,0.0036479437144631643
MLP,600,92,0.20191804,0,0.0,True,-0.0005801481126250152,0.0031870677959929226,0.0024344006501090063,0.0019217478792607865,0.0020118148734922657
MLP,600,92,0.46171713,0,1.0,False,0.002442917056724592,0.005480304226116686,0.00508540230313785,0.00502225546897401,0.00495248743398993
MLP,600,92,0.43331495,0,1.0,False,-0.0018323527722833275,-0.00039150247342866764,0.0008845616196364726,0.0019479982710706204,0.002692873856430387
MLP,600,92,0.25460806,0,1.0,False,0.001991881387229113,0.0030071938859660106,0.0031323295491670435,0.0027709470590464623,0.003335261806182639
MLP,600,92,0.20733915,0,1.0,False,0.0038953785964356493,0.0032080183800601786,0.002781493186534336,0.002471409110131324,0.0019307662351563549
MLP,600,92,0.21213382,0,1.0,False,0.005503397507294637,0.0034968635314317335,0.00282673662880147,0.0033668029069143417,0.003433609495191688
MLP,600,92,0.21723032,0,0.0,True,0.002558525070287096,0.001081971508524905,0.0017506948642807686,0.0011435815189234303,0.0011789116293283827
MLP,600,92,0.15773505,0,0.0,True,0.0005483437190623433,-0.0007627751385834915,-0.0012343377463988109,-0.0007248073239207931,-8.714498656183879e-05
MLP,600,92,0.2693824,0,1.0,False,0.004013381640484425,0.0035994827813614913,0.0036025600404546677,0.0039445254524653585,0.003959287264694335
MLP,600,92,0.21978806,0,1.0,False,0.0032655182827338036,0.0026554440597742817,0.00220611295042333,0.003205295457351606,0.0031191246568488366
MLP,600,92,0.5301369,1,1.0,True,0.004345773689989661,0.0030238948129619014,0.0035039326955415796,0.0037611440601231618,0.0038923965238205904
MLP,600,92,0.11219562,0,0.0,True,0.0008006586133804741,0.00021633748217329712,0.0003726411529808708,0.000727173077773228,0.00044349505252418213
MLP,600,92,0.14838919,0,0.0,True,0.001747319114561001,0.0017348665247077632,0.001300604584643482,0.0007224312558487682,0.0006867442018627814
MLP,600,92,0.39659548,0,1.0,False,0.004957907222076483,0.003917778564893929,0.003271655890733857,0.0033203532588954123,0.0031452773457137893
MLP,600,92,0.20534784,0,0.0,True,-0.00040669588289095565,-0.001902407850494338,-0.0009461592841368549,-0.0009362644870118063,-0.0007787819218142915
MLP,600,127,0.1761779,0,0.0,True,0.0014933886570750723,0.0011658774056721038,0.00014871545880648624,-0.0007734764716539267,-0.0004948990493248701
MLP,600,127,0.2931714,0,1.0,False,0.007603404756991636,0.009962657485093847,0.007433901728994619,0.008139801316346694,0.008286541580543847
MLP,600,127,0.48333257,0,1.0,False,0.0057983402078088855,0.007332483950450285,0.006764736239206784,0.00616723846923267,0.006611783833574371
MLP,600,127,0.31387964,0,0.0,True,-0.00012743768945383015,0.001518347677829946,0.0025016358932970465,0.0012962887373335512,0.0017795302675571417
MLP,600,127,0.20555472,0,0.0,True,-0.0012837040999757882,-0.0013040792481427545,-0.0008638451166488823,-0.0009101348074031182,-0.00014540527788336514
MLP,600,127,0.36913314,0,0.0,True,-0.0030609827341728625,-0.0012673705872641606,-0.0012694291102230057,-0.0006948883668834806,-0.0009707662669898635
MLP,600,127,0.26194242,0,1.0,False,0.008047715958627754,0.007087827074919128,0.007113015237351999,0.007629415519697939,0.007423004685997459
MLP,600,127,0.1991254,0,1.0,False,0.006120110317982894,0.00805997966583682,0.007343000857670678,0.008187513909913744,0.008059192487260338
MLP,600,127,0.18504511,0,0.0,True,0.0014394017034205788,0.0011870234925734483,-7.099203497576358e-05,0.00037704519777642827,0.00044214955494093785
MLP,600,127,0.62881577,1,1.0,True,0.009961937215421242,0.009115870038311984,0.01037852792002806,0.00962771885471469,0.009412959908731014
MLP,600,127,0.14576836,0,0.0,True,-0.0017003196997372016,0.0006205475995103079,0.000336700151770852,-0.0004399900721671064,4.4523741141077356e-05
MLP,600,127,0.7096941,1,1.0,True,0.01105304476359929,0.01070858018604699,0.01015555251990746,0.00932199665190875,0.009918463355341488
MLP,600,127,0.85470605,1,1.0,True,0.010687301606635046,0.010429012802523232,0.010235252077882858,0.00901696325562992,0.008559165362494202
MLP,600,127,0.15178238,0,0.0,True,-0.0016389254689555975,-0.0006492862696874376,-0.0005740408201518638,-0.0004207100071669001,0.0001739862903729282
MLP,600,127,0.19540004,0,0.0,True,0.00030771222862195966,-3.9321741821119896e-06,0.0005740669765600076,0.0009823583917777966,0.0015150661451028406
MLP,600,127,0.15929937,0,0.0,True,-0.0019320834767849577,-0.001451912653190435,-0.00045632572792916724,-1.0286277876628917e-06,-0.0005615979996722773
MLP,600,127,0.22432585,0,0.0,True,-0.003107581438759049,-0.0005592863396559593,-5.623080157503992e-05,8.135076059904811e-05,-0.00043901201420718785
MLP,600,127,0.1858247,0,0.0,True,-0.0011581899009270272,-0.00017056812919760553,0.00011078499845644079,-4.531818798461128e-05,0.000951865176482077
MLP,600,127,0.28388095,0,0.0,True,-0.0006313692735190851,-0.00024769293151104325,0.0005454971081195841,0.00041021962757749255,0.0008226554616811905
MLP,600,127,0.15995082,0,0.0,True,-0.001998068934107778,-0.0011420739979138787,-0.0011932092679159615,-0.0013030010958597364,-0.0014062770573499373
MLP,600,127,0.3547841,0,1.0,False,0.011006919488574818,0.010712553351301328,0.00950167407722757,0.009557514791838907,0.00943680907546833
MLP,600,127,0.424595,0,1.0,False,0.011253104986434658,0.010632936465665419,0.009389792131016726,0.008907937500415741,0.008889382765936244
MLP,600,127,0.68328625,1,1.0,True,0.006327043457133649,0.008913706697966628,0.008446398525608995,0.007890954901648123,0.007616751625053633
MLP,600,127,0.118553236,0,0.0,True,0.0010127283352082818,0.0007629463978956832,0.0011203235385913342,0.0010194434495182907,0.0009033213245269363
MLP,600,127,0.18980479,0,0.0,True,4.989823686672638e-05,0.001197218482055166,0.0017242379676293902,0.0011478300762942687,0.001073074719118353
MLP,600,127,0.56578463,1,1.0,True,0.0036225315002940393,0.006677577485456896,0.0069005890362077915,0.007465637973615623,0.00757097183644227
MLP,600,127,0.17506845,0,0.0,True,-0.0001500246764605701,-0.0008186444533762395,0.0005409294004837086,-0.00010005540625759906,-0.0004475041313075863
MLP,600,127,0.6166094,1,1.0,True,0.008781935432791535,0.007714535195157336,0.00784371067883255,0.007634353311639207,0.007892777803858221
MLP,600,127,0.8139091,1,1.0,True,0.010645356294057592,0.01030338189276139,0.009806586080200588,0.0090319138771089,0.00878602408486823
MLP,600,127,0.30062518,0,0.0,True,-0.0011508310781906316,0.0008893629128482704,0.0009431524931323861,0.0008477101589975408,0.0006152698948343073
MLP,600,127,0.17327487,0,0.0,True,-0.0007291181902749588,-0.0008327786352413496,-0.0017095426325014769,-0.0015064272903975696,-0.0010878158488873948
MLP,600,127,0.18252066,0,0.0,True,-5.129158958844419e-06,0.0009667987666155368,0.0005931727529655452,0.00037424354546498407,0.00043262357305865937
MLP,600,127,0.32382634,0,0.0,True,0.004190108530699035,0.003010067294840196,0.00218480379010735,0.0011336403983751482,0.0009400090490105332
MLP,600,127,0.6517739,1,1.0,True,0.005678280028564947,0.005877871328581299,0.006969832822131603,0.007466573008707286,0.007867088819822825
MLP,600,127,0.18807462,0,0.0,True,0.0018409773205202231,0.0002914145739520482,0.0006754328539661171,0.0013450518623072689,0.0010376796981168073
MLP,600,127,0.16178119,0,0.0,True,0.0004057905717394038,-5.891694812130338e-05,0.00018724621229135723,-0.00016355469844757574,-0.00017790143771313405
MLP,600,127,0.19957061,0,0.0,True,-0.0022452630020377714,-0.0015843435240996929,-0.001659974078264668,-0.001560456485822808,-0.0010254194251182725
MLP,600,127,0.9501116,1,1.0,True,0.0071055647237373495,0.0065351622541480305,0.00706746101533799,0.007384400411705071,0.007008927104512939
MLP,600,127,0.29771513,0,0.0,True,0.0005394221606644833,0.00013889238071144533,8.142506693248756e-05,-3.3803704248601724e-05,-0.0005687747640509287
MLP,600,127,0.47372165,0,1.0,False,0.006874909608086797,0.0058665252074871325,0.006651753336739383,0.006906967126511716,0.006611393996012685
MLP,600,127,0.5810015,1,1.0,True,0.009836913122786539,0.009672355691398286,0.009323743397404665,0.008397099646501037,0.007915550217224517
MLP,600,127,0.3646011,0,1.0,False,0.005376198122892094,0.005447533228022062,0.007737275040821922,0.009131487224035952,0.009363910522811079
MLP,600,127,0.16402823,0,1.0,False,0.010099916847557903,0.011091347501979721,0.00999039248503563,0.00902475208519387,0.009209024170271361
MLP,600,127,0.5031607,1,0.0,False,-5.4216282501198125e-05,0.0005333349362366649,-0.000392456650832035,9.631167997226772e-05,-7.890503249910306e-05
MLP,600,127,0.25918368,0,1.0,False,0.009080626443066798,0.007844985913313108,0.00775070769706732,0.008274096363789545,0.007576075986016635
MLP,600,127,0.4853713,0,1.0,False,0.005781654738904174,0.0044803718358341505,0.006181687687829338,0.005968248207433397,0.00742440800040899
MLP,600,127,0.13069202,0,0.0,True,-0.0003196616215806425,0.0007132021307579995,0.000822473834915288,0.0008079687040517497,0.0009525022580760729
MLP,600,127,0.45514974,0,1.0,False,0.0074972288032627695,0.00771226059124033,0.007320185133813164,0.006972104753119208,0.006911594115610384
MLP,600,127,0.7244998,1,1.0,True,0.010103838802382777,0.008951238931103164,0.008355627299383574,0.0077945318625217514,0.00796444946973214
MLP,600,127,0.40872085,0,0.0,True,-0.0004909025627115758,-0.00019617917801881287,0.00029605432497087657,0.00020520203691137747,8.142140246461303e-05
MLP,600,127,0.19718172,0,0.0,True,0.0001980715169813988,0.0006663373326682349,-0.00014510180792748776,9.111752958017618e-06,-0.00034597708969992476
MLP,600,127,0.22584274,0,1.0,False,0.006469667155171626,0.008861405932207828,0.008854915614932934,0.007879173430233364,0.007905981731783192
MLP,600,127,0.1145284,0,0.0,True,0.002458657106582529,0.0017923354503216816,0.0014463925635292366,0.0012640222675223281,0.0008466383102472857
MLP,600,127,0.4259768,0,1.0,False,0.010885971011943626,0.009307935060643237,0.0093233003747555,0.00875901830880437,0.007924678524264595
MLP,600,127,0.18736342,0,0.0,True,-0.0015148835366946374,-0.0005275499245360211,0.00025891408969036327,-0.0005730295029808165,-0.0001307379417646478
MLP,600,127,0.16987783,0,0.0,True,-0.00040846233342758985,-0.0011968584918993254,-0.0010147869635963062,-0.0009560831028082204,-0.0005827757758497354
MLP,600,127,0.15304519,0,0.0,True,0.0008063134468075253,0.0006593858000957728,0.0007872237750640286,0.0009004136284145039,0.0002071521027904333
MLP,600,127,0.3032634,0,0.0,True,-0.004065049840433441,-0.0028570690594904346,-0.002395965496277412,-0.0019470606494950769,-0.0020519816934160607
MLP,600,127,0.38084182,0,1.0,False,0.006403830383880837,0.007745384855427049,0.008691999033655598,0.00875540654216354,0.008655775772572032
MLP,600,127,0.1271074,0,0.0,True,0.001128773629985007,0.0003917317876660715,0.0004301243580753493,-0.0002352696884677175,0.0002268369844288228
MLP,600,127,0.44690868,0,1.0,False,0.0018419593784108183,0.00401560346815946,0.005810115037686277,0.006419815503561479,0.006680079971930828
MLP,600,127,0.30331272,0,1.0,False,0.006518842425218038,0.008518228816134333,0.007551798723747574,0.007029128736062771,0.0077727463218972065
MLP,600,127,0.21658193,0,0.0,True,0.0018196755718502434,0.0012642467154766863,0.0007543425976354545,0.0004490736027972786,-5.8084026287050155e-05
MLP,600,127,0.27218708,0,1.0,False,0.009380248293093356,0.009864474810262197,0.008746101278216949,0.00878532259014598,0.008570585718438325
MLP,600,127,0.19577147,0,1.0,False,0.009642020420781206,0.009146589848232148,0.009190795826314838,0.008724334668236404,0.008863708539719035
MLP,600,127,0.32529414,0,1.0,False,0.008678510714211447,0.0097626477672439,0.00916547279103546,0.00994145194158491,0.009539235907462078
MLP,600,127,0.5042084,1,1.0,True,0.01070460107327569,0.009485885959117117,0.010171773375746844,0.010214590653960626,0.010481244753403982
MLP,600,127,0.12213373,0,0.0,True,0.0010975917472374336,0.0009534049524137342,0.0003799432036777,-0.0003700427692282877,-0.0003552266704567902
MLP,600,127,0.28125042,0,0.0,True,-0.00034107180234320097,3.179764008297045e-05,-0.00044757920551775015,-0.0004925528551004318,-0.00017916521141776528
MLP,600,127,0.53591657,1,1.0,True,0.008113509014128266,0.006084627353139515,0.00686358648377954,0.007234281302111832,0.007803444168474097
MLP,600,127,0.22312833,0,0.0,True,0.00126828983624154,0.00046470284437993197,0.0002895228888638241,0.0008532016472931817,0.00040284843562660513
MLP,600,127,0.82438284,1,1.0,True,0.002909146729345547,0.006390078274853929,0.008126662345786757,0.008085176032275522,0.00875653058685696
MLP,600,127,0.2578516,0,1.0,False,0.009025930748294896,0.008919284827600802,0.009180386839832693,0.009409820796446677,0.008679849116485222
MLP,600,127,0.14707011,0,0.0,True,0.0019559605465086344,0.0007128577486669374,-0.0006718511054798456,-0.0007743199768279863,5.71718806152538e-05
MLP,600,127,0.3495295,0,1.0,False,0.008522426592227864,0.007537755227680893,0.008612611279542721,0.009193344182052742,0.008045339017681886
MLP,600,127,0.38108537,0,1.0,False,0.008971102311278433,0.008087572816954288,0.008005211740456973,0.008265637168652615,0.00831668548121425
MLP,600,127,0.1652052,0,0.0,True,0.0019080163840983883,0.0007401484717556601,8.488184481619796e-05,0.0007163141985031183,0.0004103172287305186
MLP,600,127,0.21743631,0,0.0,True,0.0015224066357994428,5.925246696853649e-06,2.1604215125650307e-05,2.6756549794422136e-05,-0.0004705079908277696
MLP,600,127,0.2550915,0,0.0,True,-0.0008853812148748076,-0.0005376397071322302,-0.0007600195096798755,-0.0006303987569256194,9.61308079180317e-05
MLP,600,127,0.36645323,0,0.0,True,-0.0017864129975718992,-0.0005848874553618788,-0.0011576626844131718,-0.0010210199366293324,-0.0009816803878438512
MLP,600,127,0.31978494,0,1.0,False,0.008856703538603771,0.0099614098068313,0.009414347476250551,0.009568341477509342,0.008895827626811773
MLP,600,127,0.13486955,0,0.0,True,-0.0007360025775557446,-0.0003605160649301264,-0.00042870980903110816,0.00012983966840493587,0.00010831799477128073
MLP,600,127,0.38050842,0,1.0,False,0.0059367307796942955,0.006348216979842065,0.007377279557773935,0.007526251660971003,0.007334628894550279
MLP,600,127,0.13161083,0,0.0,True,-0.0009405042780113652,0.00017816866210263688,0.00017274643575118537,0.00029841769673771487,0.00038409182999397636
MLP,600,127,0.13168886,0,0.0,True,-0.0007346012689649761,-0.0009524397004464563,-0.0008603347406816227,-0.0011186016495522695,-0.0008074161187048904
MLP,600,127,0.24747078,0,1.0,False,0.011680219950515556,0.010375611478958734,0.009499900139016823,0.009261937228612923,0.008638497864930057
MLP,600,127,0.41299438,0,1.0,False,0.009662348939204988,0.0080446486671114,0.008454899284083871,0.008906330354067574,0.009207664075736923
MLP,600,127,0.2920426,0,0.0,True,0.0007623211077173298,0.002411513965427897,0.0018040863849641488,0.0013904356283425015,0.0006732864654128549
MLP,600,127,0.20070107,0,0.0,True,-0.0010188792468328644,-0.0005909071535601232,-0.0004687662775538477,-0.0005514431300282503,-0.0004806824761063414
MLP,600,127,0.14829192,0,0.0,True,-0.0004633989832817935,0.00147439422199221,0.0012470262685442192,0.0010527771639385537,0.0007822726554094538
MLP,600,127,0.17433864,0,0.0,True,0.0007346798097839631,0.0017627176064415864,0.0014101324142309199,0.0010472545294826583,0.0005983577635538358
MLP,600,127,0.75903237,1,1.0,True,0.010213537405603379,0.008818289706238594,0.0076697170882377794,0.007300947527116087,0.00707514740416795
MLP,600,127,0.32898727,0,1.0,False,0.008342667589295607,0.007603365068016468,0.0071211657920327714,0.0077514118021994845,0.007301919807233071
MLP,600,127,0.35271,0,1.0,False,0.009125336732530841,0.011452719849964432,0.01070709651211136,0.011176388021065109,0.011313666318503432
MLP,600,127,0.11053218,0,0.0,True,0.0035129290745890985,0.0009009172879872358,-0.0001324313701973355,-0.0008215735461560625,-0.000558171352581617
MLP,600,127,0.19921169,0,0.0,True,0.001119962747677924,0.0004445373031781312,0.00014472146265552275,-0.00043214294714663564,-0.0006749214789714775
MLP,600,127,0.28476757,0,0.0,True,0.00047010436982199946,0.0019325893307290398,0.0026319251201484856,0.002132581499207403,0.001941489059079637
MLP,600,127,0.20870548,0,0.0,True,0.000422856261533583,0.0011667277572668235,0.0015291040641952792,0.0011087222909917653,0.0012405715558583468
MLP,600,127,0.13124149,0,0.0,True,0.0009656427152378422,-0.00039808794866213587,0.00025192492204503385,8.809548838594042e-05,0.0003336447705995019
MLP,600,127,0.2598672,0,0.0,True,0.0015272340811020963,0.0002945950716271978,0.000695155101001526,0.00026712357186812157,0.00017298808823752856
MLP,600,128,0.6656146,1,1.0,True,0.010159374037389987,0.00941037154661823,0.008873749331921213,0.008345055189664365,0.00844445588918184
MLP,600,128,0.29543722,0,1.0,False,0.007795285649274748,0.00884641321672095,0.008695204487417448,0.008767973125202628,0.008668462294347042
MLP,600,128,0.14649516,0,0.0,True,0.003138557634319726,0.001995933495467841,0.0028957773656836227,0.0014787017604995048,0.0015946263933886257
MLP,600,128,0.34310886,0,0.0,True,0.0008401832048286297,0.00040365155862440394,-0.00010603844658891325,0.00017562313468961007,-0.00030719560760237923
MLP,600,128,0.11179452,0,0.0,True,0.0003231643242682191,0.00029569300452896843,-3.4862881487081806e-05,-0.0007136493675981678,-0.0007276662578138184
MLP,600,128,0.31912553,0,0.0,True,-0.0033225137734168783,-0.002286569385529787,-0.0021017392570740322,-0.001102105006462939,-0.001005331796871651
MLP,600,128,0.15362658,0,0.0,True,0.0020955616749536114,0.0007912093988881838,0.0005271238032963704,0.00010920149846313843,0.0005414927684751721
MLP,600,128,0.18328224,0,0.0,True,0.0001687779599124562,0.0015445684641829612,0.0002341387548556916,7.993408854164324e-05,-0.000574378705522424
MLP,600,128,0.29026476,0,0.0,True,0.0016960551240039576,0.0012017132641534117,1.1716703126793718e-05,0.0005635466651331651,5.005986513012061e-05
MLP,600,128,0.7727917,1,1.0,True,0.005948775330285234,0.006705647040425689,0.006525467765088423,0.0052636014789443466,0.006414290285026475
MLP,600,128,0.92137796,1,1.0,True,0.011113926750216841,0.007550674026061618,0.007229277346751242,0.009007291310474862,0.008824918348449624
MLP,600,128,0.38173833,0,1.0,False,0.007974325162359495,0.008899517155597702,0.009509113781817334,0.009790436482711369,0.008573344361543306
MLP,600,128,0.13472694,0,0.0,True,0.001544633355210036,0.000933158094815436,0.00022784328558783824,0.0001341005663275062,-0.0004012428343051217
MLP,600,128,0.307644,0,1.0,False,0.006789847636562123,0.008697223921958125,0.0075791429196851575,0.008255142102176045,0.007400100347053476
MLP,600,128,0.47988573,0,1.0,False,0.007399345757319152,0.005654276176637477,0.007934141886397907,0.007960874810175537,0.00752166865524438
MLP,600,128,0.66508627,1,1.0,True,0.009071075261560905,0.009988981646789482,0.008614113800826762,0.008577424035861207,0.008853132872279153
MLP,600,128,0.15355793,0,0.0,True,-0.0009750666389537185,-0.00036313463321754403,-0.0008632295432151045,-0.00037620007864190184,-6.617702045378015e-06
MLP,600,128,0.1349101,0,0.0,True,0.0013308074872893667,0.00036839065518077743,3.0639107779467916e-05,-0.0001817290804135967,-0.0002480491960989984
MLP,600,128,0.467329,0,1.0,False,0.009309967537036432,0.00979671010433837,0.009193604076109117,0.009479777757644803,0.00927862178434217
MLP,600,128,0.51594734,1,1.0,True,0.00805921055952248,0.00801607895170003,0.008778866797384557,0.008661278745061188,0.008424843470694558
MLP,600,128,0.19724984,0,0.0,True,3.863479444019742e-05,0.0002726197227360971,0.00022455610208335248,-0.00023732647788025528,-0.0002280136726975582
MLP,600,128,0.23484908,0,0.0,True,-0.0016433540981602246,-0.000909689549148227,8.728185298680378e-05,-0.00016078098865891498,-7.541078118079861e-05
MLP,600,128,0.6290747,1,1.0,True,0.005336699042200135,0.005218981379554349,0.005911086432851876,0.006535086547479121,0.007225879519524695
MLP,600,128,0.3118312,0,0.0,True,-0.0009818631995785643,0.00011471039947774958,0.0002596366356572742,4.4206176399826646e-07,-7.724307817506726e-05
MLP,600,128,0.74825853,1,1.0,True,0.008721184911985933,0.007344573640670545,0.007054003663839025,0.006934996185922666,0.00664702917156777
MLP,600,128,0.7107038,1,1.0,True,0.0016006958268510285,0.004481352062681737,0.004849176778269436,0.005855723168245699,0.006014803543512698
MLP,600,128,0.5273592,1,1.0,True,0.007914049630955324,0.007324534530209364,0.006295680493675491,0.0064093091361296225,0.006664069289216242
MLP,600,128,0.64093643,1,1.0,True,0.00932563771623422,0.009578520676113709,0.010342679371185904,0.008447953330119135,0.008562742287535403
MLP,600,128,0.6490694,1,1.0,True,0.006454266690231433,0.007537190876594047,0.007100209292713578,0.008100571024500224,0.008200908474553995
MLP,600,128,0.16631274,0,0.0,True,0.00025983815441321434,-0.00014649182309455167,-0.0005757822590083521,4.598011096703862e-05,0.00013585309259112
MLP,600,128,0.113955215,0,0.0,True,-5.752258276127102e-05,0.0014683330105861921,0.0010589984880765295,0.00047918685025853284,0.0006701321027164616
MLP,600,128,0.11918848,0,0.0,True,-0.0015860356523691994,0.0003396176114858836,0.00011691617818551314,-0.00011449895371121224,-0.00038204980442793147
MLP,600,128,0.2894032,0,1.0,False,0.011014228899942509,0.008766576772906064,0.009730099034528693,0.008700895119683465,0.00855783736058566
MLP,600,128,0.6547093,1,1.0,True,0.006921202585595574,0.008266448361286816,0.008852277225494068,0.008345943384813764,0.008235440232021376
MLP,600,128,0.119123824,0,0.0,True,-0.0017838234410983576,-0.002500932314002889,-0.0019558514269456054,-0.0029919073845409263,-0.002569257329148182
MLP,600,128,0.42513815,0,1.0,False,0.008657015948213307,0.01034381122689236,0.008940712145300901,0.007658955002333289,0.007688669397982928
MLP,600,128,0.20292084,0,0.0,True,-0.001242603781615328,-0.0005055874664971409,-0.0013671598810658457,-0.0010209848348200503,-0.0009607047993291842
MLP,600,128,0.63362706,1,1.0,True,0.010102563974638342,0.009481385380753314,0.008058552644129236,0.008534657885470713,0.007813258940053306
MLP,600,128,0.22369389,0,0.0,True,-0.0013244318441356254,6.404770100216356e-05,-0.0010163554015391995,-0.000948401510510567,-0.0007012900310493522
MLP,600,128,0.23350224,0,0.0,True,-0.0003736842575907648,0.000889955759512734,0.0014034705769156862,0.0010795726336182286,0.0008229292978296906
MLP,600,128,0.39655942,0,1.0,False,0.013046252693340457,0.009347749135607836,0.008738528531207327,0.00864066610924993,0.008609400383598032
MLP,600,128,0.9017841,1,1.0,True,0.008949392578568747,0.008990442653934406,0.010714649937844174,0.010158527962511885,0.009212187305671795
MLP,600,128,0.63321745,1,1.0,True,0.008464356064812554,0.007750300347744513,0.00835803243964769,0.008547437002708944,0.00835807311518482
MLP,600,128,0.41856745,0,1.0,False,0.01105535809128082,0.0087088691147641,0.008939254874470512,0.008425235175446653,0.008584813877300914
MLP,600,128,0.17280075,0,0.0,True,-0.00197682615757078,0.0006113582061814118,-7.39166984191503e-05,-9.766327068163594e-05,7.785104927274026e-05
MLP,600,128,0.13726358,0,0.0,True,0.00023401967423855298,0.0007130860306370426,0.001475309510071297,0.0017308488075085562,0.0017789541286929772
MLP,600,128,0.15099062,0,0.0,True,0.002814885289098833,0.0012047923539298757,0.00108030093922996,0.0004535700751968075,0.00027248541472019275
MLP,600,128,0.26707062,0,1.0,False,0.007392971619034287,0.007379852914742217,0.007693504224043288,0.007541324848741301,0.00635812498112702
MLP,600,128,0.41237304,0,1.0,False,0.00965461833467619,0.00953170454857233,0.007130625629620548,0.008611711052998098,0.008889435921206824
MLP,600,128,0.1967129,0,0.0,True,-0.003148513538589848,-0.0020566759365737305,-0.0012769478549512184,-0.0008089286112046203,-0.0009175834430316371
MLP,600,128,0.24588503,0,1.0,False,0.008490323771987754,0.005442711565154489,0.007008913407964062,0.008029355386471032,0.008375224885561135
MLP,600,128,0.5014602,1,1.0,True,0.006422687557276071,0.006305306438743457,0.00743283119181964,0.0069924003216795105,0.006563701921366858
MLP,600,128,0.20435879,0,0.0,True,0.000974041079662866,0.000637940896654878,0.0006913367956738703,0.00013263805103284256,0.000616513704352682
MLP,600,128,0.29179972,0,0.0,True,0.0011057579529534687,-0.00033295823586819873,0.0007156761984407753,0.0007781320527471659,0.0006138333094484584
MLP,600,128,0.27897042,0,1.0,False,0.01065269050920936,0.008597820009462276,0.00745742024592869,0.007366264889009269,0.007740669631759928
MLP,600,128,0.20042732,0,0.0,True,0.0004760798801966892,-0.0005817463118358186,-0.0005302513970023924,-0.001427959708888664,-0.001210845270259809
MLP,600,128,0.14799951,0,0.0,True,0.00033356169738832565,0.0009993729685041025,0.00024302414702865794,0.0006048787961324805,0.0008080438625321918
MLP,600,128,0.17632759,0,0.0,True,-0.0041403242342771054,-0.002665087160725197,-0.0011186177389944547,-0.0010949033074436159,-0.000522677403250454
MLP,600,128,0.22279634,0,0.0,True,0.0008861840017694395,0.0006639764571765871,0.0004450548234984119,0.00017662186513629985,0.00018713758153297226
MLP,600,128,0.26070485,0,1.0,False,0.013500301883465071,0.01125592572446088,0.009918240718594122,0.009647132098967006,0.00948295433249888
MLP,600,128,0.4925564,0,1.0,False,0.0074217133589831565,0.007558866244515063,0.008515350689981353,0.008537621087693499,0.00823549414570392
MLP,600,128,0.13968645,0,0.0,True,-0.0012623194405840135,-0.00198738954801076,-0.0019928192995438804,-0.0017872045621891498,-0.001691030151438977
MLP,600,128,0.25989327,0,0.0,True,0.0023056579865319356,0.0009706987616013251,0.0005607764284645053,-0.00029281338070230497,0.0002973561496316432
MLP,600,128,0.4136069,0,1.0,False,0.0032034761510884033,0.004422725437283314,0.004559464493057766,0.0055728862980840305,0.005892458132936468
MLP,600,128,0.5958686,1,1.0,True,0.01090063256132496,0.008896429825182971,0.0077080728495779105,0.00791948715914553,0.007002899710900694
MLP,600,128,0.44078344,0,1.0,False,0.00925002698459533,0.007325064579917454,0.008025828422906108,0.008265991564222865,0.008428546822538588
MLP,600,128,0.40063232,0,1.0,False,0.008514999148409185,0.008603496320387094,0.008484467025694489,0.00875777341514904,0.00872086708640696
MLP,600,128,0.4753052,0,1.0,False,0.009629537194947371,0.009033502294500369,0.009328025467822638,0.010268889969972276,0.010471524171123181
MLP,600,128,0.1267319,0,0.0,True,0.0012500685284646746,0.00025956200357008414,-0.00027152306486100266,0.00023901452380594004,0.0007213094404139292
MLP,600,128,0.17477953,0,0.0,True,0.0004993092940987655,-0.0007534095809905791,-0.0011311879054747937,0.00017983249575799902,9.568090674807454e-05
MLP,600,128,0.34204358,0,0.0,True,-0.0003634907859324144,-8.54319266385648e-05,-0.0005406825014669297,9.163237726654879e-05,0.00013775773139036238
MLP,600,128,0.1548603,0,0.0,True,0.0023162255993790888,0.0023628187548030265,0.0013596699186890881,0.000577448825937821,5.170585732700449e-05
MLP,600,128,0.76834506,1,1.0,True,0.007779208431850331,0.00760471262493704,0.0069207331351172465,0.00744021612047515,0.007572952265527418
MLP,600,128,0.19292091,0,0.0,True,-0.001849089636834088,-0.0011598684376963448,-0.0019950269749800394,-0.0015090176266002696,-0.0013134254692208054
MLP,600,128,0.20483133,0,1.0,False,0.012408696912271288,0.00936988464900876,0.00889190990495598,0.008778996525201803,0.008819063064735682
MLP,600,128,0.14096984,0,0.0,True,0.0009615479684851368,0.00030788188806480125,1.181226835274032e-05,0.00023872315180699141,2.7868362605060244e-05
MLP,600,128,0.39485762,0,1.0,False,0.008369476254617243,0.008755184406243744,0.007640264785905122,0.007115729970603588,0.00751754526551239
MLP,600,128,0.2592233,0,0.0,True,-0.0012171244973873832,-0.0017305492067195593,-0.0022169365559487463,-0.0012299442718168886,-0.0011798987932162724
MLP,600,128,0.10414651,0,0.0,True,0.0016315779794119055,0.0017523376870689537,0.0009278455014273514,0.000997641029781787,5.8070524855237374e-05
MLP,600,128,0.1344172,0,0.0,True,0.0018523005939610102,-0.0003297228334152303,0.00020518268449210242,-0.0005646545031773833,-0.00029164615121479444
MLP,600,128,0.1644045,0,0.0,True,0.0019469620860193917,0.0016783934603722915,0.0013945593268089114,0.0009810018318224102,0.000958346376838373
MLP,600,128,0.1482794,0,0.0,True,0.002876515952475571,0.0014030344016316954,0.0015305705592974174,0.001865673881087313,0.0015339139237629557
MLP,600,128,0.108754344,0,0.0,True,-0.0014109162786803498,-0.0007770468273438164,-0.0002090291417943443,-0.0004880752762461915,-0.0005508500206846659
MLP,600,128,0.8525029,1,1.0,True,0.005734733351964096,0.008947570330777947,0.009497466423710254,0.009394831931041337,0.008755603924646388
MLP,600,128,0.22818549,0,0.0,True,-0.0015689472155268392,-0.0012892309551816277,-0.002038246098887673,-0.0016513603572324176,-0.0012843224615525664
MLP,600,128,0.12342952,0,0.0,True,-0.002457457994041369,-0.001131141106865315,0.00040547446375997466,0.000851717383608663,0.0009817335728474457
MLP,600,128,0.83223283,1,1.0,True,0.009021293165348445,0.009636578700947439,0.008223858967212264,0.007220004553853715,0.00817038776840395
MLP,600,128,0.15558295,0,0.0,True,0.0005063921258487673,-0.0010359291099467836,3.7107791702811134e-06,-0.0005523094748914251,-7.782119933034672e-09
MLP,600,128,0.31690562,0,1.0,False,0.007844356922734561,0.008672576912022029,0.008909401899837728,0.009087553958419441,0.009436659130968706
MLP,600,128,0.1726496,0,0.0,True,-0.001274557155856413,-0.0014148642068267739,-0.00022320318479045531,0.0002828748915795446,8.238306752068529e-05
MLP,600,128,0.5600589,1,1.0,True,0.011384749244092694,0.011464018700873033,0.010521498972928334,0.010543564966451861,0.009796569380340061
MLP,600,128,0.17664902,0,0.0,True,0.00059313870347602,0.0014539883765820525,0.0008317268688562485,0.000316787325973066,0.0010404254689959749
MLP,600,128,0.24327426,0,0.0,True,-0.00016344822241639,0.0004963708865525985,0.0005404731366097341,0.00020437713697115742,0.0001107769675334721
MLP,600,128,0.26108757,0,0.0,True,-3.3382932470947055e-05,-0.0013227433320346792,-0.00044220932138352596,-0.0001464410458776437,-0.00042992753470759643
MLP,600,128,0.26295003,0,0.0,True,-0.0010446406237523058,-0.0014660976939039718,-0.0015350680621388569,-0.0010918234897604963,-0.00036339525078231356
MLP,600,128,0.72115976,1,1.0,True,0.012890332519325974,0.010754155041992655,0.00975335314937826,0.008701174068153275,0.008414547311309743
MLP,600,128,0.7590826,1,1.0,True,0.004825123060206526,0.0074196345914205085,0.007207145471138008,0.006130076303100435,0.005723509962847902
MLP,600,128,0.3171852,0,1.0,False,0.005789751325995924,0.006540981291674521,0.005947891147512714,0.006487297658121067,0.006935411383662273
MLP,600,128,0.13363776,0,0.0,True,-0.00022267373778271093,4.4462819425125466e-05,-5.0279484862638596e-05,7.519106680935082e-05,-0.0004222443560456015
MLP,600,128,0.3918614,0,1.0,False,0.010989856353968827,0.00951207738215126,0.00956089540024797,0.009719132888415603,0.009122958589756749
MLP,600,129,0.18557431,0,0.0,True,0.00020560538032053148,0.00037006664703248093,-0.00043510838234860777,-0.00013702676028658298,0.00037595786485699614
MLP,600,129,0.15528096,0,0.0,True,0.002474764865580481,7.919077090983329e-05,0.00028082270504120404,0.0006483488402314664,6.541255618888111e-05
MLP,600,129,0.20398442,0,0.0,True,-0.001341207098460987,-0.00033146150957924004,-0.0007340036697396359,-0.00025670562762534436,-0.0004221912237729652
MLP,600,129,0.24953873,0,0.0,True,0.0005611103988481356,0.0009040992313521206,0.00013840598726475744,0.00026822123540164926,0.00039655861826639113
MLP,600,129,0.19285259,0,0.0,True,-0.0012795375930093461,-0.001040889539730281,3.753115914015627e-05,0.000858097353846135,0.0011047353832147739
MLP,600,129,0.7001991,1,0.0,False,0.002590356540304928,0.0008965667680185003,0.0007905252939133946,0.0002734208683630258,0.0005343705203491379
MLP,600,129,0.25992316,0,0.0,True,0.0004951298303755533,0.0005624078265558828,0.0004216549858193251,0.0003527323363878246,0.0003750703584140277
MLP,600,129,0.25464183,0,1.0,False,0.008681046186273453,0.008114386299170474,0.009117244587834153,0.00798046847311332,0.007877302222786521
MLP,600,129,0.17901807,0,0.0,True,-0.001168662901136464,-0.0006377530644570703,-3.1632358281557706e-05,-0.00033337707098043343,-0.00021108973125352217
MLP,600,129,0.26954582,0,0.0,True,0.0037055981110954545,0.0012386217486953291,0.0010863757047067952,0.0010593785565564582,0.0008179304309868052
MLP,600,129,0.588848,1,1.0,True,0.009446417578366815,0.010328575655731148,0.007918033470221865,0.007623465727749421,0.007652145057174926
MLP,600,129,0.39235386,0,1.0,False,0.00964826618712218,0.01019376151669296,0.008805891749200842,0.00839760532942067,0.008194146106076303
MLP,600,129,0.43805614,0,1.0,False,0.008907400755708221,0.007801110705221092,0.007465843750650747,0.006953615231261568,0.007116039435981029
MLP,600,129,0.16671608,0,0.0,True,-0.0009473363234846992,-0.0016053724026847418,-0.001493366427011248,-0.0017600253940834613,-0.0018024736124038854
MLP,600,129,0.685677,1,1.0,True,0.005678396122857841,0.0068725974766173925,0.007094687915918538,0.007313649484225627,0.006871626772047443
MLP,600,129,0.2667718,0,1.0,False,0.005775010134109885,0.0069493336219192195,0.007863741788236477,0.008283231899000444,0.00841083037858153
MLP,600,129,0.63465977,1,1.0,True,0.012257023579879671,0.011256387265018902,0.010062806933451521,0.00936734871463992,0.008674402368849359
MLP,600,129,0.18919891,0,0.0,True,0.000504597335302106,-7.701199586552245e-05,-0.0003065264004418021,-0.00040209316034272436,-0.000708697905392633
MLP,600,129,0.55055547,1,1.0,True,0.012435838864755,0.010000971474661315,0.007941306064401557,0.008035737466490498,0.007953309183622385
MLP,600,129,0.110915504,0,0.0,True,-0.0020483333852891555,-0.0001564139046005659,-3.57635196492809e-05,2.4629205785203196e-05,0.00035349603813237857
MLP,600,129,0.13847838,0,0.0,True,-0.001768994334601514,0.00048265910337778043,0.0013034950110193055,0.001254930207689073,0.0007169630504887202
MLP,600,129,0.16649449,0,0.0,True,-0.0027199799906079698,-0.0024048531016495193,-0.0016486404869026762,-0.000868929385310061,-0.0007412215552138484
MLP,600,129,0.6494682,1,1.0,True,0.007195156503086362,0.00949619528879865,0.009294003120763429,0.010239435951010263,0.010120042164338544
MLP,600,129,0.37334937,0,1.0,False,0.011732625738539037,0.009063269606097013,0.00925660178268616,0.009579229427275212,0.009200008790107827
MLP,600,129,0.3820391,0,1.0,False,0.008127643029740386,0.008114270847260107,0.00823151832916217,0.008099909843967454,0.009016414018975715
MLP,600,129,0.2619638,0,0.0,True,0.003238520147411109,0.0009744217835787399,0.000690958088020218,0.0006427306348896696,0.0008238984471873438
MLP,600,129,0.61311907,1,1.0,True,0.0062428796940602995,0.004914114338931436,0.006439091883119463,0.007742532030760643,0.007418462901686944
MLP,600,129,0.22066212,0,0.0,True,0.00222558362690248,-0.0003818392117376253,-0.00021957547228421988,-1.1471878637726304e-05,0.00028223351461437727
MLP,600,129,0.66159725,1,1.0,True,0.005829382794282409,0.00617945389808014,0.007011183157729544,0.008303926196241434,0.0088623796023118
MLP,600,129,0.68931544,1,1.0,True,0.006896935314699774,0.008261772229967147,0.006984622399376721,0.007313123522035358,0.007797859926111031
MLP,600,129,0.3670414,0,1.0,False,0.011288070666869337,0.011664543308237236,0.011529135285742028,0.010648933028272481,0.010471794611001367
MLP,600,129,0.18691991,0,0.0,True,-8.846445570971458e-05,0.0008778988600391227,0.001632063565979299,0.001395388725713363,0.0012358553419801787
MLP,600,129,0.2007175,0,0.0,True,-0.0016764906224871257,-0.0009563588266094051,-0.0011138563532006865,-0.0003913988120164873,-0.0005313138410282924
MLP,600,129,0.15430047,0,0.0,True,-0.0003632203331573474,-0.0006477038689128848,-0.0012260446571536784,-0.0016822535174138588,-0.0016253052128371414
MLP,600,129,0.13161926,0,0.0,True,-0.00020127106824845188,-0.0007110240956380233,-0.001886820905532949,-0.0015294605434510076,-0.0009455642313612702
MLP,600,129,0.24044201,0,1.0,False,0.005853673183247637,0.006799736087788051,0.0077324975906851445,0.007841624560928162,0.00805055394395582
MLP,600,129,0.3869044,0,1.0,False,0.0077009912177331665,0.007801812542458483,0.008648117459253254,0.00889291736299127,0.008671145132102829
MLP,600,129,0.50851125,1,1.0,True,0.010222493703145874,0.008457209452286927,0.010323313684836844,0.009875923934318765,0.00943726262667704
MLP,600,129,0.37847406,0,1.0,False,0.006031110780416631,0.008887999831720367,0.008715395943525751,0.008461074933890617,0.008546818969997894
MLP,600,129,0.16026203,0,0.0,True,-0.0006915585853398088,-0.0017059268586229652,-0.0014582347799959945,-0.0013850978963085175,-0.0010746645846633216
MLP,600,129,0.32440284,0,1.0,False,0.008605986556837348,0.007229509384060135,0.0066212313111540305,0.006979044872717152,0.006832449337196811
MLP,600,129,0.47228312,0,1.0,False,0.008353596758100814,0.006535361742004994,0.006436841543520288,0.007588528515735805,0.007536417568377999
MLP,600,129,0.14304376,0,0.0,True,0.0006275836928688123,0.0008313392799511217,0.0007604334219622384,0.0008298000194738958,0.0006316079996110314
MLP,600,129,0.21407321,0,1.0,False,0.00876047708918558,0.007537390237282789,0.007393175311551565,0.007093965310235774,0.007620182751284168
MLP,600,129,0.6493243,1,1.0,True,0.00920973676315834,0.007549400525598591,0.007818651129396345,0.006842401304698429,0.007070903700183823
MLP,600,129,0.28616655,0,1.0,False,0.010061091327908877,0.00863260375698209,0.008598981488496684,0.008204979584067275,0.007892765857645624
MLP,600,129,0.11361459,0,0.0,True,0.0009388277809026698,0.00016547971292682744,-0.00010747931257438501,1.7939929632539638e-05,-0.00020591546499543081
MLP,600,129,0.1303179,0,0.0,True,0.003408779277904886,0.0020693537518986166,0.0009359284804104993,0.001441078903816471,0.0004474945613679591
MLP,600,129,0.12159399,0,0.0,True,-0.0020838933633182052,-0.0014423854935677095,-0.0008163590993026524,-0.00046139102561053774,-0.00013771262770085097
MLP,600,129,0.21724284,0,0.0,True,0.0011126574080455004,0.0001388986114887932,0.0009304953432994202,0.0008364070398650965,0.0011486345337495306
MLP,600,129,0.6600327,1,1.0,True,0.010588141946896855,0.008806432909518633,0.0096972622136849,0.008568699758656442,0.00846956967237029
MLP,600,129,0.10830951,0,0.0,True,-0.0024374001843337685,-0.0008688410513925973,-3.716645693120734e-06,-0.0005913536878881686,-0.0003740941216857618
MLP,600,129,0.5591394,1,1.0,True,0.009588022278044527,0.010367415062051997,0.009535346817592914,0.009646991780909298,0.008942342388485193
MLP,600,129,0.24233025,0,0.0,True,0.0020737062046501634,-0.0002694604473261992,-0.0002455580696526747,-0.0011221430662936714,-0.0011881954700676226
MLP,600,129,0.54353726,1,1.0,True,0.009494481789522289,0.008833459234026897,0.008866967613745771,0.00949014947543422,0.009923547052415351
MLP,600,129,0.53751326,1,1.0,True,0.007481578075824942,0.00677997789162452,0.0064217774766854785,0.00617710590124578,0.006635509847380416
MLP,600,129,0.7113897,1,1.0,True,0.011188698826649685,0.009045421362930614,0.008677115100850199,0.007914778867193441,0.007863463212598808
MLP,600,129,0.45048934,0,0.0,True,-0.00069040711391486,-7.279900766575862e-05,0.00010735210871216133,0.0007764145804522127,0.00020392815790976562
MLP,600,129,0.751752,1,1.0,True,0.006246689403169319,0.00647732601308094,0.006793763295182764,0.0071990060889756124,0.006820669724353611
MLP,600,129,0.31898206,0,1.0,False,0.00798914477214025,0.008900305080254535,0.007609363308667603,0.008051348194448523,0.008503635325175589
MLP,600,129,0.84064513,1,1.0,True,0.008942267842635689,0.009133596139887757,0.008578225325299175,0.007782122953424572,0.00733303825637535
MLP,600,129,0.25270417,0,1.0,False,0.004364540664071871,0.006150606806837312,0.008478699024612483,0.008431850860283852,0.008411996854370437
MLP,600,129,0.6362014,1,1.0,True,0.004088772558926782,0.006760135622481936,0.007384606983117059,0.006906885491551136,0.0077198462930591375
MLP,600,129,0.11253432,0,0.0,True,-0.00020222263741728614,-0.0001773491064169416,-0.0003698431644700366,-0.0007063181375755058,-0.0004732248028768169
MLP,600,129,0.23186539,0,0.0,True,0.0038108614430962633,0.0016948310504604689,0.0012029208630460588,0.0016822310650184476,0.0017096215849246488
MLP,600,129,0.18761054,0,0.0,True,-0.0019198954450141685,-0.00042888411420645526,-0.00021742382154169032,7.6674775868689e-05,-1.0086223906140429e-05
MLP,600,129,0.47589976,0,1.0,False,0.00967759046294464,0.010740678523469382,0.01082133531752252,0.010666970323996642,0.010302157465126876
MLP,600,129,0.3905101,0,0.0,True,-0.0008366121447601166,-0.0012353371054275595,-0.0007894955188168745,-0.0006027602137770149,-0.0007330511834073724
MLP,600,129,0.684924,1,1.0,True,0.009187342144188931,0.007270454706221331,0.007173159301182261,0.008070376651511632,0.007291236851486059
MLP,600,129,0.25795692,0,1.0,False,0.0035544435030729904,0.005063833656902335,0.005925578143790449,0.006505881832065076,0.00667821760073254
MLP,600,129,0.22278087,0,0.0,True,-0.0023430475180258262,-0.0022280760100608253,-0.0006766601129673217,-0.0006140087711385896,-0.0007652980400795627
MLP,600,129,0.3085423,0,1.0,False,0.012721195129113528,0.012300215836641207,0.011583106232653633,0.010267835415729488,0.010180963093332246
MLP,600,129,0.19412063,0,0.0,True,0.0016358690913005048,0.00124176850227332,0.00024868776983001445,0.00031773036047339095,0.0004364281428180652
MLP,600,129,0.57512844,1,1.0,True,0.009966080231874702,0.009158725273697273,0.008093646571508883,0.008765534578399342,0.008983666950323602
MLP,600,129,0.5392017,1,1.0,True,0.006927626154538131,0.007927630739689367,0.008665440244328328,0.008782020639630649,0.008895200677896481
MLP,600,129,0.23170081,0,0.0,True,0.0006453071515766513,0.0009828085269189602,-0.00014883903376242458,3.1879643461601673e-05,0.00035827027657879193
MLP,600,129,0.7284311,1,1.0,True,0.007948782365428345,0.008494788844086013,0.009254642609533924,0.009860900529635857,0.009094888574042496
MLP,600,129,0.6757806,1,1.0,True,0.00476837232212449,0.005658298008348115,0.006060960845036972,0.006814847630007042,0.00759530565303091
MLP,600,129,0.5367792,1,1.0,True,0.008829004858111191,0.0072547617683317404,0.006095897381814206,0.007071791462225352,0.0072921293854965
MLP,600,129,0.56609446,1,1.0,True,0.004518940677601429,0.005514368640556012,0.005881304075505295,0.005179292067803017,0.005109920388966537
MLP,600,129,0.7097403,1,1.0,True,0.007304116432531698,0.00711507169285904,0.007635568597761606,0.00776268118692285,0.007419592979750386
MLP,600,129,0.11231243,0,0.0,True,-0.00038955714913199664,-0.00125050402120859,-0.0010295471795906065,-0.0005748473481042626,-0.0005697908633272079
MLP,600,129,0.27922443,0,0.0,True,2.6724555617274303e-05,0.0008148139137011665,-0.0007127847011798876,-0.0005604530594010443,-0.0004300218551266298
MLP,600,129,0.5528094,1,1.0,True,0.0058092279729628485,0.006719160345915689,0.006335562862079056,0.0066050188751225975,0.0071644761178418755
MLP,600,129,0.23672642,0,0.0,True,-0.000919217607187123,0.0005837857716171852,0.00046531057852241154,0.0006992888752600072,0.0007743050128080347
MLP,600,129,0.13100158,0,0.0,True,0.002128449276912814,0.0018097553193482704,0.0011280774298404867,0.0006964892299838644,5.161829258787123e-06
MLP,600,129,0.1384837,0,0.0,True,-0.0019096041302359781,-0.0021923979084319265,-0.0009688685737949217,-0.0010510714286321742,-0.0008964679659496513
MLP,600,129,0.81847155,1,1.0,True,0.008461303120610216,0.00911189446312324,0.00935454890228152,0.009641867296260057,0.00938228486997239
MLP,600,129,0.1546028,0,0.0,True,-0.001614203476343159,-0.0018661790504113382,-0.00154631726763071,-0.0014467407586430427,-0.0009284186513766043
MLP,600,129,0.306797,0,0.0,True,0.0011066744634969298,0.001043579388919893,0.00122949905614618,0.0008140469013493293,0.0007555254906350762
MLP,600,129,0.16910057,0,0.0,True,-0.0021305338201452906,-0.0019289518805904132,-0.00160249061595139,-0.0014912057169006513,-0.000989252769148361
MLP,600,129,0.22947352,0,1.0,False,0.005981621862497257,0.00487525788253756,0.0051644752923963476,0.0056488978923676806,0.005949765741922102
MLP,600,129,0.3873857,0,1.0,False,0.009554816477858967,0.008757277505814506,0.009399072245231802,0.009471976544145413,0.010362094954725167
MLP,600,129,0.20825748,0,0.0,True,-0.000609056099052787,-0.0018655407466750648,-0.0017175148004477186,-0.0016217197736367488,-0.001073427351060651
MLP,600,129,0.60749143,1,1.0,True,0.0096714893612999,0.010300613606938864,0.009888401811039534,0.00960659895159691,0.008307016868020125
MLP,600,129,0.37300476,0,0.0,True,0.004368753430143718,0.0010223731811079592,0.0001881828589239677,4.667179645828515e-05,0.0001493731131773287
MLP,600,129,0.3321013,0,1.0,False,0.010805503542188904,0.009271616651736887,0.009909309318472342,0.009716789121418762,0.00932292848350685
MLP,600,129,0.28848267,0,0.0,True,-0.0002469115628361267,-0.0007651487477634861,-0.0010370628117806245,-0.0007399565223042079,-0.0006543735307713339
MLP,600,129,0.68258214,1,1.0,True,0.006731686173388177,0.007711658565257074,0.008381761245038637,0.007924642883291814,0.00775648808390979
MLP,600,129,0.1512363,0,0.0,True,0.0007495837033463027,0.00013774771282822578,-0.0007074705401620493,-0.0004698288443715457,-0.00018746750181926965
MLP,600,130,0.51146847,1,1.0,True,0.01408367706477078,0.011105176275174822,0.00952171166253177,0.010028525118553339,0.010204948634564077
MLP,600,130,0.16463606,0,0.0,True,5.1869263983000675e-05,-0.0002377869006974306,-0.0010741690316442578,-0.0006398558091214834,-0.00014898652638998985
MLP,600,130,0.16619271,0,0.0,True,0.000895357466507912,-0.0003793856482367352,0.00015358845668516285,0.0009770863363316115,0.000699573582755274
MLP,600,130,0.92073244,1,1.0,True,0.01247752213452562,0.012003574632284197,0.011354290024813384,0.010555186275004059,0.009726829710632129
MLP,600,130,0.16935888,0,0.0,True,0.0002645310109249574,0.0009609645538052663,0.0012980572478184078,0.0007659359382796385,0.0007144326823388939
MLP,600,130,0.25219938,0,1.0,False,0.011563397483875883,0.009153210052419898,0.00886449378229734,0.009278729676462392,0.009413549655354373
MLP,600,130,0.15552625,0,0.0,True,0.000489655669918406,-5.57466409990243e-05,-0.0005240136742127058,0.000329097240258191,0.0002657188771652463
MLP,600,130,0.36361802,0,0.0,True,-0.001153701551558718,0.00027117958440708905,0.0010386747340900121,-0.00019437817359965544,0.00037326949384279345
MLP,600,130,0.34756672,0,0.0,True,0.001323104236537919,-0.00021301124020556086,-0.00040449873890871155,-0.0008785083606902461,-0.0008944513761241383
MLP,600,130,0.53365767,1,1.0,True,0.006671675860304296,0.00782453425425557,0.00854089680585174,0.008614530045887685,0.008935302496591514
MLP,600,130,0.1851565,0,0.0,True,0.0013623324274367869,0.001466555579333042,0.001992696096092739,0.0021329040353629232,0.0021251969239016798
MLP,600,130,0.51826906,1,1.0,True,0.00840540903786843,0.007927468798530915,0.007684923065653526,0.006797990066374841,0.007258928388816351
MLP,600,130,0.17533226,0,0.0,True,-0.000584645316645187,0.000475872642398181,-0.00011921924672945334,-4.490521663203442e-05,0.00015606484261166753
MLP,600,130,0.2044872,0,0.0,True,-0.0018439676346780553,-0.0007342395652985566,-0.0005982309025711342,-4.365890611580193e-05,-3.312972977593401e-05
MLP,600,130,0.13816111,0,0.0,True,0.0013989145926181646,0.0010577031177735263,0.0010225101633283566,0.0005494621651530924,0.000543496586782654
MLP,600,130,0.13846374,0,0.0,True,0.001230925856707265,0.0005079591686981353,0.0015174807502351436,0.0011101218945035831,0.0008066323675398686
MLP,600,130,0.218562,0,0.0,True,-0.0009460981764102632,0.0006682504611338643,0.00032136186094866467,-0.0001019017804456838,0.00021095199553108077
MLP,600,130,0.8588542,1,1.0,True,0.005335712649942476,0.010171683680064507,0.011405561528417828,0.011629403802059384,0.010937016930918269
MLP,600,130,0.1660459,0,0.0,True,0.0015468120055712703,0.001217082881528928,-0.0001503300903860887,0.0003948726155416385,0.0007339288501387312
MLP,600,130,0.41609186,0,1.0,False,0.010082643572109399,0.007754763228952088,0.007695361004860798,0.00794910303302341,0.007754834391463417
MLP,600,130,0.34029856,0,0.0,True,0.002292170514223008,0.001525610721047809,0.0008877691372342117,0.0001405593624339985,0.00036151548650270116
MLP,600,130,0.49211904,0,1.0,False,0.008012875726775136,0.007869193465828992,0.007784655369753446,0.0073564482107568285,0.007866496286329629
MLP,600,130,0.22916408,0,0.0,True,0.001525733456983653,0.001125987831503139,0.0006716220825971708,0.0010315606502673707,0.000923310850031844
MLP,600,130,0.24750203,0,0.0,True,-0.00030225209689528285,0.0004466290169684038,0.0006931489728813714,0.0012213647490249356,0.0008200671039614482
MLP,600,130,0.26140928,0,0.0,True,0.0015901262400284694,1.510244125609864e-05,-0.0005981179729021196,-0.0005204950871055205,-0.0006627497430285966
MLP,600,130,0.56680655,1,1.0,True,0.008558001614017862,0.0072560836835851815,0.008111906331658104,0.009132337745978962,0.009413820875252646
MLP,600,130,0.17973515,0,1.0,False,0.008492403575248463,0.0076276556210916405,0.008443246096226634,0.00876327045069997,0.008651431503372614
MLP,600,130,0.8719324,1,1.0,True,0.007623181227527234,0.009439686484755709,0.008760154702409758,0.009961831876492949,0.008954233333212852
MLP,600,130,0.18923031,0,0.0,True,0.0016515947262359255,-0.00035211112125642526,-0.0007799650961006641,-0.0010086354076865606,-0.0011341838332526426
MLP,600,130,0.87032145,1,1.0,True,0.004315629570396823,0.006299357773649409,0.00657322884632445,0.0066041243498004614,0.006555746060886178
MLP,600,130,0.37559307,0,1.0,False,0.011970123630101867,0.010367844399865501,0.008832630230291875,0.008484189310355035,0.008657386329978315
MLP,600,130,0.4867672,0,1.0,False,0.010023303982347935,0.0082524738085469,0.008111509307686036,0.009214343262344406,0.008489962964911535
MLP,600,130,0.12501033,0,0.0,True,0.001038791515279338,-1.0377475052806689e-05,2.9660362542690717e-05,-0.00017483785234295404,-0.0001034848225064248
MLP,600,130,0.29509404,0,0.0,True,0.0007603309949738745,-0.0006314625687610691,-0.0006580022707252706,-0.0002699116587326173,0.0005081678078574457
MLP,600,130,0.8069082,1,1.0,True,0.010460720910066876,0.01185872740866872,0.01019892985911748,0.008896404156809364,0.008540986581099572
MLP,600,130,0.27157533,0,0.0,True,-0.0013581527554743452,-0.0008747488594956536,-0.0009851072332493689,-0.0006182112328864932,-0.0003186370948789481
MLP,600,130,0.22756511,0,1.0,False,0.004123026189096071,0.007738166169241067,0.006900194467253538,0.007134690565994943,0.00702120741632816
MLP,600,130,0.10329824,0,0.0,True,0.0009023315446892812,0.000972740677422468,-2.7571286451367703e-06,0.00027302052734720265,-0.0002970534389409897
MLP,600,130,0.719608,1,1.0,True,0.00593824565420571,0.008226115318279941,0.008803437930185528,0.009418711974106313,0.009178737921222611
MLP,600,130,0.24458358,0,1.0,False,0.013266351061100645,0.009253428248638458,0.009102307842166982,0.0071043281547124556,0.006331358289098138
MLP,600,130,0.66372377,1,1.0,True,0.009081813524296935,0.010342525341037618,0.009698991318072215,0.010499287513330546,0.010477933616236532
MLP,600,130,0.6451589,1,1.0,True,0.00961120267772262,0.00775077873686879,0.0077024486953793,0.007688319241883824,0.008547703522032392
MLP,600,130,0.59862334,1,1.0,True,0.009085365747797513,0.009109702814884268,0.008693586039644598,0.008946355201764997,0.008975114265212908
MLP,600,130,0.44210973,0,1.0,False,0.00525319483270778,0.0070203230939036585,0.0066164918055833175,0.008195250149205378,0.008390834371035126
MLP,600,130,0.74282444,1,1.0,True,0.005687143562297686,0.007735856721530951,0.007337272352264784,0.008077916777137187,0.008125992051125812
MLP,600,130,0.16075481,0,0.0,True,-0.0015529721803229097,-0.0013176046244114765,-0.0009703432114973902,-0.00029055419392082086,-0.0008659052751324342
MLP,600,130,0.19191125,0,0.0,True,-0.00022815991955115635,0.0009690838016716247,0.0007673654663364868,0.0011645629566665538,0.000436611767893988
MLP,600,130,0.26587576,0,0.0,True,0.001156197917296412,7.105488745913872e-05,0.000398090949875327,-0.00041707082704918,-0.00028624430304176335
MLP,600,130,0.47416776,0,1.0,False,0.01060892850430045,0.00935087939412773,0.009651288471267932,0.008833693389599754,0.00882985053721352
MLP,600,130,0.24291581,0,0.0,True,-0.00047674954757032843,-0.0003853865186260379,-0.000572454772949377,-0.001317715711780094,-2.0693498177434746e-05
MLP,600,130,0.21538863,0,0.0,True,-0.00028947524061241094,-0.000721342309374807,-0.0007080029522217773,2.3628359130499e-05,-0.0002904133688865707
MLP,600,130,0.2601668,0,1.0,False,0.010609308625603392,0.011434521295536697,0.010999073748751892,0.010621284509534413,0.010466336904685255
MLP,600,130,0.19818689,0,0.0,True,-0.0005455550879367186,-0.00013108028157808165,-0.00017662456348507556,-0.00037246131541508845,-0.0001687588899012146
MLP,600,130,0.7923157,1,1.0,True,0.00910542497008636,0.009951554984489332,0.008843996924114602,0.008406047526152961,0.008080950760845921
MLP,600,130,0.7611413,1,1.0,True,0.009876520879314997,0.009929388011586352,0.00948241551661639,0.009941755933883719,0.009692978550564188
MLP,600,130,0.60387164,1,1.0,True,0.008216628012622532,0.008404202176961816,0.007369613799874618,0.00616850085777349,0.006981861408881687
MLP,600,130,0.54924685,1,1.0,True,0.008668757725886312,0.008943202062041515,0.00882428385921779,0.009405805245943305,0.009658016863942976
MLP,600,130,0.2082466,0,0.0,True,-0.002199641714472522,3.461889568493323e-05,-7.780390000916171e-05,6.52816413940129e-05,0.00016023439173249536
MLP,600,130,0.7547402,1,1.0,True,0.007354413055110352,0.01218342008888902,0.009640649396584837,0.009574999501372226,0.009796742498965706
MLP,600,130,0.21849489,0,0.0,True,-0.0015435227951553197,-0.00011050362907039656,-0.0003047568197764251,-0.0007201630635209984,-0.0007969822773933471
MLP,600,130,0.17359118,0,0.0,True,-0.0002331263187025757,0.0009669715748717468,-0.00031155445155948573,-0.0011667054877545911,-0.0012342737296638028
MLP,600,130,0.6802603,1,1.0,True,0.010990504522912585,0.010988528192044595,0.010475627985566014,0.010499295426460362,0.010428811719702304
MLP,600,130,0.23294199,0,0.0,True,0.0007607581996035736,0.001491083530642431,0.0005522208020395054,-0.00019117571717591772,3.200616839939262e-05
MLP,600,130,0.43041706,0,1.0,False,0.008525061566658538,0.007078898574788096,0.00625605399699582,0.0060653338750419295,0.006469356403095014
MLP,600,130,0.20979626,0,0.0,True,0.0011835557014967513,0.0004552640429219705,0.00031250430292269785,0.00030247623727847295,0.00044614507176788466
MLP,600,130,0.59678483,1,1.0,True,0.01217641796679879,0.0118723221118388,0.010151801264187845,0.010558030897766532,0.008980070971741189
MLP,600,130,0.45701545,0,1.0,False,0.011447170085203125,0.010150247355481574,0.00868054934241994,0.008893313932295886,0.009323379847203168
MLP,600,130,0.18492362,0,0.0,True,0.003234975821765037,0.0011934840687300656,0.0005272495025926291,0.0009092326755759179,0.0011133662036361914
MLP,600,130,0.257264,0,0.0,True,0.0022001221160879744,0.0029760857952217247,0.001436331461656989,0.0013659284596158157,0.0009779211796724619
MLP,600,130,0.75633866,1,1.0,True,0.01037490716339808,0.012422008647867707,0.010945752365383732,0.01023199461450181,0.009424608380392123
MLP,600,130,0.20321697,0,0.0,True,0.0021701283230149567,0.0013392798237911246,0.0002803741259861744,0.0003038570537712971,0.00041521770835602505
MLP,600,130,0.49938813,0,1.0,False,0.009971603517646565,0.009197520187571268,0.008533748206892296,0.00924259006469038,0.009276318149533907
MLP,600,130,0.47977462,0,1.0,False,0.007665107358219684,0.008106031141243135,0.008170663221271843,0.008050266028076701,0.00849434779679413
MLP,600,130,0.15627453,0,0.0,True,-0.0005567139474534992,-8.936108376267216e-05,0.00012422405474821874,-0.0001383522343018988,0.0004999872187507965
MLP,600,130,0.17713553,0,0.0,True,-0.00019930286299886684,0.0006361295105303457,7.015005558809309e-05,-0.0008115540892107189,-0.0008570592386183993
MLP,600,130,0.18309943,0,0.0,True,0.003121774077587709,0.0018545241859961518,0.0014844519362141228,0.001292751122190301,0.0014582724405978096
MLP,600,130,0.34670505,0,0.0,True,0.00025185779830334267,-0.0010260165587173754,-0.0004888898819391666,0.00017881394226287013,0.00013792093379042642
MLP,600,130,0.10182066,0,0.0,True,0.001451741041839643,1.8809411416263707e-05,-0.00021803943988975356,-0.00010247198720211807,-0.00019275903466338612
MLP,600,130,0.35229933,0,0.0,True,0.0005037899417893431,-0.001420003046265359,-0.000578547842669436,-0.0003498850940235074,9.235093017872683e-05
MLP,600,130,0.20340204,0,0.0,True,0.001145421688305085,-0.0009839116196858127,-0.00018666745087351594,-0.00015985843322530058,-0.0004966472042524657
MLP,600,130,0.58046293,1,1.0,True,0.008966908115978193,0.008085665433933053,0.008792058528233136,0.007460339110299986,0.007856153025820883
MLP,600,130,0.1880075,0,0.0,True,-0.0009162090402119748,0.001179896326599054,0.001387649003316218,0.0007267918466433369,0.00054199181336695
MLP,600,130,0.37491146,0,1.0,False,0.010384670006278901,0.007695240391862635,0.007280694113060177,0.007769406162212892,0.007934126344594299
MLP,600,130,0.38597408,0,1.0,False,0.007176101834665846,0.009214723124879568,0.008325201553036232,0.008506532496231936,0.008028753631263812
MLP,600,130,0.8571622,1,1.0,True,0.01190098371674147,0.009638421370959417,0.007931419901152897,0.008120178297537112,0.007807430025263021
MLP,600,130,0.2798602,0,0.0,True,0.00021851451037770787,0.0008871003744051972,3.1376278793739294e-05,0.0007394420225689572,0.0004818596757934286
MLP,600,130,0.19244492,0,0.0,True,-0.0012308023767106018,-0.0005272416364637717,-0.0006493019437804462,-1.1967480573781042e-05,-3.6521296289519366e-05
MLP,600,130,0.5523376,1,1.0,True,0.007827537705035179,0.009504442205345416,0.009720477735475807,0.010450345379988202,0.009988072473576422
MLP,600,130,0.2164752,0,0.0,True,0.0012960190554492117,0.00038381951911123325,0.00026150468037389646,0.00016970366331017,0.00025425193971025854
MLP,600,130,0.19825849,0,0.0,True,-0.0018174518628551023,-0.002977428426848468,-0.001649609675727902,-0.0009671874686598985,-0.00028709198267892354
MLP,600,130,0.7786314,1,1.0,True,0.008411148610216556,0.006663913538060504,0.006446427804937745,0.006497772304657417,0.007320232169729209
MLP,600,130,0.19479744,0,0.0,True,0.0023037752707024367,0.000999335570771457,0.001552717743685525,0.001142852921255057,0.0006713415532562892
MLP,600,130,0.37860546,0,1.0,False,0.006428037909018202,0.007454977589669408,0.0064923891674345405,0.007101091040839068,0.007584154166030613
MLP,600,130,0.9209152,1,1.0,True,0.011268910785552273,0.01046809952574395,0.010137576098564579,0.009150513581923574,0.00903950836743817
MLP,600,130,0.7058341,1,1.0,True,0.00799208245937034,0.008697783518332175,0.007266919536770936,0.007538158168403712,0.00822196736309182
MLP,600,130,0.7230336,1,1.0,True,0.006260377082014946,0.007376723484019431,0.006900719798267582,0.007822813325422418,0.007921781113700335
MLP,600,130,0.77317274,1,1.0,True,0.0094878584696467,0.008668786473101183,0.008636114433939007,0.00906270575283118,0.009178089328419986
MLP,600,130,0.83443016,1,1.0,True,0.0007931724028002646,0.004076841540270899,0.005015900997994949,0.006372658545825004,0.00682402893492732
MLP,600,130,0.24415877,0,1.0,False,0.009372715206085569,0.008751337887028563,0.007948416996901552,0.006139505855636544,0.006751825650174342
MLP,600,130,0.9287618,1,1.0,True,0.007296829153680227,0.005487575960984921,0.0062089572912314515,0.006433435180984768,0.0067460300452425025
MLP,600,131,0.52537423,1,1.0,True,0.008324121586624756,0.008561256295764385,0.009009497118635218,0.00881107132487696,0.007960110772192526
MLP,600,131,0.69149435,1,1.0,True,0.011856479352683308,0.010357215181575608,0.0109401518522058,0.010399820383742877,0.009897704613862428
MLP,600,131,0.68686634,1,1.0,True,0.007540336931395709,0.00988854615226576,0.01002963457091021,0.01046431382660153,0.010950158970465394
MLP,600,131,0.8320999,1,1.0,True,0.009100848410502346,0.008532105690920075,0.008451151882017055,0.007959482737915314,0.008587971993999135
MLP,600,131,0.3780334,0,1.0,False,0.009819059626172874,0.008094520821056442,0.008279595072223292,0.008432824241719343,0.008541184583639196
MLP,600,131,0.5785869,1,1.0,True,0.010332318710387586,0.008965501785315542,0.00929834423405701,0.00919276934877789,0.009014033085775544
MLP,600,131,0.37078142,0,1.0,False,0.008275815587704589,0.007920931042149745,0.008357157472687476,0.0087740600293884,0.009418739430975308
MLP,600,131,0.12167641,0,0.0,True,-0.0014193610430862965,-0.0013288099194742249,-0.0017229972199050922,-0.0016423060257194763,-0.0013922090876822546
MLP,600,131,0.24720071,0,0.0,True,-0.0028874447810385913,-0.0012995410064798084,-0.0015930590046712902,-0.0020434719444188234,-0.0016727722613959488
MLP,600,131,0.24314572,0,1.0,False,0.008074541230464046,0.007749899301454388,0.008628732622961613,0.008966502649214662,0.00884196464979992
MLP,600,131,0.14314005,0,0.0,True,0.0012351728988901057,0.0008354103569840814,0.0003048375564627371,0.00022761281436014312,-0.00034586371509607504
MLP,600,131,0.18604663,0,0.0,True,-3.498246374671594e-05,-0.0009874249233875782,-0.0002097734825594575,-0.00045359873628003476,-0.0006449271239334226
MLP,600,131,0.12086221,0,0.0,True,0.0009915547902063138,0.000727975684701233,0.001186734759372491,0.0007140489771091434,0.0002806050599455165
MLP,600,131,0.17163508,0,0.0,True,0.0010050122430845683,0.0009920951257083143,0.00015019126784989248,-0.0003397091754620314,0.00020343184522878303
MLP,600,131,0.45693803,0,0.0,True,-0.0010655853281335314,-0.00033959687165164274,0.0005231638357556997,0.0020294347265269715,0.0015350279598831222
MLP,600,131,0.4366037,0,1.0,False,0.012915762436836184,0.009891225433607454,0.009358848657188291,0.009055664925625739,0.009128867465177552
MLP,600,131,0.14200725,0,0.0,True,-0.0008123315283427644,-0.00015029759645731063,-0.0009568590002424269,-0.0008146841182018866,-0.00022372069160109446
MLP,600,131,0.6127585,1,1.0,True,0.007556704850203907,0.010236469190027716,0.008851459655174318,0.009260555773108158,0.008378234856077839
MLP,600,131,0.78264695,1,1.0,True,0.0072758091706517395,0.006956232681083841,0.007290108463752189,0.0077449957232799006,0.007768640690338159
MLP,600,131,0.340035,0,0.0,True,-0.0013775748742227963,-0.0020025494574346958,-0.0011345666120052438,-0.0007881810813859642,-0.000616072930622486
MLP,600,131,0.344288,0,1.0,False,0.009184169927437624,0.008278509301303407,0.007956964254155078,0.008227352101245214,0.006812247859176789
MLP,600,131,0.14330634,0,0.0,True,-0.0010573222309846135,0.0004566928226533981,0.0007450681642051869,0.0009581479453711726,0.0010552641701906476
MLP,600,131,0.694502,1,1.0,True,0.011125839501510715,0.011157211950643462,0.009078011787483778,0.008361337668022708,0.008133415478608968
MLP,600,131,0.83579236,1,1.0,True,0.0033388943302020235,0.005806180049290823,0.007378297514875379,0.008170154285367577,0.007621441615839745
MLP,600,131,0.2140823,0,0.0,True,-0.002760384512167611,-0.002047062360895033,-0.0014254078689252955,-0.0008775749469199543,-0.001251021479451431
MLP,600,131,0.24794306,0,0.0,True,-0.0010285713746680419,-0.0006840649164938557,0.0005156580939685637,0.00028832992166289844,0.0003192948638902599
MLP,600,131,0.627272,1,1.0,True,0.009549000589568457,0.008548850186703994,0.0078072374613088235,0.008073631113780554,0.007845632556190304
MLP,600,131,0.2863592,0,0.0,True,-0.0008697100240827032,-0.00033572401943531824,-0.0010364448680564196,-0.0007490235367725883,-0.0007786453384207845
MLP,600,131,0.23557481,0,1.0,False,0.010322244715729801,0.010483922517671882,0.010071848803784065,0.009491802947869495,0.008648357990203377
MLP,600,131,0.9742799,1,1.0,True,0.009694659522194402,0.009591141449139808,0.010126863911769004,0.01087642778052714,0.009879886392350911
MLP,600,131,0.2542615,0,0.0,True,-0.0014664683790204165,-0.0004650230523738423,-0.00017917984835994343,0.000314077025210954,0.001002595651932174
MLP,600,131,0.5130717,1,1.0,True,0.009604215237461538,0.01151696664435903,0.010075225511509757,0.009113270852957765,0.008809511087779994
MLP,600,131,0.5667142,1,1.0,True,0.009127088949958787,0.008577951364135477,0.010390998338702084,0.00989323409545968,0.010508775837388898
MLP,600,131,0.4874068,0,1.0,False,0.009890513472111942,0.010408587555968556,0.01076775657334422,0.010796054429046326,0.0106669509563336
MLP,600,131,0.72596705,1,1.0,True,0.010721162263797665,0.00907894218085501,0.009765458040688912,0.0097575576317277,0.009381882533145687
MLP,600,131,0.24533981,0,0.0,True,0.004051081472220919,0.0020639117102244607,0.0003646195066688421,0.000478683121979181,0.0002347103675198853
MLP,600,131,0.13905373,0,0.0,True,0.00137999131565001,0.0009328139818410579,9.219958818116416e-06,0.0002579449477716366,-0.0003205644729563187
MLP,600,131,0.26476955,0,1.0,False,0.007177902002739199,0.010464496958687857,0.008217565259657255,0.007565711889355049,0.00804744132503629
MLP,600,131,0.4759237,0,1.0,False,0.011784771283807423,0.009357604645713233,0.00927137681975976,0.009045191599785871,0.009242812792922618
MLP,600,131,0.6571767,1,1.0,True,0.011537076129984832,0.010402815988890828,0.009844284365941177,0.009623322983677619,0.008901489671406344
MLP,600,131,0.49601737,0,1.0,False,0.009571508069003894,0.0095098858256753,0.01,0.009309623430962343,0.008685650474595198
MLP,600,131,0.15541394,0,1.0,False,0.009038184211657644,0.008577786465589382,0.008781566400202539,0.008324040575148055,0.008705124606481016
MLP,600,131,0.40745673,0,1.0,False,0.008233467557381462,0.00939616903827056,0.00818041034194487,0.008383821184120888,0.008848389886643894
MLP,600,131,0.18930891,0,0.0,True,-0.0011082439753929687,-0.0010280207973504879,0.0003119241327672941,0.0005843618214668014,0.0003283761705462889
MLP,600,131,0.1709411,0,0.0,True,-0.0016867726764843256,0.0003837721464632219,0.00022254102971643044,0.0004905012146253752,0.0005244447055267208
MLP,600,131,0.37686697,0,1.0,False,0.006967732705897632,0.008730292708108737,0.008847869707025486,0.007616306609381719,0.008197563220862784
MLP,600,131,0.12470966,0,0.0,True,-0.0004864723179975282,-0.0008767892627101116,-0.0016021316831218596,-0.0014848447026082434,-0.000987138436032364
MLP,600,131,0.5535169,1,1.0,True,0.005404561262088195,0.007429320138522245,0.00778380867660195,0.007684652802077448,0.00747718894729301
MLP,600,131,0.3786346,0,0.0,True,0.00017198868164673928,0.0004701413151509233,0.0005679795150789002,0.0006897383867680829,0.0006504601379626345
MLP,600,131,0.13172664,0,0.0,True,-0.0001266834172813983,-0.00025492431696426854,-0.0003870957716833757,-0.0002818986051394654,0.00011176811940148445
MLP,600,131,0.2844345,0,1.0,False,0.007935980399781334,0.00814870395174382,0.008755558525748266,0.009190195822420281,0.008344719581020222
MLP,600,131,0.52722716,1,1.0,True,0.012230719591938574,0.010194270889321752,0.00960921609226085,0.009884906801504527,0.009575942464135005
MLP,600,131,0.6020208,1,1.0,True,0.006276947098288916,0.008200830201028653,0.008072957202103818,0.008338683060488235,0.008339273872673462
MLP,600,131,0.6687681,1,1.0,True,0.009518005074034405,0.01088528337325808,0.009376802658412738,0.0086683364878531,0.008308143825279347
MLP,600,131,0.60021436,1,1.0,True,0.009801635792761875,0.009898983109817733,0.009695581408875942,0.009572690825855046,0.009102304591436532
MLP,600,131,0.5909745,1,1.0,True,0.008498986050614839,0.006838028520086162,0.007979852168721305,0.009163317940027784,0.008583486941491419
MLP,600,131,0.45771322,0,1.0,False,0.008931305231501973,0.00697295233226844,0.007881637868767418,0.007705385108129129,0.0077360047463816166
MLP,600,131,0.9647028,1,1.0,True,0.0120756613193897,0.009454167384277247,0.010217365622576831,0.009828427183063228,0.009696237932390793
MLP,600,131,0.28928855,0,1.0,False,0.010275932021869416,0.010886493135449381,0.010002393757780854,0.010127037226631044,0.010555274968784141
MLP,600,131,0.82035846,1,1.0,True,0.007606827858100895,0.010041413478029393,0.009302815660594217,0.00938726217621487,0.008340122586240947
MLP,600,131,0.25270393,0,1.0,False,0.006771198274221675,0.008676109130885153,0.00933740253265544,0.00877156224230413,0.008470194993866986
MLP,600,131,0.22163607,0,0.0,True,-0.0007357842060711793,-0.0013991877880801123,-0.0007686141025702215,-0.0005911197550809954,-0.0004489317286907803
MLP,600,131,0.7506005,1,1.0,True,0.011119143282237436,0.011303642273560382,0.009783141537857986,0.00961013429726649,0.009534003114118832
MLP,600,131,0.4268179,0,1.0,False,0.00881427767687299,0.007760608939084573,0.007578552919933092,0.008080469727525208,0.007991740281745922
MLP,600,131,0.14482638,0,0.0,True,-0.0022049895065213493,-0.0008451484398573035,6.922693059928678e-05,2.0965509713280715e-05,-0.0004893540533678354
MLP,600,131,0.27758414,0,1.0,False,0.005308852194394554,0.0075299105182600355,0.008600839801170263,0.008608011649133995,0.009328776208672876
MLP,600,131,0.8332537,1,1.0,True,0.010471479013821526,0.008333069818472882,0.01007642370507539,0.0098492194042776,0.009134126362868068
MLP,600,131,0.18922949,0,0.0,True,0.0002614734973461785,0.0009464583097196416,0.00046408131077164104,0.0007273697284773138,0.0006813524755709297
MLP,600,131,0.12767786,0,0.0,True,-0.00043662593720296774,0.00017542854018395566,-0.00014972178524567492,-0.00011448258707703234,-0.00040588758167396964
MLP,600,131,0.3886691,0,1.0,False,0.007182390410871105,0.007185464625132688,0.007110735848989101,0.008529635298824938,0.008783322577898605
MLP,600,131,0.13588642,0,0.0,True,-0.0012171504738307372,-0.0011513475785902266,-0.000362589710156754,-0.0009286700223913851,-0.000585815135954721
MLP,600,131,0.4526981,0,1.0,False,0.010517346254618046,0.011066408577629059,0.01122615469859094,0.011568866070546179,0.010646394512622096
MLP,600,131,0.19782165,0,0.0,True,0.0012005037729424493,0.0006860842433910335,0.001254264132265916,0.0006384209573105961,0.0002216676867837834
MLP,600,131,0.16544539,0,0.0,True,1.3356545123708803e-05,-0.0002873582040315936,0.0001341699629290226,-0.0004970401798474916,-0.0003304772030422433
MLP,600,131,0.3410707,0,0.0,True,-0.0019144059864060787,-0.002130418718379827,-0.0010944723837699602,-0.001039135285860769,-0.0011156486926868908
MLP,600,131,0.7292469,1,1.0,True,0.011986525672290476,0.010370179920054665,0.010497771742362015,0.010754326259380552,0.010386132293754442
MLP,600,131,0.21723714,0,0.0,True,0.0012726321275877597,0.0007612333939629485,0.000412527732323893,-0.00021519154088021908,0.00021152790823944135
MLP,600,131,0.3741636,0,0.0,True,-0.0009741332571845478,-0.00013116669037793434,-0.00027153957129509435,1.3677881591279963e-05,-0.0002191451878099904
MLP,600,131,0.7280012,1,1.0,True,0.0075548554299571,0.0073993033366487075,0.00810760230907436,0.008887025539717833,0.008018424412410043
MLP,600,131,0.16775985,0,0.0,True,0.0011510021854536953,0.00043074200199386435,0.0010767399294101562,0.0011189152943099074,0.000836384623155415
MLP,600,131,0.16767432,0,0.0,True,-0.00046780701842383444,9.98889493941177e-05,0.00017059153114756912,-0.000485722184093908,-0.0004381202858448198
MLP,600,131,0.52588814,1,1.0,True,0.007146566148981923,0.006796163080063688,0.007737888253783897,0.008521108003644922,0.008318023221943697
MLP,600,131,0.23011003,0,0.0,True,0.0018139214874557516,0.0027456916080515477,0.0019360527459736602,0.001354314442007468,0.001020766776583197
MLP,600,131,0.23729436,0,0.0,True,0.0019166181078268429,0.00017467114367361082,-0.00044023575238994427,6.882764101734379e-05,-0.00035216716075295513
MLP,600,131,0.27732655,0,1.0,False,0.008681744714539285,0.01067995512712892,0.010483256506146382,0.01080070009432707,0.01060970056909579
MLP,600,131,0.13833497,0,0.0,True,-0.0009404510684627879,0.0009301095282198741,0.0016072190168961145,0.0013961045164231501,0.0016382000639896773
MLP,600,131,0.59061056,1,1.0,True,0.004892891252734399,0.007013218874289206,0.007000001707810602,0.007162420378109402,0.007192092679215157
MLP,600,131,0.42261404,0,0.0,True,0.0012000422339610369,0.0002961694738550783,0.0008714710063039396,0.0005210157719612453,0.000519422704592904
MLP,600,131,0.23596679,0,1.0,False,0.007456516184277309,0.008264855961727477,0.007742358924315351,0.008461620901702285,0.008924666066080018
MLP,600,131,0.28864014,0,1.0,False,0.009560390790279934,0.007602360974195544,0.006781889927952002,0.007252463914343946,0.0072440197574887176
MLP,600,131,0.19596033,0,0.0,True,-0.0013171419540014971,-0.0009588977429577702,-0.0010664950738016122,-0.0009325875261449431,-0.0010389174428355556
MLP,600,131,0.26752678,0,1.0,False,0.011335089852101177,0.008267464282659547,0.00860228574689635,0.00926447818727341,0.009131756740090546
MLP,600,131,0.27891928,0,0.0,True,-0.002234226353151944,-0.002550706468023562,-0.0019498128506811583,-0.0015743045170088822,-0.001920999782253377
MLP,600,131,0.7151396,1,1.0,True,0.009814715777847562,0.010820019571056433,0.010500714190313612,0.010988163287811485,0.010488406751458087
MLP,600,131,0.16520941,0,0.0,True,-0.0015146386351811076,-0.001727522754079589,-0.0008444886956299262,-0.000366279129036681,-0.00015825976907986322
MLP,600,131,0.21829955,0,0.0,True,0.0012950060449907132,-0.00036076758547175637,-0.001060610194514753,-0.0014450344783731967,-0.001171830685029707
MLP,600,131,0.229269,0,0.0,True,0.0009437184209149153,0.001445757480376533,0.0013039451990227665,0.0018652553251087398,0.001410356735317625
MLP,600,131,0.38878116,0,1.0,False,0.012369125908651697,0.009830795187490991,0.010141143154984489,0.009608861971625594,0.009271949128938898
MLP,600,131,0.19969809,0,0.0,True,-0.0005197101103538617,-0.00045891326588607306,0.00017056412385315603,-0.00046385493070330943,-0.0009524267071817493
MLP,600,131,0.4666045,0,0.0,True,-0.0003635818877546591,0.0009368055106817951,-0.0006704211244127437,-0.0007559258488678797,-0.0009080556504307366
MLP,600,132,0.55536544,1,1.0,True,0.009359227054314224,0.011020339863620736,0.011144304674381423,0.010972427460847582,0.01155627057988891
MLP,600,132,0.6163049,1,1.0,True,0.011813564308795538,0.010692857944088481,0.010411777972658066,0.010688117417060154,0.010395537702355939
MLP,600,132,0.30649614,0,1.0,False,0.006301672462932039,0.006964354190223232,0.0072841951913920205,0.007270324752997954,0.008046135779519568
MLP,600,132,0.14029796,0,0.0,True,-0.00033621530142711217,-0.00019721871081084113,-0.0006693301117324402,-0.0004276259653634434,-0.00038747411265458614
MLP,600,132,0.13420677,0,0.0,True,0.0003199703365431795,-0.0002617285764624335,0.00020161844539274217,0.00015751937310809873,0.00010434826723303634
MLP,600,132,0.15884204,0,0.0,True,0.001724862434907999,0.0009048272772446464,-2.9961541313678784e-05,-0.0004632803573844199,-0.00041229843194915707
MLP,600,132,0.1490534,0,0.0,True,3.846902279079627e-05,0.00039473884658809347,-0.000377901504070423,-0.000594840048830961,-0.0005735952041265039
MLP,600,132,0.24821539,0,0.0,True,-0.00036023697050875306,-0.0011904580936562285,-0.0011430598286848415,-0.0011979469040645713,-0.0006696203556058786
MLP,600,132,0.55333835,1,1.0,True,0.008980608601665514,0.010032341945247379,0.010152918954775304,0.010103159058332083,0.009953765683504714
MLP,600,132,0.17203124,0,0.0,True,-0.002252442914882799,-0.0012658155790512152,4.222368656596452e-05,-0.0003501460568419957,-0.00047103293171667953
MLP,600,132,0.26478145,0,1.0,False,0.00966363193473971,0.010425865174243975,0.0092631287972189,0.009820195601433511,0.00940910824344921
MLP,600,132,0.18155816,0,0.0,True,0.0017157143362343768,0.0012076623961796548,0.0008825713548376257,0.0007047269464689556,0.0010158283616149518
MLP,600,132,0.26081756,0,0.0,True,-0.0015191039039985483,-0.001503437240278408,-0.0009063062008912485,-0.0001934684149512325,-0.00024190834836902128
MLP,600,132,0.1621755,0,0.0,True,4.4514927268903135e-05,-0.0004622735943637695,-8.361772807937135e-05,-0.00029150016878503064,-0.00024903227634818045
MLP,600,132,0.97037876,1,1.0,True,0.009458950767073183,0.010764706279376673,0.010831394918476855,0.011322665380545197,0.009990188189012714
MLP,600,132,0.15537435,0,0.0,True,0.00048412476122821013,-0.00013647238634499292,-0.0002062536050841772,0.000882841273363438,0.0010753799375883594
MLP,600,132,0.17681883,0,0.0,True,0.0018225926357493235,-0.0001697476368350261,-0.001221597218939014,-0.0005397130685441166,-0.0005979991504347245
MLP,600,132,0.18264218,0,0.0,True,0.0009180944745533422,0.0013978346900976918,0.0007020123886365922,0.00047370241615885493,0.0002885913000308547
MLP,600,132,0.18037525,0,1.0,False,0.00894269119873895,0.009055995147225307,0.0092920864053877,0.009158980378059947,0.008875457219894163
MLP,600,132,0.105019614,0,0.0,True,-0.0007234532052187256,-0.000130913627133721,-0.0005778801638790326,-0.0002747818551926907,-0.000997232640089667
MLP,600,132,0.52642184,1,1.0,True,0.009253336852985754,0.008096148294430498,0.009297178746628186,0.009461807552710578,0.008964375347670818
MLP,600,132,0.45278573,0,1.0,False,0.004863046474959622,0.005892875997769704,0.006191399144422143,0.006836199504275661,0.007169174628359466
MLP,600,132,0.1079317,0,0.0,True,0.0020049780673513334,0.0010848599985336148,-0.0005800320107214492,-0.0001421064539851201,-0.00027874664396926736
MLP,600,132,0.61811566,1,1.0,True,0.006655544564424218,0.005870266500226657,0.006209648289696404,0.006961021695016218,0.007924142645226373
MLP,600,132,0.19735332,0,0.0,True,0.0009515550254365142,0.0007908560679975772,0.0005982863336742774,0.0010474255385804776,0.0010832153894291148
MLP,600,132,0.63924205,1,1.0,True,0.0069727256643043415,0.006914496496849468,0.007352275576700013,0.00819943103224971,0.007836950684874068
MLP,600,132,0.58508456,1,1.0,True,0.009591559609037934,0.010374045338698606,0.009840280067270973,0.009445993427015733,0.009684391209840429
MLP,600,132,0.5507628,1,1.0,True,0.013138597620149668,0.010843830897881712,0.012142383208995983,0.01153982777961673,0.01051936080600577
MLP,600,132,0.69549644,1,1.0,True,0.0078060347191534355,0.008817555059834989,0.01055008151442133,0.010603604957288215,0.010940983160195835
MLP,600,132,0.79682285,1,1.0,True,0.00993810572635789,0.010280556301626477,0.009315504016063394,0.009611505103570613,0.010040625961492567
MLP,600,132,0.16884768,0,0.0,True,-0.00044678015408992526,-8.800065878473946e-05,-0.00038450358826736035,-0.001117712726631568,-0.0011231278858227574
MLP,600,132,0.5080345,1,1.0,True,0.008749485755871249,0.009152012423385078,0.008479751848985782,0.008540144418216749,0.008710065979755717
MLP,600,132,0.9132759,1,1.0,True,0.0050866679277873205,0.006864768677040377,0.006778359020034509,0.008207877991583592,0.007663748664426262
MLP,600,132,0.12162883,0,0.0,True,-0.0008862061337898903,1.5236891834197505e-05,0.0008866634319340696,0.0010111028050482044,0.0013027923521132902
MLP,600,132,0.567599,1,1.0,True,0.008773454050084579,0.0102068428768636,0.010395578570461434,0.010426006043363896,0.01161695102772085
MLP,600,132,0.7460363,1,1.0,True,0.004332468623971954,0.004667674179226918,0.006772436276616473,0.007424983381610311,0.0076263196364063125
MLP,600,132,0.22558944,0,1.0,False,0.009259121739506763,0.01101535587752673,0.01017549598268343,0.00977747778318423,0.009723431469547152
MLP,600,132,0.3487648,0,1.0,False,0.009870591759941955,0.010327281136295212,0.008935961407193004,0.008524566344816216,0.007812222107292011
MLP,600,132,0.45933533,0,1.0,False,0.010491428561978228,0.010203733898467774,0.010591075103778073,0.010266773549682496,0.010371443015010915
MLP,600,132,0.28248072,0,0.0,True,-0.002095877986824019,0.00014136771265115783,0.0002419200810240529,0.00011530129407602007,0.00019777048604185284
MLP,600,132,0.5715473,1,1.0,True,0.009805229218971407,0.010047357644186477,0.010371646285091457,0.010161826068351852,0.009887244176239651
MLP,600,132,0.35533878,0,1.0,False,0.012824016222211675,0.009676694478659223,0.008852263916957464,0.00870013136119178,0.008791296975280293
MLP,600,132,0.16559254,0,0.0,True,-8.063605216294396e-05,0.0001392653862516037,-0.000225850001043391,-0.0003808910041543416,-0.00015923006854634688
MLP,600,132,0.25133,0,0.0,True,0.0027510105822638104,0.0006062479446262236,0.00042737742913081405,3.2569113400776135e-05,5.550266268472958e-05
MLP,600,132,0.28518385,0,0.0,True,-0.00015453394162231963,0.00038255746867898365,-0.0008369632026845469,-0.0007578224216726159,-0.0010834743672922774
MLP,600,132,0.7711456,1,1.0,True,0.007333626037806349,0.009824161460620585,0.009321109082803617,0.009869175332239319,0.010220767733458041
MLP,600,132,0.24053256,0,0.0,True,-0.0023634969249834038,-0.0006334346673380842,-0.0004312807826647216,0.00046623972028162966,0.00031548576295256924
MLP,600,132,0.704402,1,1.0,True,0.015024430867587361,0.011826235115025103,0.013578106063164999,0.01340823324790677,0.012564714966542236
MLP,600,132,0.38433722,0,1.0,False,0.010090776602247616,0.00942012867549928,0.009485624245412647,0.009308885056416258,0.009480419469895016
MLP,600,132,0.13927487,0,0.0,True,0.001462794328732988,-0.0015407458718174948,-0.0004170470814215374,-0.00020032033904002913,-0.000475521221737343
MLP,600,132,0.24115273,0,0.0,True,0.0003315790631874402,0.00025374812813347284,-0.0004727453540100735,-0.00026497751922685515,-7.440044017757917e-05
MLP,600,132,0.42144346,0,1.0,False,0.005895889041563646,0.007287706942860065,0.008213690246835022,0.009772847954176846,0.009383269285166548
MLP,600,132,0.36065492,0,0.0,True,0.0019531269036572084,0.0010413588210925748,0.000789523553027131,0.00045869994364835143,0.0007759445645204315
MLP,600,132,0.33560458,0,0.0,True,-0.0012858703620463052,-0.002570842093936049,-0.001942195858269287,-0.0011316880523592168,-0.0013138700396677031
MLP,600,132,0.2086981,0,1.0,False,0.00939315908828765,0.007554505158281089,0.008855036727180415,0.00932615251517025,0.009534370417319122
MLP,600,132,0.31709066,0,1.0,False,0.010448205825430405,0.007605512586440003,0.007817906832612683,0.007499249867921964,0.008170039867389907
MLP,600,132,0.23293003,0,1.0,False,0.011629533128049171,0.010800900554240461,0.008854399927036304,0.009038061868719579,0.008637850527853727
MLP,600,132,0.24546267,0,0.0,True,-0.002120390734478599,-0.000100435729695888,-3.919744197852562e-05,2.2161994583263827e-05,0.00021538603609843964
MLP,600,132,0.5727201,1,1.0,True,0.008024458796143219,0.009161783613399152,0.008037912487918731,0.007630429426480127,0.007820252261361947
MLP,600,132,0.5282017,1,1.0,True,0.007149695150895614,0.0071221733311341425,0.007133791682068041,0.007252808161402858,0.00825357149272589
MLP,600,132,0.9378583,1,1.0,True,0.006786735854024842,0.00656941791653117,0.007288505796302207,0.008241619929221731,0.008273428921560678
MLP,600,132,0.5454168,1,1.0,True,0.010445190405102375,0.010568103951562716,0.009018991138237117,0.009464494892531611,0.009847080785362465
MLP,600,132,0.258233,0,0.0,True,-0.00046290314527034455,-0.0004430993635061596,-0.0021501113461513347,-0.0010854085866415695,-0.0014754573303082806
MLP,600,132,0.3225231,0,0.0,True,-0.0010350802808645745,0.000687810332699697,0.0013080460151614604,0.0005048669532979231,0.00010942281132548746
MLP,600,132,0.22916335,0,0.0,True,0.0006061995977066383,-7.552550376753385e-05,0.00013912426611351804,0.00013657011605995326,0.0003817452481505753
MLP,600,132,0.12806739,0,0.0,True,-0.0012781980712911905,-0.0018699009566555884,-0.0013103664128646096,-0.0016108675514206754,-0.0007165599128036161
MLP,600,132,0.81090903,1,1.0,True,0.007110600369028061,0.009878056760175828,0.0087305907487026,0.00839967908696295,0.009119354620585456
MLP,600,132,0.1568468,0,0.0,True,0.0021104733499885007,0.0010179673916671523,0.0020305457257553342,0.0010545800411558663,0.0005208360952748418
MLP,600,132,0.1433218,0,0.0,True,8.543100035316443e-05,0.0002050684757267494,0.00031581736874685415,0.0005360872533748393,-7.843110850174148e-05
MLP,600,132,0.5443855,1,1.0,True,0.009381998494436375,0.01099092759380335,0.009434505001341116,0.008615855598972657,0.007745924787118023
MLP,600,132,0.17196019,0,0.0,True,-4.7087900514545234e-05,-0.0017904267933916728,-0.0008759913709293212,-0.0006275215894009837,-0.0007341566540211025
MLP,600,132,0.36247486,0,1.0,False,0.007184203697230923,0.00956558120645303,0.009149009563686283,0.009688968411176758,0.009604676662741157
MLP,600,132,0.35507137,0,0.0,True,-0.0016364717752515372,-0.00048210247625067875,-0.00021044330113820223,-0.00014703271013713845,0.00021826857630734522
MLP,600,132,0.7705663,1,1.0,True,0.012175144213757844,0.012001563075102237,0.010601413787220992,0.01020860277476924,0.010090963230363422
MLP,600,132,0.38504863,0,1.0,False,0.009636893276688074,0.009391575070908077,0.009474783568374912,0.008533011048330328,0.009085528750411269
MLP,600,132,0.13691653,0,0.0,True,-0.0012466117400215524,-0.0011552341910427463,-0.0008280865631890921,-0.0007607719753430706,-0.0005419133344175399
MLP,600,132,0.14132346,0,0.0,True,0.0009385460286419012,0.0004269583366881916,0.00041057100964398427,0.00014023140557981235,0.00020117520732038785
MLP,600,132,0.26323992,0,0.0,True,0.00204288813609878,0.0006243293308165191,-0.0004286820789732114,-0.0009450803424710971,-0.0011731108244819766
MLP,600,132,0.22358546,0,0.0,True,0.0017250945438652492,0.0015065376678923682,0.0007933894654609211,0.00033333486393325145,-6.812241220082337e-05
MLP,600,132,0.17656389,0,1.0,False,0.007138845795896449,0.008353506625212843,0.007674914462281018,0.00844427130755905,0.008980989115075033
MLP,600,132,0.37063777,0,1.0,False,0.0073757239418230204,0.0080087072714987,0.009109035790932104,0.008839581077387852,0.008390301833373913
MLP,600,132,0.41908374,0,0.0,True,-0.002810237929613412,-0.0005458056266726619,-0.0002526905339904084,0.0001324994556291586,-0.0002501364626691419
MLP,600,132,0.13139099,0,0.0,True,-0.0002504777960710726,0.00022827576098421746,-0.0008120306481465319,-0.00020926967108967297,6.359320237096512e-05
MLP,600,132,0.21597022,0,0.0,True,0.0008528659925649169,0.0009900157022527025,0.00028751636165381527,7.39783625782519e-05,0.00030737266627440407
MLP,600,132,0.26358646,0,1.0,False,0.008753412108788015,0.007050910319331996,0.007335522924870617,0.007817249157971991,0.007354506797371969
MLP,600,132,0.23606946,0,0.0,True,-0.001077722183407625,0.0011156794539971006,0.0006295459820908139,-0.00021615852728952117,-0.00016047787042949743
MLP,600,132,0.14521776,0,0.0,True,0.0020901234824695068,0.000610382999794797,0.0003953632960204863,0.0001009020905033857,-0.0004981523270862248
MLP,600,132,0.11188438,0,0.0,True,-0.0002529515059657717,0.0009362832173517403,0.00034377015886548703,0.0005896348335123957,0.00019294354111836856
MLP,600,132,0.8057145,1,1.0,True,0.008217787214907643,0.007799160190605469,0.007333413761414502,0.006419491910697298,0.006380627245920682
MLP,600,132,0.60241646,1,1.0,True,0.006443214172045266,0.008111972546681669,0.007565945489778647,0.007795173789118103,0.008465090271140327
MLP,600,132,0.8260135,1,1.0,True,0.009112640319923763,0.007858461861607593,0.008023894980203018,0.007214672775098304,0.007114833063278872
MLP,600,132,0.52052146,1,1.0,True,0.00853877534971372,0.008189178471018686,0.008405898800908371,0.009099615711856295,0.009385721735582529
MLP,600,132,0.16497171,0,0.0,True,-0.002436415939375098,-0.0010071299434377301,-0.00047110449978822076,-0.0007663255890905648,-0.0004336662530242308
MLP,600,132,0.69610566,1,1.0,True,0.010317905207078945,0.00801260667751616,0.008213404482427186,0.007431706161553229,0.008378101071945246
MLP,600,132,0.21649174,0,0.0,True,-0.002622529561687827,-0.0017113557468517592,-0.00201929648364909,-0.0010474769285754215,-0.0012163464260167183
MLP,600,132,0.13832948,0,0.0,True,-0.0014299181506168613,-0.0009046615833550601,-0.00037298332764388947,9.532282437966844e-05,0.00019925272277504657
MLP,600,132,0.16623294,0,0.0,True,-0.0018567027498481317,-0.0030528219282875938,-0.0017184778383002234,-0.001530699509421946,-0.001400455561816497
MLP,600,132,0.2265674,0,0.0,True,-0.0013514558053206798,-0.0013835951322402522,-0.0009472291157164924,-0.0003163125130615852,0.0001666721125023303
MLP,600,132,0.13626306,0,0.0,True,0.0027036673431213693,0.0005257131343852987,0.00034151164796489004,2.354021354949515e-05,5.346523245076984e-05
MLP,600,132,0.5905292,1,1.0,True,0.010027038061032488,0.008019083967445308,0.00894542486675898,0.008516439656975152,0.009279982232251483
MLP,600,133,0.26918608,0,0.0,True,-0.0028811292027041825,-0.002388032184712541,-0.0013141573742305802,-0.001401752616356618,-0.0016815539472498032
MLP,600,133,0.3727434,0,1.0,False,0.010411204443986391,0.010631647838113946,0.00992502825975245,0.008905830273303756,0.008597890635006092
MLP,600,133,0.23579916,0,1.0,False,0.00418437262983581,0.005674969422145042,0.008448259713541453,0.007800245286225498,0.00824648120700626
MLP,600,133,0.46285182,0,1.0,False,0.016104570414623025,0.015666839713385596,0.01321802502684899,0.012121239409485358,0.011966361782226733
MLP,600,133,0.8535697,1,1.0,True,0.014420990468888988,0.011409044177834617,0.012605855287017255,0.011364034043786225,0.010889405499905448
MLP,600,133,0.47435406,0,1.0,False,0.012074336107723163,0.011597570605490241,0.010734673732086844,0.010824780167689958,0.010045213883692335
MLP,600,133,0.14988764,0,0.0,True,-0.002242887293178552,-0.0008078132377345495,-0.00023614504183218745,0.000411295031336063,0.0005615790607372752
MLP,600,133,0.7867745,1,1.0,True,0.006201133482235121,0.009035980870748845,0.009445143665575884,0.010503267375060714,0.009607203803227294
MLP,600,133,0.8972271,1,1.0,True,0.011630299250091456,0.010473287723734504,0.01066505170225282,0.010009673786926777,0.009545412613571454
MLP,600,133,0.6701583,1,1.0,True,0.011207057412240406,0.009180839495472453,0.010213237329564074,0.009536502903054807,0.009795176256482763
MLP,600,133,0.81605124,1,1.0,True,0.008035589723183042,0.009117244525877735,0.009947986017059396,0.00975874111299936,0.008848702397421738
MLP,600,133,0.32961103,0,0.0,True,0.00034250047624831485,0.000517958577898228,0.0011863944617178028,0.0010934165448756353,0.0012400845311868428
MLP,600,133,0.7168275,1,1.0,True,0.009059532587016413,0.007669160702358239,0.007655130949364123,0.0072914715153913345,0.00783917425402444
MLP,600,133,0.41455212,0,1.0,False,0.009910775582495007,0.010509653875023294,0.00825161326110023,0.009496451723273876,0.009117610630100541
MLP,600,133,0.9695014,1,1.0,True,0.007371813723757894,0.009296450855095511,0.008283155686127197,0.009010632360594038,0.008486097937387556
MLP,600,133,0.28823742,0,0.0,True,0.0030288866630153485,0.0017056522413069724,0.0010121046303201888,0.0004503214246766902,0.00012960680760311263
MLP,600,133,0.56307507,1,1.0,True,0.011642221697574746,0.01035174345305016,0.009947292619426937,0.010457465458824141,0.010229234162565371
MLP,600,133,0.39254227,0,0.0,True,0.0006179694875388214,0.0024955515436865905,0.0018232661744747999,0.0018011521810474725,0.0015718431232168211
MLP,600,133,0.20930998,0,0.0,True,0.0025987158558178854,0.0016485027077210218,0.0015681150941378487,0.0010710537243498659,0.0009535781412209967
MLP,600,133,0.15074112,0,0.0,True,-0.002126824015171299,-0.0010927077543384158,-0.001279392740372073,-0.0014752328995269748,-0.001189203968489351
MLP,600,133,0.68979996,1,1.0,True,0.007467307582406559,0.0072786093644553245,0.006744043891246961,0.0073885140871830235,0.0071015864450362605
MLP,600,133,0.5461836,1,1.0,True,0.009779523480467048,0.007582539208552908,0.008515964294766648,0.008843165672670216,0.008826359515502664
MLP,600,133,0.1969908,0,0.0,True,-0.0003035869010421198,-0.0008718403443941042,-0.0008930320005913552,-0.0012080702524355903,-0.001871399970157487
MLP,600,133,0.7167939,1,1.0,True,0.005920690200837488,0.007574140270751035,0.007361237279091014,0.007889525934776124,0.008044428540333179
MLP,600,133,0.16739456,0,1.0,False,0.010695717410665306,0.01043973708590908,0.010260177116835837,0.009632176373563443,0.009042385804116248
MLP,600,133,0.26951522,0,0.0,True,-0.001997812584487106,-0.00011421715343825251,0.00034183972950398774,-8.790382169094619e-05,-0.0003138224610611768
MLP,600,133,0.22291759,0,0.0,True,0.00031665415303079077,0.00017211944056948057,0.00015739602663929794,-0.0006155905932823284,-0.0007029351831406227
MLP,600,133,0.2814986,0,1.0,False,0.007355241720480008,0.008076659876591494,0.008861002167159376,0.009330165828827798,0.009130610474663979
MLP,600,133,0.7806329,1,1.0,True,0.008547496610159902,0.007413220789817753,0.0077373596471748095,0.008887905599444449,0.009412709247767534
MLP,600,133,0.11148836,0,0.0,True,0.0019018945545424017,-0.0005247735970567984,-0.0005550052188094701,1.6722168335970722e-05,-0.00018799633417935295
MLP,600,133,0.66467786,1,1.0,True,0.0042231079385279145,0.00627138045388574,0.0072338878729647565,0.006650293672080196,0.0077320646889696325
MLP,600,133,0.5459811,1,1.0,True,0.01358373682029389,0.012436635755763542,0.01175770472063332,0.010993020476628593,0.01071467642430312
MLP,600,133,0.5667645,1,1.0,True,0.007389885094816061,0.008473621386780464,0.010423135966718745,0.010257415639940133,0.009861989055082484
MLP,600,133,0.20740856,0,0.0,True,-0.0008119696829056784,-0.0004061887562754112,-0.0001576924159754145,3.085924099580817e-05,0.00025364202192722186
MLP,600,133,0.34134793,0,1.0,False,0.012440445167037274,0.010320692228912298,0.00981958664188389,0.00867992221065403,0.008639042996284147
MLP,600,133,0.3057416,0,1.0,False,0.009702570575897995,0.006820241878796718,0.008206752125992211,0.007634127381147537,0.007661317128849431
MLP,600,133,0.103643194,0,0.0,True,0.0013193015442126666,0.00031239524629254553,-9.968212964104762e-05,0.0004972718447178578,-0.00013352093177419736
MLP,600,133,0.3982926,0,1.0,False,0.00697790508295637,0.005129006792117256,0.006179284558204453,0.007434480667983225,0.00792442873770492
MLP,600,133,0.59583473,1,1.0,True,0.0071784734253077164,0.00932554198483475,0.01000139016651209,0.009160035830974406,0.009248215029534788
MLP,600,133,0.29955477,0,1.0,False,0.006349053696386617,0.006532584487183024,0.009092890698058876,0.009014994970653284,0.009093956500729163
MLP,600,133,0.11402917,0,0.0,True,0.0009956822626779741,0.0011357871492127375,0.0014376122048479524,0.0008557799920662819,0.00046730417688892157
MLP,600,133,0.8054106,1,1.0,True,0.015814587794208065,0.011675241767015902,0.011739745063460186,0.011119746571600145,0.010711551160189604
MLP,600,133,0.2011889,0,0.0,True,-9.786791601376586e-05,-0.0006744768166257946,-0.0008376748890906445,-0.0005474051926883584,-0.00025702699726934516
MLP,600,133,0.6018469,1,1.0,True,0.006883558575123368,0.007680194603806423,0.008361122829823675,0.008709808334753726,0.008922269482995177
MLP,600,133,0.15977618,0,0.0,True,8.844046691272512e-06,-0.001013233140444043,-0.001124685901162245,-0.0004431262606630396,-0.0002960159684793396
MLP,600,133,0.17940351,0,0.0,True,-0.0016314713872178776,0.00017993890127175505,-0.0005232168351384002,1.8407849862261594e-05,0.0004176113025917053
MLP,600,133,0.10603766,0,0.0,True,0.003324574236545718,0.002073997946212238,0.0016075261983886195,0.0015128340104354847,0.001249843649806487
MLP,600,133,0.2421059,0,0.0,True,0.00022747615961804125,-0.0003264241471716743,-0.0011320949609509134,-0.0006239058128433284,-0.000490639002348746
MLP,600,133,0.29074517,0,0.0,True,0.0015348924550908447,0.0011713524221804404,0.0002405787493782895,7.467320842259908e-06,-0.0003894901665019811
MLP,600,133,0.18268277,0,0.0,True,-0.0009534686005162062,-0.0008846517865312958,0.0007338927171497512,0.001078987522361095,0.0005675724626959686
MLP,600,133,0.18875508,0,0.0,True,0.0011464765589744483,0.0022892568513406073,0.0005631620109205729,0.0003250009617917735,-1.681622133959121e-05
MLP,600,133,0.3954019,0,1.0,False,0.0093334119000639,0.010621346170408748,0.01043524593080638,0.0106078162625889,0.00984603077949534
MLP,600,133,0.48197228,0,1.0,False,0.008753020637767926,0.009829701077326706,0.009847203174483052,0.00993678031980387,0.010479733658793861
MLP,600,133,0.9323593,1,1.0,True,0.006499571959584645,0.005379995585474447,0.0060161710493736135,0.006012268017479576,0.00692648904753748
MLP,600,133,0.782787,1,1.0,True,0.011987502543278284,0.009511084205610039,0.009737564432137096,0.008958191289707559,0.008455869729955684
MLP,600,133,0.6670118,1,1.0,True,0.003428685791889975,0.003944185959145403,0.005134948897080212,0.006102906968005209,0.006856583599015552
MLP,600,133,0.15504362,0,0.0,True,0.0008320669453306107,0.0009805791265773296,0.0007092262072946881,0.00048727980165500835,5.142586835052168e-05
MLP,600,133,0.79711646,1,1.0,True,0.008457686020465604,0.010213669000543444,0.008778775607253412,0.00915573620031249,0.008743409028633863
MLP,600,133,0.17080289,0,0.0,True,-0.0017587132093025714,-0.0010083856689032968,-0.0009422856683276968,-0.0013334872515561305,-0.0012730233932991871
MLP,600,133,0.18351935,0,0.0,True,0.0014124315738337856,0.0008398758050777357,0.0009427289249051391,0.00034471024709345916,0.0007135188598132778
MLP,600,133,0.56923133,1,1.0,True,0.008200555163827257,0.007611484032807956,0.008437300162493425,0.007844726839835196,0.008559939116035992
MLP,600,133,0.27910176,0,0.0,True,0.0001835380631448758,0.0010274607140336885,0.0013748537043584916,0.0010110355859279609,0.0009602538569631207
MLP,600,133,0.107007496,0,0.0,True,0.0007679462065330424,0.0005123916579154291,0.0013266437092235976,0.0011603900197650718,0.0012238966432380515
MLP,600,133,0.50313085,1,1.0,True,0.008647735712046727,0.008780242695657763,0.007995070795474856,0.007566097084234413,0.008485607805562725
MLP,600,133,0.22058177,0,0.0,True,-0.0015828970886092584,-0.00085745942980271,0.00019622071706785907,0.0003517415146793862,0.00036939592414300085
MLP,600,133,0.7510794,1,1.0,True,0.007611835178804966,0.009069156046172524,0.007615388588017059,0.007068960317075026,0.007726722146205407
MLP,600,133,0.124870405,0,0.0,True,-0.00022264163060158209,0.0010971473862063652,0.0006837212808341032,0.0007530947481770552,0.00010939286387128469
MLP,600,133,0.23636295,0,0.0,True,-0.0009515894203711609,-0.0012002179148945522,-0.0007617846309877868,-0.00028170673372228237,-6.808306246859542e-05
MLP,600,133,0.46267262,0,1.0,False,0.012797950359946223,0.009684265418399835,0.00940433276922327,0.01053993774368776,0.010879756504296722
MLP,600,133,0.1028841,0,0.0,True,0.0019842403931743364,0.0011671647919617024,0.0010585384574084106,0.00016207806334735616,-0.00047387847337665136
MLP,600,133,0.14695778,0,0.0,True,0.0021755494485854606,0.0014449494614845696,0.0003582671776783364,-0.00037271320615244477,-0.0004425367848769289
MLP,600,133,0.47665134,0,0.0,True,0.003248000609115867,0.0015574657373045489,0.0006222945372719702,0.00037600021850481356,-0.00023195137596386973
MLP,600,133,0.32677713,0,1.0,False,0.009158705932968983,0.008220072737163955,0.00869164797416338,0.00831655768728963,0.008126221420318618
MLP,600,133,0.10364379,0,0.0,True,-0.0020511610704659435,-0.0017186282758591518,-0.0015936151813333603,-0.0012681225663558554,-0.0009076138086688051
MLP,600,133,0.81275123,1,1.0,True,0.0036159833164341715,0.007587306595706761,0.00760363787943462,0.007331935966942525,0.007882464120346147
MLP,600,133,0.54627985,1,1.0,True,0.00884059764830676,0.011384385307126094,0.009435425599085506,0.010053051104252083,0.010378670096647174
MLP,600,133,0.13249968,0,0.0,True,-0.0008797404141497019,-0.00023725353833602996,-0.0012064592620360983,-0.0012070094918124245,-0.0012825625221617636
MLP,600,133,0.47348195,0,1.0,False,0.007337910482218521,0.0076046581896425935,0.007703723541930757,0.008191827886482447,0.009091154408932487
MLP,600,133,0.2732869,0,0.0,True,-0.0022208431558171705,-0.0012814911165093285,-0.0012621429123606382,-6.61140273510643e-05,-0.0006348544774388224
MLP,600,133,0.09827093,0,0.0,True,0.0011838665484256525,0.00028811225464389737,-0.00019842440931325484,-0.0006151598431012881,-0.0006660253731701007
MLP,600,133,0.23153424,0,0.0,True,7.683848461989434e-05,0.0001437191538107419,0.0007533092047997032,0.00037272495717557475,0.000356330591638899
MLP,600,133,0.7222571,1,1.0,True,0.0117471938498685,0.009946744881299928,0.00922832033970031,0.009180439068663563,0.008961729482542598
MLP,600,133,0.489395,0,1.0,False,0.011036079400611852,0.012659990751566139,0.011876706929577591,0.011931512006936816,0.011151123443007123
MLP,600,133,0.16952142,0,0.0,True,0.00246454807898513,0.0007481013430617102,0.00014164136686824268,-0.00020681944706689998,4.4982723174405305e-05
MLP,600,133,0.19825281,0,0.0,True,-0.005000710127501772,-0.0032812938942643898,-0.0009476225642863768,-0.0013496383708148222,-0.0011595281149834981
MLP,600,133,0.59624046,1,1.0,True,0.007637981573290935,0.005889929342525712,0.007509494389161517,0.0077854801668981715,0.008388559450455437
MLP,600,133,0.21203277,0,0.0,True,0.0013608117183392327,0.0011169841688018734,0.0014060467566268044,0.0011581008445322469,0.0011691780880918757
MLP,600,133,0.7412435,1,1.0,True,0.009567204609834698,0.00742178036602558,0.008451127130493166,0.008517234467857387,0.00869709548592286
MLP,600,133,0.3526609,0,1.0,False,0.006966551866377685,0.008863460696410985,0.00949989066198083,0.009243643324858447,0.008529878927106622
MLP,600,133,0.13194077,0,0.0,True,-0.0010687449821410028,0.0010161102231329446,-0.00027903286518088025,-0.0008315580979696765,-0.000506175703238812
MLP,600,133,0.16974612,0,0.0,True,0.00022815053803902855,-0.0007379652392157624,-0.0009531852700332267,-0.0007294342125647699,-0.000770523171143499
MLP,600,133,0.22576769,0,0.0,True,0.00256887622568794,0.0016882340426911354,0.0025601240362415974,0.0020648273529008483,0.001473006604205655
MLP,600,133,0.29279914,0,1.0,False,0.006688284161342883,0.009004730608880398,0.009093990993715753,0.009178224402853673,0.00912928539676282
MLP,600,133,0.2669866,0,0.0,True,-0.0007619608073752774,0.00035099550726878405,-0.0009124156521215514,-0.00043397586934990653,-0.0003720988835856109
MLP,600,133,0.35767385,0,0.0,True,-0.0020244195309239684,-0.0014606560167305092,-0.0006229102467743543,-0.0006051574144204147,-0.0007063968160657964
MLP,600,133,0.8154225,1,1.0,True,0.009151436586448182,0.008738664019328522,0.010471246725782937,0.010337846239415385,0.009476120528746327
MLP,600,133,0.1596521,0,0.0,True,0.0014631387905794364,0.00032548969984286176,0.0005774519038328848,0.0003622353393041451,0.0005635677349787834
MLP,600,133,0.31700718,0,0.0,True,0.0026456991232528936,0.0015642750103605062,0.0021889140974826983,0.0016617023733026656,0.0014849905783862467
MLP,600,133,0.33543846,0,1.0,False,0.009651064785527703,0.010391874980445318,0.009630525035957661,0.010606057023574112,0.01100720304582461
MLP,600,133,0.12699881,0,0.0,True,-0.0020322078108249387,-0.0014547145237033903,-0.0006737802103390874,-0.0002675497556962333,1.4515997258614412e-05
MLP,600,134,0.1512266,0,0.0,True,-0.0012912432162238952,-0.0010834865769971834,-0.0014234942229578475,-0.000672472460395619,-0.0008299319079827399
MLP,600,134,0.12595555,0,0.0,True,-0.0005408879952104196,-0.00044111251537943695,-6.805039410172857e-05,0.00024849517063449986,0.0005661268639077434
MLP,600,134,0.33630306,0,1.0,False,0.007554260457217337,0.009732956540390993,0.008965018523918922,0.009613060333625328,0.011046037870546975
MLP,600,134,0.110838816,0,0.0,True,0.0011978374120466314,0.00020454826702800047,0.00022596443851322453,-0.0007298018132317344,-0.0006645653066976452
MLP,600,134,0.27373853,0,0.0,True,0.0023671920221534494,0.0011049124160738989,0.00023618474781968046,-0.0007148874245806675,-0.0008567417205206737
MLP,600,134,0.65920836,1,1.0,True,0.008941350479709977,0.009759341831210052,0.010225496248869871,0.009915177367086733,0.009614802538559777
MLP,600,134,0.48839045,0,1.0,False,0.009424954675908858,0.007603347795281714,0.009922171837212133,0.00953250387837823,0.009278031977972567
MLP,600,134,0.22961612,0,0.0,True,0.0015431707117605083,0.001566834304882911,0.0008788035130141566,0.0009208092362130605,0.001263500114939634
MLP,600,134,0.6959506,1,1.0,True,0.006833170907583176,0.00915860049421078,0.009741318079314262,0.010193367502408245,0.010031887104455538
MLP,600,134,0.23739101,0,1.0,False,0.010157297900297837,0.009878934577055774,0.011638298026780795,0.01144330525028342,0.010844140168915675
MLP,600,134,0.14835109,0,0.0,True,0.0008457869028009168,0.0010247247280751385,0.0008435022951237842,0.0002063614425461176,0.00040977018727847447
MLP,600,134,0.61833996,1,1.0,True,0.009555633036707806,0.008104175135343209,0.00861797967858455,0.00835855667035764,0.008221321281721775
MLP,600,134,0.4559076,0,1.0,False,0.017673142905866808,0.012850856324319574,0.01147125896782244,0.011757381149782125,0.011443168460543421
MLP,600,134,0.13747114,0,0.0,True,-0.001090821369054574,-0.0010722242813422831,-5.583719690584298e-05,-0.00039757044396928286,-1.1245419340286192e-05
MLP,600,134,0.30767548,0,0.0,True,0.0012715717168708157,8.893684912413722e-05,-0.00020920344936272282,0.00011705020134171019,-0.0002964592948006463
MLP,600,134,0.3891689,0,1.0,False,0.011094173335129175,0.012462587420067745,0.010429211186212664,0.010475246902946477,0.009476795050275507
MLP,600,134,0.21793889,0,0.0,True,0.0002674212655796025,7.258381978332532e-05,0.0011894767104931295,0.0017369255548676905,0.0020195474952945766
MLP,600,134,0.19968149,0,0.0,True,-0.0016861740533582973,-0.0014230246684071948,-0.0010628248027555846,-0.001217594703200924,-0.0010463600558337212
MLP,600,134,0.21257961,0,0.0,True,0.0010923425600103333,0.0005334666413830087,0.0003749407340792573,0.0012860642378991248,0.0009139235921425754
MLP,600,134,0.3547977,0,0.0,True,0.00333360846102565,0.0018688173555361193,0.0012005488709281452,0.0015106468298657246,0.0012196501488525267
MLP,600,134,0.3270933,0,0.0,True,-0.0007379783388496285,-0.0005629885834432745,-0.0007630015907770089,-0.0005886779890197661,-0.0005232033819930735
MLP,600,134,0.12748854,0,0.0,True,0.0026194991370970147,0.0010620277698463034,0.0005504090845604668,0.0005088912151917732,0.0007375597719799537
MLP,600,134,0.18216284,0,0.0,True,0.0007229022086772803,0.0008711207738141274,0.0007371446947517373,0.00033700742774112746,0.00025297005659644117
MLP,600,134,0.7010915,1,1.0,True,0.00925896049186537,0.011516832723077356,0.010251947586441946,0.009589207641223504,0.010611199866762226
MLP,600,134,0.8250371,1,1.0,True,0.011015633348331463,0.010378743043676445,0.01178858526095236,0.010923495097159156,0.010422786364111517
MLP,600,134,0.5925386,1,1.0,True,0.010391051999944268,0.00851301002722718,0.00921519584067772,0.009836801875771664,0.010397868831921422
MLP,600,134,0.2433479,0,0.0,True,-0.003325255599058574,-0.0009300454743631387,-0.000509978917008382,0.0004492623420004138,0.0005791634532862822
MLP,600,134,0.3912754,0,1.0,False,0.00897132114434176,0.011184785087296928,0.0104232498507866,0.009792492018728794,0.010140403334716152
MLP,600,134,0.7247174,1,1.0,True,0.007383298966625715,0.008252723339937621,0.008560680921686721,0.009136853484288969,0.00852701112361018
MLP,600,134,0.2165588,0,1.0,False,0.0066934414319534015,0.007075677589560364,0.007198607631067998,0.0076869126037960814,0.008010829325470085
MLP,600,134,0.41125235,0,0.0,True,0.0010157180498864171,0.0007491916938669108,0.0009207133906157293,0.0006192880132908533,9.436024309726164e-05
MLP,600,134,0.3433258,0,0.0,True,0.0002554172814040467,-1.4468705518534773e-05,0.00028744412255126366,0.00017096933726206182,0.00013788576368323758
MLP,600,134,0.33510023,0,0.0,True,-0.0013927288222271748,-0.0005694454275859506,-0.0009266952356632484,-0.0009651764066592166,-0.000689447663327242
MLP,600,134,0.61371225,1,1.0,True,0.01045519226990458,0.010519479990016442,0.010008139833799985,0.010414796155141789,0.011134895419566148
MLP,600,134,0.29806682,0,1.0,False,0.007717795857733926,0.008361994425613615,0.008226789895969198,0.008723032553665955,0.00891805124599944
MLP,600,134,0.29539353,0,1.0,False,0.005261984332405913,0.005742836032689265,0.007874201443675644,0.00852663329907433,0.00917277496700411
MLP,600,134,0.117007315,0,0.0,True,0.0021869590098302022,0.0006098418736861061,0.0008769795420016775,0.0013151827450317264,0.0014449803302896617
MLP,600,134,0.31118968,0,1.0,False,0.006562797581428615,0.006532679001633644,0.007356643332721736,0.007876828325904292,0.007893130118667734
MLP,600,134,0.16767976,0,0.0,True,-0.0008150870150857712,-3.8499218565460386e-05,0.0004921734791635685,0.00035783499030990387,-0.000276641704454936
MLP,600,134,0.65954584,1,1.0,True,0.007160049446081628,0.008839296572347737,0.009670370589666646,0.00898085854470491,0.008982578672927857
MLP,600,134,0.3161196,0,1.0,False,0.010487933341455034,0.01181414232824505,0.011227030373191263,0.010898466598469478,0.011379300644664334
MLP,600,134,0.20808919,0,0.0,True,-0.0008099811507801083,0.0016454473102879546,0.0017471043205816582,0.002001017824679706,0.0013614223653527265
MLP,600,134,0.8281376,1,1.0,True,0.008599735446018763,0.00946449789812102,0.00892595209222773,0.008823017311894488,0.009012019071434674
MLP,600,134,0.6177313,1,1.0,True,0.004949202497597207,0.008359259876487692,0.00875929739300241,0.008578354234386637,0.0085730291773556
MLP,600,134,0.15767296,0,0.0,True,0.001757923746132974,0.0007289773829260266,-4.367327519510293e-06,-0.0001359559958064211,-0.00021955394850207228
MLP,600,134,0.22597297,0,0.0,True,0.0001814901249422447,-0.0005172949002732975,1.6425567852303891e-06,-0.00022660876869362971,-0.00010813714479282065
MLP,600,134,0.64333194,1,1.0,True,0.007523527151375694,0.007833397057312515,0.006824541449091027,0.007380725196414713,0.007863736780517163
MLP,600,134,0.28070885,0,1.0,False,0.01081048292423407,0.011187256273159602,0.009152961023112496,0.008643852384067188,0.008630120146084117
MLP,600,134,0.21792482,0,0.0,True,0.0010429005349701116,8.292409845749325e-05,0.00018417489782546743,-0.0004916728635814592,-0.00031281564013448956
MLP,600,134,0.30420843,0,0.0,True,-0.0021482646547832545,-0.0013954426141123927,-0.0003348229001016956,6.092835788147861e-05,2.2897085760440647e-05
MLP,600,134,0.13897547,0,0.0,True,-0.002598831596401199,-0.00022564263620901173,0.0010738691640604634,0.0006749510122052903,-0.00019104114101018685
MLP,600,134,0.6131914,1,1.0,True,0.011853676689163692,0.011423188208727961,0.010563508837126553,0.00920331213963962,0.00944889440335794
MLP,600,134,0.33410403,0,1.0,False,0.006859377215606517,0.008379372370016574,0.00980371108469962,0.010432032317679807,0.010109723404682263
MLP,600,134,0.69896525,1,1.0,True,0.012122533982808463,0.012294852770960145,0.010759907310630791,0.009991799024399643,0.01007044099550116
MLP,600,134,0.7210327,1,1.0,True,0.010522018312408605,0.012733723443699508,0.013406862501660349,0.012718837394554738,0.012614469443383135
MLP,600,134,0.42829126,0,1.0,False,0.00907707754888753,0.008853091457690114,0.008489971641664665,0.00743508961017513,0.007479027941217574
MLP,600,134,0.3101461,0,1.0,False,0.006388033541408463,0.007757830528802676,0.008258543819886588,0.008689874660394526,0.009291470640202304
MLP,600,134,0.46592775,0,1.0,False,0.011295947228436144,0.010938242947150133,0.011014618907168178,0.00971031861208126,0.01011121373004428
MLP,600,134,0.12389972,0,0.0,True,-0.000588467856980777,-0.0021567609027411537,-0.0023769527940251034,-0.000963853186905336,-0.0007045287745651455
MLP,600,134,0.4436051,0,1.0,False,0.008063632462110493,0.005670532764644824,0.005543710731739105,0.006520604808240664,0.0065472435431228925
MLP,600,134,0.6954047,1,1.0,True,0.01008249861192271,0.009681536568854029,0.009898531705735616,0.00967097263720264,0.009670374488190399
MLP,600,134,0.25602093,0,0.0,True,-0.0007916176594318584,-0.00043031097905583244,0.0002531485260310307,6.548111366049685e-05,0.0004630955093334635
MLP,600,134,0.41815737,0,1.0,False,0.008095974598304903,0.009804281964049649,0.01079815332433109,0.010290691130542498,0.010671495638973455
MLP,600,134,0.3562982,0,0.0,True,-6.310435424441388e-05,-0.0012160660105250882,-0.0005648023413787264,-0.0008650502168245984,-0.0005756234098839066
MLP,600,134,0.7761394,1,1.0,True,0.011824535012830305,0.009702775502810517,0.010010133652873983,0.010160110077923981,0.010294929041037217
MLP,600,134,0.7603243,1,1.0,True,0.008533294532951652,0.010531464126245192,0.010637813440683598,0.00971921999745822,0.008869994742545984
MLP,600,134,0.29693297,0,0.0,True,-0.00215446972052571,-0.0019725258597434285,-0.0015802807074558327,-0.0012268780920592184,-0.000731208803508066
MLP,600,134,0.11156178,0,0.0,True,0.001004472722875185,0.0017878976040520567,0.0015042636256707978,0.0010824440176490503,0.0006874764711810858
MLP,600,134,0.37126723,0,0.0,True,-0.0003492854613088305,-0.00040253323891043793,-0.0005486870213718402,-0.0008733129647415568,-0.0005192382640037286
MLP,600,134,0.12225854,0,0.0,True,-0.002422022815685004,-0.0014160277124940551,-0.0011664185641494693,-0.0012274619118743718,-0.0009039001640302439
MLP,600,134,0.82821375,1,1.0,True,0.010962772404498744,0.010033742185226189,0.010420134355948164,0.01076158772989361,0.010814275426055578
MLP,600,134,0.45069948,0,1.0,False,0.009454395829073857,0.00989398333822965,0.009187910351745853,0.008892557188377994,0.009605822796529186
MLP,600,134,0.83025867,1,1.0,True,0.008056558343753007,0.010081917303908044,0.010280746833640044,0.009920141642016904,0.010909444410432734
MLP,600,134,0.28009558,0,0.0,True,-0.0005883387272708461,0.00048307067398746176,6.446276109366206e-05,-0.0008132260494869009,-0.0009957917829284265
MLP,600,134,0.62132496,1,1.0,True,0.008812400035569067,0.00996666630701884,0.010436149367160431,0.010533113540667204,0.01079622552057645
MLP,600,134,0.5236907,1,1.0,True,0.012036672438103241,0.011648541073186882,0.011152006233264861,0.011065566977604458,0.011329968706467608
MLP,600,134,0.1811005,0,0.0,True,-0.0025781938465555976,-0.0013577304504105605,-0.0019803951724423,-0.0015580185321115605,-0.0016330213607606472
MLP,600,134,0.47662947,0,1.0,False,0.010989985140806244,0.007807991243268647,0.00665323684499947,0.00593826714098014,0.006140360908462157
MLP,600,134,0.78453666,1,1.0,True,0.008802703896402465,0.010355637586899811,0.010989570836195894,0.011304737627391129,0.011289151939859857
MLP,600,134,0.19081673,0,0.0,True,0.0005946196481784147,0.0005867893964296531,0.0004452039188610603,-5.6459928050986546e-05,-4.420543652724208e-05
MLP,600,134,0.378385,0,1.0,False,0.008618095704360854,0.0076562970289041545,0.009111925807831432,0.010017653030643777,0.009900849902039675
MLP,600,134,0.5032293,1,1.0,True,0.010542241400002112,0.010071438652327368,0.011443813260263093,0.011542007556521995,0.012483899879746903
MLP,600,134,0.76063436,1,1.0,True,0.007562053374488835,0.009436764034792494,0.009168718240928731,0.009463721782864507,0.009883088455059853
MLP,600,134,0.47048625,0,1.0,False,0.007577395052294449,0.007993161079381972,0.008820287824751413,0.009293915650670278,0.008974177638338078
MLP,600,134,0.70196,1,1.0,True,0.00943236202440554,0.00932050876591885,0.008149387037133585,0.00785496695286956,0.00819879320334099
MLP,600,134,0.34305558,0,1.0,False,0.007367995483368605,0.006575207322848223,0.006615240701981284,0.007640894824072068,0.008103729896036117
MLP,600,134,0.17538135,0,1.0,False,0.012709396372619584,0.012332967995661248,0.011844340613707484,0.010618468831416157,0.010133150029388218
MLP,600,134,0.33440006,0,0.0,True,0.00022104031454064221,0.0007920519582780721,0.001717174785314274,0.002273295611378949,0.0018333281930765324
MLP,600,134,0.22508292,0,0.0,True,0.0024145261585714443,0.0010493247151736852,0.0013112896793513323,0.0013409494172382749,0.0013682805719851426
MLP,600,134,0.25423935,0,0.0,True,-0.000734556856688806,-0.0006460618247245216,-0.00021925195491038143,-0.0006053019114224959,-0.0005047462559205632
MLP,600,134,0.58138824,1,1.0,True,0.008061898014083925,0.009725860276548414,0.010636173260291131,0.009654169190664648,0.009231562282796164
MLP,600,134,0.49470174,0,1.0,False,0.002793948950276451,0.006335534889554801,0.007944977523315909,0.007830954476387519,0.008150392878447446
MLP,600,134,0.31221116,0,0.0,True,0.0020233118701984405,-0.00030581111693808483,-0.0006878992623874317,-0.0010706701217109618,-0.0009146861730716016
MLP,600,134,0.17535554,0,0.0,True,-0.000666930166105886,0.00047166007527796967,0.00018330892569249624,-0.00022183373765575563,-0.0005436304019676356
MLP,600,134,0.5864099,1,1.0,True,0.007377409132420162,0.007514307737736483,0.00860653104463284,0.007945404657725289,0.007789687732765862
MLP,600,134,0.14412093,0,0.0,True,2.0488282375315822e-05,-0.0002717974708163173,-0.00014837807918679417,-2.6697160173300986e-05,0.00014801150721640535
MLP,600,134,0.37294564,0,1.0,False,0.008950770826007204,0.006963879638015893,0.007902068905035193,0.008523276297532743,0.009039185089061083
MLP,600,134,0.16762508,0,0.0,True,-0.0004936321269060457,-0.00015705289057600308,-0.00018772721242083713,-0.0005517907938541397,-0.00038104932516103726
MLP,600,134,0.25961158,0,1.0,False,0.00789058171684171,0.008222953227285106,0.008539162213647703,0.009431966094842328,0.008930992906190975
MLP,600,134,0.7723507,1,1.0,True,0.009944343842408759,0.011734899077615182,0.01055001547446995,0.011039119335342249,0.010598629877944785
MLP,600,135,0.120363764,0,0.0,True,0.0006308579247021229,0.0009543697679200814,0.0005333256748725085,0.0009976779085668888,0.0007913789267445855
MLP,600,135,0.22918347,0,0.0,True,0.0007692653679626006,0.00031869266412929315,0.0003988244306772805,0.0006915905952319026,0.00014753404537450035
MLP,600,135,0.23354855,0,0.0,True,-0.0017821655018129161,-0.0005806738312397403,-0.0003100268656667153,-0.00018430957547415697,0.00012354018444344668
MLP,600,135,0.10534811,0,0.0,True,-0.001106217750424658,-0.0007924628072221012,-0.0007958759112229523,-0.00035578394297651727,-8.02676168886049e-05
MLP,600,135,0.16672869,0,0.0,True,0.0008561582046190734,0.0005923156995797181,0.0007090849910481317,-0.00034244841390541024,-0.0008193830603207691
MLP,600,135,0.90688175,1,1.0,True,0.005852629253038316,0.007419913257287368,0.008105217634423638,0.008034854114209625,0.00804780322071259
MLP,600,135,0.2772331,0,0.0,True,-0.0006311283129542843,-0.0014978419239007098,-0.0007791333380167722,0.0002820794158482857,-0.00022234517083992797
MLP,600,135,0.9143499,1,1.0,True,0.00823536638798105,0.009776749319202641,0.00983422352458296,0.009726229373065593,0.009386544611773448
MLP,600,135,0.17725582,0,0.0,True,0.0013991666597327126,0.0009799189189962075,0.00024026364048420983,8.339902537099538e-05,1.9295397743068516e-05
MLP,600,135,0.21485439,0,0.0,True,-0.0031497118274623486,-0.001676424468675458,-0.0025752549051627927,-0.00212551977742655,-0.0014595090674401681
MLP,600,135,0.5816379,1,1.0,True,0.0071966312678585515,0.008032935098995395,0.00902066141809982,0.009703443717408453,0.010017643293650683
MLP,600,135,0.21749908,0,0.0,True,0.0021237279593567743,0.00023194780337722562,-0.001241276733219219,-0.0007913300438884268,-0.0001035442682427573
MLP,600,135,0.5273737,1,1.0,True,0.011348749125998798,0.01147775204904193,0.011534718592471476,0.011227589379222478,0.011107132389206067
MLP,600,135,0.52695125,1,1.0,True,0.008421566019413492,0.008330686340278596,0.008260814447285922,0.008579540340995595,0.009208191998870002
MLP,600,135,0.14576748,0,0.0,True,-0.00022073118242228417,-0.00043534183024247325,-0.00015230514013975853,0.0006252608224624216,0.0005991704771660013
MLP,600,135,0.4921445,0,1.0,False,0.008679539867211658,0.008332468127132337,0.00859894043947126,0.009920236628166868,0.010474031698427545
MLP,600,135,0.88773733,1,1.0,True,0.009682545223896761,0.009907800316699316,0.01012970377712417,0.011024685473682714,0.011310522596081535
MLP,600,135,0.76277494,1,1.0,True,0.0022646492501132774,0.0038868254236581815,0.006604734225359093,0.00734835857691785,0.008394115738018532
MLP,600,135,0.15690358,0,0.0,True,0.0019975211320173844,0.0005901274543913427,0.00046055655914606114,0.00038610670109310864,0.000813853699082264
MLP,600,135,0.22417086,0,0.0,True,-0.00023751008295568453,-3.7110086387129094e-05,0.00011716611322600134,0.0003198624672998764,0.0001604519402328019
MLP,600,135,0.19585595,0,0.0,True,0.000984472118446907,-0.0003931038991142272,-0.0006879261676345999,-0.00013154521090697605,-0.00017241125701557473
MLP,600,135,0.19416997,0,0.0,True,-0.0015968831664894066,-0.001484027513553946,-0.0010996985375872285,-0.0005729706321367801,-0.00030346883595493894
MLP,600,135,0.571406,1,1.0,True,0.010566893329811216,0.009004842290965383,0.008934506081035624,0.009674382479799777,0.009098097807526462
MLP,600,135,0.6799319,1,1.0,True,0.009897108570467885,0.010459186595891179,0.008963943926716624,0.00776950709806834,0.008129517607836279
MLP,600,135,0.14215773,0,0.0,True,-0.0008608671051380284,-0.0012124570915560838,-0.000566782646181242,0.00024315578433220704,0.000265555501077116
MLP,600,135,0.82845074,1,1.0,True,0.013200189878558463,0.010095362385477475,0.009973147447558584,0.008581229574916372,0.009330077346469505
MLP,600,135,0.17425223,0,0.0,True,-0.002099196371156127,-0.0016609910598087353,-0.0010510733768092347,-0.0014085321107335915,-0.0015791403691898518
MLP,600,135,0.75102603,1,1.0,True,0.009910467104946778,0.008002857616202527,0.008414544737088444,0.009147294326715363,0.009829743349446226
MLP,600,135,0.5099273,1,1.0,True,0.012114566753066639,0.01025054057867572,0.010969829267938231,0.010941365381522326,0.010376267433280233
MLP,600,135,0.21148606,0,0.0,True,0.0010618740454332847,0.00015226002477939206,-1.4005946459901433e-05,5.6018323238882544e-05,-0.0007192492242338488
MLP,600,135,0.32847866,0,0.0,True,-0.002688631433248725,-0.0005883188556527032,-0.0005285053139368749,-0.00030483819880433523,-0.000236438764363447
MLP,600,135,0.13200639,0,0.0,True,0.0012698683731110555,0.0009170915281102377,0.0005898081119531404,0.0002113349983939506,-0.00021488432514293662
MLP,600,135,0.2661909,0,0.0,True,0.002374763597722348,-9.628588723655922e-05,-7.964127616828631e-05,-0.00024427883707407873,-4.619560332659896e-05
MLP,600,135,0.19045183,0,0.0,True,-0.0002483035094308625,-0.00022357569017398692,0.0004500357280235064,-0.00018041784142040012,-0.00030143408256033086
MLP,600,135,0.14833264,0,0.0,True,-0.0010189287475343323,-0.0004879159603806215,-0.0006769268846943375,-0.0011094184427004317,-0.001488078778021145
MLP,600,135,0.26844916,0,0.0,True,0.001885367709979786,0.0018033579675716474,0.0009947442607787698,0.000403310249703377,-3.423104554669031e-06
MLP,600,135,0.4038953,0,1.0,False,0.005424819898834284,0.006462758192688734,0.007067683439474732,0.007977546568135326,0.008340573996106635
MLP,600,135,0.18405418,0,0.0,True,0.002164300871118168,0.0017985569311338206,0.001237028198446875,0.0012826951817381555,0.0008415589562483233
MLP,600,135,0.13129336,0,0.0,True,-0.0005795355678600348,-0.0021896902724426012,-0.00262080656307981,-0.0022576564147246928,-0.0016024232525686378
MLP,600,135,0.15302782,0,0.0,True,0.0017243686857805576,0.0013972809034143504,1.2343774091454063e-05,0.0007691924466729686,0.0003655962852769342
MLP,600,135,0.43870875,0,1.0,False,0.011986519142570316,0.01175696526050894,0.010698426097729719,0.010275918793512537,0.010577062400357228
MLP,600,135,0.9182006,1,1.0,True,0.008200062211376884,0.009732674064667851,0.009542085969944797,0.010421382724244716,0.011378831855803493
MLP,600,135,0.7554238,1,1.0,True,0.015380861215763791,0.013302418320319306,0.012433813037085127,0.011805950748633177,0.010987012821009086
MLP,600,135,0.17897326,0,0.0,True,-0.0040016421430619595,-0.0023368960410666347,-0.0012602380112218638,-8.836713800834836e-05,0.00014688188085360056
MLP,600,135,0.1005458,0,0.0,True,-0.00013385945720945149,-0.00044584700785983017,-0.0010352144076030611,-0.0010978948581818145,-0.0007294483918827418
MLP,600,135,0.5230008,1,1.0,True,0.006169682725622483,0.005695961941611692,0.006618746581429672,0.006179830968098932,0.007194443590307871
MLP,600,135,0.2721371,0,0.0,True,-0.0027671466629340166,-0.0010011570738476985,-0.0010270246776724983,-0.0015550570132555287,-0.0018964212871285093
MLP,600,135,0.116728805,0,0.0,True,6.0169431317635693e-05,-0.00022125715384217656,0.00011806460111662262,0.0002684033987050089,-1.8540984312731632e-05
MLP,600,135,0.10324171,0,0.0,True,-0.002668843184744315,-0.001654494166728914,-0.00012011043098151251,0.00013084504692487188,0.00023595114666252322
MLP,600,135,0.13686123,0,0.0,True,-0.00017369208867150788,0.0007726411247103819,4.662747672399174e-05,0.00037070692469156756,0.0007755888601814519
MLP,600,135,0.53425974,1,1.0,True,0.014743888917825477,0.011915663523210655,0.012109600127640003,0.012197708067998865,0.012403339606106616
MLP,600,135,0.28206846,0,0.0,True,0.0002364172744566993,-3.6348249260539216e-05,0.0006360906559189267,0.0005562105320505363,0.0003140922019410261
MLP,600,135,0.1855626,0,0.0,True,-0.0007904957134790926,-0.0006718622314150606,-0.0007069444671019058,-0.0004931102651341379,-0.0006786025913244947
MLP,600,135,0.5312267,1,1.0,True,0.008817988618144052,0.007502692180356645,0.00799472855241321,0.008041086256761708,0.007899791324966208
MLP,600,135,0.5198242,1,1.0,True,0.008563851537355472,0.009857655643670393,0.010847041836032774,0.011726503997584873,0.012074710337013838
MLP,600,135,0.2559621,0,0.0,True,0.0007829686261964457,0.00037712700423002914,-0.00018548359076711655,0.00017702166150068344,0.00026546533508405886
MLP,600,135,0.27649778,0,1.0,False,0.014239273838972588,0.011073912737981731,0.009644129142422896,0.010075689520940154,0.009729812256355129
MLP,600,135,0.36128286,0,0.0,True,0.0002989613352044775,-0.0007506975776794199,0.00010243620307217945,-0.0005176465808599388,-0.00038125763118083814
MLP,600,135,0.21209145,0,0.0,True,0.005062306336936377,0.0024961930717975513,0.0017410122538477157,0.001807057642433794,0.0014129334738717627
MLP,600,135,0.16097243,0,0.0,True,-0.0026438545980493194,-0.0007942130444922185,-0.0012435936518595829,-0.0017815958249276032,-0.001423224386584091
MLP,600,135,0.5045693,1,1.0,True,0.007940079055203594,0.010575608536925187,0.010625385532381197,0.01026281690962806,0.010057330556177314
MLP,600,135,0.7153984,1,1.0,True,0.01648558020788814,0.0124760966769081,0.010685771590639126,0.01005498523670458,0.01054340999564753
MLP,600,135,0.2803233,0,0.0,True,0.0019572197891558284,0.000171033086594047,0.00024355439976597823,1.2212762507219243e-05,1.722858538491104e-05
MLP,600,135,0.27834702,0,0.0,True,0.0006534166662872394,0.00017776370438784238,0.00029218788594520306,0.00027847051836013613,0.0004679610412012448
MLP,600,135,0.28111026,0,0.0,True,0.0004964131366195578,0.0009508040227462217,0.00018525702050257894,0.0007168638110959083,0.0004860225953301007
MLP,600,135,0.26978314,0,1.0,False,0.012031125312453513,0.010843727179033627,0.009085778950108595,0.009789338828815074,0.009733042593246852
MLP,600,135,0.55252296,1,1.0,True,0.00775938956963129,0.009104443824141042,0.008722035904409522,0.00868366688666081,0.007809302682441527
MLP,600,135,0.15205745,0,0.0,True,-0.0005046641175635076,-0.0015493584161593893,-0.001365727864334101,-0.00016684400422769003,0.0002219463085919557
MLP,600,135,0.7984977,1,1.0,True,0.010714488830491637,0.010319854013106188,0.01012739578706701,0.00874803983108494,0.009435240106355847
MLP,600,135,0.3437875,0,1.0,False,0.011463563891282048,0.010420510676146565,0.009957253430942658,0.009425363551912385,0.00958568614088102
MLP,600,135,0.22276513,0,0.0,True,-0.002416162229947903,-0.0010870908914424892,-0.00023144629951199472,-0.000489249555266998,-0.0005371412482494263
MLP,600,135,0.58084583,1,1.0,True,0.010403041603346715,0.010311687725638024,0.010452630984273252,0.01032975559049027,0.009895285870299909
MLP,600,135,0.95838,1,1.0,True,0.010000895685742377,0.009009270926764268,0.009931570411278224,0.009094886319516977,0.008874224520463356
MLP,600,135,0.35358447,0,1.0,False,0.005872225365754584,0.007305918402304186,0.008462973874971923,0.008347386547006215,0.009545995260416652
MLP,600,135,0.23551574,0,0.0,True,0.0006343048963160034,0.000996862630149453,0.0010887658873349351,0.0004797467067214717,0.000115000253780048
MLP,600,135,0.8974386,1,1.0,True,0.008842899378226141,0.009860349145010475,0.010275931457712726,0.010112011353691837,0.009148144539501512
MLP,600,135,0.14569335,0,0.0,True,0.0029187194657967455,0.0025871892074787175,0.0012721849131530924,0.0009628214446347072,0.0009994783721420397
MLP,600,135,0.27865294,0,1.0,False,0.009799492782209693,0.010437005370928143,0.010503369162494072,0.010125419536988273,0.010188637749224995
MLP,600,135,0.8340347,1,1.0,True,0.008017056292718799,0.008241229588653315,0.008524889232901716,0.00875116334806037,0.008204481707841176
MLP,600,135,0.6112323,1,1.0,True,0.004721873401460435,0.008629797695803269,0.009287346380073646,0.008757079017447864,0.00809062720354314
MLP,600,135,0.1574475,0,0.0,True,-0.00044521867858839554,-0.0009301551868701877,-0.001430764511792245,-0.0007044078037835213,-0.0007884774879140436
MLP,600,135,0.19761166,0,0.0,True,-0.0007285586685512617,0.0007302084504651724,0.0008012876149415009,0.0007173363055444086,0.0007933830620759066
MLP,600,135,0.5822544,1,1.0,True,0.009347412990673347,0.00792627146612223,0.009161666543094894,0.008199503837645124,0.009016711553423866
MLP,600,135,0.22695716,0,0.0,True,0.0018022688002465087,0.0013553749060561694,0.0005248722484196066,0.0004298287817141412,0.00012270796527958494
MLP,600,135,0.22313,0,1.0,False,0.005364173548103193,0.00701469986037129,0.007779471047456451,0.009022268381774187,0.008393227144223317
MLP,600,135,0.20522074,0,0.0,True,0.00043140572413826356,0.0008411769354602821,0.00040611058153546263,0.0006318981183589583,0.0007040845831061103
MLP,600,135,0.17808226,0,0.0,True,0.002068893349179081,0.0006559586834204372,0.000732667279312791,-4.588786240125388e-05,4.2272836313594675e-05
MLP,600,135,0.5946018,1,1.0,True,0.010152766672300155,0.01086876635487566,0.009200295072554493,0.009315740993432119,0.00914268308272917
MLP,600,135,0.226143,0,0.0,True,9.940403222722996e-05,-0.0008306553711572509,-0.00032043535945314123,0.00035894922240834213,0.00010185524609937957
MLP,600,135,0.2748783,0,1.0,False,0.006545638750305037,0.008862729576073071,0.00872859818993545,0.009005043133401785,0.0097674743193679
MLP,600,135,0.25460297,0,0.0,True,-0.000696620376977255,0.0009737498852532413,0.0014464414399255336,0.0017395587807061028,0.0020747936114671613
MLP,600,135,0.20838206,0,0.0,True,-0.0007290682948946366,-0.001871422173958446,-0.0011037551936832076,0.00038068766421125235,8.481310249994999e-05
MLP,600,135,0.5244337,1,1.0,True,0.007261840574547989,0.010033119397706984,0.011337441611706606,0.011374780040312093,0.010800230366146617
MLP,600,135,0.18083647,0,0.0,True,0.0018003331260143494,0.0011389286830694003,0.0006121014062597624,0.0002494847613287166,0.00023038330025306147
MLP,600,135,0.27986762,0,0.0,True,-0.0008074363162431295,-0.0016269109760816824,-0.001409041327542187,-0.0007258992467061383,-0.0007175728630863435
MLP,600,135,0.299156,0,1.0,False,0.013266651527418159,0.011052681900089522,0.010981125704625547,0.011400347915659203,0.010974919148544168
MLP,600,135,0.391787,0,1.0,False,0.005466617351361027,0.007773856894214531,0.008689599790490202,0.008704294418933448,0.008421275178485491
MLP,600,135,0.30886948,0,0.0,True,0.00036082468083163064,2.975928331001263e-05,-0.0011342890495461932,-0.000717715846053077,-0.0004207031991754137
MLP,600,135,0.15878128,0,1.0,False,0.011318877113950455,0.011236442025685583,0.010001883938909273,0.009234334918163193,0.009410405739155928
MLP,600,135,0.19258854,0,0.0,True,-0.0027331848604786524,-0.0019001061156872958,-0.0006399999922281378,-0.0007861698810648827,-0.00023569184868138697
MLP,600,136,0.8367344,1,1.0,True,0.006302706196108896,0.008126072468720753,0.009084617758374245,0.009199051776315617,0.010256771889260639
MLP,600,136,0.47285882,0,1.0,False,0.008809904656207512,0.011343063012451743,0.011670993965073302,0.010308570901034415,0.009256543941960035
MLP,600,136,0.22475201,0,0.0,True,-0.0012690779910801448,-0.0014678744383024346,-0.0007732529715696686,-0.0004507865974728715,-0.0009439109965556406
MLP,600,136,0.3326412,0,1.0,False,0.0037075248208663144,0.006291846442951137,0.008488655783717209,0.008848987359141858,0.009117724342186873
MLP,600,136,0.8430808,1,1.0,True,0.00540348443039664,0.008395990825333252,0.00801187208547892,0.008734969193976368,0.008635342092756286
MLP,600,136,0.85400254,1,1.0,True,0.012133413151362838,0.010283702046635906,0.008683578945589287,0.009170478923988173,0.009722086573626172
MLP,600,136,0.8137884,1,1.0,True,0.009495559693706338,0.009403170875822873,0.009659948971132747,0.009874765663024148,0.009990492990426125
MLP,600,136,0.1765126,0,0.0,True,0.0012503465648126468,4.009696243870137e-05,0.0011038006376177403,0.0011990324079728524,0.0012042024381399802
MLP,600,136,0.20993394,0,0.0,True,-0.0007770608178612268,-0.0014211080110167339,-0.0009159919910197996,-0.0013453835097394127,-0.0015033948508254267
MLP,600,136,0.35291442,0,1.0,False,0.011163631276272607,0.010790850401758024,0.010632242695049237,0.010078093628924582,0.010378641134361672
MLP,600,136,0.16607901,0,0.0,True,-0.0018726309112570127,-0.0012142173352300745,-0.0007924569285947554,-3.4827756283632694e-05,-0.0005855984612601545
MLP,600,136,0.18479303,0,0.0,True,0.0023652390476947196,-0.0005429115274351736,0.0006485121301144902,0.0004615484676785241,0.00017742134528437808
MLP,600,136,0.7910996,1,1.0,True,0.008643873771004937,0.007662085183964171,0.008440499693982424,0.00825634638355247,0.008636254278985038
MLP,600,136,0.52363396,1,1.0,True,0.011845860566631382,0.012356860370973364,0.012810942908190405,0.011552617993926626,0.011632166608142203
MLP,600,136,0.5995215,1,1.0,True,0.003700369864218889,0.005289606081902032,0.006454792515204507,0.007053857060898342,0.007664251815385817
MLP,600,136,0.9026567,1,1.0,True,0.005441729003117761,0.005816250363193681,0.006520722222138591,0.0061579956130255065,0.007776857195031938
MLP,600,136,0.7322976,1,1.0,True,0.010125639505201069,0.011846569330923505,0.010980484479459242,0.011679393433423696,0.01185663178628879
MLP,600,136,0.17941691,0,0.0,True,0.0019139218450154845,0.0019016184324580224,0.0005588540354515451,0.00045284423127809085,0.0001335688894413343
MLP,600,136,0.27202317,0,0.0,True,-0.002009880191294585,0.00027185934164841925,0.00010852625790103963,6.725571718153553e-05,0.00039420657869767086
MLP,600,136,0.53490424,1,1.0,True,0.005861125935241679,0.00860869519363772,0.009764970068022061,0.009364953624929432,0.01048881235793594
MLP,600,136,0.72582465,1,1.0,True,0.009135220327551756,0.00860807401292775,0.008085477696136056,0.007871676089455498,0.008726283753851153
MLP,600,136,0.17350532,0,0.0,True,0.0014183983199253314,-0.00032645273716546926,0.0005920261243438309,0.00043721238212550184,0.0010601041018687481
MLP,600,136,0.833936,1,1.0,True,0.007489289207580714,0.005863845335316388,0.007598741304962469,0.007730180739400275,0.007759323360842812
MLP,600,136,0.15712647,0,0.0,True,0.0007197018850677297,-7.054745756966858e-05,0.0002638757639956071,0.0007467010523094237,0.000749078228917501
MLP,600,136,0.77516806,1,1.0,True,0.010550298934411862,0.009172020465294974,0.00982822158784986,0.009211248199206675,0.009074746480294167
MLP,600,136,0.18781064,0,0.0,True,-0.0006113848934064333,-0.0011909615958425794,3.0551002388609566e-05,-0.00018606173011895646,0.0002777971176009117
MLP,600,136,0.57962996,1,1.0,True,0.008105316567240303,0.009574480327918428,0.00874959153395309,0.008465524163433038,0.008932108616083357
MLP,600,136,0.59207046,1,1.0,True,0.007817401393268888,0.00783409842565686,0.0068744441752523425,0.006384518514697657,0.006588257369995763
MLP,600,136,0.4359389,0,1.0,False,0.007602676303817544,0.008082383778969103,0.008338193069514622,0.0075728970413041505,0.007964177537206766
MLP,600,136,0.43464956,0,1.0,False,0.012163620638836239,0.011636420580060512,0.011490934962645995,0.011304224505313924,0.010129382100588941
MLP,600,136,0.42455494,0,1.0,False,0.00939715493718568,0.010558121072762175,0.009697119176433214,0.008959038294816726,0.008085254590340726
MLP,600,136,0.24231891,0,0.0,True,0.0008901545325666025,0.0012528986409709006,0.0020213223923609327,0.0025158121889619473,0.002290109138206904
MLP,600,136,0.8624027,1,1.0,True,0.008485210603052375,0.009971230895426628,0.008737202013331951,0.008354280658108275,0.008143580802979706
MLP,600,136,0.2951511,0,0.0,True,-0.00030507465921535083,-0.0006089172046677505,-9.747729618018508e-05,-3.6615690037070134e-05,0.0003415968079016765
MLP,600,136,0.12193113,0,0.0,True,-0.00016766574004304968,-0.0005964249486442196,-0.0007864132893181129,-0.0011120356909956075,-0.0014945692628045124
MLP,600,136,0.5217475,1,1.0,True,0.008821278787246692,0.010859028105347706,0.010029160689475337,0.008688938666582375,0.009667361588775585
MLP,600,136,0.8987626,1,1.0,True,0.011046835900979515,0.00936317690575088,0.009682538155624493,0.008387706123338744,0.008599369371562372
MLP,600,136,0.24428736,0,0.0,True,0.0008249190980638367,0.0013156660009668551,0.0015247948557538748,0.0010068558501867358,0.0006947801579838454
MLP,600,136,0.11929404,0,0.0,True,0.0018332885969669387,0.0005594325520137473,0.0004614774167359322,0.0009105466139329863,0.00045046677996009397
MLP,600,136,0.3700549,0,1.0,False,0.011257554778986654,0.008532356774686986,0.009265998278454863,0.009715370826384327,0.009590047745169333
MLP,600,136,0.46455887,0,1.0,False,0.011450640576994449,0.011415415722961019,0.010581181538297292,0.00980242083415056,0.010248938003667102
MLP,600,136,0.49944973,0,1.0,False,0.008102263867970687,0.008718947328349472,0.008232908820859853,0.009147751513232298,0.009332148249718049
MLP,600,136,0.1355637,0,0.0,True,-0.0027177015315333914,-0.003363253532784912,-0.002556864990408326,-0.0014720471729562346,-0.001474947398184015
MLP,600,136,0.23325346,0,0.0,True,0.0008425645190766408,0.0015441016580542094,0.0019555302217962285,0.0019981895252376026,0.001357961070404875
MLP,600,136,0.480841,0,1.0,False,0.010658071280552264,0.009340691770769204,0.010721665405036381,0.009779027479138185,0.009667194579629928
MLP,600,136,0.11883613,0,0.0,True,-4.7877886691296615e-05,-0.0003737809362478301,-0.0006575568604103497,-0.00025458013359744346,0.00011038441918867809
MLP,600,136,0.5322751,1,1.0,True,0.011543769381497867,0.012327315950373759,0.011064728091475696,0.010954254569937778,0.011088161977324977
MLP,600,136,0.13360181,0,0.0,True,0.0015713963714534436,0.0017228600124128317,0.0004699829111732492,0.00043119014430783014,0.0002472383994248573
MLP,600,136,0.6060248,1,1.0,True,0.006671916102487883,0.006201260589448186,0.007233065316613107,0.008189434635725806,0.008701100597427222
MLP,600,136,0.4513553,0,1.0,False,0.011354113693778865,0.01201557214510408,0.011085007704549451,0.010636354911714128,0.009838343554107691
MLP,600,136,0.66020054,1,1.0,True,0.00717989687472318,0.009853858516702917,0.00878997721562303,0.009206393820455095,0.00896737360120753
MLP,600,136,0.14634088,0,0.0,True,0.0005948261166428776,0.0015783170077186758,0.0023014779575139667,0.0016451351882845857,0.0014042003656661336
MLP,600,136,0.7624908,1,1.0,True,0.005542566507493833,0.007440825035317576,0.00823113259151384,0.008909333590592287,0.009360115350681137
MLP,600,136,0.22016668,0,0.0,True,0.0023818496461642997,0.00029804693010500256,5.955535808948489e-05,-0.00041966275967246866,-0.0008016676738842053
MLP,600,136,0.13427591,0,0.0,True,-0.001549243715241209,0.00019497013017213315,-0.0008637702005518423,-0.0012092383371060701,-0.0013335428205984519
MLP,600,136,0.57568353,1,1.0,True,0.013912055460046636,0.010701720132270439,0.010533204389109943,0.009866038299648881,0.01025565626026286
MLP,600,136,0.12688686,0,0.0,True,0.0021036326962214275,0.0005236838954291741,0.000230583590760496,0.00035165970392419177,0.0008678548842334625
MLP,600,136,0.6026426,1,1.0,True,0.007601200376290573,0.008297593512000724,0.010216276426082143,0.010327935558801866,0.010025092237640093
MLP,600,136,0.14480326,0,0.0,True,-0.00154428836202618,-0.0002701569883322382,0.0009672229422161717,0.0007826018719769875,0.00022518682854854016
MLP,600,136,0.22598007,0,0.0,True,-0.002543133598089429,-8.355636438985994e-06,-0.0008026789712840913,-0.0008256667168047854,-0.000542718313673011
MLP,600,136,0.11581784,0,0.0,True,0.00021339726494562053,0.0014834497181600314,-0.0002691847763455623,0.0001946339726079281,-0.00018545544703212264
MLP,600,136,0.48613763,0,1.0,False,0.010045646221508917,0.00980891831890115,0.009560918116178227,0.00998360860257803,0.010318171659391409
MLP,600,136,0.6355194,1,1.0,True,0.004412502076993169,0.00600348736834567,0.005889604872647137,0.006574187487366556,0.006608180183621006
MLP,600,136,0.76450855,1,1.0,True,0.008880693559351926,0.010132676165427183,0.010716335864031243,0.01015135990449886,0.008850307317012628
MLP,600,136,0.76876724,1,1.0,True,0.011540883978055638,0.010233387823616501,0.01103621589203597,0.011062158197593555,0.010804501045556377
MLP,600,136,0.21690723,0,0.0,True,0.0015513396994915115,0.0013187394727111135,0.0006379973578063861,0.00016343754781977208,-0.00017863660058105567
MLP,600,136,0.12833421,0,0.0,True,0.002051874154596455,0.0017055501063829596,0.0018230850609742206,0.001355594141352027,0.0007143550871695499
MLP,600,136,0.25013757,0,0.0,True,0.0015859402052829223,-0.00022840403288123718,-0.0009941144631351016,-0.0010739823511726886,-0.0005863306800046889
MLP,600,136,0.11794915,0,0.0,True,0.0030165835845086934,0.0023314403465245757,0.001880907915171647,0.0012849349459366777,0.00044022665131294346
MLP,600,136,0.12686774,0,0.0,True,0.001801433024586536,0.0005247198796526598,-0.00010369824593923585,-0.0006902799850212209,-0.0005282553053064647
MLP,600,136,0.3021166,0,1.0,False,0.013531457778968962,0.011977599504313126,0.010840952885175864,0.00965154043890501,0.009082878571683554
MLP,600,136,0.24869457,0,0.0,True,0.0023474897804148854,0.0003890146278936145,-0.0005564052093094864,-0.0007176910341574602,-0.0005211402450130472
MLP,600,136,0.28877693,0,1.0,False,0.008479451216451791,0.009205113506177932,0.009249892590371355,0.00826505568538857,0.008794798980507664
MLP,600,136,0.17814896,0,0.0,True,-0.00024840047106654744,-0.000560389704251072,-0.0014118304096526323,-0.0007873213528825057,-0.000796374284302404
MLP,600,136,0.37877133,0,1.0,False,0.013230921814464667,0.011440106007588916,0.010005167414077431,0.010256004193066302,0.01022143674393801
MLP,600,136,0.5253809,1,0.0,False,-0.002335583029407269,-0.0017331984053974225,-0.0014643487068781045,-0.0013260673456513081,-0.0009507827481666949
MLP,600,136,0.5570338,1,1.0,True,0.013321345696159366,0.010957423926115685,0.009025985271122222,0.009219866016431929,0.009654136775843283
MLP,600,136,0.76423025,1,1.0,True,0.011140704809929578,0.011347681683103782,0.010235815180883052,0.00945312245732582,0.010103691557758707
MLP,600,136,0.23166218,0,0.0,True,0.0009235881261968275,-0.0002589965302009842,0.000882721875106033,0.0003278279690211403,0.0006420956809130948
MLP,600,136,0.67500204,1,1.0,True,0.00920618076226419,0.00788748927548253,0.008659062724050823,0.008678467725776228,0.008988082193046774
MLP,600,136,0.78489953,1,1.0,True,0.011687275670523967,0.01125955383798611,0.009694503132263322,0.010152024126080744,0.01093962224952755
MLP,600,136,0.16782771,0,0.0,True,-0.0009487894777275199,-0.0018157529443994125,-0.0009317299730296253,-6.820542544673818e-05,0.00013810642140161408
MLP,600,136,0.50561506,1,1.0,True,0.012590349451860041,0.01213306335345363,0.010613963428752888,0.009858904286413877,0.009471028028936332
MLP,600,136,0.19515291,0,0.0,True,-0.0005973305193674176,0.00043546614572559324,0.00014882833809304072,0.0003247078937528883,0.0009051247248753065
MLP,600,136,0.24783733,0,0.0,True,0.005015894106315644,0.001962405165627848,0.0009606065930440516,0.0005080602302079189,-3.402418199934797e-05
MLP,600,136,0.83057624,1,1.0,True,0.009370646994194801,0.009793831402501035,0.011613132776821989,0.011845907780495142,0.01123051692900055
MLP,600,136,0.3783056,0,1.0,False,0.009141582562184057,0.008557806250115221,0.009016393879939981,0.010343370594473838,0.010200591048080496
MLP,600,136,0.13993686,0,0.0,True,0.0014570278111544093,0.0014498119711253137,0.0011509263535669887,0.0008287581384493589,0.0005795802866135173
MLP,600,136,0.23029906,0,0.0,True,-0.00041759732894211716,-0.00038455034422108214,-0.00042948205947768945,-0.000396390703167219,-0.000343117998204737
MLP,600,136,0.66897315,1,1.0,True,0.012859936670060051,0.011765178835246156,0.012498694470776846,0.011267424322311105,0.011136484841698638
MLP,600,136,0.34079862,0,1.0,False,0.016212879494754896,0.014059410232678593,0.013829138142285688,0.012488322910897435,0.01187674211050201
MLP,600,136,0.6658783,1,1.0,True,0.009999579025756516,0.010077496999512115,0.0115380057495761,0.011649522682363665,0.01166124219967351
MLP,600,136,0.63959193,1,1.0,True,0.01038736345728081,0.010919532101778203,0.011080938560540701,0.009880579568347135,0.009667195096011374
MLP,600,136,0.5506177,1,1.0,True,0.01026304282536888,0.009703247670217095,0.009332114636071176,0.009035647685634165,0.009183288186111232
MLP,600,136,0.2361023,0,0.0,True,-4.464129888729421e-05,-0.0005013944450110501,-0.00014322052339483014,0.00032898097867822314,8.02269175432939e-05
MLP,600,136,0.11097231,0,0.0,True,-0.00032161940575568327,-0.0012022979374217424,-0.0006499510869726257,-0.0005325441495155694,-0.00021870027076190547
MLP,600,136,0.32725626,0,0.0,True,0.0022673875800062375,0.0018265993016103467,0.000991120208609074,0.0007055943084255651,0.0009809385439285933
MLP,600,136,0.3748056,0,1.0,False,0.011242987914885984,0.012497384534417578,0.011726854869379383,0.012595263398004078,0.01217231809540158
MLP,600,136,0.5933934,1,1.0,True,0.012285103577083381,0.009677631894352303,0.009336433531690655,0.009746828228032215,0.009726557732236112
MLP,600,136,0.2388026,0,1.0,False,0.009927265787793602,0.008715918484033495,0.011357983650285298,0.011118307060732902,0.011482760137242427
MLP,600,137,0.28961328,0,0.0,True,2.761153370286486e-05,0.0005985522939634338,-0.0007098144730329942,-0.0005411024636143752,-0.0007201018275179639
MLP,600,137,0.2498712,0,1.0,False,0.008728362089735153,0.007602439001521294,0.008524074504255233,0.008858017657952999,0.008406094450163493
MLP,600,137,0.1685131,0,0.0,True,0.004946051034193944,0.0037889758755586273,0.0026782370511030666,0.0024061613531216656,0.001983295785466793
MLP,600,137,0.1704867,0,0.0,True,-0.0042508265009558914,-0.0039424743613482105,-0.0017403046760779564,-0.0013718016450475887,-0.0014143496587864855
MLP,600,137,0.13785446,0,0.0,True,-0.0031581202399626543,-0.0015650201202541201,-0.0011473043227827134,-0.000801887631273738,-0.0007687991006805622
MLP,600,137,0.42711705,0,1.0,False,0.010649963873020052,0.009305335602302449,0.009629028107037908,0.009539893475037427,0.00991614612989287
MLP,600,137,0.16826193,0,0.0,True,0.002351980258541435,0.0013568829982236567,-6.005830558592054e-06,0.0004188381604568053,0.00033469795457887256
MLP,600,137,0.72301096,1,1.0,True,0.009343237582287034,0.008810826701931215,0.009524276268533307,0.008637347887465553,0.009057509739181947
MLP,600,137,0.2392742,0,0.0,True,0.0018467333906781302,0.0003918694097990364,0.0007684323028009953,6.608458265387763e-05,-0.0003225166096472463
MLP,600,137,0.30267274,0,0.0,True,0.00032369490015328695,-0.00028324151375600225,0.0006305333823452741,0.000329758198713434,0.0003623569190253913
MLP,600,137,0.8050478,1,1.0,True,0.008087581822017069,0.009988290138494546,0.009613745793205876,0.010119012671319398,0.010427016636883116
MLP,600,137,0.80847716,1,1.0,True,0.010600991537954255,0.01165411515851478,0.011363799701996129,0.01068619916885866,0.009599126229130367
MLP,600,137,0.7390051,1,1.0,True,0.009536685526899793,0.009508569060082732,0.008032833638532851,0.008786738740634861,0.008378413037100197
MLP,600,137,0.19953726,0,0.0,True,-0.001244741929772142,-0.00036306081643726194,0.0006912102612717265,0.0004581084599662144,0.00016533219298736645
MLP,600,137,0.54442084,1,1.0,True,0.011550794075463094,0.008574858389562314,0.009687668575461132,0.010267360037826065,0.010096114229908857
MLP,600,137,0.19938667,0,0.0,True,-0.0004293101805942698,-0.0004991713060756443,0.000311493451015466,0.0006590108236511808,0.0006313079334605625
MLP,600,137,0.5975226,1,1.0,True,0.011038903121636594,0.012601977882688084,0.0112374961270033,0.010774918923847776,0.011138135819666533
MLP,600,137,0.20493437,0,0.0,True,-0.0005609709883534356,0.000939577878804773,0.0010062796052320057,0.0008057658955406801,0.0003740239209938838
MLP,600,137,0.32521293,0,1.0,False,0.012157014901397856,0.010819451826785436,0.01016713585595183,0.01003303026002118,0.01058551656335032
MLP,600,137,0.4342371,0,1.0,False,0.009642975628206487,0.009815586760203027,0.010068106402974257,0.01040658190759323,0.01028511253038726
MLP,600,137,0.28486592,0,0.0,True,-0.0009524066285163274,-0.002351177232812441,-0.003297089510371858,-0.002709393225416394,-0.0017139118199882306
MLP,600,137,0.20424278,0,0.0,True,0.0028977588279740195,0.001892070198743805,0.001861795197306675,0.0017163472172607688,0.0008923927648588207
MLP,600,137,0.7770897,1,1.0,True,0.010239316817365616,0.012024551762421808,0.012385781929983665,0.012256672940519705,0.012099438065321454
MLP,600,137,0.7083936,1,1.0,True,0.010465556676810334,0.00831914303764666,0.009816090859390192,0.010710847217859148,0.01084476558531696
MLP,600,137,0.22529675,0,0.0,True,-0.0015028009134538602,-0.00022588289334646148,-0.00027159796327588684,-0.0003336486826109496,0.00019175565686689245
MLP,600,137,0.43577904,0,1.0,False,0.009958179059639886,0.010400588231068668,0.010481801871183433,0.010547905957920418,0.009979250380145115
MLP,600,137,0.13912179,0,0.0,True,-3.098665621421528e-05,0.0003143748557196568,0.001304921129028461,0.0014054753178493705,0.0008454483177311272
MLP,600,137,0.710256,1,1.0,True,0.014607486949015529,0.012812357007521525,0.013104537617442949,0.012175486084340532,0.011612289089632
MLP,600,137,0.4725225,0,1.0,False,0.009595156205289052,0.010335582254047548,0.009761860979639147,0.010067245026445824,0.009989383875553445
MLP,600,137,0.13091142,0,0.0,True,-0.001230185649762515,-0.0009499395623484236,-0.000907050185971074,-0.0015149362675123876,-0.00110132792852101
MLP,600,137,0.20097762,0,0.0,True,0.0009283163937736287,0.0010043535142455436,0.0005045294763237367,0.00031301396814619847,0.0005999988772803819
MLP,600,137,0.93834454,1,1.0,True,0.005721913982865359,0.007656760537609251,0.009116880106557673,0.008856284410085973,0.008440062214042003
MLP,600,137,0.22650912,0,0.0,True,0.0014078522010260348,0.002431007698175653,0.001674024097765768,0.0014713338817748099,0.0013142740497630791
MLP,600,137,0.119877316,0,0.0,True,0.0017583170866721641,-8.649565775475196e-05,0.00039190575225151543,0.00018534479137042936,-0.0002826894385762556
MLP,600,137,0.18451674,0,0.0,True,0.0010009455190381127,-3.5082435970757876e-06,0.000722067521178804,0.000353586151225531,0.0006124126170774462
MLP,600,137,0.69045645,1,1.0,True,0.009519532584880716,0.007781587548613369,0.007681366843318862,0.008168613675536339,0.009155372208220528
MLP,600,137,0.5491709,1,1.0,True,0.007925981671311583,0.010154606974572631,0.011708773602227824,0.01259532184103535,0.01158459014636174
MLP,600,137,0.14188206,0,0.0,True,-0.0021671260832002203,-0.0030961074948590442,-0.0019772625572807346,-0.001884964321450472,-0.0011355148761997664
MLP,600,137,0.8935989,1,1.0,True,0.012246971414123736,0.010216078523649792,0.00999329556752622,0.010329462670896893,0.010365304193654576
MLP,600,137,0.5103033,1,1.0,True,0.011235369560889363,0.012130316650812156,0.010003718650226931,0.010252470708661907,0.010260232833340687
MLP,600,137,0.44903097,0,1.0,False,0.00880268343166889,0.009085388523472944,0.009829273935056587,0.008790412835850287,0.00999163064173748
MLP,600,137,0.19214688,0,0.0,True,0.0015024596466969304,0.0011027147423797934,0.0014678036977115942,0.0013611726484246127,0.001060805561394081
MLP,600,137,0.114534535,0,0.0,True,0.0009560140494843582,-1.5059222001282293e-05,-0.0006107678475792002,-0.0010627313092912943,-0.000664715977330128
MLP,600,137,0.16073796,0,0.0,True,-0.00029497170912129016,0.00014200065297539563,0.0004886414452623196,-4.1863025613054845e-05,-0.0006410054623317473
MLP,600,137,0.3768276,0,1.0,False,0.007520188400151988,0.009358787038747887,0.009398348175609,0.009095587224852738,0.008935188806749527
MLP,600,137,0.45237264,0,1.0,False,0.01158193485365292,0.008929672191937304,0.00861735593448094,0.008224795908199372,0.008010691195051406
MLP,600,137,0.7634008,1,1.0,True,0.013928012382139289,0.012099010820119811,0.011301881150363027,0.011917192767506848,0.010951000772607378
MLP,600,137,0.29471502,0,0.0,True,-0.002190367852700824,-0.001916261722359623,-0.001496985893172714,-0.0015219606794892153,-0.0014314258188878647
MLP,600,137,0.82480466,1,1.0,True,0.007564111800048007,0.007929329352248772,0.009473534605687013,0.009489704192429256,0.010301113432951503
MLP,600,137,0.1709961,0,0.0,True,0.0005831513792894345,0.0015500661112495646,0.0010525950352384603,0.0010423150288243284,0.0012083118296594086
MLP,600,137,0.18551002,0,0.0,True,-0.0004668340279894541,-0.00018032682137010693,-0.00022937783151489596,-0.00042689244297765185,-0.0002954708598671922
MLP,600,137,0.16417834,0,0.0,True,-0.0020266262765834663,-0.0016383237256003484,-0.001052517932977163,-0.0005280312831000888,6.4017099865942e-05
MLP,600,137,0.43611982,0,1.0,False,0.011335389435139346,0.011007900876844329,0.010455072486144837,0.010680484987587174,0.010606216034674328
MLP,600,137,0.73753226,1,1.0,True,0.006807019929458315,0.008049258925261333,0.007973839536001887,0.008607186026380434,0.008446141018072605
MLP,600,137,0.19068485,0,0.0,True,-0.0023878019868313624,-0.0021919191025467407,-0.000849406990963267,-0.00018847028388379716,-0.0002636708291490225
MLP,600,137,0.8132425,1,1.0,True,0.009217274571148995,0.00804392997083584,0.009589169308469805,0.010457661405540834,0.01036889992200163
MLP,600,137,0.1305948,0,0.0,True,-0.0007339874920680887,0.000549210774956168,0.0013477360560600114,0.0009211893725877281,0.0003736681174986533
MLP,600,137,0.27305582,0,0.0,True,-0.0038289856509025138,-0.002840835043503501,-0.0017897368447075573,-0.001449558670106046,-0.0012165629992078478
MLP,600,137,0.49555737,0,1.0,False,0.012632882488462472,0.01198866309827315,0.01125290044568267,0.009850095012871613,0.010066805128479779
MLP,600,137,0.8730762,1,1.0,True,0.008095685749927075,0.008955043613643163,0.009832460202953955,0.009772351175918171,0.010073621397313106
MLP,600,137,0.32228288,0,1.0,False,0.006039483588177569,0.006550054781461414,0.008851914032238565,0.008555395069588795,0.008505027876941027
MLP,600,137,0.6316911,1,1.0,True,0.013810634427924118,0.01145224317163855,0.010538981667028973,0.010866961244535681,0.010346386937507147
MLP,600,137,0.21544078,0,0.0,True,0.0005541015543571754,-0.0006791524969992438,-0.0010989644796426834,-0.00106427951327419,-0.0008374743502456771
MLP,600,137,0.54415584,1,1.0,True,0.009697334179497568,0.0114768548490393,0.011503162919386429,0.01127694808716634,0.010874635857632665
MLP,600,137,0.25275204,0,0.0,True,-0.0013973417617883178,-0.0010699311853400054,-0.001146971059775003,-0.0010089117510809229,-0.00023507078617590209
MLP,600,137,0.18552645,0,0.0,True,0.0025725027594829856,0.00010738168677545982,0.00029710348511157673,0.0004995912594284667,0.00015807421841471247
MLP,600,137,0.21591733,0,0.0,True,0.0001547295120253059,0.001371884576966647,0.0009095283745400577,0.00030034308762899126,0.0002894463425829186
MLP,600,137,0.23374978,0,1.0,False,0.011705936519716265,0.010785401916492663,0.011002597090254914,0.011054656916492931,0.010812652717345963
MLP,600,137,0.8003467,1,1.0,True,0.008976945774386368,0.008118229890840545,0.008789163847493215,0.009306072210012634,0.010018615346487807
MLP,600,137,0.2796476,0,0.0,True,0.0013711944710369116,0.00028085294855037686,-0.0005252579602601737,-0.00012595569965322552,-5.694951350391159e-05
MLP,600,137,0.09945473,0,0.0,True,-0.002327839468465456,-0.001672501274288683,-0.0017797933076488526,-0.0013893697047166044,-0.0011328212703335377
MLP,600,137,0.21733649,0,0.0,True,0.0009886074177033776,0.0006607715090577802,0.0011499943159535776,0.0009714605153836642,0.0005306130204212376
MLP,600,137,0.13436082,0,0.0,True,-0.0017406154583212796,0.00022415811500101,0.00021132522140648757,0.00030274253453174677,0.0003019407597921015
MLP,600,137,0.2256211,0,0.0,True,-0.0031581961666681427,-0.001398048808850122,-0.0013295258036237871,-0.0005760350436711455,-0.0009028476561656769
MLP,600,137,0.31507218,0,0.0,True,0.0009125519773389385,-0.0009942332387988676,-0.00108331754513044,-0.0008661846455016581,-0.0008878479544356114
MLP,600,137,0.7851332,1,1.0,True,0.012264623502949422,0.011695608927016968,0.012208892810025546,0.011942443680603841,0.01157747961856176
MLP,600,137,0.50823253,1,1.0,True,0.01085660760852893,0.010364943507923947,0.011830664116196018,0.010770649274499293,0.010949794505652932
MLP,600,137,0.9426438,1,1.0,True,0.01248522444156534,0.012403732769375012,0.010553201303684962,0.010464851257700856,0.010456479606708523
MLP,600,137,0.39707193,0,1.0,False,0.012949044860091801,0.013580921990466574,0.01275338166831332,0.012034649253305631,0.012081345981612188
MLP,600,137,0.14787252,0,0.0,True,6.35571986902689e-05,0.00037810415074770385,-0.00017240963956410537,0.00012635748991727223,2.0111059710834812e-05
MLP,600,137,0.2809065,0,1.0,False,0.009557043702782547,0.010381817372506838,0.00948370326708759,0.00921693832989003,0.009272874380934746
MLP,600,137,0.17929047,0,0.0,True,4.398975647404205e-07,-0.000618020968536584,-0.0005610111570183857,-0.00035547441120190813,-0.0002096999721430119
MLP,600,137,0.9347708,1,1.0,True,0.012280632645038017,0.01145282037495925,0.0112143298910988,0.011225122238943131,0.010862358857925896
MLP,600,137,0.7811448,1,1.0,True,0.008664691941212227,0.008941718208585936,0.00989219549971503,0.00936935205017019,0.008969088032948113
MLP,600,137,0.16841654,0,0.0,True,0.00044189775924378624,-0.00021222899512049045,-0.0007950301442527066,-0.0006856032084541414,-0.0007082438114711153
MLP,600,137,0.23204246,0,0.0,True,-0.000829114216072967,-0.00031735098084671466,-0.0007039345983351414,-0.0008419796003225145,-0.0004360143704203335
MLP,600,137,0.8639814,1,1.0,True,0.012636720560506819,0.011391213480006547,0.012211747072914787,0.01160975082619542,0.011041942400544888
MLP,600,137,0.5341,1,1.0,True,0.008823897885438081,0.01022354939502029,0.008539523263262249,0.009152874922938106,0.009832716433161389
MLP,600,137,0.123700164,0,0.0,True,0.0009172989489834104,-0.00036286088601654925,-0.0012160592794346898,-0.0006689663407509506,-0.0007334476986240779
MLP,600,137,0.48772565,0,1.0,False,0.00606129104809243,0.008218855320380086,0.007578022244123083,0.008794501039359845,0.009130038685829546
MLP,600,137,0.16892533,0,0.0,True,8.12194910434775e-05,-0.00014661085200065303,0.0005223955570967297,7.133794097115174e-05,-0.000235362097412744
MLP,600,137,0.8350353,1,1.0,True,0.011878155694831043,0.012553800167866797,0.011876032817147206,0.011245799924197303,0.01087966873440023
MLP,600,137,0.16818364,0,0.0,True,-0.0007837941035228287,-0.001728625966018792,-0.0018423585144593275,-0.0016463472901976624,-0.0014889371253525724
MLP,600,137,0.8778632,1,1.0,True,0.008887087784025614,0.00941251956212374,0.009074773832882943,0.009114452824711175,0.010321695702654341
MLP,600,137,0.5708356,1,1.0,True,0.013218462365484792,0.011706752578637914,0.011078127178174902,0.010584134752051909,0.010039132563925647
MLP,600,137,0.36846137,0,1.0,False,0.006817936195603934,0.0070887460633199395,0.006759714223389349,0.007921102776870062,0.008814059927823071
MLP,600,137,0.12360575,0,0.0,True,-0.0024213909190216156,-0.0009946278065041578,-0.0014329754066883464,-0.001308614875532998,-0.001305810147687877
MLP,600,137,0.20368353,0,0.0,True,-0.0012085896281600244,-0.00018186111496220616,-0.0006566772499771403,-0.00011086027775211145,7.193140843235247e-06
MLP,600,137,0.2269711,0,0.0,True,4.462565157938769e-06,0.0006701686835648567,0.0005474428284481764,0.0004568678408666535,0.00035349381616299924
MLP,600,137,0.47021523,0,1.0,False,0.012026845906404413,0.011056587532002553,0.010772702139510619,0.010680039641026626,0.011406488866859051
MLP,600,138,0.17263494,0,0.0,True,-0.004412205088985195,-0.001748215760703326,-0.0013428326908935908,-0.0010971511333146785,-0.000492061213487318
MLP,600,138,0.3100935,0,0.0,True,0.002505768611123328,0.0015606651822398945,-3.0484558627494308e-05,-0.0004381485454080397,-0.00044771179122100294
MLP,600,138,0.78000236,1,1.0,True,0.008267596564352036,0.009998422799701145,0.01139771585128824,0.010887180344841344,0.01111004160967233
MLP,600,138,0.46232113,0,1.0,False,0.010818008357865982,0.008362547154843272,0.008409480200287847,0.00820497818155168,0.00899715538850182
MLP,600,138,0.3332469,0,1.0,False,0.01135686441915823,0.011942939141517242,0.01254099913948536,0.012174809109557752,0.01184492571647488
MLP,600,138,0.6973019,1,1.0,True,0.014937851219218189,0.011856735016408396,0.0109496070924923,0.010544869323537428,0.01082640141402713
MLP,600,138,0.11010178,0,0.0,True,-0.0023707048447218788,-0.0004400888625069957,-0.0006987273699304878,-0.0001883844033531439,-0.00014750476819380616
MLP,600,138,0.3106085,0,0.0,True,-0.0014489905269109845,-0.00211859887941771,-0.0011227665782519492,-0.0014891064128709024,-0.000444554171253691
MLP,600,138,0.23539953,0,0.0,True,-0.0009257437039321314,0.0006160923473961156,-0.0003682090921694706,-0.00039132147114505415,-0.00023333684338236533
MLP,600,138,0.42946908,0,0.0,True,0.0004162236626658225,-0.0006469702122216181,-2.1587958189331057e-05,-4.034330652565481e-05,0.00026460677446542855
MLP,600,138,0.7185455,1,1.0,True,0.007675959382874069,0.007476512776081876,0.00906041254531517,0.009515825693517848,0.009051018360701648
MLP,600,138,0.7721193,1,1.0,True,0.00943685781427528,0.010837049492165742,0.009487917404095048,0.01079937387041025,0.011124444248521497
MLP,600,138,0.7710287,1,1.0,True,0.010495100220086574,0.011489773577745454,0.011956479960954995,0.012946986096826502,0.012398652968894483
MLP,600,138,0.27624464,0,0.0,True,-0.00011141834175333076,-0.00041204459454295846,-3.510247187782016e-05,6.310048797137693e-05,7.967901864806144e-05
MLP,600,138,0.36880952,0,1.0,False,0.009698963151862161,0.010851557436980935,0.010907906628407908,0.010304808667437939,0.01140423523935265
MLP,600,138,0.2505315,0,0.0,True,0.003196198485112745,0.0027672873572672616,0.001523755013408546,0.0014343827199046807,0.0008574530872415412
MLP,600,138,0.36680433,0,0.0,True,0.0002893677088983872,-0.0005096069863640088,-0.0007023383373999633,-0.0005676385650868433,-0.0003551047193459333
MLP,600,138,0.755565,1,1.0,True,0.008199916532150929,0.010774488784501348,0.010276417461209122,0.009730049800337742,0.00961494166800191
MLP,600,138,0.5149952,1,1.0,True,0.012136764017472955,0.01271492208433619,0.01165724943681243,0.011672148387843492,0.01054707739123674
MLP,600,138,0.149172,0,0.0,True,0.0024753193990934446,0.0009319337882948937,0.0007831701350587431,0.0008568360982536671,0.0005965966117663812
MLP,600,138,0.515114,1,1.0,True,0.00942911663455561,0.011586489649040993,0.011309641893373402,0.010238253798937252,0.010553650565030702
MLP,600,138,0.8522092,1,1.0,True,0.008588121373761793,0.010062944412651417,0.009158281467128956,0.00977048474735248,0.009960819191633661
MLP,600,138,0.357145,0,1.0,False,0.007765550396168934,0.008326287538933802,0.010777418847353943,0.009657978940612572,0.009739893645407201
MLP,600,138,0.15836258,0,0.0,True,1.8087910276376917e-05,-0.0006889579145607726,-7.624984711550987e-05,-0.0004749960419350205,-0.00035636645408339865
MLP,600,138,0.16361745,0,0.0,True,-0.0012591933881929797,-0.0008425210747705023,-0.0013187915496433728,-0.0013096417923314841,-0.0011839535687569196
MLP,600,138,0.19312389,0,0.0,True,-0.00012194941032291887,0.0009641446580994138,0.0012568158573358413,0.00041927553069097997,-7.173385635533946e-05
MLP,600,138,0.5498532,1,1.0,True,0.006399060219829559,0.006309606940410934,0.008263852256295223,0.009526435620822244,0.010202463136548047
MLP,600,138,0.13738571,0,0.0,True,-0.001704216997853892,-0.00025746630247669173,0.00010644464475486953,0.0004756420659775272,0.00022311498061446976
MLP,600,138,0.87812376,1,1.0,True,0.011908735671948372,0.010983013584505489,0.010473803068814815,0.010403070681168684,0.010429929996422551
MLP,600,138,0.63071984,1,1.0,True,0.011085141903171954,0.008412698412698413,0.007658862876254181,0.0075913528591352855,0.007692908989391401
MLP,600,138,0.5990614,1,1.0,True,0.013529344819153239,0.012805173034671024,0.011593070386471126,0.011539124305300323,0.011317434187708919
MLP,600,138,0.23394027,0,0.0,True,0.0001635075595529368,4.9963095106395553e-05,0.0006031401645003044,0.0006072021410628315,0.00038543043686524496
MLP,600,138,0.13546659,0,0.0,True,0.00019836460851869865,0.00012058082590670303,0.00023400240723763752,0.0006353778329794285,0.00024135663907470927
MLP,600,138,0.14389108,0,0.0,True,0.001495745419456892,0.0006086822390724635,0.0009742995556347931,0.0008077284002415078,0.0012149024864560143
MLP,600,138,0.511249,1,1.0,True,0.01035052946455206,0.010871723760028266,0.01010793258200031,0.008841171665545752,0.008891338911268441
MLP,600,138,0.12787248,0,0.0,True,-0.0003338904349198036,-0.0009022569390680918,-0.0004217770143809768,-0.0002677829852074735,-0.00030039100506076025
MLP,600,138,0.21450655,0,0.0,True,0.001722194206529869,0.0002364523181532806,-0.00032806968271148024,-0.0007154875885734117,-0.0009351505998379977
MLP,600,138,0.95472366,1,1.0,True,0.009831069042872896,0.01091413794319857,0.011196480215605768,0.011832191647949358,0.01099983471552962
MLP,600,138,0.43108824,0,1.0,False,0.012534372014438699,0.009303141203495503,0.008926108165177965,0.008901497417744134,0.00863628673260046
MLP,600,138,0.20064497,0,0.0,True,-0.0020701615155632735,0.0007464948813362986,0.0006021474294159484,0.0008286315831827703,0.0003698820737192633
MLP,600,138,0.7634549,1,1.0,True,0.012233223277455504,0.008768390460887947,0.01005256591862671,0.010167479931170793,0.009357760317713956
MLP,600,138,0.8562175,1,1.0,True,0.012729504959812126,0.011063881793458567,0.01074070372346039,0.009463451744965753,0.009435985831458618
MLP,600,138,0.17870787,0,0.0,True,0.0002741038332703578,0.0017309029968096076,0.0017221647955161985,0.0014158349140951587,0.00048066065021628207
MLP,600,138,0.12531066,0,0.0,True,0.001585944348345248,0.000612610339180075,-9.322690818406819e-06,2.2285468120571397e-05,-0.00024346509069269332
MLP,600,138,0.20128432,0,0.0,True,-0.0011520259117112873,-0.0009942591840820783,-0.0013880576297549921,-0.0019205980748412661,-0.0014026562139057542
MLP,600,138,0.52284026,1,1.0,True,0.008045004172364006,0.01097028899124562,0.010847516564226882,0.010680429438305921,0.011577419597145684
MLP,600,138,0.4203636,0,0.0,True,0.0011838414525846036,0.0004886640893756352,-0.00017437442926580292,-0.0001996522507862435,-0.00015013322914785536
MLP,600,138,0.17474166,0,0.0,True,0.0005582345866651063,-0.0023151348626549682,-0.0010202037430635119,-0.0011989862246276307,-0.0011918162019721496
MLP,600,138,0.8491355,1,1.0,True,0.008189136756326489,0.00977753365832705,0.008314240196382753,0.00801434943443489,0.007439158793351812
MLP,600,138,0.21937843,0,0.0,True,-0.0007292711586537919,-0.0019133601011114287,-0.0017207956033232265,-0.0014130700241701702,-0.0008712627767692037
MLP,600,138,0.24707508,0,0.0,True,0.0011294164586558822,-0.000225604821678861,1.1246153996309132e-05,0.00011867528435443376,0.00011640974712107172
MLP,600,138,0.3833737,0,1.0,False,0.013394262116274397,0.014185242732745955,0.012946599732837459,0.011757010054944079,0.011709292954564838
MLP,600,138,0.19891238,0,0.0,True,-0.0003104590598906197,-0.0017643051782261431,-0.0017845962498567415,-0.0009418747794213268,-0.0005372394974598206
MLP,600,138,0.21712004,0,1.0,False,0.012493771719587817,0.010424235697871079,0.00963508757052846,0.009718299580040102,0.009711051820597784
MLP,600,138,0.19166578,0,0.0,True,-0.0007134372966851127,-0.0006555855524885414,-0.00043782621703721713,-0.0010012053786542052,-0.0007181319340004902
MLP,600,138,0.16341381,0,0.0,True,-0.00011546097983858993,0.0003885209401163501,-0.0002492291618968676,-0.00013778409337880331,-0.0001657007568098865
MLP,600,138,0.5676751,1,1.0,True,0.012241080568046235,0.008812300831217935,0.008478882140956767,0.00894313234398353,0.008509251423407404
MLP,600,138,0.5036587,1,1.0,True,0.013760744522819952,0.012095882355374064,0.013046227747399797,0.01335063242082013,0.013148361512553127
MLP,600,138,0.4666318,0,0.0,True,-0.0014375539534623592,0.0006803246592254254,-0.0005425751241658124,-0.00011348826136441269,-0.000363673417340496
MLP,600,138,0.2447581,0,1.0,False,0.008283285532771651,0.00790065102560546,0.00947576957177194,0.009743959811903248,0.009708200765499239
MLP,600,138,0.8807152,1,1.0,True,0.013296861547613578,0.011272852708764441,0.010164736963521276,0.011027552898950764,0.010791322039957038
MLP,600,138,0.4298925,0,1.0,False,0.011719209188670478,0.010143988512621818,0.010248581978619985,0.009299982889891294,0.009243399101595749
MLP,600,138,0.19432351,0,0.0,True,-1.5637410740548828e-05,6.242299860926655e-05,0.00013117239276370704,0.00028292009707085844,-0.00012054301654205695
MLP,600,138,0.39339083,0,1.0,False,0.01342692360782217,0.010572589494074506,0.011331166172511207,0.011807816675020164,0.012040222329025104
MLP,600,138,0.5367638,1,1.0,True,0.011718491982644828,0.011145869366093807,0.01231871400520203,0.012094351714746805,0.011972750393747565
MLP,600,138,0.6816722,1,1.0,True,0.014540261149818984,0.012149242784611975,0.011595462724721305,0.011692523209671455,0.01116183383548875
MLP,600,138,0.649884,1,1.0,True,0.010550958429947353,0.009579064342944418,0.008799316959407904,0.009670509441055578,0.009625369691000207
MLP,600,138,0.15116717,0,0.0,True,0.000746869515309874,0.00014309623218400068,0.0006327351188001638,8.734126225297603e-05,-0.0005006859643593611
MLP,600,138,0.52053005,1,1.0,True,0.012606304114248543,0.010963009979116332,0.010058207266928266,0.010201620071458936,0.010108246623801023
MLP,600,138,0.4786457,0,1.0,False,0.008040764010129622,0.008501274915861109,0.008087533270138376,0.008066395336815246,0.009509228190513459
MLP,600,138,0.12548864,0,0.0,True,-5.564545868989133e-05,-0.00041492475050218454,-0.0005388321983360886,-0.00025662423733433594,-0.0001663870345726227
MLP,600,138,0.8874432,1,1.0,True,0.012725661964898653,0.013162240950049697,0.013805813214241508,0.013407229521632763,0.013117496613517063
MLP,600,138,0.19955817,0,0.0,True,0.0014035647143778088,-4.0870062416565324e-05,0.0006176597594236972,0.0005054999757313157,0.00042037317584136906
MLP,600,138,0.8833918,1,1.0,True,0.009583365880125589,0.007339007862129953,0.006987836631185626,0.0072473922291113515,0.007935024925471228
MLP,600,138,0.51000214,1,1.0,True,0.010244868522536844,0.012241729552174986,0.011166864149652537,0.011030697473408978,0.010536037768704232
MLP,600,138,0.8798398,1,1.0,True,0.009763802511038058,0.010741014062395889,0.009828663159860649,0.0096535207686399,0.010019219465944258
MLP,600,138,0.62833077,1,1.0,True,0.012665543811050629,0.010857254746941467,0.011892897051355258,0.011211681531594133,0.011446925505238245
MLP,600,138,0.18029864,0,0.0,True,0.0027652365560943215,0.0017733625382371483,0.0004714107699572835,0.0010705652355999023,0.001845319945084028
MLP,600,138,0.30290276,0,0.0,True,-0.0009277942452219016,-0.0009762076129269894,-0.0009946457357458227,-0.0010684486029592212,-0.0010059549858100949
MLP,600,138,0.24392281,0,0.0,True,0.0005926608531548093,0.0014118506895299948,0.0005398292164387962,0.00016193781780027871,-7.849015269731192e-05
MLP,600,138,0.18734245,0,0.0,True,0.002897292334245048,0.0015294996171448477,0.001385747554408693,0.0011651614468865684,0.0006398911257571813
MLP,600,138,0.26744336,0,0.0,True,-0.002777271009612942,-0.0024342912637506414,-0.0016633596439595345,-0.0009250865095040437,-0.0011919042518881808
MLP,600,138,0.833226,1,1.0,True,0.009025161158612457,0.011566076547564603,0.010964245001557096,0.011402618441306809,0.011646561528503994
MLP,600,138,0.4177667,0,1.0,False,0.004489408563406545,0.006461659841409734,0.006360004736345592,0.007885074240269841,0.00795439036097645
MLP,600,138,0.14489818,0,0.0,True,0.0005414967067024329,-0.0006108862669602993,-0.0006486121571163005,-0.0002841620123502308,-9.538827717503026e-05
MLP,600,138,0.40891722,0,1.0,False,0.007612051350538447,0.0071616399776321,0.008306507375942433,0.009497092011787481,0.01025263832296019
MLP,600,138,0.8131485,1,1.0,True,0.005697509406418262,0.00908275833286169,0.008209719011854076,0.009304517040171186,0.009154960467127368
MLP,600,138,0.39542434,0,1.0,False,0.0035659138138963552,0.006072250207367934,0.007167125398374404,0.007587384731694263,0.007721972219131098
MLP,600,138,0.17411603,0,0.0,True,0.00109127609754566,-0.0002193224601838514,0.0006251150532331429,0.0001920211047803484,0.0006944863137323883
MLP,600,138,0.37685525,0,0.0,True,0.0015406770314649295,0.0009793870953446041,0.00020348771427970502,0.00024170913726764294,-0.00015956675862702238
MLP,600,138,0.35570613,0,1.0,False,0.010161099639246907,0.008328902760021014,0.007361309099432863,0.006956512041692834,0.006469909146365639
MLP,600,138,0.5943614,1,1.0,True,0.01065455588023433,0.012050820732243594,0.011295550900597631,0.010506351885583161,0.010463381462996068
MLP,600,138,0.29523614,0,1.0,False,0.006220328021773354,0.008595453490498419,0.009543665041019458,0.009480029748620507,0.009906193120486712
MLP,600,138,0.13139549,0,0.0,True,0.0014460951586917734,0.0008792608790371512,0.0012980525148509772,0.0008737613617321205,0.0006748650778783098
MLP,600,138,0.6858365,1,1.0,True,0.006984326554410876,0.011055270646944159,0.010609559308348643,0.010795626544907152,0.010716282881172184
MLP,600,138,0.9004693,1,1.0,True,0.00894291823961863,0.0071573611546526285,0.009545360018735675,0.009897248097714731,0.009505821018532952
MLP,600,138,0.47655115,0,1.0,False,0.009067032340824918,0.009388774361434354,0.008611599100699014,0.009051750915839448,0.008908085334398646
MLP,600,138,0.78574395,1,1.0,True,0.01021486056726288,0.009012294179104615,0.008656463130109876,0.009096804726907336,0.009211390621922834
MLP,600,138,0.4427232,0,1.0,False,0.011576781246747903,0.011452576491661835,0.01150283460040732,0.012090642549551353,0.010470255437199634
MLP,600,138,0.34345227,0,0.0,True,-0.0010126115231124967,-0.0004953157014433437,0.00015835748301536095,-0.0003622293082456114,-0.0005133817267585153
MLP,600,139,0.18888018,0,0.0,True,0.00047165971047733964,-0.00020195704297098138,-0.0011293346282366897,-0.0015998723315788625,-0.0014376678335297289
MLP,600,139,0.5630249,1,1.0,True,0.009817449530900302,0.011744693113812422,0.010098269176926503,0.01010337793990545,0.010478406622714912
MLP,600,139,0.17033722,0,0.0,True,0.0012859437028057178,0.002072314320485714,0.0009665269943697576,0.00043539359463995437,0.0002759787918519272
MLP,600,139,0.29529443,0,0.0,True,-0.00170535639744295,0.00014248675168238825,0.0003284798948854002,-7.610986683580143e-05,-0.0001373048166057615
MLP,600,139,0.7951642,1,1.0,True,0.012476609631145169,0.009846964553149653,0.01035670859005461,0.010408491198564684,0.010501140430849978
MLP,600,139,0.8873861,1,1.0,True,0.009379213714759624,0.009990651299329533,0.009357286693757655,0.008901883188633908,0.00855984302227717
MLP,600,139,0.23368856,0,0.0,True,-0.0015415944575497597,-0.0017990785144781716,-0.0013230593918908927,-0.0012469961193467595,-0.0005618345855617818
MLP,600,139,0.44999883,0,1.0,False,0.009097860969629272,0.009277577492207088,0.009974687296360923,0.011152355393372823,0.011712259063818384
MLP,600,139,0.16876394,0,0.0,True,-6.421565804185394e-06,-0.00031520850489797074,9.811413491494451e-05,-5.039888962079938e-05,-0.0002647319521906844
MLP,600,139,0.21800475,0,0.0,True,0.0007043171702206524,-7.759707358942035e-05,-0.000578407071117288,-0.000861497008835445,-0.0007550194686034569
MLP,600,139,0.56320935,1,1.0,True,0.013063211022479242,0.013873544060806374,0.012903104713549442,0.012237070254067952,0.01154490737161165
MLP,600,139,0.12518007,0,0.0,True,0.0024463559653809925,0.0021643538546702503,0.0017610497339462256,0.0010786869507697317,0.0009972497759319283
MLP,600,139,0.2740633,0,0.0,True,0.005914721350515898,0.0030849160598100263,0.0026770396973411765,0.0021460745560289737,0.0016590765960992563
MLP,600,139,0.41483724,0,0.0,True,-0.00044419951672528424,-0.001344007153931435,-0.0007514682807029892,0.0002645638177974524,0.00017955051655522665
MLP,600,139,0.190045,0,0.0,True,-0.0013313870218101714,-0.0001739654033838655,0.0006640046117431785,7.422734413311795e-05,0.00020776308241730646
MLP,600,139,0.4543137,0,1.0,False,0.010345025156220843,0.009632424592273281,0.00945746871870179,0.009543960314584444,0.009863792907363448
MLP,600,139,0.6862339,1,1.0,True,0.012356982062625402,0.011103245427525974,0.012275951132223992,0.011901963980644943,0.011840701911885684
MLP,600,139,0.7967791,1,1.0,True,0.008125679050426814,0.008485570502476685,0.007472162341090272,0.008043794339642155,0.008918612072980813
MLP,600,139,0.74548435,1,1.0,True,0.00865501688670804,0.009138541054743385,0.010910646547005865,0.010067844582674205,0.009402865734295059
MLP,600,139,0.09967134,0,0.0,True,0.001179741047708693,-0.0001475995662444486,0.00040875732620822806,0.0007294139316149795,0.0005627987145554477
MLP,600,139,0.87567073,1,1.0,True,0.009360035529385809,0.008156887658409225,0.007845481594199222,0.008225201215541334,0.008673154824851956
MLP,600,139,0.11384953,0,0.0,True,9.275348821646759e-05,-0.00045290004029922815,1.2997087901342304e-07,0.0005157725566110154,0.0006405062167056897
MLP,600,139,0.14311998,0,0.0,True,0.0018069258281465893,0.0004912899351925774,-2.9483076984292658e-05,2.351480276674147e-05,-8.414192537338199e-05
MLP,600,139,0.30153766,0,0.0,True,-0.0006678081526628958,0.0007157852450215057,7.627091518359183e-05,0.0005119331158895012,0.0004567832848126461
MLP,600,139,0.280864,0,0.0,True,0.00036505665648632374,-0.0006622233965722019,-0.0014832441974142272,-0.00035947269763909743,-0.0004234028828894012
MLP,600,139,0.34347335,0,1.0,False,0.011748041790934536,0.008828871486862911,0.008255233590339674,0.010053710689788144,0.009408023235317666
MLP,600,139,0.19470702,0,0.0,True,-0.0006497923966256425,8.483499460682899e-05,0.0009341690565561442,-0.00022308066047243378,0.00018238611613222763
MLP,600,139,0.2644156,0,0.0,True,-0.003695945540876426,-0.00263534229798446,-0.002544654826055225,-0.0018378051265905823,-0.00171622006447138
MLP,600,139,0.19024818,0,0.0,True,-0.003227703957897431,-0.0009970128635320903,-0.0007507105022078868,-0.000995869762781501,-0.0008029537966829234
MLP,600,139,0.25512692,0,0.0,True,0.0006566905937165267,-0.0010050747470730242,-0.0005552998526166418,-0.0009815370861524443,-0.0014547098264681272
MLP,600,139,0.18469188,0,0.0,True,-0.0010416332050810593,0.000940311218135067,0.0007014554506041965,0.00020419470692678094,0.00035654938059088336
MLP,600,139,0.93583494,1,1.0,True,0.011070270239319486,0.009929243892896001,0.00858960396832248,0.008765990628335399,0.008410259778409496
MLP,600,139,0.7269132,1,1.0,True,0.007794834406921134,0.008194610467616575,0.008843139549413065,0.008540780083362166,0.00911486969566543
MLP,600,139,0.45688343,0,1.0,False,0.015535912127256503,0.010616643204305932,0.008762871592957088,0.008795731856462822,0.009082932318911639
MLP,600,139,0.16638279,0,0.0,True,0.0007350100907110237,0.001746699069454305,0.0018291470664491623,0.001688517950748735,0.0012002827444535073
MLP,600,139,0.44001934,0,1.0,False,0.01237605159529157,0.010645974193349308,0.010832317979062528,0.010818580346051852,0.010625196199127138
MLP,600,139,0.26111597,0,0.0,True,0.00199724524072604,0.0015783828742343463,0.0009897561415208235,0.0009310493690729848,0.0004572205693380089
MLP,600,139,0.60067517,1,1.0,True,0.01301868836171576,0.010121387897081417,0.010588231348340698,0.01061098701613172,0.010618606004078051
MLP,600,139,0.39658046,0,1.0,False,0.011425466140995757,0.009571729576678376,0.011741157442324828,0.011435408618916032,0.011859884526358715
MLP,600,139,0.29534084,0,1.0,False,0.008140089412273682,0.009517128094857486,0.01022382831746472,0.010319874123229609,0.010598889852689168
MLP,600,139,0.5146784,1,1.0,True,0.01250544650262671,0.012131750160415934,0.013297383170826429,0.012887976657506284,0.011598864392548555
MLP,600,139,0.8851796,1,1.0,True,0.01047804432085233,0.010835114075762847,0.012078730214760074,0.011890564044401194,0.011935605493338535
MLP,600,139,0.27438435,0,1.0,False,0.013761439110501032,0.01183195928165289,0.01154181623689749,0.010504617037994008,0.01054810618972268
MLP,600,139,0.1550633,0,0.0,True,-0.00017690016058421058,0.0004801265592654615,4.392448912193581e-05,-0.0011229660364536359,-0.0001618969431916389
MLP,600,139,0.22792703,0,0.0,True,-0.0009710495910004686,8.365620087924447e-05,-0.0014091708198582056,-0.001266196463142143,-0.0010008801288305673
MLP,600,139,0.19845776,0,0.0,True,0.0020551601405075,0.0004528907004486551,0.00041784410912785937,0.0004171620591613366,0.000709434440192317
MLP,600,139,0.56680256,1,1.0,True,0.013585944043759806,0.009935415025236755,0.009989046922229992,0.010936535353127835,0.010770440979902263
MLP,600,139,0.22616595,0,0.0,True,-0.0007856131063860023,0.0013858234847132851,0.0015579475081882893,0.001155276472508133,0.0011526369819271915
MLP,600,139,0.56738377,1,1.0,True,0.006409647595763812,0.00942821160387761,0.010945192712377604,0.010752684496724377,0.010855132918076976
MLP,600,139,0.31413808,0,1.0,False,0.005358465535013533,0.009102884945086688,0.008710023795761723,0.007869739781127077,0.008656023044750228
MLP,600,139,0.85376036,1,1.0,True,0.011552512139919454,0.008454379758508159,0.008901787042832347,0.00843503568683034,0.008149514740007439
MLP,600,139,0.17302883,0,0.0,True,-0.0005183573297204427,-0.0007221260478219871,-0.0003112031380524024,-0.0004597748003667335,0.00024474806533724525
MLP,600,139,0.22869307,0,0.0,True,-0.0030790588994303305,-0.003145742735083664,-0.0029821927637451204,-0.0023562348848997646,-0.001311901091256643
MLP,600,139,0.7454132,1,1.0,True,0.009938075748008942,0.010962965844532992,0.011223759868766961,0.011357793368840874,0.011974929547675619
MLP,600,139,0.36381647,0,1.0,False,0.014199290128179031,0.01341731843962014,0.013110026015128737,0.013374576733897307,0.011862839414640095
MLP,600,139,0.10396084,0,0.0,True,0.002063728177977681,0.0009153449998998576,0.0011975690789495347,0.0007982578413314904,0.0004133728720215544
MLP,600,139,0.23089044,0,0.0,True,0.00017324590992656748,-0.0007873723268081384,-0.0016324936293805653,-0.0010550469099255522,-0.0007731523555727349
MLP,600,139,0.3342062,0,1.0,False,0.0120637405347518,0.010049636397044547,0.010834141942352547,0.010559248352403402,0.010647807336109684
MLP,600,139,0.40269488,0,1.0,False,0.008785209667300987,0.009352469726008441,0.01210207914705167,0.01065839181101327,0.010622006829297991
MLP,600,139,0.54381484,1,1.0,True,0.012475935797944756,0.011893587768544748,0.011844943938701741,0.011538083272712411,0.010801494730341676
MLP,600,139,0.14438418,0,0.0,True,-0.0026054138788334344,-0.001585522524272603,-0.0005546968679381139,-0.0002478265209048068,-0.00028682800546206286
MLP,600,139,0.1882277,0,0.0,True,0.00039735814886395014,0.0015896099512136845,0.0003869090350635608,-0.00012188982310227491,-8.040314158380042e-05
MLP,600,139,0.33912566,0,1.0,False,0.011824835593943242,0.01076539053597379,0.010785576925333343,0.01114475836501628,0.010167235791416753
MLP,600,139,0.92255306,1,1.0,True,0.009323792529159693,0.009644055345344767,0.009590470117634012,0.009998231623989547,0.009899123537687661
MLP,600,139,0.21644777,0,0.0,True,0.0013898979432655542,0.0015053805912858967,0.0009614892792895033,0.0007229609820418784,0.0008724085552008098
MLP,600,139,0.1109274,0,0.0,True,-0.0016997447796829649,-0.0016094255277217296,-0.00035389295094493626,-4.7417799220567375e-05,0.00016474124717915346
MLP,600,139,0.11511337,0,0.0,True,0.002174318890767503,0.0011262616157003964,0.0010667432837258922,0.0010709079097686303,0.0005455593874578754
MLP,600,139,0.24527936,0,0.0,True,-0.0010102134472050313,0.00017230529604501824,0.00023286450594941913,0.0004782128759179775,0.0006224855011201285
MLP,600,139,0.12556753,0,0.0,True,0.0008173038508843764,-0.0002847313879797664,-0.00021992944581113784,0.00014577482136180235,3.171897063541227e-05
MLP,600,139,0.13072072,0,0.0,True,-0.0011155454916488704,-0.00031422707923622884,0.0005144579842156209,-0.0006085842899061052,-0.0006561559072697702
MLP,600,139,0.33183482,0,0.0,True,0.0019010024779740622,0.001262014952673566,0.000558964748256352,1.928510240952822e-06,-0.00034298023523981883
MLP,600,139,0.63595396,1,1.0,True,0.011972774363381171,0.010479191120600409,0.011144013506659068,0.011211211500598655,0.01104869713248685
MLP,600,139,0.31825492,0,0.0,True,-0.001574753378417444,-0.0008853759858730016,-0.001335770305344936,-0.001825528227494398,-0.0015576609723950729
MLP,600,139,0.27167788,0,0.0,True,-0.0004066974547075799,0.0007764485122953202,0.00031348470882527554,0.0007818784722004346,-5.192424077218799e-05
MLP,600,139,0.1918427,0,0.0,True,0.0026989444754463624,0.0028627138834840518,0.0031456726330020513,0.001959555508769597,0.0016426591099327624
MLP,600,139,0.9982646,1,1.0,True,0.01382043198096443,0.00980777799384846,0.009983944387469882,0.010200351687872235,0.010360688578441066
MLP,600,139,0.4922553,0,1.0,False,0.010934283472298169,0.011798353707583127,0.011788653573472975,0.0117440823931198,0.011411885957972923
MLP,600,139,0.21807915,0,1.0,False,0.012956984493622797,0.010687390006699658,0.011947823339546668,0.01061914986863598,0.010672924880543663
MLP,600,139,0.15175289,0,0.0,True,-0.00010561090691192402,-0.0008990345237294179,-0.0004362510464645015,-9.604393261747798e-05,-0.0006744215364397613
MLP,600,139,0.31591785,0,0.0,True,-0.0001765334750121337,0.0008649462954335131,5.36051003430949e-05,0.00023026518959445088,0.0004135506899057634
MLP,600,139,0.22301897,0,0.0,True,0.001223519605706899,0.00019694006439414453,8.279960635931748e-05,-0.00010823762661672903,0.0003442257043058803
MLP,600,139,0.6996796,1,1.0,True,0.008591749144636212,0.009915555610405037,0.009987438538506027,0.010437415112142153,0.009623758273269828
MLP,600,139,0.8377834,1,1.0,True,0.009261647999587069,0.008614681620191949,0.00861914595991497,0.009912407404682145,0.010279734937547597
MLP,600,139,0.8964405,1,1.0,True,0.005741896453910433,0.008353286273163335,0.008189434990800937,0.01030187036674368,0.011281219696065395
MLP,600,139,0.6162081,1,1.0,True,0.014394063197141416,0.012830124144356244,0.012019628211776046,0.0118825983042571,0.012005439285407754
MLP,600,139,0.614359,1,1.0,True,0.004693157014689496,0.007846861395483403,0.009769956911956906,0.010377388725603419,0.010830848213588316
MLP,600,139,0.2111089,0,0.0,True,-0.0006648505431019498,0.00028981287592156946,1.0545031025252535e-05,0.0005542226919026653,0.00011062696951767534
MLP,600,139,0.16977158,0,0.0,True,-0.001618714029239491,-0.0009462586567118161,-0.0012331737695976022,-0.0003439146681076733,-0.001040121581824168
MLP,600,139,0.7525689,1,1.0,True,0.014244383507088041,0.010635744047186556,0.009799166175312093,0.009288175580950832,0.010112998013046206
MLP,600,139,0.26557872,0,0.0,True,-0.00018549993507873045,0.00025996837002689765,-0.00015210681824284587,-0.00025521834349578806,0.00015179776043795326
MLP,600,139,0.13800289,0,0.0,True,0.00023790153198865473,-0.0002102726996173259,-0.0005254448550457302,-0.0004994299707486511,-7.184694083270526e-05
MLP,600,139,0.79108626,1,1.0,True,0.013155175240860571,0.01069054961652433,0.010044554606239604,0.010518787233434773,0.010638697218501683
MLP,600,139,0.13821885,0,0.0,True,0.0009400931985808685,6.935760133758253e-05,0.00038063536472612223,-4.7776557307577214e-05,5.185573401752704e-06
MLP,600,139,0.76814926,1,1.0,True,0.010064459743032623,0.01234272595636434,0.011649749354322864,0.012205851520964713,0.01210759776237002
MLP,600,139,0.24018128,0,0.0,True,0.0002003323993309518,0.001033134496354582,0.0009383095396413157,0.0009107342485674646,0.0012652099590736456
MLP,600,139,0.7684266,1,1.0,True,0.008516132041253316,0.00896591851340326,0.009143240881414836,0.008846854191531334,0.009464595131419846
MLP,600,139,0.8639354,1,1.0,True,0.011081676174200234,0.009740189958080504,0.009487038622236781,0.009386430023642233,0.009324517205877205
MLP,600,139,0.6230307,1,1.0,True,0.011564178216735105,0.010621864073231613,0.009000960130610127,0.010353734669816969,0.010016827076928365
MLP,600,139,0.246979,0,1.0,False,0.010791021313933781,0.00977468563412846,0.009244019301088093,0.00988176637705224,0.010078600324663303
MLP,600,139,0.7227401,1,1.0,True,0.012130375542402939,0.010172081012573423,0.009039261203493656,0.009888738622863939,0.010482148448872335
MLP,600,140,0.87572753,1,1.0,True,0.005368866516261655,0.007704019887258653,0.006951486738024721,0.008438064305475492,0.009224868093893286
MLP,600,140,0.18003719,0,0.0,True,-0.003156765055393399,-0.0018617844657811676,-0.0012688189882462389,-0.0013084442495579105,-0.0007430720610952592
MLP,600,140,0.3844201,0,0.0,True,-0.0011909506598595566,-0.00022286332379341502,-0.000908683687521047,-0.0005077688172169798,-0.0005539773356606089
MLP,600,140,0.7897007,1,1.0,True,0.010392693153170717,0.01229796793551858,0.010843116879024521,0.01045664311801118,0.010722573792476413
MLP,600,140,0.47486275,0,0.0,True,0.0020089021836777548,-5.8482788967531606e-05,0.0006373069613560655,5.439228539064871e-05,0.00012953606031240627
MLP,600,140,0.21601382,0,0.0,True,-0.0001962453515070178,-0.00043305839598947656,7.887506096307915e-06,-0.0003542044570021674,-0.000550718923789539
MLP,600,140,0.19553313,0,0.0,True,-0.000812197836055455,-0.0018821746204397032,-0.001146030833952391,-0.0009173020515489026,-0.0011486395791264156
MLP,600,140,0.22488427,0,0.0,True,0.0011044401508893233,0.0014729769173904732,0.001481493027377406,0.0015547844432502603,0.0014686803513984789
MLP,600,140,0.23509338,0,0.0,True,-0.0019699618169123616,-0.0006126531389071805,0.00010589518065434122,6.971935382355196e-05,-0.0002200024733540981
MLP,600,140,0.68082213,1,1.0,True,0.010088506514045213,0.009428565969014261,0.00993258824021692,0.010144442486359193,0.010413580522282945
MLP,600,140,0.2091023,0,0.0,True,-0.001767818746734523,-0.0011900489756260133,-0.000427413078415505,-0.00010978291685531171,-0.0007028462488306662
MLP,600,140,0.22695723,0,0.0,True,-0.0009970573834991172,-0.0012374303174525828,-0.0004432443890153521,-0.0008350652787934693,-0.0007994734974645589
MLP,600,140,0.09605929,0,0.0,True,0.002075194650610023,0.0012304191447196225,0.0003749275461821684,0.0004166466093085572,0.0002565108358495686
MLP,600,140,0.22481957,0,0.0,True,-0.0005180384420772239,-0.0004237829786589349,-0.00013427381169498495,0.00010549516543345741,2.293245016714447e-05
MLP,600,140,0.15099053,0,0.0,True,0.0017534200905187532,0.00038484836840109384,0.0002962080964956399,0.00044454210008455113,0.0002633515992900638
MLP,600,140,0.1201429,0,0.0,True,-0.0009194924684701111,0.0003301591377703984,-9.58690642146217e-05,0.00016914117684695148,-0.00010364303383783993
MLP,600,140,0.13683541,0,0.0,True,-0.0016418675290104197,-0.00218625307205685,-0.0015832971334752343,-0.0010560239002158137,-0.0010298179166894478
MLP,600,140,0.33826095,0,0.0,True,-0.00046695441429565855,-0.001882053222638801,-0.00048085148558932485,-8.887386592416918e-05,0.0005219674947586542
MLP,600,140,0.20394975,0,0.0,True,-0.002505246535973697,-0.0018726385083255852,-0.0008932532885784333,-0.000758787946378412,-0.0007977079564123307
MLP,600,140,0.89252216,1,1.0,True,0.005820668293322482,0.008198097594780178,0.009280777972167692,0.009416849249744478,0.00983566526126701
MLP,600,140,0.28027532,0,0.0,True,-0.0024312318673051937,6.201210772361326e-06,0.00017161414909950523,-8.434506651776648e-05,-0.00014998596322244372
MLP,600,140,0.78723276,1,1.0,True,0.008151930423542461,0.008754932556001885,0.008459731102141517,0.009281821714856536,0.00974668319010917
MLP,600,140,0.30606964,0,1.0,False,0.013224685089839615,0.012336355618020874,0.011951679550337097,0.011667456822013774,0.01146245567791625
MLP,600,140,0.7015506,1,1.0,True,0.009035706473318056,0.01061367426041935,0.010908452739995607,0.010220949785465071,0.010251208785184965
MLP,600,140,0.17907216,0,0.0,True,-0.002374246699956283,-0.0019530135888056427,-0.0007283144515777466,-0.0003397338476767306,-0.000592130051347759
MLP,600,140,0.5883385,1,1.0,True,0.011294020156537745,0.010607087433868912,0.010498780553563099,0.011713766897974433,0.01169624286359815
MLP,600,140,0.70392585,1,1.0,True,0.010410585230498088,0.009720507969865042,0.009150005935261583,0.00946795227084557,0.009827504229801571
MLP,600,140,0.2335563,0,0.0,True,-0.001169043171588138,-0.0016601584235822898,-0.0015649602430281423,-0.00117064904281351,-0.0011361619344102333
MLP,600,140,0.102218695,0,0.0,True,-0.004432553750119048,-0.0022224082798570463,-0.0011642618970258566,-0.0008900294081252945,-0.0008930705336786702
MLP,600,140,0.29458982,0,0.0,True,0.002905428969851749,0.0010116014366662342,0.0005508378427403712,0.0006983045757656349,0.0008820920345112683
MLP,600,140,0.34693223,0,0.0,True,0.0010110762001380314,0.0011789378075821317,0.0010684514484567322,0.0006843865051495523,0.00037115764312753636
MLP,600,140,0.18600613,0,0.0,True,-0.0004062877637593988,0.0009047643256838046,-0.000469143251089542,7.539636676341165e-05,-0.00019498233502677614
MLP,600,140,0.83283764,1,1.0,True,0.010614184302418313,0.014243452843861125,0.012360312198459416,0.011663584810572513,0.01161745129836009
MLP,600,140,0.72931916,1,1.0,True,0.011578152550085456,0.011278277449916626,0.011414107512668982,0.010727175206293866,0.011153401942519552
MLP,600,140,0.31912637,0,0.0,True,0.00047287778386218677,0.00014467136170543698,0.00025254659286513814,0.00028017311531631123,0.0005202046428075846
MLP,600,140,0.93705684,1,1.0,True,0.010724569147386925,0.007330773220934312,0.0069033846978442965,0.006420235848818797,0.006952971657789721
MLP,600,140,0.15905109,0,0.0,True,-0.0004071824571796517,0.0006200286950365158,-3.0679543189667564e-05,-0.00010000191367348537,-0.0006620768595365081
MLP,600,140,0.16521944,0,0.0,True,0.002325507456609711,0.0012695192140541292,0.0014378098865488703,0.0010051412903958694,0.0008313551809879181
MLP,600,140,0.29998648,0,0.0,True,0.000906935882454378,0.000985630500221433,0.0014732594553420403,0.0010890957391070204,0.0008574546095537509
MLP,600,140,0.6087164,1,1.0,True,0.01035251066424526,0.011419201956029527,0.010819517597775113,0.010268327925771594,0.010992465962172513
MLP,600,140,0.1800369,0,0.0,True,0.000511111932857119,0.0004697275996005759,-0.0003538882651998244,-0.0009018133076303161,-0.0008104472301288657
MLP,600,140,0.1489082,0,0.0,True,-0.0032168502388686764,-0.0018019692823608615,-0.0017376571814383002,-0.0015360992101128108,-0.0010480586162600737
MLP,600,140,0.18066719,0,0.0,True,-0.0008361701932115218,-8.223506203727387e-05,-0.00016502113919556792,-0.0009931719986411424,-0.0014019114558615283
MLP,600,140,0.59988576,1,1.0,True,0.01327168681637996,0.01042551754414647,0.010833623662345892,0.011518292217115655,0.011578644202780585
MLP,600,140,0.22770262,0,0.0,True,-0.0002673783260912057,-0.0005488499172168403,0.00030076292366730046,4.02118002192661e-05,0.0001996380664638223
MLP,600,140,0.3286763,0,0.0,True,-0.0004953462381313444,0.00035629717493705767,0.0006203518871311271,0.0002591352292615422,0.0003894101455266884
MLP,600,140,0.27088326,0,1.0,False,0.006805641239569147,0.006062210579927341,0.006382244349224925,0.0077990608758707145,0.008130565265501426
MLP,600,140,0.67567796,1,1.0,True,0.00812074397213558,0.010335689619582995,0.011268468958980149,0.010511562014680663,0.010512391809441074
MLP,600,140,0.7704482,1,1.0,True,0.013232624149450327,0.013321614846286038,0.011405889690099877,0.011739938037173096,0.011381797867980785
MLP,600,140,0.21111944,0,0.0,True,0.002614333144948063,0.0017894240801400942,0.0003666829410429096,-8.34999760182685e-05,-0.00029380169265827774
MLP,600,140,0.112730116,0,0.0,True,0.00019743541613544843,-0.0006126653902593344,-0.00015510663464001777,0.00034318382620501667,0.00026540028737376747
MLP,600,140,0.17473537,0,0.0,True,-0.0005927497799130852,-0.0007491147737714954,-0.00041340693501426437,-0.0002915135039755001,-0.0009497455047232195
MLP,600,140,0.48984766,0,1.0,False,0.008608114656948909,0.010074428278450091,0.010279738772110922,0.01000616556677561,0.009851754614739491
MLP,600,140,0.30251837,0,0.0,True,-0.0008393174075272451,-0.0002859598376008113,9.181198175957563e-05,0.00032564461692542957,0.00046960519514286557
MLP,600,140,0.2950138,0,0.0,True,0.0007324009710280968,-0.0005674528896359106,0.0006073296268088213,0.0003814092842991646,0.0005327564528582378
MLP,600,140,0.16868062,0,0.0,True,-0.0014098340636615934,-0.00036958296211718407,-0.0005650097895257122,0.0003563483916075893,0.0002870658418471026
MLP,600,140,0.22682306,0,0.0,True,-0.0001562016853099027,-0.00021763536581349927,-0.00016953096372042203,-0.00033940278078365685,0.00029986729782900993
MLP,600,140,0.71394914,1,1.0,True,0.00848418439068509,0.009699850217319025,0.010709429482269956,0.010089949847001014,0.010236879450394868
MLP,600,140,0.17791045,0,0.0,True,-0.0026233735987648012,-0.0002723440407966083,-1.885093428088194e-05,-0.00046093165076930784,-0.00017737463136680755
MLP,600,140,0.5124638,1,0.0,False,0.0017008025599856292,0.0003410692552399244,0.00042221386861256887,0.00034448374923191607,0.0003818054916177392
MLP,600,140,0.3242433,0,0.0,True,0.0007717878046046645,0.0016803781778934408,0.00026397266592381936,0.00047668314917770875,-0.00013795275782315514
MLP,600,140,0.18811432,0,0.0,True,-0.004417799159460591,-0.002733582117447451,-0.002260371635553172,-0.002579337015170213,-0.0025676890052014918
MLP,600,140,0.6318824,1,0.0,False,0.0010568010811194068,0.00043391961954460844,0.0007185775047572766,0.0002812550349326304,-0.00016349294214906615
MLP,600,140,0.23822255,0,0.0,True,-0.002486109723048111,-0.002610859121832635,-0.0021207169130269977,-0.0020979118709913455,-0.0018470197428966872
MLP,600,140,0.18081918,0,0.0,True,-0.0009088439806251594,0.0003296190066258393,0.0007451845485833077,0.0009033880148722772,0.000757610325023185
MLP,600,140,0.20028128,0,0.0,True,-0.0014858723760818777,-0.0008661113212910812,0.00014299753865158738,0.00032905561921964157,0.0008384562868053219
MLP,600,140,0.7262121,1,1.0,True,0.010361348332186585,0.009994013062530373,0.010516174688864005,0.011554775476381238,0.01074899891947362
MLP,600,140,0.42190114,0,1.0,False,0.01211536606368472,0.013253094231360908,0.01244392425003707,0.011543060252617058,0.011596317232893725
MLP,600,140,0.7636312,1,1.0,True,0.004358100266194779,0.008313271101038931,0.010818315439055644,0.010904442584132637,0.011026955451873289
MLP,600,140,0.15511689,0,0.0,True,-0.001083462823149377,-0.000560628005143325,-0.0001410136849121735,-1.886812942736603e-05,-6.704095349806034e-05
MLP,600,140,0.3080456,0,0.0,True,-0.0013237593282941934,-0.0003198421679565174,3.566602594032944e-05,0.0005067446109384475,0.0003087957193213255
MLP,600,140,0.83291584,1,1.0,True,0.009704154279239187,0.01092407795245071,0.010932456380630725,0.011530980367121042,0.010616955663656828
MLP,600,140,0.112909734,0,0.0,True,-0.0017958387230601238,-0.0005969381775025182,0.0007284629216454846,0.00022374613280659047,0.00028227302169287426
MLP,600,140,0.7073865,1,1.0,True,0.0073783324151610995,0.00965984841395728,0.010517910997073669,0.01053521057649155,0.010976590762373506
MLP,600,140,0.76627135,1,1.0,True,0.013226224522683454,0.011051347583202214,0.011697080481617491,0.012079731614785306,0.011728574316607397
MLP,600,140,0.30984518,0,1.0,False,0.010194644469630271,0.009526504341816639,0.008972403006150709,0.010097546705880084,0.010423143699046032
MLP,600,140,0.13629824,0,0.0,True,-0.0013303916576268102,-0.0011672372901499297,-0.0010816524197761943,-0.0009444104959337686,-0.0007461850802710006
MLP,600,140,0.74829,1,1.0,True,0.009033338751454682,0.009531286799688071,0.009156840667019555,0.009459077054638823,0.009358107243461249
MLP,600,140,0.31346425,0,1.0,False,0.006037851086091304,0.009114495218053938,0.008667813655533365,0.00813390073847803,0.009292005924294695
MLP,600,140,0.7533454,1,1.0,True,0.00647671042780655,0.008479028529260534,0.008130368962880117,0.008006518466885154,0.008753338178368564
MLP,600,140,0.23704784,0,0.0,True,0.0006405466567368455,0.00022319508808180355,0.0003032336046481433,0.00036433192267927995,0.00025603584674071194
MLP,600,140,0.71680033,1,1.0,True,0.011480852029935942,0.01002859831173209,0.009628690707095846,0.011284397091541564,0.012494420846993565
MLP,600,140,0.13291019,0,0.0,True,-0.0015152964539658514,-0.0003663733772202322,-0.00038432901702310524,-0.00021214497309625513,-0.00025164583162043473
MLP,600,140,0.838485,1,1.0,True,0.007879773734472862,0.010289589359975574,0.010380878092991225,0.010369568563787712,0.010435478871493433
MLP,600,140,0.19895595,0,0.0,True,-0.0006376756094218944,-0.001175715497683597,-3.8553601051349e-05,0.00021165577247860007,-0.0009421311849917039
MLP,600,140,0.14195618,0,0.0,True,-0.0016078451940009723,-0.0021801554061635156,-0.001246502309952896,-0.0008506272005555748,-0.000699011476278136
MLP,600,140,0.25531524,0,0.0,True,0.0011768997432776796,0.00030633276841232404,-8.448936438658018e-05,-0.0005075843413018898,-0.0006537349350329579
MLP,600,140,0.66998065,1,1.0,True,0.012620137512684792,0.012717250641721772,0.012497817167848372,0.01217309928066678,0.01295489284498523
MLP,600,140,0.53159344,1,1.0,True,0.011365405870021779,0.009311547942908187,0.009340957769437445,0.009994187226893379,0.01018792409329656
MLP,600,140,0.73484373,1,1.0,True,0.009175325452848274,0.01014090607883532,0.0095771414362031,0.00856506489913197,0.009027199947122639
MLP,600,140,0.18101144,0,0.0,True,-0.0012948382576478555,-0.0015717150276834896,-0.0011931802330991128,-0.0013179028648478354,-0.0009734730485333535
MLP,600,140,0.46323454,0,1.0,False,0.01228608982363586,0.011558711163869195,0.012150823184138558,0.012202731076285632,0.012435623276068593
MLP,600,140,0.4862332,0,1.0,False,0.006386041336071559,0.00806729600249223,0.009961446952995015,0.009865586135521796,0.010177567396774095
MLP,600,140,0.14049232,0,0.0,True,0.00064061165861754,0.0011423408702855074,0.0003314761299368307,-1.5887529116544933e-05,-0.00017435788353527753
MLP,600,140,0.24547902,0,0.0,True,0.000539768599393942,0.0009774223461351222,0.0004589218097030886,-7.671707193836395e-05,0.0008207601687475419
MLP,600,140,0.6522024,1,1.0,True,0.014208311280782213,0.011583196073762009,0.011478701713516394,0.011057536279266278,0.010853480186773274
MLP,600,140,0.44846323,0,1.0,False,0.010528646754305655,0.010879942219307864,0.009934940514522988,0.010165929927415145,0.009786676890987814
MLP,600,140,0.14248088,0,0.0,True,-0.0014383459790451973,-0.0007012792316737127,-0.0007435042942106055,-0.0008821352667355842,-0.0012136382491819435
MLP,600,140,0.19176295,0,0.0,True,-0.0017851110485278437,-0.0004721982271141999,-0.0009966530386940056,-0.0008679489465177422,-0.0006691328085437772
MLP,600,140,0.6661167,1,1.0,True,0.01194618542775769,0.01059197612034088,0.011177309036537315,0.009361838694862488,0.010362097033609956
MLP,600,141,0.75871795,1,1.0,True,0.00922087036519088,0.010202924591645882,0.011522585199049055,0.01067896754258342,0.01071623216684226
MLP,600,141,0.84300977,1,1.0,True,0.011338985816477479,0.008154874928235717,0.008729250346320763,0.009372190433266042,0.009521760782961113
MLP,600,141,0.17275454,0,0.0,True,-0.0006807389471971345,0.00024867377461149396,0.0010607458893573012,-8.013544020927462e-05,1.4755540332545839e-05
MLP,600,141,0.3806614,0,1.0,False,0.009658616803851642,0.010496361454220119,0.011111050472364105,0.01065697394972697,0.011026204283855826
MLP,600,141,0.13876933,0,0.0,True,-0.001371627877571618,-0.0005791724322073838,0.0007795153084151365,0.00020790870900651943,0.00029216477289457335
MLP,600,141,0.37871224,0,0.0,True,0.000623089874286053,-0.0003648035257741897,0.0004199474457695144,0.0003781071050215584,0.00011843316524721044
MLP,600,141,0.6955652,1,1.0,True,0.009752434912308311,0.012645940453985437,0.012543497947660407,0.012748650569647036,0.012085542681872103
MLP,600,141,0.58259475,1,1.0,True,0.01038092132400719,0.009262621371831788,0.00887210175739003,0.009494542569880004,0.010140035683591581
MLP,600,141,0.38948655,0,0.0,True,0.0014578059223066427,0.0009884038576211717,0.000841514988681211,0.0003303677756283517,-0.00016097122527702724
MLP,600,141,0.40929174,0,1.0,False,0.009234024792217422,0.011333735007391231,0.012298469542218684,0.011763211122037194,0.011196215332915089
MLP,600,141,0.8581214,1,1.0,True,0.012051304531042945,0.011178296047629894,0.010701746978345672,0.010802138671700764,0.011150681834049147
MLP,600,141,0.22350368,0,0.0,True,0.00190281347877531,0.00033616794898902393,3.432989861511936e-05,0.00031559576252272124,-0.000229924601482145
MLP,600,141,0.52806765,1,1.0,True,0.012861629213401836,0.010630479378057448,0.011851782760663284,0.010800533281646011,0.010518476707769639
MLP,600,141,0.14231282,0,0.0,True,-0.0029053262838580644,-0.0010448018107550032,-0.0005728414295881647,-5.218531815187356e-05,0.0003634438787312881
MLP,600,141,0.5204024,1,0.0,False,-0.0018314327120627207,-0.0006104529666588026,-2.842923684426251e-05,0.00016414979109120013,0.00027440645076108876
MLP,600,141,0.12207564,0,0.0,True,3.7709153999358236e-05,3.4814592105886066e-05,-0.0003562233141484704,-0.0005230147379341382,0.00034467428440916766
MLP,600,141,0.20343654,0,0.0,True,0.0021399056915977713,0.00015063762455691285,-0.00032949217400856615,-6.932050894545703e-05,-5.678608298293423e-06
MLP,600,141,0.41540924,0,1.0,False,0.010488632436723964,0.010433428839659612,0.01095215937675061,0.01067682578317944,0.01027376602938297
MLP,600,141,0.7535256,1,1.0,True,0.013103698677732745,0.013375650282579319,0.013656448786691729,0.013271773823948063,0.012854432253057194
MLP,600,141,0.6769411,1,1.0,True,0.011156932772085298,0.01070946236269821,0.010625542847764386,0.010395468254299982,0.011053548331331486
MLP,600,141,0.094879776,0,0.0,True,-0.001031462131414872,5.098046700075397e-05,0.0006206177372204147,0.00027429960087652024,0.00023603848608409397
MLP,600,141,0.5349615,1,1.0,True,0.01604550457521527,0.0157907064488782,0.013108897204979998,0.0121697893539838,0.01227147010411942
MLP,600,141,0.8383966,1,1.0,True,0.01159159409648187,0.00897549531012509,0.009411320669984758,0.009929182469807727,0.009961197801597429
MLP,600,141,0.5058988,1,1.0,True,0.012098554730921722,0.010242821434675713,0.01121563531603016,0.011663956589741103,0.010723557120039988
MLP,600,141,0.11857895,0,0.0,True,-0.0011296717247796376,5.5694006354263326e-05,-0.0013433646318420824,-0.0007559275634303993,-0.00030597649531456694
MLP,600,141,0.47535524,0,1.0,False,0.018405781877608426,0.014433741488440144,0.014704321891928034,0.013832260037999864,0.013148657075056457
MLP,600,141,0.8415883,1,1.0,True,0.010870829044701054,0.009746723259289216,0.010040289048929086,0.00985249971472108,0.010053326157222446
MLP,600,141,0.23434836,0,0.0,True,-0.0002506707146919996,8.093226324869465e-06,0.000501392015440147,0.0002842264275419359,0.0002744174897009086
MLP,600,141,0.2507382,0,0.0,True,-0.0018477028467274413,-0.0018353381915793003,-0.0012655485735877275,-0.001089482576566813,-0.00038659606370611374
MLP,600,141,0.7831321,1,1.0,True,0.017335358262984022,0.016085829882551306,0.014900623367994414,0.013461169038164564,0.01136873216168382
MLP,600,141,0.7749016,1,1.0,True,0.011402786110532496,0.009329760881314387,0.009105521064369045,0.007737647963068142,0.007592509633608675
MLP,600,141,0.5311613,1,0.0,False,0.0001594763612764317,-0.0011935782700413743,-3.520352738847773e-05,-0.0001845669837794128,4.956671478955713e-05
MLP,600,141,0.12370517,0,0.0,True,-0.0001815555511895501,0.0009653488723477825,0.0009680085709815063,0.0003769553689491476,-2.821895665664414e-06
MLP,600,141,0.29120818,0,0.0,True,0.0008954111211464923,-0.0010114035089216007,-0.0010559227078820851,-0.001420362287736899,-0.0007219448687214423
MLP,600,141,0.37850985,0,0.0,True,0.0033601690197437887,0.002382459369554573,0.002395534526179196,0.0016865096521123868,0.0014764717930224873
MLP,600,141,0.17496422,0,0.0,True,-0.0021063173301045777,-0.0013952968738273415,-0.0006087214621156276,-0.0007087331254267644,-0.0006976292272977364
MLP,600,141,0.14424625,0,0.0,True,0.002630494485175749,0.0015940381841744221,0.0011485042440178546,0.0006147273962835439,0.0007709513433020647
MLP,600,141,0.48931313,0,1.0,False,0.010258258050595975,0.010665102413474757,0.009147600473545337,0.009455637161293896,0.009341256898880207
MLP,600,141,0.19733499,0,0.0,True,0.0011188339913448895,0.0007994853175919643,0.0005747387453320989,0.0003342370202422162,0.00036867246258294104
MLP,600,141,0.34761408,0,0.0,True,0.0017361983558042428,0.0007518455259107413,0.0012987394858750604,0.0008786283327824287,0.0005594332794355517
MLP,600,141,0.16619158,0,0.0,True,-0.0014584619315505501,0.0001970833946153819,0.0008166823170929163,0.000278021331140254,0.0004087902865212887
MLP,600,141,0.21896228,0,0.0,True,0.001874143248816814,0.0005167993405294048,1.9236890185594647e-05,0.0004547701418399277,0.0006709018549098272
MLP,600,141,0.24083456,0,0.0,True,0.0016168820128610924,-0.00037843735868671365,0.0001590642574148088,3.9196741571801784e-05,0.000255283170872585
MLP,600,141,0.3860175,0,1.0,False,0.009960141336636254,0.010444245272295066,0.010238025840492188,0.00963539383768354,0.009039550947167106
MLP,600,141,0.3626566,0,0.0,True,0.0008161374668273273,0.001544164842403828,0.0022283894869511312,0.0015678564111221865,0.0013535060075695546
MLP,600,141,0.20480332,0,0.0,True,-0.0014151071563689966,-0.0008482029129144433,-0.0007094962851248368,-0.0008063063796740424,-0.0011204824454244412
MLP,600,141,0.21278483,0,0.0,True,-0.0008125617190903973,-0.0017572168346562372,-0.002008619953479398,-0.0018214805620535277,-0.0012920617487261622
MLP,600,141,0.5665169,1,1.0,True,0.011851826539586306,0.012486210522567496,0.01119044505707637,0.009698195561890196,0.010577988473455709
MLP,600,141,0.19957577,0,0.0,True,-0.001129669429088896,-0.0001643115903759394,0.00021551867822383538,2.769223132446827e-06,6.1395062016844e-05
MLP,600,141,0.1407907,0,0.0,True,0.0010128020762343623,0.0005708714959096996,-0.0001505052300867968,-0.0005913583234077555,-0.000648807058805976
MLP,600,141,0.5623758,1,1.0,True,0.00876592839920515,0.00960555093296858,0.010472701119197058,0.010266961501945435,0.010738470804307296
MLP,600,141,0.6543082,1,1.0,True,0.010444503992879836,0.01080126795856471,0.010604928285807995,0.011414769369015983,0.011032019048023582
MLP,600,141,0.22846664,0,0.0,True,-0.0006251051736347994,-0.0009290880714786289,-0.0006093393714009988,-0.0004955136656725876,-0.00012459951427673015
MLP,600,141,0.34309685,0,1.0,False,0.012735341716244405,0.012275556517306954,0.01122928905158795,0.012426938901831604,0.012803701471990087
MLP,600,141,0.37917903,0,1.0,False,0.009320157962583736,0.007670976233480554,0.009372566088016942,0.010217611549007997,0.01083941666760868
MLP,600,141,0.17498025,0,0.0,True,0.0013743401911058607,-0.00011435453860365691,0.0004290133937175918,0.0008547391904468034,0.001302963515405008
MLP,600,141,0.32526463,0,1.0,False,0.013171032433698025,0.011752629065048587,0.01262143061996391,0.012078924996231534,0.011536118750742924
MLP,600,141,0.24240799,0,0.0,True,0.0011199991371916651,0.00045821793036651215,-0.000869899085185315,-0.001295510712247907,-0.0012412799936179963
MLP,600,141,0.7793789,1,1.0,True,0.013544816816364354,0.010843786729951545,0.01039761765999851,0.01122174718122546,0.01107649104803646
MLP,600,141,0.47692496,0,1.0,False,0.007902449583358501,0.010577202072743336,0.011087591698025742,0.010684184484327099,0.010365581339855054
MLP,600,141,0.24807097,0,0.0,True,-5.63815434653531e-06,-0.00020041249482881385,-7.96546615528201e-05,-0.0007849230429377661,-0.00028438740387190026
MLP,600,141,0.24608591,0,0.0,True,-0.0006417697703251411,0.00011509757812305896,0.00031211687584268167,0.00021845644609781942,0.00033988600094466277
MLP,600,141,0.44029704,0,1.0,False,0.014039952192918618,0.011712456149383522,0.009912534720151531,0.009990099896626987,0.010698931947338126
MLP,600,141,0.52899414,1,1.0,True,0.007998034760824314,0.009585787599134038,0.008770614396737335,0.00938850168780383,0.009759590990755747
MLP,600,141,0.7124489,1,1.0,True,0.014336774252095227,0.012800256173689344,0.010408347707674542,0.010998640381640447,0.011202850843022654
MLP,600,141,0.7412285,1,1.0,True,0.009440270534650802,0.008276700976648298,0.009970828532642266,0.009819468015163138,0.009900879557663856
MLP,600,141,0.32413065,0,1.0,False,0.012988205591823952,0.01132538859705834,0.010992034730640497,0.010549332407718007,0.01107405873885086
MLP,600,141,0.9004316,1,1.0,True,0.009670706068086798,0.009132509847119998,0.009475636970460732,0.009796181425696307,0.008880953045593816
MLP,600,141,0.1693291,0,0.0,True,-0.0012417638654989996,-0.0003266034427106261,-0.0007310068764823166,-0.0012462505434133664,-0.0010928689101657842
MLP,600,141,0.63255745,1,1.0,True,0.00931068243089675,0.01081338918031336,0.011789066072836519,0.010505447100202571,0.010701284558120088
MLP,600,141,0.16953862,0,1.0,False,0.008093705394985115,0.010333623997954886,0.011687501237502614,0.010702195213027456,0.01079727241557685
MLP,600,141,0.14389798,0,0.0,True,-0.0014541695612080735,-0.0006840153893566967,-0.0002395049710866927,5.981802174545608e-05,-0.00048611470769605855
MLP,600,141,0.1816934,0,0.0,True,0.0010564857945566046,-0.0007082687121606401,-0.00045456990593513544,-0.00027165270409440365,-0.00024780992420520123
MLP,600,141,0.114676274,0,0.0,True,-0.001550484496796714,-0.0021391154201315147,-0.0020245861112289675,-0.0014688275002933716,-0.001035832340182137
MLP,600,141,0.1116247,0,0.0,True,-1.7565003134790464e-05,-0.0007138213647155823,-0.0008853768222356896,-0.0009032505040885959,-0.00018282085729446674
MLP,600,141,0.5422434,1,1.0,True,0.013859033145889441,0.013191734009721158,0.011965593125098902,0.01199790227189185,0.011708575748078617
MLP,600,141,0.25461224,0,0.0,True,0.0030307853974110444,0.00143488780168958,0.00047729251158135924,0.0012629059929997095,0.00044459085011064797
MLP,600,141,0.768114,1,1.0,True,0.013249664561023274,0.013324770431638414,0.011523368594012819,0.010455816149828599,0.010115837188794434
MLP,600,141,0.7187749,1,1.0,True,0.010541778017372888,0.010061775023501574,0.011540584500798255,0.011597435210363424,0.011149824405069151
MLP,600,141,0.13497832,0,0.0,True,0.0023295669580441296,0.0013206310958310365,0.0010757018719315537,0.00034684517196850246,0.0005487861863055588
MLP,600,141,0.7002147,1,1.0,True,0.012194124266114438,0.01407884071340115,0.013571777750174676,0.012336264272416327,0.013037260044436904
MLP,600,141,0.14064379,0,0.0,True,0.0019227422638821746,0.0020441039707512856,0.0016825396598989647,0.0007378242329597241,0.0005779061932933391
MLP,600,141,0.2706095,0,1.0,False,0.008714136951747085,0.010122263855225085,0.011198237653906509,0.010952480761538546,0.010483458993246365
MLP,600,141,0.24823937,0,0.0,True,-0.00010172755656193648,0.0003496062525764052,0.0007866115695621111,0.0007967256426352237,0.0008911801409592883
MLP,600,141,0.59613067,1,1.0,True,0.010082077653019423,0.01306448734926809,0.013088279430791072,0.012118173101018748,0.011605091913775295
MLP,600,141,0.4514335,0,1.0,False,0.007288249888835394,0.00807955842333563,0.0076869727339544764,0.007158489472580273,0.00810523033370024
MLP,600,141,0.77560186,1,1.0,True,0.010673623436618622,0.010819634719929595,0.011160706378763601,0.011393134585452066,0.011701140111875095
MLP,600,141,0.17528771,0,0.0,True,0.000630300164487878,0.0012289251757342191,-4.3956668609518944e-05,0.0005444308874739903,0.0007688118482292911
MLP,600,141,0.2583215,0,0.0,True,-0.0010919092464446887,-0.0008505217248952012,-0.001277552643617381,-0.0019145755404410354,-0.0018044541001191719
MLP,600,141,0.15499,0,0.0,True,0.0007685480769230844,5.057112135920939e-05,0.0005560290061960309,0.00027530380283240685,0.0007933608258233872
MLP,600,141,0.13323325,0,0.0,True,0.0029037485684897412,0.0006032979953309314,0.00021459477703279566,-0.0002966423368546417,-2.6638416943850205e-05
MLP,600,141,0.2135868,0,0.0,True,0.0016303965831471077,0.0010942959739929541,-0.0005092111579194195,-0.0005677488560311684,-1.6857563510446965e-05
MLP,600,141,0.18721837,0,0.0,True,-0.00321349543242412,-0.0017570712474953424,-0.001307013068974829,-0.0006107448523192033,-0.00033321540620179885
MLP,600,141,0.44973218,0,1.0,False,0.011374289246374687,0.009673937476357605,0.010395585261361702,0.010835302317036765,0.01110987904248758
MLP,600,141,0.117738575,0,0.0,True,-0.0020859873583790154,-0.0012467741046715095,-0.0003968632725903235,-2.435749437255832e-05,0.00011460833242682306
MLP,600,141,0.66937613,1,1.0,True,0.014996090711261002,0.015023218485213036,0.013793293858159866,0.014114593149501807,0.012721727909140723
MLP,600,141,0.1641349,0,0.0,True,-0.000626748079895418,-0.00035978985367442207,-0.0004417573075628739,0.00023244290582279144,-0.00042650093339778746
MLP,600,141,0.58807665,1,1.0,True,0.008136842682849239,0.00993456234559125,0.00981381078876165,0.009716882547659574,0.009426340322085178
MLP,600,141,0.25967255,0,0.0,True,0.0031625316589207995,0.0018620732585689222,0.0007433023989388759,0.0006784078434319949,0.000745680484877706
MLP,600,141,0.7898822,1,1.0,True,0.010949150659055952,0.012183382114782556,0.011030283883756997,0.009978919214013126,0.010206950972652019
MLP,600,142,0.52591866,1,1.0,True,0.01053968673206612,0.011329087443971791,0.01118126241012407,0.010367403349877244,0.01103290314879034
MLP,600,142,0.30200517,0,0.0,True,-0.0005620528745813436,0.0007101130036607319,0.0014214122188353853,0.0015495169785647292,0.0013579068510300536
MLP,600,142,0.55156827,1,1.0,True,0.014300805516519364,0.011736967647535507,0.009787409424965266,0.00931993141589203,0.009630605975233091
MLP,600,142,0.7036146,1,1.0,True,0.014328751504618778,0.012168354839431158,0.012101328302549898,0.012039077946289863,0.011738217758341348
MLP,600,142,0.15863119,0,0.0,True,-0.003449054091934427,-0.0010817987203891283,-0.0004889322434476848,-5.554239648237175e-05,0.0006372351687121253
MLP,600,142,0.46668038,0,1.0,False,0.013703956634592576,0.013108560036610312,0.012812942813165909,0.01318776792052436,0.0130758142856341
MLP,600,142,0.14521155,0,0.0,True,-0.001136960425446652,0.00039911143665744025,0.00010212965390343281,-0.0002613950451170531,0.0003553007298869569
MLP,600,142,0.1522495,0,0.0,True,0.00019623296550136756,0.0004302683436277874,0.0007778995670843517,0.0005757649300680631,4.245726765059804e-05
MLP,600,142,0.6009159,1,1.0,True,0.009869234346733669,0.012289810767244853,0.01189776634413178,0.011463855762760346,0.011169101965246337
MLP,600,142,0.49068952,0,1.0,False,0.011813166006138553,0.01024155690160928,0.010716431326504103,0.011124524405055349,0.010394320796693947
MLP,600,142,0.59607965,1,1.0,True,0.012270363250863394,0.011823936880553757,0.010927116988469052,0.010527170685993695,0.010461192400500037
MLP,600,142,0.33991238,0,1.0,False,0.008471762431779401,0.01037810010190059,0.010881176046384413,0.011208904194134216,0.011617308920894636
MLP,600,142,0.80436635,1,1.0,True,0.014473631525908784,0.013096907114152121,0.012085746135760241,0.011605429065749469,0.011390779083047479
MLP,600,142,0.3167623,0,1.0,False,0.010264853924007743,0.01048483968850744,0.011338792602840837,0.011231220649244294,0.01117270866207529
MLP,600,142,0.3024253,0,0.0,True,-0.003455623738509928,0.0003232201230183406,-0.00030655370970671575,-0.0007279992104805769,-0.000568330738294924
MLP,600,142,0.52415514,1,1.0,True,0.00923801659833654,0.010735346428497619,0.009987269609184186,0.010819160426017107,0.010938461674605276
MLP,600,142,0.5476217,1,1.0,True,0.008116593254714671,0.009521166407086947,0.009754004314995363,0.010436679252136892,0.009844373102872584
MLP,600,142,0.11447492,0,0.0,True,-0.001281170308532681,-0.00010090327094378707,-0.000671039223871744,-0.0007070614194862332,2.4851073086937005e-05
MLP,600,142,0.17813882,0,0.0,True,0.000996226725210991,0.0012756563330810137,0.00023991913878489976,-0.00011553406664625502,-1.5466639486102287e-05
MLP,600,142,0.16433518,0,0.0,True,-0.00141480195031484,-0.0005415396027171767,-0.0002948610341049998,0.0007002569325379668,0.00029689666040677
MLP,600,142,0.25466445,0,0.0,True,0.002292621974577817,0.000620905590208229,0.00043470290427552477,0.0003778859423343039,0.0005325877789167089
MLP,600,142,0.42425787,0,1.0,False,0.012881358902926137,0.012833747733629906,0.013270970250250964,0.012639172150202613,0.012711414893304273
MLP,600,142,0.095519595,0,0.0,True,-0.001352261606212909,-0.00190175490929026,-0.0013857466532806381,-0.0009619738347706556,-0.0005044276609315479
MLP,600,142,0.7592379,1,1.0,True,0.006071144263521391,0.01044271516545922,0.010250789749967147,0.01041001149702574,0.010629792184721728
MLP,600,142,0.19918238,0,0.0,True,-0.0035794832120848536,-0.0014298426265827108,-0.0009748292299271203,-0.0005282886313011739,-0.0005727915284683087
MLP,600,142,0.5823946,1,1.0,True,0.014021677908343215,0.011657620195096818,0.01236131077379237,0.012269753271766222,0.011748605503904445
MLP,600,142,0.15197873,0,0.0,True,0.0007734414319003566,0.0005600229426141989,-0.0004102855841281781,-0.0007901813001326037,-0.00023921741072995676
MLP,600,142,0.3294271,0,0.0,True,0.0011407942843845765,0.00015037333026718042,-0.0010609470033751335,-0.0010055820779410422,-0.00035957940232501316
MLP,600,142,0.21024169,0,0.0,True,-0.0006851204499052145,0.0004979192033705311,0.0004881049238454002,0.00030627411469598897,-5.8620111162250416e-05
MLP,600,142,0.128676,0,0.0,True,0.0009452062129133631,-0.00045755564086555177,0.0008612636087858582,0.0007968831896797596,0.000791955994164424
MLP,600,142,0.260963,0,1.0,False,0.012834375582611642,0.01170868095525989,0.012180896653668819,0.011573276493798832,0.01111479019394372
MLP,600,142,0.24368267,0,1.0,False,0.011001683620423922,0.012397662021703958,0.012601271779468083,0.011755936751463148,0.011027363836930157
MLP,600,142,0.59235364,1,1.0,True,0.007770122954901903,0.008411077497379472,0.010328309400369695,0.010914982551389969,0.01107263269557235
MLP,600,142,0.20575011,0,0.0,True,-0.0014862358256567119,-0.0019497487721521231,-0.0013586899671401268,-0.0005569338433415292,-0.00024276383197604451
MLP,600,142,0.13945131,0,0.0,True,-0.0017602602320641852,-0.0004668512095054832,0.0003958919653785557,0.00036222824001747907,-0.00013577344176088295
MLP,600,142,0.12089001,0,0.0,True,-0.0006965903657138287,0.0004027631103634938,0.0008555363562595533,0.0002165482794128293,-6.802065792911367e-05
MLP,600,142,0.15470764,0,0.0,True,0.0005481257821993415,-0.0013590198566173284,-0.0009300121984482944,-0.0009720881700109729,-0.001089250038135329
MLP,600,142,0.43682522,0,0.0,True,0.0014124875874165265,0.00037226317306281246,-0.0001569360706719362,-0.001013383990200827,-0.0002766859711811604
MLP,600,142,0.20837727,0,1.0,False,0.010872474023494704,0.01065606124255963,0.011431466507283253,0.010637760369522051,0.010009138578954026
MLP,600,142,0.25906593,0,0.0,True,-0.001741190403540675,-0.0016172919372468132,-0.00026694462723044756,-0.0007009539238282774,-0.000979795148076628
MLP,600,142,0.60653776,1,1.0,True,0.01354558147864659,0.015109032431013567,0.014188695739322773,0.013476938822266898,0.012916416001741659
MLP,600,142,0.7572394,1,1.0,True,0.008792340852422446,0.009529299083392532,0.009767686990398549,0.009433739122042229,0.009239537410251093
MLP,600,142,0.31393754,0,0.0,True,0.0023415365725300867,0.00030782220894513417,0.0007419709053742618,0.00048694904513872303,0.0009446336895500395
MLP,600,142,0.68425006,1,1.0,True,0.007710292328735161,0.008254654248529709,0.00837574620062194,0.009583373152707459,0.009363031833771155
MLP,600,142,0.96028125,1,1.0,True,0.010202760381077874,0.00933132070527353,0.010230858446455108,0.010507202103362718,0.010032256373099404
MLP,600,142,0.2537065,0,0.0,True,0.002186438644875165,0.0009518615283622511,0.0005457593548731154,0.0005322692599077554,0.0002987408763997791
MLP,600,142,0.3212666,0,1.0,False,0.0076516216978537105,0.008966829038920059,0.009661804645823198,0.008612246475659958,0.009176966684528939
MLP,600,142,0.32505804,0,0.0,True,0.0003142456790431558,-0.0003230662685460751,-0.00017007957422342785,-0.0003040880836811738,-0.0005488782711481916
MLP,600,142,0.16564207,0,0.0,True,-0.0010733555869886743,-0.0016647254117740122,-0.001340983071985597,-0.001742891260465245,-0.0011977545103706454
MLP,600,142,0.1953743,0,0.0,True,-0.0021703256301092203,-0.0010248156228513826,-0.00024156101308386353,-0.00012414014829248608,0.0002925599463607104
MLP,600,142,0.16775458,0,0.0,True,0.003418883906548265,8.551974789462083e-05,0.0004571063622493731,0.0002849292542119844,1.1845933553918344e-05
MLP,600,142,0.19864051,0,0.0,True,3.0277818820865337e-05,0.0011552989967627643,-0.00010902742310557392,8.059009156294368e-05,7.846845571009971e-05
MLP,600,142,0.24347246,0,0.0,True,-0.003482564852177338,-0.0025246621073820243,-0.0016953389484477292,-0.0006419367418492013,-0.0010085017339526523
MLP,600,142,0.351317,0,0.0,True,-0.0009252062688528923,-0.0009092443128803791,0.0008086656298980314,0.0004378616089254836,3.9804972624614997e-05
MLP,600,142,0.80253065,1,1.0,True,0.007275027711195175,0.007498635348173102,0.008462201285122938,0.009350061811384888,0.009709103662347555
MLP,600,142,0.19758688,0,0.0,True,0.0014127632969713688,0.0005116963499072515,0.0010119169236410747,0.001181968863102404,0.0005475437304263547
MLP,600,142,0.24927245,0,0.0,True,-0.0011141287926561467,0.00041657364223404996,-9.956326637619784e-05,-0.0004738645077348771,0.00013514659487583988
MLP,600,142,0.83599734,1,1.0,True,0.015926057624525657,0.01228849687924889,0.01105103046072407,0.011844572484634813,0.011324922862237623
MLP,600,142,0.16469882,0,0.0,True,0.0018139948333662573,-8.648066876308831e-05,0.00018377117660839623,0.00039311374654468724,0.0008049477651694408
MLP,600,142,0.16352305,0,0.0,True,-0.0023845971363955195,-0.001261440017072712,-0.000647567650018777,-0.00027202808046698903,-0.00012792846018548921
MLP,600,142,0.9619128,1,1.0,True,0.011374238782633744,0.010793391910138516,0.010919534430934059,0.011497756357440258,0.011721826666907277
MLP,600,142,0.5098366,1,1.0,True,0.0102056392570535,0.011035656095292974,0.009405139970684215,0.009041568243287204,0.009603351332779422
MLP,600,142,0.42966625,0,1.0,False,0.00957635309334256,0.011035331052141065,0.010159175345123972,0.011191885592540696,0.011739308062667415
MLP,600,142,0.9727553,1,1.0,True,0.011873682223888847,0.011958434327198045,0.011240760330308852,0.011936127332797503,0.011594111567870418
MLP,600,142,0.8561434,1,1.0,True,0.013528411320537545,0.011548984451708504,0.010968927277533387,0.01093821679022475,0.01179675058584427
MLP,600,142,0.85508025,1,1.0,True,0.007836578487459733,0.009380916229516622,0.011006022502902571,0.010794147597832066,0.010693037600478102
MLP,600,142,0.16166317,0,0.0,True,-0.0005802997149389624,-0.0014440850416052016,-0.00013336823876802418,5.857382605119187e-05,-7.60933880277111e-05
MLP,600,142,0.857124,1,1.0,True,0.008163549451427275,0.009791127626618054,0.01087139052173769,0.010104553173705311,0.010372911948492408
MLP,600,142,0.69769716,1,1.0,True,0.011438060182424605,0.014034889189814987,0.013570259872893065,0.011788182321988411,0.011715002339241672
MLP,600,142,0.67348284,1,1.0,True,0.010490592304079498,0.01291901987541201,0.01349171607616957,0.012581828987044305,0.011966686562315572
MLP,600,142,0.6642286,1,1.0,True,0.011088316855118326,0.011161390581383568,0.01110485348889504,0.010747811308448195,0.009889077446061127
MLP,600,142,0.76361805,1,1.0,True,0.009931302769550149,0.010529934768021009,0.007881621036894772,0.007618493366914971,0.008534885790104267
MLP,600,142,0.7865805,1,1.0,True,0.012338920155838118,0.01318257112758279,0.012929263698938296,0.012847961830660573,0.01191026120039401
MLP,600,142,0.573837,1,1.0,True,0.012180772893252324,0.011425191319565068,0.010820661508313898,0.01158666570121893,0.011001212006413363
MLP,600,142,0.23029096,0,0.0,True,0.000353682564483657,-0.0002027708664961652,-0.00016367517483359225,1.6377175523110544e-05,-0.0003344312642440362
MLP,600,142,0.5109462,1,1.0,True,0.009825801142894391,0.01039124244822012,0.01028308774310133,0.010860561693628548,0.010890975222502717
MLP,600,142,0.8293932,1,1.0,True,0.011438204011541319,0.010102471400463466,0.010342323405996728,0.009985456215244562,0.009572151531918243
MLP,600,142,0.15246667,0,0.0,True,0.0005697514098231217,0.00016645407643794212,0.00012667377602572678,-0.0004273713006254115,7.148077943782738e-05
MLP,600,142,0.16586396,0,0.0,True,-0.0006199701186781112,-0.0016062580729897303,-0.0013325144949087454,-0.0008822130481083655,-0.0011153973628058212
MLP,600,142,0.8217679,1,1.0,True,0.012063080532193026,0.009382701302070652,0.009329354051608209,0.009440508949471724,0.009431559753122407
MLP,600,142,0.2076597,0,0.0,True,-0.001925322925936446,-0.0014423350507586886,-0.00124094082021568,-0.0012773552735474768,-0.001006991076486968
MLP,600,142,0.2183975,0,1.0,False,0.006008974715550935,0.008369748754756788,0.008068279476652281,0.008478509398830866,0.008660919595024033
MLP,600,142,0.9095134,1,1.0,True,0.01710675737154233,0.013296280669928318,0.011227197270286806,0.011042091837598713,0.01088982482291706
MLP,600,142,0.41745168,0,0.0,True,-0.0005652096074148076,0.0007208887159154368,0.0003369436741053678,0.0007961530095886882,0.000318660012470106
MLP,600,142,0.22027043,0,0.0,True,0.0010000564192428716,-0.0005090246689040308,0.0004081421512657422,5.167399426960999e-05,0.00024406542143331765
MLP,600,142,0.40829605,0,1.0,False,0.011536513688452476,0.011047367004686238,0.011310306255312609,0.010310093398460167,0.01060458790647214
MLP,600,142,0.24343194,0,0.0,True,0.001238868341926711,0.0007637483880422753,0.0002283740750392975,0.00041513205107019904,0.0003510269336709217
MLP,600,142,0.18761934,0,0.0,True,0.0017730872334927208,-8.56184683474763e-05,0.00039184362319771474,0.0006492788956894077,0.000747285920055757
MLP,600,142,0.86724234,1,1.0,True,0.009337847352113819,0.008997374057659185,0.011958421108332945,0.011071116064001128,0.010121736663099795
MLP,600,142,0.76862323,1,1.0,True,0.010808083219793516,0.011101491183316822,0.010311974605858826,0.010270756114661304,0.0109185220496731
MLP,600,142,0.7165466,1,1.0,True,0.009170461200153062,0.00930908804537103,0.010207775701758253,0.010557512014215328,0.009759536189299195
MLP,600,142,0.5763284,1,1.0,True,0.01234500371468888,0.013313574271630421,0.01238946442547594,0.011585835460441625,0.01160902851197566
MLP,600,142,0.30195978,0,0.0,True,-0.0014399664886191113,-0.0005359856171003003,-0.0008179705045535017,-0.0009889519994121887,-0.0013846453043911205
MLP,600,142,0.6947894,1,1.0,True,0.008307545956929707,0.008236523258493706,0.008499833761521894,0.008608801637737471,0.009903258833471887
MLP,600,142,0.15334955,0,0.0,True,0.0035336456272052927,0.0010832433208629274,0.00016720955192863128,0.00012272266633759092,0.0004466683425981671
MLP,600,142,0.5849025,1,1.0,True,0.011079443566817384,0.010467732099525834,0.010438437171023175,0.011465796897695578,0.011859298631634086
MLP,600,142,0.33475178,0,1.0,False,0.013724121235195041,0.011769349745818251,0.010824318371395195,0.010104227388355527,0.011304147183568402
MLP,600,142,0.19175585,0,0.0,True,0.0008033762921386815,-0.0012400336915564295,-0.0009103884473196885,-0.0006815417799482535,-0.0003599759456775704
MLP,600,142,0.87004584,1,1.0,True,0.01041535553532952,0.011437804245873557,0.011249071872189563,0.011137301607864207,0.011818884728055673
MLP,600,142,0.7258784,1,1.0,True,0.01451296847273182,0.012455968617090193,0.0131324091497169,0.01268028504234111,0.0117807813015222
MLP,600,143,0.19857873,0,0.0,True,-0.001336323533867722,-0.001936220360842241,-0.001754868192866055,-0.0019758041618754244,-0.001548682399039342
MLP,600,143,0.13204706,0,0.0,True,0.00484893272053538,0.0030846365079005085,0.0020141487007386692,0.001735525303997225,0.0011655560007772295
MLP,600,143,0.19516663,0,0.0,True,0.0012606696422931946,0.00032329082766090433,-0.00039080643486597624,-0.00010010308436329627,-0.0002448086189341249
MLP,600,143,0.3205174,0,0.0,True,0.00047061902989154754,0.001286885736184932,0.0009490137869874289,0.0006002986208878725,0.00047136426309528514
MLP,600,143,0.4998092,0,1.0,False,0.010773227729274611,0.013360829617045792,0.01366180294040578,0.012989775604249193,0.013817462700045035
MLP,600,143,0.62966835,1,1.0,True,0.01682228285485446,0.015416175601560713,0.013818214057976369,0.014023734756111765,0.013601588958478763
MLP,600,143,0.126901,0,0.0,True,0.0006119927973509232,5.014584713524353e-05,-0.0004663791850525511,0.00032502508709813556,0.00048144120860275767
MLP,600,143,0.123244494,0,0.0,True,-0.00366372655292232,-0.0024163525551154654,-0.0012709761119310842,-0.001272500254717926,-0.00045641127026243504
MLP,600,143,0.7940838,1,1.0,True,0.010400654541155007,0.011935348355778048,0.011727958035578473,0.010843771240554535,0.011848099043638727
MLP,600,143,0.75187683,1,1.0,True,0.0127601811650285,0.009259304466797368,0.009660022781659585,0.010308265860496197,0.010523755968868216
MLP,600,143,0.31133157,0,0.0,True,0.0017805812389740975,0.00025837563458284144,0.0002593576185593708,-5.529108373646032e-05,-0.000314906805002938
MLP,600,143,0.880158,1,1.0,True,0.005869307063139084,0.009522006510500124,0.011140926094812542,0.011420749469686482,0.011290233161723309
MLP,600,143,0.7933707,1,1.0,True,0.01166448114099242,0.012687624016858544,0.012138726564616646,0.011410078815028896,0.01144154582003054
MLP,600,143,0.4361742,0,1.0,False,0.014696151950422735,0.011394368615765888,0.010223912721059325,0.010739622279163873,0.010189995469471639
MLP,600,143,0.21649766,0,0.0,True,0.0008546101195493173,0.0019830298528941805,0.0010213254108795999,0.001540107711971327,0.0009467943466143343
MLP,600,143,0.42264906,0,0.0,True,0.002415875893215624,0.0012846387785985839,0.000117943396565445,0.0005852520658216678,0.00028783815063884396
MLP,600,143,0.75724304,1,1.0,True,0.012542967659633412,0.011180631623966724,0.009972079700827094,0.011691705580711585,0.011987608040626553
MLP,600,143,0.86826694,1,1.0,True,0.01112293967422638,0.011126260588099488,0.01090558395520459,0.01112628785296041,0.011067310987217208
MLP,600,143,0.4294245,0,0.0,True,0.0031697581596180214,0.0022757765393865686,0.0015327178588769913,0.001069252032048064,0.0009507466395645713
MLP,600,143,0.32576525,0,0.0,True,-0.0014248887208143058,-0.0007244634111866885,-0.0011526755700374492,-0.0012183889498605675,-0.0012215723307507033
MLP,600,143,0.19492222,0,0.0,True,0.0007910678929226553,0.0004910900818471684,-0.0005079181942706471,-0.0005062043721192613,-0.00010319423737622286
MLP,600,143,0.19011688,0,0.0,True,0.00036703389549151135,0.0016706147416671996,0.0014713424437344256,0.0020248748829274714,0.0015497408035602199
MLP,600,143,0.81922525,1,1.0,True,0.013563702294380432,0.013653447523207211,0.013384740084387378,0.012805257596198003,0.011740036018617367
MLP,600,143,0.17678139,0,0.0,True,0.00010401733974065884,0.00011501748466952308,0.0004347379050419661,-0.00015391818030691178,-0.00017951154259751432
MLP,600,143,0.46893686,0,1.0,False,0.010172627231908728,0.01006971696573655,0.00954486783020114,0.010163276074301798,0.010624319957673165
MLP,600,143,0.10095777,0,0.0,True,-0.00070769432293536,0.0006090455079959985,-6.76588212488989e-05,-0.00021543893367753595,-0.0011630872525255792
MLP,600,143,0.12845224,0,0.0,True,-0.0024721289545358042,-0.0020704573035114707,-0.0011145290162810912,-0.0004646418063031185,-0.0007008130929134042
MLP,600,143,0.21206595,0,0.0,True,-0.0004027610949323747,0.0004128434434263558,0.0007858341662669343,0.00038713649345493485,3.3746355098248364e-05
MLP,600,143,0.13470677,0,0.0,True,-0.00228259745998579,-0.002039537369513257,-0.001916839783776347,-0.0012256406583432374,-0.001362330427342541
MLP,600,143,0.5386596,1,1.0,True,0.008735922602064261,0.00881518000597121,0.008516254883158126,0.007909981816620826,0.00900653867469097
MLP,600,143,0.20312065,0,0.0,True,0.0005205686991584153,0.0002815808601836323,0.001104969658055487,0.0010576045142802356,0.000784949880990355
MLP,600,143,0.553034,1,1.0,True,0.01306620242639046,0.01087996623161647,0.011146418160826186,0.010249658099391143,0.010719151269405985
MLP,600,143,0.18962646,0,0.0,True,4.982430294948031e-05,-0.0004597626462486446,-0.0006060173384057452,-0.000159309314564965,-0.0007540779383627088
MLP,600,143,0.16615517,0,0.0,True,0.0022706616266950446,0.0013171897549046838,0.0009197621649347592,0.00015632475954893444,0.0006277067120240993
MLP,600,143,0.28397933,0,0.0,True,-0.0005308910155217672,-0.0015895071768018427,-0.0010854269294603392,-0.0015377552342871138,-0.0013946821663146085
MLP,600,143,0.34682867,0,0.0,True,0.0011209757639170533,0.0004982012226188481,0.0006064322363956872,0.0009105078003698105,0.0005050687453829607
MLP,600,143,0.20904565,0,0.0,True,-0.00030209092485878334,-0.0010180368211988114,0.0005540029078640009,0.0005898587296302109,0.0007178604753277974
MLP,600,143,0.23211057,0,0.0,True,-0.0026668477288500298,0.00021316603498495695,0.0002736886649027014,0.00010886021096800065,0.0006306651903820081
MLP,600,143,0.10102479,0,0.0,True,0.0007825736095499781,0.0006800831900217417,0.00038425298252361126,0.0004984861449142907,0.0004121037779134085
MLP,600,143,0.602063,1,1.0,True,0.012616105036046672,0.011649386185743293,0.011848033227055249,0.010847999959520488,0.010646935121486449
MLP,600,143,0.40082505,0,1.0,False,0.010893711576423088,0.010420368908997309,0.01077930402100495,0.00996752972140141,0.010689477230140057
MLP,600,143,0.5523138,1,1.0,True,0.011818977818547141,0.012914925686002988,0.013291736652352386,0.013209791406721336,0.012060588729896007
MLP,600,143,0.6274814,1,1.0,True,0.013739202405669252,0.013491757892039142,0.013126826235266516,0.0125395158130266,0.011085230949312073
MLP,600,143,0.608317,1,1.0,True,0.009823946903582076,0.012489108091517476,0.012971366743102956,0.012652126555746658,0.012078182834980297
MLP,600,143,0.7873552,1,1.0,True,0.014591290864836655,0.012628874766890761,0.013502542747179356,0.012172989012513643,0.011380099077075448
MLP,600,143,0.18361421,0,0.0,True,0.0018917711714032046,0.0024029446433799467,0.0017890286718708528,0.0016482628770462674,0.001262701304426432
MLP,600,143,0.15493171,0,0.0,True,0.0014061611275957228,-0.000928963110020702,-0.0011758957769284213,-0.0004688917088367626,-0.000528764336459859
MLP,600,143,0.116292685,0,0.0,True,0.0018135028462803492,0.0011522398344570213,0.0004935901389273196,1.750503811455381e-05,-0.00026975276076372464
MLP,600,143,0.10874214,0,0.0,True,-0.00011176127824083512,4.128670927081283e-05,0.0007446092581152195,0.0005644000243043719,0.0006104070754721163
MLP,600,143,0.88927853,1,1.0,True,0.015444671363215562,0.01347458809753503,0.01208644782127939,0.010722714814554144,0.01047299979059211
MLP,600,143,0.5395918,1,1.0,True,0.016324265838807243,0.010102663095905379,0.012243273955921457,0.011306259811465843,0.011660259342078524
MLP,600,143,0.21919797,0,0.0,True,0.0027212025062892933,0.0016402103957001244,0.0001356308429710614,4.32256297637705e-05,0.0003584488991637765
MLP,600,143,0.6066366,1,1.0,True,0.010816290195710952,0.013654436767347797,0.011120423759441401,0.0113944166508325,0.011166531505661003
MLP,600,143,0.26294488,0,0.0,True,0.0007341342531929668,0.000779314186513397,0.0005087290753481072,0.0007695307929660712,0.0002509392516736668
MLP,600,143,0.30279338,0,0.0,True,-0.0012215813530766734,0.0011024824855035838,0.0009258958618736314,0.0007709329410260521,0.0007831675635637412
MLP,600,143,0.35395646,0,0.0,True,-0.0006957285687687673,0.0005206429150496739,0.00019314499932159414,0.00020911141350680204,-0.0003138750152268223
MLP,600,143,0.6696127,1,1.0,True,0.008831108307799559,0.007652289226670133,0.0074506386389164994,0.008447633284262467,0.009084272438670975
MLP,600,143,0.732457,1,1.0,True,0.011538378248518959,0.009608523637272442,0.009749261435591051,0.009992256459269067,0.010111390379097213
MLP,600,143,0.43221,0,0.0,True,-0.0005090331506352766,-8.61836950658881e-05,0.0010267518179495195,0.000354473672465801,0.0010862185825504464
MLP,600,143,0.15015593,0,0.0,True,0.0011773222093626086,0.00021200959704922504,5.142607260716484e-05,-0.00048498679554241636,-0.00043786153794973494
MLP,600,143,0.15974616,0,0.0,True,0.0018493607641672217,0.0012716297036179732,0.0017204245702914529,0.0017772037615362529,0.0019101561610067941
MLP,600,143,0.7896693,1,1.0,True,0.013602822173333725,0.013252580061188202,0.012716056418338152,0.011680196595745339,0.010497446256722715
MLP,600,143,0.39262867,0,0.0,True,0.0011526594177777047,-7.441525233230495e-05,0.0003501181740246145,0.00011104805734138924,-0.0001866887137285461
MLP,600,143,0.37849724,0,1.0,False,0.01581141993601158,0.01321336286136538,0.012377688093132137,0.011960929354341319,0.011780784291055318
MLP,600,143,0.2098938,0,0.0,True,0.0013383922402645041,0.002152757065227778,0.0020373083775449877,0.002059755715480653,0.0015514193349580963
MLP,600,143,0.10511566,0,0.0,True,0.001451649464146512,0.0012690365261682514,0.0010359385172250058,0.0008930842102648707,0.0006400802196649611
MLP,600,143,0.17634533,0,0.0,True,0.0015106959284966188,0.0010166079796659682,-0.0002608401083463682,8.70586193124405e-05,0.00014190152009975436
MLP,600,143,0.29981703,0,0.0,True,0.0024104343304248033,0.0007333047144565457,0.0008073715686268644,0.0005238722711694993,0.00038036718516681737
MLP,600,143,0.61143774,1,1.0,True,0.013008742544646009,0.012724480695413326,0.01256222265724145,0.011989781605398996,0.011607304278731564
MLP,600,143,0.43845332,0,1.0,False,0.012625787875917643,0.011559246496250253,0.01224675038227863,0.010888032140226248,0.0101231815642004
MLP,600,143,0.6523331,1,1.0,True,0.011895417790506043,0.011983535746257117,0.012924351953692282,0.013131861431786379,0.01298173681918198
MLP,600,143,0.8216002,1,1.0,True,0.01567998691421728,0.013601968532203457,0.014106518056570866,0.013487715614496697,0.013607269303859701
MLP,600,143,0.9573357,1,1.0,True,0.010795045297185925,0.01129996980752819,0.010653366655032361,0.009956076901845958,0.010432600605858528
MLP,600,143,0.55787283,1,1.0,True,0.010528555254383275,0.01172665760142568,0.012619919078271853,0.012768712631966373,0.013046454612015665
MLP,600,143,0.76413804,1,1.0,True,0.012973345867310632,0.013210001974763543,0.013940945525111773,0.013296187788736454,0.013205646217714443
MLP,600,143,0.1102942,0,0.0,True,-0.002022276707428291,-0.0005953565486825898,-0.0007157615149920091,-0.00025905586519758914,-0.0002013306365687297
MLP,600,143,0.17636764,0,0.0,True,-0.0024083334867920888,-0.0013686065008041697,-0.0013381603048437803,-0.0004962837008426115,-0.0003387603480108795
MLP,600,143,0.22115783,0,0.0,True,-0.0026505668389462883,-0.0011878596275102934,-0.0008187667019173181,-0.0002619248450474236,-0.00019312893511867275
MLP,600,143,0.22844496,0,0.0,True,0.0013616391171668283,0.0009784804950827702,2.6128033663749178e-05,-0.0006028739657596226,-0.00013352404865135648
MLP,600,143,0.26050422,0,0.0,True,-0.0007910698880829621,-0.001125875685778165,-0.00019594427005285614,-0.0002977627939441597,-0.0009252626732983979
MLP,600,143,0.18984164,0,0.0,True,-0.0024938074472217434,-7.294542585642895e-07,-0.00014566958419381045,0.0003953629151854612,0.0002717488351477471
MLP,600,143,0.19849092,0,0.0,True,0.0007750986933865536,-0.00028851128578784405,-8.063450792524969e-05,0.00037509879788496847,0.0005431493342280436
MLP,600,143,0.78599757,1,1.0,True,0.015180499419976172,0.013770061629281821,0.01350192077861715,0.013582511848035043,0.012462997536242141
MLP,600,143,0.18708044,0,0.0,True,-0.0008602287632267843,-0.0008665098287406854,-0.00018350589093046895,8.318991452981207e-05,-2.2290874865509744e-05
MLP,600,143,0.6405009,1,1.0,True,0.013550923300641804,0.013696252913564803,0.014408028550623416,0.013109273534610008,0.012736298336775255
MLP,600,143,0.41049656,0,0.0,True,-0.0015622945106863893,-0.001045553114287687,-0.0010817095031398602,-0.0012620439200111229,-0.0009029062717042994
MLP,600,143,0.30581093,0,0.0,True,1.9043689290171646e-05,-0.00035425358182706744,-0.0006537213350711897,-0.0008821525548160519,-0.000647926099408416
MLP,600,143,0.7582451,1,1.0,True,0.010043078023171538,0.010764287909400028,0.010381335159138128,0.009746245084615726,0.009841357921618207
MLP,600,143,0.6328168,1,1.0,True,0.012611653424641312,0.012847394599964356,0.013106212586869581,0.012189575854012756,0.012282824657112477
MLP,600,143,0.6781493,1,0.0,False,0.0015136338341680579,0.0009022556390977443,0.0012188777406168712,0.0014476987447698743,0.001606923506420994
MLP,600,143,0.7373641,1,1.0,True,0.012870519189087149,0.012711286626623278,0.012490407502577967,0.011524561719872699,0.012325984373980218
MLP,600,143,0.25449738,0,0.0,True,-0.0012793714232714696,-0.0012363378147347756,-0.0014045741169990498,-0.0005758623268485643,-0.0006877409242599044
MLP,600,143,0.6621122,1,1.0,True,0.009222423088987363,0.012323687278744137,0.012747488373978695,0.011715324406760774,0.011682697763859233
MLP,600,143,0.76800364,1,1.0,True,0.012768516154894565,0.012898589778804984,0.012465339255542024,0.011726174817422875,0.011694708533228461
MLP,600,143,0.5733662,1,1.0,True,0.010118276760092691,0.010354704238642695,0.011500581016114998,0.012298002865233035,0.011152765669122948
MLP,600,143,0.16831052,0,0.0,True,7.556013575952773e-05,0.0008190581803965586,0.0013577195546110056,0.0009138488218192542,0.0007981338698754812
MLP,600,143,0.1320424,0,0.0,True,-0.00010051839649442623,-9.506838687395172e-05,-0.0002679582918306619,-9.248773011305612e-05,-0.00016460298964134714
MLP,600,143,0.49060354,0,1.0,False,0.011631548668787102,0.00949174300147707,0.010577550074409572,0.010499403559020957,0.010558818928019015
MLP,600,143,0.41639856,0,1.0,False,0.009568376972334413,0.011987736909606611,0.012590551865528503,0.010591064652979302,0.01109269175736541
MLP,600,143,0.67031986,1,1.0,True,0.01009383220574675,0.011280603248913616,0.010637239921697735,0.010857698732902215,0.010397541087576442
