TP,FP,TN,FN,precision,recall,F1,AUC_ROC,total_params
7172,2033,5972,823,0.7791417707767433,0.8970606629143102,0.8339534883223307,0.9307847307752855,0
