TP,FP,TN,FN,precision,recall,F1,AUC_ROC,total_params
7432,2201,5795,572,0.7715145852797595,0.9285357321339214,0.8427737143009302,0.9505186985671746,0
