TP,FP,TN,FN,precision,recall,F1,AUC_ROC,total_params
7337,2540,5490,633,0.7428368937936545,0.9205771643663624,0.8222110158075685,0.9410561632897961,0
