TP,FP,TN,FN,precision,recall,F1,AUC_ROC,total_params
7655,2761,5278,306,0.734927035330254,0.9615626177615757,0.8331066005929902,0.9705178930893029,0
