TP,FP,TN,FN,precision,recall,F1,AUC_ROC,total_params
16468,24,19370,2538,0.9985447489691912,0.8664632221403722,0.9278269197767147,0.9518379324546953,445065761
