TP,FP,TN,FN,precision,recall,F1,AUC_ROC,total_params
2814,0,5608,2778,0.9999999999999645,0.5032188841201627,0.6695217701196133,0.9017693945548868,0
