TP,FP,TN,FN,precision,recall,F1,AUC_ROC,total_params
4689,0,7944,3367,0.9999999999999787,0.5820506454816213,0.7358179677839998,0.938610663797526,0
