TP,FP,TN,FN,precision,recall,F1,AUC_ROC,total_params
4328,0,7952,3720,0.9999999999999769,0.5377733598409475,0.6994182287844997,0.9157456621563376,0
