TP,FP,TN,FN,precision,recall,F1,AUC_ROC,total_params
5123,0,7990,2887,0.9999999999999805,0.6395755305867585,0.7801720855383328,0.9589235217555028,0
