TP,FP,TN,FN,precision,recall,F1,AUC_ROC,total_params
4887,0,7853,3260,0.9999999999999796,0.5998527065177293,0.7498849163256806,0.9506828250807371,0
