TP,FP,TN,FN,precision,recall,F1,AUC_ROC,total_params
4481,0,8059,3460,0.9999999999999777,0.5642866137765953,0.721461922349617,0.9298628726978103,0
