TP,FP,TN,FN,precision,recall,F1,AUC_ROC,total_params
5177,0,8012,2811,0.9999999999999807,0.6480971457185698,0.7864793011296318,0.9669611287875398,0
