TP,FP,TN,FN,precision,recall,F1,AUC_ROC,total_params
4945,0,8053,3002,0.9999999999999798,0.6222473889517979,0.7671424138527924,0.9559733020157088,0
