TP,FP,TN,FN,precision,recall,F1,AUC_ROC,total_params
4709,0,7975,3316,0.9999999999999788,0.5867912772585596,0.7395947855666976,0.9427276594497993,0
