TP,FP,TN,FN,precision,recall,F1,AUC_ROC
6372,6428,0,0,0.4978124999999961,0.9999999999999843,0.6647193823883282,0.70366959660556
