TP,FP,TN,FN,precision,recall,F1
6754,24,8103,1119,0.9964591324874447,0.8578686650577816,0.9219848474009525
