TP,FP,TN,FN,precision,recall,F1
6142,89,7936,1833,0.9857165783983151,0.7701567398119026,0.8647050541531911
