TP,FP,TN,FN,precision,recall,F1
6609,40,8004,1347,0.9939840577530307,0.8306938159879231,0.9050325230589126
