TP,FP,TN,FN,precision,recall,F1
7002,20,8006,972,0.9971518086015239,0.8781038374717722,0.9338490263572309
