TP,FP,TN,FN,precision,recall,F1
6533,82,7912,1473,0.9876039304610584,0.8160129902572968,0.893646125386457
