TP,FP,TN,FN,precision,recall,F1
5982,157,7866,1995,0.9744258022479072,0.749905979691604,0.8475488806535842
