TP,FP,TN,FN,precision,recall,F1
3934,175,5432,1659,0.9574105621805559,0.703379224030025,0.810966810917964
