TP,FP,TN,FN,precision,recall,F1
6758,26,7973,1243,0.9961674528301739,0.8446444194475585,0.9141697666057205
