TP,FP,TN,FN,precision,recall,F1
7175,6,7944,875,0.9991644617741122,0.8913043478260759,0.9421574420091091
