TP,FP,TN,FN,precision,recall,F1,AUC_ROC,total_params
2292,0,25640,23268,0.9999999999999564,0.08967136150234707,0.16458423091983662,,
