TP,FP,TN,FN,precision,recall,F1,AUC_ROC,total_params
2297,0,25439,23464,0.9999999999999565,0.08916579325336715,0.1637322688565891,,
