TP,FP,TN,FN,precision,recall,F1,AUC_ROC,total_params
2321,0,25389,23490,0.9999999999999569,0.08992290108868278,0.1650078202607019,,
