TP,FP,TN,FN,precision,recall,F1,AUC_ROC,total_params
2311,0,25682,23207,0.9999999999999567,0.0905635237871303,0.16608573788408312,,
