TP,FP,TN,FN,precision,recall,F1,AUC_ROC,total_params
2274,0,25610,23316,0.999999999999956,0.08886283704572065,0.16322136088078826,,
