TP,FP,TN,FN,precision,recall,F1,AUC_ROC,total_params
1673,0,17934,16233,0.9999999999999402,0.09343236903831066,0.17089739004514823,,
