TP,FP,TN,FN,precision,recall,F1,AUC_ROC,total_params
2324,0,25663,23213,0.9999999999999569,0.09100520812938055,0.16682818274914532,,
