TP,FP,TN,FN,precision,recall,F1,AUC_ROC,total_params
2314,0,25664,23222,0.9999999999999568,0.09061716791979915,0.16617594253413356,,
