TP,FP,TN,FN,precision,recall,F1,AUC_ROC,total_params
2317,0,25692,23191,0.9999999999999568,0.09083424807903367,0.16654088048787616,,
