TP,FP,TN,FN,precision,recall,F1,AUC_ROC,total_params
2301,0,25651,23248,0.9999999999999565,0.09006223335551258,0.16524236982325996,,
