TP,FP,TN,FN,precision,recall,F1,AUC_ROC,total_params
2300,0,25582,23318,0.9999999999999565,0.08978062299945316,0.16476824985951227,,
