TP,FP,TN,FN,precision,recall,F1,AUC_ROC,total_params
1671,0,17859,16310,0.9999999999999402,0.09293142761804075,0.1700590270554744,,
