TP,FP,TN,FN,precision,recall,F1,AUC_ROC,total_params
2288,0,25666,23246,0.9999999999999563,0.08960601550873311,0.16447415712673422,,
