TP,FP,TN,FN,precision,recall,F1,AUC_ROC,total_params
2355,0,25495,23350,0.9999999999999575,0.09161641703948613,0.16785459727614027,,
