TP,FP,TN,FN,precision,recall,F1,AUC_ROC,total_params
2310,0,25719,23171,0.9999999999999567,0.0906557827400805,0.16624086933094775,,
