TP,FP,TN,FN,precision,recall,F1,AUC_ROC,total_params
2320,0,25524,23356,0.9999999999999569,0.09035675338837791,0.16573796255087936,,
