TP,FP,TN,FN,precision,recall,F1,AUC_ROC,total_params
2305,0,25678,23217,0.9999999999999566,0.09031423869602662,0.16566643905477246,,
