TP,FP,TN,FN,precision,recall,F1,AUC_ROC,total_params
2256,0,25756,23188,0.9999999999999557,0.08866530419745289,0.16288808662763593,,
