TP,FP,TN,FN,precision,recall,F1,AUC_ROC,total_params
12689,644,18679,6388,0.9516987924698046,0.6651465115059986,0.7830299289858144,0.8536766284280823,445065761
