TP,FP,TN,FN,precision,recall,F1,AUC_ROC
12635,771,18571,6423,0.942488438012823,0.6629761779829958,0.7784006899465823,0.8584041907066553
