TP,FP,TN,FN,precision,recall,F1,AUC_ROC,total_params
15310,0,19191,3899,0.9999999999999934,0.7970222291634089,0.8870477128044235,0.9470255552937504,445065761
