TP,FP,TN,FN,precision,recall,F1,AUC_ROC,total_params
20664,758,24861,4917,0.964615815516754,0.8077870294359064,0.8792630257147008,,
