TP,FP,TN,FN,precision,recall,F1,AUC_ROC,total_params
22114,1291,24306,3489,0.9448408459730787,0.8637269070030823,0.9024649036392905,,
