TP,FP,TN,FN,precision,recall,F1,AUC_ROC,total_params
6824,82,11506,4628,0.9881262670141763,0.5958784491791774,0.7434361041038369,,
