TP,FP,TN,FN,precision,recall,F1,AUC_ROC,total_params
22839,1546,24109,2706,0.9366003690793483,0.8940692894891333,0.9148407770379464,,
