TP,FP,TN,FN,precision,recall,F1,AUC_ROC,total_params
17162,404,22669,5845,0.9770010247068145,0.7459468857304267,0.8459813175759167,,
