TP,FP,TN,FN,precision,recall,F1,AUC_ROC,total_params
14342,556,18563,4939,0.9626795543025845,0.7438410870805419,0.839228766152286,0.8925381917311449,445065761
