clique size,Moran's I values
210,"[0.37973442232807114, 0.38791607329828554, 0.39697801677793193, 0.4282473934873532, 0.4265130994151555, 0.42589258548166287, 0.3711431754583572, 0.37911530578672964, 0.39656953519736804, 0.44556080216918564, 0.37541445737754825, 0.4223253898483089, 0.3839965410990491, 0.4048748770098373, 0.3966711453562644, 0.36033966899679115, 0.4060118859399722, 0.38647894524418214, 0.4097077794510799, 0.3897608037831688, 0.37039908710429204, 0.3777634224865886, 0.3855003043348415, 0.38430183287137737, 0.4150071922715728, 0.42856468146165533, 0.3752566830362858, 0.41258465708234454, 0.4029840607874487, 0.3915337746741861, 0.33937342520954533, 0.37892278460742507, 0.3601776095805064, 0.4033941433858035, 0.34311233897575183, 0.36071028057931465, 0.43205917264604066, 0.4100452390080368, 0.44519089287703606, 0.3995601617139761, 0.43695046973625296, 0.3655618436166063, 0.4195524201750357, 0.4010326603548509, 0.4014951309739589, 0.31821400785682347, 0.3875039450586067, 0.39436377841308695, 0.41186271015308334, 0.389601510280217, 0.37105813105248525, 0.39763389039471214, 0.3305464945853688, 0.4136694172308321, 0.38931995196838287, 0.3695692038346903, 0.41659713023877953, 0.3671505159829314, 0.3975126142186157, 0.3724231304652849, 0.39191399494915097, 0.43962077351003453, 0.4346472952455388, 0.4158388516132978, 0.3794854494398858, 0.3704014562375319, 0.4644468124543994, 0.4189753114436501, 0.38680681041702186, 0.3673220754496941, 0.40075779333305545, 0.38343770132582916, 0.3661248890299797, 0.369047883578255, 0.39135570440222195, 0.43975133813183004, 0.36587159913625855, 0.36300942560260324, 0.41655221711575496, 0.396861962626633, 0.37345538633072956, 0.37705269896344085, 0.3756431382700784, 0.38054947785485876, 0.37451077199628907, 0.40005471035081686, 0.41631417205529675, 0.3938842787000227, 0.37630848030527675, 0.3434452120789735, 0.36624421394896517, 0.3942698004672627, 0.3482694562044011, 0.3705334012314405, 0.4022466793353199, 0.4008742517477029, 0.3788674743914305, 0.36484470390110646, 0.40132006135061754, 0.39709341440624857]"
207,"[0.3504405344528073, 0.3913695838299611, 0.3640422210933232, 0.3743855366164333, 0.3784810923615849, 0.35344045847889954, 0.3825555210321526, 0.3438400719064264, 0.3701179224173501, 0.376288695461438, 0.3679648480651217, 0.35536177909206196, 0.36555862449565674, 0.35666327857776453, 0.3796440153059469, 0.3660706446664886, 0.35959264230968857, 0.35249053328764923, 0.3328380132803183, 0.35812933131270813, 0.36825804749820756, 0.35998019325693587, 0.3665717431386389, 0.3692456270531431, 0.3854015567473598, 0.3803986343341456, 0.3595319242526896, 0.33353336389006344, 0.3822256249962792, 0.3491774208019411, 0.37257311826394635, 0.3663737383025791, 0.3848587078744684, 0.35587845950776364, 0.37354972232968925, 0.3522760841058675, 0.39269763482228304, 0.3675582909314103, 0.32666088787697267, 0.38892162219413645, 0.33626988450627354, 0.3756978817980574, 0.3234733778934136, 0.40162603181459483, 0.38868970030962796, 0.35301176305058074, 0.35944628800165074, 0.3487576053084128, 0.3753327656430228, 0.3638360084522574, 0.36337680283561535, 0.36162691725273854, 0.33833904261197767, 0.36538385251738986, 0.3592733884484416, 0.3200195832125567, 0.34370885495551573, 0.3340302143492072, 0.3914665709551104, 0.36536961740812246, 0.3529393976644486, 0.35273307731624565, 0.3358737060714261, 0.3526879214874833, 0.380851544038593, 0.36612236047241115, 0.36745781308836417, 0.3703522318543755, 0.40219675107893316, 0.3609729406297739, 0.34943808524852543, 0.4083734252553455, 0.3546278653011054, 0.3882052909794052, 0.3366074638235044, 0.3335775364106951, 0.33326212004231653, 0.33157251227821827, 0.38204479751173404, 0.4294832689838902, 0.350278754426025, 0.3614756182182167, 0.35532758181112917, 0.387229741211768, 0.4062900277428263, 0.3560893278501666, 0.3720909244134048, 0.3934870123129523, 0.36157661557568604, 0.3540606776099155, 0.3176732072838915, 0.34999622697435395, 0.3924833070258002, 0.3538267684500202, 0.39952900875835057, 0.3849674870419624, 0.314889784773799, 0.356742282857825, 0.3817732907852296, 0.32560036855942087]"
205,"[0.33365663950608104, 0.3959182862804649, 0.3391080745857734, 0.3593131263967012, 0.35793962585534517, 0.3466437979700217, 0.34572508130348456, 0.32519247216310015, 0.380972630177337, 0.3555479632030285, 0.354638480974044, 0.3390580937678607, 0.3808733731879936, 0.302393058901619, 0.3523022546511585, 0.36968324930777346, 0.35540990300248715, 0.33788184670263566, 0.3386581633986865, 0.3439215432791082, 0.33508425178176937, 0.3755052722783314, 0.33207081125439436, 0.35428643606493015, 0.3731656440626545, 0.31317473378294736, 0.34789654585898816, 0.39219635231949496, 0.3341582997045223, 0.3528486334313094, 0.36546296928823424, 0.36195941921484565, 0.34626156377690265, 0.336341953718447, 0.34046064478510174, 0.35905929738353126, 0.3537679814336147, 0.3362932579585145, 0.3775764097411431, 0.3488213802221914, 0.3715335192469467, 0.3404756554811836, 0.3574308807387719, 0.3384148131278249, 0.3436414152947704, 0.3418054092397476, 0.3385476918857813, 0.3790278948254706, 0.36606850601629987, 0.34115225235492946, 0.36376218795816717, 0.362001829289365, 0.32216154754788956, 0.32385172943964746, 0.3526889845441592, 0.3413868319924118, 0.3233570921067563, 0.3379870283835372, 0.32767694326164526, 0.3416841597153751, 0.35781699847791676, 0.3724958123953098, 0.42003955685253735, 0.30245577615016445, 0.3533647471289627, 0.37522959404745637, 0.3777812070173656, 0.35895172197624015, 0.3363055671147918, 0.3521672694388386, 0.33457434591885155, 0.36386592169275905, 0.37226196185339305, 0.3333646983986048, 0.33342061161496284, 0.35765078271715983, 0.3213874728018278, 0.3311965656168376, 0.31434565022799144, 0.34997523699941524, 0.32818656830031034, 0.29547252512135247, 0.35256408587827043, 0.37125816628691477, 0.37621958888707185, 0.35613059298328825, 0.3662687297407119, 0.3459115945213381, 0.3724647030440822, 0.3395502202531449, 0.3184520039098213, 0.34677262629229916, 0.3788493455571279, 0.3685485096067872, 0.32620185413314695, 0.3588120760594918, 0.33728240767324175, 0.33034162018972196, 0.3629283515936899, 0.36390898598049165]"
203,"[0.34355151439097736, 0.3286691202375385, 0.3294239179009679, 0.32713469911289034, 0.33578084077887654, 0.33288764221676465, 0.3240186123514275, 0.32508236747151714, 0.3438469898734545, 0.339010160445601, 0.34509690843810037, 0.325956347935567, 0.3496384696186622, 0.3154726804344641, 0.31357772335058165, 0.3342390309222843, 0.317906541928231, 0.3554282984779322, 0.3495954816019302, 0.3484120564495346, 0.3494085197409319, 0.30583012022923045, 0.3640520599759515, 0.3310812192002998, 0.3527822616327563, 0.3221379918814316, 0.29704189732662045, 0.3232828840781485, 0.34470786248573865, 0.328906315289746, 0.3471757187607966, 0.3320564161185438, 0.3166390903137474, 0.33213950155597927, 0.291341073419514, 0.31203442204933796, 0.3341916307900561, 0.3298058944437511, 0.3446808978765008, 0.3364066432815182, 0.32145510458816184, 0.3406559696050462, 0.3272734948937161, 0.3331899932667213, 0.3184143155073242, 0.3195314136200797, 0.35142085747134083, 0.36897454787791983, 0.30091639408522075, 0.33320138507767383, 0.32177959459231986, 0.3420184627839392, 0.3344066511568505, 0.33441809543084094, 0.3444965661437341, 0.3287058830648271, 0.3521555624786175, 0.3552156957150546, 0.33511117375871524, 0.33791934476465846, 0.34066759315537687, 0.33713945189535216, 0.3312851043639872, 0.30730106765310733, 0.33794264618137976, 0.27058117133632326, 0.32832357698315273, 0.3501816670319414, 0.3099447828381151, 0.3121650141067797, 0.31844778174780947, 0.33976634913017945, 0.3358455607950061, 0.37586499976147586, 0.37027402211920374, 0.31875907327596514, 0.3529973076246824, 0.31621182764569905, 0.3562763524288493, 0.3311153848579807, 0.323488448401958, 0.3787825385635372, 0.3453649593229525, 0.3765821688494929, 0.32700451616108195, 0.32706135293175026, 0.32654109240832385, 0.3146947679165345, 0.3417379124164185, 0.3081095620175182, 0.37082131452466655, 0.3231386785918835, 0.29758883502345057, 0.3315295230242311, 0.314553169250887, 0.35996842797725437, 0.37727984587879476, 0.30595875883769486, 0.3296282397406187, 0.33841568453363335]"
201,"[0.3404107664456209, 0.30892178684819555, 0.29595499394424785, 0.318990440397492, 0.34360173321472104, 0.31564014595380635, 0.3374077071664958, 0.3286411413495823, 0.3140401164888755, 0.31862030503287886, 0.3023702164655635, 0.336186512138047, 0.3269173476347702, 0.34026860093982486, 0.3549698303603363, 0.31849450691259623, 0.33342319884034893, 0.28075222394956917, 0.3134529315366086, 0.32214939838170176, 0.29842005418939654, 0.3158960471933045, 0.31181174270799045, 0.303344392778699, 0.3284867050189107, 0.3304192395249712, 0.32476154007746616, 0.34905630221461464, 0.3219836234011298, 0.3443587137189544, 0.28422045694008924, 0.3246169737509879, 0.33352657493123383, 0.3266550276455432, 0.3259477636959945, 0.29704832586069635, 0.2754585795259629, 0.3108129610217361, 0.34392361971487756, 0.2841106041615597, 0.3461328714279987, 0.33921536262838153, 0.330021924620845, 0.3393506613060479, 0.3414019888433963, 0.29905474112881986, 0.30045952136272097, 0.3174638519938934, 0.3183949307206174, 0.32388118258102067, 0.3202624815050877, 0.29761437057573104, 0.33202634130850645, 0.32353954354085035, 0.33785183327021356, 0.29593000718523554, 0.2942133872163561, 0.3209445144906803, 0.32384063381953, 0.2992743131285803, 0.31216785987522133, 0.324731260855637, 0.2833144911530439, 0.3367333939054025, 0.2931651935968531, 0.32566370518557997, 0.3617268883147039, 0.3123502759724101, 0.3252738657580295, 0.30833587168316673, 0.295798585420979, 0.2940976345364241, 0.29563380316795973, 0.31376291449976695, 0.3402680597276072, 0.34554192747862245, 0.33323278072130824, 0.3332233364175101, 0.30526282728907245, 0.3252144250537454, 0.3201175533903098, 0.3337182791139372, 0.32368169804029023, 0.3320949714882539, 0.34320423388262716, 0.3401119792467426, 0.3013738324916704, 0.3150976474958043, 0.33143670746686194, 0.3326096054601961, 0.3159316169767701, 0.31533954835105743, 0.296353071458626, 0.3234352563096065, 0.34245023600060176, 0.29507676043056263, 0.3328337608444448, 0.2906307208340357, 0.3077315067503676, 0.32616189063569684]"
199,"[0.3221653397296351, 0.31555419904919857, 0.3435043527783951, 0.28741006581117723, 0.30550081117128214, 0.3101851113618156, 0.3415273790954845, 0.3211981552411377, 0.30103130509335263, 0.3014139600491923, 0.3175591601474544, 0.277653321686586, 0.2965985839285994, 0.3028017735121961, 0.3284227382631498, 0.2921367840256915, 0.31974187080636524, 0.31893216410820585, 0.2775425807648797, 0.30341826025681434, 0.31882092416985935, 0.29485631161462095, 0.3271230017555178, 0.29700760526025255, 0.32576890409392417, 0.3051530103321823, 0.3551433057365463, 0.3116684044221062, 0.3142455968080998, 0.3096929994239392, 0.3036044603982751, 0.2954505516742246, 0.2982545669256615, 0.3083019205160196, 0.3467171344483124, 0.31677128714663005, 0.3025056694201243, 0.28175309857247044, 0.3151755598726614, 0.3080910701129232, 0.3356951561971022, 0.32900094313654893, 0.31830194705852427, 0.2960417925444653, 0.32316272900266185, 0.3309030980767788, 0.26026371878803045, 0.31855424906549396, 0.30579665212825174, 0.34315289951824, 0.2959061534348791, 0.3213021901252702, 0.2991835424660528, 0.30159642137098025, 0.31602938879396947, 0.31942615630123106, 0.28929360585139824, 0.324954836194829, 0.3137532916233556, 0.28095337111206575, 0.3264698103851398, 0.30491432959324183, 0.33647226982819683, 0.3382766481582872, 0.307264023286343, 0.27553466739235366, 0.2937922069034502, 0.3130735876110635, 0.2868422415470344, 0.298294051901974, 0.29396498646533165, 0.28859066406580114, 0.2935782247029143, 0.3225005139701178, 0.31998184358152765, 0.2838896492451353, 0.27786863402413353, 0.3056066704098569, 0.35707920903179496, 0.30448683121777814, 0.31178832543946394, 0.300466238992812, 0.300758226354733, 0.2716484650807803, 0.3261132767091097, 0.2825499109047319, 0.29055572816633163, 0.289949214393001, 0.32933069219114963, 0.3143545395151983, 0.2915075073322267, 0.30079771895269264, 0.2593887665148519, 0.31205070617041736, 0.3164299913118415, 0.29722537033712615, 0.2807983924303684, 0.288495327598239, 0.31770085106322665, 0.2754752635301944]"
197,"[0.2808457928345055, 0.2934826625049544, 0.2806131498697475, 0.31862790423950266, 0.29911678534841946, 0.2869007750840661, 0.296460427027275, 0.3175391758489264, 0.27976524602990765, 0.3571982467395121, 0.28200501775390757, 0.32135678193222156, 0.2732542101697184, 0.3001766442312599, 0.3097384391541646, 0.2699180794022583, 0.29980110415566763, 0.29880424804003375, 0.3100497701106255, 0.2758390046143073, 0.29979376426822074, 0.3067854428062439, 0.31462216781321695, 0.303938834895565, 0.28821888556091285, 0.27820930466431265, 0.28425531945710636, 0.2849551342378046, 0.3140029846401835, 0.27759769953067415, 0.3024891171540728, 0.3334801708194396, 0.2764942088947229, 0.3060002520770903, 0.30291807488902744, 0.29850211116585196, 0.29230276831845686, 0.3132203206374982, 0.27413732478922564, 0.3244725889499733, 0.2931440696477378, 0.25497441091742057, 0.2827884464334345, 0.3089102533396494, 0.31660937615027773, 0.30632373970423504, 0.3202279303836255, 0.30565179278078247, 0.27898476885400714, 0.29175219889091936, 0.3075138065035382, 0.26947800003858513, 0.2601252015927194, 0.2738063998342618, 0.32409719823643346, 0.2932234247022841, 0.3257847825530071, 0.2869739135435867, 0.29198579947856906, 0.33347831089342983, 0.2639404642166414, 0.2809721074859761, 0.29120764116917397, 0.3093020782155252, 0.29036849227295164, 0.285627197355949, 0.28368164273035773, 0.30958535382407115, 0.33378416165678465, 0.2968776270949512, 0.3017200068044098, 0.2971506438666087, 0.26642134171671517, 0.2963978168449525, 0.25878324922343215, 0.31823388159923355, 0.2950651619940556, 0.26443046357739003, 0.3210770205528832, 0.2976447040102778, 0.2701161402315306, 0.2870797443231211, 0.32421778966070586, 0.31083073851841236, 0.2810810852718548, 0.3220346365040046, 0.2808460753672701, 0.2827199308756801, 0.2856334394862985, 0.3121305194058094, 0.27896624326567393, 0.29161184685683905, 0.2520154463424532, 0.2778870480411638, 0.2845526792068035, 0.31163138238356236, 0.2990512424820222, 0.28576583063598854, 0.3024990639918297, 0.3086381044571306]"
195,"[0.30142770548757697, 0.27705830419463034, 0.3182556941575594, 0.27083063730465085, 0.2867770540366159, 0.3059146055241235, 0.32166550829842094, 0.2821722909846094, 0.2550562860671934, 0.2880384148251173, 0.2705311477976535, 0.29332981836305533, 0.2927176131395888, 0.3173489079689141, 0.2539761576973946, 0.3146101568541193, 0.264635342029054, 0.28520858169328944, 0.29762140351090693, 0.258264784406705, 0.29109303571403444, 0.26194966076544657, 0.2843742406699645, 0.2913151048143476, 0.2959111171605324, 0.2815211597692039, 0.27854005022744516, 0.27867415810748897, 0.26213007990786275, 0.2810152743011556, 0.3201354037628344, 0.2809082256163396, 0.3166774418211609, 0.2523626746256973, 0.26385766609234795, 0.26157583394971934, 0.2576769090006114, 0.28305942164285136, 0.2660543992171848, 0.32706842001491176, 0.2675722911956958, 0.31673941725628607, 0.2808445802951938, 0.2823212817639423, 0.2820772564572769, 0.2602980961838804, 0.26305874010256936, 0.28623420709939684, 0.2818079197487529, 0.2945502786081262, 0.3000230431501151, 0.28335403507004253, 0.31687512711962806, 0.28295044819405496, 0.29127151266739004, 0.2880319185092163, 0.3041393251917506, 0.291467093946042, 0.30833210450697723, 0.26213069038205156, 0.28724075976350805, 0.29467968808306777, 0.280591614757356, 0.28872207513671466, 0.26360520306375324, 0.3024681892106013, 0.30342158111640016, 0.27454114982417005, 0.2724713871887285, 0.28329677525384206, 0.2775859941829709, 0.263078144672965, 0.28726890904724384, 0.2740174007528073, 0.28965746700250206, 0.2814640284945442, 0.28458753764857586, 0.3072088557057299, 0.2706584882751072, 0.30029666195820637, 0.2912809439285824, 0.2760352386497821, 0.332713478226815, 0.2672461652046762, 0.2538319946698365, 0.2759738411280109, 0.28009671354885285, 0.2944038070543833, 0.2957021411430435, 0.28058384715203233, 0.31923241892573656, 0.30669014311892157, 0.26610657282263506, 0.2874562899551138, 0.2838865272462995, 0.27434363006847595, 0.2805051137291017, 0.29360090727283583, 0.28292294300210236, 0.28950285673322435]"
193,"[0.26044878062906734, 0.25841268945305257, 0.25582621947706946, 0.260678044394239, 0.2692239724025184, 0.27748436551574546, 0.26987047155119537, 0.2548232370548527, 0.2886590428156283, 0.2632624995567896, 0.2929309361725551, 0.29641541458479387, 0.2710326176160122, 0.2669804745229765, 0.2967179049311875, 0.279913921040629, 0.2873264315496174, 0.26933529539073897, 0.24435706675937924, 0.27274234676197523, 0.2728556368279303, 0.24930966938954377, 0.26712978140170274, 0.27066396481054594, 0.2864109311375, 0.292831003003733, 0.2918438234799133, 0.27191935491779745, 0.28362003495737004, 0.28859068011857125, 0.2694221142846403, 0.26679980190745034, 0.28095586351994256, 0.2576538380879281, 0.24895768639821123, 0.27661343248177334, 0.26652756747063516, 0.279500057998291, 0.27462151779898847, 0.2778417091411944, 0.31680583060228035, 0.2562097386437817, 0.2617861755175256, 0.2884118422415326, 0.29945552856953594, 0.2812098526091866, 0.2931221090635977, 0.29871681028797004, 0.29548706263131835, 0.2744938711862513, 0.2673386807800077, 0.26945755953382433, 0.2642993145882627, 0.2728739370793823, 0.285036292573981, 0.2688767776372981, 0.2776708598763396, 0.25666677890743855, 0.3121057340176549, 0.24519950586477246, 0.25104132013383984, 0.2527948770191812, 0.2879852880490438, 0.26089199691383075, 0.23819116382778321, 0.27366372289054347, 0.27286983189503, 0.265964956428869, 0.26269604438108773, 0.27973290289722536, 0.29162748242710934, 0.2784977214829845, 0.2622354428508139, 0.25549040440668813, 0.25452764560453284, 0.30224273877663466, 0.2808733832713077, 0.29063307509205827, 0.29156258084997155, 0.26860778789816003, 0.2793471262442184, 0.28214354411583803, 0.2747391129928423, 0.25180718726023094, 0.25830688543874425, 0.25444946802721274, 0.26912097953248226, 0.2711909249666997, 0.28430327422048524, 0.26772252709575745, 0.2789762394085896, 0.250766364069617, 0.25546951847721927, 0.2743977999568386, 0.2947071815053705, 0.2568061433462085, 0.2911564140164317, 0.2532910725328962, 0.27625027637325644, 0.27433377546697896]"
191,"[0.2609821843910835, 0.2801307960532606, 0.23823622592620564, 0.2507435048055232, 0.27678314915771285, 0.2743731982458542, 0.2529218504450528, 0.26160128993921017, 0.24615184918334426, 0.24374730917264506, 0.2443385990304836, 0.25031714445926684, 0.2828067419403169, 0.24909360325093813, 0.2537553964392764, 0.2472650334956622, 0.24348830003081606, 0.24096156834332913, 0.2768171259388303, 0.26193149430240165, 0.24354071817936446, 0.254053675214705, 0.30069842035741956, 0.2576069079715482, 0.25338819639716015, 0.26519456554725335, 0.2312302584661559, 0.24575467225427688, 0.2472189886859358, 0.2579093926755675, 0.24897188559529193, 0.24903416418488125, 0.2808120271896481, 0.27815317035374304, 0.2780069609094236, 0.25022432340409445, 0.2345836743395458, 0.2608653786303436, 0.2740255641039129, 0.2762129573634263, 0.24849009039708952, 0.3039222796578111, 0.26958374619475634, 0.2578925571215663, 0.3068242675941284, 0.2677691169355938, 0.2587060218325246, 0.23570831898797873, 0.27261271541880794, 0.272873825428199, 0.2915877104218526, 0.26694820175347317, 0.2620792357327312, 0.2644904503843016, 0.2796011574865043, 0.3094802755412389, 0.27944174013549317, 0.24561108414549748, 0.24424308396452424, 0.2405828147235226, 0.28893264068910907, 0.24385314079391232, 0.24014416999508068, 0.28757228715660893, 0.27192855905163077, 0.28405711604068945, 0.25154297019908484, 0.25392267887427006, 0.2515859949394041, 0.26747260941966905, 0.25746264047432477, 0.26810142751385346, 0.2696110062691578, 0.28659317002862783, 0.2901335067268063, 0.2820655066159182, 0.2774315889777479, 0.26672397544829574, 0.2634524623882542, 0.26632369537258865, 0.24329457622865613, 0.2394298317195705, 0.2856156542410781, 0.24561572266286927, 0.2619257661849526, 0.24244475782171146, 0.22908423262888186, 0.26149939960922636, 0.2558681497939141, 0.2507778052313359, 0.22465306495248996, 0.2749953373261104, 0.24731500805847037, 0.2619900396264548, 0.2536226100756309, 0.2786828156206162, 0.2517601614104379, 0.26157563789032534, 0.25586886234114814, 0.23183491508469506]"
188,"[0.2541121814485233, 0.24934342631333187, 0.2786233788498489, 0.25099608692352615, 0.21406172537831225, 0.21872184338166187, 0.25962496977984273, 0.2479284438841018, 0.24116004088883278, 0.28105199727285585, 0.2511946346364528, 0.24952717818372255, 0.2599058905171523, 0.2394782109086611, 0.2836647884845306, 0.29164379441647564, 0.2502937792120394, 0.24802678062154768, 0.23602290947143825, 0.25386993480424, 0.24299089168089838, 0.24437913611170653, 0.24141816542151434, 0.2344532308860903, 0.25226902127566964, 0.25123179144420515, 0.27897985461100877, 0.2712722346963848, 0.2652183916089435, 0.2550484683296598, 0.24127516402287427, 0.20815718652558857, 0.2346838942384352, 0.23981016502282912, 0.2546904615771239, 0.2457059413188641, 0.26488066400551336, 0.23088874569557785, 0.22454659300537008, 0.2411484989981052, 0.22448630710039258, 0.2286470715870326, 0.24521835443328868, 0.2746161949208371, 0.2503308757348514, 0.2528978089118453, 0.28582309711324055, 0.279143693352278, 0.25758816466772416, 0.26784847628795094, 0.24808324603590165, 0.2449406560175062, 0.257025106934494, 0.22928005060773818, 0.2121392046024475, 0.2630567885166629, 0.22601742094990426, 0.25186982287605836, 0.25416831906659587, 0.2634607532053676, 0.2356264174145392, 0.2824784473821064, 0.26223580980242817, 0.24598863959653072, 0.23551133503423333, 0.2610709122348632, 0.2502591477517093, 0.24717182080452207, 0.2492843979941988, 0.2453110682927003, 0.2522710113983277, 0.22871553430383815, 0.249503085910984, 0.24931903556400342, 0.247521666894331, 0.22625433445969828, 0.2348339611159147, 0.2331312009264866, 0.22689306629283174, 0.22267632011762056, 0.21936681136304056, 0.27880653247477544, 0.2532701887223877, 0.25005200597540095, 0.23659406452327228, 0.24296292027043528, 0.2668589818418885, 0.23224228927850016, 0.24002870935046935, 0.24071690396087098, 0.21374179563119153, 0.24428826455302916, 0.23507007406682218, 0.2414586478843498, 0.24083022637145513, 0.25687935277993623, 0.24561871507869215, 0.29197422636224846, 0.25994465080000034, 0.23440449051358295]"
186,"[0.24176296100313135, 0.22698613690587874, 0.24452632177034583, 0.24179353712613444, 0.23978584821075175, 0.25409508140144693, 0.2631917568290048, 0.22570539639921647, 0.24178223502715931, 0.21622175881135253, 0.24500077509129115, 0.2533480462374912, 0.24631994058757112, 0.24664467236446827, 0.21833519796009357, 0.24717643731330305, 0.23102687597263774, 0.25617890842538854, 0.20534318534154064, 0.25299728086571466, 0.23740653856378077, 0.2496812088907837, 0.2461776713543876, 0.2480140006969958, 0.2344749598286521, 0.200591870969775, 0.26908314237054987, 0.2338470499492107, 0.2240995377335489, 0.25502871878006866, 0.21437330876029648, 0.2513371476884216, 0.20388585726816805, 0.2290892608305664, 0.21245005326323257, 0.22823386350708805, 0.22086141265053752, 0.25148662135697625, 0.2172050141065422, 0.23405556372326097, 0.2217184216309144, 0.19672159638116388, 0.23970949451880585, 0.2203590770622159, 0.20411274679232239, 0.24774833554155432, 0.24461934351588965, 0.24936330232964188, 0.2112433519074104, 0.21712656295927382, 0.23542414810610426, 0.238402732749183, 0.23839487356209552, 0.2578421601763433, 0.23280382785500336, 0.20883067411641545, 0.2240753040593379, 0.24895722645686025, 0.22093584014989387, 0.23567836982025786, 0.218522177799054, 0.22477089164267802, 0.24269793137090215, 0.22227598305235993, 0.24324050313406037, 0.2573891909630693, 0.2512291729554015, 0.244057892808277, 0.22451870266392843, 0.22976160379664556, 0.22486484290028455, 0.21548530733999008, 0.22134384007282207, 0.25206682393706364, 0.22985160464198007, 0.23672267960604548, 0.2170084680706532, 0.2360167221970457, 0.2472676941511198, 0.21617679207621748, 0.22874230436391477, 0.20817726302536885, 0.19982642123927735, 0.21062337132580763, 0.2475377408040288, 0.24702847923814036, 0.2298179876078291, 0.24218337440432183, 0.21194972319637143, 0.2514043599819276, 0.2290065633640446, 0.22967841124319424, 0.2360307203572101, 0.23977788550327842, 0.22453846150679874, 0.19528250651156367, 0.24456548000072326, 0.2294613320915718, 0.21836522990567406, 0.23369525474367747]"
184,"[0.21192386828237858, 0.23683884540173858, 0.2231373973617744, 0.2300620317937152, 0.21414053206358108, 0.24701047998767386, 0.24136258500592767, 0.20571024722051215, 0.21420497036962968, 0.20305236106550784, 0.2267079037131518, 0.23793336877015, 0.22405252517841123, 0.21117710501038478, 0.20972350437615514, 0.2479135982889136, 0.21563753177755926, 0.2350313323933901, 0.2333266488203849, 0.23651556423211628, 0.2261568534908919, 0.22898423690965214, 0.2180350423081649, 0.22216702929015034, 0.2556346475693663, 0.21680110161583022, 0.2176539236877312, 0.24417106145594802, 0.2303190587950848, 0.23499384642684337, 0.22121311089743334, 0.20601880722115512, 0.20203509411219223, 0.21766645594418138, 0.22441446410808552, 0.22886936545030093, 0.23234731080982166, 0.21387858597476206, 0.22277623605460237, 0.24171927793787076, 0.21081915445926597, 0.21859136141680705, 0.2243957512358087, 0.23837636498249729, 0.2279833853639876, 0.23337070914991706, 0.209532105253273, 0.18697583461541975, 0.2641965759757869, 0.21316426962311197, 0.22914369749757837, 0.20129018164468798, 0.24768412794905542, 0.20652373380654554, 0.21545077564083298, 0.22351053362707263, 0.22267914147975407, 0.23747819604724107, 0.23488251971572574, 0.2311489528538909, 0.22005402047021186, 0.2297157382194994, 0.1966287719670976, 0.24211039395604148, 0.20797742413376893, 0.2306756566003694, 0.2279018044983256, 0.2364765076289882, 0.22026655359408845, 0.2111183676455464, 0.2214070881491754, 0.2218083332674329, 0.24559550069488922, 0.23473363211723267, 0.22817703792120408, 0.21693771084070274, 0.1930403042398156, 0.23327150840967706, 0.20636099077580736, 0.22350742389705167, 0.22037623394497205, 0.22074559712556693, 0.19576563243523817, 0.21595960651574006, 0.19640473769563305, 0.20486750711341759, 0.20785640793884014, 0.20487120008168969, 0.22188907660734136, 0.22309077372094394, 0.21014920278968663, 0.20690535076500494, 0.2085544681732193, 0.2078956786303634, 0.2337644772179147, 0.24701055087167736, 0.21818909872075196, 0.214516678455873, 0.21317816113708746, 0.20603790846611186]"
182,"[0.2133046274777059, 0.20964674914999862, 0.23219518703278988, 0.2000164072124962, 0.22102766723673367, 0.2062775516477843, 0.21867431291330972, 0.23691110153969644, 0.2109302335674151, 0.20654971137541625, 0.19307804759171285, 0.20916425809701655, 0.2173828410390986, 0.24065304458873266, 0.1942867765642654, 0.200918395404534, 0.2012893759230727, 0.21821357591608168, 0.2267376595513004, 0.24548604720805348, 0.23538322466852918, 0.21609245933563126, 0.22219236148438315, 0.1838514001507738, 0.22350552040694988, 0.22636991253543065, 0.21436773423767197, 0.18161511792356652, 0.23684472128142037, 0.214762879412535, 0.1910135034466525, 0.22272465014755963, 0.20002424520439568, 0.2091644076777295, 0.19432817818530893, 0.2191291291391923, 0.2349219593170401, 0.2222879622897783, 0.2244198842741559, 0.20349417503729259, 0.232702897619437, 0.2029264374985996, 0.22790880903472804, 0.24326670959289157, 0.21465020453275832, 0.2400800487944737, 0.20345222979960553, 0.20169814222774232, 0.19840908012109262, 0.21339750699562263, 0.19236026860635785, 0.23417548373918023, 0.19533070367428973, 0.19684966244036767, 0.20869965346646419, 0.22036847871298448, 0.22213366115369676, 0.20724316836757264, 0.20666577136555764, 0.23741026778115235, 0.1968645183630098, 0.23670825152172711, 0.2269398141576733, 0.1917701715657149, 0.20341190653432006, 0.20856122624707277, 0.20623367713508323, 0.22818527672630462, 0.22534053622135936, 0.21556477327903856, 0.18769354259892496, 0.21210508875571057, 0.19350962109828387, 0.23409817928959367, 0.20213603111163161, 0.21621124322525662, 0.23492376594104292, 0.2051261316092523, 0.21069211753032677, 0.21936129696419285, 0.2302841879225767, 0.19716349786658666, 0.2094673724546815, 0.21339180924291157, 0.21835661752673677, 0.22576871044205346, 0.22687178100792849, 0.20053667454053245, 0.21965744363695794, 0.18864698199969224, 0.2239895925583935, 0.20859597192189264, 0.22188217900802598, 0.19392954144565042, 0.22009447314307012, 0.21399618770973314, 0.19484338802779322, 0.20895387481575053, 0.2348510501394167, 0.23736547293087343]"
180,"[0.1855712369442309, 0.2263866272964821, 0.2168317544010844, 0.20038006744171513, 0.2140091570281185, 0.22974156300519943, 0.17383687203986986, 0.2290727241061869, 0.20773223147764106, 0.2325740453953589, 0.19379749245599243, 0.2033827639559975, 0.20730270787206212, 0.22556521356616546, 0.2005240049974545, 0.20760790398447548, 0.19985359812094913, 0.19882346917074645, 0.21533078740846964, 0.21074388975798966, 0.20005185187271973, 0.2147665551852396, 0.2067931014215092, 0.1979205430640669, 0.17872395962363902, 0.19372412239909298, 0.23178989721126048, 0.22387155460127778, 0.21319021677495623, 0.23464183396362626, 0.18000558398535083, 0.19132318486046632, 0.22316416176185846, 0.23316319429034732, 0.1961626824912919, 0.213342543635427, 0.20432007950198403, 0.18124793408249068, 0.2099261936336879, 0.19203185671729395, 0.18342505827429478, 0.1951256117032175, 0.20163718037292455, 0.21296915563190816, 0.21990283424883808, 0.2184257147037264, 0.20556126308239825, 0.2116590171794764, 0.18246372798180205, 0.221835105559815, 0.17306931529551692, 0.21777803435371473, 0.22836383260173815, 0.21843799352307108, 0.196084128315789, 0.18481302896507032, 0.18612898022332228, 0.20567528437762872, 0.22118052957378434, 0.21168315221165154, 0.19438277631766737, 0.22504890151344403, 0.20993787358942545, 0.19800718006492363, 0.2096818323703057, 0.21010052175377295, 0.22448772943241221, 0.194203480560618, 0.21271567900268284, 0.19269991071877413, 0.20284988832222997, 0.21349426082606274, 0.1678327046106984, 0.18096463753040928, 0.21421679013755646, 0.201033497389433, 0.20891862685329585, 0.22506146451313166, 0.1954393901758014, 0.2058279142437325, 0.19653785962846518, 0.19594408224425286, 0.19899683390204684, 0.2158688985153866, 0.19266126387566582, 0.2168638507863945, 0.19312027127525927, 0.21727444496076184, 0.20113519242923023, 0.19205169889487472, 0.22277951174487673, 0.21639947922475594, 0.20473449689288173, 0.20832046728543832, 0.2040082631400274, 0.19712449957995534, 0.21693453348919828, 0.20021973564148945, 0.20861737556746848, 0.2022233872988361]"
178,"[0.1964022910423174, 0.20642790157312488, 0.19153707370538217, 0.23505976714689433, 0.2183804357945821, 0.20381597978742222, 0.19135753819579884, 0.19680471216824044, 0.1864970475164657, 0.1902349169370111, 0.19852602614621043, 0.2130418601598508, 0.19579159621483805, 0.21157649137902618, 0.2041507714858442, 0.1936123089140179, 0.2042609569339621, 0.19360541142628596, 0.2059433398834649, 0.2002046834078309, 0.21527837002266867, 0.18884892569906536, 0.21394725502398576, 0.17751932496403577, 0.23540724607099625, 0.19443825319354213, 0.17119038647840565, 0.19390433461825207, 0.22202853068134457, 0.2109360318647536, 0.18591843946570127, 0.20864981152019668, 0.20964161732763958, 0.21661379268678835, 0.18556919275099945, 0.20531244545722577, 0.19761162711630956, 0.18744786071254976, 0.2084314643695504, 0.20564393732004244, 0.19945002527055886, 0.21962986348187646, 0.20464768378832696, 0.17328454232917329, 0.21677899297739142, 0.18314598596091078, 0.19378032301942624, 0.21337029697822563, 0.2187298052868965, 0.20161541507873365, 0.21024399158095303, 0.1942105208716622, 0.1944499018963263, 0.19764125687210066, 0.18270313060500248, 0.19037871844743406, 0.22222431411948718, 0.215282089727683, 0.1929067314267082, 0.18684898966266722, 0.19592336070587735, 0.2069977982503661, 0.2266570321917387, 0.2066115005704892, 0.19382998184107633, 0.18589931573500432, 0.2106627300906259, 0.1826034405255445, 0.20000879962783283, 0.16655395458500205, 0.17691909223820648, 0.2068207281962405, 0.20209541467768286, 0.18894604293246622, 0.19163327132933092, 0.192453292004052, 0.18292413789880746, 0.2002340009531965, 0.19768159193897966, 0.21505493111257773, 0.22085875544936076, 0.17966580185753123, 0.1992229791316562, 0.2124849134111, 0.23074705587556346, 0.20497390323143508, 0.22238362059733666, 0.19816340371723257, 0.19774506565863856, 0.1959966117143304, 0.1764759025655727, 0.19356805707919642, 0.19918267560504474, 0.18764106113804213, 0.19255426887201485, 0.20359735573720256, 0.1979034009835647, 0.20548156117871028, 0.21163289526088808, 0.19991231965122888]"
176,"[0.1700506472719181, 0.1800579586042107, 0.18818914320874675, 0.18088710136673664, 0.19189251868871127, 0.2026689100626705, 0.19779674519866589, 0.18006700167504186, 0.18282526011035533, 0.18957018970909212, 0.17894317389920986, 0.20444967409803239, 0.1912118263794407, 0.17058037987239838, 0.2016304525784311, 0.17635044612474346, 0.20356249682265137, 0.18018486681029347, 0.18030385305584584, 0.17300417692476155, 0.20757554869000858, 0.1933225815129416, 0.19124497624604334, 0.17447039611332726, 0.19522635485194173, 0.1940325810788233, 0.18274556525121782, 0.2088196260729633, 0.2122133842995776, 0.18322210998072702, 0.1913025327917732, 0.194509258919416, 0.1911562779827405, 0.1857128155793197, 0.18584973524046755, 0.191372148479616, 0.1793386135096501, 0.17460559250350022, 0.1792802844100586, 0.20259292944696078, 0.1896061418337666, 0.19176210025152873, 0.18897498497481932, 0.17617518530347726, 0.19137701619495862, 0.199011011100227, 0.1626205572336135, 0.198007227072457, 0.21122071929480501, 0.2153382009362708, 0.19754061297185926, 0.17742169888153095, 0.186562011233636, 0.19882927175977183, 0.19203645319241944, 0.18137672442414654, 0.20820586018306775, 0.20006618243043373, 0.18561061694463543, 0.18189314332934856, 0.19377880558616822, 0.17908986642391442, 0.1784974608244204, 0.16883833605895276, 0.18368819450681081, 0.20323181446996005, 0.1921588674865826, 0.19059844576122054, 0.18293209665261023, 0.17982743260528847, 0.18425626267365242, 0.18954395606107907, 0.18551233665747874, 0.17523135717241298, 0.19866792651026938, 0.1656261071815312, 0.19294960645620854, 0.19809730260276, 0.18396364249567343, 0.19186570633860445, 0.20952507056299804, 0.19814641159492757, 0.20657604309956315, 0.195465716702248, 0.20076258559548477, 0.18673160383653425, 0.20228266753607863, 0.18036552146593987, 0.18882164779351254, 0.18692734441779102, 0.19905113138785374, 0.18754910342816308, 0.17272313370490502, 0.19125828082553592, 0.18603491588095794, 0.19565007672761048, 0.179945740862402, 0.19063411885935347, 0.17526551545609464, 0.20668542219427855]"
174,"[0.2081927731354956, 0.18888850020866935, 0.18059612700993816, 0.21182787019902866, 0.16808149919952456, 0.19687350887938956, 0.186286054833555, 0.18604138131517706, 0.18296706445712316, 0.1733029623358674, 0.19874842370741716, 0.2002987985477073, 0.20136894406595096, 0.21327883214843532, 0.16225569855422908, 0.17243654105899983, 0.17352434159733998, 0.18600065205952396, 0.1696152501413678, 0.18856732887474215, 0.16638001779311698, 0.1905182547686058, 0.19023134294454264, 0.20552073618529781, 0.20824838793553802, 0.1729842637879106, 0.18211874277816484, 0.18758860152201426, 0.16103689849484026, 0.18759050629719976, 0.17604990698906886, 0.1863588970658651, 0.18064794533509243, 0.16123233469552228, 0.2115762804830695, 0.15624726504949782, 0.2208118851700238, 0.19059476829173583, 0.16129598104365797, 0.19196503183065586, 0.17147954855648068, 0.1792990689343808, 0.16273601951261712, 0.17975057586068535, 0.17596830834948146, 0.18498280279032603, 0.1563102903711432, 0.18723234402440384, 0.19041856256241485, 0.17556331575706247, 0.2093243567232524, 0.16826410212398651, 0.17914035897042413, 0.20776015601989092, 0.19574108585808864, 0.1969720879628547, 0.1964462449965091, 0.17238147749671776, 0.1619221082382222, 0.16366178922543367, 0.1580009209395971, 0.20842334698414008, 0.17284163117448126, 0.17923600481693552, 0.17762150554766012, 0.1851383245530741, 0.18037989363804732, 0.17931240611658958, 0.1910341560903513, 0.17988548914939884, 0.15952089501889408, 0.17702138172248802, 0.18777317794927695, 0.20019303289620713, 0.19345986052164255, 0.17987400459151456, 0.1835054487420067, 0.18555696351486237, 0.17680625348967058, 0.20209042587252252, 0.16841992212988746, 0.1725424002944949, 0.17801131851527896, 0.15896965472963953, 0.18934732570569177, 0.179940658071691, 0.1707347718124964, 0.18358016253665138, 0.17794905006762238, 0.18317324792235237, 0.1908853119778151, 0.19749467375252822, 0.19433735939807056, 0.1825291062187229, 0.17995483120292996, 0.17525414074796855, 0.18174683479996712, 0.18093833196413162, 0.1978165610644625, 0.18811429165735946]"
172,"[0.18135244064838518, 0.18587602518581314, 0.18473425544142563, 0.16986282056071694, 0.17419383474024264, 0.163347393076567, 0.1929741865624433, 0.18835877716783384, 0.17061547801209864, 0.16026767431031297, 0.19417954657036646, 0.1928412376665796, 0.16446794198810988, 0.18970444151246366, 0.16133251450798522, 0.1810795535843217, 0.1884760382014123, 0.16933630535728045, 0.1938841716034295, 0.17811583557549443, 0.17213878361055532, 0.17121581826350163, 0.1848829667863535, 0.16467918033232784, 0.16465540534563997, 0.19060292234692158, 0.17721838565588097, 0.18491358177113357, 0.17857455473837885, 0.1604219525871213, 0.1676427362207806, 0.1871453498770898, 0.17297693131524272, 0.16605806801489786, 0.16979790761479663, 0.1806152448962564, 0.18787157528850146, 0.16409883729352015, 0.19189860752220886, 0.16741613122975887, 0.16219683929758144, 0.18643712553900113, 0.16671528545265496, 0.1891782831527294, 0.17826111679588796, 0.16869358344522808, 0.16913638940188944, 0.1807613767455951, 0.17222364053645206, 0.16963462737202017, 0.1921127109870296, 0.15941727895805444, 0.18313586311919441, 0.16613880003883844, 0.1875148211666402, 0.17513462763438015, 0.1766615036055705, 0.17987112622093626, 0.17373631455359892, 0.18285075822373184, 0.18820072008260552, 0.19205869470254017, 0.17576058154821925, 0.2004087165532642, 0.17533973908122613, 0.17248797494979964, 0.20829683275240726, 0.17044931539011893, 0.17673961320036752, 0.16979402682015182, 0.18685822561137272, 0.1913122531438775, 0.14695740149135242, 0.15840303475892037, 0.18278701528706875, 0.1668569743044639, 0.18744117678774314, 0.1833434867898817, 0.16430931269017937, 0.1622308901702705, 0.18171583137403596, 0.18873824409681952, 0.1816392642881545, 0.17489862498632594, 0.16914932644286435, 0.1760160608214005, 0.16679920036794285, 0.16855959918271812, 0.18411058193154695, 0.2165940913703523, 0.17856453318172047, 0.17185019839624807, 0.16550561708235037, 0.18182958909541785, 0.15749418602310328, 0.17538730176183934, 0.17203902602991525, 0.14711466723557692, 0.1594784142720012, 0.16596587354496262]"
169,"[0.17433764277607147, 0.1676022486209918, 0.16110505429237124, 0.17620486986078993, 0.17773336466809614, 0.16840972361930925, 0.15705895511979032, 0.1533689824866245, 0.16641370387683496, 0.21722010954866708, 0.16362073725382353, 0.1880357475860057, 0.1560280951797874, 0.17103413081439597, 0.17285959139517348, 0.17424910025916232, 0.14852995448590736, 0.17614398743204426, 0.15637572726541513, 0.1543050756393788, 0.1415350958361416, 0.15136751030699505, 0.16261453604271298, 0.1674369190558276, 0.16156222240349866, 0.1640913293448406, 0.16195168649052097, 0.16407667637025639, 0.1626520964475594, 0.176101868516845, 0.1460498121902053, 0.18372440654606625, 0.15888146159872457, 0.14795007497883908, 0.17222838055047657, 0.17291068562994108, 0.17116514823089793, 0.17451984378788085, 0.13949341357429518, 0.14343813383213855, 0.18644327944458125, 0.15567020071951673, 0.16976955184142664, 0.16984587899835757, 0.15542797620717902, 0.17487855009638895, 0.17158051814407216, 0.17277572389878154, 0.17494865924615377, 0.16488837425022834, 0.1644052609383673, 0.15695407670408243, 0.1637506451604002, 0.15325365951024475, 0.16152585477383197, 0.16430104008904373, 0.13055781110926717, 0.16584516396017657, 0.1672023845558306, 0.16035562236623474, 0.1621316635726366, 0.17645254352647163, 0.1405317500092482, 0.16048861654661772, 0.15237303709248398, 0.14909861847864875, 0.16244302692308826, 0.1606852588101861, 0.16962808673952495, 0.1715726386488543, 0.17688255092347246, 0.1687993442396061, 0.15992237097036321, 0.1826129508586114, 0.16597288935755575, 0.16595056877904432, 0.17158399786672587, 0.16875423265935685, 0.16390826472232523, 0.17420246008483214, 0.16458064762539032, 0.18063806852095413, 0.1651012708922464, 0.16327016356789628, 0.17545500131368172, 0.14182084428681668, 0.14926851252159623, 0.15787864601057774, 0.1532077364742411, 0.17399993238378392, 0.1407636805855124, 0.16368702693531242, 0.18774878023570066, 0.16937219911790102, 0.16369129714478192, 0.15497448191128543, 0.17856720842364704, 0.16456978714721526, 0.19418254143900218, 0.16176046909762867]"
167,"[0.16703089327556242, 0.17618613906296787, 0.16028600386758926, 0.1600654488741545, 0.1621333200935563, 0.15879712628907036, 0.16267331009941507, 0.14761631596831004, 0.1389504555462786, 0.14991598871843376, 0.14812081942730382, 0.14037338638144295, 0.14725181665270212, 0.16202128103409758, 0.15500834679788003, 0.14595192765986084, 0.15422272525796926, 0.16258231205382465, 0.15254772553509582, 0.16320656335086633, 0.18301990508326116, 0.18427349230257584, 0.13628151944899644, 0.14569603680372675, 0.14335781940940168, 0.13517279006794516, 0.1480450321062714, 0.17117145680711549, 0.14860285065842652, 0.14435436438634955, 0.17440712760104513, 0.16406932601945942, 0.1500812970829388, 0.1420416681444539, 0.15008406424687587, 0.16837761264690987, 0.14800703239720536, 0.15900087805891844, 0.16039597524569255, 0.1688559496518231, 0.15259002877442776, 0.15466153840158947, 0.15821679801407115, 0.15030074399168564, 0.14680800327594493, 0.16824389034527595, 0.1480124959406102, 0.154696960494834, 0.15384165933393923, 0.14817768481763233, 0.13787610851244464, 0.16232727034653235, 0.14096000888715804, 0.16164273134376628, 0.17781114378674837, 0.17228674827787363, 0.1582578593292748, 0.14185404223561704, 0.13996209163732734, 0.14694255768347544, 0.15469221467263644, 0.14968857006298114, 0.18033542626049348, 0.1640529294007147, 0.14529811900218614, 0.1632272158415224, 0.1499795173396707, 0.15179122494068, 0.1472720987862811, 0.1429830862612725, 0.15435358352969344, 0.15540649098866288, 0.1576461656304256, 0.16931391998802184, 0.13868307849258943, 0.15526861205110548, 0.15530936019633287, 0.1482948817031787, 0.18015851743402758, 0.15092342501403358, 0.15317555490189133, 0.17557342925321104, 0.1679187783580979, 0.14925504610092324, 0.17095440544092905, 0.14625050144624793, 0.1543137601684146, 0.15266135887287952, 0.14671279180633934, 0.14138877428714805, 0.15190821863642742, 0.14692359896998244, 0.16724267660296246, 0.15171136019960677, 0.16847702680165777, 0.13529418941844615, 0.14681435684615934, 0.15259823977136924, 0.1507949677772293, 0.16262429963938302]"
165,"[0.14632463913508817, 0.15196004584244893, 0.14409735500088366, 0.14733798491014563, 0.14858811519537965, 0.15119820322303074, 0.15804417202505577, 0.13795382380634366, 0.15527284790624474, 0.14534837195118036, 0.14138567613195716, 0.14252484807936655, 0.1626513038000796, 0.13821024765738166, 0.1697082267923597, 0.1462555594156766, 0.14480461920270665, 0.1438307628329605, 0.16202659416465526, 0.15368807737320975, 0.14842922913850237, 0.1382819451920378, 0.14187701306816763, 0.1616506203931343, 0.1470917861339896, 0.15436038112995634, 0.15562859973847745, 0.13984246297501088, 0.14431255333538023, 0.14560562550965517, 0.14081166819669147, 0.15235005446793462, 0.15175161040352086, 0.15760203476533144, 0.16291599462822118, 0.16795851236408194, 0.13734816740649639, 0.14387433839647498, 0.15144104662209962, 0.16651438528128198, 0.15451891390029604, 0.17605821205875397, 0.1603569095291058, 0.16534971873588555, 0.15826409864764981, 0.16730434103022654, 0.1512077822343774, 0.14690746422211018, 0.14527772917246679, 0.14449206147050517, 0.1544353543400721, 0.14378504815672696, 0.1515138104922009, 0.17026229387583205, 0.16337824467360798, 0.16706314092014615, 0.1449856352912007, 0.15435723991559516, 0.1468650645596673, 0.14652850449004998, 0.1436152312818692, 0.15882405359389457, 0.13861620403472316, 0.1266330693940498, 0.1598894040265426, 0.1668365667149958, 0.16242772409555983, 0.13782466924243772, 0.1488132258535123, 0.13499944064178504, 0.1552660832687028, 0.15109653201842296, 0.15757396159908865, 0.15059820986986586, 0.14596926714657343, 0.14114861631046552, 0.1793855160828662, 0.14530371606061046, 0.13553214940686134, 0.15341134849296248, 0.15397797425942206, 0.14089382194553754, 0.15954950189529804, 0.13702018347497621, 0.1371486193805469, 0.14361203678301918, 0.16136202769592348, 0.14732699700639187, 0.14312088596740058, 0.14462865554771887, 0.14976162558713568, 0.13032933952669828, 0.13791113569077285, 0.159585006667469, 0.153800598798114, 0.14926972511326664, 0.15257115797337323, 0.1446361471194784, 0.1435075377729158, 0.16079232411785732]"
163,"[0.14668931534479082, 0.15214137738537584, 0.14783533575897642, 0.15762468817384465, 0.1585337031354892, 0.13270042278412592, 0.1511550155500572, 0.1479067955883975, 0.15301092892653823, 0.1393696829008454, 0.13365696435155533, 0.15379587808875544, 0.17101308130897883, 0.1528537774868256, 0.14092343524893475, 0.15314453700722286, 0.13539022463376532, 0.1275133519577298, 0.16308295618955818, 0.15422224439254556, 0.13088248511255163, 0.13553518309655307, 0.1324623979297537, 0.1509634032006004, 0.15611450304598992, 0.1413988078265939, 0.1373694616423883, 0.14031936779237977, 0.12863273802406117, 0.13587505855277776, 0.1336571747627024, 0.14031650604180215, 0.12597522336474948, 0.13686075214552443, 0.13815863445420126, 0.1396772597593669, 0.1490670633206247, 0.12310349995910498, 0.141090995993314, 0.1223340769042562, 0.1600713450879479, 0.1362174784925231, 0.12985891524926405, 0.1418435853475793, 0.12275310083615427, 0.15952072095514094, 0.155742866806223, 0.13279883038592946, 0.1362688721588484, 0.14705622066797347, 0.13381222081503513, 0.13815104170312725, 0.12815522919518466, 0.14239690194396262, 0.13878279228484974, 0.1380234478704534, 0.16809503109798143, 0.15344715019041277, 0.12758606815630769, 0.15097820074879054, 0.13991169525750843, 0.13867186612353766, 0.15301442247859642, 0.13599093556413944, 0.1633442846097016, 0.15042393850609218, 0.1588396626017198, 0.14158479249042594, 0.1611100879775502, 0.14188211173961773, 0.1519504156033916, 0.14623786116577317, 0.1495305471138569, 0.14568404205685198, 0.138657353081756, 0.12139472300259768, 0.14016430317453346, 0.12944645052345288, 0.14486901275404632, 0.14533108313145188, 0.14361115172312414, 0.14625039031790282, 0.15970681334850761, 0.15156130057624678, 0.14599545783729026, 0.13981012250513822, 0.1359887128844035, 0.15087068689039684, 0.1439138607484847, 0.1315524018096194, 0.13239477124890917, 0.15000420659237662, 0.13816627539768378, 0.1308289830411226, 0.14661392807365164, 0.14588481814968085, 0.14912018852650094, 0.14681083847039714, 0.1559010055062339, 0.15567963449441716]"
161,"[0.11428172218225317, 0.15114782389339104, 0.13891064546862908, 0.1538276279392597, 0.15382472902425676, 0.14374348255522637, 0.13155765878328368, 0.13762323271252935, 0.1424834768088471, 0.141277481443076, 0.1392229955464, 0.11996611598467842, 0.12389228936214962, 0.15241901771193325, 0.14006546338666462, 0.12083445027315554, 0.13615072966109007, 0.11888281965919807, 0.14153191739600468, 0.13425945861584887, 0.1431602966377099, 0.13568095822795842, 0.13919582114828918, 0.1345952217898391, 0.12726189367597132, 0.14279492510375294, 0.11873763357103295, 0.14185796459386446, 0.16672605962842565, 0.12828176628380156, 0.13528936448164955, 0.13481229305739076, 0.15302274009472017, 0.13786968128077845, 0.13810903376964875, 0.13317230775928918, 0.15077500929343224, 0.16341538419540527, 0.13946829488703474, 0.1422302882139545, 0.12144157876846617, 0.13131348345271218, 0.13954063429027366, 0.16123184337221194, 0.13291952489614503, 0.1212969955805593, 0.12327016525372525, 0.13943910700837703, 0.13654752740800508, 0.14410915713484437, 0.14605789127222854, 0.1274821487089524, 0.1490269575493744, 0.14483573780669437, 0.13844625139856792, 0.1394851342627374, 0.14399199749109343, 0.11811383144137398, 0.15109164768349423, 0.15499285461777737, 0.1602700123815586, 0.14647121266561153, 0.1409048710085261, 0.13740493065374096, 0.15373525890995046, 0.12656935356822016, 0.14080698150754684, 0.13327424130053955, 0.1434691993147236, 0.12368922603940681, 0.12765984487397167, 0.12736827458827094, 0.13617028523456315, 0.14102516821506222, 0.1238821656269459, 0.14020140830511132, 0.15032804618053305, 0.11929817794023133, 0.13965921804535197, 0.13980917115050384, 0.1434642469129665, 0.14388396991475036, 0.12864366767708565, 0.14129621560746353, 0.13796930088369944, 0.12362537417308773, 0.12986959845824295, 0.15335553696814, 0.14435442258223702, 0.14388697885175752, 0.1380740793406651, 0.14147307587141872, 0.15967613257087976, 0.1469374151048902, 0.13469147045871507, 0.13080141223302713, 0.13641313237830896, 0.15456050886024178, 0.13311465684168322, 0.1498256366040194]"
159,"[0.14912430270136012, 0.14383362683421144, 0.13227065061354065, 0.13185212138967903, 0.13942849280067182, 0.1268818393573117, 0.14092847264092778, 0.14168611858094693, 0.12057985957845224, 0.12367179773496781, 0.1279066621293784, 0.11175580745496573, 0.130715142540744, 0.12908793865875579, 0.13361907694452246, 0.1260159520568349, 0.14277567149697673, 0.14006695234134708, 0.1412347794883502, 0.11924044822059215, 0.14125424749645374, 0.12224093488058188, 0.15200927156480498, 0.13902867350910852, 0.124132579326309, 0.1270868249605989, 0.12174028076538874, 0.1293766096034965, 0.12481855282888052, 0.1289665100586883, 0.14546865348682775, 0.14294742194050786, 0.12170415569826007, 0.12142485984178476, 0.14290293787716546, 0.11503882637672089, 0.13218217753137507, 0.12191368807945138, 0.11795503490736028, 0.13234219558833335, 0.1400894033995809, 0.14755804914626544, 0.1346307892799035, 0.11365429199969414, 0.13884476906688287, 0.1349439051539398, 0.13462825486073407, 0.13395774536153343, 0.11925927343983991, 0.13352372027433315, 0.1366914976821409, 0.14415897140725983, 0.12567316226759656, 0.14222205013239034, 0.14820269352627816, 0.14457651434578117, 0.13713351512385938, 0.13966052016860067, 0.1408384150967325, 0.1367290891286523, 0.1159103039542129, 0.11904082316686285, 0.12759589551598063, 0.12150202942278047, 0.11916327874404387, 0.11792304557282275, 0.1389663537373204, 0.13477448051189167, 0.12896148721792922, 0.1368297501582066, 0.15113994469180456, 0.12442879473564973, 0.1558009453620482, 0.13484086284044383, 0.14650850533058837, 0.13715306303135935, 0.13294531665051706, 0.1450109278506419, 0.12389095520988493, 0.14385337527857892, 0.140090608266862, 0.1448746218589996, 0.12464192668626616, 0.12557263737359242, 0.1336884945468117, 0.1472453546211854, 0.12303270547654913, 0.126458967979049, 0.14983738211639797, 0.13366840350434078, 0.14292167771932737, 0.12880775649903722, 0.12589860289166102, 0.14910106639924783, 0.14336248140380897, 0.15406345555230797, 0.14853157821268848, 0.15125643722414647, 0.13468448242635842, 0.12911391497494668]"
157,"[0.11751537188908416, 0.1368509212730318, 0.1387496908902365, 0.1498026630811648, 0.10716896341620367, 0.11401143743839581, 0.1150535375151264, 0.1281990229639946, 0.13601799180820437, 0.12320481258570072, 0.1323901140570506, 0.1351195740476336, 0.12264582390106703, 0.13610291094754895, 0.13146580989882586, 0.12515946526734623, 0.12303794229247868, 0.12901378316007503, 0.11438206712799646, 0.14540397210633924, 0.14102225608753857, 0.12440038014645576, 0.13014102105361922, 0.1431089159775909, 0.12685603776900478, 0.1239746340379466, 0.13344079664408526, 0.11746482427882243, 0.1253229591739116, 0.166073742123624, 0.13033353964743208, 0.12105981487743352, 0.11902166935560393, 0.10475571955356315, 0.11094163986542023, 0.13161464082734636, 0.12280953005612318, 0.14289337112725672, 0.12278671766684235, 0.1452696387998024, 0.13162088186298943, 0.13834324063558684, 0.13482088280671148, 0.12067325237668133, 0.11998834381661776, 0.11695828655311433, 0.13325808814235365, 0.10685602747597295, 0.1354213399357059, 0.11593087158491742, 0.12963464670665925, 0.1206285662133615, 0.12526831881197428, 0.11830405094009029, 0.13032853944651354, 0.1243380202232971, 0.1387021300364604, 0.12197550746488574, 0.12465577723878357, 0.1258217635287147, 0.1382070496819284, 0.13497298132931065, 0.1531031457530134, 0.14042643185300355, 0.13020440125448762, 0.1310097542880726, 0.13532650688622566, 0.12427881728562776, 0.11126058944694052, 0.12404399757433338, 0.1403462275625379, 0.1253920814526563, 0.11725175359739992, 0.11692495442328793, 0.13326969737391442, 0.11440328614920338, 0.12919943340031032, 0.14319192800255123, 0.13236999632510885, 0.14522439625468778, 0.11952715715892022, 0.12489392385351689, 0.1187771864080783, 0.14503988613104085, 0.13445897022450617, 0.13650166547642456, 0.13465873266734507, 0.12988316275746806, 0.12397553519327813, 0.1250737030712893, 0.13603512090490416, 0.12891156093177303, 0.14254624663211718, 0.13046189661486274, 0.12138049217087325, 0.13391401451702958, 0.12182201445199309, 0.11365459772807576, 0.11138887847059777, 0.12386892735605487]"
155,"[0.11032194161979234, 0.12284776672388428, 0.11372751855248199, 0.11293901781058577, 0.12557680102824484, 0.13702491725001503, 0.11792294807370184, 0.11475150168099821, 0.11605989121551114, 0.11544174927833395, 0.12092738465691914, 0.1072807983936487, 0.1293647668541515, 0.10919109784977593, 0.130807832203995, 0.12773336103164726, 0.12439611127599125, 0.11288337502001326, 0.11237767242277158, 0.11694208237638541, 0.11293783147862502, 0.1163132940882065, 0.1090321887967542, 0.12224131347456922, 0.11792565384302758, 0.13495838044939365, 0.1282711791009009, 0.11518997229201089, 0.12906069352161814, 0.11654768956504374, 0.11482969527005818, 0.1200498198822449, 0.11710249970601265, 0.1263598894541812, 0.11471220325152695, 0.12591822724222915, 0.11900005314491137, 0.11524214367253381, 0.10745157085367947, 0.1178695958678161, 0.13785499875607912, 0.13097234726530682, 0.13302049580386682, 0.13140191486348737, 0.1264934624897222, 0.12908338110657658, 0.11794337632781704, 0.12100068284091324, 0.1285252356367232, 0.11683807336564726, 0.11147288618918985, 0.12220092541279846, 0.11829541049517538, 0.10990846993064898, 0.12779121701857907, 0.11518454279763272, 0.11595370109655917, 0.11696245871842838, 0.11279102755770216, 0.10080215513949059, 0.12740273177438272, 0.11421923273382403, 0.12165461472989973, 0.12630348665655816, 0.13219081395449936, 0.11130491949305969, 0.11289444102529757, 0.10857515342225521, 0.12223358663231526, 0.12397020423725823, 0.13056032847710597, 0.10696142710249479, 0.11876165276078486, 0.12440409394364556, 0.1283922313136327, 0.11723102769409828, 0.11682356242302712, 0.12170012183724353, 0.12296450350961759, 0.13422856077578454, 0.12120256409590072, 0.13382137165194735, 0.11409265116102937, 0.1345524018394498, 0.12063830516085072, 0.12048132262902252, 0.11415150698633277, 0.11927254989108116, 0.10997661608408767, 0.10201086592793347, 0.11713006337093727, 0.12854564075738054, 0.12759736239013675, 0.11383479655190396, 0.12472539925650646, 0.12651191186209154, 0.11962188060667622, 0.1275347602490501, 0.11084268398031842, 0.1202873252715883]"
153,"[0.12357726576899919, 0.11040892232159961, 0.11474842510303047, 0.12100418034820126, 0.11564779242452164, 0.12265365015107899, 0.11064300370739119, 0.12986641431027288, 0.10546156199089478, 0.11164722660079854, 0.12204259545252706, 0.10855388607436428, 0.117044305652667, 0.10913721754016899, 0.12466746690213572, 0.11549250649375425, 0.1281315096503231, 0.11899332647315153, 0.11106815493344584, 0.1279435216337236, 0.1145963335889145, 0.11314603023333837, 0.13009315633910476, 0.12711498094610507, 0.12212230521001753, 0.1381042649865671, 0.11023799079828246, 0.1096601744756602, 0.10945395023138044, 0.12805682375006797, 0.12775068632422293, 0.12724049416604774, 0.09315884015641696, 0.12071286973936506, 0.12798889223215582, 0.13033950949819553, 0.10364459323854587, 0.12378956301848411, 0.12391381535020712, 0.1295008076159129, 0.12623048308062035, 0.11887619244080971, 0.11709576873068452, 0.10810828295152605, 0.12066532247240296, 0.10817853655176622, 0.11172335573826882, 0.11413548539375253, 0.10950833596676834, 0.12742057864739845, 0.09102951255542045, 0.12408710675330116, 0.10585116297138572, 0.10894771048671222, 0.12876419448342, 0.11504605070793301, 0.12115075365783826, 0.10539310101517838, 0.1192182622742231, 0.104266139252775, 0.097911334686756, 0.11429714094180939, 0.10860267701064531, 0.11120241534735975, 0.11877591099150006, 0.13042912069003507, 0.1180427249205737, 0.1042313422456686, 0.12156499201113077, 0.1152396822577901, 0.10544631159458182, 0.11251957199022347, 0.1192286875421603, 0.12349105476400993, 0.11717503438016519, 0.13235908159320037, 0.10752789600300812, 0.11629968546940843, 0.11035089811071655, 0.1346169006284451, 0.10726981458551317, 0.11512335250514143, 0.1292369598663191, 0.1246037366992889, 0.11713239151081507, 0.12110410103239541, 0.11265298470123192, 0.1188265812957198, 0.1055135858180673, 0.11944506132401787, 0.11873266373509071, 0.12383710506698167, 0.10941614382402272, 0.12312041548764424, 0.12804435825588206, 0.1132408384957511, 0.10352055027798292, 0.11097533338170922, 0.12026799986068931, 0.10938056511360311]"
150,"[0.11501511757571864, 0.11156081903074241, 0.09148072056085495, 0.12088150512178879, 0.10119268837186862, 0.1163781419851452, 0.11260028765639478, 0.10674772790720033, 0.10757173817928829, 0.12634411223494163, 0.12809431800029955, 0.114845612659512, 0.0997279986370559, 0.09929246881628251, 0.11118053985125703, 0.11769897432827293, 0.11016162418982328, 0.09755560725221582, 0.10678568909008823, 0.1229307637087038, 0.10916355061419228, 0.1072154045627967, 0.11277480383846544, 0.1242680140019393, 0.12054347236997959, 0.09920851543638519, 0.1017912773959332, 0.09622544497875762, 0.12086467782949047, 0.1050432444626869, 0.118718694119106, 0.11014530798037968, 0.11364845761218377, 0.10649090472248476, 0.11405925714284762, 0.10614300247089857, 0.12532045624114999, 0.11383496242567763, 0.11843683494284023, 0.09408039588901734, 0.09595707415588202, 0.1209113288086327, 0.10755406283550643, 0.11494142983389342, 0.11089259554643413, 0.1279863206420037, 0.10334519737688873, 0.11040203600753841, 0.10335112364785139, 0.10863518019245881, 0.11375406983010489, 0.11665894111283714, 0.10096787487080955, 0.11472142870912547, 0.10639810898541335, 0.11137696033291127, 0.0977412988991025, 0.1165195974418557, 0.10517394438922817, 0.11542192171481269, 0.1086278407879701, 0.10400357897369839, 0.11737683589765047, 0.11913015626024734, 0.10420816671148213, 0.09969310114256485, 0.11060844352033572, 0.11339070867343867, 0.10380449731554749, 0.11129050267733877, 0.10223842410107178, 0.10437245979456115, 0.10446863077738357, 0.09254040019737336, 0.10413095368739042, 0.10584559754336792, 0.10578142035428033, 0.11203795016252967, 0.11141956424881055, 0.10321138070902022, 0.1044893608805838, 0.10491401918981394, 0.10904318299348265, 0.11431958011507887, 0.10934140048866184, 0.1156351860069145, 0.120865794611784, 0.11777843075056658, 0.10387242091298259, 0.10813681471046595, 0.11259753060049497, 0.12611874462499378, 0.09821653195778791, 0.11552083210222697, 0.10211803331060908, 0.11582973132978244, 0.1008488821984781, 0.10643026315212048, 0.10723258923153811, 0.10525365333572108]"
148,"[0.10521727883842937, 0.12164794928986129, 0.08493766101573758, 0.09791032187008422, 0.10508826496215899, 0.12578004492546446, 0.09969442018368985, 0.08972260681906469, 0.11167483023058525, 0.0937314289922607, 0.1152334384579932, 0.09847504206424744, 0.08350729209046145, 0.09842885720122724, 0.08309935239540976, 0.10506013376677266, 0.09695222950093396, 0.09619144853228513, 0.10353819791811288, 0.09148937001689691, 0.1002817986947954, 0.11593648719814144, 0.11152257431053966, 0.09782636015231275, 0.10203200929297233, 0.10897664275674737, 0.09554793881431617, 0.0904506248470508, 0.09365597231443565, 0.10351112592839608, 0.10594852502165923, 0.11609518607962575, 0.1068250291073029, 0.10551077728068316, 0.10428014537649986, 0.08550367107044571, 0.09018339351701465, 0.09617475279320775, 0.11039195532047869, 0.1000011991772774, 0.11828384892485969, 0.10059340410261584, 0.1071144329409645, 0.08684882274735836, 0.10075248501393562, 0.12253244292763174, 0.08754548102131528, 0.10040305413990475, 0.09234489586936225, 0.09326574332841873, 0.11068269698625893, 0.0954988198008294, 0.08908486703811458, 0.1016470837472748, 0.10780844888626408, 0.08724377948775269, 0.09904816915159821, 0.11122287669982135, 0.09984567805977834, 0.11449825082649415, 0.10634289935669307, 0.10070702614441554, 0.10778232529893396, 0.09800682270101663, 0.11203982214223734, 0.1091997893706912, 0.09843565978813769, 0.1005528073881249, 0.09293092901401567, 0.09471509936647834, 0.10251675274635166, 0.10033432790707311, 0.10643835686025854, 0.09899829601181734, 0.10793680329335167, 0.10241208034967082, 0.08516047501766409, 0.10598150191427494, 0.10442169642371164, 0.09205081448539934, 0.10955005071016784, 0.11534507785312224, 0.11921811382208444, 0.1148034060295501, 0.10568476340098472, 0.10272666608559726, 0.08411166387478211, 0.09326590572072944, 0.09062944600953363, 0.11749243344914613, 0.09407370027933441, 0.10215759722533233, 0.08898731394763644, 0.08754413264151162, 0.09410113509082545, 0.10736665697576041, 0.0860453586951414, 0.10125076298023698, 0.09950306416866013, 0.11009135357354435]"
146,"[0.10283925291829221, 0.10569814233666512, 0.10702688094152935, 0.10111586626936334, 0.08724458429943979, 0.10786550430000194, 0.10864086838981073, 0.10512927490111164, 0.11129325345018552, 0.10401074255412596, 0.11380399925112492, 0.10182925566863882, 0.10826401596499913, 0.092429401783082, 0.10674100102604452, 0.10604818910016044, 0.10820373511435197, 0.09164413287010101, 0.09608316377024563, 0.09790795189532653, 0.10392756159300921, 0.10053364850079613, 0.09555739395803478, 0.09886417099941573, 0.09900544772015903, 0.09423860952429373, 0.09808495073435622, 0.11629751136185001, 0.08276846501245735, 0.09981394036293795, 0.09352270690657347, 0.1006224996836385, 0.10160694253715656, 0.1126097104108413, 0.09118205591691678, 0.09203342479706697, 0.09711142906149356, 0.10636452445528696, 0.10573784850738886, 0.09582286318366967, 0.1173981288701668, 0.1095110406758218, 0.09200390868091189, 0.0940857950983959, 0.09492863654618862, 0.08625311537454777, 0.09832423518496386, 0.1100821746772552, 0.10130402598407744, 0.10364140330203922, 0.09327332355287163, 0.08051712577243139, 0.11621028544741167, 0.08887641861922059, 0.09887118052101927, 0.1179416251729069, 0.1129331963250696, 0.10386922769682139, 0.10088446989067855, 0.09286857925209314, 0.10540756405888103, 0.0763572780005033, 0.09176900997014789, 0.08799696647734855, 0.10288320285431185, 0.09462629711918574, 0.1045240621380131, 0.10113922879957202, 0.10660969237564953, 0.09213638516877909, 0.10620887063057785, 0.10651611583747073, 0.10499036660219248, 0.09751726893571257, 0.11190515962199817, 0.0937732187958814, 0.1229147983779636, 0.11320240254889184, 0.10273802718528295, 0.1132888684891871, 0.08504595499326897, 0.10807012146655008, 0.10739554809744602, 0.08645447662756359, 0.09317720863643086, 0.09708146208120827, 0.10537104961593308, 0.10581792691145991, 0.1241436367200551, 0.0922835373643541, 0.09896004259833614, 0.09424822511172659, 0.11788938084485685, 0.11408118571768715, 0.10292056197065394, 0.10724315859471759, 0.10517010330020829, 0.11417808879143691, 0.10138112546971846, 0.09380183980340019]"
144,"[0.08660203410785051, 0.10942449858806924, 0.09722894164672487, 0.09833462477248699, 0.09252712117366561, 0.09986350584487735, 0.09296131389643135, 0.09118550435927068, 0.10863672016328466, 0.09855459027972542, 0.10576031397014476, 0.08919190765350885, 0.08685543930978495, 0.08279288976361865, 0.09326372989826627, 0.10158674019358173, 0.08679663511055978, 0.09405949229463687, 0.11257916709893934, 0.08437949984630308, 0.10186430824142254, 0.09495043280465855, 0.09539087289758569, 0.09764072257044033, 0.0973702051676031, 0.09302516553326076, 0.09235644458483334, 0.08117731051136048, 0.10140457679937176, 0.0993399573760896, 0.10294527696173451, 0.0877833629028931, 0.09767626792042816, 0.09307579139816026, 0.0842522680742683, 0.0877051663153843, 0.1015166251457288, 0.09968178487984891, 0.10019422664675488, 0.10986477459073102, 0.09593339997888563, 0.0822325846514924, 0.08627240731284777, 0.09117784220038336, 0.09573505057184915, 0.08893994219417428, 0.08309082414988417, 0.09381859932020514, 0.10284752444888391, 0.09275549648876044, 0.09395994174730067, 0.09744850283359208, 0.10319835591943648, 0.09605787505812408, 0.09205611434153503, 0.0964879522678012, 0.0913885257550234, 0.10248130864009976, 0.10337014653946605, 0.09178140146270558, 0.09886107671779235, 0.09978780629108167, 0.08651898872034712, 0.10637336464026212, 0.08003430114199057, 0.1068130509727374, 0.09993584501058358, 0.08657414723368345, 0.09490703514102597, 0.10395514590262643, 0.09562183853691483, 0.089997960421826, 0.094759638191383, 0.10048943846046175, 0.08063278724695727, 0.10398990189629145, 0.10458405379941656, 0.09786042902830772, 0.10108864403755875, 0.09300758072237046, 0.09663506515549922, 0.10221698284919932, 0.08883870502910104, 0.08690154448988602, 0.10065878533745538, 0.08611271599267227, 0.09626941014248595, 0.0811727438240028, 0.07928850741732925, 0.08141838328813888, 0.09392506569293355, 0.08976098846597927, 0.09876129139702484, 0.08970182552467854, 0.09806284519887597, 0.07525334735337609, 0.08642075732586577, 0.09318470237001669, 0.091055435880225, 0.09968708443545607]"
142,"[0.09921782595265707, 0.07833325514438481, 0.07727587269746201, 0.07034391743364173, 0.09061612526419893, 0.10390999910683409, 0.0944264333040501, 0.09755859764262884, 0.08764780390140416, 0.1016217005597376, 0.0914450103088092, 0.09814182631830622, 0.08227816867069432, 0.07515435731624298, 0.0937440510106561, 0.09278825276719799, 0.08885565605968555, 0.09723026824202782, 0.0858581198407863, 0.09099987685149014, 0.11772871823510855, 0.07300697021113814, 0.08849276531054988, 0.09754102704121802, 0.08611998084860861, 0.08388305435522073, 0.09713959165243075, 0.0874743131579041, 0.09241685366268856, 0.09586922094884624, 0.10591309771119584, 0.08255286957590284, 0.0915314004793328, 0.08558654996014699, 0.091987982785898, 0.08258901983252148, 0.09115985227598648, 0.08027883980037091, 0.09884894730166216, 0.08350173047513129, 0.09941939088968725, 0.1103606748908132, 0.08682882170638088, 0.09102059080809553, 0.07731826027339693, 0.08715084061275963, 0.08541918725596705, 0.08145861185250061, 0.07730113497311958, 0.09336087783902433, 0.11001773264295536, 0.09134138066007806, 0.08958565239893268, 0.08549377049990023, 0.10893939981757142, 0.0904368236816446, 0.09645027414432063, 0.08629948656682256, 0.08521282592332029, 0.09224775045324562, 0.09771266280868142, 0.08868150513544093, 0.08334137725614284, 0.07561019153917062, 0.08606287796269445, 0.0915679620703413, 0.096030697147685, 0.092373280756393, 0.1030091758860263, 0.08344982166156181, 0.09281750857602517, 0.08528508745108768, 0.0953757487592025, 0.07796351676395603, 0.09602446866138804, 0.10220444227676798, 0.07034936293967435, 0.06682083570747702, 0.09909524387234264, 0.06785027359027705, 0.09002328077585707, 0.09030978979378416, 0.10160731650114382, 0.09587469193483425, 0.07138382721658933, 0.08915856022074128, 0.09388072247284023, 0.09831120866207008, 0.09853045712983685, 0.0979314795692569, 0.09306480115007565, 0.0906683527648874, 0.07885307866667186, 0.10614050355994353, 0.07794698472876976, 0.10571415091128589, 0.08998524670483267, 0.10616054994580541, 0.08047291019369113, 0.08859891622129165]"
140,"[0.08481453729441443, 0.0896687067868885, 0.08725488130374764, 0.09169331362189889, 0.08115989070334512, 0.09065215386943373, 0.10464905587071038, 0.07851356882593023, 0.08678041617308974, 0.09579248969299604, 0.09596553915330615, 0.08946535412734537, 0.08760004096229783, 0.08348372837232641, 0.08006627474489543, 0.1033493027284569, 0.09354213552269829, 0.09824458200927164, 0.08974974895626489, 0.07336092941064395, 0.09164196614600216, 0.08445834250437517, 0.07841563706786851, 0.09067528040682858, 0.080364221571682, 0.1005930432941978, 0.07187621375756897, 0.08373992797811944, 0.0906322140091266, 0.07557885145827216, 0.09245812643572252, 0.08860645399039248, 0.08953748761075114, 0.08062111347862728, 0.08558958607238139, 0.08776634346024129, 0.08227741646691954, 0.09792523546719664, 0.06897839271319078, 0.07872874297503744, 0.08538807955608584, 0.07704987373974884, 0.0747662084341615, 0.08853209447674563, 0.08241304935465338, 0.08997088332217197, 0.09042137551679347, 0.0837488674689004, 0.08890160561347724, 0.0922293395619689, 0.09187980023304548, 0.10111085878827727, 0.07878900257844872, 0.07674965796506321, 0.08197000807492814, 0.08604841338611936, 0.08414050818861561, 0.07526444216120037, 0.08418674702591224, 0.09173639822818941, 0.08287173294074464, 0.09058465796966404, 0.09189790507047212, 0.08542581176484731, 0.09577917153756059, 0.07964542245146042, 0.08470957621219942, 0.09948548711575653, 0.09744076134325315, 0.07984764913787798, 0.07820204660663059, 0.09249994899891187, 0.0833085504956327, 0.1000979824529523, 0.0785460464557154, 0.09223652424681873, 0.09731072587552468, 0.08012128535960826, 0.08625839631533425, 0.10135840529700557, 0.08267935947092805, 0.07714556764082368, 0.08755688824455518, 0.08385277489887527, 0.08886916571437802, 0.0887519730942484, 0.09299328860312712, 0.07741911469211796, 0.10757784965456793, 0.08343715007499851, 0.08343859744634678, 0.08483185399486468, 0.08760391683637976, 0.08862030159951348, 0.0825375865945165, 0.09021004495140093, 0.09002189685988214, 0.0954453729344385, 0.09101442978716598, 0.08653379230734964]"
138,"[0.07009352672996254, 0.08347480229262423, 0.08684788589462539, 0.0723708747564913, 0.07482155586452341, 0.0679731001738835, 0.08101077056347984, 0.08776934191817588, 0.08441791144936732, 0.08942842035070687, 0.08141708066465239, 0.08194897968904087, 0.08774342764465469, 0.07842511901467382, 0.09035338431723788, 0.08220072022594771, 0.09237204864140174, 0.0746833319510769, 0.07002264664039412, 0.0919512308139713, 0.07846810315120131, 0.0859754413349303, 0.07499685231701358, 0.0929712664252219, 0.07442526093788872, 0.08678896646405622, 0.10006756617133382, 0.0825544186929977, 0.05143492483867781, 0.09620950532630851, 0.08263492028993058, 0.08915273182931653, 0.09354193658659295, 0.06904347146465109, 0.06246738446014892, 0.07585738773152026, 0.07911229624116159, 0.09672693911842074, 0.0855826884508041, 0.08462162546943548, 0.0890547586353634, 0.07435042137540976, 0.09014677337817058, 0.09032234200980782, 0.06985678306826983, 0.07635585273808335, 0.0874820940355537, 0.07602504010966979, 0.09167131614646487, 0.08439292485296382, 0.08109703233501891, 0.09887724505497641, 0.07566710559842392, 0.0687881425813929, 0.09386984263631751, 0.08530078834381867, 0.08285860825585634, 0.0756722857395741, 0.08574957640238585, 0.08479657253394655, 0.08441588022917558, 0.09483824717222368, 0.07890107787918198, 0.07555485027616272, 0.08362972160316147, 0.08111285140082489, 0.07415981706052728, 0.09201540207685675, 0.08548133013126578, 0.07636962742705732, 0.10560393260075093, 0.0802763963820989, 0.08352735410761529, 0.07119972896418547, 0.08627016643138077, 0.08950917014487873, 0.08601157964301034, 0.09677181869186384, 0.08201472561931102, 0.08637149202727067, 0.08676693750461174, 0.09318941246771947, 0.08535599537040685, 0.08116174990895657, 0.08543234112713192, 0.09823750596483444, 0.0730093717727048, 0.07622199566832479, 0.08404055770654001, 0.08855128612317736, 0.07460511050759487, 0.08558746648491915, 0.0851712927703893, 0.08667660116504416, 0.09328632628145912, 0.0794387270709941, 0.0823876461873074, 0.08979804237119711, 0.09710851459495654, 0.07895053659218687]"
136,"[0.09088748944866827, 0.07473507119257271, 0.08398672141643064, 0.06259716184782135, 0.08015730865741284, 0.07305825921751159, 0.07881939527129835, 0.07817193165898585, 0.07649366252703517, 0.08633170955721158, 0.06720213021909509, 0.07102750940605194, 0.07262228943283136, 0.09197124974266335, 0.08208437213493035, 0.0755434805925405, 0.07594114929669271, 0.08553611918992175, 0.0769426282738353, 0.08089959022987352, 0.07444596715854863, 0.08164090331671395, 0.09024622631059943, 0.086408077183869, 0.08124075296668845, 0.08007902215309048, 0.06863367766696883, 0.07918644658430478, 0.07346393774940776, 0.06669244227220832, 0.06795895080935167, 0.07285232977283772, 0.07396946463599124, 0.08535550380610848, 0.08206609475308879, 0.06540513786876631, 0.06772563855331294, 0.06865801698688481, 0.07662707518300256, 0.08212144923860122, 0.08569779892729244, 0.06649134752914306, 0.07925750797971089, 0.07842868611784568, 0.094986203568416, 0.08035929516399978, 0.08057613050533272, 0.07916382844621421, 0.06631138285531644, 0.07867971261637897, 0.09130903639813813, 0.07937264355929802, 0.08961342470044145, 0.07983731574166254, 0.06576535328095914, 0.07746291240867371, 0.08466111381279283, 0.07445790496583264, 0.08612438707733369, 0.08541106014533835, 0.07847859132516036, 0.0793139971975734, 0.07700924752201935, 0.0830691526341505, 0.08856365316090821, 0.08579362038343466, 0.06797256980271911, 0.08677348228717771, 0.07804651109656997, 0.08951162043108289, 0.0734130744073323, 0.07997776503459039, 0.08569518720560221, 0.07609717512285874, 0.08267083059066292, 0.08902067119298984, 0.07387234129978809, 0.07235683049156402, 0.07836408655245616, 0.1011626446989957, 0.07558602508201678, 0.08011078743399377, 0.08801742568419745, 0.09362177769764309, 0.072561849527337, 0.07561557168598365, 0.0863610909931107, 0.07918712421822116, 0.0793774593565777, 0.08060593698973861, 0.07863809787181496, 0.08593271746424239, 0.07764595521762196, 0.0869601738111724, 0.07699388894793255, 0.08546921867666747, 0.06879912220136153, 0.06589774175855063, 0.07698461333529492, 0.08595811282782323]"
134,"[0.07644961298385705, 0.06627197133827017, 0.07863714117092017, 0.08964935664828003, 0.06922714342505587, 0.07765138009741133, 0.07120844075639957, 0.08131243241456292, 0.08311701126104885, 0.08210579129319379, 0.0712264812724485, 0.06653253284240726, 0.06835591657209139, 0.0810620936004224, 0.0707964893171358, 0.06651770738559928, 0.07319810809052614, 0.06940542591114193, 0.06724368748397325, 0.07596881532149824, 0.09270449475108987, 0.07359982340977471, 0.06855395943228543, 0.07474888769701171, 0.08442211718109084, 0.06603210289684226, 0.07702678022316385, 0.08112796606191594, 0.07704544135080477, 0.08190545902616825, 0.07853414419030319, 0.07666571521270305, 0.06573032668558286, 0.07555505365504739, 0.08279329618295175, 0.07021767453858847, 0.07241361218039771, 0.08531273745246308, 0.0792407090599946, 0.07612787197259681, 0.06571190792687615, 0.07524750648470085, 0.07996743170187422, 0.07312271952020565, 0.07793231548168567, 0.06598326447107365, 0.07700854373341971, 0.07903990360377938, 0.07395556601281611, 0.085947227223232, 0.0840573080507033, 0.08228440585646274, 0.07691826035555838, 0.0763714531174451, 0.07611892188132567, 0.06892414146872147, 0.08086196258659074, 0.07186906702156289, 0.07774353427092162, 0.06947408634275531, 0.0683348861023773, 0.08920109768435759, 0.07095574391821713, 0.07870071888973794, 0.07127907233759954, 0.06391550792488176, 0.07337924184397719, 0.07186880856672746, 0.06278466665278214, 0.0819850069218325, 0.08085690926113814, 0.07398677521831282, 0.07925917585352504, 0.06370296319384344, 0.07778238911727904, 0.06397595294265129, 0.06552390514288356, 0.0779418799154729, 0.07203005874801152, 0.07308735176675134, 0.06685845226715946, 0.07870158478112206, 0.0823558196426257, 0.08279627982115373, 0.06836543910873358, 0.07643356207505186, 0.07442060786781611, 0.08360380876780084, 0.08533793990290284, 0.06704199977970955, 0.07795287508396062, 0.05642649251491398, 0.07268268706586843, 0.08030208921770245, 0.08131645666962317, 0.0753608683299079, 0.07759154991960478, 0.08062909551166592, 0.05762522178072681, 0.08673175698132651]"
131,"[0.06730529559207811, 0.07654809141249894, 0.06616196996083498, 0.07250828935446257, 0.07335216483030849, 0.06646623283382276, 0.07682885850975506, 0.05925729305909895, 0.0681703900885122, 0.07731015613306702, 0.06814272755330375, 0.08000291545697379, 0.07442776570201844, 0.08545927356951072, 0.06740933009809037, 0.07343969583833247, 0.06897845502108492, 0.0759520089529834, 0.07072995620222328, 0.06206988021449518, 0.07169719014492486, 0.06499073767270987, 0.07523177449352803, 0.05820185295641375, 0.05266275886354842, 0.07234212484361345, 0.0644490668703027, 0.0663926812536862, 0.07014743249850494, 0.07835761620730837, 0.062444568914657564, 0.0649971490740895, 0.06585833741924554, 0.07343384767516566, 0.054649272447809996, 0.07470016564625256, 0.08640016355772824, 0.06459880219397138, 0.06863667633258738, 0.06861563672842805, 0.06246217290405088, 0.0671968281379889, 0.06953556957699038, 0.07209335978542938, 0.06906779601166933, 0.0529923241363349, 0.0754885707215448, 0.06923498023028654, 0.07251316196644744, 0.07006701870691681, 0.06918895943041668, 0.07054869691799426, 0.05578210996287081, 0.074020516767849, 0.0857476097928981, 0.0774075136126337, 0.0736708098581356, 0.07650043583196717, 0.07667258353669021, 0.06405348808785381, 0.0683353462485001, 0.0645563382176109, 0.0816037010818893, 0.06675290319645981, 0.07375757556222512, 0.0734387204387278, 0.06937857359015094, 0.0668206021917891, 0.08361573609927146, 0.08124689271603022, 0.07328573180428372, 0.06788396062325171, 0.07796931946024782, 0.07215372224864407, 0.0698155409766267, 0.06552452077117707, 0.07523492210859571, 0.0724960956953128, 0.06452738398975956, 0.07397487692566768, 0.07378306557558026, 0.07360706755618182, 0.06826497817660297, 0.06768588903019648, 0.07040650580201441, 0.07347886631963713, 0.061710649727178046, 0.05917922595541631, 0.06596635737789466, 0.06449294366719073, 0.07084773147374376, 0.07865660595728544, 0.07950870350393391, 0.06953030062079685, 0.06466141370696164, 0.07206590979051058, 0.08025542468413496, 0.0764588736437356, 0.08053589801520564, 0.07428387482129391]"
129,"[0.06578161720994816, 0.058284516425543303, 0.06147426236304638, 0.0717426540415777, 0.06809417237171031, 0.06450972477768437, 0.06689961095016049, 0.059142805275695945, 0.06251764569997686, 0.07387022512923816, 0.06962557547041283, 0.06906324748212458, 0.07706418600302152, 0.06381261327875268, 0.05949507279334575, 0.07104274055141434, 0.07172667030768563, 0.06973127041650763, 0.05694050507619521, 0.06706485167381777, 0.0645132329796777, 0.06446603080800584, 0.06642026257427835, 0.0818315007424371, 0.056689903972365584, 0.06526935517656532, 0.05877894053738424, 0.088316141605108, 0.07413935464502365, 0.0831505245099777, 0.06580727168606859, 0.06697820950364167, 0.07507686002055457, 0.05146638170740411, 0.055848527283869846, 0.07488542543697883, 0.06281336037163325, 0.06203099422047029, 0.07575767978137703, 0.05947942658518266, 0.06485303643540681, 0.07098532013667963, 0.06783288438552577, 0.07971352532291387, 0.08482412060301507, 0.07085754641061141, 0.06997696356022233, 0.07047469314231504, 0.056469015347067844, 0.06913567884861058, 0.05106146899358389, 0.06173532181394554, 0.06767840154549275, 0.06530021523654804, 0.0799101933022658, 0.06385504467607528, 0.06071694987588694, 0.06684205517028613, 0.06263777008037061, 0.0723017248250666, 0.06680564584497711, 0.07028037295013816, 0.067757515571643, 0.07126538934420569, 0.07781916999946398, 0.0672673153579265, 0.07327846499897947, 0.05841160760455625, 0.07015567307865565, 0.07178599271331194, 0.07255144706194913, 0.06060375138728315, 0.08137642300423059, 0.07095671576910985, 0.07320992407457123, 0.07844676012090031, 0.05667703449299446, 0.060215471854085316, 0.06586745955854739, 0.06731378579165653, 0.08109852607712842, 0.0709637782659234, 0.06727093499542165, 0.06921947490430991, 0.05643647678960411, 0.07600001573859769, 0.061082107237836934, 0.07798359852347105, 0.06177389526319503, 0.07317314181106925, 0.05234879586137498, 0.06602308349388632, 0.05140038255596752, 0.06605030520980118, 0.07482043622485236, 0.0634138926614485, 0.0680716480742882, 0.060848780501670495, 0.06484472244832191, 0.0628404371169776]"
127,"[0.06235335301913987, 0.054580676231451256, 0.06685559128401761, 0.05848714749992607, 0.07075889635475076, 0.06244344284914294, 0.06388339222015982, 0.05772660773858804, 0.0726658832656185, 0.053331184679028976, 0.06534015635752433, 0.0643987270358672, 0.07574348619313306, 0.06883823072546649, 0.059686811006848396, 0.06605168531291827, 0.056208267848771754, 0.07630110466814573, 0.06709627142498623, 0.06814873260482833, 0.06931244902085326, 0.06285488263411315, 0.05672963472397943, 0.05998815396425427, 0.0664594517159547, 0.061518704634282516, 0.05483224548546398, 0.061750667128602554, 0.07152720882766647, 0.062019414246239066, 0.06097108408051695, 0.06383543148489558, 0.05919123091372443, 0.06833577857383893, 0.06582452454095876, 0.06394980812705223, 0.07290344288316633, 0.07336956885353202, 0.054810981005191856, 0.0596050745645028, 0.0679284080315115, 0.05492065712342374, 0.05542405968045859, 0.06417692002435402, 0.057565559753763984, 0.057726937027523836, 0.07799690133204756, 0.06455466200833845, 0.06145516189328835, 0.06460326661570559, 0.05714141541266847, 0.05142267198080266, 0.06495773051233589, 0.08023450586264656, 0.05251266812225572, 0.06535979246440382, 0.0690421783961037, 0.06173951502314346, 0.0727789137547381, 0.0698682359133986, 0.05417213681581771, 0.05331791214146678, 0.058375026324750605, 0.059408681091753325, 0.06118206429102685, 0.06195972612379673, 0.06461148045970998, 0.07482173359990613, 0.04887776024530993, 0.06498156170537102, 0.06137472552882208, 0.0619958376598197, 0.06615309062386834, 0.07073828547837527, 0.07107946287855356, 0.06252283855701937, 0.05647363475862099, 0.07565596146621366, 0.06579514540137507, 0.07211569465999101, 0.05372163758237243, 0.057575460454149505, 0.06615965935821347, 0.06000815319397198, 0.062334668491114666, 0.06300791652628793, 0.06881649722309655, 0.06019650714959837, 0.06238395836292076, 0.06076957236482535, 0.05420169154670165, 0.06323951905987008, 0.0713456152252587, 0.07785251281255635, 0.06103551327626213, 0.0543444336375336, 0.05373104555318932, 0.05749837497607324, 0.05951972158415017, 0.05221700552393879]"
125,"[0.07402564108236961, 0.06710811034059214, 0.0745651761226452, 0.05615897485862094, 0.06122816436659618, 0.05611314283761354, 0.05510400968801975, 0.05657661422464093, 0.054687529484265994, 0.060501856077981475, 0.05000519690405642, 0.05927843760642501, 0.056899296482983065, 0.06843849725023582, 0.05589142329225821, 0.07569800616900235, 0.06480017187839643, 0.05715953064970015, 0.060698319597289434, 0.060011343601987364, 0.06348330214416796, 0.05778383897801668, 0.06374394709024347, 0.05665063966121075, 0.05264537038247491, 0.05131472227013911, 0.04715819692875315, 0.06405411057632802, 0.0700779337267346, 0.06247685139408589, 0.06609149286974227, 0.05433862997246816, 0.0582969203826049, 0.05308479643747134, 0.05965454810406701, 0.058668916651710146, 0.061853340716781814, 0.0639926696831517, 0.06415872948124962, 0.06831857373974884, 0.05779824754120813, 0.0611383230499437, 0.036056554746879535, 0.0642707142030416, 0.05052463354968924, 0.0496392108599438, 0.05907057967652177, 0.06388827721631112, 0.05848707721060238, 0.06167485223370254, 0.054918956361223466, 0.06395679720517769, 0.051585195678598386, 0.059830249582554146, 0.05283493974500878, 0.06864623379843938, 0.0617296310059775, 0.06532549606899622, 0.05727009946636245, 0.05140564032649451, 0.049079345965502584, 0.06523495111104496, 0.045940881727589554, 0.04989526648416417, 0.05425645980304928, 0.06094392633817434, 0.050233659757725244, 0.05699362863180753, 0.06283358887444912, 0.06995445587108777, 0.06179848161734515, 0.060353266651351774, 0.06658849804578447, 0.054330969102666736, 0.06919649434975417, 0.042958370834441935, 0.05914635064787064, 0.06782877737328989, 0.05350167817401084, 0.07036183135243214, 0.059969745693686134, 0.06521947547208687, 0.05943179576954058, 0.054777016759683717, 0.04997929361816745, 0.058784730249090755, 0.06789227130277614, 0.06677269180643725, 0.05422734754594855, 0.057432635112245445, 0.041840617760908395, 0.06925731767859095, 0.05778183124013415, 0.05488965435653599, 0.06006819903101065, 0.05993746983109515, 0.0623596115363585, 0.06095032375154783, 0.0557119474772948, 0.06047252823714974]"
123,"[0.06143665074680972, 0.05723167182534294, 0.05621757035295511, 0.05966283754288714, 0.060958477906879284, 0.05434123470486208, 0.05546044998057503, 0.047246535402264825, 0.058868609226110445, 0.056482665859161715, 0.06179763078048706, 0.04973803449595032, 0.05011781646614622, 0.059056667803829, 0.046752431921110234, 0.055904406288093685, 0.05776087015374461, 0.06011189554076821, 0.04849110716067158, 0.06499767645989539, 0.060483479452417346, 0.05523500898998418, 0.05472261187848861, 0.055989932838059295, 0.06096046118113911, 0.05360203280113137, 0.05062871014295214, 0.061994216291282093, 0.0667335254730965, 0.05543861688748269, 0.05957485569722125, 0.05396454266744392, 0.05892833116460791, 0.05392963644383956, 0.057821690203493745, 0.06608697937493492, 0.051955290373010485, 0.05863420701996486, 0.06047723154008423, 0.06711063633137301, 0.06405357938262168, 0.05025774383358564, 0.0521917438850765, 0.0605923134337747, 0.058045517989884075, 0.05961961183768072, 0.055832948674308484, 0.06224082718345925, 0.06624108433071309, 0.05685767683197842, 0.05042061104116569, 0.058771759152565654, 0.06398574423469314, 0.06256541194395975, 0.06506839082383561, 0.06229649913676808, 0.051701619230173475, 0.06224506887955615, 0.06772523440436304, 0.05739347519658381, 0.05858200429198599, 0.05274535959194961, 0.049886459697228915, 0.052996690118541905, 0.05441567254570882, 0.0630721740604252, 0.0638207803120689, 0.05188163037409268, 0.05616578190832979, 0.061882059632492194, 0.056050917021897725, 0.0650466199312972, 0.06130110519248806, 0.05271884920679244, 0.052317466607734564, 0.06209664917510907, 0.05789981375612073, 0.06477840748524932, 0.05034059904890829, 0.059283477350313064, 0.06299173952999683, 0.0591401581810686, 0.05411736769678266, 0.05854521160917458, 0.042175383164595986, 0.05226795469603936, 0.05545183928431947, 0.05474943215077618, 0.04376185431893088, 0.05173812905899996, 0.05209320760153169, 0.055310476798429854, 0.058223840182743306, 0.0558488785965549, 0.06281378782698553, 0.052670710216186814, 0.06540366832474179, 0.051103747975278946, 0.05586823192660121, 0.062397751998221666]"
121,"[0.05462196690902941, 0.0635191859422429, 0.050370165431013914, 0.06009039689829521, 0.05601278738759125, 0.04430962636922303, 0.0665568711535261, 0.05190723693809894, 0.05004557511770141, 0.049842520628443084, 0.04835179204853777, 0.05162477234823125, 0.060498469095850334, 0.059487144441747006, 0.06399029152973712, 0.05701873269465116, 0.045426359807586754, 0.060240944623757404, 0.058135120044667775, 0.05364432003724346, 0.06101577828001763, 0.05511795959310296, 0.06580190051492084, 0.06709855243621844, 0.05504437050651251, 0.06519080935744277, 0.05296543355333226, 0.05615803891378518, 0.05250653396078826, 0.054097306628326174, 0.04834208467456199, 0.05017369789934675, 0.053574036990045336, 0.047991731133486884, 0.03990238950224289, 0.05072010260427656, 0.05177977258587604, 0.049145377826369095, 0.05219092020697621, 0.04901586856437115, 0.05406559355391616, 0.05395207457895438, 0.043457709647846295, 0.04755876452988316, 0.06631408100499414, 0.046497495689909296, 0.05455118995987896, 0.06266456874221134, 0.05675804337109902, 0.054681101463210334, 0.0689679183076063, 0.04953596204777802, 0.033863038277265646, 0.05404703299045187, 0.051119590563674516, 0.05344567935893549, 0.052311485580157004, 0.04128432779606883, 0.053675679268647566, 0.06984705367062204, 0.0596105638976988, 0.04340158618262441, 0.04522456529789205, 0.0471021034452493, 0.062326529840767995, 0.04932725870325252, 0.0511544012057872, 0.05180053240791991, 0.045170639726542235, 0.0553962655702007, 0.05916676532960324, 0.05330690428616573, 0.0504944738672379, 0.06136035289911151, 0.05933551274075602, 0.06879840164660893, 0.05678406923706573, 0.04917521314712127, 0.053459985035323516, 0.053502536816570447, 0.061160874300456435, 0.06316495373632161, 0.05590131697243581, 0.051089359555387036, 0.047079950916305985, 0.05314248904446524, 0.052127178805042425, 0.05731940449449573, 0.050974574585375985, 0.04875630557923614, 0.04883123305872266, 0.04708768750913988, 0.05042861241746723, 0.05062002830768744, 0.04882270637045799, 0.05768786479256005, 0.06488878695815653, 0.06264195013289653, 0.044772399057343044, 0.0630915249635587]"
119,"[0.05744835803358978, 0.0394509124246737, 0.04933117690214014, 0.05479925256893813, 0.043725614399070564, 0.053060748714755204, 0.041056651812094655, 0.05164633992533699, 0.0579225803100996, 0.04747430518627862, 0.04267778985797911, 0.05899443222914491, 0.06049344122427895, 0.0410224816147318, 0.05242493141508588, 0.05303752504654318, 0.05532768107035873, 0.044744774463181806, 0.05532715147436105, 0.04240069333426517, 0.045421165459106, 0.047828261466940705, 0.05074289504502092, 0.06340629700921079, 0.048163559833151647, 0.051099786838552576, 0.04788285573658315, 0.04547445063467555, 0.046280779055910895, 0.05081297684565861, 0.05371928431184778, 0.04214365917163208, 0.05672459871203934, 0.04912985001696738, 0.044936629654273794, 0.05884908265508104, 0.04432394881449891, 0.05366185824065921, 0.049931489774478234, 0.05332352733288437, 0.05462916570621647, 0.05291813574475027, 0.05273002629457003, 0.04882201418246381, 0.052455360627862234, 0.060953818941027964, 0.04741936449986678, 0.04785984886627035, 0.06397728699034395, 0.0508872303236115, 0.04612582410138031, 0.04741428347318315, 0.04582628412213636, 0.047168138943139974, 0.05353402361981246, 0.04131404549569881, 0.05609887132902349, 0.04563986194689051, 0.046554492285881995, 0.058783197979357056, 0.04572837970082586, 0.050137400017778236, 0.048186267442351695, 0.06089356183631563, 0.05373506114782302, 0.04315646694168691, 0.0580969137240157, 0.054277163168400255, 0.052878212302466636, 0.05149259212600116, 0.048103808006491125, 0.052780759195071046, 0.05442482299426885, 0.050912061274239806, 0.041814964761891095, 0.047437350313559404, 0.04831360546321198, 0.0531860708188443, 0.041441490097226016, 0.052066298874294085, 0.04442322884139657, 0.0460575243496492, 0.04623571252557859, 0.06196187492997258, 0.054075546312283417, 0.048139246674311846, 0.04921246081060903, 0.04370000029299284, 0.0519948678754072, 0.04874338164594733, 0.03853716113094824, 0.04572071036816478, 0.03897120031726537, 0.048132247112172885, 0.06397984864736195, 0.06437375713481039, 0.04979114227911295, 0.05681700008839915, 0.050106879988760976, 0.053900273362033346]"
117,"[0.05798028879160486, 0.054057930264254934, 0.047119955507155614, 0.04561968063749624, 0.04889936002181555, 0.05008159219896061, 0.037933098772673084, 0.047600147966262954, 0.05292761301617019, 0.04138968096648059, 0.048585348686162544, 0.051322241897723726, 0.04816537076452492, 0.03951414894323727, 0.04699863709805532, 0.05104491204740208, 0.044764844459972294, 0.05146865599022086, 0.04577237973627325, 0.053654682295293334, 0.041819965180529134, 0.05252554157740257, 0.05129903542227512, 0.06382898574235796, 0.05048029274412334, 0.041378695167777126, 0.0464948466179981, 0.051859478964019955, 0.04550287127611034, 0.04209848299280208, 0.05909632141571832, 0.05362389383682566, 0.04721384701284198, 0.0474310833389594, 0.04329715413961125, 0.04886608683761799, 0.04258254879390899, 0.03342878252403028, 0.05385794776540394, 0.04575559226547531, 0.0514339258507605, 0.060227322467131736, 0.05793032058627653, 0.05578283673953619, 0.05200441446250325, 0.052125644922084595, 0.05540382719466505, 0.05538860199120528, 0.04635293810092588, 0.05025957437646409, 0.047568516362757024, 0.03909458562181897, 0.056266994845246915, 0.04745553756802994, 0.05741478256825995, 0.05609305974047405, 0.039556538196458504, 0.04366090260430004, 0.048187771890294794, 0.04679997669851126, 0.04563540800859964, 0.043221907946963595, 0.056807445448052656, 0.04874571269036699, 0.03935276931156418, 0.06130338346440221, 0.054928857969787706, 0.048538806204112134, 0.056673017016688615, 0.0641924016772058, 0.04451660337813253, 0.046631294903960396, 0.05653850029429772, 0.041405767544792534, 0.06036629073885216, 0.04920323133263458, 0.044310297620660036, 0.04899905482778099, 0.047993573685215264, 0.05083189531327023, 0.051100290756387404, 0.051457760827864414, 0.05201650251881183, 0.04904529265794604, 0.048855996056450184, 0.03491092368700296, 0.05590629033025881, 0.044667155982201015, 0.060623285016633416, 0.05489729084019579, 0.05886728822913935, 0.05020744077596432, 0.048896262340947856, 0.04700142057552456, 0.04839318207678584, 0.04682643042904937, 0.05493778989865592, 0.04564728195177292, 0.04177168778156634, 0.0507654343574328]"
115,"[0.04278291665299253, 0.040801424799940755, 0.036397319685199006, 0.047143231246632375, 0.03722540310658756, 0.04318660379443892, 0.05814131515233561, 0.04748153610156143, 0.0469721973883118, 0.04462643960599379, 0.04596272316275016, 0.04395654820895895, 0.053075643261705566, 0.05027269404937596, 0.04608114659374474, 0.05055122596324543, 0.043884044870642645, 0.04734363439861331, 0.04572009713676949, 0.05672640676889315, 0.035447725104077135, 0.04547022810419101, 0.045096190362296125, 0.04476847751023937, 0.05666058150139074, 0.05375856409162882, 0.048336913857272915, 0.0453378659430511, 0.04736368220323466, 0.03587847749750714, 0.05001662859186368, 0.05346544866488189, 0.04268949349759398, 0.04709931312877888, 0.05117937345602698, 0.051923206585135585, 0.041302285798852575, 0.039363240745218665, 0.04025833344674973, 0.045394250825180775, 0.04670387561697998, 0.04002967725317359, 0.035748391631781604, 0.051655911255152204, 0.05406521762827488, 0.03799316287942512, 0.0435280811199995, 0.050301727597173, 0.03654823188727109, 0.047513009824970934, 0.04482354079605402, 0.04822749924241382, 0.0468303112355301, 0.04066617604622014, 0.03986571520712951, 0.03945282149116651, 0.033077569712526525, 0.05159937749533603, 0.04453935048089632, 0.04683147058628264, 0.04922955503989999, 0.04673270478493532, 0.05144330482807376, 0.05123394151872672, 0.0467283823627724, 0.04490245756690596, 0.060483367113819915, 0.03715996389052305, 0.04838320240144386, 0.050295825552288384, 0.04922332781802802, 0.038459094805824795, 0.04864344508261526, 0.04601701786512366, 0.05203357287116018, 0.039820950055224305, 0.03423174930200749, 0.04140292344768018, 0.045194973808392574, 0.04053761620285486, 0.04537216410882186, 0.04160601868721591, 0.04571281381893324, 0.04915074663054991, 0.04381722661592889, 0.04480178821463288, 0.049520768761868984, 0.041343033152583586, 0.04841690793622815, 0.0394197203668651, 0.04385258270215927, 0.043864316529827765, 0.04348407494900078, 0.04506692350593385, 0.049891259753820597, 0.047994182215225716, 0.03828543956975234, 0.04027724680154995, 0.04415417258723186, 0.04753351937812668]"
112,"[0.03470487671807586, 0.03814622968049064, 0.04595724944847585, 0.04093875731956711, 0.04289491185899237, 0.04894422907532987, 0.034329094269093634, 0.052563831292420614, 0.04515247463439092, 0.036869238135750645, 0.04783341666315192, 0.03977400235270802, 0.04636452480053979, 0.0353707892943519, 0.03786756219737671, 0.04079731790323038, 0.03890679429658803, 0.04407710407824617, 0.03935944345976555, 0.03509650051808564, 0.045706421670006235, 0.050654212220561774, 0.03578714975610155, 0.05155254034352735, 0.037059994404810837, 0.03831180302558362, 0.03222993226951423, 0.035750597138596595, 0.04063650019152754, 0.04198630312727943, 0.04251063861588374, 0.035056730625013334, 0.034571342327635216, 0.04473479733298235, 0.04164974743882023, 0.04127362724034388, 0.03500961768280884, 0.04306224500805122, 0.04843511962593223, 0.04132695253923121, 0.05299781022327219, 0.04379046108076827, 0.046240680731862785, 0.04108864563542122, 0.04779647984990517, 0.03531440942945938, 0.04198309606239409, 0.0580729630759524, 0.03665626888738266, 0.038447877870200695, 0.050642051870461974, 0.03953331361632999, 0.04834847526408579, 0.03761979461141355, 0.028347803549902097, 0.04352844362922587, 0.026796584287363614, 0.03785279541981917, 0.044253427120288936, 0.04114594420062478, 0.05211016424576547, 0.04645467749528805, 0.029342906382813165, 0.05316427367972961, 0.042386450287970244, 0.04430113872483356, 0.03908456991633354, 0.04593203836639211, 0.050496870969898015, 0.03364196510257958, 0.038647474956246076, 0.04366118467013689, 0.046094528180544866, 0.03791543960301697, 0.052056112260877446, 0.04161622151941848, 0.045090811678001615, 0.04340535157575893, 0.037797973362107745, 0.04494022738202538, 0.036158796783072364, 0.03728964289225366, 0.03663828089091829, 0.0425443102523142, 0.03864893683092935, 0.03487131737813758, 0.047124056278343554, 0.04195565599414861, 0.035907327484546336, 0.04455830691113354, 0.04425830116960924, 0.04781382356395264, 0.045496750281910935, 0.04765724871673929, 0.04220202948895076, 0.043570228931152664, 0.0418756007905907, 0.04186139789166443, 0.03605669648716857, 0.03850363312976326]"
110,"[0.0377910717406565, 0.03350084239138884, 0.03474344348778442, 0.037118072681412394, 0.04167850094307523, 0.03511467222749908, 0.04400611401699225, 0.037705547478301814, 0.02863087350333913, 0.03357695661257543, 0.03665907715474684, 0.02887402287990002, 0.044846782541076685, 0.04360624957461195, 0.042582486901967656, 0.03681722856943884, 0.05266960549412789, 0.04705211064730734, 0.05177977138483329, 0.03649387686167582, 0.040378817911427695, 0.04144060409371472, 0.04209415553193584, 0.03956282033366678, 0.0468007053927101, 0.04354387235377809, 0.04426055989019683, 0.037932591969457446, 0.035215418085845385, 0.04022224462878693, 0.04590838503884153, 0.038731598698943485, 0.039296790869900136, 0.042045546769518743, 0.044336745275812973, 0.04980447160873752, 0.04055422953440577, 0.04050088066743827, 0.051915151401312386, 0.044251014908770286, 0.04583490741172428, 0.04655371034314701, 0.04970350658420506, 0.03971139828440207, 0.039001685499237854, 0.045630099709861476, 0.042797274183250814, 0.034366809515306546, 0.0396732738638994, 0.03377644468788668, 0.036834985531736954, 0.0309430416721663, 0.031509459096145644, 0.047726370562679844, 0.04433957835238145, 0.04403893574491531, 0.03740878298091389, 0.03736121198530145, 0.04876416445520224, 0.039812110907797786, 0.04320623671284718, 0.04093910324254661, 0.04082925446872095, 0.03356928733579641, 0.04388676611673475, 0.03638268135303227, 0.033793703732834704, 0.0418808576711975, 0.042242618417292446, 0.043467864076434985, 0.04134587655723326, 0.03834463256413226, 0.03742823895115008, 0.03609334942760974, 0.034416206368302026, 0.040525200214923285, 0.03555708515973086, 0.04226900449307462, 0.037117289493103355, 0.024355105441696764, 0.047560122713422526, 0.04257750691958678, 0.027113747757921466, 0.0480468584789212, 0.03919571102297523, 0.035209299484687324, 0.03621928745117619, 0.04084079884666779, 0.046230576618906234, 0.04396510769957857, 0.03752957670064884, 0.033529406888647105, 0.04626587692819621, 0.040842957612831465, 0.04379668537457573, 0.03777569969850943, 0.04325623810157357, 0.035846788837127996, 0.03825703622279301, 0.044555857456804]"
108,"[0.04307249115832293, 0.03980483673884376, 0.042143371656442906, 0.03970872247319717, 0.04383912594065722, 0.04175994544042869, 0.042157565331064205, 0.0371174550916161, 0.033781419889665036, 0.04166847833314209, 0.04352263502509645, 0.035968136746593514, 0.0403244095966077, 0.02924764607509156, 0.03574011582534361, 0.03383640337657874, 0.03111400714247399, 0.03376610367517462, 0.045147408907022325, 0.03296195274712569, 0.03892694176285578, 0.040980982163313744, 0.039909769088970704, 0.03914103959516328, 0.041683119405648915, 0.033293767217133556, 0.03792260636135161, 0.043474742187493275, 0.04130735127665837, 0.030455077240538635, 0.043179910605308486, 0.03729859393117151, 0.03373045382796277, 0.030128927553246452, 0.04156117377319318, 0.0371842408065062, 0.04181880664018729, 0.03684358508437429, 0.03472842958577958, 0.04071732672093445, 0.037679389325349956, 0.03915651657352034, 0.035319250693725705, 0.03964181701868604, 0.027911198808210285, 0.04234194808850613, 0.04388660346876534, 0.034919533582308634, 0.04618428149938315, 0.039342093912571784, 0.03583542446176745, 0.048039368147652, 0.03692455094817721, 0.03717527304098121, 0.03736954554763236, 0.03977103414888969, 0.033759929186952586, 0.043201903195794554, 0.039110655036978706, 0.04099344662061776, 0.033110320747283435, 0.04729700910124982, 0.03647120962885522, 0.031916733138838436, 0.04253947652553925, 0.03888214719081849, 0.037599179440688406, 0.03935941554504519, 0.02323827562969983, 0.04007286568663221, 0.034315274368205965, 0.040560955104922504, 0.03994301242677374, 0.05084597455026439, 0.04561711339831022, 0.04275499750140725, 0.03340079763515543, 0.04210554402621348, 0.03144887580531449, 0.03209289564607491, 0.03948481417645425, 0.04931382111283255, 0.028793535439742463, 0.042495513202244005, 0.03514623098222069, 0.04803559900480313, 0.04498668008376689, 0.040648320139825556, 0.04262159448733393, 0.03484417244268128, 0.041922444506739334, 0.03752919415561281, 0.041350601448085327, 0.03391666257269267, 0.03600738758130664, 0.0391623817880867, 0.037563383891015927, 0.04064149955166332, 0.031236967770027203, 0.04216547226608507]"
106,"[0.04472716335583557, 0.04038659053493014, 0.0330869167161348, 0.0402232863123706, 0.04121523647913178, 0.03974547205955497, 0.0393741036813194, 0.036701399095363026, 0.029066199538613478, 0.03526716580600455, 0.04392209407862135, 0.038759329215187516, 0.04424900574454432, 0.03499949040877706, 0.03625804479555959, 0.03532561623599492, 0.03916953739767083, 0.04119572505214963, 0.04054775287670649, 0.03917197146208761, 0.040768031570709344, 0.03333360653013049, 0.031466881372540986, 0.0364018310686712, 0.03343866257621456, 0.03802483015140531, 0.0446861916362815, 0.03749348467264507, 0.033505546672034016, 0.0337635851717686, 0.03994106045128099, 0.030353251574694765, 0.03805173672991927, 0.03683324546058779, 0.02969970292601243, 0.0434703314771635, 0.03530909499846677, 0.03255176650347147, 0.03986146927793041, 0.0340692411111077, 0.048584601832962225, 0.042643720742334655, 0.029670115018922378, 0.03787808496300276, 0.03539461569766855, 0.033690233775606544, 0.03825508842931554, 0.03620399718255392, 0.03526008138264983, 0.03835858342375105, 0.037643792585277044, 0.0443623878692231, 0.038636633163918535, 0.04735808103002634, 0.031245248178398508, 0.040899080172051946, 0.03615081691637974, 0.0303604058832706, 0.044062132101697606, 0.02954912423917895, 0.03579746738592031, 0.03534531711711104, 0.041316803495935, 0.04888115984822393, 0.032809607286801164, 0.033003053278640254, 0.03594355546513656, 0.039326577150506754, 0.036972534973005525, 0.032739928537673664, 0.03792502280205191, 0.025884254981087363, 0.037342562907168586, 0.03181149333346403, 0.03549599200898796, 0.03143494467417777, 0.03336543849061481, 0.036069830834600705, 0.04593354472865935, 0.04001977133962769, 0.029775362069376032, 0.03455162611861984, 0.03352429257847039, 0.030515424145373223, 0.0328652418695885, 0.034729276787028085, 0.03988132121181051, 0.030146107756574017, 0.036759324565245194, 0.028690958489953514, 0.03419502279598727, 0.030272939063472296, 0.032031061577145574, 0.03859234453547051, 0.03492943932832953, 0.03926719145172259, 0.0329768068863884, 0.035329236819719265, 0.03526470144490329, 0.04445497601794281]"
104,"[0.03582355528817814, 0.036995953845169696, 0.03220262676543005, 0.029407848840831495, 0.03702331392786873, 0.03518540871224911, 0.02778722078683714, 0.027644847597890425, 0.03674629884289047, 0.03196096963263843, 0.03893348580915269, 0.02910797895016958, 0.043648024078786755, 0.03360805973364767, 0.031501787678634305, 0.03835771725111117, 0.040023852357449624, 0.03013308596333037, 0.04362868602722695, 0.02968029881080024, 0.033432234833275974, 0.03285149707514766, 0.027015702306853916, 0.03786088848486143, 0.027020655180902485, 0.03876636431998323, 0.03567760494837814, 0.02357448598711048, 0.02447637744215495, 0.04418659687597231, 0.029675477958123687, 0.03558377298718051, 0.0326390850754957, 0.030396407643332072, 0.02586451196237497, 0.029405224188936076, 0.032184720995106525, 0.039316980551253954, 0.040202347111893154, 0.0412356844286693, 0.03437982858607489, 0.03967144891682205, 0.04184159246202549, 0.03262634508531581, 0.0338987755176749, 0.026154804727721477, 0.03776367730487355, 0.0359590069681511, 0.037131830420011565, 0.03031575432291188, 0.03788958259566998, 0.038417210721355524, 0.033861741379488504, 0.039695829272085786, 0.03572022803561567, 0.03451550296103279, 0.030986309115225305, 0.03776287976927659, 0.028801024218504955, 0.034852574199975235, 0.03751474068729397, 0.03167985550939663, 0.03499077382209798, 0.03474769964159954, 0.034820445076311705, 0.035678590882844405, 0.03217957705895306, 0.028432363580790446, 0.04194655519980941, 0.033566769868307, 0.027018465867135112, 0.03320643367957862, 0.03103962421354475, 0.03245896796243993, 0.03669117065853003, 0.034333535669147444, 0.03181513876786607, 0.03600460143821493, 0.03605654680976145, 0.03144907416808252, 0.034270770569599894, 0.04228763047491369, 0.031349674609892624, 0.030563962637485467, 0.042159469527218156, 0.027392347305819482, 0.030442068161914845, 0.025194819563729834, 0.028657686316971635, 0.03681400771190272, 0.036939746982705836, 0.03889576605706654, 0.029469161287085308, 0.034659223393479176, 0.03521260253170015, 0.0364511841313502, 0.033598560151172546, 0.02880325317548183, 0.03930373513404593, 0.03655169466236868]"
102,"[0.03145092970234343, 0.036158875270563315, 0.029279734026409952, 0.029457847402118785, 0.032314845229133624, 0.029719601590036063, 0.026208984556745314, 0.03521967306393199, 0.040308763770737895, 0.039268190745423925, 0.031679371323839946, 0.031367880682482766, 0.026816293526406614, 0.027144873015410197, 0.030595982517480524, 0.03715231671001884, 0.03072873129006466, 0.029525404801786708, 0.03153069010603518, 0.026108536020395236, 0.03449041812662547, 0.033920872854659015, 0.02945343386476975, 0.028073522114725143, 0.03564187139324077, 0.03580125274705696, 0.03650644951389996, 0.03534443843735669, 0.031444410705405074, 0.035967031768861936, 0.022677251599774594, 0.027791260939958918, 0.04231131574308886, 0.025458065484308897, 0.03947808033960428, 0.0316553674611796, 0.039894910420565914, 0.02666413828394176, 0.030551294468358203, 0.03514696480608328, 0.03659354537492677, 0.03332148167369796, 0.03955009608792244, 0.036288597539988636, 0.02898959708745959, 0.03367904614699446, 0.02708863992139591, 0.03738985566697807, 0.032043838450766325, 0.03407849750563628, 0.03704228484710918, 0.0339021393135082, 0.040820493333034405, 0.036278338466123786, 0.02816157517187481, 0.037265909368638536, 0.028925212790683406, 0.036205777810644914, 0.03279642852104136, 0.03971886119837696, 0.031385048270807, 0.027711876773776144, 0.03620541004286715, 0.0304186915217565, 0.034290502618868166, 0.031184575722180488, 0.03692871692973599, 0.027057448820431727, 0.027254192700256624, 0.0377292320083393, 0.030559766332516187, 0.036672301787804465, 0.02910075380047403, 0.032653014960886274, 0.031580499928598835, 0.02602877103284778, 0.03610297335410763, 0.036174221221983674, 0.027442030001826125, 0.033575209824288126, 0.03603640975080493, 0.023210666914213567, 0.025831291970772857, 0.0310986080463242, 0.033707213700652786, 0.029679003785466417, 0.02981218273766942, 0.032277373115163197, 0.030915696124455286, 0.03535943004029361, 0.02890682895647994, 0.02663314456221973, 0.03537266600907621, 0.0354951736235615, 0.03069289299454934, 0.028258794437503672, 0.036866450586995524, 0.02884324353625353, 0.036296041918078586, 0.03243553229856475]"
100,"[0.03594639274218541, 0.025099088469347722, 0.02875152368091472, 0.027829423681620575, 0.02939137658102214, 0.033992181122993334, 0.031451010479984276, 0.030257332805168523, 0.035083341985899685, 0.03375395769878296, 0.0346808932097862, 0.02292534555267791, 0.028711330444001853, 0.026393968265709097, 0.028030674685769707, 0.03649258092195141, 0.024004712807296193, 0.029818369303428897, 0.025065045070917703, 0.031665227018646463, 0.032506959954108405, 0.029273212762311013, 0.027621931338327497, 0.027872606540739954, 0.02226485754047162, 0.027744328298778438, 0.030525083198463622, 0.027595208092437325, 0.030276406253836284, 0.02858706487714299, 0.03231826865731723, 0.03207126941805606, 0.02396675919052582, 0.0339292282089937, 0.029414216578406392, 0.02740280111772461, 0.025850452494157947, 0.03239714660699816, 0.02889803566333136, 0.024074340223371557, 0.03810230995584247, 0.030766881129904278, 0.03280049788055037, 0.030116682365171194, 0.027525830145934384, 0.03058623481075946, 0.027060629658138546, 0.029393926726822967, 0.03533222563204373, 0.033117893741165916, 0.021322935199049285, 0.027550908784224833, 0.026867472899189063, 0.01682821167888524, 0.029565801905377435, 0.030532548366073532, 0.026878252576822612, 0.03936007484558815, 0.027398995134838337, 0.0306390784807596, 0.025618900492596915, 0.032336407218559425, 0.03055858005933908, 0.03141881657530922, 0.02580445934451684, 0.03153527324929911, 0.02576852528391667, 0.02779452956588875, 0.028529552075611187, 0.023316717243126974, 0.03097716156741922, 0.032109216133904266, 0.030189044174527734, 0.03137050664530917, 0.03449505753292409, 0.03780459909811372, 0.03522164099027576, 0.03038081842067885, 0.028318615711685757, 0.039760664825522714, 0.03181528159809885, 0.024343293212351992, 0.037996154233684465, 0.032541134162406525, 0.03400293637076821, 0.030162176761424735, 0.02674151999159386, 0.030752176044540207, 0.02848431685606206, 0.0377033899024007, 0.026487486935727972, 0.03141492162919354, 0.029879552400085312, 0.025150649338036818, 0.0255317296273448, 0.027037500833645756, 0.031947205588836354, 0.02978832227682996, 0.03128586330456633, 0.031431103688832486]"
98,"[0.02760594799147812, 0.03303062490979936, 0.031902386833666994, 0.02991213209641058, 0.029914516223804512, 0.029953408418362693, 0.023946811206881403, 0.0280993661597782, 0.02439602916227219, 0.030217738045630438, 0.032124928070474866, 0.026454521507910927, 0.02947976315897656, 0.02495711222626314, 0.027835578221437153, 0.025940177034006535, 0.030556541297801075, 0.02453565403394962, 0.032645893162868124, 0.035407836573733115, 0.024593313976809812, 0.024292936961267754, 0.02858719533528504, 0.03347823776020911, 0.031299633591778814, 0.03328917135272128, 0.03111068784908253, 0.02776530704858691, 0.021368789727320987, 0.03238627590211661, 0.033344439908329145, 0.023344613726887467, 0.02929496448439985, 0.030202256130118715, 0.026080171965977072, 0.026808817383651273, 0.03413604667900524, 0.028550208522282836, 0.03094092970770522, 0.03105578268458358, 0.025457678362352687, 0.028328351965891476, 0.03419884759614021, 0.026791978357484925, 0.029659442183406694, 0.03133164841942948, 0.029706742666781676, 0.027928509257959474, 0.02916145546858124, 0.030012919772059398, 0.022133125329519596, 0.03268589407087443, 0.026874315688815566, 0.03300578969363928, 0.030889001304454704, 0.02375379329083728, 0.023633732114206725, 0.0248022390146835, 0.0329464205744311, 0.03290917886999109, 0.02415402941107778, 0.025008811264781623, 0.018666993526752898, 0.033048732177953864, 0.025282407252470072, 0.033897045927886525, 0.029793353706142896, 0.026255696066106834, 0.029927577426840078, 0.03497495896716334, 0.026259089061565682, 0.028096215134528393, 0.033162168637077445, 0.028577411686850615, 0.034974881379190824, 0.025325873702505556, 0.02657690762267146, 0.03254570324709944, 0.02757094034249951, 0.026389163647278658, 0.03113641048797628, 0.03328798456337245, 0.03210927046568573, 0.03279698929840341, 0.030040285454516966, 0.0259577150058941, 0.02753161340894493, 0.02389286974252342, 0.02569572865077493, 0.03202983667804655, 0.026848503349899754, 0.02356079979792123, 0.029267410713304468, 0.030286016705069634, 0.02496351388956066, 0.032984100817205236, 0.02509036755015497, 0.031121705693443108, 0.03232667595428073, 0.031228210879598962]"
96,"[0.027993021797787836, 0.021764118500846055, 0.02322657531953471, 0.024794462528036427, 0.0234817531878325, 0.023588980872025284, 0.02497063194123662, 0.0219588504862875, 0.028651066978094237, 0.025940633686726944, 0.029861650897311784, 0.020641570197804777, 0.02391922920757588, 0.021452157233609027, 0.037980939352871994, 0.030001358826672157, 0.027043967899676433, 0.031345957767920124, 0.027444345897117844, 0.02080387943169868, 0.026510286428781022, 0.025382661799202344, 0.020513125872120504, 0.030116304765788877, 0.029516172460121833, 0.03161605717570472, 0.027281186121713267, 0.030139425214172066, 0.024376225059294557, 0.023789638195034112, 0.027146440654079562, 0.02796700948297783, 0.030591918720958945, 0.025528104605880106, 0.020222073567732438, 0.028166207052145953, 0.022574356821924133, 0.033433014444369115, 0.025596765435094596, 0.02971356603872638, 0.02712338039081605, 0.02584278708821138, 0.02453173894151109, 0.020480703698401895, 0.026995481825794854, 0.019917837550195466, 0.02947819780097572, 0.024054703698665744, 0.020614140296932235, 0.03494957967751561, 0.017448840848746747, 0.03807689085062672, 0.03259788484714521, 0.026569105250520045, 0.03102989369386917, 0.023230849143667753, 0.029857632921868063, 0.029323134641504985, 0.02804632952451494, 0.0239413184928299, 0.03035155521309136, 0.026342812194417274, 0.02907605376937296, 0.024019347685560116, 0.031191818309467136, 0.02846789147695546, 0.02296163695286922, 0.027845684267423763, 0.030454806480341087, 0.02009779924003575, 0.031349319420182785, 0.026594460819140422, 0.03572099515519025, 0.028649574013567547, 0.03413222425910743, 0.02852623535964979, 0.022028999953317016, 0.02215251154224647, 0.026583285900314477, 0.024393764420180986, 0.029935855956767923, 0.027023042442085664, 0.025214325245831518, 0.03086289451032406, 0.026510324164801657, 0.027883698628563672, 0.02808670519844388, 0.02897284298996801, 0.02391978495389087, 0.025420105485312202, 0.02666477599384733, 0.027167256074698252, 0.027491523911481505, 0.03114277082997784, 0.02665998231289088, 0.025199580064983594, 0.032202223344386445, 0.019934972407934345, 0.029246409648152737, 0.029651860030879072]"
93,"[0.028723022182125333, 0.020249129370381626, 0.028376791365403883, 0.02766563330141844, 0.024109652905931037, 0.024634363274369207, 0.028463377206814924, 0.021805512145144437, 0.02499529314668875, 0.018769604594313292, 0.01853476340237595, 0.01749562217804844, 0.028730355745605965, 0.02870481325729021, 0.02006086131390667, 0.019606119032297125, 0.025252545407821847, 0.03073089411855046, 0.021188812905354314, 0.024522484179089712, 0.02158537238157551, 0.018542228115847395, 0.03005527624235438, 0.026496907137885925, 0.0237496937897719, 0.0285653753301623, 0.030902766000683285, 0.020157702391444786, 0.029214108393547027, 0.018916827766755216, 0.020491259526681332, 0.02430802463926823, 0.019772555043230076, 0.03241617385894188, 0.018734040815772013, 0.02594198607888469, 0.014784426992185686, 0.031814885496704554, 0.02647474998177943, 0.02126209356179041, 0.018949872733332106, 0.0239194500303559, 0.02172809989055336, 0.025240414507525826, 0.022705224890644367, 0.01975628988815655, 0.02593980999583956, 0.019586160963908063, 0.02958956542888005, 0.027604816079244497, 0.023815941347249896, 0.019607312515969734, 0.027056214885784607, 0.02151009850824889, 0.023305073125122235, 0.01970977196374115, 0.023331147276792485, 0.03181251209334856, 0.020351937468613118, 0.02621956882764556, 0.03173683556874439, 0.028551752823366597, 0.02396201409275732, 0.03250692370119495, 0.02792301637475656, 0.02292632832728601, 0.028717309290342618, 0.031675024587908406, 0.02274821726691818, 0.02338213123485075, 0.02666675043127888, 0.02341908681944843, 0.026942142071709224, 0.02573339358068277, 0.023167680277939764, 0.025889457957252313, 0.027517036568837454, 0.020247192773699785, 0.024371195629097384, 0.023729988216607708, 0.02400421380312853, 0.027169787112819452, 0.0217185984285394, 0.026044831936544586, 0.0260541150817979, 0.026090909672988744, 0.024723809044865208, 0.02532024063452677, 0.030079160884796747, 0.02309924834446979, 0.024431827611018544, 0.025543823476766488, 0.023503219643498684, 0.024542410619235254, 0.021069908088401094, 0.026294757758252088, 0.020727137850124464, 0.02672593828293517, 0.029558865135917153, 0.030344483518113082]"
91,"[0.023274906423426996, 0.01821636609887502, 0.02768462537700167, 0.0188761081738604, 0.025643859411817686, 0.018455779311375205, 0.019469743521245413, 0.01989620009240361, 0.02158369780512389, 0.018300223909109646, 0.026766149771973842, 0.020308484640070873, 0.024149867379910223, 0.016503875031012864, 0.025313558357558195, 0.021192648821402576, 0.01829839106656389, 0.02468299269319683, 0.03035507002179455, 0.01924885029773773, 0.02338358671986703, 0.024205499095103642, 0.02145913607940253, 0.025946300839690333, 0.019243616851813843, 0.019884016266505596, 0.0201447586880648, 0.020530274016221668, 0.02365116229657417, 0.015945387223476437, 0.03269251947961167, 0.024925159396189445, 0.02237745260918455, 0.020423262027377393, 0.021596280957931636, 0.016999172492418, 0.01676593628702823, 0.028555098554112493, 0.02521832588190969, 0.023807928531546618, 0.019715058825521478, 0.029485413307420535, 0.02196079509736067, 0.026597737423804703, 0.02338389389012046, 0.019873525326474045, 0.02440826741363619, 0.02606188829458442, 0.02064683553554131, 0.02363350801480914, 0.01987416833525199, 0.02140246393517541, 0.02188506655531072, 0.02156549515631911, 0.01925885353778282, 0.025087290568718414, 0.02400859002922842, 0.02485773405618911, 0.01904755889486785, 0.026046472369176274, 0.02353333045716576, 0.023102584872739786, 0.029071681056490727, 0.017849588735204196, 0.024632201266820718, 0.028536044281132027, 0.019102908870662898, 0.020837748379190026, 0.02172253125587913, 0.027648095427627858, 0.021566080773587855, 0.02542566434231948, 0.018492569753698965, 0.012800036369288942, 0.01878030870072932, 0.02174004846819295, 0.020282437925624373, 0.026074333355627047, 0.03201353653846828, 0.017487445340466756, 0.018570099396260937, 0.028416152180854998, 0.018430861864909557, 0.017510160395860185, 0.02182411355026379, 0.024471737671625058, 0.024119260545606123, 0.02176258032472233, 0.02416334173384022, 0.02654443877912519, 0.021145009474846006, 0.025873276367566186, 0.02323297650145661, 0.021947861092328554, 0.02902021327524079, 0.034394735834912184, 0.021908656654078963, 0.029022928843559368, 0.021026812654050514, 0.024779583275604724]"
89,"[0.016615967638835827, 0.019138108714439633, 0.01715370052044301, 0.02446271189470879, 0.02635023032001138, 0.020645203583283697, 0.02479160871234792, 0.02637671449669775, 0.015738996106519167, 0.02524980985213452, 0.020481299362888852, 0.01862508804259022, 0.02138522096739175, 0.023423123986333196, 0.023539677481184785, 0.02036154401962136, 0.02004062895920052, 0.022056852718369754, 0.02094423056378227, 0.025925979358240765, 0.018704152542728572, 0.019893794316892324, 0.021559392728073085, 0.024503984304062778, 0.021171953677272756, 0.021349808437669884, 0.018655725147786687, 0.022605125768256698, 0.016414088034538275, 0.016582147861425346, 0.017810752109901785, 0.020468339021361043, 0.020759368726469992, 0.021168682668715133, 0.021922454688958894, 0.01302940116445209, 0.016093928092151138, 0.015885345659241473, 0.016508190429210413, 0.022892311711575044, 0.013029192833397102, 0.019391362902089364, 0.02466379695448996, 0.024893937302416874, 0.022753917161477972, 0.02035425034537627, 0.01899259370528439, 0.02161213636550523, 0.02179374658321381, 0.010685437517221855, 0.02352082945402257, 0.028583583961061965, 0.018806255206430145, 0.016741365697896297, 0.02061368271465833, 0.018191177328814367, 0.027369420168231604, 0.01792788645147879, 0.015978366347196588, 0.025814238207441942, 0.02247921780679078, 0.025347859484535017, 0.01561251031403366, 0.01955599451703246, 0.016957907518192095, 0.015512593630363137, 0.030536579193212707, 0.02101603404230838, 0.021507136106348444, 0.01712725963297183, 0.02125808831105514, 0.02445975116571294, 0.019720763423638685, 0.023651353070921834, 0.023208315119742272, 0.020621931095793168, 0.02184355354146395, 0.02027194559607166, 0.015394509684928129, 0.023684952338963037, 0.01811878566341256, 0.02041821943909792, 0.021023906168567294, 0.020936289555268685, 0.01633567504227267, 0.02040397655329085, 0.023384541495402197, 0.0144500279173646, 0.013869436155116998, 0.01795668821514862, 0.018817861863391176, 0.017607865562448366, 0.017082824080197515, 0.013612579503977781, 0.013469737164283313, 0.020379403505774284, 0.016467092171518313, 0.023143123619657785, 0.019777102302842197, 0.025717182934229567]"
87,"[0.013634539467612351, 0.018145522436680384, 0.01902788349701316, 0.02044443241723918, 0.022935559863799134, 0.018045434387423363, 0.020440920822299126, 0.026934437200664546, 0.015771084867690983, 0.017944676116821875, 0.012872097324881314, 0.019482640042840362, 0.026149583812497993, 0.020132556139248452, 0.02690920958662519, 0.02138746438890873, 0.024998551485378297, 0.020477841620728222, 0.02254135291888127, 0.0280050751536599, 0.015918417933231514, 0.01956253111715223, 0.02118765001734873, 0.02172356070007586, 0.024098168593275765, 0.024894758090087756, 0.020176858088110212, 0.016762338688089243, 0.014748275188853903, 0.01836746446502361, 0.023266447282766053, 0.021493155184600155, 0.018480239385588623, 0.015957310300588026, 0.013759571134887495, 0.020301358591065563, 0.017935907717328645, 0.021844181492991544, 0.020100068609066078, 0.025897125746555515, 0.026986921039167982, 0.020633181320304304, 0.022912154640004262, 0.014660483696987447, 0.017496368388073676, 0.019090285229648254, 0.023844236715762253, 0.024823921307567002, 0.018776215948703174, 0.021829352654133636, 0.02459268514403137, 0.018793964328711544, 0.023082842327534322, 0.014150990154588917, 0.02187863391464669, 0.0172728580315447, 0.02257515517230591, 0.023651363644994892, 0.01743627235955182, 0.028594949961234566, 0.017140204418282852, 0.02479552396345826, 0.01558296190229775, 0.015522414155275537, 0.01814585739014067, 0.021128891882502665, 0.018414447288126332, 0.01693225735538944, 0.018271246953022728, 0.01803663999112361, 0.02410846842564157, 0.020608492723010262, 0.022604820521596587, 0.027088801047823945, 0.018653557581098858, 0.029003940474920515, 0.013892630446650728, 0.0178596022124489, 0.01909294093653049, 0.0194952866014031, 0.017328086808379512, 0.012000635248602903, 0.01789459527342355, 0.017223610533694308, 0.013019499164290323, 0.01701887711251543, 0.020299726755375554, 0.024828658410933537, 0.01614680886937215, 0.020819459856163076, 0.015036598636583031, 0.023024178516280594, 0.017337735763817624, 0.015644459683586204, 0.023751872984865, 0.01822457063566639, 0.018915377039728332, 0.01444998426086026, 0.020702048016181675, 0.022093673551355147]"
85,"[0.02254834839938927, 0.015465419046428248, 0.01558215522173727, 0.014441863446451758, 0.018470128419877163, 0.013854416350233118, 0.017822545593904466, 0.021739642159323263, 0.018699281092546784, 0.01385857398104981, 0.014740380497331448, 0.01816267165851085, 0.012654043843227691, 0.021722564547023135, 0.019900574350956428, 0.015576141717899356, 0.01772669464316971, 0.02337925524002006, 0.0213498300096143, 0.01963069676032647, 0.022758980705770468, 0.015643097366905435, 0.01680081416715697, 0.02036791800648318, 0.022121876942366003, 0.021830545343725624, 0.0246987793509455, 0.018337957324473023, 0.015733564821373024, 0.01825665168424773, 0.020078049177833412, 0.013362872884718602, 0.014766468271709469, 0.01554321616762758, 0.012746338777407907, 0.01806332633199631, 0.017461093872662956, 0.017674013085093226, 0.023694956998318934, 0.016177372632300832, 0.024246409442558157, 0.018582674292082144, 0.02198345521765152, 0.018048352939258206, 0.02339331630670831, 0.017684880864241588, 0.014246586886769051, 0.022624173028362192, 0.021790914539554875, 0.02112134643655529, 0.008821973620840067, 0.014210684027091598, 0.016799146449676648, 0.014189358299440692, 0.02018922488301103, 0.021844599795814854, 0.01573799920814246, 0.017093738683734216, 0.02143970592112361, 0.017114247478268244, 0.02387695625568862, 0.02401381396812076, 0.01876899790699694, 0.01544322800039445, 0.025290216457763793, 0.015534777409600485, 0.02024938718284988, 0.01642657461849525, 0.01586258570811547, 0.019182448185087766, 0.016819085803262253, 0.020537071895910773, 0.01701815303796812, 0.012805538420317897, 0.01856465098869089, 0.015701927872388218, 0.015832011084531996, 0.021172457972283724, 0.015680571179147604, 0.020096956817352404, 0.018193187708467642, 0.01355304470213761, 0.02632723827759425, 0.0176658444244854, 0.02378564159739877, 0.019232722731549707, 0.02214286822384, 0.01791976092889908, 0.020465309278349757, 0.01810151138768702, 0.014834032678964725, 0.020589293050005737, 0.014349503863199239, 0.022948489867384816, 0.0161902141695388, 0.023906285679403994, 0.0207605336793815, 0.01336104676544011, 0.01670364258913859, 0.022171317186715007]"
83,"[0.01718260650105915, 0.01845329542044452, 0.013803228193920469, 0.01752338013726311, 0.01818998411193916, 0.022582219963512958, 0.013073753242506507, 0.019005188966756008, 0.018746386543389247, 0.010633674180662085, 0.01834748043196177, 0.016390694149013958, 0.019302784595200535, 0.028220187696867616, 0.017754246422181746, 0.019153360883022677, 0.013672330259984487, 0.017736729167685913, 0.022883262810449435, 0.013772252258653975, 0.02073670686818515, 0.014967804305074715, 0.012786002086367628, 0.017051937737054153, 0.013536204934100095, 0.014304026811067214, 0.018575777262407233, 0.02103213537656576, 0.019575217653441366, 0.018550699866452434, 0.016284178022007736, 0.02100938525576357, 0.02120752508966417, 0.018029649725343166, 0.014467430123022982, 0.01650054841430435, 0.017156683684098506, 0.017358223473016104, 0.019363491337735367, 0.025066705219947322, 0.024890948272275264, 0.01663121329321872, 0.014860208892735054, 0.0177107761027359, 0.014862719539163696, 0.01955181128046137, 0.017940936091041793, 0.015651732688040192, 0.017105448267833407, 0.015257992611054016, 0.008134017060182975, 0.01556379143899792, 0.02024511358200518, 0.016446389592475193, 0.013797127143609894, 0.023245130401853078, 0.01558803646237798, 0.019788146819063452, 0.013095442579413927, 0.021371942917935764, 0.018925637167527008, 0.018983388051052544, 0.022642610051060687, 0.021202576396469705, 0.018071178759031015, 0.01873593163832174, 0.01907321300628018, 0.011356801986826199, 0.010743240822024677, 0.01689566520268134, 0.014325949327503959, 0.015076676735513606, 0.017153536337871353, 0.012859886168772303, 0.013467472037571959, 0.01253986506311584, 0.018430014742205104, 0.01931750499299443, 0.0176859122400853, 0.012626989609162653, 0.013799200858129322, 0.017524265660437407, 0.01639568899103317, 0.018119811748018407, 0.00945136113526214, 0.011991060758148283, 0.01742486180485107, 0.017442506499284402, 0.011490678225830211, 0.009323528947191954, 0.01663032734453144, 0.026084386544501167, 0.011296095925723431, 0.015794146648306254, 0.018147853300866344, 0.013277491567052572, 0.015108950562197118, 0.01772208845555186, 0.01860363723290555, 0.019044756191256715]"
81,"[0.014311561568260828, 0.02115768844484104, 0.019515888965035134, 0.021512385474576828, 0.020550301345346442, 0.014275549330398426, 0.018547108973442628, 0.011069418615194304, 0.007742257297868446, 0.017239448656902898, 0.01554099089585766, 0.01104409604761799, 0.019417314503017945, 0.014335399155994159, 0.026633123317298956, 0.017620708890369537, 0.015451255899777533, 0.013863133793457693, 0.014125182083961714, 0.022209567485852642, 0.017563707005786362, 0.01877049670124486, 0.014353662281675499, 0.01637962218778363, 0.01912551882519002, 0.025440006425701326, 0.01216911840906033, 0.016604567067057673, 0.015903697390269398, 0.015187365416776013, 0.014286690678007707, 0.016715657458884904, 0.01654900903841972, 0.011302241406077987, 0.015265177567885058, 0.012959843340800163, 0.017877615380801928, 0.017909682377635325, 0.009770683768753162, 0.013647308903979966, 0.014286943608399357, 0.020056768772727517, 0.019058469685883594, 0.017629134590045135, 0.016046131006539583, 0.015763759893878522, 0.01928864031589959, 0.015343240064461382, 0.014362607789652648, 0.02149256811686431, 0.022824426801916077, 0.011367637637668102, 0.015646283899816062, 0.01644728163120855, 0.01598029933056824, 0.016000210752879034, 0.01352878379472095, 0.009722434146846674, 0.014862897673903985, 0.010817263860105595, 0.015246616516375851, 0.018939060768185228, 0.013212594037383174, 0.01577862952445615, 0.01270185221005493, 0.016819008625505415, 0.013921937022218018, 0.0173254533282897, 0.02021513817497686, 0.015436655224592722, 0.01685212734012045, 0.021015738625981297, 0.014745801461950344, 0.01225192296301577, 0.022928637574004436, 0.013582036341273956, 0.017159593116307544, 0.018747867130341787, 0.015442512958645046, 0.010805831948962527, 0.021503190716838216, 0.013357361843959449, 0.008274394835008232, 0.01565266267715177, 0.013202689734550615, 0.018142719207596213, 0.011888647149937653, 0.015929574051485634, 0.019630459200994745, 0.020575804555533886, 0.01657195608054139, 0.01420002763899551, 0.01767326633101079, 0.014304850635108987, 0.013510511113620633, 0.011647050536027565, 0.019819607676346516, 0.01651786764747778, 0.013779208550833718, 0.02164176577700525]"
79,"[0.010210330019641103, 0.015002039017654612, 0.020238850318377456, 0.013601499681630652, 0.015813914131577147, 0.014398598654214839, 0.018284772967759984, 0.013530275831032116, 0.015968999279198842, 0.008650098526168914, 0.014019474902270455, 0.013409350145567685, 0.013495325353204987, 0.009222077243248167, 0.014697092770323947, 0.01600209809205212, 0.019247946692627086, 0.011198026359573445, 0.015009344170469225, 0.014792018769821553, 0.01339012168901169, 0.01141644468645521, 0.013036930934250724, 0.01626296827476552, 0.0156448068336545, 0.012294478909190127, 0.023751345780841968, 0.011075075447634126, 0.018379482656105475, 0.01850421385130603, 0.011097686526954748, 0.01565305670237457, 0.010697387803671443, 0.008895518011959076, 0.013008478438148102, 0.009823700439658373, 0.024904955427285446, 0.016713171718611173, 0.009937111354638968, 0.01698176182135882, 0.01406381828110811, 0.012636448624435305, 0.01582195710793527, 0.011155553667380429, 0.0150812590989699, 0.018637217143406427, 0.01897240848820275, 0.018598631155555295, 0.01833770290587071, 0.017683267429297544, 0.014900739838267653, 0.018238079614760545, 0.014901627376773259, 0.016504788458195564, 0.017724955935768904, 0.010486966950292807, 0.017634221702114355, 0.012654900382317587, 0.020297393552165716, 0.018168916278612293, 0.011751797644964888, 0.014609371966122952, 0.015388297344099683, 0.01325414473640592, 0.007139639625494442, 0.012922151316385098, 0.010381768715951343, 0.014934847547441558, 0.01578811751440905, 0.017719084963416492, 0.014617157904591633, 0.013509835092511385, 0.025644741856841884, 0.015690570766243344, 0.012613039577844501, 0.009313458523432362, 0.011981588043937352, 0.020504136421296927, 0.014357932830520075, 0.01656647689963523, 0.016007100930476675, 0.012127419320098512, 0.015421438523123764, 0.014222747599915854, 0.012904896743753072, 0.018877428326156156, 0.013094507410143659, 0.01425110724007905, 0.011561256339378557, 0.019230084475922896, 0.014916244325947492, 0.017286476223495526, 0.01371204264022451, 0.013389347791077453, 0.016117464221918266, 0.013059515252135211, 0.01877110610614128, 0.015287029668067805, 0.012993167743678948, 0.013401892505460297]"
77,"[0.011884409125154483, 0.014460891453325788, 0.017428287332654804, 0.007667583730699379, 0.008774327288824468, 0.01198027624718481, 0.016007168255955544, 0.015327807812264924, 0.011892009468699422, 0.012973792305947052, 0.00917580951638396, 0.014940732155229688, 0.01155461999798236, 0.015285610782303366, 0.009550914717015748, 0.00970874412014959, 0.014170130953263114, 0.01943502831598063, 0.015327239303022063, 0.014507192573753259, 0.014068484361461816, 0.012950285050044147, 0.009666904422460033, 0.009826782679798078, 0.015019377767263215, 0.01609723506344967, 0.013721889028517783, 0.016587817710266052, 0.015213888837623745, 0.013227074375931536, 0.006661202250850638, 0.016600210109220442, 0.011423372788838957, 0.014222010084371167, 0.00646673410090991, 0.012289774712972795, 0.011352793776269696, 0.014795971903304426, 0.015386938014273063, 0.014789258073660699, 0.012667925766198006, 0.010789365638401086, 0.013662260642213106, 0.010143633402575503, 0.010705763967619119, 0.016171401958045895, 0.008409430377303708, 0.015599332595482447, 0.009725744787143643, 0.012361189336810458, 0.015050585698389213, 0.012031604337496853, 0.010828684469949671, 0.011040013645779374, 0.017251139644125214, 0.02043428758386015, 0.00815648032156934, 0.012982548777941775, 0.014420295907234171, 0.010853530705992041, 0.003994794346818093, 0.013106305047679255, 0.01572724439835123, 0.01732584143621508, 0.014974534817035976, 0.010068581145776979, 0.018968006113063308, 0.01521514233373169, 0.012584550448384465, 0.014304267968307383, 0.010082396807655969, 0.012963708462563424, 0.013020515315097599, 0.010371517932449973, 0.012302052550790692, 0.013623088993682763, 0.006934869033167369, 0.020189858051368567, 0.01344486524348366, 0.014461194863204912, 0.012884943122559838, 0.013144993599488732, 0.010675468452989485, 0.009300652288425675, 0.01703792714348374, 0.008318226329432457, 0.009411038527952395, 0.013592335681074399, 0.014293955414677316, 0.012652902769583202, 0.016308997258944167, 0.009413626821239056, 0.01360873021313731, 0.018302532332580522, 0.009221455673505992, 0.011955615962295704, 0.01411388353615313, 0.012637602572530372, 0.015318878709400898, 0.008387060976865288]"
74,"[0.012292366661192846, 0.010957145026061193, 0.012478659325243094, 0.007914489231824523, 0.010089155104767936, 0.00942360887207607, 0.01306688322763752, 0.01739682000850414, 0.009559548552419365, 0.018334666887523342, 0.01649361814519389, 0.01582744756668526, 0.010474033515260094, 0.013591942814818446, 0.013275264934033679, 0.013508564944448444, 0.01825275011055905, 0.013408538812018532, 0.009656980951904315, 0.016161348520324543, 0.010385871190568892, 0.011087612716924416, 0.011451028131979672, 0.012882735258230507, 0.009169702909559284, 0.006598626730972938, 0.01274830132524187, 0.012286563188853362, 0.010322113666135753, 0.010895468166723571, 0.013361343369058106, 0.012277187076692564, 0.00596602091369218, 0.014719810939095657, 0.009885231036228913, 0.014164794567759204, 0.005548845567846866, 0.01259325437506279, 0.00803926287378452, 0.014224913123361937, 0.015392584244522022, 0.013474863284727924, 0.01355357319234962, 0.017787687857633815, 0.01501625292462209, 0.009021899741108034, 0.010895759390638641, 0.012271031221092547, 0.010085625428446399, 0.01604430456351993, 0.012095177526193492, 0.010437481192372918, 0.012607616885080998, 0.008017898900744995, 0.010999356890128958, 0.013210111268349782, 0.006750451571409894, 0.014384292247985547, 0.017900469855764507, 0.012459599328967568, 0.012662190087383006, 0.01566386258797463, 0.015203366441732999, 0.014699219283003976, 0.010496556218374281, 0.010631151457300125, 0.011206528100629174, 0.008699989532303642, 0.013051953404635459, 0.014090275164375948, 0.0140576532129806, 0.010248155329288144, 0.01452772384213673, 0.013885954074702526, 0.008641340421989644, 0.016466591103396384, 0.019141161789630157, 0.010988309742999258, 0.015199999099580995, 0.00965888164255772, 0.011353086156824906, 0.009077557173896925, 0.013936629812758476, 0.012808758141773723, 0.01142435581647763, 0.00856099794164456, 0.0128419431300516, 0.012339679486762041, 0.0149967341857438, 0.013721668588953921, 0.008812804249373337, 0.014958551007253955, 0.014106583691307123, 0.011005512501210119, 0.010659025753797909, 0.005917141726682906, 0.009922646554220328, 0.012204975036988742, 0.011273245302113629, 0.015549921167501021]"
72,"[0.009436412751020588, 0.016223620688181017, 0.010268678377438433, 0.011409971345387052, 0.012550492106397453, 0.01114674946886693, 0.012183311971617984, 0.010491520185290726, 0.013081390027019928, 0.01179047138145167, 0.012942790769903715, 0.012086151505215609, 0.01750367432866699, 0.011177166489346567, 0.009773135704482181, 0.013174827887324348, 0.008021626098442983, 0.008771443884158623, 0.00972862487669625, 0.011755980163829937, 0.012624170193368669, 0.010382291570842944, 0.012258701582959936, 0.011123155240361688, 0.011969287064318185, 0.01264827753565199, 0.009185716539957568, 0.01760236083985376, 0.010217418952862049, 0.009400989708841245, 0.00997759074886336, 0.01696595567978477, 0.013699119145422569, 0.015149953074710894, 0.011323332762692335, 0.0169401152637233, 0.01511724399188031, 0.012346536706291098, 0.01140016061281131, 0.01108754093369535, 0.014451964760853312, 0.011858525277925412, 0.01580501348554676, 0.003986584767525218, 0.013846307848381605, 0.013497023809187767, 0.004622296489494508, 0.011110753861537244, 0.008819925536737524, 0.010445117116822437, 0.00934363506818277, 0.014655106480393146, 0.016422735277725944, 0.014581144443727129, 0.009696289134166312, 0.01176432341289602, 0.01319522311300178, 0.006662204054590166, 0.00789254744690779, 0.013956322359373764, 0.011163566930093223, 0.01004647496915882, 0.01259279498461716, 0.01262893618972802, 0.008676298755920332, 0.012252674346650415, 0.008202773745860023, 0.01438531601686097, 0.008564782086972556, 0.01321045749994647, 0.011189547312720682, 0.00987722872581228, 0.012172412451839587, 0.013939729388020522, 0.010305917974008743, 0.012352425734033397, 0.014882592322854033, 0.015783524131370727, 0.008997778328866916, 0.008934323426566736, 0.012106784950641455, 0.007106305782928111, 0.010373331380595461, 0.013801248775725777, 0.005643950438087397, 0.016090713292697904, 0.009383143500069784, 0.010697001633828059, 0.012119865991490439, 0.007968920556184518, 0.011944331020633739, 0.00717041067042557, 0.008658723502482797, 0.014045918686762313, 0.013558621976505628, 0.01684474466945743, 0.00959477230139679, 0.006501735690446417, 0.009645436799578994, 0.010657108064261527]"
70,"[0.008363303085663982, 0.008177042934587457, 0.011101179936446194, 0.01303834544434467, 0.008239837177619946, 0.009623696439655782, 0.008729912646642982, 0.009701263925301478, 0.011245072582165155, 0.010217321022649547, 0.010261438812223515, 0.00791548480918618, 0.013546770640674012, 0.007476518152995559, 0.00914572864321608, 0.009463042504675216, 0.010361694252126814, 0.009153998735062967, 0.011422630393189503, 0.014451800051026632, 0.007065688997212811, 0.011400220936586384, 0.015542616013980633, 0.01041101364563587, 0.005918317726967059, 0.013147542970875451, 0.018857430785055408, 0.009811142665779333, 0.010862794968262748, 0.015396388967719667, 0.006766988691468389, 0.013994846052874536, 0.007859464823689828, 0.009825474173138598, 0.008705878549934218, 0.010858481831525702, 0.010402381118043917, 0.014003553918143183, 0.011901913074553046, 0.0036811872139061366, 0.004233662721670104, 0.011600069178120176, 0.012204446231663876, 0.009278219393155153, 0.006490666447490631, 0.008330297523012902, 0.013230679707162298, 0.00994930437648663, 0.006957026648891914, 0.006602802461051231, 0.015333146142422783, 0.009344569456379057, 0.014004555269694253, 0.00925521161249501, 0.011640966336571475, 0.008284518237146299, 0.009962104893590921, 0.012303587030427141, 0.00840875141808933, 0.009062219715440443, 0.009354707998757344, 0.012552499186738663, 0.011432607864734688, 0.011059893208674388, 0.008714055224934885, 0.008298570422891767, 0.007691346589174822, 0.00932960618201904, 0.016326869719672957, 0.008663799883280606, 0.011908081526950883, 0.009960314419396115, 0.01076982962664341, 0.012706952686794662, 0.00835047221079384, 0.011299960567300314, 0.011385151166630306, 0.014343138545645851, 0.009988322212713627, 0.009949483344796997, 0.014614489604034506, 0.011323711911843608, 0.011946683202517657, 0.0075711092850549565, 0.010711427279054796, 0.012156325700316098, 0.010937772641492649, 0.009522335904570337, 0.01137678236748654, 0.008821331262851693, 0.008814358097844322, 0.012093061611039244, 0.00857970462965254, 0.010225608775472128, 0.019212486795773195, 0.007492715029653006, 0.010238096032084901, 0.00984536538962666, 0.008538844034262196, 0.008369265171503593]"
68,"[0.008290787161727861, 0.008082875499592038, 0.011215469634589708, 0.0032763487933506422, 0.009192235284036291, 0.014619695974078157, 0.010764119431383433, 0.008307958836598454, 0.01079367253447819, 0.011724486014617511, 0.00676361493436067, 0.002587690423733535, 0.008985640050784734, 0.010704272685515924, 0.009355897556171907, 0.011122254246192353, 0.005454905716856843, 0.0025822045411495035, 0.006655738029565132, 0.007685885082100673, 0.009747033788330122, 0.010163537229025956, 0.007876639963168746, 0.009329868385204831, 0.011855100328367854, 0.006901751727999347, 0.008606454832086713, 0.012992000398445907, 0.0067206920531794265, 0.014033288998314018, 0.005413049888450908, 0.004454823152446423, 0.00473965308121789, 0.009267360169916916, 0.01112744335700907, 0.011686258664514348, 0.00666352176488925, 0.012424444067753015, 0.003173077179137085, 0.005642245477854667, 0.010649801271745104, 0.00880761875808649, 0.005948829873652845, 0.006908010506340924, 0.0076823789464628145, 0.01289680204438613, 0.012984276194192354, 0.007340041104094051, 0.008070406222673196, 0.010167352808880467, 0.010751016415336183, 0.01052646510937842, 0.01129490639911825, 0.01009821632302949, 0.008069663861855893, 0.006733267424903621, 0.00592157578814258, 0.009172373151882815, 0.005198834532366454, 0.009566198698413474, 0.011320321200682347, 0.011355476618846182, 0.008687172072688784, 0.011014034340924711, 0.010570076511424222, 0.014079250861019096, 0.005166256449269546, 0.010727321264903295, 0.002319412877397349, 0.009706617931741707, 0.009178069480177473, 0.01386183656647406, 0.01101569474300745, 0.008609337159709239, 0.0037062417926528937, 0.012078437323013419, 0.010795225589430106, 0.006581948473804519, 0.010831640801405156, 0.008821611915186859, 0.006744775761059278, 0.010671561171449701, 0.011809638177658772, 0.010262445774324454, 0.011544160535675807, 0.013779514971922584, 0.015495254129352005, 0.012510992095766404, 0.006551889764779498, 0.013351635811022328, 0.009538450062570699, 0.014515922708529272, 0.0077346908742985014, 0.013568240623621913, 0.009147470652572069, 0.011198461101383034, 0.01248711781567477, 0.01203954276978596, 0.008222776676016659, 0.008678564294928599]"
66,"[0.00954579462908441, 0.009300365970439338, -0.0011335417175115906, 0.007738665225968183, 0.01093244761369427, 0.01269201193087415, 0.011525274469471667, 0.004851340626238891, 0.008383751769196993, 0.0031030704628369973, 0.005491164482775679, 0.005847421042155978, 0.010326592204509526, 0.006005591667478453, 0.007973650879546436, 0.011698201112056147, 0.0131986547989651, 0.01354745944380383, 0.00956585746625737, 0.011852211318874015, 0.009638949320126823, 0.007369246907729316, 0.009937223599357534, 0.011912590265532935, 0.010462034814184982, 0.005401819557692274, 0.01011302147599294, 0.010295848893063678, 0.00743071131817176, 0.004250922139990875, 0.010997442056052617, 0.006297622254964639, 0.009494000352895854, 0.006260688509944537, 0.009375277526497312, 0.002782253552879623, 0.005620572653954091, 0.0033966413566348243, 0.011939346819596445, 0.005380556961211284, 0.0033277648839731785, 0.008618236307569244, 0.014186258916411473, 0.00460464930722841, 0.010928700135132838, 0.011283350255406069, 0.005380818079492081, 0.0066593544868722996, 0.0015670956596365718, 0.0034738534506499018, 0.00417610171985566, 0.01034963740745851, 0.004952645894436229, 0.012468990406415033, 0.007822814300351099, 0.012171931487123406, 0.006524653295576272, 0.009414276771556282, 0.00971470665428886, 0.012590276604768875, 0.00739604367836457, 0.0064660762806927, 0.007161995775019844, 0.009739968397426427, 0.009439392970973499, 0.00797389084072854, 0.005212617115578728, 0.0093849520132781, 0.011724702855386099, 0.00957011818915916, 0.009375869669961826, 0.004751250367617975, 0.01014908986809825, 0.009246112875418249, 0.010272846195967874, 0.0047776358898192275, 0.011524431009968425, 0.007584025247963931, 0.009301740969606493, 0.01124031285773869, 0.011751933957407909, 0.00616261645613204, 0.0063885415027554494, 0.011222001298045256, 0.006267680089999392, 0.007611588376183508, 0.00677629316846874, 0.009250059052100284, 0.01136730858870382, 0.009022367448898054, 0.007381043369695428, 0.011473337939674474, 0.006843136851323681, 0.014089239325563047, 0.007515359415733647, 0.009273431711602201, 0.009826947432093846, 0.004120387266827852, 0.006677356298784551, 0.005907255374180271]"
64,"[0.009914828781998722, 0.010831233794057604, 0.006616441311139572, 0.006761998272985897, 0.006597879604394022, 0.011494187804010035, 0.0033368371740977476, 0.004654635086923934, 0.009361190890339151, 0.007504333185532077, 0.004494090573597688, 0.016817730781106165, 0.007465017750353555, 0.01116696570483951, 0.008886215586619993, 0.0060695338313987, 0.00622070451163222, 0.00705752428088749, 0.006552375853361219, 0.004817265630450424, 0.010313984392685636, 0.005932419039781561, 0.010573413254333232, 0.007388293064758278, 0.010408198217156713, 0.007063857252175767, 0.0026165095571726777, 0.001164714902463472, 0.007301113775352592, 0.008757250013362505, 0.011779437619570685, 0.01003675771344838, 0.013943216880816981, 0.013140964685224653, 0.007377094930060188, 0.006175143978790053, 0.0078943360146359, 0.0099980901366833, 0.006107710585743405, 0.012034194268255681, 0.0070771381387680745, 0.009351067843948988, 0.011303922231796203, 0.009443778593926106, 0.007171901701909362, 0.008837824561679699, 0.010081912537886194, 0.008528370308051304, 0.009118924284113346, 0.00781338478550789, 0.008283052831301332, 0.008809896622004224, 0.006058782445825507, 0.0086071804232381, 0.011032763839391677, 0.01368865489307886, 0.006642263716258738, 0.009737859139056065, 0.0030120877711128408, 0.009594386586738996, 0.004781712819519559, 0.010226711010773281, 0.011900052866019183, 0.007032363189809331, 0.009080291649922703, 0.011115254219697559, 0.005819762242755135, 0.009710602633289371, 0.007705322564795977, 0.011556829864582951, 0.006579132759716916, 0.0037557721638916317, 0.00589100339784033, 0.008258046945445435, 0.007557116476355516, 0.00561003451565444, 0.007760786395803075, 0.010048903249032544, -0.0002801043491217351, 0.00909474697412318, 0.005985187396125103, 0.010362971821519558, 0.008905431489940484, 0.0046302852888255395, 0.012735725650025195, 0.010463972218309458, 0.007652334969822061, 0.01390505089487782, 0.009477256418168805, 0.002854085824099008, 0.002726350458360939, 0.0053232599613493945, 0.010509238246029128, 0.009383063915553734, 0.007536426450148167, 0.007500591167286296, 0.00931458982089615, 0.011053116087381373, 0.008595417338580708, 0.010164941536156888]"
62,"[0.007755621577367507, 0.00630275963924145, 0.006683745930551323, 0.011108930558592666, 0.002623807128649835, 0.006244346803656666, 0.004625039525741897, 0.006435271529845982, 0.007726583541440924, 0.009716622755527307, 0.004849000262693004, 0.003293217044172896, 0.006129843359694916, 0.007523699575890544, 0.004801974747871739, 0.006908044671961376, 0.00762897938418275, 0.010260285257570294, 0.00545689424119945, 0.00756041479723005, 0.0067467093816866415, 0.009615955055089408, 0.008353444767696335, 0.00970324494537441, 0.007571088213813169, 0.010963274151670406, 0.0037073115759935953, 0.005722200813351646, 0.00854268627780763, 0.006250674510469322, 0.009498213157428017, 0.009123668993094476, 0.0009986058355966367, 0.008362307837851928, 0.004792613273046517, 0.009745919473959258, 0.008676654642700652, 0.005560621066710035, 0.007364938939828922, 0.003428464142242503, 0.006259244570206619, 0.0034547611011016186, 0.004645371738172524, 0.010772004588013077, 0.005474769233345448, 0.005248460576242274, 0.007118440098219185, 0.012547821196726204, 0.009239196403357646, 0.004747885330414804, 0.010325808989559142, 0.0029348051256257116, 0.010320845024076156, 0.0059134932787483305, 0.008566995168367326, 0.006373022259040623, 0.010485756964456255, 0.014109486218583538, 0.008040126612298665, 0.010192842682335793, 0.010919787284714206, 0.011197249769631155, 0.0041056393899099606, 0.009224196615653138, 0.005936850284558901, 0.009502678832035889, 0.00833741055356129, 0.007654002782395661, 0.007392428979071744, 0.005548576835834985, 0.009222412857445255, 0.006216409303455344, 0.001936748507646706, 0.008561696516870923, 0.005469219523511438, 0.006131121790978069, 0.004394632306790142, 0.004450108251015003, 0.005808630640658012, 0.008349259612837603, 0.0053385977821288596, 0.011271868396271588, 0.010517337141572118, 0.003968845757301334, 0.010605249590985948, 0.01571174764245189, 0.007091959933980445, 0.006497545505741425, 0.006502800311701786, 0.0059353388156207585, 0.006475978308743037, 0.006564245814242505, 0.0113380080954394, 0.00738952737114958, 0.011658115734161941, 0.007239690632040753, 0.00647099241750819, 0.0071266418187359215, 0.012163780802088842, 0.009301588106442845]"
60,"[0.0041890187004322305, 0.004334121340132019, 0.00737804002367162, 0.009188674304698772, 0.007665034500070172, 0.008817978970195694, 0.003771742105654472, 0.00434456601801515, 0.00848953410009826, 0.012873426519834337, 0.008654113192862216, 0.007894500117168229, 0.006074865660736531, 0.007657208301550756, 0.0075100068507221295, 0.005535350180152507, 0.004821501804337535, 0.009812378875663705, 0.006107416947952085, 0.006520035267513156, 0.0058048300019998425, 0.004783098300781926, 0.007625396005361464, 0.008356412876247906, 0.00817231373696322, 0.0028502788732497034, 0.0011125695466778845, 0.008006730583251678, 0.008445644252644137, 0.00810048403329373, 0.007753802486114552, 0.008949518195661654, 0.00549153455851179, 0.0036762419622141857, 0.003064238251591257, 0.008946128240178897, 0.007131209033885812, 0.007532725772089308, 0.009327545240759948, 0.0026838245804896833, 0.006159913630801661, 0.010516815207249548, 0.0113511676600119, 0.004856163081058293, 0.0019137855412551103, 0.004777272397338921, 0.005665559283625294, 0.007073887868899728, 0.009977280557351883, 0.004441909411296455, 0.006660085558679566, 0.007670396458502301, 0.004435261473488063, 0.008196026499905173, 0.005429697669673381, 0.007850659541485403, 0.006390279790438879, 0.0029927414852037966, 0.009164247227715144, 0.0038520821140489467, 0.010097295311634988, 0.004845599139488887, 0.011014493460230172, 0.008662812343676034, 0.00660619895147876, 0.0037071199777904203, 0.006135123558737852, 0.008081053388040929, 0.00405008898526911, 0.007861628818681122, 0.00788386403996419, 0.0094365557372769, 0.005471267575262108, 0.0009211295795758668, 0.00874367702055927, 0.0046746792313764425, 0.005256090029486275, 0.005141143609718383, 0.007796911276809362, 0.003341974990527949, 0.0057467773436093465, 0.0022790214970899382, 0.009081850174304986, 0.008212889745544856, 0.0013183803539740793, 0.008610846453681502, 0.005646517917110032, 0.00886942105517984, 0.01126555221616026, 0.013305281289402669, 0.003036521508038885, 0.00794966433104071, 0.0007572794849368523, 0.007163267266724305, 0.004976104045780059, 0.009895123799584961, 0.01041546490180507, 0.005351887561944952, 0.005827319712331321, 0.008678099118395207]"
58,"[0.0058749550280974136, 0.0017290734169918508, 0.010608742356568196, 0.00904474954679891, 0.003236159796905245, 0.006492941355447751, 0.003792646998162795, 0.009391319033082018, 0.0066244234820672775, 0.008201330856493659, 0.002579018231796366, 0.007576141907991497, 0.0067641179877835035, 0.007989745446041148, 0.006583663030861676, 0.007075138853582121, 0.004041771890029984, 0.006372887984955485, 0.00528928775917798, 0.002542881803358268, 0.007343440163463597, -0.0016157791635967496, 0.0009133457134678674, 0.008542694735901697, 0.004592560051049178, 0.0038625116442138827, 0.008595415371486751, 0.007069743390198551, 0.00635646837366674, 0.00795734953354921, 0.004544351143446671, 0.006714039816882113, 0.008464538005479272, 0.0035151915072481068, 0.0029034217835962523, 0.007353178460044618, 0.0036908800396495897, 0.003399622949423136, 0.004731586273181573, 0.00381368343683955, -6.991071412093082e-05, 0.0010391765722812898, 0.00616174676966647, 0.008936855925376462, 0.00640620978336874, -0.00025449556716562646, 0.00047515369543783945, 0.006030801436297735, 0.008587498159712468, -0.0008833507639100094, 0.006381564963627753, 0.009065274316392768, -0.00276978658918665, 0.005121359295428423, 0.007043023063734765, 0.006762287216875241, 0.010539553853291833, 0.005765662871211593, 0.010227968958046398, 0.006587669711529373, 0.0076347246999593655, 0.006876052767028372, 0.008592274035915715, 0.0049790909443218675, 0.0067941019069300826, 0.0053504820535657865, 0.003725376303573357, 0.004566719771906277, 0.008024299728438744, 0.002834393839011998, 0.007486822560407937, 0.008459914071037999, 0.005664816113889304, 0.0058117606654835945, 0.008293975947110234, 0.002951513186266329, 0.004840994189653626, 0.006977139373780956, 0.01188560266793782, 0.006251908483774534, 0.006602064069290836, 0.006653999008359945, 0.005054141302251963, 0.0028546449589489657, 0.006615613216471855, 0.008017153941827521, 0.007860880522890407, 0.0069748149604206165, 0.0010667251692760681, 0.005513702769991808, 0.004131394179575705, 0.005650474595198213, 0.009028941783007068, 0.01272784188390508, 0.005367308078311424, 0.011625314065132876, 0.00637283049557461, 0.007386162332099502, 0.0068000435800900155, 0.011273393533862221]"
55,"[0.0057723830322196105, -0.0010606466653291895, 0.00920877495348249, 0.0012844396982948812, 0.0019535628433542443, 0.007320939358461704, -0.00012796585391327783, 0.004804301132622438, 0.0028334475241475338, 0.003229818742165938, 0.00739543823914315, 0.006129412003996116, 0.009204669251846686, 0.007400793666846722, 0.0015336493813158446, 0.001216766185116169, 0.006537751677520282, 0.002361481028151861, 0.005571052191520321, 0.009156659363359774, 0.006401296130710718, 0.00161509568898381, 0.006556388656136194, 0.0051052012277111826, 0.003418547411048872, 0.009387042421728851, 0.0058072768588459745, 0.004664783099050505, 0.006436960333621164, 0.006085120456620257, -0.0007068580799475375, 0.003361071374042479, 0.007914406364048948, 0.005219547200923388, 0.006904830618865573, 0.009736945220533512, 0.004452413364090722, 0.0018080247417428296, 0.003002497980978586, 0.003277556594505847, 0.004827982868050927, -0.0021227508760856438, 0.004124307724413028, 0.006363712682604467, 0.006140316037819704, 0.007529019531962842, 0.004777417131407602, 0.006575696630527405, 0.005884974007556732, 0.005404793848771957, 0.0051254420298948765, 0.006111497837240567, 0.008063044476613117, 0.005143956097656328, 0.004336601505585363, 0.001708511916223377, 0.004084993828120228, 0.004656988914692106, 0.0032821378995373683, 0.008918507697938302, 0.004786449903080101, 0.00340434546286322, 0.003965485613898045, 0.008121941083077996, 0.0037605501777851426, 0.003312180581741726, 0.008785853317398873, 0.004270183267957158, 0.0044639344489977, 0.004913938835270637, 0.005599592365319124, 0.003125761963680817, 0.0024734573168504813, 0.011041646354703805, 0.0030952985975270086, 0.004884532567927437, 0.009917619347304236, 0.006788615275513126, 0.000400887646726632, 0.0037852986471650263, 0.005683801333728641, -0.0003796236178361936, 0.006034512378978944, 0.0041727851556539845, 0.006742581238742947, -0.0035511922804844936, 0.004827205391848498, 0.007738547190305773, 0.012763655062854519, 0.006472319558230865, 0.0024088961795042736, 0.0029369362044014123, 0.0008063236955244584, 0.0014963060482045356, 0.007814383038802516, 0.004805492240540656, 0.0053561699412931485, 0.0036785659528487478, 0.0038075990724458658, 0.0003519089160543917]"
53,"[0.0027224079665786843, 0.00022274238663519343, -0.000737688378482528, 0.006408186725901126, 0.0018187303615991878, 0.00538201551599122, 0.0019763735036596648, 0.0069500050743053566, 0.007536637959245218, 0.004140127622108013, 0.009458720040208722, 0.004777812632679389, 0.006184374072982739, 0.004099163715042238, 0.0025896280122399006, 0.000967877327947849, 0.0038114522421542367, 0.0021443499500538713, 0.004387909624913035, 0.0027805898584642346, 0.006045705652820546, 0.005560818191813048, 0.003639419715494302, 0.0036452513899510666, 0.005546723041217703, -0.002216307181209421, 0.00806614549724958, 0.0033183383466799193, 0.003667130225663324, 0.0027640376760513247, 0.00531162593661231, 0.007160090057673436, 0.008471017776957085, 0.0060180315145350665, 0.0017751321092021963, 0.0055357116943393105, 0.0032828906031306332, -0.0006520282744976219, 0.007793563812441766, -0.0009919421697627126, 0.005576226394202762, 0.00931504836163492, 0.004596382597590053, 0.000803458890894117, 0.002545915417792822, 0.0029806277224384736, 0.006894224700616997, 0.0040084415604001895, 0.004176500143387114, 0.007336673563970508, 0.0010813330983246506, 0.006529067143487054, 0.0006080804270200471, 0.005767277799801502, 0.005597875615624847, 0.002777747613023424, 0.003023425455376547, 0.0050138767863662755, 0.0016637990663445786, 0.0021689868795795667, 0.010830335098211871, 0.0004242872809483224, 0.005426079088975113, 0.007524737870988062, 0.002448537726564183, 0.005009402282154353, 0.003977365065891874, 0.006223678587366736, 0.003259941496631221, 0.007181368894907147, 0.010020453348797946, 0.004495187587638066, 0.005850612584749981, 0.006072142658187183, 0.010439887772558413, 0.0012954309650079856, 0.0024594088162075657, 0.004191193654124516, 0.0026361466261876363, 0.006566493840401906, 0.006125563023694066, 0.006279688763436611, 0.008760544759760283, 0.0054562126582744005, 0.005400713390042934, 0.007191425839297679, 0.0011347561148875463, 0.004861706498069458, 0.009706620817916773, 0.0005115972419346672, 0.0027111832514796733, 0.008898706184389822, 0.0062931300436145175, 0.008224995211673898, 0.005032350300435591, 0.005213235525915458, 0.004521541358740817, 0.0032421551413263716, 0.004181790889616779, 0.002254194114187845]"
51,"[0.004643638501379233, 0.0058740280531737, 0.0012290378514875297, 0.004395140111334412, 0.005378703101705234, 0.003617751633322346, 0.0059384791856350195, 0.006951677349330087, 0.0006065279763609856, 0.0011541923732053675, 0.006518597451871444, 0.005748040422496436, 0.008328909651536013, 0.0069704816401419, 0.003978810096818473, 0.01145719755399476, 0.004456241813938781, -0.0013512592095417672, 0.0037720237802535703, 0.009735555166312785, 0.008190358189416906, 0.005306745462937491, 0.006266116969663231, 0.0034088082308591948, 0.006290467582609822, 0.006203582660294245, 0.004555097407444511, 0.006457929760721601, 0.004479055909066479, 0.005505940726237951, 0.0028369330231163394, 0.006041251387251057, 0.001507634406107955, 0.004626881460787684, 0.006684318634624739, 0.000693516527340453, -0.0025930021936401075, 0.0038125670298656137, 0.0019064309719019816, 0.0036983829648310593, 0.00457378957828797, 0.003731775777484768, -0.00015730677375883631, 0.0048011612190563095, -0.0004542776018948252, 0.005241785362145235, 0.0021853152739193292, 0.006451835966598825, 0.004921932316041317, 0.006705158748248749, 0.003042293797516863, 0.0015236604569095664, 0.006059932468900925, 0.001354576730042993, 0.005000588059462053, 0.003739772367491852, 0.004124794603353535, -0.00032697151903164325, 0.004812576951135592, 0.009010252524687934, 0.0041764673551527055, -0.00035856017933986073, 0.0018551733179556407, 0.007138656243401086, 0.006182462804382518, 0.008161292128743163, -0.0019143334289138613, 0.0009118150017425993, 0.0060477105344871945, 0.004352530658540213, 0.006505670488250341, 0.0032668935100616573, 0.004042495497284338, 0.010217751506484598, 0.0047681652296789265, 0.007075196834708883, 0.004915593213255093, 0.007781624214755221, 0.005649101772283252, 0.005394054284606647, 0.0014918586886069768, 0.0028505633564573068, 0.006890105617046275, 0.0010061348330436268, 0.0019565913212319613, 0.0018066641635158987, 0.003138759264650258, 0.0015642551384661583, 0.0020358066202764754, 0.005905156537880927, -0.00019215629315456003, 0.0018952260558829535, 0.005877257821166331, 0.0005412380469285668, 0.00399124499265199, 0.007625636744005183, 0.004288077418334744, 0.002711149855127493, 0.009274629427452608, 0.0089105291069002]"
49,"[0.002813750033209736, 0.0006233678572036157, -0.0017688451162485297, 0.0019798194883787097, 0.006731371243528603, -0.0005540436316703683, 0.005180619233849934, 0.0029354120399239583, 0.0017643098417258894, 0.004610755405527, 0.00614211789929071, 0.002830778814542064, 0.0042905185452651725, 0.0028528454483643354, 0.0033244587595491937, -0.00026815774530732827, 0.002679653289869474, 0.0023896429466684077, 0.005057450744105966, 0.002032168455269301, 0.0054118302938799415, -0.0007980611882180135, 0.004091082270431728, 0.004887077873708607, 0.0026972406806667084, 0.005513235089898006, -0.001746931636134525, 0.0022851572303016847, 0.006119278357120319, 0.004164905629220543, 0.0023674083947761515, 0.005328067889234047, 0.005803558512022104, -0.0006743783110132777, 0.0006909731249162353, -0.0014800851719696916, 0.0009591305503364041, -0.00012328896054724509, 0.006345475558698933, 0.004028030948279229, 0.00903825229611821, 0.005120616776545522, 0.00672490106391548, 0.010653168181616761, 0.004175585822798864, 0.004460768758855179, 0.0050097950847861105, 0.0026255081019081585, 0.004734946845617164, 0.0026577921994161394, 0.0032608560663949186, 0.004438453077851935, 0.004096363868232843, 0.001529884421214652, 0.00299940683371598, 0.0021072795948524356, 0.000621095634077165, 0.00134993306557322, 0.0004522230028908507, 0.008292027389884302, 0.004607999861742284, 0.003672962802232059, 0.002824918509754976, 0.0038030325951477545, 0.0034559956788176266, 0.004815388207813977, 0.004276983837426173, 0.0013950627723243474, 0.006598504145690933, 0.0003346551523918163, 0.0038188628022385357, -0.00032034359759780263, 0.0021642988571244958, 0.0001599058093450704, 0.006787490377576937, 0.0036394411973558584, 0.0010788529349853092, 0.0030358176439290977, 0.010147958281029637, 0.0050697934115019536, 0.005459614463287402, -4.710347328087727e-05, 0.0038719848975558306, 0.0032567379038519048, 0.0027911135549860736, 0.006287004903572719, 0.000433702060336486, 0.004924854361242257, 0.004520509976916819, 0.0006256095861762268, 0.006726685317526857, 0.0051064038261087455, 0.0016026505705568845, 0.012908771212930163, -0.0007502636421225526, 0.0040758890581060175, 0.002913502360066807, 0.0031582391196357347, 0.0008707823656881851, 0.005850165420850368]"
47,"[0.003857696717247825, 0.003948420217504846, 0.0004911812515514476, 0.002544174121101259, 0.003477710061654105, 0.002998045525899012, 0.0068836823964827905, 0.004286493964974152, 0.002116600525196635, 0.00342073547741034, 0.0010360015233257728, 0.0033320553224134805, 2.3741418075137472e-05, 0.005959094450537598, 0.0048514016483367185, -0.0004802045740336334, 0.0024152593355926434, 0.00355701241628791, 0.003280615333890091, 0.001682726818239236, 0.005413236057785803, 0.004892033664511552, 0.006417505354929803, -0.0007937114924643661, 0.0027913124415913045, 0.0051478250860883265, -0.0035103277034128385, 0.003997712351982501, -0.0018581147566052475, 0.007877493544825519, 0.00479061677097404, 0.0018275741923845347, 0.0028480870773533026, 0.0033023388730246952, 0.004007337451184064, 0.000402386780991174, 0.005176348498830059, 0.004093233230730491, 0.005322542358304223, 0.0037779897280451388, 0.007059879415116941, 0.0021921260667596364, 0.0010968155251780084, 0.004591016551360747, 0.00886543024056937, 0.0037974785645605827, -0.00011723798969303811, 0.0054463372755212056, 0.006291837594418376, 0.002337966198008906, 0.006240192811160923, 0.0047674029917392155, 0.0019096090673833264, 0.003172867365801843, 0.0056325989822536135, 0.0032446849797603716, 0.0004130005787435369, 0.0012044400164796427, 0.0015472113731669747, -0.0007255331898504258, 0.0067667555070973035, 0.002525977280345455, 0.004286605301693724, 0.0019979232641606885, -0.00021536440272574198, 0.0059183384219855875, 0.0023750275159711808, -1.1742695936288657e-06, 0.0027772011308242316, 0.0038562738135597286, 0.0033847772305243056, 0.0008752401160955806, 0.0020853260409082175, -0.00046520593339014567, 0.005080595575823496, 0.0032827036399418136, 0.006868258289044283, 0.005231576654275904, 0.005253359979393664, 0.0008212382637471364, 0.005296328765384892, 0.004131007881324317, 0.0018888705283963039, 0.0002782740502027773, -0.0002970742657197448, 0.005637936838611772, 0.002400036296896386, 0.004289502191305404, 0.0013129532367173642, 0.005272980661676214, 0.005596519557615298, 0.00046797746193851094, 0.00597050395591009, 0.002954591389570114, 0.004196408156335796, 0.0037491964854065966, 0.004756605680576638, 0.0008533341358170854, 0.0009207441965272671, 0.005125623178410908]"
45,"[0.0021765179391737776, 0.005325092440762937, 0.001434582132889096, 0.0033634809919852213, 0.003551499833099173, 0.006029305778782975, -0.001601830952780025, 0.00602120513559165, 0.004748317313356162, 0.002939811202430075, 0.007216996367531164, 0.0017651137675927357, 0.00267439042639861, 0.0016379312863029271, 0.0043263692832856, 0.00888328736439212, 0.0024545803296745303, 0.007400366843217597, 0.0003679356349393572, 0.004237753142011008, 0.002986826832004264, 0.0007121832061617511, 0.0022999450954322717, 0.004982232748943026, 0.0029083698290750604, 0.003999485392772538, -0.004317582813786201, 0.0032156010807108644, 0.0051424465402348666, 2.9448453436076738e-05, 0.0037493611369590184, 0.005768144829533375, 0.0020715201977074835, 0.005141317196717705, 0.0008378523436793804, 0.000936415589838277, 0.006527682834138467, 0.0024660706073096014, 0.0047877022043989305, -0.001125503211865924, -0.0005545904485919231, 0.007337673778383298, -0.00011465110615386579, 0.00518012903212782, 0.0031156713862693034, 0.005325241665484923, 0.0002345579322923856, 0.0008145858032999234, 0.0046561940229070935, 0.0014872971644956322, -0.0006267316471782067, -0.0019544155344750885, 0.0014525096206730256, 9.998771572323681e-05, 0.004126681273442106, -0.001476727518819598, 0.0032719448543225955, 0.0009962272013379187, 0.004305393544022024, -0.001313198874414742, 0.005236599476953053, 0.001007127524213862, 0.004145517920804418, 0.001743858120015889, 0.00435501940977394, 0.0007748128893887459, -0.00012364293603469656, 0.007555777867578417, 0.0023863995706573217, 0.0012440990226824395, 0.002754703668491164, 0.0018981342284240576, 0.0049388335823515525, 0.004620112866032484, 0.005264913318941008, 0.004889746392399102, -0.0031299646684924843, 0.003872411872185823, 0.0017556407342687688, 0.0025890557157507306, 0.004475778960863795, 0.0010833666350104812, 0.0035112050265497983, 0.0033724513797083865, -0.0021330494956186517, -0.0002525437344240601, -0.0039993547760767065, 0.002220190486909935, 0.0020616877535909886, 0.0025213960136690754, -0.0007606504455701633, 0.002494607003056421, 0.0037694601408975173, 0.00501242139379491, 0.0025312558441885056, 0.00044911875744195023, 0.003049064965294207, 0.000681752221644818, -0.0004569140009621941, 0.0006592797488877629]"
43,"[0.004011179792603997, 0.010189268382822605, 0.0031233452152025737, 0.001402444763217696, 0.002891007973877974, 0.001953112592037667, 0.005908176129390724, 0.0017941696269580876, 0.000627556093110393, 0.0024963933385054927, 0.0053305337563199755, -0.003334946770011239, 0.0012576447556307464, 0.0038057876227026717, -0.0006942070781814384, 0.0032095856079640177, 0.004216136196265954, 0.004006164501154535, 0.009410145642388217, 0.002702527874977528, -0.00045031635984474957, 0.0054746669021852115, 0.0014308694281631455, 0.001069328829434761, 0.0047270995521677935, 0.003243097617021436, 0.0019269299224772324, 0.002115145219022955, 0.003180127508393867, 0.00186100353558, 0.006701226560179687, 0.0039031856145026666, 0.0030368926656727615, 0.0020712256509064345, 0.00014390778105923793, 0.0016188963948567336, -0.0010129614545071528, 0.0024308757577205247, -0.000562648316761438, 0.0031436626828495735, 0.0012503351599321988, 0.001503251629603456, 0.0018941789625664908, 0.0014113789066665043, 0.0008772311166928361, 0.0029790855633723226, 0.0013570844635422067, 0.0023877225976367965, 0.005372465868315539, 0.0016527674348277039, -0.002822664292816025, 0.0021638547294379512, 0.0008283255524614259, 0.0017453463038431154, 0.003343402945558296, 0.0007658054708196615, 0.0043154876163942184, 0.005360077430101751, -0.002338613775339312, 0.008363869385840921, 0.001276390586429129, 0.0028687028946745245, 0.004355211865119431, 0.004349191349327391, 0.005646198854629042, 0.002322175125773537, 0.00340102519248595, -0.0006246836067443672, 0.0021877011433102935, -0.0025565010014778925, 0.0010659101404883612, 0.006979128123402155, 0.002439068769600942, 0.0012133385434305417, 0.005680119657439745, 0.008538262529320892, 0.0052416646027440925, 0.001953562671041663, 0.0017751581657113656, 0.0009845616397084098, 0.007420565316664213, 0.0024091051972741696, 0.004177849918268804, 0.0031806070591416783, 0.002307414816642456, 0.002167995042161485, -0.00272628050230286, 0.004000053483652323, 0.003900367744563913, 0.006160097014225494, 0.0013056198727297544, 0.001239189054740326, 0.0042616448317399115, -0.004143705735071227, 0.0035060276742968437, 0.0005094473958634546, 0.005628118870699121, 0.0024487698454088093, 0.0008273751503866091, 0.001975078233730664]"
41,"[-0.0028240999292595778, 0.006478564001435547, 0.0014396778087994908, 0.004525312810340827, -0.00045153855506544003, 0.00041692331868171473, 0.0023029472513368884, 0.00020852830933278484, 0.0008562360044904231, 0.0044078160878850735, 0.0030259490424800937, -0.001486183308351684, -0.0005818475193856857, 0.0056840084525505334, -0.0009933896864592567, -0.0012408272104816604, 0.005047084313934943, 0.005046181825413855, 0.002140288356784976, 0.000564958124035835, 0.0021475806282033037, 0.00524369388740374, 0.0032456655071704944, 0.0013040245543892866, 0.0026988201183971074, 0.00531444506870102, 0.0022390214539475843, 0.0037225301246386748, 0.001860261979162223, 0.0019052654509514528, -1.951160889593024e-05, 0.004406732859153905, 0.001203968639549188, 0.0025096440349552584, 0.0008851780579283172, -0.0012304405238904633, 0.0019543635412131517, 0.0039002584975346556, 0.007037019984140481, 0.0038526606034256527, 0.004555669028503474, 0.0029423545447719236, 0.004106503510984022, 0.0032115814735943415, 0.0027581746363921854, 0.0002758424206687697, 0.002022176886475235, 0.0015242514113020078, 0.003011289095845457, 0.003935319917294946, 0.0021610798157252263, 0.0020523080967197378, 0.0007769344310148453, 0.004438946440823777, 0.0024165757779961716, 0.003099474588980716, -0.001333482002689456, -0.0008376685865780056, 0.006750231704420897, 0.0038635785513176147, 0.0046652371002405095, 0.0029622214077560933, 0.00212245919326483, 0.0046845514005179134, -0.0009397191022397955, 0.005213750952822182, 0.002858292346800102, 0.004471187991724842, -0.0011638352336414371, -0.0022354353704892127, 0.005207596138228114, 0.0017308625018907632, -0.0012096690028472181, 0.003941966107666571, 0.0006163086587314103, 0.0010154991821816185, 0.0022565899486794677, -0.0010085021556043275, 0.003227216562505239, 0.0030126608551593347, -0.002580020968411954, -0.0015745795339804094, -0.0013947178418958538, -0.0038318981282199492, 0.0035779068185854772, 0.00129448397052992, 0.0016726016414739591, 0.0015685480751615557, -0.001153035700513636, 0.002132807690983648, 0.0003681844933479054, 0.004473137214043559, 0.001727528452425311, 0.0015036861883177093, 0.004631271965572639, 0.002328891414430684, 0.002817115522086295, 0.004321060661490631, 0.0046650845108917455, 0.0033759868064398603]"
39,"[0.0017431485680324413, -0.0015830893649978366, -0.0009952642815684596, 0.0029255797955363184, 0.00011972675622456833, 0.004846649205345155, 0.0020547670787564427, 0.004757078729429999, 0.002848471180167333, -2.420686271303867e-05, 0.002806502897584754, 0.0046152908336531545, -0.0021192643342616683, -0.0007012723415448542, 0.0027754413919689152, -0.0011055060234981301, 0.004845427956505404, 0.0039103054593436675, 0.003338685677816242, 8.479811089741486e-05, 0.0020442366700744066, 0.0026212267185363835, -0.0007262166222943842, 0.0031517456524240467, 0.004364321200802017, 0.0030889046473397716, 0.0036337358786059327, 0.0004218027217332324, 0.002731547280766655, -0.001479611578929992, -0.0022092358060881024, 0.0014253173166253886, -0.000951069460304651, -0.0018894366707416744, -0.0024243835244936993, 0.0014629436477564951, 0.003264498816181833, -0.00035727304438286573, 0.0012703880437819593, 0.002276302828330773, -0.0012948456158195973, 0.0010048289891979292, 0.004906089682972524, 0.0017867100806612307, 0.0012156585924915158, 0.003194990707368286, 0.0017634245068303474, 0.0019716060888315314, -0.00018825518328562243, -0.000761683820430064, 0.005650431069501019, -0.006298414965878619, 0.005590104901153638, 0.0019764117617475244, -0.0014658377637079246, 0.001565697473045828, 0.0017540585439751542, 0.002956316635849957, 0.0014709659974887195, 0.0062922317830322524, -0.005066491506182668, 0.0002290270642852212, 0.0016070165756159106, 0.0018376785450276215, -0.001461750840589564, -0.0010539875622410358, 0.004506834511272611, -0.0005369259467221558, -0.00019014330366672828, -0.0013697512800536881, 0.003928199478525596, 0.001915933044786408, 0.0024716182452011893, 0.005862490309957123, 0.004333290157328168, 0.0027024145651682275, 0.002837349257227396, 0.0005847562147124085, 0.00024458997714459215, 0.003482556082499583, 0.0025542213218821995, 0.006435413261307674, 0.0010833405195102314, 0.0010715991942168957, -0.0003786642090303148, -0.0003070782052767298, 0.0012383340132243103, 0.0005383359029201127, 0.006530738800456988, 0.0010160156838929196, 0.004527551954952698, 0.0015936372407369516, 0.005382239663551915, 0.0033175789306319403, 0.004509862668917901, 0.0028753207151934455, 0.008630402693038556, 0.0013027558016720838, 0.005424137896982912, 0.0006259466255619188]"
36,"[0.00552082522662214, 0.003418992669715646, -0.0006700021424098831, 0.00027920040917971486, 0.0027573518748831532, 0.003348206298501793, 0.0008545514550667644, 0.0024008411136514822, 9.914198531039747e-05, 0.0014534929364269614, 0.0012841987716359575, 0.0014206150195061296, 0.00016328219942450103, 0.00242960566509487, -0.000447678252778809, 0.004897512703138746, 0.0008710199292741974, -0.0013493101720576826, 0.004863106522890509, 0.0013582222993316646, 0.0007635945096481368, 0.0007493249183611477, -0.0001951177328997973, 0.0013365108200168608, 0.00048017764260595866, -0.0011645202589882961, 0.001448776010169574, 0.005338811476114614, -0.0024356110813258543, -0.0014242612316087899, 0.001194715481377062, -0.0004655675705483573, 0.005129101266088235, 0.008389368105153658, 0.003182585799455169, 0.001398134136508133, 0.0036757983454714965, 0.002311202373812295, 0.003871493573870812, 0.004298119601209408, 0.0001442013615503171, 0.0018665737337714733, 0.0005181863583237356, 0.0010894838818749075, 0.0024009158514790327, 0.003449312109135351, 0.0011686520684329002, -0.00015746281083590342, 0.001897192009305209, -0.0033239443106795035, 0.008351743838800114, 0.0029758233167817326, 0.003605331768124979, 0.0027970420500275776, 0.001510971262089405, 0.006140856102154376, -0.0010892601191320826, -0.003003941087624234, 0.0037065753017910567, 0.0017398143646301886, 0.003917451695831046, 0.001741583690587823, 9.017443360292454e-05, -0.0012843964302188065, 0.0011145966242094095, 0.0011546923280596456, 0.004428387773690538, 0.004175533327981474, -0.0046791591299467075, 0.0023313316540086674, -0.0001119943541908536, 0.0005801555368527407, 0.0008878975129655152, 0.001954959736032552, 0.0025292982397107583, 0.0032960603276236677, -0.0009816414315705693, 0.00234819701801246, -0.0017964781113913356, 0.005958631940501243, 0.0032319758979392215, 0.0020164480434546714, 0.0018272055263254998, -0.0008821815684727105, 0.006426271326242683, 0.001322018336492709, -0.0008755031585942839, 0.0012233841263801775, 0.0028470890227835677, -0.0003445783462467196, 0.0016268221423448395, 0.001698751405503907, 0.0023896069625569494, 0.0007969773021004983, 0.00025037838603924424, 0.0014715298159071715, 0.000610040580198561, -0.0018971468432759972, -0.0018726507367228104, 0.002155090551402222]"
34,"[-0.0010831892784707684, -0.0027397518858658463, -0.002321148520420297, 0.002137260108771734, -0.0010478131759822343, 0.005989735363027058, -0.0021680015176635866, 0.0008251638702108103, 0.0008146374551974696, 0.0017250059206369976, 0.00073726478802661, 0.0020909776172945227, 0.0020624337371808006, 0.002497621274960605, 0.0020582398377052957, -0.00014597231152776947, 0.002043438942241155, 0.00032657076074185497, 0.00013371452483975347, 0.000942651301085631, 0.00466453217668356, -0.0012996272419757574, -0.0007928901059134131, 0.003338927225384975, 0.0012309652286574915, 0.005060372192262767, 0.00040287712554284603, -0.0005810396333447438, 0.0008500276626322336, 0.000610115302759037, -0.0006102626591739647, -0.0009142068892839941, 0.0008709021362818946, 0.0042393927581549865, 0.003954587697268469, 0.0005325284423985255, 5.393473035255687e-05, -0.00010493654153928276, -0.0015775001918649013, -0.0027228266198634963, -0.003151386649355754, -0.0023853046691961893, 0.005472155650092614, 0.0012275583345269312, 0.0002778459612186096, -0.00026711021483577583, 0.0038265483211444634, 0.0005471266033083683, 0.002201174777278119, 0.005201296075301149, 0.0016553722929133396, 0.0015166360169089474, 0.0011914757438196129, 0.00384996969040555, 0.0017174024645269655, 0.002859519456349199, 0.002264476931957905, -0.0013630474198059953, 0.0005024667594729061, 0.0016394233319385213, 0.0027333408667086956, -0.0026160276239669206, 0.0026972626071650853, -0.001433704881270596, 0.0013328046877244142, 0.007163498695586155, -0.0002800101273183846, 0.002721797524516068, 0.0006788030614996412, 0.001425549134711774, 0.002038926367619489, 0.000565156471301882, 0.001369942442356881, 0.00024745866053305126, 0.0011882471047878831, -0.0019433102231827487, 0.0006070857045829323, -7.529356670270703e-05, -0.001893882178666184, -0.0016985395877771726, 0.004259216589627767, -0.0020595561733599502, 0.001604548243766018, 0.003769460140895315, 0.002486793874771128, 0.009215530419978244, 0.002635968703822312, 0.0008598548297040759, 0.005424451219356978, 0.0004053075542848427, -0.0028377438532776215, 0.001718476925971227, 0.000998903096588003, -0.0014303732366265413, -0.0008846240088397165, -0.001177255330108729, 0.004285742334493047, 0.0010595201442810019, 0.0005519940170762792, 0.0017307661904562652]"
32,"[0.0022437720048151134, -0.0004068801929899918, 0.00024206510798844834, 0.00041499077473174323, 0.0010299226159819898, 0.0010402401622776809, 0.002186111014097162, -0.00018589992000654223, 0.0031262084467873403, 0.0009603868317438083, -0.00043867805165447195, 0.0017309767725666447, -0.001341166727018802, 0.0006579096703237376, 0.00509020552714739, 0.0029464529938640076, 4.4146449253924684e-05, -0.0003137592745923046, 0.0015169140802332394, 0.0014081322250546772, 0.00018950390037214296, -0.0007498625719475009, 0.0013680895158808641, 0.002146880580253429, 0.003593485712619924, 0.0014512271376482075, 0.001494048271242184, 0.0019853223260547, 0.00021783681829090726, -0.0006833893642141904, -0.0007611520079827941, 0.006606108730969889, 0.0020381139987934176, 0.00013645923670778246, -0.0009295887505738216, -0.0003691260005509536, -0.0021239943475537745, -0.00029682477487211347, 0.0014821483757726218, -0.00022988215668376608, 0.001985034220129202, 0.0019966195259746087, -0.001998864955873784, 0.0006546226130575421, 0.002914182690843135, -0.0023004125598724834, 0.00011873992196844651, 0.0039199399555889525, -6.475720418330518e-05, -0.00029629218931325455, 0.001492033873451411, 0.0005849091990730582, -0.0017349419330851981, -0.0042959643921781235, -0.0016717053067148034, 0.0017749681178720206, 0.0013946841468411597, -0.0020368661088605907, -0.0042354303240935325, 0.001180096881605427, 0.004604342644419277, 0.00237830073162762, 0.0032939161759630822, 0.0014506457364038244, -0.002594269071338399, 0.0009418050890424684, -7.054581613515998e-05, 0.004833838791524291, 0.0023474689493077953, -0.0014734629999645207, 0.0023490222470176144, 0.0011828878594807668, 0.007699042023331029, 0.0009097796149627576, 0.0011694079178510934, 5.102370512866509e-05, 0.001350536241406481, 0.001401968282762369, 0.003873385348595969, -1.692692421271411e-05, 0.001267435642136694, -0.001186629585172443, -0.00035530294376770265, 0.003509604322299321, 0.0028478755979613637, 0.0007028697206037271, 0.0004491953501545862, 0.0046285587910786545, 0.0024436427493323004, 0.003002982077796396, 0.0030222386660830017, -0.001385149228264107, 0.0034829282358671315, 0.0020851036177734206, 0.00034534775099709196, 0.0021079826067256263, 0.004360715143934045, -0.0008823638709329121, -0.0004945021022611007, 0.001981185067070681]"
30,"[0.004163007483141821, 0.0034724508557780684, -6.747375008866876e-05, 3.9582776090240835e-05, 1.6730503962917758e-05, 0.0034614880592545774, 0.0023307693895207844, -1.368365350583321e-05, 0.003136094517550904, 0.003214777188885503, 0.00036375266565173687, -0.006562785297645313, 0.003445326371844449, 0.0035318947716957688, 0.0013604848306952699, -0.0008939312030490981, -0.002329839387346828, 0.00402734610042302, -0.0033049602995453716, 0.0018068022543923162, 0.0009712670397200578, -0.002747131963881958, 0.005492637239908833, 0.0010557477481515538, 0.002868423054177226, -0.0017959562219503336, 0.0019007284785370706, 0.002214950596964868, 0.003511291231545237, 0.0015248710083468231, -0.0009009629036395146, -0.0007760892371063566, 0.005473208824527351, 0.0029220615249409745, -0.0008387069104990111, -0.001713175165030991, -0.0030616143015023216, 0.0023943892632079236, -0.00019458664118264675, 0.0005438780202693256, 0.002021363360629573, 0.0010387646374189164, 0.0024896651729708176, -0.0040093351586667205, 0.0009492629592963919, 0.004007928330735822, -0.0025914331269625925, -0.0009053661000389566, 0.0026688301782321275, 0.002606392458722588, -0.0009673665404038235, 0.001462506178920985, -9.613823155591852e-05, -0.0018593552952895123, -0.004137147206439115, 0.00011037249306039731, -0.0005159646810977185, 0.002053094701496407, 0.003589142111283748, -0.0006903836055903551, 0.0011233606195548847, 0.0027700115755855494, 0.0031374526549536666, 0.0009668020829555532, 0.0018998979928116304, 0.0004108902553715271, 0.005053044440046619, 0.004133351802798161, 0.0008839508942065207, -0.0015255059063322511, -0.0005083827985645642, 0.001334690598600447, 0.0016853579965599805, 0.0015337065408836243, 0.0009298269136683059, 0.0026699154025998364, 0.0039493538475072, 0.004477928403146204, 0.0005355332746182317, 0.002129305063827746, 0.0004353673998977331, 0.0028586983619553665, -0.001755736290577009, 0.0021440922621957167, 0.003937638313616573, -0.0010812245800425233, 0.002292615767728172, -4.0728326300445634e-06, 0.001966965871211408, -1.875263850138305e-05, -0.0005585006955343218, 0.003343446546289304, 0.0030376065188526505, 0.0038645097740832987, -0.00033559780867569756, -0.002196464271335275, 0.0012806453663394997, -0.0007805236732222699, 0.005170182770266144, 0.0025667323616416896]"
28,"[0.0021499661555905683, 0.0028542968542610617, 0.0005779368601448883, 0.0030770919259295376, 0.0020899267263798124, -0.00025371998569260096, 0.00202489450180476, -0.001600863244808136, -0.0017758179502360485, 0.001958945391963245, 0.00031849637684589166, 0.0005507553227899446, 0.005772557995590384, -0.0027170703742058896, 0.00040999172659490855, 0.0055375509907650425, 0.0048100837824954345, -4.412566603442284e-05, -7.649067390884086e-05, 0.0010775144868415713, -0.0004916417429226464, 0.00289238602758048, -0.0020139865246826777, 0.002163409168874819, 0.0006856493946228285, -0.0018106418532088402, -0.0008283652277802353, -0.0013832335801539925, -0.003678124595629154, 0.0017978325178876933, 0.0010420857349643933, 0.0006784907260567492, 0.0003505019366475309, -0.0017955945734557106, -0.0002882231507775077, 0.0017190732087538842, 0.0016254405845980288, 0.0006951977674940902, 0.002735225847148253, 0.0013198413028964458, 0.0012512672213568948, -0.0028559347580407205, 0.0036333142927969203, 0.005466191949905255, -0.0002207667105747482, 0.00317099500150175, 0.001581168965883324, 0.006198256729313256, -0.00031466958160692555, 0.0034365504241227808, 0.0013998129633501085, -0.00024051238568637391, 8.325486738806303e-05, 0.007376979283671174, 0.0043874604054353955, 0.0026019634729199255, 0.0022073454052194247, 0.0010011226472733364, -0.005785093209525439, -0.003356029979506114, -0.002558173602523931, 0.00016713724160099858, 0.002172461013334715, -0.0031502564750604083, -0.002762517519470139, -0.0004843762592376418, 0.0021324979683331998, -0.0034266179557422213, 0.002530969497329298, 0.002220234109004871, -0.002432927147405877, 0.00029393268411093506, 0.003525515904145496, 0.0016370241933617484, 0.0013937232677221488, 0.00028593643182221707, 0.0011490910284708033, 0.0016622887764797996, -0.002959105337846604, 0.0011094101900840465, -0.00045754983503361665, 0.0029160353078380246, -0.0013482755397666323, 0.0023997996828139137, 0.003219879215542551, 0.000357308394850533, -0.001531081290923732, 0.005164059767869843, 0.005014035110658174, -0.0012570659054746264, 0.0025875710238270166, 0.00017329176133169992, 0.0021816449622156066, 0.00024372416377219162, -0.0004850077294318445, 0.004399411061474797, 0.0018737225809746703, -0.0007579607905026281, 0.001762315899663833, 0.006191566694436722]"
26,"[-0.0018426034783061587, 0.00039088861834627364, -0.0005830477184262358, 0.0010308668224281454, 0.002542210411615027, -0.0004502066087392683, -0.004379394454882023, 0.0005803598400545538, -0.0006181698916990053, 0.0009555457702749515, 0.0007275674391206503, -0.0021576633829707187, -0.0031603849815862893, 0.0031739290988682966, 0.005095728134005642, 0.002414004150437088, -0.001851267225518315, 0.0043293770183368075, -0.0011185075781587194, 0.0015570662118160768, 0.004035501888231999, 0.0016035015657882067, 0.0009627380784447688, 0.002266859212650465, -0.002293160811179369, -0.0034176862515327205, 0.0024616914408229222, 0.0020540420905761103, -0.0017611373471169121, -0.0023391206081933994, -0.0004596553027196727, -0.0009374186923097956, -0.0006351878750299344, 0.005312003998452032, -0.002317243946107097, 0.002411335510034606, 0.0005729052975741391, 0.0005862554118273813, 0.000980029568443841, 0.0008262947847773112, -0.0009076637119456842, -0.000585718765798657, 0.00035966760646196375, 0.00425634527928654, -0.0007635763475219773, 0.002986945487725421, 0.0018751840979689394, -0.002043778524780418, 0.0009163449103616988, -0.0027973337469988035, -0.00010078731101370545, 0.0011274150398159287, 0.0003208996145379198, -0.0006831291391117023, 0.0030785608614577573, 0.005509771900793018, 0.0023819520454866554, 0.0011540959890450478, -0.001274106666335064, 0.00044628543006681494, -0.0005094117888766899, 0.0010591046977225286, -0.002271146957058299, 0.0026430948828132183, 0.005638887284592092, 0.00019781308608330644, 0.002552037805005404, -0.006432676725776905, 0.005515553679481078, -0.0018003157225328725, 0.0018128826778178837, -0.0008834549697984167, 0.0003348889275954241, 0.0006495966692910989, 0.005179405237930103, 0.001473741194711831, 0.0011256391722645255, -0.0020610515375847818, -0.0022556142313698256, -0.001311909105227383, 0.0024770453330165503, 0.0022722465741712174, 0.00284542315104626, 0.0010710906161321913, 0.0009268262872467065, 0.0016362527578092875, 0.0027280836065755893, -0.00027422171653285356, -0.0010723523110770365, 0.002765672040754294, 0.0005423939092042832, -9.106844793135483e-05, 0.00486851437943116, -0.0014426468974875117, -0.000366365239623745, 0.0001845366749909921, 0.0006929189489895689, -0.0014465606504459145, 0.0037293710575398904, 0.00025497996330766103]"
24,"[-0.003127778332633273, -0.0010538139831780423, 0.003788835725335387, -0.0007111555373540677, -0.002793382559596844, -0.0015620183733611364, 0.001535519575008485, 0.0020114668497795214, -0.0012433163041244931, -0.0015188745711798369, 0.0047037257543437365, 0.004895141326874712, -0.0017315821302527918, 0.00046497580765970524, -0.000609694098101373, -0.0034729335734701478, 0.00047454699591594943, -0.0007690027346101474, 0.0010212530004286736, 0.0015505663738825466, -0.0003208936977297197, -0.0012578925394675065, -0.0014595075611165576, 0.003001453943567061, -0.0012248004431620319, 0.0013418012438740454, -0.001998969610068303, -0.0006542895622482592, -0.0017266361268535263, -0.0020876404381880453, 0.0031807284545707372, -0.0023221234883953265, 0.0038188412148281777, 0.004041484583813207, 0.000175869294444018, 0.0009379971670896841, 0.003720149406299991, 0.002255131672230732, -0.0026496999109906164, 0.004057406833773075, 0.0024467702987656286, 0.0007991848710375148, -0.0005843066856284438, -0.0009404084871533532, 0.0050450832506709845, 2.8033138635191354e-05, -0.0008731618778278205, -0.0006922103776528936, -0.00040308381546079545, 0.005277620669038198, -0.0023149778601617614, 0.001184995103609913, 0.0009722647066607884, 0.0034572547783350135, 0.005006860884490345, 0.003187511005775541, 0.0028240364120879122, 0.005229420333423132, -0.0015724338106151445, -0.0020518781636695094, 0.00014781089303448272, -0.0010161942476401662, 0.0015653996539365222, 0.0018146967469255325, 0.0020518814457567347, 0.001862075601984309, -0.0011345315015644831, 0.0017367946862981254, -0.004838085303307285, 0.002883257671985397, 0.0035571571144846206, 0.002489982643641341, 0.003454613792687455, -0.0016328968967887663, -0.0023021555748630822, -0.0010608370727152531, -0.0006165006026241012, -0.003997847802539315, -5.3591743515102746e-05, 0.00029842669896009176, 0.0008695128243979499, 0.00021833551458849988, 0.00038973099598141466, -5.127943584622875e-06, -0.001061252038586096, 0.0018924174729826695, 0.001219421562610613, -7.392833499109193e-05, -0.002094718402494985, 0.0014873323339013253, -0.00044705516160777027, 0.0008683452119665123, -0.004931572757400399, -0.00039067478924613186, -0.0008891078523571772, 0.0020267413408963514, -0.00334943505589667, 0.0028797050484535803, 0.001683820784145092, -0.0012095940535112473]"
22,"[0.0018221524208615924, 0.0003126505769217913, -0.00016453090965681352, -0.0019038206413618196, -0.002222404114543917, 0.0036445843787149294, -0.0012733799208584796, 0.0009005952982093467, -0.001175157388287475, 0.0034360768626360144, 0.0008001632401069734, 0.0005628492707511851, -0.003505854274837366, -0.0012464511749198724, 0.0030507573760908055, 0.00042469431703087175, -0.002022464912587368, -0.0004420079564734461, -0.005351424545614402, 0.0015744014007512443, 0.00132157444509194, -0.0012088379709133032, -0.0009221772801180048, 0.0002053514761694355, 0.0013988582376200554, 0.0014694118450661296, 0.0007074709911229585, 0.0015288726583180404, -0.0033392605123759313, 0.00012950372771330557, -0.002370969508603569, -0.0010365240021144291, 0.0006038496054886286, -0.0017503156575740604, -0.0021065846778851845, 0.0009964655178126222, -0.0029113782400873255, -0.0006846802104390465, 0.00323608152803896, -0.002579960600683637, -0.002588289107058254, 0.0032347563358419537, 0.001079825658539037, -0.0029480443327847793, -0.003815386525042872, 0.0005789803310259373, -0.00025300763294988876, 0.002480018605879784, -0.002490352957049588, -0.0009479859215732984, -0.0007951080719959528, 0.00013332557769833527, -0.00045422717353401184, -0.0035274069223358777, -0.0011827091257368843, 0.0027533885293361143, -0.0013656778312344485, 0.00030135769155091265, -0.0020302077635356054, -0.002687377772335978, -6.96102582299528e-05, 0.004767990954125453, -0.0008997743654533103, -0.0013871713392824409, -0.001967375786678038, 0.0021869064649552125, -0.004389445983601062, 0.001880669776597271, 0.001913268898847347, -0.0018157847972726424, 0.0010815400045393673, 0.0002916244746126114, -0.00195618884768419, 0.0034050780680360457, -9.41642157953207e-05, 0.00118688871971129, 0.003775325679983356, 0.001527126941662414, -0.00039175298588291056, 0.0004377713381758191, -0.002999541476123161, 0.0012480796663183486, 0.003523294165416858, 0.001260675779856301, 0.002217655990068923, -0.0009970626516464746, -0.002503077956836921, 0.0016344302870417422, -0.0004832094293370559, -0.0028343535583456063, 0.003460180009900521, 0.0018102483550358373, 0.0013265693064309057, 0.0007708610439532475, 0.0036955697448761114, 0.003637796263075382, 0.0034830239822924384, -8.537710091891879e-05, 0.0018180247480593125, 0.0006501387697698442]"
20,"[0.0026452070104254965, 0.0012473458199996291, -0.002156818894149096, 0.0004709718581714384, 0.0003318943785193318, -0.000992803400253432, 0.001513080754724691, 5.9989557284031846e-05, 0.0010037329026665457, 0.0006699899411454628, -0.0031841738844894545, -0.0016665542607895499, -0.004624556127078892, 0.0008480743735289454, 0.0030837322390260343, -0.0024490754777908375, -0.0011757987554553613, -0.0021026297465963047, -0.003988212255962691, 0.00022204135958261498, -0.0033548028512219697, 0.0021397955866828146, -0.0007194298067498141, 0.0018501752362983805, 0.0023993855297614317, 0.0036809262841974834, -0.00043675991073655296, -1.3003290016602838e-07, -0.0016397379028167936, -0.00015573868074075355, 0.00047895444523488566, -0.0005878672999871914, -0.002916775177165739, 0.0007543074454135112, -0.004510490247997824, 0.0008450954374121892, -0.00020346433870329256, -0.0009205508184301834, 0.00023058930488462393, -0.0032133398055662994, -0.003186589566180544, -0.0015230814630485445, 0.0013852143679450885, 0.003178215844083834, -0.0025320881940562047, 0.001015009784495303, -0.002748074209896353, -0.0010791724357826977, 0.0025768313758305797, 0.002831050406018566, -0.000313205330676488, -0.0015260651644863532, 0.00044162289101464663, 3.3021463060211196e-05, -0.0020325098958421262, -0.0004790849107702162, 0.0021351730790983175, 0.002121529309887996, -0.0003575701147368578, 0.004611754339381299, 0.0020503286926542093, -0.00037231644963579467, 0.002065832990236615, -0.001412594812377846, -2.6846138675009735e-05, 0.001966885674039357, 0.0007941472507052821, 0.0013118780531404797, -0.0016056389247450994, 0.0004872025792095489, 0.002959258880689881, -0.0033120387655609547, -0.001775572021423107, -0.0014667096828241877, -0.0021020567993379606, 0.0020157122203655923, 0.002541751619023152, 9.063448101951797e-05, 0.00012103286623822437, -0.0014752061337554216, -1.603356497329598e-05, 0.004488067759957648, -0.000942903421279522, -0.002747085697221469, -0.0002972347120767902, 0.006141686387457308, 0.00028280228576587095, -7.812928494265683e-05, 0.0020252419491496305, -0.0004996209785562075, -0.003467024666751705, -0.00036812327696358486, 0.0006700562400516771, -0.0007386602370980089, -0.0020705330741181745, -0.002122538889721991, 0.000660009009293804, -0.005164908874018397, -0.0042558931284210995, 0.0002456578342587401]"
17,"[-0.001092731465217183, -2.510449106500035e-05, 0.0023842974633145114, 0.0020896342088128402, -0.001992638024808746, 4.1713885791298375e-05, 0.0016859666504955146, -0.0011856764355384576, 0.0018782170469069286, -0.004089218155487507, 9.869215386323652e-05, -0.001654561378790424, 0.0008375659041272369, -0.0036972650852636372, -0.001686609204035424, -0.0016380442150161387, 0.00255840032033232, 0.001385193598366389, 0.0018037008552921315, 0.005871026120886985, 9.962572442147183e-05, 0.0008543769166726611, 5.914852019763359e-05, -0.00011260234539439426, 0.0017622438056321531, 0.0028336318219175354, -0.0029953821526215855, 0.0036578060252563786, -0.002059487979318463, -0.00048183158207893003, 0.0015732363072802622, 0.0035308012441905103, -0.0024289923601121793, -0.0024122768223897614, -0.0010690645444682964, -0.0010517312298425076, 0.0020638414016353086, 0.006034548406573615, 0.004248997299840593, 0.0006365203233610602, 0.00043342098072324215, -0.0015620289423285139, 0.00149958400744943, -0.0003692294582500286, 0.0009493180615591497, -0.002636139808536526, 0.0011948656788874211, 0.0009190397322821892, -0.0016689999156353182, -1.1248499643203728e-05, 0.0007647024385007794, 0.0006140343986554688, 0.003347713314305146, -0.0007406307862568679, -9.825613785252302e-05, 0.0004607141179491788, 0.0016746012264582176, 0.001952880340036806, 0.0004945249979703331, -0.001423114285232963, 0.002587616339500464, -0.0006092066282905214, 0.005806829710252571, -0.0017574973967605634, -0.004154121882907868, 0.0025649751260719113, 0.0025333278403019185, -0.004032830263971406, -0.004301705146628814, 0.0025420187217907414, -0.003129260880861166, 0.0015782936500524326, -0.00502229607454417, 0.0021541463991187186, -0.0013785112976580868, 0.0014626715330920842, 0.004209931122654236, 0.001278268624036356, 0.00021141606666487723, 0.0018016989503530693, -0.001056925331657877, -0.0004370119735103965, -0.003152122128028081, 0.0027182302800058205, 0.004609585483361178, -0.0013533600820832, 0.002644024425565475, -0.00306014222959599, 0.0017644245660983395, -0.0005301655678765828, 0.001659106461416047, 0.0015862339510440617, 0.003468826009268215, 0.0020212446106381027, -0.004058649704641873, 0.0022108735304451096, 0.0013570580002325026, -0.001229038800127783, -0.0009882710367477667, -0.0023759314690138165]"
15,"[0.00020034636469689883, -0.0032395524076412087, 0.0005081469572960292, 0.0018176432448551566, 0.0032129406914773685, -0.0014207316131755415, 0.0022443220016294114, -0.0018677367010028422, -0.003177690673555974, -0.0007952859768150293, 0.00015078588015923593, -0.0013520462112511194, -1.9819018434968177e-05, 0.0021340052742733814, -0.0030211559545006202, 0.0043296422869841394, -0.0012363741606763348, -0.00012326999744877046, -0.0020523628162427633, 0.0029770186837260824, 0.003904206884718798, 0.0003436835995276308, 0.0019292267520018697, -0.0020882871463325787, -0.0025716861038762055, -0.0016980238176061116, 0.0006027575594295338, 0.004217175356129442, 0.001461734266892964, 0.0008041954066905463, -0.0028386296829062646, 0.002610251226974201, -0.0008655299851249421, 0.005237092644140434, -0.00013599611045909466, -0.0006319289096807289, -0.0024424416360929904, -0.0015572116463117474, -0.0018549073691370693, -0.0054277695895836335, -0.0015569470703799932, 0.0013505848851564368, -0.0004027996771034279, -0.0067898272679813906, 0.000978451974745092, 0.0036613416323044105, -0.0005369313334743964, 0.003758158886861836, 0.001685278043107613, 0.002130340855465026, 0.0025184634912566355, 0.0018428143564642833, 0.0006136430430954781, -0.00043903132620278277, 0.0011714436861171758, -0.003503034946683912, 0.002419221070237868, -0.0044670637689938585, -0.0019787908970648033, -0.0011986578301156085, 0.0006115808436096029, -0.0037377705436626124, 0.0005537328065419309, -0.0020382698510511697, -0.0024293044221666, -0.0015715748744558299, 0.0011608033030191653, -0.0005868164745874495, 8.391961007346224e-05, 0.001123785750989832, -0.00435511877619712, 0.0022508302814851734, 0.003485193151426096, 0.005894990883577195, 0.002663952074797335, 0.0016340697096250902, 0.006149431931562029, 0.000970241374978587, 0.001780315656490318, 0.0017158190106850387, 0.0001759955931509277, -0.0020435950061621104, 0.002353197390760141, -0.0009702091231713068, -0.0019324131630239327, -0.0022402213376173045, -0.002534447146360158, -0.0001767203120004457, -0.0018422892924517705, -0.0021224081433640855, -0.001846968844082523, -0.002891010193584019, 0.0011640230496235253, 0.0023066617392681114, -0.0002665490843280038, 0.0013155609020174951, -0.0026759265252702994, -0.001267692662210972, 0.002260114009366713, 0.0021364507675508118]"
13,"[0.0011413386660555716, 7.451798364391077e-05, -0.00100882372195875, 0.001854806946454241, -0.0014920112065855888, 0.0004540986216573234, 0.001617213565014475, 0.00044055000188950955, 0.005400705971343765, 0.0012814588059602925, 0.0006685364400840721, 0.004602088877035062, -0.0012986526981749397, -0.0008799749868073756, -0.0017866147172477548, 0.00010893094076535889, -0.0045671335237939086, -0.0006658529527623101, -0.0043035325686799865, 0.003806210668445797, 0.0015117555403253494, 9.962202276898428e-05, -0.001622562768214124, -0.001895246687032211, -0.0038987856822948956, -0.0004305892849657681, -0.0017876131009097612, -0.003492319225520437, -0.0009972804136552317, -0.0011434622337827183, 0.0017058952801442847, -0.0012711699439267546, 0.0010458541483197505, 0.0009937596078731003, 0.00032886174819986774, -0.0003785972185756518, -0.00035859135477043195, 0.00023427403563359533, -0.0013658328574464216, 0.0006010050099448006, -2.2561644231032056e-05, 0.0002574401362724661, 0.0024227273004842026, -0.0012000183620229823, 0.0007675952679486143, -0.00012642783871492225, 0.00014828905552455554, -0.0024043804483011287, -0.0009566212672621305, 0.0015426637714435825, -0.0033849840039910095, 0.004159125612770651, 0.0031709394148990615, 0.0004976351667471104, -0.0002715530320626716, -0.0036392013057904614, 0.004095869080116305, 0.0014706696803104518, 0.0035528565166711387, 0.0022554177376762994, -0.0013452796703690762, 4.4578444693786087e-05, -0.005891554545698555, 0.0023303123918627508, -0.0026836486976449143, -0.002324253643280332, 0.0016969085801106073, 0.002356728370538149, -0.0016085198644461528, 0.002625970743242633, 0.0020855291148401543, -0.0009514117269481665, -0.002915639187011716, 0.003231513116802269, 0.000574790414146147, -0.00020731456963552427, -0.0018116061766103426, -0.003852736403678084, 5.433927197240471e-06, 0.0009112710378533438, -0.0027680744837664615, 0.0018571096564087947, 0.0013806898408318749, 0.0029767086556368345, 0.0009450243756413969, 0.0010656937549382772, -0.0015530055640781914, 0.0032387769110011106, 0.00011218087013702394, -0.0013848327655127802, -0.001992984971776919, -5.591512670436106e-05, -0.0006383429430681743, -0.0009381668201830248, -0.0021999755413612755, 0.003179287520433869, 0.0014104077583315235, 0.0014119526534820469, 0.0006018218405132894, 0.006819904262358501]"
11,"[0.003965487753424171, -0.00032368319152963445, -0.0025083856679933045, -0.0024786564032180194, -0.00368606018539774, -0.0035619758682058013, 0.0029109444534649097, 0.001997096700499691, 8.193352787192734e-05, 0.0009094970549855624, -0.002700815020257664, 0.0029368537154694043, 0.00042038416891474964, 0.002910834647241662, 0.0014051952129218977, -0.0007817181561062203, 0.0014362760840190025, -0.00020306940879808103, -0.00044191113313112024, -0.0011984926110819372, -0.0006000451939551886, -0.0016140478831586482, -0.0010085382846786672, 0.0002853947970903311, 0.0016214215714713304, -0.0032833360050385247, -0.004474052288221297, -0.0013104880906174353, -0.0010747140354629083, -0.0009503881719399738, 0.0061544000564885196, -0.001887328971607071, -0.001780723146088623, 3.190270981122137e-05, 0.005859973529937281, 8.672926755441068e-05, 0.002542646211228222, 0.002807275050995514, -0.00041390697424147684, 8.726560283020787e-05, -0.0007083372690165552, 0.0022461282511883674, 0.005179573279040791, -0.006480150055825144, 0.0005736267724152973, 0.0026023266232157376, 0.0018309306839004891, 0.0012593022592968972, -0.0012329633451154238, -0.003964560159888503, -0.0025570717359172197, -0.0017735022612489452, -0.0012846711933672394, 0.00609695614674559, 0.0011000784607294266, -0.005640594305300377, 7.734906043953851e-05, -0.00125536267394896, 0.0011160823869770396, 0.0038497431658516667, 0.0017308766052484643, 0.0012009987779612857, 0.0013372351511017585, -0.000842468503303825, 0.0014738624865888422, 5.801588428923876e-05, -0.002075708688717191, -0.0028474287349385037, -0.00150573715635048, 0.00035267052435779646, -0.0021352436671178148, 0.0035750997424316188, -0.00060306078024666, -0.0012061334036388652, 0.0006099746169480962, 0.002055598849446036, -0.0010837155065931128, -0.0014068918630510668, 0.0007963794697268791, -0.0006281536593738628, 0.0015396400166332858, -0.0007141124859554503, -0.0015671057917837632, -0.003141505601296348, -0.0019660371601890768, 0.0013492800775810009, -0.000761116566503838, -0.002378600219798193, -0.004227380425407073, 0.001339781487785231, -0.0013523311793536723, -0.0010566789050019557, -0.0025410776133830385, -0.003881343621532267, -0.000883628958311429, 0.0002962247958912607, -0.0039425234224001356, -0.0009492799208168809, 0.0030283915771134873, 0.0011521797725684512]"
9,"[0.004562929664516255, 0.002218389479507399, -0.001640357177671286, 0.0014150585970413173, -0.0014317567841845074, -0.000909609722561746, -0.005564032357466533, 0.001456608256293832, -0.0011054969641207091, 0.0026514560337464583, 0.004538966335066401, -0.0016473738630076468, -0.0014776809827662415, 0.0005173467029287009, -0.0004808592792400615, -0.0020276741297680064, -0.0016904135699746111, -0.0005762226216903559, 0.0026773501023907432, -0.00039304300343492464, -0.0008847229072932242, 0.00036794459558291885, 0.0017671152971553193, 0.0035485633601331458, -0.004037429117117537, -0.0014010863903745887, 0.0020233726629602113, 0.005404765060599526, -5.620337112363887e-05, -0.0012010054215990647, -0.00010425278998766684, -0.0010938100658435923, -0.0008427071992200157, -0.00023554172118341285, -0.0009766921477045532, 0.0018706354627050063, 0.0008762119700334948, -3.703667086966875e-05, -0.0018568672823005346, -0.001187082303701576, -0.0033967297641364965, 0.0030066095501964673, 0.002675064874344817, 1.666886233461412e-05, 0.0004958233434485891, 0.0003546614179706973, 0.005906508936019133, -0.0012135980153592817, 0.00020100104513059332, -0.0037531758168930234, 0.003230151739893801, -0.00014487894976360306, 0.0012273210370979135, 0.00044810756943926847, -0.004354763179780535, 0.001306198751299555, -0.004607604878589151, -0.0023949232358503334, 0.001330503755933351, -0.004523834180438249, 0.0008045406205015929, -0.0006986147258430346, 0.00028178584500452815, -0.0006423395397259293, -0.0034176778417554735, 0.0010402310231198053, -0.005059851091682202, 0.003137845589385706, -0.0017792363307475541, -0.0008069711896659922, 0.0018556506201933157, -0.0010143152830294495, 0.0028078889900765604, -0.0006516597844595215, -0.0011082805538124487, -0.0005030951116404811, 0.007520582375183337, 0.004600700439008736, -0.0020932262577581517, -0.0034419610428351667, 0.0030435466998134327, 0.004483437424651173, 0.0029830353395096034, 0.0037802980897512018, -0.0011734647098743702, -0.003420398488384154, 0.0009138775054416978, -0.0016391293425021042, 0.000340689140698621, 0.0022431069097557663, -0.00014097377750064044, -0.0013175033686148034, 0.0002985819852962582, 0.0024491739912683897, 0.0013411858980649925, -0.004330289304709301, -0.00087123692631827, -0.0009354572059894884, 0.0013048176147097612, -5.665674808871561e-05]"
7,"[0.0010212298672218094, 0.0002315650331034632, 0.003451601803402252, 0.0019186416796332583, 0.006127609419368732, -0.0015638839696787508, 0.004901996328689612, -0.0045364553320724815, -0.0031345464578044317, 0.00025240108507954825, 0.00010747695954777625, -0.004112694653018769, 0.0022938314042734156, -0.0017867113344500279, 0.0008018381077004598, 0.006018557317962845, 0.0012920836546322352, -0.003602979831729061, -0.002119472658016437, 0.0014945361256291057, 0.004463881419300331, 0.002291304023265835, -0.00372685989923769, -0.001770962901571106, 0.0010352190714665414, 0.002070658312990969, 0.002491375781825793, 0.0008470319835168363, -0.0010879307208865668, 0.0003747051351262795, 0.003506923373363089, -0.0022002116609137054, 0.000278051393849482, -0.0017970022270411647, 0.002209323444404038, -0.00016836636985353452, 0.0015530595140131145, -0.0004299578573622446, 0.0006092715737982054, 0.0008434362513684169, -0.0013427020531977295, -0.003787595357675983, -0.0005025302065915726, -0.0008041465199289852, 1.9634500702862844e-05, -0.00040971855429166237, 0.000501166464939685, 0.0019906689125339205, -0.0013368672457118498, -0.0016802010332880903, 0.001534931239947006, 0.002756906618981757, -0.00262055995203598, -0.00024861027083396443, 0.0016107524348667706, -0.0004995853659834502, -0.0020174238905984864, 0.0022239957034633773, 0.0011215523116043544, -0.00364837174114116, 0.001619022839824573, 0.0021773080853843834, -0.0005893285961999336, 0.0007063423656057386, 0.0011082250302545558, -0.005348896244270398, 0.0008932183922028885, -0.00250124510887345, 0.0001063620835038335, 0.0006869116401282369, 0.0038410715005545576, -0.0004936252869130968, 0.0019003703135721298, 0.0018207777048179737, 0.0004349676130249342, 0.004033202343068403, -0.00027937073087735774, 0.0002126372188354426, 0.003286494998358923, 0.004239424390097674, 0.00021302535891484615, 0.0002559297235239728, -4.479366434282944e-05, -0.001976602203840114, -0.0024048686283285234, -0.002919793414844042, -0.005011459924737063, -0.002379179067990478, -0.0017881101601273936, 0.003979744587818533, 0.0033210252454775446, -0.0003915529714737976, 0.0006048989127728566, -0.007325624552200717, -0.002853167212180943, -0.002562626027617594, -0.005378846070177028, 0.0019541934881463635, 0.005176051160859055, -0.0016756501656688093]"
5,"[-0.0011120407343132685, -0.0019718549313000456, 0.004062118450616688, 9.309316689075458e-05, -0.0031514609417258284, 0.0009501239980187801, -0.0015563498583104495, -0.0013230331552312848, -0.002097086894844472, 0.0014680342587117326, -0.0001333132291195231, -0.00015138182210796988, 0.002734498313314758, -0.0011445803124922656, 0.0011034857646331755, 0.002848856776664092, 0.0004325314840371637, -0.0037074060192421113, -0.0006817153772335012, 0.000686405801711361, 0.0026917011614907478, -0.0024670256939073034, -0.004057027773824622, 0.0028473165291728253, -0.0011236890783826272, -0.004310727214344642, -0.00031296339701692707, 9.664418138989325e-05, -0.0006880980757769016, 0.00010439821363317971, -7.916904671190844e-05, -0.002269570879871385, 0.0012459142982206358, 0.00047834912333737426, -0.0004213457165776482, 0.0025254177835111074, -0.0008115202657053118, -0.002249610066415853, 0.007235945968037391, -0.0015247800779035086, 0.001249235497304626, 0.00021798422232713175, -0.0002604213330194258, 0.003166281737762475, -0.0008325895796661312, 0.0013415852028815642, 0.0020569824637570186, -0.0027834570178259473, 0.004294495756313656, -0.0006248571938405769, 8.630243583737532e-05, 0.0009324873467175058, 0.0020759572276018053, -0.001307508921314449, -0.0003908508165061304, 0.00385971137250818, -0.0003238810298577481, 0.0028557038072972423, 0.001574392019867039, -0.00023242262309373875, 0.002787124777555395, 0.0017401074164172976, 0.0020318352300831956, 4.796493396181131e-05, -0.0026467683966798503, 0.002501090686424201, 0.0029386114383637197, 0.0006703884037687062, -0.0011635952839767153, -0.0030891580361486954, 0.0010376076962238252, 0.0025130536751150068, 0.002235102175280529, -0.00220800571196414, 0.0004782187629832708, 0.003083226184598017, 0.005974940349056821, 0.000669786414817081, 7.453168258089322e-05, 0.0019058207821398433, -0.0026809549689905325, -0.00022671204570999968, -0.0017319146481782014, -0.002050587580752108, 0.0030960381892974516, 0.0017968853322637038, -0.001128827930608205, 0.001239211711224288, 0.0005613184375910149, 0.0006166354107519196, 0.0013425498978118624, 0.0012112478202331387, -0.0010034252115326719, -0.0009706441953057735, 0.0013735889034647052, -0.0006678474334569132, -0.0002146534085034895, 0.001750962757814115, 0.0019277820783759096, -0.0010302873605044901]"
3,"[-0.002030158798229199, 0.0023847380232749757, -0.00034744154182561187, 0.003793636473776122, 0.00425077653535712, 0.000483450659385911, -0.004060005911992472, -0.00046192225472117316, -0.0016193015923066923, 0.0018207528235589117, 0.0005246023681347629, 0.0003553248274583281, 0.00378224241847197, 0.003924648074099219, 0.003062891559698515, -0.0017085585536863008, 0.0053459703669750756, 0.003102647057818835, 0.0039614389007112455, -0.003570729159892606, 0.0028364247669427495, 0.002388811118788941, 0.0008107708340687261, 0.0006273989350426818, 0.0019939119207625492, 0.0028958060731377588, 0.0014978624913724939, -0.00280490670039009, 0.0035019769107004616, 0.0026702665664656107, 0.0005435666633775694, 0.001752065178522849, 0.003277256970016762, -0.0011874878401419067, 0.0014230257982538739, 0.0005962760183042161, 5.761932415789994e-05, 0.004310153819782328, -5.6119225584048866e-05, -0.0023692605717197295, -0.001311909410714216, -0.004075289274371077, 0.0009196244952901317, 0.0032559101371554674, -0.0019126356051998802, 0.0024784922877970003, -0.00429926374445352, 0.0014954751279598376, 7.264352980628827e-05, 0.0022628394892081, -0.0005584017867182586, -0.00031770485577151174, 0.00013318604677221618, 0.001439524460955261, 0.0007038570775866282, -0.005986455523021905, 0.0032128344951437102, 0.0034843339878926475, -0.00045143311444182684, -0.0024775702944847254, 0.0030904796902522787, 0.0010492272331223916, -0.005531471461139149, -0.0025807837465851363, 0.0031509068721706193, 0.000927547097188365, -0.0018933811515192353, 0.001681070632160756, -0.0005337135883996054, -0.0015193512048328542, 0.0035476977883928357, -0.004228528035652355, -0.003998522804712528, -0.0029974949149639343, 8.030909373187448e-05, -0.0030201147834070774, 0.0010042377643812207, 0.0012657019498690824, 0.0011878401374060535, -0.002791628987036808, 0.0007734202042564539, 0.0007467930640909371, 0.0026010728930228842, 0.000926900632614111, -0.003323102341337013, -0.00020923159906882473, 0.0015241718138863018, -0.001616957383932602, 0.002393727417470657, 0.0006246572498981483, 0.003144957295592334, 0.0002224063749291122, 0.002243922739844262, 0.0011511311744650521, -2.2327431897549332e-05, 0.0004724749178850979, -0.0015021339196684305, -0.0017617240176087926, -0.003471238388633372, 0.0016792889525343105]"
1,"[0.002626374369772811, 0.002268245686800596, -0.004723574647499967, -0.0009157432658731252, 0.000769636618362058, 0.0002760138653361363, -0.004822410077920725, 0.0013444794643931606, 0.0013052741341722433, 0.002332603810950308, 0.00043143607225822257, 0.0004755052286262907, 0.00172472455622309, -0.00126511533252501, -0.003854968993967199, -0.0004559076222195825, -0.002191302786483697, 0.0007052375695166818, -0.0008972471867818919, 0.00033949744492305214, -0.00030038794124769203, 0.0008604905692879647, 0.0015731073011368104, 0.002546957836466239, -0.0027271018629842305, -0.004259539234261319, 0.0026157678855801376, 0.00023414698825078022, -0.001371335830060676, 0.004355180261484593, -0.0004914712207268964, -0.0026821472324773075, 0.0023423359572993163, -0.0010963905182488254, -0.0009108880009093947, 0.0006029602630443639, -0.002235064811414252, -0.0035179774905200766, -4.617987575601928e-05, 0.0019197408820818558, 0.0012364719781033933, 0.0035851541441038626, -0.003797961719323838, 0.0014198936380132397, 0.0011479893337652265, 0.0006979434118267666, 0.004364824455309021, -0.0045459594390032275, 0.000476426480061825, -0.00111754719440425, 0.0006357489637930144, -0.000782821934245537, 0.0024902321511946104, -0.002936789808225953, 0.0035063912033363497, -0.00034621405671141537, -0.0007819663478651119, -0.0040552705651725725, -0.0009873361178590065, -0.004255103288938146, 0.0012156764629515696, 0.0008571852924927324, -0.0001216050462867279, -0.0026912191192220145, 0.0015683386580790852, 0.0023969339673524863, -0.0029802078392033027, -0.0019559160911990707, -0.0014412084285622434, 0.0007076229902686007, 0.0009782044708140257, -0.00036748538162818356, 0.0006265160178536816, -0.00014555888747633778, 0.0020821627132468455, -0.004159194806359604, -0.0015998304981708557, -0.0021193548672203194, -0.0020251447362587944, -7.416337937776179e-05, -0.002242767410919419, 0.0022788629777533544, -0.001965377009291007, -0.0039618948026856685, 0.0020290459026002586, 0.003281206710601113, -0.0004783849454678374, 0.003386834072793618, -0.0008250984530588852, -0.001333357083230997, 0.0044339313543409475, 0.0024962220434186122, -0.0013188922960374993, -0.00886956066070279, -0.0008583909217595987, 0.004789649235941324, 0.0013820401811821222, -0.0010286835021925734, -0.00019290058651008318, -0.0016081478753823]"
