clique size,Moran's I values
560,"[-0.001204699734106086, -0.0007397383122344576, -0.0002520067259431577, 0.000545690399756138, 0.00035939904083669995, -0.0003588929743468292, -2.6541330200119985e-05, -0.0008063970451309606, 0.00029390072938234406, -0.0004995634263801983, 0.0007019944888618097, 0.00046592640709043403, -0.0004973483889667967, 0.001319345568980998, 0.0006836499131188518, 0.0015344112576901412, -0.00018951268394381987, -0.001019793644167943, 0.0004813054889889534, -0.000766805045124359, 0.002074749928789841, 0.0002613501160761401, 0.0018196928595623563, 0.0006652583715025358, 0.0007328724281923258, 0.0005274532940166234, 0.0016579066795400052, 0.0012075598208833437, 0.00038724732222715036, -0.0011061760334227472, -0.0014334585460601124, -0.0020179957553562175, 0.0006534818488762664, -0.0012306679841486306, 0.0005786796468618816, -0.0007691672059399212, -0.0020664686088876258, -0.00090193918464066, -0.0007473660207482836, -0.000787331012984013, 0.0009914539825506522, 0.00014446205576437517, 0.0025012278774539033, -0.003398514048877719, 0.00011309754689242457, 0.0015096222685374002, -0.001076037107215165, -0.002000370733483235, 0.0023318962724114814, 0.00010801502817783344, 0.0001343158176078127, 0.0007236594017676111, 0.0006990761169115779, -1.8022684049928583e-05, -0.0007231764264211415, 0.0006807816140056978, 0.0005682575959594698, 4.6315767982424006e-05, 0.0015320101629229296, -0.0018472622382094007, 0.0002769426755266651, -0.0022178966198098432, 0.0008099244299075986, -0.000673188789426564, 0.002324600285588506, 0.0008479084898092498, -0.0007516789804139976, -0.0005461005919849602, -4.3535424108653235e-05, -0.0008031881092398108, -8.21792979217624e-05, -0.00019887419057602169, 0.0015208184123966042, -0.0015314987945814892, -4.16894593320318e-05, -0.000127163957599257, -0.001965737933138296, 0.00038649985900113054, -8.557776577680004e-06, -0.0011621878345095297, -0.0007498708425720307, -5.949797286291232e-05, -0.000989439801088546, -0.0012605804422136568, 0.0006162654914837489, -0.0012086218781517356, -0.00045839271746710955, 0.0012525075701194724, 0.0009188316040282912, 0.0007012019534284652, 6.473519310997996e-05, 0.00028590959601911155, 0.0006803559393244346, -0.001460485586009673, 0.0017025820180086974, 0.0007920778401765219, 0.0006005944427831335, 0.0005488216311116536, 0.0007748181307890535, -0.000283357202686711]"
554,"[-0.0009236149815907965, -0.0003718679292631198, 0.0006813331991672422, 0.0011995779008059301, 0.00152060490381756, -0.00024810007030873107, 0.0014161865804345893, -0.000774454648949599, -0.000287036063890513, 0.00014762362375268255, -0.0008793503193439202, 0.0012006846784383405, -1.604419964603472e-05, 0.0002065223392914533, 0.0009310625457765217, 0.0005151036436552861, 0.001024281183227647, 0.0010228201970469942, -0.001161364977848808, 0.0004734576215439077, -8.296921055575017e-05, 0.00024307759133085453, -0.000256964829663446, -0.0010717909799240655, -0.0005581265427130027, -0.0008235066730915661, -0.0008318057437987575, 0.0007942150685623302, 0.0005298313296793344, -0.0004922530338032357, 0.0008097788658287021, -0.0007721952578005343, 9.703299411345562e-05, 4.025612392275676e-05, -0.0007830618548204049, 5.004593560204837e-05, 0.0010957681997890959, 0.0009615031788474666, 0.0008420026882641973, -0.001996631880124663, -0.0002628677881874067, 0.00042514748603534474, -0.00014920470208425714, 0.00040974826358606235, -0.0008255986468260596, 0.000721208568301422, -0.0003933113355691159, -0.00031051381224335146, -0.000543293462333533, -4.628287706782485e-05, -0.000224313239297816, -0.0003985451549354335, 0.0010081338234882989, -0.0017597750362633056, -0.00018441401866317784, -0.001519363950800396, 0.0007075178973157107, 0.0005067119184873636, 0.0009663240729487281, 0.0010218869313133021, -0.0007576917195545122, -0.0001365947197090547, 0.00014925929987546742, 0.0007123103255724549, 0.0015721492935808026, 0.0010220935765896427, 0.0003388187597165789, 0.0014495219923830178, 0.0006305144198526484, 0.0009038722715862569, 0.00047491827967830104, 0.0002947845324084724, -0.0003627471260512864, 1.2850064339700652e-05, 0.0004285383507466874, -5.125090213614852e-05, 0.0001729180812687095, 4.911551642840248e-05, -0.0005047473101195055, -0.0015944169252321847, 0.0003518757352899282, -0.0009662209627540431, 0.00037285943688878114, 0.0009224085880058156, -0.0006261918739304044, -0.0010566119006113488, -0.0018749414236965672, -0.000707046080804205, 0.000635824640733713, 5.464014320584544e-05, 0.00017111779448421592, -0.00040076293229016687, 0.00038215364784181257, 0.0028490920475892295, -0.001278939779859516, -0.000343962484483055, 0.00027550460914955966, -0.0006243290171197158, -0.001213033122234173, 1.2264985129530183e-06]"
548,"[-0.000389919267447723, -0.0004312951097410704, -5.156628935202108e-06, -0.0004196529044190443, -0.00021523520396164673, -0.0003820151624718029, 0.0013164938538559967, -0.0011523717485998851, 0.0001564315696480335, 0.0003924980497793917, -0.0011868122689205223, -0.0014012604900015386, -0.0001493829048094318, 0.0008629375512701758, 6.975452284777289e-05, 0.0006760626771131455, -0.0013861537925927835, -9.286793692567703e-05, -0.00013776164928858682, -0.0004105894665245982, -0.00010115673361180575, 0.00031512311193290614, -0.001191296117727234, -0.001596671775825704, -0.0008172846459900557, 0.0010683248292087302, 0.00010218244602072731, 0.0003492060775610851, 0.00022139526413377525, -0.0015498693346766173, 0.0007043868802594412, 0.0006868079633368974, 0.0009386224817506705, 0.00039240785712489124, 0.0006648475315721963, -0.0006336751797991597, -0.0014861252421997794, -0.001881706264139146, 0.0019705500801733907, -0.0005748056106336754, -0.0003584978722423756, 0.0007035461128283473, 0.00154228537291206, -0.0001270378331366007, -4.640683453621e-05, 0.00040288233665845455, 0.0009988730287942076, -0.00045249113859187806, 0.0007056873887331074, -0.0008778363857529999, -0.000570326801694251, -0.0009302872699273551, -0.0006442885529907747, -0.0015687227543970616, 0.00031898128418813226, 0.00028132608022612455, 0.0007247960823090466, 0.0015446110708730787, -0.002626433777019884, -0.0008804892848411536, -0.00028506842544395755, -0.0014146911198567437, -0.00022240777451776797, 0.0006728199573418603, 0.0010031831927780207, -0.0005211987108228776, 0.0006353456503919419, 0.0007051739860518834, 0.0007872916225152027, -0.001547165966596272, 0.0006322517930269994, -0.00038206219468705696, 8.907095714331041e-07, -0.0009253615565735724, -2.2101212949528635e-06, 0.0003075487798463238, 0.0004543758502027067, 0.001322787344692524, -0.0002541502494183186, -0.0009196902223211381, 0.001599065390968636, -0.0024059394581349308, -0.002237090826074765, 6.837409710478703e-05, 0.0004688298983363731, -0.0006562168045533985, 0.0002517023816499882, 0.0004954964371553083, 0.0015537173431814536, -0.0003695737292605744, 0.00020649259412742238, -0.001002661488942688, -0.0006917487143793852, -0.000340148050107134, -0.0001847812226538307, 7.70488610243831e-05, -0.0003796026667360246, 0.0007090056836271482, 0.0006167917792222686, -0.00011048028508844549]"
543,"[-0.0004097911932929512, 0.001740880836455985, -0.00014646920485959533, 0.00035481620669266904, -0.0008560783766275984, 0.00040706171823935624, -0.00011427656419368673, 0.0001830234196752403, -9.620188780717759e-06, -0.00021601462876692592, 0.0011017075871605604, 0.0021540145829200548, -0.00020756741833039683, -0.0006667614080626978, -0.0006325091236319434, 0.0022078693921073274, -0.0010700264537611007, 0.00035469136929496865, 7.380618450601482e-06, -0.0006125589776140894, 0.0001432242506113534, -9.176861750937488e-06, -0.0011956319397785798, 0.0012167998052729514, 0.0022682221619243683, -0.0026138033380763382, 7.448186830115625e-06, -0.00018395772407551127, -0.00013413553528690637, 0.0002215598729420976, 0.0005204452868361972, -0.0006559706589606482, -6.463269310840332e-06, -0.00035741918734060954, 0.0003877374344328755, 0.0003600457593923728, -0.001524556171728116, 0.0014692911933044553, 0.00022178725718158127, 0.0009693206351216908, 0.0014598457070430799, -0.000196515237724838, -0.0013995586051816248, 0.0009946688684217427, 0.0004242333178168867, 1.2511698771769384e-05, 0.0005780322677034555, 0.0007137772491385066, -0.0006742562264401493, 0.00010107310592888907, 0.001437340830407357, -0.00016132489759195732, -0.00011101185830903443, 0.0017900369460275838, 0.0015903478188057103, -0.0007712198955695857, -0.0002714251938374733, -0.0013419786903213263, 4.944159640635913e-05, -0.0010306460439035534, -0.0005793333841817781, 0.00034722253383571744, -8.274284923206634e-05, -0.00022856620409296544, 0.0020790638589487298, 0.0016688938021042958, 8.693603245586441e-05, 0.00014455552632026438, 0.0008231432395984187, -0.0019317788596950568, -0.0006659567596497849, -0.0005313520226516706, -0.00133031757101014, -0.00010773626732768871, -0.00030444609248156856, 2.8432073145938628e-05, -0.0009066437589535985, 0.0022424622519398047, 0.00033866255288623163, -4.3832127298231855e-05, -0.0010112676202653245, -7.12606782579532e-05, 0.0003814766062372586, 0.0016152078909558814, -0.0003402240944689232, 7.861103273097561e-05, -0.0006828438868741978, 0.00013702586873260358, 0.0007736648325023361, -0.0001118100648766093, 0.0007033695386972271, -0.0010260471259856939, 0.00010639309712658227, 0.0011393174453653654, -0.0013111438038403338, -0.0018355537520305118, -0.00034395219972519994, -0.00021673158621967988, 0.0007599310918090191, -0.0019679867143292964]"
537,"[0.00035560837214222805, -0.0003918141997230041, 0.0008672505642807654, 0.0005907709355902509, -0.001004629475567095, 0.0007734717420964152, -0.0010216479886271388, -0.001137032868921483, 0.000427473729366589, -0.0012748598766177959, 0.0015685152071267955, 0.00017667641230349168, 0.0012534007048384474, 0.0006469377551942421, -0.001362888753912624, -0.0004940902515094528, -0.0002890354516978688, -0.00010545815805426464, 9.384211007182798e-06, -0.0008296944541924992, 0.00016472823529865247, -1.7385427678737402e-07, -0.00012496614951892131, -0.0019458106699178207, -9.711119659743726e-05, -9.404814990481726e-05, 0.0012158736871119673, 0.0002982897338368925, -0.0015163271003887006, -0.0007451180095466829, -0.0005058432042727791, 0.000278606833664679, 0.0003817265766034329, -0.000798303568836897, -0.00032503497815153257, -0.00010927002723408988, -0.0008117689409637344, -8.420176777092667e-05, 0.0011097285375992858, 0.0012314282211892515, 0.0013810176784314723, 0.001041439829644439, -9.795468183158886e-07, -0.0001802991671117758, -0.0013514509061558263, -0.000995640609881097, 0.0006279459808869385, -0.000773286535629644, -0.0005294843852362436, -0.0007520566391202018, 0.001751485595302429, -6.247669279926154e-05, 3.23426817016488e-05, -0.0005912237178158546, 0.0010064950946576806, -0.001339042492532648, 0.0003520175326215859, -0.0008763940838246701, 0.00047104429296168345, 0.001125046363190904, -0.0002136709405726609, 0.0002833370667528733, 0.0008865959498053565, 0.0007304923655432141, 0.0009886823865700633, -0.0010478272234781976, 0.0015605367614564118, 0.0005159490340458493, -0.00039138203305155017, -0.0013875817328083827, 0.0004599309950155102, 0.0001788134609303802, 6.605600707870126e-05, -0.001479388380570121, 0.0006166285663793601, 0.0005449853790451887, -9.995158132412761e-05, 0.00017965010140757884, -0.0006528396668374479, -0.00017784360191820577, 0.0014710578564751918, 0.0004876181484834413, 0.00031656411872579935, -3.8822799643556444e-05, 0.0008889952672033063, 3.0800553486597724e-06, 0.00023636524160305185, -0.0017952423521855913, -0.0005465420989889518, 0.0011684592901136275, 0.000741833652809355, -0.0002919268834735102, -0.0002787081127445484, -0.00029895458842511244, 0.0001555493921794526, 0.0004962341805733442, 0.00028301151127092236, -0.000762690354059704, -0.0016941977666633716, -0.0008351860950652028]"
531,"[-0.0010004430159103414, 0.0005906154958458923, 0.0011013330810241118, -0.0006800574567634064, 0.0009863318223508157, -0.0005846456952458947, 0.0007265395346509291, 0.0007518967811422966, -0.0009903316102561394, 0.00042780891974084187, 0.0003177785376905144, -0.00045610124477119245, 0.0011529055101683872, -0.0005652820180530507, -0.0005182344067861357, -0.0005603598820508756, 0.0009196612803883436, 0.0011425829540730153, -0.0006055089229229389, -0.00035364460409057023, 0.001399435186680202, -0.0004918813019094829, 0.0006155401123444764, 0.001011176655521685, -0.0011240713007932212, 0.0014199094767754787, -0.0010011890582936815, 0.0007600367809938484, -0.0011749036581540188, -5.208712940123872e-06, 0.00017270273076711132, -0.0022620542522427405, -0.0015188193565830836, -0.00018882499086749803, 0.0018449365161694918, -0.000916951087381456, 0.00053692196472323, -0.0005560751709341396, 0.001305889128039227, -4.87902521306114e-05, -0.0014406249887129019, 0.0008858266651858211, 0.00035283487442808637, -0.0009266109551349762, 0.0009423138500257777, -0.0003699317428057339, -0.0011428873489196527, 0.0009329983168891011, -0.0003985659480386485, -0.00018896898244083723, -7.06159780055844e-05, -0.0007767460139324109, 0.001178196286636747, -0.0010467169140229388, 0.00022096449331558414, -4.54449606257888e-05, -0.0012228989668480663, 0.0005070993427671251, -0.00010332264391921436, 5.5278861158130985e-05, 0.0006640290564478162, 0.0007270181210580395, 0.0005683906118428278, 0.0014151342660659175, 0.0010594148265458934, -0.00024940742682626513, -0.00027403045030619254, -6.968136748576887e-05, -0.0005934313101327988, -0.0012962790137019432, -0.00022736232259288673, 0.00030136368958395794, -0.0008868677255554938, 0.0014151282260368506, 0.00030797621088385704, 0.0004098994631208523, -0.0002109542640562843, -9.912185233323397e-05, 8.015024148726097e-05, 0.00020820322277938775, -0.0008213271468886135, -0.0002304240783394201, 0.0011665102860129205, 0.0006635732581010601, -0.0006035472988232253, -0.0003527698586531945, -0.001209127317100104, -0.0008440583716352636, -4.639963660241888e-05, 0.0004487933536734913, -0.000344818490103211, -0.0003719679800280808, -0.0002284958331140652, -0.0006734206479569053, 0.0003116045458638479, -0.0005592162873286789, 0.0001495251780272548, 0.0005517686682183714, -0.001342158119177972, -0.00033984621782211515]"
526,"[0.0003800291779410122, 4.4757182546840544e-05, 0.00016424247445934252, 0.0010026943217178188, -0.0015235190985161489, -0.0009355638899999774, -0.0012087604191406312, -9.083539498290097e-05, 0.0002997370224377074, -0.0004167466126313547, 0.0002809457846972957, -0.001846038876569046, 0.0012337701610119502, -0.0004017335041068051, 0.0007833528871604977, 0.000495356844992854, -0.0007545705361404527, 0.00044709987026379306, -0.0007656901402779571, -0.0008711456955104323, 0.00011536292721244677, -0.0014158711370592008, -0.0006645829643221897, -0.0006241722608156398, 0.0004470477442526953, -9.927399081103995e-05, -7.70361596492823e-05, -0.0005246317495881002, 0.0008708468464474174, -0.0006797672424045085, -0.0023380080370283673, 0.0007363775223448984, 0.000428217403050205, -0.00013052640051021492, 0.0006615338239611327, 0.00036074684613631087, 0.00021667778937554453, -0.0013395658811861232, -0.0003581469002187176, -0.0012837874347904209, 0.0014275464510835239, 0.00025960180529727617, 0.00044334504146337645, -0.0025013799675255043, 0.0018127762065925988, -0.0004902383166459567, -0.0012793385555253387, -0.0007748013394493688, 0.0007831576513380936, 0.00016259982533614416, -0.00010870546254962864, 0.0007056566622473472, 0.0015424291015754845, -0.0003909131675814055, -0.0004091876400890441, 0.0008681964421903995, 0.0004521143140934501, -0.0007240874441605185, -0.0008449821753080644, -0.00032941871238863316, -0.0005288553903459802, 0.000225111386587839, 0.0011127389530380578, 0.00044131299575233976, -0.0014731002879639677, -0.0018773404253619142, -0.0003377490389528591, 0.00024182606154807127, 0.00046870517079124256, 0.00026339008247489276, 0.0005093625790143065, 0.0012214480117991903, -0.0010208816330347583, 0.0004588540493742104, -0.00021541888224261313, -0.0009294111699156611, 0.0003574020195090873, 0.0017660380709994625, 0.0016583621388054552, -0.0004533425007771446, 8.874129141764438e-06, 0.0003734920504172433, -0.00047178951021686406, 0.00014223309895765052, -0.0004091652771961655, 0.001045097149812769, -0.00043750190814880374, 0.0001949017358626987, -0.001009160844238944, 0.0002722459626127415, 0.0021196285116049343, 0.00016611751293869957, -0.00025846725765321107, -0.0010453991086002512, -0.00020459623034407127, -0.0009984876181439407, -0.0006862178053683343, -0.00046665661353898863, 0.0010779004137556965, 0.0005227841620331602]"
520,"[-0.000974897371145244, 0.0012999047719662038, -0.00019279687299942567, -0.0010708000471968972, -0.00010047857466128188, -0.0005303640052088962, 0.001363299794858558, -0.0015409766118277474, -0.0017395175193932809, -0.0017553590031939488, -0.0003291985813308428, -0.0015610809026206393, 0.0007727028776523106, 0.001129756937233163, 0.0003260721024011262, -0.000577656667362979, -0.0012558790719649857, 0.0010646758282054775, -0.0005320992677049679, -0.0012909026285465122, 0.0008516506691491529, -0.0005481757788236044, -8.119723075617868e-05, -0.0011220553787851938, -0.0004976083977746259, -0.0011070410796591122, -0.000639079314210397, 0.0005112072346248681, -0.0013061505516378789, 0.000234407838947024, -0.00025315950525315993, -0.0005923483061859212, 0.0011478108002414317, 0.0008752967857568359, -0.000763743372712571, -0.00011779181436746953, 0.0006466528268604694, -0.00025725973681223343, -0.0009049704100412084, -0.00033300631354028315, 0.00032962561502537547, -0.0017138870961526938, -0.0006512769122137273, -0.0014779513265225641, 0.0015974060722558445, -0.0006190368804306522, -4.899731045301303e-05, 0.00038790343554107905, -0.00045426482809517665, -0.0013460103018423136, 0.0015602968753746847, -0.00011061759393939378, -0.00018989382481192206, -0.0002476361089387494, 5.0035535002749043e-05, 0.00033615192725641973, -1.1143695828168584e-05, -0.0002133238176828723, 0.0006812181912535588, -0.0014727692006881767, 0.0005327151552565144, 0.0007430939199232651, -0.0007373457367190459, -0.0006871456862868931, -0.0015013349522998286, -0.0005104602755738011, -0.00034487280019232026, 0.0003987876768023238, -0.0007491058845839605, -0.00017257227438350256, -0.00017091112910812167, 0.0007586840069870921, -0.0006155348768091159, -0.00041744329339970414, -0.00045711835999615215, 2.1255742366446638e-05, 0.0011722783732818337, -0.0002519219382560691, -0.0006813628504205872, 0.001283241461252712, 0.0011119870499541318, -0.0009990430992711469, 0.0007252555095966021, -0.00012213468871550567, -0.001145955806737825, 0.0008751355132684562, 0.0013161047590491222, 0.00014845235104253435, 9.746445353838572e-05, 0.0006276535829675118, 0.00015884212503336105, -0.0007156127833588228, 0.0007401378872673032, -0.001330537807192883, 0.0004143736676022897, 0.00027429229640146846, -0.00013741966393473692, -0.00034834826832546044, -0.0019665148861983004, -0.00012948397380004492]"
514,"[0.0016620682213671423, 0.0007817780314723194, 5.0074278823783725e-05, 0.0012408120865500896, 0.0005604661964131269, 0.0007058707054715094, -0.0012194436640501258, 0.0014433595183275987, -0.0006842266008615258, -0.0004263797621949753, 0.00014182170030349476, -0.0012448249297711158, -0.0006124055076922277, -0.0008534951405010147, -0.00021084629948116642, -0.0003497524783190556, -0.0002481141005600174, 0.0001508327306294196, -0.00038569083622913395, 0.0005927286446908431, 0.0002510813374296969, 7.821025531537042e-05, -0.000903263953992948, -0.0005447771896441118, -0.0006302935742487989, 0.0022233432510646058, 0.00047762753009302243, -0.00038236235382920625, -0.0003660086615211887, -0.0008394726246755, -0.00010765364309875553, 0.0004144626698263409, -0.0004353368784805769, -3.717950528975908e-05, 0.00030000368474597994, 6.2269536057193775e-06, 0.0003994400752271617, 0.000831113278517593, 0.0006979502784137041, 0.0008756191635772857, -0.0012395417305567085, 0.0005032995013582674, -0.00047121781919968477, 0.0005854248007473161, -4.9255908343433716e-05, 0.001788363116716705, 0.001796099005474972, 0.00110322652094934, 0.00012048791454683693, 0.00018510428659170808, 0.0011051776580643217, 0.00012485502348461887, -0.0015019716826043532, 4.9752853259678666e-05, 0.0006521040040233923, -0.0012187845296346667, -0.0009478830780689076, 0.0017052540386901364, -0.0005665322071355654, -0.0012645869851544097, 0.0006402193593965802, -0.0005349088264033183, 0.0006465141319758652, 0.0013288853025227214, -0.0011835778433061375, 0.00026932054803911217, -0.0007675937482194624, -0.0003650270802289667, -0.0003774492449071169, -0.00032853834184589015, 0.0013190139076532852, -0.00012595405185607985, -0.0011788304214185427, -0.001216002937004596, 0.0007607996520149791, 0.000156720938703018, 0.0003592363506958074, 0.0009981279059385112, 0.0005456830811298805, 6.9036910091256925e-06, -0.00046427229068562114, -0.0016225277492113264, -0.0008977868760621247, -0.0014309357771015133, 0.0009459713191561504, -0.0005734675438052347, 0.0001450124324942072, 0.0005478850349830117, 0.0018744125037494206, -0.000441997380010217, -0.00041942807671752427, -0.0005168499455837936, -0.0006853216108603913, -0.00020586401832921748, 0.001465249255629297, 0.0016158648381961141, 0.0005257247082359903, -0.0020780476167515083, 0.0016884144055627904, 0.0013743821614655427]"
509,"[-0.0009378414130575306, 0.0005866097191356216, 9.028378071389184e-05, -0.0004154543756824477, -6.505575838853854e-06, -0.0013861644636302011, -4.250361893437175e-05, -0.00023236482063171345, -0.00017499340201672958, -0.0005665004275055065, -0.0007169905543989295, -0.00047354786049053115, -0.001994748928891502, 0.0020021816008479977, -0.0016866845478869389, 0.0003553272199453026, -0.0016125096113905966, -0.0005427809577268939, -0.0022741740080613492, -0.0003284697683862774, -0.000594586050010622, -0.0008861812857976718, -0.0008273996885162987, -0.0002727412970580183, -0.0006765277520623545, -0.0011914687216039417, 0.0013388206132766548, -3.2467309836316704e-05, -0.0001017921280575825, -0.0004454235856791747, 0.0017543653682610984, -0.0007250658423026619, -0.0012162107348077968, 2.204942261157381e-05, 3.306906230848743e-05, 0.0005009315916609719, 0.0004282353169210344, 0.0006651488883621092, -0.0006328629032783358, -0.0007608022618435292, -0.00037371045240263665, 0.0014144567203971585, 0.00029816751770912254, 0.001700713584426243, 0.0009875270591640274, -0.0004393213589754547, 0.0005494421691279111, -0.00023182981791028252, 0.00014338957833339263, -0.0007861049509869804, 0.00011270228501650613, 9.604107517355926e-05, 0.0013373729499041621, 0.0005541647620062386, -0.0006588906678710063, -0.0012405694253360604, -0.0001536438233341896, 0.0005024895679779349, 0.00043821486039777264, -7.515341044988738e-05, 0.0003518802178694131, -0.0009056537061756706, -0.00014828930420427284, -0.00045328130248150424, 0.0006746524771198617, 0.0005526840303591635, 0.0009742681578205239, 0.00016649716469699822, -0.00021919456070419374, -0.0006012651781745361, -0.0006394446685417981, 0.0010143454960982819, 0.0007326192957795057, 0.00010446687497409518, 0.00020551872835238103, 0.0009301218336890048, 0.0005582449587011234, 0.0006511977143107074, 0.0004970975294360166, -0.0022363138857530948, 0.000270057533839798, -0.000529701834038286, 0.0007247052092867955, 0.00034209189175042994, -0.0005099487380864524, -0.0010673704426075081, -0.000431972450686821, 0.0010753948019635105, -0.00024119877783099816, 0.000437539918305226, -0.0003788623665947492, -7.855046749300183e-05, 0.00026420547948511074, -0.0009783975622909599, 0.0002892781160406311, -0.00123669878565445, -0.00013947091088083868, -0.00012382360927387604, 0.00012559025815621382, -0.0002866754818444792]"
503,"[9.032121011342336e-05, -4.4924736032055845e-05, 6.944494845041137e-05, 0.0011809197862416448, 0.00017272002796280084, 0.0006276497504032885, -0.00021562434078896888, -0.001058494139557514, 0.00010072201496306451, 0.0006355580057037065, 7.863441872159375e-05, 0.0009614545250709788, -0.0013121086960054711, 0.0005284042035649346, -0.0013206977975124667, 0.001287608804820105, 0.00047895107094530543, -0.0004431744656681137, -0.00042259403840214056, 0.0011512971484974402, -0.0002473553415448974, -0.000221254184416513, 0.0007025622677226479, 0.0004422153290991837, -0.0005425977532359885, 0.0001284516130680899, 0.00033811320061767495, -0.0006388996276989765, 0.0006226722771436862, -0.0007453873289168309, 0.0002455576871294019, 0.001110311516543046, -0.001142244640615271, -0.0010816158534197318, 0.00032993170012470457, 5.119676449232716e-05, 0.0006808412801882033, -0.0011224476358905249, -0.00045165021625766884, -0.001088350080427498, 0.0004626403553069913, 0.000715999986176301, -0.0005898673493048903, -0.0014141545620156113, -0.00037569269798913677, 0.0017169337850312385, -0.001045440557247444, -0.0022776811002629747, 0.0006789876132659887, 0.0010708471193947044, 0.0012269216982738818, -0.00012603889973665145, -0.002389207027202544, -0.001345577165176613, 0.00021741275209817708, 0.00041339937892594943, -0.001142768563286603, 0.00011815532854781083, -0.000702198673813201, 0.0008147763827203867, 0.0007959001365543391, -0.0017437404444369362, -0.0009252261959506821, 0.0013868646687853388, 0.00014871490158763174, 0.0005842442669458625, -0.0005795715318688713, 0.0004773036862635984, -0.0006341105687918643, 0.000587032368589511, 0.0011599874765184722, 0.0005075079615782498, 0.0003688295113427219, -0.00010962045189080635, 0.0009281649806381178, 0.0014167151562412775, 0.0007626019441956857, 0.0018610145940240633, 0.00138290719461088, -0.00030023522602118667, -0.0009263937889427457, 0.00018844771628602228, 0.00013103452961245714, 0.0016631729064121685, 0.0006620990172068388, 0.00033340604923805885, -0.001614829587254212, -0.0003727185955696816, 0.000655856052621473, 0.001939415291515169, -0.0014525678202866115, -0.0004307283167452843, -0.0001002681004972705, -0.0011155666157650925, 8.693905317292884e-05, 0.0006211879780375939, 0.0005926636293024334, -0.0009715339084885537, -0.0001683079142796469, 0.001026584536195889]"
497,"[-0.0002693731919344248, 0.0003284422920995246, -0.0011697648098695783, 0.0011511267725432862, -0.00015198651290688307, -0.00042822022041867153, 0.0008001773071750205, -0.0005629066947178693, -0.00016928994730580196, 0.00012223350893372876, 0.0005841210422930166, 2.9670166013511513e-05, 0.0006803661712141333, 0.0006534954997516882, 0.0003640883885001157, -0.0005155073320623673, -0.0009722937201475417, 0.0004680248071684616, 0.0002752791493999547, -0.0008202887276342779, -0.0012899222899966636, -0.00019476192061476972, -0.0004068854105822533, -1.573848093367578e-05, -0.0006830716805084456, -0.00023072245227296416, -0.000683094536690782, -0.0008863088548610456, -7.580690331944596e-05, -0.000932181942015588, -0.0007808315714230066, -0.00019569862126030073, 0.00044572326961242356, 0.0006004457536094161, 0.0010440615311175638, -0.0011649696600737089, -0.0007482953619951523, -0.0007521525321466917, 0.0004684283883543931, -4.641194002524561e-05, -0.0012262055191843385, -0.0007989146482223886, -0.0013834184602944163, 0.000564432390462515, -0.0016102462058044048, 0.0002058482719011096, 0.0009907284881324864, -0.0027227161079277466, 0.0012068494214415402, -0.0011483971501087455, 0.0003219511724196152, -0.00045241713100477673, -0.0005151089381812371, 0.00043486623705260834, -0.0015431915090944068, -0.0003993167059745785, -0.0004102996110978104, 0.00020305070220829152, -0.001049371219792691, -0.0002696276853970003, -0.0004975721807368403, -0.00025164186730077887, -0.0014589909235503983, 0.00058950121114579, -6.746930632305996e-05, -6.644952692195427e-05, 0.0015120333988355489, -0.0013980665183360784, -0.00020907561658140721, -0.0007592373498480182, 0.0014584870456417947, 0.0011747634791753243, 0.0017404283873901482, 0.000767228270515563, 0.00011033527624813959, 0.00026565422851978023, 0.0010733102169514159, -0.0007769702979315108, 0.0007353977038012438, 0.000749065437466545, -0.0010236891300895096, 0.0010455661849222608, -0.0009267383233315168, 0.000272150214290797, -0.0007596905806268472, -0.0006715839976027082, -0.0005389712986264146, 0.000684348208964752, 0.0004474779974557823, -0.0017047745349684483, -0.00039449300353961656, -0.000474444958130056, 0.0002427016219182546, -0.002146292536227781, 0.0004789575178721219, -0.0008190837881894826, 0.0010207409078456032, -3.3715280865540025e-05, -0.0007158602169214864, 0.0006308714675190329]"
492,"[4.02089666971558e-05, 0.0007751943594883008, 0.001640457617535539, 0.0001299417145272933, -0.00045401450228293197, 6.799791396207413e-05, -0.00047616920054460244, -0.00013174593074577454, -0.0008799493969761231, 4.028907844011911e-05, 0.0010033830227025148, 0.0016294536061562893, 0.0007832025206793901, 0.0011091865852361075, 0.0006183315736778955, 0.0004507194463517626, -0.00011354973437797097, 0.0010650423745420278, 0.0002574887230854012, -0.0011209417552986787, 0.0012238790469013352, 0.0004793122739906752, 2.3645339603709162e-05, 0.0008755923601567003, -0.00032524345116791825, 0.0004144377815476141, 0.0006744518585649091, -0.0002942408141613211, 0.0018626208204856084, 0.0007745133783771683, 0.00039119536864484544, -0.0006703928543210012, -0.0009615005165757338, -0.0008895213060332797, -0.00045871449706482174, -0.0003501203300753126, -0.001454293012392232, 0.00015915611639658064, 0.00016263662083826537, -0.0005768893545017146, -0.0015462393965901748, 0.0007916720730522424, -0.0011920027603669803, 0.00024295077115656712, 0.000724207334803927, 0.0006572530211682569, -0.0020749194938504243, 8.635482861230513e-05, -0.0011438612700083082, -0.001461230326446611, -0.0003368847854623887, 0.0001487181492198638, -0.0004288166180481, 0.0006500955621936038, -0.0003879147156938775, -1.4093174589301919e-05, -0.0015757575285988835, 0.00021135791931327708, 0.00032064668238469644, -0.00032873373577189057, -0.0005698171632387627, -0.0015029070590696875, -0.0005746181548027027, 0.0004475424658869297, 0.0003650039442973948, 0.0009844921334870315, 0.0007748495670445576, -0.000647872332356721, -0.0003473927992664054, -0.0010641789698112203, -0.0006916460392609326, -0.0011523215280175691, -0.00025918837409023225, 0.00010016766075383299, 0.0010685294384124339, 0.00017091610964138895, 0.0004962093997309895, 3.418362964371487e-05, -0.0009166251985902555, -0.0012195038584060008, 0.001754408659921912, -0.0010085091380093395, -0.00044554596094395585, 0.00036112236748966214, 0.0010893035014759031, -0.0018574405948917417, 0.0021626872755061096, 0.00031836475295613073, 0.0005613235310566555, -0.0016318158633577043, 4.002115364688401e-05, -0.0019773367939480953, -0.0021798940719827456, 0.0010962031283816088, 0.0002481416540950514, 0.001445404374455926, 0.0006839729248180346, -0.0016938159713358655, 0.0005007623866795166, -0.00031044576452521593]"
486,"[-0.0012760618939664952, 0.0012596061091369685, 0.0008136621481206894, -0.0016826173671574973, -0.0004714149032409073, -0.000842556635229159, -0.00012335102769865932, 0.0011343624769593434, 0.0010702570418692804, -0.001017945960317758, -0.0024001503144117898, 0.000447924098841807, -0.002132689175142055, -0.0009137917578239288, -0.0003806350790962513, -0.0013027127769544473, -0.001346079923316677, 7.807063025254834e-05, -0.0001610489628984042, 0.0002426439564469381, -0.0008912454724718499, 0.0011380181759771423, 0.0002416472776413077, 0.002017604513475281, 0.0006037261498877002, -0.0014395608656120663, -0.0006298844478593223, 0.0011024012891052645, -1.8031951602174525e-05, -0.001000359779918419, 0.0009757561579888431, -0.000875192087998567, 0.002186687037006375, 0.0007513683464081417, -0.0003310987194489883, -2.6428222462847584e-05, 2.2555173397761454e-05, -1.9177616720231155e-06, 0.001690254495210913, 0.0010643616401419319, 0.0017423289860155112, 0.0013785333857625937, -0.00037034086772142773, -0.0015163057318459416, -0.000999945132777595, -0.000282272058192964, 0.0007704992017588834, 0.0011764385628080071, -0.000311612903491768, -0.0016464186483054917, 0.00043281890523978544, -0.00023638535165597502, 0.00022225897822580244, 0.0014504762560570209, -0.0007226160912654086, -0.0003994489194196555, -0.0003170592059813823, -0.0003001722680984492, 0.00021671062484598493, -0.0005713864959376782, 0.0010222206733510122, 0.00027294692172272157, -0.000719183444038304, -0.0006847379089633506, 0.00025983879606553107, 0.001024244785800066, -0.00031675600553288227, 0.00014263414681704075, -0.0012321445712818414, -0.00017221366555641258, -0.000870256981748073, 0.00042331198866854303, 0.0013228552899222027, 0.0013334317731426315, -0.0003969299042713977, -0.0007556989610399858, 0.00041787175007090014, 0.00023926536729082434, 0.0003053803425465505, -0.000168233916812987, 0.0003271715017002703, 0.0006261598590513207, -0.0001649801411383725, 0.00043911965199942214, 0.0009505861805380248, 0.00026380510690637203, -0.0014605668093569937, -0.0010547237833367993, -0.0006566716355660129, 0.000597101964100506, 0.0007921117112837136, -2.763204023604347e-05, -6.344391943586854e-05, -0.0002176744572300424, 9.666602618048639e-06, -0.0002769999352811734, -0.0008318842543699301, -0.00018192957651230269, -0.0010098833137655618, 0.00023615119228662747]"
480,"[0.00146187343283211, -0.0004473792183336616, -0.0005094595076984103, 0.0002725007143489459, -0.0020695072817526958, -0.00036437719836909745, 0.0005635313798810986, 7.759851500774625e-05, -6.432826808620926e-05, -0.00010520784578317361, 0.0010645967409520394, 0.0020973017201861466, -0.0018760782910895138, 0.0005852401615193247, 0.00016246734479875974, 0.0004069789026919923, -1.4088780051193545e-05, 0.0007298495927272034, -0.00035528552928857363, -0.0002837807045274547, -0.001531388764499521, -0.0003803072068487881, 0.0004893012179128499, 0.0012378613885248545, 0.0006071503803843314, -0.0005990402123784779, -0.000571730679043257, -0.0009750553346252221, 0.00046180155952642684, 0.0010909254221742454, 0.00036938915139841857, 0.0005784631945516351, -3.217768642011073e-06, 0.00015075746015520355, -0.0005011265070655576, 0.00045327772607765897, -0.000354474993297905, -0.00043101400428896243, 0.0002145166025086107, 0.0005360006615919208, -0.0015280093114555182, -8.942776614263624e-05, -0.00020794996894996974, -9.074949088306699e-05, -0.0009629215052419007, -0.00048741338354265, -0.0009884846963092938, -8.683564142703622e-05, 0.0010249574118814336, -0.00034593231042781444, 0.001140005764073646, 0.0005254271222196893, -0.0009698424101247333, 0.0009484259798942263, -0.0006527932927188158, 0.0003333558051081417, -0.0011445068801864554, 0.0012152120907966755, -0.0002483965526717962, -5.608699271951686e-05, 0.0005162815228007588, -0.0006772467320752232, 0.0004969301931837811, 0.0005590200074650175, 0.0007602605577548742, -6.426284261323712e-05, -0.0017639911741960605, 0.001959600801115488, 0.0011584284953434602, -0.00022404057232492796, -0.0005742390303698182, 0.0008560042970793758, -0.0011300991657213493, -0.0002342896862715301, -0.0004578982403898957, -0.0005107685032813308, 0.0013358026135527482, 0.000418495335202219, 0.00037726958540628097, 0.0005194171405355778, -0.0007949476681731849, -0.0008454482369675576, 0.000583549627016817, -0.001128494944768143, -0.00021314694356493777, -0.0003246210987042878, -0.0007388848235189144, 0.00021851601228033474, 0.00012514401991062235, 0.0007093482501720791, 0.0007144496960257002, -0.00010175910187945305, 0.0007274651386632029, -0.0003403151564802027, 0.001350954017669222, 0.000693880164491806, -0.0010835495798689847, 0.0001189644138741803, -0.00014918059618348854, -4.789968049227593e-06]"
475,"[-0.001304399476203155, 0.0007404214903725396, 0.0006527877707661222, 0.0014689989259248275, 0.0005862579574798562, -0.0012460836846950028, 0.00018715751699715987, -0.0005271810075930594, -0.00047375565196924326, -0.0004165174379819615, -2.321461512855465e-06, 0.000239263934231564, 0.0014708464939258885, -0.0002053707463692662, -0.0004975375739579718, 0.0019989216278175456, 0.0011035171249407071, -0.00042928851272596027, -7.457681111150474e-05, 6.880898416466931e-05, 0.0012925334727332952, -0.0010538891657945178, 0.00107232317276139, 0.0014323733856521502, 0.0004208477637786505, 4.3487322796983586e-05, 0.0008703391161250453, -0.0006529459000349292, 0.0003971139390811777, -0.0013878752660793788, 0.0007545333950318652, 0.000504068358307249, -0.0015788450468820047, 0.00024072780487800573, 0.00021462175156832444, -0.00041647571033755394, -0.0003582692722564072, 5.832474425375504e-05, -0.0006973649065907963, -0.00018235214855570703, 0.0002645210017554804, 0.00019797236346888602, -0.00024919985532000354, 0.0004553620504392976, -0.001277073543564686, -0.00011037668927246735, -0.0013436557146522363, -0.0010986603373785494, -0.0006135934446463205, 0.0009223792088451223, 0.00043396534080585107, -0.000768037317668754, -9.438982578059918e-05, 9.389862080763928e-05, 7.33586644010054e-05, -0.0007702084544137571, -0.0008782751986002911, 0.0006793862619560196, 0.0016643130129182192, -0.0002664932790769458, -0.0007497205483630056, 9.170242626078171e-05, 0.0002770815689027671, -0.00020988397040914912, 0.0004897412829606121, -0.002144877416728941, -0.0010058933497012978, -0.00043272350450737835, 0.0003473957368453185, 1.0458338596111657e-06, 0.0009548577967857599, -0.0013569475862364826, 0.0004958247764517164, -2.281285249144793e-05, 0.0005201392269435323, 9.219568400461055e-05, 3.309094095622147e-05, 0.0012852127990317255, -0.00017017445539615976, -0.0005275780730008885, -0.0007228975517862747, -0.001744077702838775, 0.00030294808301128306, 0.0011462562369796445, 0.0010881181633147544, -0.00030694817522522016, -0.0011903872937574025, -3.290530642204536e-05, -0.0013253527823743, 0.0010662554469121873, -0.0009348840553607429, 0.0009824967439928532, 0.0005470525619214289, -2.863706906363254e-05, -0.00018642944175902823, 0.0007849434488210831, -0.0013072089062072406, -0.0012859583175703047, 0.000699292531415273, -0.0018009450935553783]"
469,"[-0.00019584690208668512, 0.0001993927280885628, 0.00044787252280850383, -0.001587209018820535, -0.0010505973169313966, 0.0003504351567764257, -0.0008033967599988027, -0.001267439679004542, 0.0005659423921348517, 8.404638836382355e-05, -0.0011067579323542022, 0.0006494445899479645, -0.0005426715621998948, 0.00043006424159855536, -0.0002592906606959, 9.85386095725847e-05, -0.00043306956712324833, 0.00021401900320057525, -0.00018173422859882083, 0.0012982313640744311, -0.000964953856247317, -0.0002692544636088416, 0.000848773514243005, 0.0004523244308427195, 0.0012005929988449832, -0.0004731920399482945, -0.0016582586143672057, 0.0010308269231434956, -9.022540149825691e-05, 0.0007824779791288989, -0.00036962909722010535, 0.0014209607024175857, -0.0010723338064924585, -0.0007160905748902547, -0.00023489026557026372, -0.0008275497439333631, 0.00046579006158575277, -0.000337161949445212, -4.422234106916276e-05, 0.0004220480786635602, 0.0008320873046731897, 0.0010812124151290887, 0.001074788153295028, -0.0006689363789191482, 0.0011336879745136041, 0.0015187581868686773, 0.0012944897816781326, -0.00036202167557006026, 1.564269333829795e-05, -0.0003512435552730093, -0.0007324950620268589, -0.0008696818995722452, 0.00026768025146785507, 0.000845074855576277, 0.00028600462367948774, 0.00031574851451203034, -0.0005927323972131506, -0.000857700217847714, 0.00028831949700848557, -0.00040031646359757, 6.606410920023185e-05, -0.0005987458411649122, 9.620503382051342e-05, 5.478435206482998e-05, -0.002275720702586829, 0.00141111639455404, 0.002026479244210559, 0.00010462991249230478, 0.00011238787754295961, -0.0010206663315855448, 0.0007196094313376815, -0.0011348168802176434, 0.0003837600821187888, 0.00018609480332121812, -0.0009394616413429548, 0.0003814525494855379, -0.0003368646520602235, -0.0009660046303365976, -9.850105802328631e-05, -0.0009402429178956455, 0.0004981727001866162, 0.001206821792144638, -7.539023543685008e-05, 0.0017894676330128282, 2.9306884342847426e-05, 0.0002891851571886019, -0.0002711223492766726, -0.0001511480481886013, -0.0004368600615890597, 0.002228978499257507, 0.0011356438986976874, 0.0015730835737547367, -0.0010512546264597141, -0.0006340208897627264, 0.00046004680149540393, 0.0004092150668848946, 0.000493054557579722, -0.0008021710714931702, -0.0005087660516800537, -0.00021562903077554585]"
464,"[0.001854458044096606, -0.0008197880514046468, 0.001168419788313785, -0.0014088315181361663, 0.001555183389972615, -0.00031578170086453395, 0.0005918280515964875, 0.0008579080570542722, -0.00012188303083364999, 2.973310179242896e-05, -0.0018061890088549876, -0.0006360048281645171, 0.0017814678895249818, -0.0011238362789337585, 0.0001110918525756351, -3.2442506941452573e-05, 9.39170140591605e-05, -0.00014146126475857567, -0.0002739449859642553, 0.0004472140246332523, -0.00028907834369725475, 0.0010712333735871588, 5.931884078815967e-05, -0.0003408874754586593, 0.0014964986986318056, 9.946004836543518e-05, -0.0014535736445355143, -0.001016843016992099, 0.0008371808109383596, 0.00023308110502148703, 0.00015636072309003715, 0.0003159936607305197, 0.0012237526800731194, 0.00031495211332023933, -0.0008800084542599721, 0.00012060471191811128, -0.000973934322397748, 0.0008578434693184239, -0.0003943404354077963, -0.000196902154695952, -0.0009443028059323288, -0.0013188117827663325, -0.0009812818729380928, 0.00019088749626752714, -0.0015459076390460678, -2.574058889651689e-05, -0.00029727185518348056, -0.0005183128573242643, -0.00034403666614297063, -8.00272230888708e-05, -0.00021401849056282963, 0.0004106845223117729, 0.0005344278500004563, 3.04211857985166e-05, -0.00027641827210311056, 0.0005763887221800412, -0.0005812053458905458, 0.0012085360504488938, -0.00015413569224253704, -0.0002825731583729826, -0.001204813729751435, 0.00010057725669722634, -0.0004382116683390358, -0.0005363495961037748, -0.0011935504392573666, -0.0008839254425491565, -0.0014347951188064777, -0.0005096527620029267, 0.0012923017722292897, -0.0011867375894132422, 0.00036614483075538955, 0.000920356425827583, -0.0004180923866236527, 0.0013851906466989831, -7.264013146263433e-05, 0.0006697797474388173, 0.0011931354621930888, -0.0011976382002902271, -0.0014479403851169166, 6.0540285008709924e-05, 0.00022334444832766077, -0.0017151008812779864, -0.0007146148314344703, 0.0009739327892105253, 0.0008514093040027037, -0.00024167513770670813, -0.0010271295949444762, 0.0005089406113479723, -0.001070412946724274, -0.0016411273678173716, 0.0008762187550430234, 0.0013314154066749637, 0.0005843662240126174, 0.0007245008211467974, 0.00023149693719807387, 0.0018013562187275747, -0.000505679901430029, 0.0003517603137607253, 7.81560033493942e-05, -0.0005766561734901186]"
458,"[0.00026935651415607633, 1.4628579466209721e-05, -9.29011719354894e-05, 0.00014225336462178866, -0.0006289738354132281, 0.0009352194497569886, 5.5733094936930946e-05, 0.0010437742340350757, -0.0005949886774800733, 0.0008979441910203896, 0.0010591636508229326, -0.00020588820628380822, 0.0005620780192488555, 0.00042414590026176885, 0.0005238929001437183, -0.0008013144338419192, -0.00018764190358490655, -8.149269590894521e-05, 0.00043912204241930945, -0.0007358548055283995, 0.00043489961248494935, -0.0001373078736790845, 0.0018688848200547768, 0.000985232340821691, 0.0005282111977704817, 0.00040372072484192296, -0.002860466478627323, -0.0006878641421712064, -0.0008280361334327277, 0.0001947876242346214, 0.0009664501287793776, 0.0009282307045906362, 0.00047160117195675595, -0.001386977157434761, -0.0008857232052389541, -0.0009611796817817855, 0.00037395136294795785, 0.0006279791036113537, -0.0013594682853533613, -0.0010427263633280596, 0.0001557662603587254, 0.0017871124217553303, -0.00018431013970302313, -0.0007201836762396412, 0.000922041327489042, 0.0003693800277099348, 0.0007882415055578755, 0.00044868648405061676, -0.00041475166739952414, 4.78236485052764e-06, -8.460250215811385e-05, 0.00036103572934865423, 0.0006827513694431398, 3.9205329375006424e-05, -3.295485822054462e-05, -0.0003553790145263416, 0.0014947968170524824, 0.00026663192837528304, -0.0001753517370091847, -0.00017064402377793675, -0.001243483795013626, 0.0008630544343007137, 0.0013492582471556155, 0.0006334499286515848, -1.1421355910326978e-05, -8.653085062630106e-05, -0.0012997073820392568, -0.0003553961451003391, 0.0010577830023302736, -0.000837576144068506, -0.00018269575741812954, -0.00020020186630038308, -0.00023796031594935162, 0.0007674511620001853, -0.0022712520588518883, -0.0014042638632514378, -0.0009117659619946909, 0.0010746090882898132, 0.00043305019872905186, -0.000459360961113806, 0.00032541486675201933, 0.0010789152154554867, -1.6060975920443906e-05, 0.00030107972423365785, 0.0005080568574360678, -0.0011881658873103683, 0.00018309405085645497, 0.0009688861824377728, 0.0009841852627648544, -0.0007326751870966279, 0.0004434472895378238, 0.00039425126481506916, -0.0009957025129183408, 0.00045396138746937143, 0.0008256156205958642, 0.00152509585188492, 0.00014204583803555668, -0.00015384789628281382, -7.368276334839297e-06, -0.00026587088805750956]"
452,"[0.0013816712382001659, 0.0001994461182623879, -0.0007658183329484465, 0.0008184541779162055, -0.0011830096550340832, 0.0005422704683388863, 8.10520823324068e-05, 0.00014038380332953034, 0.0009693365048846827, 0.00018981259569354476, -0.00038821101724486923, -0.000861775882420614, -0.0004299919142571096, 0.001239528347739152, -0.0009859497024745957, 0.001380713355030997, -0.0007435043858348399, -0.0011178495423251375, 0.000994675847482542, 0.0009383170541944503, 0.00040515040407416156, -0.00012274330012981686, 0.0011112506745531126, 0.0014862878927353704, 0.00014462871034189088, -0.00037413795539437513, 0.0010173277679062303, 0.0007685341299921144, -2.0908008059510677e-05, -0.0005899522474788458, 0.0007804513743902587, -0.00040513379836030426, 0.0017396620629014686, -0.0014345109762351287, -0.002641008118005877, 0.0009858891132383878, 0.000983012696595416, -0.00018169216128861696, -0.0005812303862345537, 0.00020398495391663976, 0.0015284360432411706, 0.00010766968389340237, -0.0008436114371425631, 0.00037584348469697526, 9.438198855566464e-05, 4.900692438463255e-05, -0.0007607249227346917, 0.0003240798101770532, 0.00010310265561652612, 0.0002366672392194006, -0.0008847918836227302, -0.0007042451914949842, -0.0004489213031295949, -0.00048268416412806914, -0.0008773668940811319, 0.0012566280869581396, -0.0007570994819100372, -0.0003166717627656378, -0.00015520659059353346, 0.0008412640229387321, -0.0008427261438203346, -0.001113427683490802, 0.0006265632612128367, -0.00029352625028925976, -0.000328784590384269, -0.00034370135562109504, -0.0007439212234226639, 0.00010273531413127677, -0.001323854944996041, -0.0012101819899463676, -0.00017078786967191222, 0.00010155075157132597, 0.0005489919712953886, -0.0005932930931756188, -0.00031194271893747656, -0.0010264736239581234, -0.0015374480537502678, 0.0010010858263328063, -0.0010208800480091887, -4.3089928003897624e-05, 0.0005916527232433369, 0.0004529042313700742, 0.0012123934560658344, 0.0007867195708189197, -0.0016797195208376485, -0.000502656716736438, -0.00128712444735327, 0.002176233611624706, -0.00022073039266376235, 0.00026279162761986863, -0.0010085026995938235, 0.0009349058825199092, 0.00044582108224995603, -0.0010482681804665117, -5.6415139475393794e-05, -0.0006810470384734674, 0.0003632945085698846, -0.0008399657794622524, -7.077939065130711e-05, -0.00041417806620341435]"
447,"[-0.0003696390919660748, -0.0002505341347382399, 0.00047237043515695144, -0.0010275853379338054, 0.0007152747123263036, 0.0007096638605021845, 0.0008443372983436971, 0.0008246412233289213, -0.0003449118440805049, 0.0005070283438509077, 0.0017899076604041288, -0.00106350201816339, -0.000479079311053458, 0.0013976118668143343, -0.00023949085733100006, 0.001215917810150676, 0.0014614045788318838, 0.00076778766328733, -0.0010005408628774605, -0.001084108001664986, -0.00018649187705934694, -0.0012679165902349913, -0.00037348329848187054, 0.0016452140901430906, 0.0010669449696560488, 0.000912658943433213, 8.342763062404905e-05, 0.0010443933653637258, 0.00043146597148710784, 0.0004022483286072247, -0.0006176717674812104, -0.0007990932787110022, -0.00015413531330130294, 0.0006214491897529724, -0.0005131821568158359, -0.0020878836290764893, -0.002049257207659045, -0.00046591288282309313, 0.0010440531880983282, 0.001707192962009777, -0.00025343441129181736, -0.00016475370990845636, 0.00029880735883148677, 0.0013467785192171665, 0.0006683272625199807, 0.0009515182105029969, 8.729749209916754e-05, -0.0003549322051037997, -0.000306526142916813, -0.0009744466788538247, 0.0007983724109578578, 0.0004786796506352179, 8.828953524275648e-05, -0.00042087812923333136, 0.0003771786038548625, -0.0006503879417335959, -0.0004180858959543169, 0.0007166994293130005, -0.0004502336057619651, -0.0012538834609559196, -0.0010443740003402888, -0.00015298370576443952, -0.00019609151482656188, -2.3338963410796475e-05, -0.0011636915971720099, -9.098899709715735e-05, -0.0003990440998953091, -0.001457354419735584, -0.0002747933953528324, -0.0008202877662104733, 0.0009354400574472502, 4.185307690192383e-05, 0.0011891498910902695, 0.00018398626652522357, -0.000704369395147129, 0.00038646250469771056, 0.0022444847095866444, -0.0006250650272573628, 0.0002493894665921823, 0.0005792093376258112, 0.0008390698844773749, 0.0006429626068815946, 0.00027236070174911425, 0.00044108281506397446, 0.0017055048085789005, -0.0013709411471195844, 0.0002870637138504224, -0.0007557351486592259, -0.0006033305866733626, 0.00031302175309563763, -0.0021081060755432394, 0.0012997243132149298, -0.0012086191383902736, 0.0003207941048045165, -8.577564306449576e-05, -1.6208202543681254e-05, -0.0003696287265816437, -0.00015423661726691836, 0.00015774625567389037, 0.0016570446931451742]"
441,"[0.0013410588251700807, 0.00024279433016811632, -0.002096814377101075, 0.00018756137413701536, 0.001291421037848928, -0.000988364950926814, 0.00038790437874887726, 0.0005325850522906257, -0.00010354694371346842, 0.001013345286973272, 3.9996339425083676e-05, -0.0004175271170329724, 0.00029536883880361756, 0.0003287122875845633, -0.0009221499905144883, -0.0027017330788770997, 0.0017329794918644476, 0.0002156234808410088, 0.00021762249568162733, -0.00037587917978230945, 0.0015291851036403914, 0.0002417193594449493, -0.0001678340898458632, 0.0009105057339381355, -0.0005561981226729037, -0.00011765982055818828, -0.0009503810528676287, -0.0011973297270140154, 0.0009698103084025399, -2.81968216626843e-05, -0.0005210010211034954, 0.0013016427031798815, -7.840458714177443e-05, -0.001188248536332813, 0.00036752500040565907, -4.426182211015939e-05, 0.0003229357502857259, -3.891464046407036e-05, -0.0013106507002964049, 0.0010579683247995755, -0.001801414832916603, 0.0006128190848213341, -0.0014197799253705867, -0.0009252268871971427, -0.0007216674649385314, -0.00015184881936877276, -0.0010305772392973517, 0.0002503867176838639, -0.0019234258794742834, -0.0006199962425749426, -0.00035597035671818174, -0.00012761537943672757, 0.0007905240402394918, -0.0016219805173941703, -0.0006481971804167922, -0.00037503022863650984, 0.0008270022158697179, 0.00030742073409952746, 0.000478391373749796, 3.17829827840179e-05, 0.0016529353551023207, -0.00018484643070266105, -0.001107305130762105, -0.00027203488802682866, 0.0004505476330184897, 0.0015855493244923968, -3.7566645662719855e-05, 0.0005666377152340654, -0.0010303248065595663, -0.0012765367718974867, -0.000388969098567054, 0.0004164726760727783, -0.001176268792144524, -0.0005009562213584831, -0.0013835553367318525, 0.002890282646643424, -0.000559958512686272, -0.0026038996595130572, -0.0019321801060076078, -0.0009600769964293845, 0.00029199060099729707, -0.0006711802193435975, 0.0003100483302969438, -0.0011750038820973806, 0.0005616168129599671, -0.0006178849359123541, 1.842219467909639e-05, 0.00021474169484695936, 0.0011553733069149831, -0.0005589596746009486, 0.00037516708028269405, -0.000656639207372476, -9.805789557123777e-05, -0.0007662862666500484, -0.00037625244586493334, 0.0013700247746343056, 0.0008401599695529886, 0.00047390899050735007, 0.00048325884514795973, -0.001160108003468673]"
435,"[0.0014153743756711548, -0.00030749519666841915, -0.00021971500169304048, 0.0002797361381105926, 0.0006865389937950123, 7.213192438007e-05, -0.0006762628364896384, -0.0003825554386294071, -0.000881630127583119, -0.0008463545899029235, -0.0001881190730524227, 0.0011768547755415175, -0.000989463313857923, -0.001275415188962388, 0.0001124640635443649, 2.2826852748968706e-05, 7.079957119623785e-05, -0.001236236838346688, 0.0009186722275831197, 0.000711623695409755, -0.0004733144424654529, -5.464331052573651e-05, -0.00023826047638845097, -0.001015840400948488, -1.7612839485487046e-05, 0.0008201398743374028, -0.00016379933702124135, -0.00023358536045380582, 0.00177712339836743, -0.0018116116496763944, 0.0011881391903439406, -0.000897058958108742, 0.0016127211039589427, 0.0008603909477110664, 0.0008741260730873522, -0.00067111503215273, -4.318445633679139e-05, 7.340599187324496e-05, 0.0019647424219837455, 0.00039095133959882346, -0.000383659846040697, -0.0002493434479647791, -0.0010929475034261334, 0.0014308580431210622, -4.8957712175380496e-05, -0.0002908232424737099, 9.459526988775364e-05, 0.00012452740214813595, -0.0009669039667714321, -0.000554784202798527, 0.001348860920835848, -0.000214541281241303, -0.00023325005912962663, 0.0019017189633132486, -0.0007340117048398004, 0.0004392039970095358, -0.0004938907774527658, -0.00016483078568196584, 0.0004145823484311623, 0.0016764171846498953, 0.000316174858338001, 0.002113176349275847, -0.00046596849227815165, -7.111453732057483e-05, 0.00028793611879587887, 0.0008282147026474694, -0.0007938269773605746, -0.0008336300119999628, 0.00016181452462823311, -0.0007822920907875967, 4.538222169492193e-05, -0.0009837918574862156, -0.000313514422300794, -0.00035066681989217425, 0.0010079078557924822, 1.99090445837162e-05, 0.0004386117989020425, 0.0002373109466416461, 3.973345066419309e-05, 0.001935621892146212, -0.0006265093232077083, 0.0005332577746652874, 0.0008248843860748402, 5.314167075057163e-05, 0.0006284699945352865, 2.6425299174464074e-05, 0.00014399679974826072, 0.001724607273252442, -0.0023514866151353227, -0.0010309743204098111, 0.0019740137758296806, -0.0009596127313397005, -9.549050986200403e-05, 0.0004032692142348506, -0.00015592376953258745, -0.0009731467201941624, -0.0004807939442873436, 0.0007386131240034333, -9.349097157769192e-05, 0.0004897873142927708]"
430,"[0.0014489326966798384, -0.0019560491547234325, -0.0005380375495179245, -0.00015917171659144032, 0.0008668131740008516, 0.0009965663839289107, 6.096793255152021e-06, 0.0014780794348218278, -0.0004928473508568173, 2.6594117968472183e-05, -0.0007357112436695633, 0.00043197264805090236, -7.8245076478982e-05, 0.0014500359576632917, 0.001585791965657905, -0.0012158797314938163, 0.0003489232602650027, 0.00020504707773170866, 0.0005589686429966463, 0.0010763290117156896, -0.00017754449390678512, 0.0005317610374497688, 0.000979229252723055, 0.00018739561130479309, -0.0006419000389837666, -0.0005681716836526523, 0.0004143472433457148, 0.0010964807564164622, -1.8472240816900948e-05, 0.0021187368421458535, -0.0001019002544743654, 0.001012472443771555, 0.0018581529819009118, 0.00045831879167116963, 0.0004946936671545879, 0.0008898870278955894, -0.0008410775055689539, -0.002009535821513503, -0.0001313459316247954, -0.00011756986833787292, 3.539099215507635e-05, -0.00038724085805439437, 0.0022683139091649444, -0.000618068157750523, 0.00019292957530252472, 0.0002672406765982611, 9.3732709966227e-05, 0.0014692004404037332, -0.00034943668164499827, -6.153372326551814e-07, -0.002511944656706288, -0.0007944991908200108, -0.001474824238671837, 0.0007325697356606847, 0.0012646843694961469, -0.0005724304877936443, -0.0005592240496540633, -5.759803220465531e-05, -0.0005542073213244865, -0.00031652284768371, -0.0003664905432547285, 0.0001292665730035738, -0.0002041415947286512, 0.002667215955488701, -0.0005620782973831174, 0.0008751745437495192, -0.0012387055561952104, -0.0007312665843923551, -0.0012113328442175456, -0.000498817335113915, -0.0006791708878308286, 0.00039109639426763456, -0.0005953728397586027, -0.0009002216285463379, 0.0006977637794659909, 0.0013120431870899387, -2.9074213054317525e-05, -0.0014183240538547346, 0.0010402550593512458, 0.0020572444586808977, -0.0008767242105127434, -0.0003089263867996148, 0.00039285405133282275, 0.0006913949441411507, -6.888246823665519e-05, 6.705868737782658e-05, -0.0005453060331533838, -0.0012795659362092545, -0.00028020368476072574, -0.0010801808743374196, 0.0019598345886120317, -0.00022425062769940404, 0.0003735431821152386, 0.0006427437177928557, 5.503771764490977e-05, -0.0009494948904133305, -0.00031059102718072337, 0.00044577952190023835, -0.0009426845827396312, 0.0005942674404530392]"
424,"[-0.000938302899449334, -0.0018102965085397083, -0.0006449847455799878, -5.8143640874557425e-05, 0.001790562025831458, -0.0016963097150808797, -0.00041018710712012707, 0.0012582660211815926, -0.00016850991011696783, -0.0016344726798772525, -0.0004273816302103723, 1.0448103410878517e-05, -0.00023678294202360333, -0.0004865571945733506, -0.0003602887286701841, -0.000509535742618838, 0.00012816488499785763, 0.0012798875149243585, 0.0009660327205487824, 0.0015669733989603822, 8.623037263494826e-06, 0.001272891540733702, 0.0006738435825854963, 0.0011772541643028014, 0.0006670841596703737, 9.079306838313915e-05, -0.0009536653802182033, -0.00027332838392185555, -0.0010196529513752076, -0.0008980672746646931, -0.00047655102449145576, -0.0007966700490301356, 4.535577272966714e-05, -0.00039322527667177173, -0.0005370196306279122, -0.0009722053283562616, -0.001501842210749401, -0.0010720228881134662, -0.0012790291392252415, 0.0010897871189516906, 0.0008475694987298111, 0.0014727614409135493, 0.0008561020614428969, 0.000827066568797236, -0.0013995159365786224, 0.0003535387283825084, 0.0004520687743279886, 0.000327764324111207, 4.8331696745555696e-05, 0.0015587535017082864, 0.0009165070026371056, -0.0012432895625064033, 0.0006728419141870161, -0.0002230394938780343, 0.0006412222808137503, 0.0010116121797448692, 0.00022982229043483625, 0.0002776639047757134, 0.0006040044673651155, 0.00019238464724038459, 0.0004507290086886641, 0.0005265253789410407, 0.0006762072516139253, -0.00030213020642943855, -0.0013689022641274378, 0.0008101771774936629, -0.0012100808841891569, -0.0010987234523434075, 0.0015418265813427119, -0.0015208962633046247, 0.0008714390502510455, 0.0001642315478220145, -0.0007893451801371941, -0.00025602234804745073, 0.001785946756187574, -0.0004332003859721076, -0.0009516278985311449, -0.0009533521895798661, -0.0014730323729988028, -3.848070126472907e-05, 0.001464470912282406, 0.0006370886076793728, -0.0005026955300322253, 0.001798621237944325, 0.0012098318017175643, 0.0006233445336095686, -0.0014556182695972639, 0.0007680774123423248, 0.0012913315705272502, 8.326796338713466e-05, 0.0009188890376600623, 0.0008345980795103817, 3.975521961377327e-05, -0.0007430349513490018, -0.00038510382782015837, 7.307018267111741e-05, -0.0018027566492072647, -0.0015101849349215253, 0.000287564110126781, 3.906373099896595e-05]"
418,"[0.0011321619909192495, 5.652761246756522e-05, -0.0006914114663354982, -0.0008378933367581675, 0.0004052012804803371, 0.00027308631200119313, 0.0005944813592676534, 0.00048185580219875035, -0.0001673654897012618, -0.0012906825734480356, 0.0012393601564176036, -0.0010007551208769542, -0.000760817050514036, 0.00019252636761296185, -0.0006809677503312708, -0.00041350874814330657, -0.0009220518960552666, 0.0001717490943263324, 0.00018427255305108792, -0.002192887598837257, -0.00020178007767820267, 0.0007739108083958999, 0.00045861027324976177, 0.00023728399261854942, -0.0008417208733849192, -0.000708912121992725, -0.0006792700504004301, -0.0014564877996216885, 0.0006358960612207043, -0.0004853557514869325, -0.00033499917309055816, 0.00026873806388350263, -0.0019276956273202891, 0.0008265203879551542, -0.00027940374545416797, 0.001793281082340469, 0.0011238171422411106, 0.00017796844243946874, -0.000834376898522345, -0.0003999681076437069, 0.0003046811838662709, -0.0001757465456627255, -0.0007553033134124637, 0.0015685630280118591, 0.001841089571605995, -0.0017064173322474817, 0.0011942330507327724, 0.00028581923878382765, -0.0007504867974689413, 0.0006945031285028007, 0.00036080001449869395, -0.0006715739292714674, -0.0005387961256473544, 0.0007906320446852878, 0.0008436841173775308, 0.00011108487451646429, -0.0014257369283712156, 5.9927634768013296e-05, -0.0004039917998555442, -0.0002774183301130833, 9.700133228625978e-05, 6.487723622096118e-05, -0.0013276330515185912, 0.00038179318123583315, -0.001394182571860917, 0.0006874038181579092, -0.0013441539780990636, -0.0010525273094761749, -0.00028953692738354286, 0.000607366884531232, 0.00023475018558748406, -0.0015146942916151357, 2.4288054053858864e-05, 0.00136192538290465, 0.0013637853088949296, -0.0011003826612035032, 0.0005433381928847889, -0.00018369561461894287, 0.0019222629568015593, 0.000506988434253077, 0.0005978105517526009, -0.0006682261097703903, -0.0011431408256592, 0.00015486591171265957, 0.00029872651236727824, -0.0002930418868773424, -0.0011657690113085358, -0.00013389484201064707, -0.0007706741390310405, 0.0019583604806248348, -0.000908369502174518, 0.00034793320265991747, -0.002240321885420164, -0.0003102233577867154, -0.0006232602373184789, 0.000999379682395154, 0.001034047319184095, 0.00046012965627040687, 0.001969100574031793, 0.0006895179768385668]"
413,"[0.0006697633144913997, 4.363401231755586e-05, 0.001105196595427357, -0.000670107837001174, 0.001977150223444634, -0.0002739651419560841, 0.0008343423211456281, -0.0006020870554303868, -0.001886703860415285, 0.0011227550491153594, 0.0005012301228509499, -0.001037154608487615, -1.8444672080093413e-05, 0.00021430557820638685, 2.033203155112094e-05, -0.00034426350209968386, -0.00037727250081886143, 0.0005188109848292474, 0.0002420814996879029, 0.0004883140777169818, 0.0011096592113268918, 0.0004226275416666003, -0.001217224710135831, -0.0002786537594326548, -0.0021008340448836083, 0.00038666352903184365, 0.00100240069337457, 0.0013259136619907638, -0.001714231344917324, 0.0012009148240104469, 0.00016304797571886265, -0.0016985169718688382, -0.0004791525954380256, -0.0011148494481382797, 0.0003891042877142397, -0.0003789296663993194, -6.831506940804863e-05, -0.0007689399098678907, -0.0008056870844753122, 0.000721662578939317, -0.00024677271518821494, -0.00023947609077541471, -0.0005277524419368195, -0.00040358365324467054, 0.001690240912935, -0.00021246300936648713, 0.001012070297335792, 0.0015590423767998223, 0.0015541467591161351, -0.00012215097410264925, 0.0007101390915616045, 0.00023423613828106626, -0.00032949101186147855, -0.002234078929742923, -0.0004183084866640585, -0.0010008952613617496, 0.0007001859349893185, 0.00040352403393291886, -0.0001244338018029926, 0.00034046607116566287, 0.0017096104105816692, 0.00030327949519230117, -4.271418259332546e-05, 0.0009830578760136374, -0.0005901732033729924, 0.000496237602919245, -0.0010489183366216622, -4.1344906385123534e-05, -0.0003600507809895477, 0.0001415650050535153, 6.958406985116587e-05, 0.0006590481173571663, 0.0001925583894942054, -0.0006564038412869847, -0.0014182859866205388, -0.0012335400950885804, 0.0006120800953794632, -0.0005830633916160038, 0.00018929971961301653, 0.0005305258328153947, -0.000966296990915386, -4.3862562617995596e-05, 0.00012542631114984554, 0.0007680029211128426, 0.0003769586662102091, 0.0005321406970913814, -0.00025484211855849974, -0.0007444542284178485, 0.00021427478819624257, -0.0006452095923766345, 0.001965430559361832, 4.1184645865882956e-05, -0.00020935247506351126, 0.0001788900180126341, 0.0003864427989319667, 0.0005715084888096958, 0.00011882606751145475, 0.00045902939975364405, -0.0006934183386241951, 0.0003855908216038269]"
407,"[0.0001062342021045923, -0.00044716094335789727, 0.0003862503990936608, 0.00033144749197104145, 0.0003371880668386996, 0.0006652933591936824, -0.0008813325840186402, -7.077495591928108e-05, 0.00028548879962030045, -0.0005448877011431989, 3.7012916595013166e-07, -0.0010089167872919446, 0.0002991114370536393, 0.0002196829591230412, 0.00028876037388139594, 0.002211646170991893, 0.0007214765503411105, -0.0010935771291801747, -0.00026612304857691284, -0.0012749197742579338, -2.2328581272061103e-06, -0.0007649938653160413, 0.0004985302846314989, -0.00028645063042186163, -0.0005701780485362335, 0.0008643158465732747, -0.000758949370706001, -0.00019881921183779476, -0.00036826163075891964, 0.000831608397181331, -0.0001939436868542043, 0.0015686553473944628, 0.0008853123266277614, -0.0007168034128131299, 0.0019051328071531014, -0.001032909219833308, -0.0008727272376004217, -1.5500095775325158e-05, -0.0008533590237710578, -0.0005552567767749356, -0.0008606593682302765, -0.00034618116547614915, 0.0018480260764245043, -0.0005208637254928787, 0.0004118197247460019, 0.00026762670431766433, -0.0003802767199377244, -0.0010696171178426377, -0.0003044460232976971, 0.0009954512866160907, -0.0011821524576889429, 0.001372612571561141, -0.0011382089105432193, -0.001253736874351129, -0.0008178879555915176, 0.0008758202306783397, 0.0009622662797006284, 0.0008370627571286444, 0.00032558934213358924, -0.0015863282095600509, -0.0009510196085861542, -0.001068999345721993, 0.0022050634395304755, 0.00021880937260702535, 0.0008150700172573598, -0.0011707253514202562, -0.0002717146029075086, -0.0006121120640399625, -0.00036669432782433044, 0.0003833703524578706, -0.0006195670954116841, 0.0010524886672289692, -0.0009634735721256623, 0.0010325237897264698, -0.0009316213533390654, -0.0008928095049688841, -0.00018299108451294823, 0.00096761581660629, 0.0002609964783072513, -0.0008802332752934904, 0.0007099861532494586, -0.0016727517025508125, -0.0011319074414840196, 0.0004089181906493815, 0.000814161570319918, -0.0007790585625727102, -0.001889585892210166, 0.0014345746180707125, -0.0011948709443302353, 0.00137648807423545, 0.0006512626081176903, -0.0014759442246314567, 5.706729524441493e-05, -0.001167451228146726, 0.0006004546979178071, -0.0016616523666805624, 0.0005993922429512144, -0.0011389118596604867, 0.0006291075962251722, -0.0006293596153717166]"
401,"[-0.000826633276920574, 0.00012858653279244496, -0.001926676061308672, 0.0013133846577401758, -0.0006596711005980447, -0.00043530211214581676, -0.001317588357818471, -0.0004453015356888296, 0.0008642687056622273, -7.359001915045114e-07, 0.0011063628584768535, -0.0010616602803060812, -0.000825681725391174, -0.0021071653211507915, 0.001479540007478318, -9.142892265906855e-05, -0.0012499616454214144, 0.00021862789194614777, 0.000468680019992056, -0.00125871299570603, -0.0007081393964047676, 0.0008090649526594347, -0.001325567414951864, -0.0020585071706757667, -0.001160015452905348, -0.00037760691997575785, -0.0001705620569368516, -0.000726352386916264, -0.0018092664698264205, 0.0003303991454455311, 0.00033654257276949427, 1.7605263268984167e-05, -0.0005679234238753375, -0.00011168754045886548, -0.0004884491766154686, -0.0005412240185535211, 0.00011795140573089191, -0.0006969226479602941, -0.0013091889798399847, 0.0010994749749467744, -0.0009961856431127418, 0.00027814221386324525, 0.00014518194907404584, 8.699189582288084e-05, -4.310552510743492e-06, 0.000915151526366055, -0.0009010899381965506, -0.00018629250153311523, -0.0012638869425611525, -0.000627917602059946, -0.0013144654158342402, -0.001115818425918843, -0.0001519396720801134, -0.0004909804596384159, -0.0004604921461008204, 0.0008278220603818139, 0.0004088375141978496, 0.00013035957487246008, 0.0019864205143465073, 0.00035497036715980383, -0.00044472777214287943, -0.0003708769600914722, -0.0006308784033963727, -0.00042317442074004937, -0.00039207000040005776, -0.0017375149942761507, 8.450214782692327e-05, 0.001043730969699869, -0.0008141051548574001, 0.0021849918570777814, -0.00038301407734304233, -0.0013378985650116968, 0.0007154507283469823, 0.0009338794063072203, -1.8355420251411307e-05, -0.00089386567001321, 0.0004347881718971618, 0.0005536169658181983, 0.0007754416983058607, 0.000178555686426257, 0.0011113728695351375, 0.0004219847929624317, -0.0004333310411240767, 0.0012813828559689584, 0.001740139342576756, -0.000883829982082811, 0.00044405713978361413, 0.0013031885276477066, -0.0002976940048334268, -9.398337312167638e-05, -0.00029576059977739697, -0.00026662585551654106, 0.0006720918383064351, -0.001440541757746387, 0.0028169699873951334, 0.0009402758635566557, -0.00012090434008393076, 0.0008943926524878975, -0.00048227170089666757, -0.0007091743916576805]"
396,"[0.0008253245531495857, 0.0011018195547299323, 0.00034380153475221394, 0.000342333764597336, 0.00022591602778957196, 0.00019021520886288923, -0.0016718893780257227, 4.6899710112323625e-05, 0.00029486778367699454, 0.000795592922415076, -0.0006379275211347997, 5.040356842427399e-05, 0.001343829269410447, 0.0001161209505524426, 0.0009218709207331684, 0.0009815230879772646, 0.0006314146570545847, 0.00023430338208178816, 0.0016668076773769394, 0.000237218871096717, 0.0020316574301896552, -0.0011950652776513623, 0.0016184808837237572, -0.00033744897625177225, 6.261150891971693e-05, -0.0012675002294779611, -0.00033661665203033443, 0.00018915452798808367, -0.0010566147353465328, 0.00022821036490002698, -0.0003768381422783245, 0.0001651847572084046, -0.00013485094329351282, -0.0016656283377340533, 6.636764334640231e-05, 0.0002127156874583988, -0.0006995745518641884, -0.0017814695203314673, 0.00037888895451093104, 3.596358633992979e-05, -0.001221759122900552, 0.0005657432224412478, 0.0008304309145219198, 0.00012126801616280267, -0.001091790020487445, -0.00073609495033958, 0.0007456015044355964, -6.878000355736851e-05, 0.0007147121048196894, -0.00019148662913132667, 0.0002539499753769994, -0.00033738214163223096, 0.00029273740643727457, -0.00022166402286162213, -0.0005456289934876876, -0.0008107979069922529, 0.0016810652320088653, -0.00032560782245072764, 0.0008735407883391794, 0.0004881646794064611, -0.0005244676105117237, -0.00042117709793600177, -0.0008055267516969976, -0.0009287777171308843, 0.00028580836993713087, -0.000976926951573557, 0.0003835995008095186, 0.00019888559053881435, 0.0003357630963026198, 4.10425291677031e-05, 0.0009563437280720586, -0.0007361406746479468, -0.0018662829893209207, 0.00015429955928729578, 0.0017455080283815853, 0.00033393766247983344, 0.000726978370031309, -0.00036006442270677453, -4.331039977302436e-05, -0.0003732882421420957, 0.001128343480393392, 0.0012045842691128525, -0.00031436896763257426, 0.0012705995927326814, 0.00047099240157291884, 0.0011358454245648038, 0.001134977588956954, 0.0010936582265553966, -0.00031961161598385445, 0.0008746433610843844, -0.00020861914138282667, -0.00010611822270416747, -0.0008176524438625883, 0.00043649256037182167, -0.001825081814317444, -0.0003725864345688525, -6.454851594368229e-05, -0.000268360516604357, 4.500749831994243e-06, 5.21829664653651e-05]"
390,"[0.0006026157837266652, 0.0011865709951407557, -0.00016301709683223846, -4.70805654058405e-05, 0.0004104198574186596, 0.0013240524229385104, 0.00010713188963660229, 0.000566535106771255, 0.0006343357186700365, -0.00022634938178061635, -0.0017055690930129813, -0.0009623339943469708, -0.00020276601916565534, -1.8218518255912228e-07, -0.0004216506834445184, 0.000249292953229254, 0.0009619014840254347, -0.00040224191970404536, 0.0009501908998896098, -0.001968630073042925, -0.0015696402672099703, 0.0005802888840016262, 0.000646057843997528, 0.0009922540425602749, 0.0004439327216467664, -0.0002976767852723285, -0.0009972701190116983, 0.0004414145639365487, -0.0010109781510892395, -0.001088710364275898, 0.000912297518593477, -0.0007154093833399036, -0.0010917522186413792, -0.0008320104923665942, -0.0006015872235872286, 3.9583055436136296e-05, 0.00035466998430551963, 0.0012503695585584541, 0.0017543875978050872, -0.0005369336013525262, 0.00031642911588336114, 0.0008555624696632625, 6.230515724663946e-06, 0.0012092017618638364, 0.00029064777521121564, -0.001535759903326215, -0.000911851848637078, 0.0006149692102407323, -0.001059652611622017, -0.00022402327426740057, 0.000477769136038323, 0.0004989308524161407, 0.0012954783916855797, -0.0007495965924040403, 0.0006893659384262444, -0.001321126484218629, -0.0006028428400560756, -8.658127041275167e-05, 0.0008257582570118044, -0.0008591451879916048, -0.0007614595649413229, 0.00018468384379989255, 0.00017643193888426122, -0.0005983882760026776, -0.0003694328872003034, -0.0005642321449815066, -0.0008532935820665877, -0.00036512836941424224, 0.0004026352699735501, -0.0002954725590466702, -0.00019314519513046743, -0.0004320601714998242, -0.0008496464769782716, 0.0005691125648788751, 0.0020204831298118358, -0.0021325070170667404, -0.0003756942647101653, 0.001021936090646564, 0.00015528551563433695, -0.0017141940809231823, 0.0007524070860734067, 0.0008852578053894867, -0.00029842506520051995, -7.054417526915586e-05, 0.0011092876107286148, 0.0004061863465510785, -0.00017220857079748561, -0.0007798647678304896, 0.0006629399283319013, -0.0006109267864213075, -0.0012501622285763854, -0.0007831060392833752, -0.0005601717325660611, 0.0010960549365549772, -0.001471007284457492, 0.00035948107895383927, 0.0018997964107873285, -0.0006005006559648299, 0.0006370663001615392, -0.0018052886151056228]"
384,"[0.001089847804591173, -0.0014560589368724252, 0.0004902839544083928, 0.00041197420016845577, -0.0012392002132147282, -0.0004580875846704437, -0.001702173242595519, -2.531362429259446e-05, -0.0001409179092395652, 0.000410524864805398, -0.0011303532805242364, 0.00019869651328905248, 0.0010767690782731622, -0.0005135613562147567, 5.026984404202894e-05, 0.0003222218143737602, 0.0006852660946912784, -0.0008596157950943839, 0.0001166499055910689, 0.0019414083799187886, -0.0014055221054686349, 0.00011772405052683323, 0.00039654445582256283, -0.0006236159629154175, -0.00014686273627739, -0.0007123426829281895, -0.0011006022585611133, -0.00029061044146320335, 0.0008854481006239507, 0.0017758743268847595, -0.0009148615106032627, -0.001033873194817777, 0.0008279966802073578, -0.001621854407290888, 0.0004387027327201228, 0.0021568533992123635, 0.0006573056785101805, 0.00038194497341741503, 0.0005114222518199296, -0.0005686324191243964, 0.0011986073352648339, 0.0008563100822494623, -0.0013213799443192909, 0.0012535877773774732, -0.00011200023106196406, 0.0005492035706830268, -0.0012554922718050398, -0.001103955895850023, 0.0004794343746861509, -0.0012338435914602036, 0.0021712411804153567, -1.5679331469305214e-05, -0.0010764664615615508, 0.0008170447928213975, -0.0006073934000611828, 0.00019441668957460135, 0.0005308964636521423, 0.001405711630502202, 0.00020467770179670918, -0.00021851084272090843, -1.3519606877691086e-05, -0.0012135120528742604, 0.0013471284664203261, -0.000334237957485546, -0.0009668972811125363, 0.0014209629369398298, -7.990429712656237e-05, 0.0012051251919344018, 0.00018869670530998077, 0.0005761004765188687, 0.000533816571033384, -0.0017241362400337338, 0.0018760560754291216, 0.0013800820603048311, -0.0002895580213076183, 0.0001565557129822756, -0.0005148087233569639, 0.00035786460467308146, -3.347046180296829e-05, -0.0004185100142552045, 0.00034870417220864266, -0.00039715731496417186, -0.00018017791965095023, -0.0008297048150083377, -0.00018916718051107398, -0.00047329108493377646, -0.0012218297624139087, -0.0005999871435572969, 0.001007507882607568, -0.00046331230398025634, -0.0003492562668104014, -0.0013588547783457059, -2.7294886926734807e-05, -1.7819721702222303e-05, -0.0004445548579594976, 8.36515638273487e-05, 0.001198831155465155, -0.0012132506679260933, 0.0003236930769752556, 0.0007094161377339973]"
379,"[-0.0005683751715671103, 0.001102511646873942, -0.001066165084607706, -0.00018822496160936336, -0.0010673469505649816, 0.0004904456177563805, 0.00021730235392944012, -0.00013742013013883858, 2.9519258949080338e-05, -0.0013242451995941395, -0.0003370637949926007, -0.000676597812110542, 0.0010833303510965364, 0.0007044456010991461, -0.0011914099103896157, -0.0015406458140677407, 2.0684754920799132e-05, 5.9027200406200684e-05, 6.580976437515495e-05, 0.00020247788847244428, -0.0021903237770840986, 0.000347100317737185, -0.0012443654203263374, -0.00033482861593697575, 0.00040933130841731244, -0.0013225713627932165, -0.0015520474386959639, 0.001054531502215868, 0.0013478088612436222, -0.0012291739483732936, -0.0003298934853075349, -0.0013631866262435427, -0.00039921324780317245, -0.0008594237757904006, 0.0004273580789345852, -0.0013093013032139129, -0.0006121777898298095, -0.0014699501539892131, 0.001171197546833226, 0.0007837778910141788, 0.0019807550127693358, 0.0006431543636398759, -0.0003389501422709731, -0.0008751042138185633, 7.843186777511736e-05, 0.00029335110763544414, 0.000646704819052154, -0.0025255022493607983, 9.557744211739938e-05, -0.000620090799598645, -0.0007943651969401739, -0.0010521379415368423, -0.000369837109790685, 0.00048090022814970354, 8.64160899964214e-05, -0.0006473297628659512, 0.0003876353579466692, -0.001815384074470611, -0.0002742647931618322, 0.00011739896504615775, -3.3688758220313886e-05, 0.00048526929896287, 0.00023382114895907145, 0.00066032305671105, -0.0005349305593014314, -2.812938202351539e-05, -0.0001836164451015837, 0.0014354619289368195, -0.0006553273766192617, -0.00023277269114547499, -0.0006366840652353155, -0.0011408699653145814, -0.0025375886246877125, 0.00021182290921348206, 0.0003887874259662908, -0.0008402787600007546, 0.0009237076517162307, -0.0004992765998958053, 0.0004903780953443373, -0.0007635566496546638, -0.0006831049056974633, -0.00041877871680729475, 0.0004183319481627525, 0.00045844440345308774, 0.0008151617954635827, 0.00024419999309140074, -0.00047642366766299907, -0.0005874862910700184, -0.0004664219024892177, -0.00020948237035417743, 0.0018838383340759822, -0.001038841994568591, 0.0003808944418578246, -0.0004669126973949259, 0.0010778631569272302, 0.00039430711675703616, -0.0006790940494878482, -0.001226186029091505, -0.0005413547187737836, -0.0005715294157549566]"
373,"[0.0007799382303694364, -0.0006614178900817763, -0.00024147394099621348, -7.259887860522078e-05, 0.0003085931994470258, -0.0014303293316382186, -0.00028037792835853214, 0.00045021650550705996, 0.00040801038002950775, 0.00039801751046518577, 0.0007645027633660362, -0.0006573989085861632, -0.0003852737541456895, -0.0020046408003272344, -0.0007361986103012239, 0.00014789001872198492, 0.0001312009981900516, -0.0008923430959131099, -0.0002945194848608735, -7.464784850415e-05, 0.000609889354791836, 0.00019349945082130322, 3.0402653476046313e-06, 0.0003129223235185178, 0.00019059404054247572, -4.2332113565260434e-05, -0.0001447903651216339, 1.2653031796839124e-05, -8.99828255398895e-05, -0.0004341630878587183, 0.0002348844328755075, -0.0003267966305528149, -0.0003211706936768168, 7.52090005445674e-05, 0.0008796635607677422, -0.00033093501092246565, 0.0007200542908825656, -0.001048953442655196, -0.001617467351017695, -0.001683591638478822, 0.00038432520627414694, 6.255022135814601e-06, -0.0004026110558506345, -0.0006518476677112457, 0.0012647693134315594, 0.0014370096051813145, -0.0013841039391438454, 0.0006746880324332308, 0.0009347980436220414, 0.00015840614012396987, -6.58901044789666e-05, -0.00011799797810527725, 0.0014382392149260854, 0.0011110478828596994, -0.0006650368499586678, -0.0004277471615043679, 0.0015200076296048072, 0.0005645884602167504, 0.0008980360337715545, 0.0003244654807020116, -0.00020315649765570602, 0.0008576876451280997, 0.0005191372184262042, 0.0007973405928453589, -0.0011435775230951484, -0.00022391128377172954, -0.0013807137808391566, 1.0773692048570697e-05, 0.0003009557702915962, 0.0002330226797665359, 0.0007298607008619869, 0.0016530812432215601, -0.0007232717985023815, 0.00014438323905106875, -0.00044659672070216684, -0.0010239642931439824, 0.001516864323753358, 0.0002043322817785584, -0.0005734871363995187, -0.0006016069343512021, 0.0014184849048756564, 0.00021826543609594311, 0.0004867916772260974, -0.0017247684520047813, -0.0006004368803512471, -3.4251092918071086e-05, -0.001140588641424769, -0.0011349699004982177, 0.0009944487731067904, -0.0004948922833442305, 0.0002786022984817911, -0.0003751793627130431, 0.0005463823086042278, 0.0007263449502143646, -0.000697992029483666, -0.0005949714282473367, 1.9960336931131848e-05, -0.0006388110262447716, 7.496813130875245e-05, 0.00023818157856518154]"
368,"[0.0002138485568514495, 0.0005299040211988106, 0.0004062146323070197, -0.00027147905702563924, -0.00038652048150298473, 0.00014999809066032659, -8.151338020717232e-05, -0.00010514297599124429, -0.0005792957753676468, 0.0005891004541712552, 0.0006561785206088041, -0.0015407721427210918, 0.0008269375837987006, 0.0001910489444244281, -0.0004969018757656733, -0.001041315770513525, -0.0007229066519141282, -0.00020399597667560785, -0.00046888859307474967, 0.0005541443159533216, 0.0007738606353595274, -0.0007196835206071784, 0.0005872266361267883, 0.00012044367957667171, -0.00021027340924448996, 0.0009715239649712752, -0.00018078704373681684, 0.00042606979176152576, 0.0018986735910126906, -0.0012508751055690579, -0.0014410206706116614, 0.0010060788526689846, -0.0006669710839525533, 0.0008780124299269253, -0.00047276263846293427, -0.0004307929534784331, 1.4282812013709617e-05, -0.0005220382028751021, -0.00038254622241959424, 0.0003627025729276308, 0.0017202210210075345, -0.0009769787468199, -0.0009860197045969109, 0.0005102174264412093, 0.002974232167510437, 0.0004710083536992204, -0.00104816949694554, 6.418025536610311e-05, -0.0009413147291288382, 0.0004574060616957384, 0.0014696531516725617, -0.0002633569799794064, 0.0015171225919732127, 0.0007849579905433456, -0.0001567959702352222, 0.000658520241099985, -0.0005474870606300224, -0.0005957948379004826, 8.979114813675131e-05, 0.0012986363412995675, -0.0002468844803547689, -0.0007707590996963182, 0.0019429058037399262, -0.0007019624707603736, -0.0009510187710517176, -0.0013112434959707373, -7.361527919589904e-05, -0.0004242263528225131, -0.0008377616320470567, -0.0007643636238722207, 7.009872736581444e-05, 5.943199412342224e-06, 0.000599760523153541, -3.9338659455254694e-05, 0.0005120288820161438, 0.0015129385860695847, -0.0009456119614974259, 0.00046792161766392044, -9.044394716980697e-05, -0.0010166406648707998, -0.00223813974480548, 0.0009386961039424079, 0.0007855244032583547, -0.002107155010613164, 0.0026406487418357445, -0.0014107219148844982, 0.0002738705265202905, 0.0020334755770991153, -0.00030685428299488833, 0.0009225575964742744, -0.0005932987235274207, 0.001503738083559837, -0.0008328204598148412, -0.0010399007754889748, 0.000867024963139169, -0.0007283624558286099, 0.0010017410792458865, -0.0005251475076675736, -0.000627314473823498, -0.0011615743601628642]"
362,"[-0.0005154274956486975, 0.0006006353720386667, -0.00014888095919857113, -0.0004921413497045742, 0.0015157419663225052, -2.8331722788487746e-05, 0.0003328659917783991, 0.0005162424750418585, -0.00018639885240162774, -0.00015694632127379312, -0.0005162484319153964, -0.00031479379607359854, -0.00034870089458476045, 0.00032538312747434336, -0.0007615380015234146, -0.00019317595883693424, 0.001261279653674645, 0.00032486829682049973, 0.00019087018883155656, -0.00031883036898428625, 0.00037391449249498965, -0.00027361272634581537, -0.001204133223251861, 0.000971923869632313, 5.263997471861996e-06, -0.0006241628906944749, -0.00021147176421383473, -0.001160389645769978, -0.0002385788339714064, -0.0002372704122830332, -0.00046966808751509247, -0.00016488519071057464, 0.0011678004483370646, 0.000564995273255314, 0.001239268611582921, 0.0004735981445208904, -0.000812709350571567, -0.00045796151825299326, 0.001987146950003277, -0.000726600048921685, -0.00033859938039401184, -0.0004888729278097348, -0.0010098698071289432, 0.0005991698801816044, -0.00165698650464556, 8.58709459764936e-06, -0.00035709346505279825, -0.00016013428184510125, 0.0015836340015642695, 0.0008302196628261244, 0.001475095515673486, 3.069786567170428e-05, -0.0016848910251272544, -0.001199873588488642, 0.00028328437839874346, -0.0006493585573499652, -0.0016046551597580817, 0.0009815091212891675, -0.0007641508024517957, 0.000931433087406645, 0.0006164737442180212, -0.0013560966733383879, -0.0011946059297832186, 0.001506918125062386, -0.0017830299879907172, -0.0013460523978131426, 0.0013379344702754764, -0.0007052359628705997, 0.00044539314742999777, -6.334745941046772e-05, 0.001874913684312359, 0.0020146239453835927, 0.0006651817410771249, 0.0002487948726825054, 0.000282346317837285, 0.0013711124680597375, 6.347526553913045e-05, -0.0013638340280126564, 0.0006793116248291852, 0.0007277153938353744, 0.00016865227808058713, -0.0009581222017758498, 0.0007533041482750804, -0.0005071279533385876, -0.0002558179918280396, -0.0005046754910710594, -0.0007068742488739954, -0.0018393149126362078, 0.0010633625079793196, 0.00012454326789374212, -0.0005886027826331538, 0.0007835669095645869, -1.4729025567939187e-05, -7.570614722244093e-05, 0.000802696435489248, -0.00040612585813861206, 1.7250396026164515e-05, 0.0003126470813285201, -0.00035535950296569386, 0.0004977136143460852]"
356,"[0.0002485445652247945, -0.0009887037494189094, -0.0007156387555085016, 0.00018781198390149066, -0.00016197248171357552, -0.0006975750481013186, 0.0006241473555450754, 0.0007369766212302464, -0.0008865826448855007, 0.0001087518674857667, -0.000375341912256402, 0.000981667062147243, 0.0009779370671070564, -9.81471138395892e-05, 0.0010113677167086956, -0.0006043000270797556, 4.760757742973683e-05, 0.0013303612856229443, 0.0006931601826840927, 0.0008408489720520032, 0.00032006587414892606, 0.0003750689435262089, 0.00020283907980194946, -0.0028500034805073616, -0.0004164079581491423, 0.0005227440024071918, -0.0005905147520740495, 0.00013835167536950714, 0.001052445935746884, 0.00044586010416983494, 0.0015454726576238436, 0.0003481151611631146, -9.461215711332157e-05, 0.0007060767357811576, -0.00018356382726700748, 0.0005514740678335797, 0.0003255809956636218, 0.0011736402474684493, 3.301340257944751e-06, 0.0004891873026390501, -0.0005118033463636385, -0.0002234601915104636, -0.0006741974113427521, -0.00048138262716807245, -0.00041291646907860564, -0.0007785911857086468, -0.0007482225991985723, -0.0002753305456238226, 0.00020302713500010064, 0.0002831669900387122, -0.0011719039037752963, -0.0009725744467263721, 0.0005021774957718337, 0.001142752822155973, -0.0019395991159170513, 0.0004522533475124982, -0.0006586505236919213, 0.001303979263271434, 2.007006143434403e-05, 0.0010391682894624853, 0.0009488176013441013, -0.0004884470120826229, -0.0008233955835000286, 0.00022016534675037942, 0.0015193428586434143, -0.00010751727123920313, 0.0015248045086682883, 0.00051380200901707, 0.0007220689954170666, -0.0008229267795725458, -0.0003178575360180521, -0.00019823313499680337, -0.0006869920656206889, -8.883209275806693e-05, 0.00062745594348826, 0.0017976371753801025, -0.0007181355335298231, 0.0006124123605096781, 0.000718134290993365, 0.0010361121135438254, -0.00018667892776714798, -0.0009336003897695932, -0.001712007084377401, -0.0010260365195393232, -0.0005894089738146248, 0.0004567327727096445, -0.0008905394596567326, 0.0009500596698026537, 0.0005256516798878587, -0.000646828317815738, 0.00012773796108602088, 0.00034299046388515457, -0.0014730790409166958, 0.0010315404617646684, 0.0002884143666582583, 0.000514634938246704, -0.00011770566636232331, -5.411513104165872e-05, -0.0009381216111493217, 0.000253866166722326]"
351,"[0.00017390446360112663, -0.0011714849654472306, -0.00043526395206500065, 0.0017562178607054303, 0.001246110862339446, -0.0005579725664893819, -0.0008703596237303175, 0.0009312906521116136, -0.0002705888921159942, -0.0026177118499431853, -0.0004857315886966793, 0.0005780559431111691, -1.668558749012777e-05, 0.00026902429026009594, 0.0005897168872628438, -0.0007142139159479965, -0.000600144240198522, -0.0001582079848578955, 0.0009303920624616441, 0.0003950183616930021, 0.0005624610130641233, 0.001610612326359144, 0.00043107818722780004, 0.0012075681723746103, 0.000331073356976257, -6.212953822773563e-06, 1.8800322919852991e-06, 0.0014285924066383055, -0.0013824472384269752, -0.0011881661880590495, -0.00037603758722770154, -0.0009240304336499796, -0.0013932667413398526, 8.515884528758659e-05, -1.814205299952385e-05, 5.476321689497229e-05, -0.0018839104186140925, 0.0018471522883450032, 0.0019751938553799996, 4.845725865962882e-05, -8.316033693854019e-05, 0.0013687845473819144, 1.7177822448180545e-05, 0.0002827432762479886, -0.0002746202120896599, -0.0009940607165259952, -0.0023172061764802116, 0.00022969308023037405, -0.00044868435069209334, 0.0016491305042123168, 0.00016387182304457724, 0.0004062346359863821, -5.576029149264224e-05, 0.00033919642280885867, -4.245099951086233e-05, 0.0004216328610269198, 0.00048216312564504176, -0.0005582894340755005, -0.0002867677114873573, -0.0006151150820717219, 0.0007138311704538385, -0.0006998745046254851, -0.000927630390574207, -0.00013768264337839654, -0.0017238231920971446, -1.3756488639653158e-05, 0.00025590850314330464, -0.0008224916616556532, -0.0015955139018152564, -0.0009685730334373391, 0.0004915474318177135, 0.00012811472535913823, 0.0007501814228282643, 1.6377025841314653e-05, -0.001107621137919086, -0.001714616029640211, 0.0004166628084819178, 0.001248956922011031, -0.0013972365644741513, 0.00015068658603867725, 0.0013868083906242769, -0.0012583531584196153, -0.0004916387092796032, -0.0010701097029037871, 0.0007203043300785272, 0.0008298150208466155, -0.0002159257014713518, 0.00013180024648308598, -0.0004980311556753638, -0.0009893759014299283, -0.0010989738197755517, -0.00046863552845586947, 0.0003681452446102156, -0.0017502164404188164, -0.0010460222200755606, 0.0001267954733152888, 0.001422068077510851, 0.0006806652378020581, 0.0002966068258220357, 0.0013820520214727827]"
345,"[-0.0009486743822545838, 0.0002459872972758588, -0.0006293071446506393, 0.0005402690606176225, -0.0013280894837041917, -0.002202911610856349, 0.0004079376937937539, 0.0005516910303866151, 0.0012210246368727544, 0.00017421654119525114, 0.001403501770115532, -0.000721671203574831, 0.0008412183635588395, -0.0007233813671876428, 0.0016840425694863899, 0.00023476589763096032, -0.0002434400008912385, -0.00024008236659570005, -0.0011553453242634465, -0.001379234318048593, -0.0010538952115915182, 0.0005557060058285208, -0.0017269496418650836, -0.00038129887867304163, -0.0006174463017931744, 0.00034634212016223495, 0.0014556837198378824, -0.0012935502027062356, 0.000981347213131364, -0.0012404515025974565, 0.00040060773794687254, -0.0010462268890215301, -0.0003375554817472643, -0.00028600751351937466, 0.0009040613660726138, -0.0006943465469631438, 0.0006654909944315504, -0.0003243483763710279, 0.0006313803155304574, -0.0010927329956940302, -0.0006326143660508831, 0.000509368541666835, 0.0007063503904604891, 0.00015721147558599936, -0.0002428104699685313, -0.0013113239074832928, -0.001141232613344378, -0.0010360339454846173, -0.0006679751764508683, -0.0002890136863220059, -0.0003303026936703683, -8.563789157194933e-05, 0.0005883555854360006, 0.0001156213439220193, 0.0002118222489082811, -0.0007219375453813195, -0.0007391268607588067, 0.0008346371974624828, -0.0002971977811299586, 0.0023624008826996956, 0.001296772477145371, -0.0017003032048330303, 0.0008901389167385541, -0.0005514939244881012, -0.0008693638817351627, -0.0002272018688949437, -0.0003099868831133236, 0.000990861022389704, 0.0003471024193081277, 0.0001826320042570426, -0.00019803807467996584, 0.0001901186631745771, 0.0010316894545030425, -2.176683489986872e-05, 0.0008079218299513114, -0.0006338298988200467, -0.0007934972512287225, -4.4597634320033294e-05, 7.978771891304197e-05, -0.0004114160340064938, -0.00035404167399119736, -0.0007608987822790375, -0.0018678052588556695, -0.00021782824133235022, -0.0011921511679876939, -0.0012307692255216936, 0.00019202186126981855, -0.001217981029254273, 0.00026991186113728026, 0.0003836154435509952, 0.0015286747180568911, -0.0015137991527183962, -0.0014435745812972816, -0.0006450823157460769, -0.00023067975377147576, 3.59559821449856e-05, 0.00011066826335937576, -2.1213871568946817e-05, 9.316887258749463e-06, 0.0013192414525554795]"
339,"[-0.0006288734211236611, -0.00010225969946002682, -0.0017783438912208382, -0.0010441416008684316, -0.0005191715539095082, -0.0006671440004186622, -0.00018466429460937327, 0.0003911613993357005, -0.00019254985896105433, 0.0001671549860863823, 0.0003521135403292987, -0.0005184599439357741, -0.002700429778659858, 0.00012833441723476897, -2.6746614830578987e-05, -0.0012136281905214044, -0.00022037576223496327, -0.0003798403556287519, -0.0025827990547477074, -0.0007016955319116764, 0.0005826117619382532, 0.0003097961103788913, -0.0006492719245577778, 0.001581632490183232, -0.0013929166325704237, 0.0001874318971970021, -0.00045920840097548124, -0.0005254442949051385, 0.0005664399424102729, 2.8024681797480816e-05, 0.0008948332626626089, 0.00034250333903890933, -0.00011588356933198473, 0.00021378110907602948, 0.0006869500117048181, 0.001101557968052956, -0.0013401756743307634, 0.0008014658733145331, 6.127884261636086e-05, 0.0006083580687693763, -0.00032419700836904225, -0.0003541592987712499, 0.0008141746117658194, 0.0002959939268026246, 0.0005948687555099947, 0.0002285361653295133, 0.0012965926779666184, 0.0005104845672655419, -0.00024266127088502256, 0.0002699298457481752, 0.0006901159495341059, 0.0004796364836295593, 0.0006029766638967812, 0.0008023282492648868, 0.0007104798829283936, 6.294481220137446e-05, 0.0019082089967973148, -0.0004475178578017691, -0.00019048913142866432, -0.00021568245519316975, 0.0006121192475927148, -0.000346116082173934, 0.0014750571948741464, 0.00047190884591264966, -0.0002849756645718223, -0.001937515791939165, 0.00045994825604030035, 0.0007418669727953352, 0.0016168751228010246, 0.00013739845306969884, 0.0011756801775299904, 0.0008355617269291956, -0.0001910339811361671, -0.00013884139709758548, -0.001464215668781145, -0.0015797745754304775, -0.0016323521007643301, 0.0003223914757921743, 0.001063941912214902, 0.0025556401632160206, -0.0003096842020479765, -0.0006307779764138472, -0.0003907186239985437, 0.00043717430133671207, 0.0008917503535428374, 0.0011521133676071589, -0.00015720880319424998, -0.0004990473728101052, -0.0007583865515655902, -0.0006288202730556842, 3.443692732142766e-05, -0.0013130300305057088, -0.0002992708389412125, 0.0009339621580006839, 0.0003474549409031091, 0.0001110835620235851, -0.00024775882119383304, 0.0005274817879806335, -0.0006293320387115349, 0.00018862182550685524]"
334,"[0.0018078620441461884, 0.0004516046514935646, -0.0015588717115307617, 0.0001819836251867293, -0.00019127823302846335, 0.00016216883538657312, -0.0012584105412802471, -0.000999052403880229, -0.00023331750769661858, 0.0014070440146274502, -0.0007751945484174239, 0.0008512026667530518, 0.0009219265699388353, 5.091090501271026e-05, -0.0008742620669359892, 0.0008749582418421471, 0.0004944426460742159, -0.001548643099187349, -0.0003396633268023164, 0.00020592657928457516, 0.0018730838855948054, 8.222416894183477e-05, -0.00039231368220314324, -0.0003042201261009858, -0.0002704762639267062, -0.0011032409663429448, 6.0036903070256e-05, 0.0001030352137543505, 0.00023985931964395197, -0.0001157840711266124, 0.0005997691519281098, -0.0013622904591023357, -0.001738805170785843, -0.0022192894320226773, 0.0009067741762335108, 0.00020828050116551995, -0.0008158190269486598, 9.235948657807918e-05, -0.0015523250556771823, -0.0013917816577511631, -0.0009215904572393605, -0.0009542420716988635, -0.0008090572501594697, -0.0002613887519099433, -0.0005801234947426129, 0.0005086527073105488, -0.0009505357945872589, 0.0006025766979634294, 0.00021179693411121022, -1.7626685065637428e-05, 0.0018799408911506436, -0.00028640459895291654, -0.0009140104821061423, -0.00040107952638754264, 0.0012014339525571488, 0.00045236969874915136, -0.0007498646788532421, -0.00021701150684887244, -0.0007857108154392326, 0.0017683349117253546, 0.0008415308335157402, -0.00046676326633280236, -0.0016031682852593958, 0.00033447812192009764, -0.0006640711275027055, -0.0017513224373945577, -0.0005309487191418721, -0.0017979041513631131, 0.0008146447404776785, 0.0011434038494271316, 0.000906615305999531, 0.00014434116753387694, 0.0011851846352663542, 0.0016213730124333345, -7.079568364108447e-05, 0.0004679367402886689, 0.0004256913265206618, 0.00018921540457810535, -0.001502830684969823, 0.0013659480291616263, -0.000593365592820873, 0.0006396095917531056, -0.00158808158873486, -0.00035673369541766353, 0.0008323839248117422, 0.0007537480740581927, -0.0014077851906109725, -0.0018902965701624735, -0.00040886860137848407, 0.0006041712253108317, 0.0002849700349247813, 0.00016591675190849104, -0.0001846227685789176, 9.183652955899338e-05, 0.0008499251778571928, 0.0004553043296879771, -0.0007185944283576292, 0.0014869712385822361, 0.00014397060683148778, 0.001794164468308526]"
328,"[0.000761426068109139, -0.0012807454725863908, -0.0003000447878694227, -0.0006763474067286326, 4.5872781772009826e-08, 0.0006772466835502025, 1.0535584412027802e-05, -6.111311556742054e-05, 0.0002375701651058678, 0.00016582102951050116, -0.0004342029852295605, -0.0017692634686945726, 1.713953320061403e-05, -0.00018805828487501822, -0.0011741177570349574, 0.00011849578738281392, -4.869051304622252e-05, 0.00017215355227113134, 0.0006400146693628823, -0.0005286827907006295, 0.001203628620324945, 7.65304291367808e-05, 0.0006605889791462522, 0.0001907622627462844, -0.0011478494413784558, 0.0008496336915612765, -0.00048291687262137946, -0.001466128307006162, -0.000535759172474421, 0.00014744450946054495, 0.0006400171542424412, 0.0001000335599739014, -0.0003539143235566373, -0.0009106088503023798, -0.00010048378856020522, 0.0020909523509510444, 0.00030808809891647325, -0.0002533116250814322, -0.00025132703039607176, -0.00020026288601348932, 2.8036857566353585e-06, -0.0007440249294433344, 0.001371607772958599, 0.0007543980323078534, -0.0005307641902165339, -0.00036237277072709165, 0.000296090412045027, 0.0003066501808780276, -0.0010944577426646438, -0.0006348866357135406, 0.00028952529895444996, 0.0011356329170853097, -0.0009555141422950481, 0.00033211398601053156, -0.00023835074419076838, 0.00015259433894499936, -0.0018889945741982315, -0.001105431336014019, 1.0987318256781455e-06, -0.0004948071160474186, -0.00017943702875819847, -0.0007886516306193005, 0.0009778010029590331, 8.699874554045763e-05, 0.0019551894607408695, -0.0023683671148500294, -0.00021796146136071308, 0.0003851948683953733, -0.0012884989929797161, 0.0006258097702273994, -0.0008757030505241293, -0.0002373754016079721, 0.00044746839033423896, 0.0007352334620780993, -0.00024637475625035373, -0.00023114310340196823, 0.00014980163476259562, 0.0015965832547403436, -0.00039764152146232326, 0.000496113081022956, -0.0008158642920282603, 0.0008048136206241939, -0.0004192488758823878, 0.002898817097089188, 0.0011827527361949368, 0.0009736929692686482, -0.0003942088879479014, 0.00013546280610488771, 0.0022975116504605304, -2.0947268296955753e-05, 8.210217355093413e-05, 0.00030436485863218955, -5.559184631656191e-05, -0.0004077412370218729, 0.0010206605082708304, -0.0013430277435260403, -0.0007734728751166929, -0.0008312950199124611, -7.072134604242901e-05, 0.0011481053662156006]"
322,"[-1.3239083990720608e-05, 9.945938883040385e-05, 0.0003802956191171633, -0.00011492292647259853, -0.0014882702358275082, 9.02620055599285e-05, 0.0013504984991691946, -6.997769792150181e-05, 6.090169928956388e-05, -0.00023016464196314753, 0.0006020724901262561, -0.00026196407343128997, 0.0008696859763708105, 0.00017207058148169748, 0.0005957514083456622, -3.9235658283098055e-05, -0.0002188738013965923, 0.001580065512980379, 2.519144514463238e-05, -0.00046450471358974027, 0.0005839273676433259, -0.0003177843420774183, -0.000104065118373347, -0.0016147749773221308, 0.0011458407471356495, -0.0010200458731019423, 0.0008173471239054022, 0.0005862741049219341, -0.0005033805787779188, 0.001693707103342922, 0.0019131242776064669, 0.0003689874265383367, 0.0001079431726799241, -0.0010491907727128854, -0.0007370854842457366, -0.0016939017135806957, -0.00034444099930762287, 0.0007201404822441455, -0.0017487124561040397, -0.0007511720578447739, -0.0002582335089838389, 0.0005355650388709096, -0.0008537592236316566, 0.0011774614491442878, -0.0011774160354135514, 0.0008714223043496012, -0.0013341108903827709, 0.0005682516493534465, 0.0026475677402667303, 4.956949526372483e-05, -0.0001936961517213826, -0.0005957005360495631, -1.8828504196584565e-05, -0.0001892339494128074, -0.001544273596246942, -9.34674009346103e-05, -0.0003113033521257241, -0.0008922730871458481, -0.00015619594388470236, 0.00035063442408101076, -0.0005922693187743846, 0.00050228683038046, 0.00028489116933956354, 6.88246582966339e-05, -0.001049482627509733, -0.0012258191585490423, -0.0007343322581206253, -0.000997386734732085, -0.0003973920988391308, 0.0008631873865436965, 7.417407152287764e-05, -0.0012140978652170132, -0.0006167320036890357, -0.00030728648368082866, -0.001032029502390771, -0.0005499399797116973, 0.0001869558945428097, 0.0012646377204689543, -0.0009943874294183548, 4.664957584921352e-06, -0.0009363999564216506, 0.0014161013863934406, 0.0009415673950888516, 0.001493395347425367, -0.0005594194626149516, 0.0009200517277565321, -0.0005457629264967037, -0.00012090281251967994, 0.0006349299085353652, -0.0006634518193509596, 0.0009500387382100624, -0.0009299361344023003, 0.0008873765433399603, 0.00027494560487449296, -5.5218377503098346e-05, -0.0001273132329094125, 0.0005162633822709941, 0.0011738737914645987, 0.001445607637431529, -0.0002201014824250828]"
317,"[-0.0007872911674691517, 0.00047249363547709157, 0.0011773981804579716, 0.00039810368667759073, -0.00023483579354239602, 0.00012343984849733918, -0.0007881249346800966, 0.0012820520837702328, -0.0010425941743585957, -0.0002476276758239439, -0.0001794227399730743, 0.0007685515421657191, 0.00034246566227107416, 0.0007088674285231768, -0.0002811146038436548, -0.0006607798653569504, 0.0011225018429352567, -0.0014661987225784144, -0.0006275461135238855, -0.000535168188266892, 0.002666582299387168, 0.0006202275480781423, -0.00026319347104014683, 0.00023792232727622031, -0.001116629050608291, 0.0004679188850245787, -0.0007848642073887934, 0.000918886949428766, 0.0004429326508552141, 6.655363549113064e-05, -0.0011648781533239337, -0.0002194151910417357, 0.0011223048410158598, -0.0011653678837510444, -0.0007422399463507631, 0.00042476424304557016, -5.238929746383897e-05, 0.0003391506587051818, 0.0003907989309511532, 0.0008082572490987751, -0.0002312883955099704, 0.00043882517619066633, 0.0009918849079541756, -9.392520741671158e-05, -0.0005379683427834028, -0.0004723614220318927, -0.0009858770976825533, 0.0011926196482507372, -0.00016941281480444746, -0.001045655363893589, 0.0005628636609384047, -0.0006255311637175176, 0.0014729623682292416, -0.0007018314569193934, 3.265216847551538e-05, 0.0007334035365980023, 2.3004555624088993e-05, -0.0006843426099174928, -0.0005852634618732248, -0.0010213065885737714, 0.001663773997536228, -0.00025831969779503607, -7.09697269087827e-05, 6.558762931402887e-05, -0.0007992140025501443, -0.0004502464395773318, 0.00042478200828876015, -0.0004447382666500006, -0.00024222164214904863, -0.001002493491925478, -5.8586165040641755e-05, -0.0016642006279438022, 0.001135525562948654, -0.0017132310336602573, -0.0007584215680347464, -0.0018932584876508265, 0.00015437974859369656, 0.0011191122984764241, -0.0014733762522495485, -0.0007139134028143334, -0.0006785124789885869, -0.0001880302729131471, -0.0005320957067394724, -0.0010601919701086198, -0.001167245646681382, -0.0005040881712035239, 0.0006991060942467034, -0.0006057462960228903, 8.560408635227169e-05, -0.001627949443750718, 0.00022022835006479892, -0.00027909278394124107, -0.0008330654252427428, 0.00025966206762819273, -0.0008989764086143637, -0.0012771739185107722, -0.0006270128741158682, 0.00045606173481190437, -0.0002766336024923431, -0.0002445161088474532]"
311,"[-0.0007448656302509074, -0.0016802692257639773, -2.182263677800069e-05, 0.0016370945015576346, -0.0008592519116190873, 0.0002527604967651908, 0.0013710350007991282, 0.00023278228108764677, 0.001001068179711956, -3.5149751235392355e-06, -5.608199314814777e-05, 0.0004812137053298721, -0.001101373743113618, 5.634767298483238e-05, 0.0003789513470794979, -0.000502837735655582, 0.0005960120599013176, -0.00037854987331894645, 8.851666067473128e-05, 0.001977056110900661, 0.000674398466318171, 0.00028066642210226585, -1.9112344037928994e-05, 0.00011740819886120071, -0.0011850353597619406, -0.0002583595479830482, 0.0006664728362233605, -0.0009279190203760017, -0.0009287263551376234, -0.0007138428937924167, 0.00046765835247336, -0.00014561996870626434, -0.002817854026041705, -0.0013908933402225494, 0.0003052788182112658, 0.000606871355457235, -0.0012568268193000405, 0.000501114881565545, -0.0003695491139286252, 0.0003177391834093643, 3.36444801124545e-05, 0.0012873942158274007, 0.0005665213248818931, -0.0003593989976491049, -0.0014594295302229792, -1.5444589552627447e-05, -0.0003898244217064359, -4.558983192931319e-07, -0.0001392168433516024, -0.0005309083157604415, -0.0011008796387873441, 0.00014729212843025738, 0.000621395523403683, -0.0007582070525268518, -0.0002030331775046935, -0.00027939167261471553, -0.0002584061064660653, -4.950498126196841e-05, -0.00017839646299248148, -0.0011424927118130236, -0.0011729895655550483, 0.0006057419810768927, 0.001847609349036159, -0.0004170659650734221, -0.0005807224494511861, 2.5712933006564383e-05, -0.0002638525765944531, 0.0006900109653123879, -0.0006971558279366828, 0.0012639911804932119, 0.00015150716393499223, -0.0013035067880120869, -0.0009233906935188159, 2.2669939876777815e-05, -0.0002916208379515803, -0.0003191165352854969, 0.0002593837853973231, -0.0002481306849274751, -0.0001582587811383799, 0.0004490092310351662, 0.0009046526860313301, 2.9302781798747e-05, 0.0009482378178629891, -0.0003323318620392513, 0.0001377542092375672, 0.0018562139682634137, 0.00022653624515849333, -0.001133451925049014, 0.00013776251369352545, 0.0007546473082708158, 0.0007325339140583118, -0.00043050044348426857, 0.0009079879130845743, 0.0009721817354326535, 8.941491667593267e-05, -0.000783737183613357, -5.18978171588284e-05, -0.0012918484762500957, -0.00013317266320267857, 0.0002567592538332727]"
305,"[4.399158382012392e-05, -0.0006303672823897503, 6.26261246556324e-05, 0.0002535329969913681, -0.00016318400121230895, -0.002132347379718901, -8.141642537704005e-05, -0.00027207781909744223, 0.0008003538730112658, 0.00024730444043568695, 0.0005414268969238311, 0.001928520319041015, 0.0006661638785146802, 0.0018823263108276652, -0.0015632863315204804, -0.0008782249367943588, 0.0006423381220639584, 0.0006309822686734061, 0.0011193873633789147, -0.00013312161874313593, 0.0007586348549064894, -0.002258132930100446, 0.0003105807274220425, -0.0003335794895786221, 3.233622427239312e-05, 2.6410969144496564e-05, -0.0009732114667881277, 0.00013118722287332928, 0.000134250438371461, 0.0006527847910234705, 0.000610564068570623, -0.0007522045925433611, 0.0005342505858928152, -0.0011427809971134037, 0.00011538957098305313, -0.0005389153109929189, 0.0006361948085528556, -0.001682063778246653, 0.0004673854311598138, 0.0016460538007274084, -0.00040762025900504894, -0.002107065549194371, 0.000704439834908238, 0.0003043286661408936, 0.0007000362584895733, -0.001176940338089354, -7.990166921722748e-05, 0.001784586913329599, -0.0011785303884050999, 0.0007218738317572888, -0.0011875308616833599, 0.0001874335513152746, -0.0007902391849180841, -0.00010089125662012254, 4.303604644129845e-05, -0.0009036351698817391, -0.0004434041621024241, -9.409560186341917e-05, 0.0011566815413923482, -0.0018657793946164009, 0.0005654780908718255, 0.00038241723284381467, 0.00018643025119929318, -0.00034297046439924975, -0.0005082461671696559, -0.0013079282715993022, 0.00013594477061499276, 0.0005809462102349028, 0.0007422642312701178, 0.0009862775938318058, 0.00028278877638226844, 0.0014149069920257884, 0.0004156974824906581, -0.0011976802739168612, 0.0011955549441032315, 0.0015544727745562884, -0.0016160266875012467, 0.0011891147744918602, -0.0008518315796168285, 0.0004401682995593055, -0.0013618378562669177, 0.00023153309566027218, -0.0006138382524040122, -0.0008077311327516433, 0.0007027636638814795, 0.0005321421511533325, 0.0005336787329537826, -0.0006546468449226635, -0.0009302513893354544, -0.0014295060201290344, -0.0006421847930750162, 0.0016802100988011488, 0.0018039674497372677, -0.00119865729463209, 0.00016861695729732213, 0.0005722166984070478, 0.00013960550021552024, 0.0016492694927936044, -0.00044895330551084897, 0.00022762727821839282]"
300,"[0.0018460036445587138, -0.0011377971275361059, -0.000875093259516738, -0.000698468764613792, 0.0014620097824061841, -8.855230561299715e-05, 0.0008467061255216043, 0.0014636664684075074, -0.00035167495681024687, -0.000266611425639924, -0.0005170974652388622, 0.0004563771439543373, -0.0006166081738823973, -0.00102314459984611, -0.0006374609207473814, -0.0012324635099770448, -0.0010083228534476453, 6.086336142712072e-05, -9.490902397924137e-06, 0.0012067718290271914, 0.0005385065938996034, 0.00017795759179548866, -0.0003891609772695419, 0.0006546481377124656, -0.0008181733380613117, 0.0012416676236230574, -0.0006921016938677522, 0.0010255356625866357, 0.0020631749236338097, 0.0010443820427385466, -0.0012478671133320611, -0.00041810298811618566, -0.0010312564988581375, 0.0001799289287307178, -0.0010354928273741384, -0.0003870104280810208, 0.00042183190265892694, -0.0003526058194872942, -0.0010535060970011407, -0.0006905132230117138, 0.000978763897614744, -0.0007848844818709352, -0.0007489322832674438, 0.000662698522415173, 0.0007922822731176589, -0.0015758442291148817, -8.112353030830898e-06, -0.001573995995462632, 0.0015676823580318452, 0.00019985176831275803, 0.001055081781123495, -0.00034071100312224123, 0.00018423617668843312, -0.000682435935848682, 0.0005642777143380357, -0.000735248659308958, 0.0009922215491812362, -0.0003919265994952549, -0.00024344331471779862, 4.912750436274475e-05, 0.0019317052506542347, 0.00030948036893400845, 0.00024219641050860226, 0.0016438883275389218, -1.582663117443352e-05, 0.00043228895553200423, 0.0006567041630778025, 3.545536089237373e-06, -0.0012492025283026538, -0.0008406412838410669, 0.0005322292130713651, -0.000723175639934397, 0.0006787425120375653, 0.0006572809829610139, -0.000797004592519974, 0.0007625543205167044, 0.00197673371290184, -0.0005119580947264086, -0.0017387970938582884, -0.0009004621388244089, -0.0009588607018912533, 8.582814743963657e-05, -0.00038475787914760736, 0.001262822041659348, 0.0014008613096278826, -0.001984926648589291, 0.0005827464164154123, 0.0002281139269505442, 0.0010187720761830929, -0.00019614483090209613, 0.001472581124409648, 0.00018568373167190952, -0.0007317739483822202, -0.00014410032830253284, -0.002091489947309266, 0.0001815842137996015, 0.0005392048763276339, -2.594179026857917e-05, -0.0010039271459120962, 0.00121001755853221]"
294,"[0.00022236479446890967, -0.0007711793210544657, -0.0001254975461970175, -0.0009286827689825444, -2.3432222566183626e-06, -0.0006470616879302769, 0.0002041069606648349, -0.002206265246221918, 0.0010083627237509637, 0.0006183589367120617, 0.000566281540991762, 0.00016440202683937178, 0.00025309552948038163, 0.00040105709516951926, 0.0007846459120859267, 0.0007677796535960612, -0.0004230937230997312, -0.0007060225943275941, 0.00045180497296077156, 0.0011927399528372414, -3.69032849905221e-05, 0.0007699487422789815, 0.0007317150336940584, -0.00047425620802840624, 0.0010358616048883038, -0.0009689428530976169, -0.0009051132399643434, 0.0008764755742530084, 0.0008999623158717379, 0.00030781817745340496, -0.00032815133318896025, 1.6867936356506125e-05, 0.00025156216788584036, 0.0010772981860126141, 0.0004978015313955019, 0.0006267446998903273, -0.0010509677104732858, -0.00037727358288036725, -0.00032890172390623095, -0.0009225164125765051, 0.000554161825005323, -5.801864170083059e-05, -0.002243520463616615, -0.0002791352155620451, 0.00115951051330708, 0.00016027084640578325, 0.0006497695634736424, 0.0006108366291062594, 0.00046247325551161206, 0.0014001896051419568, 3.591402931882263e-06, 0.0006892128403539956, 0.0010438732521677798, -0.0011069830813483653, 0.0008170697228579498, 0.001734611550196584, 0.0006200539388872405, 0.0007161720274983278, 0.00018139916848078998, 0.0005098409543689152, 0.0006742411061539038, 0.0008655622168074989, -0.0012300061825225085, -0.0019558978012452935, -0.0003961462058379966, 0.001316339839446198, 0.0004668861170018516, -1.577918759836176e-05, -0.0011577193335117364, 0.001278204984859355, -0.0012617639328439674, 0.0012303160643798352, -0.0006609492963718384, -0.0019453727192498653, 0.0012550145929048578, 0.00031468758500352475, 1.386460472770578e-05, -0.00021361042501720647, -0.0016643612154108765, 0.0017718668861256507, -0.0005258004263022845, 0.0009921388082351269, -0.0002571294158976498, 0.0007021991397172444, -5.388167788457109e-05, 0.0002987968396668376, 0.0014878140162426937, 0.00010058433720711658, -0.0007224585584318222, -4.978422030327315e-05, -0.00025627515568677406, 0.0013462645901751022, -0.0004610564505955235, -0.0007169947657371943, -0.00014881158150905848, 0.0015303556210247474, 0.0010868746803129419, 0.0007931452888638604, 0.0008394616319790403, 0.0004187957275753249]"
288,"[-0.0005792280917598392, 0.0005325182861992252, -0.0008519580888724271, -0.0009260566913703386, -0.00013190639473240507, -0.0008240553106237967, -0.0019204428670077836, 0.00011862747768758881, 0.00011394543779958923, -0.00015197551232181797, 6.0278938094405454e-05, -0.001208669590024311, -0.0005749366832995884, -0.00023048062058746556, -0.0016097124877400694, 0.00030018135062031344, 0.0006976892398931098, -0.0004495972689275237, 0.002067407950466089, -0.0007654979406486603, -0.0006140322777434946, 5.43789569992469e-05, -0.00031149535990820747, -0.00044152092311866434, 0.001290243097554259, -0.0015733811734841283, -7.845339288285117e-06, -0.0004794969161894109, 0.0005604387967048219, -0.0009317292486537421, 0.0002542311449881091, -0.0002287215765657351, 0.0018991249252381332, -0.00023794870111796106, -0.0006181313246373229, 0.0007316816016377366, 0.00017050785158658461, -0.0013672501426405417, -0.00023010222652597998, 6.19757404855229e-05, 0.00032627241346864513, -0.0003513103913691113, -0.0003744682717210948, -0.00032818786731114073, 2.6158930071391054e-05, -0.0006665573073905724, 0.0005804152916410098, 0.0012502700044149514, -0.0020390089348911746, 0.0007863980517418688, -0.0005219186645013202, 0.0003938789567892858, -0.0006202175557816292, -0.00040164354525002723, -0.0008956332965481154, -0.0001607532842266494, 0.0004246607640869237, 0.0007398876583560091, -0.0010828743017432055, -0.0010319078638405634, 1.843945528418854e-05, -0.00034609755187180386, 0.0008104823908190657, 0.0006513532408013409, -0.0010113649126278646, 0.0010345945221701457, -0.0001829350604435115, -6.73530353905035e-05, 0.0003984811347355529, -0.000272181482479512, 0.0006853522226091309, -0.00044145553738576804, 0.0005115185232066308, 0.0006809110744301301, 0.0003638777193399754, 0.0015059851564031366, -0.001073112644767112, -0.0002564161864091374, -0.001071342892797424, -0.0019635710838271777, 0.0002250193735604664, 0.0003009913994030727, -6.424562628374506e-05, 0.0004320355412577381, 0.0010624255000935084, -0.0001301910187408078, -0.00043243982395071165, 0.0015200391844262028, 0.0003532075743521545, -0.0009987928486324107, 0.00108979882179907, 0.0005546312813170092, -0.00047955046387040474, 2.746820895311091e-06, 0.0011106250671626635, -0.0002319772528938509, -0.0003898328762575885, 0.0008911904577836285, -0.0012054585234248457, 2.7655370496012977e-05]"
283,"[0.00013023145609814219, 0.00025764817493503507, -0.0023690500834113817, -0.0006647463089194888, 0.0001924641059696387, 0.0004909637211045907, -0.0009491772846836431, -0.0014489740397899155, -0.000843082881623724, 0.00034731646130902637, -0.0002912229686037651, 0.00014945476730691466, -0.0011867462789366492, 0.0005337971453609036, 0.0007226804659512911, 0.00018485005821690875, -0.00010334121939441427, -0.00011540799140214159, 0.0005323855066804458, -0.0003603327982866579, -0.000891497095401863, 0.0005649429322270731, 0.0015658107627582365, -0.000787586287280886, 0.00025943420529185785, -0.0010531596384657606, 0.00017706584287067057, 0.0008320182690796105, 0.0007255638421921724, 0.0006419567413798166, -0.00046039811854546223, 0.0003096748834469369, 0.0002687696297181173, -0.001269396112797815, 0.00030845079157139935, -0.0018044846191884343, 0.00023308039469545276, -0.0009219056856385034, -0.0004006625427836385, -0.00015806588925755194, 0.0007926623690675718, 0.0009432344580302201, 1.592495293030094e-05, 7.805508027835147e-05, 9.352057739442586e-05, 0.00044925754739796566, -0.00031734246416474025, -0.0019220056105106035, -0.002279773433660174, -0.001430333296920803, 0.00019491153793909036, 1.4163212475948284e-05, -0.0009238861107376166, 0.001021002141795047, 0.0005784320039701065, -0.0003530873481291703, -0.0005176582733834976, 0.0013858241455406712, 0.00021968979620625616, -0.000815603301070433, -0.0015977396705404384, -0.001670580236171427, 0.00010315959764266158, -0.00033665268006574943, 0.00044141816203628284, 0.00017130279056562638, -0.0009871576149636436, 0.0007213333917785501, -0.00010361892440048081, -0.000958729704402179, 0.0007621341589238788, -0.00012030622607727246, -0.002716030859356465, 0.0006594555051003604, 0.0019762056317652534, -0.0002206724781565141, 0.0009501341136896061, 0.000137796754953476, -0.0009139781542863826, -0.0023714855073516954, 0.0009107419972780295, 0.00046318094347450294, 0.0011816640911066576, 0.00029889371952799394, -0.0006404245666827854, -0.0015393855616460646, 0.0010137136601001504, -0.0003662230345149423, 0.0005358433501125694, 0.0008801159480081581, 0.001521321826222853, 0.00016903571783133707, 6.865650021858014e-05, -0.00018389631232280335, 0.00095333019839226, -0.0015970964296915262, 0.0010034438244400487, -0.0007928222023789084, 6.805660199792269e-05, -0.0004641959200804452]"
277,"[0.0007871217518479553, -0.0006688024294965525, -0.002146958967497041, 0.0001122563481538657, -0.0011444167618282638, 0.0001367950316574949, 0.00047186765587576895, -0.00011806136307076562, -0.0002788137763003335, -0.00040247784792337126, -3.444699507941785e-05, -0.0003393255384463442, 0.0010501913463552078, -0.0002237470230514195, 5.7636260191316614e-05, -0.002253433532067843, 0.000245719063508595, 0.0011676446507611709, 0.0007685785865274873, -0.0010652192977508178, -9.387590846724173e-05, 0.0019373568051669597, 0.001093906502592591, 0.0006324181433140384, -0.0009173463970332964, -0.0004748818406253722, 6.496329103725129e-05, 0.001195738701045706, -0.00019013693877266113, -0.0007530259957979731, -0.0001632191331107674, 0.00012143775170341492, -0.0011525405995924283, 0.0007880889786783921, 0.00064801142966302, 0.0008157549544587519, -0.00033298915126999675, -0.00030933533519928754, 0.001003790078915985, -0.0015043863456834262, 0.0016465484449358565, 4.517534164887511e-05, -0.00021602382408037206, -0.001259849865984651, -0.0006625524507527685, 0.0002784922609100853, -0.0004131479866367524, 0.001953506733500516, 0.00032769294056232164, 0.0002657604617216448, 0.001702934550652035, 0.0003223143257599653, -0.0013981259684301178, -0.000632422070880055, -0.0004450331239458314, -0.0007508028834078696, -0.0009412435419321685, -0.0002941910110753204, 0.000639043870953711, -0.000590456649693285, -0.001164337256855064, -0.00010512171627912291, 0.0009348791736875836, -0.0005119583451180398, -0.0002711528043316394, -0.0004182188863619858, 6.508619607184875e-05, -0.00039827341490835023, -0.0006140168630046749, 0.0005611813305080552, 0.0013650088591219832, -0.0010972319683924265, -0.0004640177141308269, 0.0010957078193174195, 0.0007169142346873538, 0.0012687285579105873, -0.00016858704073647058, -0.0005903978205732134, 0.0003744607696765795, 0.0009476825869133144, 0.0007385788380188408, 0.0008393644733345081, 7.819861401556998e-06, -0.0018598974429886502, -0.0005340919644361825, 0.0003437908888751255, 0.000475943446474856, -0.0005687137177947651, 0.0022447862985427677, -7.936492485753091e-05, -0.0006235660350497916, -0.0004548551410674366, 9.073569762289216e-05, 0.0005176378813333115, 0.0013130502795237423, -0.0008878166913691927, 0.0015735212646230874, -0.0006354119787460423, -0.0008254980546925231, -0.000821115370697696]"
272,"[1.7202844375501823e-05, -0.0005540590993249159, -0.000449413561234641, -0.0004025029191042449, 0.0004832993408362928, 0.00024001499335860401, -5.335214652022484e-05, 0.00013543410953826147, -0.00037009279133160694, 0.0006105196653139691, -0.0004933889040863285, -0.0003620448351549216, -0.0019007245024576138, -0.0014246701297904976, 0.00031203568704364003, 0.00030599171689160893, -0.0006074895788004917, 0.0009920052065187307, 0.0004117094062604476, 0.00013608127910209557, 0.0013935202813516823, -7.359507839403229e-05, 0.00033392639279273737, -0.00035835594545562577, 0.000970537842567077, 0.0012254947715044943, 0.0006308696968973896, 0.0002407479384519838, -0.0007791958632253745, -0.0012446412645057818, -0.0007783841209927139, -0.0012436030398492942, -0.0009440474157446498, -0.00019991184294425497, 0.0009176284999331192, 0.000544663451839657, -0.0004718235574522689, 0.0005282462937832761, 0.0016524904281349023, 0.0009474352663347867, 0.0006215047647116317, 0.0007213480728797677, -4.935234101802643e-05, 0.0005463932704023133, 0.0012104459168070065, 0.0009088317281090737, 7.24551336150413e-05, 0.001635386583162501, 0.000866961832332033, 0.00024245440629267747, -0.00022394140083016703, 0.0011399036694979827, -0.0008440927582005412, 0.00015860324146886958, -0.0008208232656348069, -0.00011029507049946296, -0.0007864141972471414, -0.0012746201753571465, 0.001184099728885625, -0.001075777808196356, -0.0005695205023816845, -0.00045898375288766995, 7.808823903753117e-05, -0.00012707673278413104, -0.0012611307237953549, 0.00013722700657285046, -0.0002485157233664119, -0.001975614789139965, 0.00033955591575702247, 0.0007974409473057495, -0.0002673027694241412, 4.669385087577771e-05, 0.000341112145884026, 0.000774843783760281, -0.00031335977386036764, -0.000651505379445175, 0.00025628934751042407, 0.0007247921750366678, -0.001416745266490624, -0.00021149640697028726, 0.00045283264104170124, 0.0009901478071838083, -9.122060344456732e-05, 0.0009314882860448515, -0.0008913112001890101, 0.001524595879141367, 0.0006464399822104255, 0.0005693321594771352, -6.80653121091e-05, -2.2862747822281383e-05, 0.0001221545391920229, 0.0004052222310330795, 0.00022975298474161063, 0.0010669058381878494, 0.0015049170727142438, 0.00022057755492156086, -0.0009417675715390227, -0.0002794741493449794, -0.0004618944963857626, 0.001194420559407609]"
266,"[0.0006537499472783832, 0.0015333837431064758, -0.001216725091163264, -0.0003133994532482994, -0.0005849059886851462, -0.0006449587125513944, -0.00044178574243099926, 0.00019191317264022426, -3.4702311144030436e-05, -0.00041200515117090534, -0.001512397502837453, -9.106779386830389e-05, -0.0016242644460558635, -0.0004338394494180415, -0.0007370955888977847, 0.0007495567702403216, -0.0011959642840995812, -0.0004601152362437703, 0.0006487292121034168, 0.0005807000428616823, -0.001089703095890963, 0.00018756566241747444, 0.0005241026741883534, -0.0007089644764413094, 0.0007359656045496754, -0.0005292383811463851, 0.000836520815239825, -0.0007143229952847058, 0.0009890396264205306, -0.00046972495571639614, 0.002510958279880726, -0.0018553721971836944, -0.0001806756142793644, 0.0009353656358273594, -0.000954522735389171, 0.0005375442302985769, -0.0015843181664379927, -0.0002004310189854889, -0.000898273992212302, -0.00018922147914727345, -0.0015606124104419268, 0.00032559521573777007, 0.00048590228638032107, 0.0006481106350371178, 0.0020952992056291584, -0.001702315032806304, -0.0004194242495435563, -0.0007125250004901046, -0.00021367885520429713, -0.0005652866200404946, -0.0011537257357545397, 0.0004545147145783383, -0.0003843949877965069, 0.000708883466202089, 7.648210220312371e-06, -0.001506552916237918, 0.0006564039343972251, -0.0004995145174552602, -0.00032589887891858746, 0.0005481851819367743, -0.0009685668962108827, 0.00032543203065892224, -0.00039175085169830873, 0.00032437160694574654, 0.0003046381013750503, 0.00105206568497222, 0.0006385076010638242, 0.0003529021121168745, 7.982115483568027e-05, -0.0004924495692442438, 0.00021266127189036203, -0.0004877449067472226, -0.0013380009942906617, -0.00046700256349752837, 0.0022975215626184296, 0.0014849630503037915, 0.0009419686702813421, -0.001107658821496697, -0.0005056076035831171, -0.0003960584134956351, -0.0006681337602497758, 0.0002687796015777953, 0.00027693069256145615, 0.0005921857336525982, -0.00010726508354848242, -0.0014809059361921265, 0.001483101098239394, -1.630929798351959e-05, 0.0005745137843339193, 0.0009202171193878526, 0.0004616972978186397, -0.00017309477004481184, -0.0007858891302829422, -0.0004178360464218896, -0.0009236723190181715, -0.0002250547807698888, -0.0016202363724623018, 0.002092922490541669, 0.00018390783191165474, -0.0003774217031227203]"
260,"[-0.00044852488394121634, 0.00017993715479569042, -0.0006657353422772555, -0.001157562545404909, -0.0016980225490782295, -0.00013950056683199522, 0.0005809124435052343, -0.0020604014978610934, -0.0014924372149881153, 0.0007778368941169479, 0.0013223766777197864, -0.0007439173940700044, -3.651097309931744e-07, 0.0003971069760521463, -2.7398393703196862e-05, 0.0011147626874511223, 5.276110868173805e-05, 4.277120559970662e-05, 0.0007488794091075642, -0.0004822709651419253, 0.0008366368520860353, -0.0006484492494786527, -7.34016110856907e-05, -0.00027664421475726665, 0.000445895933173715, 0.00040374178031351524, -0.0003406231562312719, -0.00018975885610226598, 0.00022497840964933315, 0.0010589143841967037, 0.00013234061535961154, 0.0011406214752147923, 0.0017251142095749078, 2.0628531841355962e-05, -0.0001252461481672963, 0.00016239349281328846, -0.0005211960590059138, 0.0019469623053480617, 0.000572841672189145, 0.001650567710623728, 0.00029321445440477854, 0.0009235863007268138, 0.0009135894730750769, 0.0004253844102148117, -0.001471123001628953, 0.002257118701797326, 0.00012311441203744904, 0.00134028655429032, -0.0005284521005226058, -0.0002864963295528074, -9.922777881308027e-05, 0.0011786031200296055, 0.00020270212513107968, -0.0012866932260330894, 0.0003768545362789854, 0.00018155627247391857, 0.0013295867635994712, 0.0009367109113426425, 0.0012597702150373784, -0.0006769291157865795, 0.0009812934340989773, -0.0002569578501939028, -0.0002225092061618053, -0.001006904154192173, -0.0004244049716983737, -0.0011140946046626948, 0.0011185167345151405, 0.0009986797918646309, -0.000319061837002484, -0.001239933396151423, -0.0013293829280011846, -0.0008877419562176523, 0.00035061873036276064, -0.0002494770400723015, 0.0008758936313938924, -0.0005228056025317915, -0.001025501961705282, 6.808119074869131e-05, 0.0008823373701030612, -0.0015376069840353425, -0.0007298111540532139, 0.0006723444897981584, -0.0005418221699765069, 0.0016217204003621285, 0.0010595573299058557, 0.0014963083722119449, -0.0007777993823302055, -0.00042922024009825596, 0.00029246425116821924, -0.001164915826065525, -0.00034284020812605336, -0.001066096539123444, -0.00034782521915821324, -0.0013153090725496462, -0.00047957981846860777, 0.000970539260494474, -0.00041859864115034165, -0.00016916586080082535, 0.0012821000243925524, -0.0011735358037431834]"
255,"[0.0009042577794540547, 0.0003972982554012091, 0.0005166000291557581, 0.0002312851445810586, 0.0004200581318670555, -0.000987656150872699, 0.0006434008398085346, 0.000984182663690328, -0.001891523932062047, -0.0010495424669014158, -0.0007665335131762051, -9.246802400962088e-05, 0.0004905215785466545, 0.001508079007900097, -0.0008648858090428241, 0.0006590544287367124, -0.00023204596736552702, -0.00035919136526119095, -0.00038746590492821405, -0.0005667901825194017, -0.0004327565868637954, -0.0009814885658183266, 0.0002541635010054124, -0.0009618974767897725, -0.0004477450396419051, -0.0007968624827175456, -0.0006810452757951603, 0.000662692345114737, -0.001580763726319749, 0.0008653871015784955, -0.0005324290955962404, -0.0004381646794430466, 0.0012097679330946476, 0.00025453413840478064, 0.001151937506192219, 0.0005693872260287216, -0.0005714313090060503, 0.0015780187092135827, -0.00018319849081241394, 0.00055066278721245, 0.00152658025761004, -0.00010964253915963991, -0.0004964702777123377, -0.00047164786581554313, 0.0019254119303355039, -0.0007752480885737001, -1.0913468680114201e-05, -0.000633807715752691, -0.001401065392556982, 0.0008417204477618385, 0.0004648108236385369, -0.0005135823020775672, -3.7441878073192345e-05, -0.0010730760093516376, -0.0003757882771438741, 0.0008459818823934687, -0.0008001527122020729, -0.0006904433188136302, -8.358248355346928e-05, -0.00012714722531186027, 0.0009070424790053953, -0.0015575182737301962, 0.0013994961643887698, -0.001573286966651743, 0.00027851676234610934, 0.0013452716769071474, 0.0015105734394860796, -0.00014253635572981777, -0.0008939555672175642, -0.00045669693442404967, -0.0013983640887577427, 0.00013714315115694332, -0.000823304103118656, -0.001974015258532003, -0.001250358921066366, 0.0016446288993312286, 0.0002624803132587216, 0.001212381446909675, 9.950571694130811e-05, -0.001872020209502937, -0.0013731115685099663, 0.0009924706551628438, -0.0013805408274073017, 0.0003253505487271233, 0.001883836665995173, 9.831183466151594e-05, 0.001062985355003267, -0.002133791580935012, 0.0010131505022249207, 0.001360183176678618, 0.0011662773126233854, -0.00020708625356156044, -0.00069074452597317, -0.0006707406783633994, -0.0005989921082121685, -0.00021194415749665077, -0.00026205402172135736, 0.0015840178303574714, -0.0009092986525493298, 0.0003598998013772145]"
249,"[0.0008735581582636591, 0.0014859393553965428, -0.00034871450271918314, 0.0013483907558913876, 0.00046164130782532805, 0.00012522148928725694, 0.00034278600462196664, 0.0001969462158730783, -2.5646451469540427e-05, 0.001105190780627255, -0.00029757731394123644, -0.0003957907060102331, -0.00043234743707576704, 0.00023902971105145942, 0.0004495442226165768, -0.0015709377487288154, -0.001363516515402183, -0.001265962965953028, -0.001134245504744594, -0.0017007422946148237, -0.0004549462518808622, -0.0005782266859868502, -0.00037361019774901624, -0.001784867722933046, -0.0003052720155463452, -0.0004398915993907265, -5.015051375202598e-05, -0.0008016817897526992, -0.0008295845799912269, 0.0007718971977607543, -0.00019078031847962338, -0.0006562791660354202, -0.0006580847379007708, -0.0005714511041663799, -7.048646147435492e-05, 0.0013764870546741147, -3.1951772101502104e-05, -0.001720709142181631, -0.0014029820296749963, 0.0006944252827541424, -0.00011315014065826341, -0.0004765809948515954, 6.58078312198765e-05, -0.0014683788374184378, -0.0004227599493241364, 0.0004570898858017886, 0.0011816531608554825, -0.0002739547755141126, -0.0008288555869033409, -0.0015195493043669312, 0.0008745770615532695, -0.000359980934598214, 0.00045792119182609523, 0.0005781047092198025, 0.0007303382333240828, -0.00033543176827825885, -0.0006566093811237625, -0.0006935023286513198, 0.000517165369356941, -7.819159952341362e-05, -0.0012812146525225977, 0.001966322902276523, 0.0009421660638852719, -0.0007953359899598707, 0.0006647338842055132, -0.0007766583229382595, -3.583753868986416e-05, -0.0002180021353491798, 0.0008034914783766207, 5.7910112339600404e-05, -0.0003216034543685409, 0.00032900420183527314, -0.00013517754308719682, -0.0005432169456033771, -0.0010289309057564193, -0.0005981213647794061, 0.0005667500686437287, 0.0009379402494471196, 0.0018722004340474426, -0.001059883363753498, 0.0005370193317338533, -0.0006497626316842839, -0.0014481870650986273, 0.00010212490999201852, -0.0003226491774772451, 1.2741167044035312e-05, 0.0004331216437026678, 0.0008871977973027624, -0.001829012240234433, -0.0004188876332528197, 0.0004920726118983059, 0.0014688099466020827, -8.142108869641803e-06, 8.990148654265995e-05, -0.000915123543162724, -5.042749218485061e-05, 0.0020169356047971196, -0.00046366190263846775, 0.00041014401979357854, -0.0012179587509550994]"
243,"[0.0008608225804635619, 0.0004636743523482896, 0.001076753122690657, 0.0003224595384328504, 0.0013395768423630423, 0.001206133497260223, -0.00012888387779491184, -0.00034205845194157266, -0.0002107827596830362, -0.001174364883367601, 0.0009110072970636098, 0.001768118459016929, 0.0006684199228627846, -0.001606442154373785, -0.0008446128819812907, 0.0004319157851571874, -0.0011597023964985114, -0.0002127395085612356, 9.225831335036936e-05, -0.0014359488508532666, 0.0008187230822623812, 0.0005227527160193961, -0.0010376938476791366, -0.002205328921084304, 0.0003158200370957405, -0.0010459681700554899, 0.0003619147244168144, 0.0015982881801707483, 0.000372573232027816, -0.0006516829213225484, 0.001197556774234528, 0.0007010196798158913, 0.0003251092454455339, -0.0010211705052121064, -0.0017247892238996, -0.0003447009041911937, -0.0007160264700167664, 0.0015176101824205693, -5.176155074847924e-05, 0.0008831381660641209, 0.0002834458173938203, 6.7358766326284604e-06, 0.0004095531332422874, -0.00011583139186341968, -0.0012135888122859037, -0.0006214577109225478, 0.0013410101892361817, -0.0003811388999133722, -0.0003206875204138305, -0.00013508494524643288, 0.0008699250734014557, 0.00027356635612631837, -0.0007515782685329659, -1.649534080087725e-05, 0.0009513314879941446, 0.0005546011040309359, -0.00034634314315065207, 0.0009585681002077779, -3.304932666246388e-05, 0.0007835649438078361, -0.00023478059150901936, -2.9923792430434254e-05, 0.0009610266471981413, -0.0013667295507287143, -8.808501294868133e-05, 0.0004178627164405056, -0.00013190641923781433, 0.00035532743988736173, 0.00042596174012665596, 7.410708162075708e-05, -0.0008111518632465208, 0.0006839732154177035, 0.00101235016633431, -0.0005981550340409794, 0.0013799146582079678, 0.00032790951232567964, 0.00015478243084345242, 0.0006215303459546792, 0.00033603247170308826, -0.000682929722735411, -0.0007929278084852084, -0.0016054266687302345, -0.0002951062722044105, -4.106992273034345e-05, 0.0002519696994828015, -0.000616924427773504, 0.0006220997927421356, 0.0003157165772827563, -0.00027675045461653943, -0.0006793525066178027, 0.000258102452782906, 0.0010490213298781862, -0.0003684573640901196, 0.001065002849036701, 4.760928087645659e-05, 0.0006807921744854626, -0.0012949436140829486, 0.0006763587071781775, -1.97678917911752e-05, -0.0003678337269529321]"
238,"[0.0005484763238785956, 0.0013628336210381932, -0.0008660304403680741, 0.0003640669384736885, -4.4210436664358425e-05, 2.0444269690882056e-05, -1.4937632923979628e-05, -0.0009109734466195416, 6.006302716324032e-06, -0.000784879186626545, -0.0020695641787574744, 0.0005013149090163666, -0.0015680185991573045, -0.0018304859294371954, 0.0009860053205005992, -0.0006435462736719259, -0.001059902338547938, -0.001668305234840707, -0.0008036210358298, -7.670845123030815e-05, -0.0008376854585753754, -0.0006024391596418823, -0.0011771788980727213, -0.0004951435953704379, 0.0006198965574535978, 0.0004242852889966174, -0.00026139782016582015, -0.0002600064164993218, 0.0015031419342081199, -0.0016821986827164823, 0.0011840578987046802, 0.000154814870270899, -0.0011056765832462231, -0.0015939917149472296, 0.001590706097454369, -0.0013661050043557745, 7.059875533567365e-05, -6.991478168040669e-05, -0.0006922454492144964, 0.0003800112039854621, 0.0011007439926840222, -0.00012145923553293124, -3.2193631914515724e-05, -0.000436768054636951, 0.0005639777310605361, 0.00046256766099251186, -0.0010113002607092182, 0.0008716204037750269, -0.00012111361199007548, -0.0006265367488763033, -0.00015291938283945461, -0.00039265646026923344, -0.00070159675058639, -0.0006296931506891379, -0.0012481996483458735, -0.0012048803137340621, -0.00030094235218677704, 0.0006321286771312843, -0.0002159707623780842, -0.0003428616821990362, 0.0010166019680001822, 0.00018811370597377893, 0.00132739126715294, -0.0011923621286631019, 0.0014057670809174254, -0.0001351989481143771, 0.0011088894544184322, -0.0004567687931462474, -0.0006355979534255055, -0.00015517617467919118, 2.1187742402419294e-05, -0.0004590650243790758, 0.0001405390711344545, -0.0014522040350561797, 0.0004154225023120246, -0.0015380660978873675, -0.00019159480817545915, 0.0004138516323062189, -0.00020037552909380854, -0.0005940461993276442, -0.0008757887187399361, 3.489431385032588e-05, -0.00023988215368077936, -0.0003010122785024745, -0.0013729439489861218, -0.001998466130209775, -0.0017671216481468606, -0.0011390410903653898, 0.0013252510112665675, 0.00012039513082079966, 0.0012267833350726154, 0.00020434136339817988, 6.710806297883079e-06, -0.0007098977340290554, -0.00013457885818740235, -0.0006835707711305872, -0.0015581644349604259, -0.0009761728540854459, 0.0002040355828370272, -0.00029982283161168256]"
232,"[-0.0008451425529228211, 0.00124147467558301, -0.0006256478131570427, 0.0005460529754774151, 0.0005886743896638475, 0.0002911121154830516, -0.00016423510661257073, -0.0006503716096879406, 0.00012210350222732113, -5.580503166252351e-05, -0.0007005786974588577, 0.0015111552938721722, -0.0005268253122814374, -0.0010239900882120343, 0.0007938118704762653, 0.00011665735080513926, 0.0013387735355479275, -0.0001570144793088748, 0.00048602843684912957, -0.00018281492529057924, 0.0016930133019014255, -0.0011137464360273235, 0.0008359373218876663, 0.000400666674961097, 0.00020559120884559544, 0.0002760696376300338, 0.00043160290935769093, -0.0012806036251297162, 0.0018072577470030042, -0.00032457622925932477, -0.0017560839205306973, 0.0015160339168342717, -0.0014809330813902143, -0.00018417356358347436, -0.00026420009065022054, 0.0011993781002175307, 0.0010815127147943845, 0.0006943308313748467, 0.0006542030172660474, 0.00016106688843544773, 0.00035083041638053167, 0.0005367989738275339, -0.0008172737217482954, -0.0003130489438371106, -0.0008504111636921515, -0.0010115092281251141, -0.0005009413778136405, -0.0009204895745651881, -0.0006655596787321476, -0.0011008731238448873, -0.0004900029721335401, -0.000367858976917542, -0.0005231459214300359, 0.0012939081186561078, -0.00012816232752510068, 0.00048031267212519696, 0.0004451188020103868, -0.00047089545514364216, 0.00021446388677089225, -0.0005338940850701774, 0.0006324128498971261, 0.000142810116130171, -0.0011967571538828016, -0.0013951950608994438, -0.00029345700840198295, 0.0011770075439242566, -0.0008175516248866052, -0.0008903855174110526, -0.001334271621411852, 0.000641780414672286, -0.00037114682096842284, -0.00036734234035401564, -0.00026615632606605163, -0.0017204576804752943, -0.000607393589211133, -0.0002668720529142287, 0.0003933775152589828, 0.00031723004747541, 0.001289858689677445, 0.00046409701617552697, 0.0007639556100865006, -0.0013044873340396423, -0.0007625517059060635, 0.000510054145977652, -0.0008184339456716339, -0.0005373090690373039, -0.0018279058012487615, 0.00024183986109011855, 0.000882537759288275, 0.0005694608265636836, 0.0005696801108979723, -0.0013916412033209704, -0.0006392471578502793, 0.0008705319848057865, 0.0005624344394424102, -0.000640837798283814, 0.000483657327970827, -0.0004038981112940787, -0.0006921206996198621, 0.00045218095272907505]"
226,"[-0.0011376273475076247, -0.0004947867279812641, -0.0010583084093864377, -0.0025139324974712382, -0.0007996375619468338, -2.6631001980402356e-05, -0.0001958590898016031, 0.0005852986663249399, -0.0015795745041353876, -0.00021798094880906652, -0.0005930204699898924, -0.00014624772892143933, -0.0004802418721877249, -0.0012780306138925053, -0.00015246821410548584, 0.0002459057809752162, -0.00027456444564117065, -8.936161891337927e-05, -2.112100676154329e-05, -2.6424341506400124e-05, -0.0014903320070111252, -0.001448858472069819, 0.00021867019364496407, -0.001235308743685652, 0.0012104478816759487, 0.001738573062363851, 0.0014986104758758305, -0.0002211635873441578, -0.0004401342796939581, 0.0011127073365145776, 0.001300227373992019, 0.000338590792335605, -0.00109384634286063, -0.0007826950385191393, -0.0008387116039443803, -0.0013506324247485092, -3.392202367170144e-05, -0.0015374124463414225, -0.0005436283508617431, 0.00026839106147804166, 0.0005051164367428318, 0.0011024420964102929, -0.00030383123696056734, -0.002046882693564239, 0.0004477136407548033, 0.0013076879427528212, -0.0004711481692725246, -0.0015938068496470046, 0.0009662326686443747, -0.0002860157672888232, 0.0010728723527120795, -0.001587065422661498, 0.001084961422076753, -0.0009021628581685181, 0.0008855364816171115, 0.000833838015819861, -0.001645408474133321, 0.0010848414407710059, -0.0007589566372090839, -0.0009095596466368242, 0.00024196251030464625, -0.0011672335231446517, -0.00014778579180880173, -0.0015613582660798494, -0.0003791469517659138, -0.0007809309810015974, 8.48074232338367e-05, -0.0007392470093971767, -0.0012629617748194707, 0.0011342987169804721, -0.00017755939931906256, 0.0005713058119692084, 0.0005056329725709146, -0.0004383260859347153, 0.00029430158103013965, 0.0015487407389049867, 1.1702858965539543e-05, 0.0002936060872075425, 0.0007199011744707525, 0.0001312976278393656, 4.959546396106464e-05, -0.0009481869619439143, 0.0004551079256882083, -0.0018070041839699808, -0.0006215006962009295, 0.0012192300647520234, 0.00022776514448206048, -0.00032213433640213127, -2.3358115761422233e-05, 4.766672329325755e-05, -0.00023335187113682893, -0.0009205352073406969, 0.0009405531509922913, 0.0005916672091518077, -0.0002861335914898578, 0.00046433791504735445, -0.0006529872801931947, -0.002079423844771248, -0.0009521910507165844, -0.002600238733524802]"
221,"[0.0005959469294831196, -0.0013530588451464067, -0.00025845565170089013, 0.00021108712238183307, 0.0006695182498599348, 0.0019663704964047427, -0.0014605554615251051, 0.001271839912463342, -0.00031537834882629646, -0.000233792493312159, -0.0010595485819819698, 0.000715392404332168, -0.0008196864136141232, 9.656577625201882e-05, -0.0010294771572685968, -0.0015978960344168944, 0.00020529473612334245, -0.00047647155908569285, -0.0007498037400589514, -0.0009647119613745423, -0.0008267707896204816, -5.180674347300793e-05, 0.000711701005613108, 0.0005980588263015779, -0.0008786342607014633, 0.000694788893710692, 0.0002403338149836839, 0.0007047952470022828, -0.0012772494593251652, 0.0005631609710287831, -0.0008420859701738975, 0.00018185245431545752, -0.001946945303522485, -0.0002927493285787451, 0.0006929926117794041, 0.0002454740242593273, -0.00025960770671074155, 0.00024182820923671276, 0.000613936340101393, 0.0006089551886131363, 0.00041422474099960747, 0.0004910923853145268, 0.001106304893127572, -0.0007107539864797219, -0.0002709365443959407, -0.00021319207108347097, -0.0013518003377285944, 0.0003162135737559662, 9.270478969681749e-05, 0.0002175029190508298, -0.00016711924089108835, 0.002246326169333813, 0.00241389971467364, 0.00024862582697506036, 0.00045075048341527665, 0.0008405934171230142, 0.0002290890587359746, 0.0011879845343514479, -2.100911623929742e-05, 0.00010844406537511203, -0.0006473818137314854, 0.0019879748139367366, 0.0005697104074018542, 2.4215264975082845e-05, 0.0008090502902956617, 0.0017955820242912396, 0.000295858715507276, -0.0009480694971871805, 0.0006836993193721635, 0.0012935739093784828, -0.0005846844059554657, 0.00014759612456851945, -4.025917166198791e-05, -0.0002180105132130496, 0.0011235791547016642, -0.0003414456127845826, 0.0013814662437311527, 0.0010627276929458234, -0.00012128928373528797, -0.00024109926981980456, -0.0005535479115654798, 0.0011097812636114278, 0.0015773296076635765, 0.0007465231805750047, 0.0004271894441358333, 0.00038783809834187733, -0.0011118763327949627, 0.00021064350022552793, -0.0003199141060048893, -0.00048216194029159176, 0.000463085118916327, -0.001802125607605122, -0.0018248122930616135, 0.0007767638521913398, 0.0012326617562936606, -0.0003272079072907313, -0.0011240498513420453, -0.0009231016576871411, -5.4921222891394765e-05, -0.00029928280916278056]"
215,"[-7.845044782565417e-05, -0.0003848962303228115, 0.0010479920701193426, 0.0009556123730544585, -2.0017537685654157e-05, -0.000793914669450973, 0.0010424071183638454, -0.0015505521577784203, 0.0002498071961937679, 2.5678095090124723e-05, 0.0010650127835034353, 0.00034938315895996833, -0.00010675523978794757, -0.0004899920539867737, -2.4266092192728262e-05, -0.00114369556642391, -0.0017770121741872255, -0.001588638299949908, -0.0012103185460702966, -0.0004695694426386615, 0.00018696888471878643, 2.1869437140057496e-05, 0.0015021258017288033, 0.00010804734345745328, -0.00024014060110291426, 2.595377196112855e-05, -0.0014082674408221914, 0.0006686470421655573, 0.00030683148939966037, -0.00041047503603253594, 0.00012518914822732004, 0.00043912704648373845, 0.0001339471028662177, 0.0007853722457889115, 0.000648492169324105, 0.0018136768108896546, -0.0015018917922951917, -0.0015595332930190494, -0.000209816061043012, 0.000620745588685999, -0.0012957810676541858, -0.0006154900794218708, 0.0009106758898977877, 0.0005973406603545756, -3.266878473717148e-05, 0.00014401896127613534, -0.00048372921736184, -0.001854840054315825, -0.0008460132968261939, 0.002037619450863596, 0.0010480767463607093, 0.001338871209177505, 0.0005064845023193603, -0.0010352587934489494, 0.0010156544475652968, 0.0015716428711287484, 0.00019194652580732164, 0.00023513601370035654, -0.0015044553030575246, 0.00012318845111998906, -0.0005516098620970903, 0.0002466759541787117, -3.813577630395274e-05, 0.00036635081419610603, -0.0014412196861744088, -0.0005135631153150473, -0.0014224919238503364, 0.0008210089497112871, 0.00035114883592429633, -0.00019732673662802193, -0.0012635485124129222, -0.00041121303194155233, -0.00013560425526829177, -0.0006955063609273793, 0.0002291050928154243, -0.0008364146333736974, -0.0013412116679350145, 0.0005139769177529745, 0.0006297083326184437, -0.0006975218531969904, 0.0003526494805032153, -0.0008517036638354473, -0.0013176257398456051, 0.0006183472456038243, -0.0003908324038173673, 0.0005024816745671326, 0.000964973183671538, -0.0010074850567942616, 0.0006714830700060424, 0.0010472462076882368, 0.0014996613643648321, -0.0006513984688672806, 0.0005194974966597883, -0.0004823248652012965, -0.0006846679690781576, -0.0008034990446172248, 0.0003278801741650142, 0.0009534550621687233, -0.0013191548325590197, 0.0006187761711259145]"
209,"[0.0011818842859601239, 0.00011753318447648014, -0.0009678494905701734, 1.1724763209215504e-05, -8.924530798466345e-05, -0.0011897805456057581, 0.0006678970255225553, 0.000379867316219078, 0.00023166876468377873, -0.0007422625300615021, -0.0006702747683188559, -0.0005043570815203994, 7.803325705584633e-05, -0.0007822221284445066, 0.001559163167275789, 0.0003320640068547429, 0.0009121777715639458, -6.12069406588808e-06, 0.0007324450748289849, -0.0007657427977214809, 0.0011310605081523738, 0.0027003767657579436, -0.0019023652129450499, 0.0011050996724862676, -0.0004373977979383588, 0.0007020035173153022, 0.0008246013807409595, -0.00021917628406042543, -0.0002146337319658332, -0.0009978015832335881, -0.0013130471024142725, -0.0007048140239793245, -0.0006612626834964297, -0.000845213147168248, 0.0009272381023298455, 0.00024633026222911387, -3.6634023794631076e-05, 0.0001881233839720633, -7.678819762457814e-05, 0.0005788001804667754, -9.036099155367846e-05, -0.0018585326333284808, -5.79524149734879e-05, 1.4131417159462625e-06, 0.0008201448735142203, 0.0008803969030500463, 0.0007017332186330753, 0.00022659269139845752, -0.0004600452635982794, -0.0003600468108191689, 0.0007550879192759889, -6.0525384674153134e-05, -0.0013833964992366226, 0.0008015652535218257, 0.0005556220670854048, 3.877360192835962e-05, -0.0004118283162448846, 0.0004204415340142539, -0.003415920072402732, 0.0009721272345253634, 0.0008264126763698941, -0.0008046962044917945, 0.0005801958188047378, -0.0004051754074700935, 0.0009608313465283006, 0.0008324469225905576, -0.00042072023953871273, -0.0008135832809724928, -0.0009782471486463509, -0.000847416275151944, 0.0007805932903985279, -0.0005351074839294691, -0.000820728844117382, 0.0014334404463242174, -0.0012577382092740148, -0.0005726378555045143, -0.0014671201865473374, -0.0004731462038680616, -0.0014878327801997574, -0.0007108690950269386, -0.00045956550400458275, 0.0007280058562079087, -0.00023786472258331923, 0.0002493827050008212, 0.0010110414518366886, 0.00013184872758181674, -0.0014088959170347963, 0.0002216442997466571, 0.0015571599862135297, 0.0007093767027318346, 0.000749813013323421, -0.0008545024116661917, -0.0007529760583805595, -0.0006437754648961931, -0.0010149230736565935, -0.001063155105023012, 0.00044915754249916207, 3.141483055932342e-05, 0.0005039859853810755, 0.00039528860122806114]"
204,"[0.00214828282744358, -0.0011820420771922592, 0.0014749222824872608, 0.0014589252310538124, 0.000803265325288149, -0.0011730358287004579, 2.113066302385628e-05, 0.0013582808393599432, -0.0009977801243022677, 0.00124710235911591, 0.00027005072509572926, 0.0003640382718529943, -0.001039690293657354, -0.0012774454070119444, -5.145696078348733e-05, -0.0006724993979497848, -0.0019499645387726532, 0.001153692901197033, -0.0013886746590924827, -0.0002072326053663367, 0.0016430068742629765, 0.0005525507831513144, 0.0003035718350058699, -0.0005337074877296491, -0.00017855128760203463, -0.0004367237101943438, -0.0006388359163931365, 0.001080811416064534, 0.0002697081804264914, -0.0008533726995568686, 0.0006415508697868994, -4.696689225600923e-05, -0.0015043378811479824, 0.00013651130309433955, 0.0011652128395284386, 0.00105187073921571, 0.000687027835591558, -0.0011807401900058943, -0.0015294941372991527, -0.0003973004995550225, -0.0008403862687679517, -9.687969555182469e-05, 0.0003360585888598979, -0.0008398534771392116, -3.199901614674168e-05, 0.0005429693417987512, -0.00010633224863870575, -0.0011920219276341669, -0.0022553871938738018, -0.00018934874149072252, -5.4455455983964975e-05, 0.001108347759854941, 2.8023174584466285e-05, 0.000413579487565121, 0.00029282853052677184, -0.0007075196913452566, -0.000846943057881509, -0.0008910003593357005, -0.0011960992185191114, 0.0006885593933787964, 0.00043011922834038666, 0.0004926022159239023, 0.0007067016357005677, 0.00026685531422268697, 0.0003974651494652382, -0.0001325390821125536, 0.00016258377714112795, -0.00043645558579709804, -0.0008046341587588735, 6.991221416222192e-05, -0.0002979789575530765, -0.000717968308407418, 8.854759976551022e-05, 0.0011844993612521134, -0.0006023295409180267, 0.0011276977173577858, 0.0004285481746717231, -0.00039454662176663564, -0.0006340664574661307, 0.0011610390537257972, -0.0007880243617865118, 0.0005341769010571387, -0.0002895385197031175, 0.0006949993939686485, 0.00023165929542047468, 0.0008487754005726335, -0.0001619448458580457, 0.0009233433621538827, -0.0005595145753425378, -0.0008123177219945934, -0.0003130311324343321, 0.001657109946104659, -0.0004130958120454438, 0.0007665710171794239, 0.001310147655031466, -0.00046324195893520916, 0.00034885904144374847, 0.0001033024978848311, -0.0002023439442931752, 0.0013405448972568003]"
198,"[-0.00024777090602870195, 8.404238841262966e-05, -0.00018032383269195974, -0.0018295229858143252, -0.0007340120080962351, -0.00023070162350136343, 0.0002462501854981972, 3.239304398503846e-07, 0.0010046419503593504, -0.00038667290016140187, 0.00029738819724768324, 0.0009277313487103867, 0.000635025656735558, 0.0019956530812979315, 0.0018064942438406188, -0.00018792303199843897, 8.728668365427932e-05, 1.8691690192620058e-05, 0.0012438862001977913, 0.0008449063471440853, 0.00028627849903066683, 0.0009754626170791168, -9.538106799009992e-06, 1.8784047029547308e-05, 0.0007432421343321029, -0.0002293759634291575, 0.0016264152517827916, -0.0003874570659308449, 0.000309659879828582, 0.002005777094277441, 0.00013879721882171167, -0.0016892794514626708, -0.0012159937183695956, -0.0006570052383447556, -0.00017654555547597222, -0.000563573907564228, -0.00027307821276541044, -0.0005433255749111403, -0.0005383942208431258, -0.0004151729716303608, 4.211818765645846e-05, 0.0003887279182336641, 0.0007231103832468819, 0.0015113120423971705, 0.0010099742489433443, -0.0017930691784652424, 0.001693726895186558, -0.0001637214380664273, 0.00023848574665024852, 0.00021687973640460131, -0.00017214858660746378, -0.00010833822246919615, 0.0008747301553184651, -0.0008838098956045763, 0.00010604780036962695, 0.00031974283700725607, 0.0013810089362385073, -0.0005449547937614444, 0.0008694531801606411, 0.0003345848212761825, 0.0006486342714968934, -0.0009597616487160754, -0.00021059458580829652, -0.0003804876553823393, 1.2698594792268587e-05, 0.0004512390498790968, 0.0020440021725538038, 0.0008765362867722188, -0.001241465058505599, -0.001122575880783515, -0.0002616771502096255, 0.0006871830020253462, -0.0006443400850986483, -0.0003804958311469718, 0.0011572098591905264, 6.457901577381225e-05, -0.00048528573559257433, 0.00024263461875390926, -0.00013220980779870853, 3.7168164815721686e-05, 0.0009359474796155577, 0.0008879908281557879, 1.7514864480200212e-05, 0.0010005955828163797, -0.00017711250981775154, 0.0006521127767228084, 1.681138935008175e-05, -0.0011636621140450284, 0.0005722750424601689, -0.0008169328853370189, 0.0009264307688343012, 0.001368978180177002, 0.0005645270970530575, 0.00030369401607686317, 0.0007219955706697272, 0.0011164059353442753, 0.001794300348803886, 0.00039430731103334447, 0.0007130949767934254, -0.0001464682254381875]"
192,"[0.0005126379772103269, 0.0010950150152045414, 0.000672817553599504, 0.001302535685422633, -3.314828722258026e-05, -0.0005745904006627348, 0.00043232253623570277, -0.0007733835739721464, -0.000890633171431727, -0.0009159611316753449, 9.653778987660377e-05, 0.0011869942322217594, -0.0005594766063208524, 0.0011223862103480098, -0.00044050408907376235, -0.00039305243539547756, 0.00045116631060816405, -0.000646036582188409, -0.0004869068268952507, -0.0013597218909518047, 0.00019122404145635087, 0.0005003673258839795, -0.0003999844972942866, -0.0002129076459439462, -0.00039070102347057246, 0.0005080829285494054, -4.695256257758732e-05, 6.696474785432738e-05, 0.0004233063660833026, -0.0006060427648101743, -0.00029929047970002007, 0.0020233729461074964, -0.0007707707399001542, 0.00017946597210489348, -0.00014137080892804156, -0.0010028675617577754, 0.000990801182302128, -0.000429436638938964, -0.000883980011698423, -0.0007490223686815795, 0.00042003738441004113, -1.6721690933478225e-05, 0.0009947276350695605, 0.0012292124462259368, -0.0004772590687153119, -0.0008167492870991053, 0.000301806059759445, 0.0008777781398570354, -0.001142739327077879, -0.0005270549198572, 2.2083119520816775e-05, 0.00034132259975773325, 0.0006389952972865562, -1.8782484638345362e-05, 0.00020517624327470046, 0.0004822864861997094, -0.00045975683316678184, 0.0018505773158979213, 9.841736666283012e-05, 0.0007247892920764968, -0.0001809570508288486, 0.0010983679413840773, 4.163139240744021e-05, -0.0010162169652134883, -0.00018065356823577006, 0.0008872596052759304, -0.00047602359318063764, 0.0017904554247330084, 0.0007297040942830795, -0.001054644735281853, -7.194588380733708e-05, 0.0015402951897464348, 0.0008836940939842341, 5.7952929553842336e-05, -5.158388159157828e-05, -0.0002414527938597395, -0.0008248466268450515, 0.0007917666083209972, 0.0012973668231135863, 0.0006040140199029624, -0.0006994078492040942, -0.000667150430170288, 0.0015810887159469697, -0.0005152362723630525, -0.0006548264516835435, 0.00017054470248247062, 0.00015696447136671074, 0.0006538247062258987, -0.00011530361269615208, -0.00030024827916711307, 0.0009225887023843003, -0.0003428709573211957, -0.0005121948767324906, 0.0014329647557251917, 0.0006858828467564854, -0.0016734910339168518, 0.0010575792628110055, -0.0010210399801306722, -0.0010364726121103794, -0.0007154857868082375]"
187,"[-7.745800286787424e-05, -5.166506616809446e-05, -0.0009068907809019901, 0.0009032553406681543, -0.0005563085166593608, -0.0006591912558610736, -0.0011665833008793782, 0.00043330386167621807, -0.0008855652738198849, 0.00014273432133003825, 0.00016215210095223232, 1.921950170891581e-05, -0.0010423872192036382, -0.00035966312078669, -0.00043052755111564904, 0.0001336070369928353, -5.323185794227447e-05, -0.0008068533088228975, 0.0004131717921855289, 0.0013893146512222434, -0.0015358815466484377, 0.002007633402691868, 0.000345105348032449, 0.0006028622401212661, -0.0007303478144471243, 0.0004437785582669477, 0.00046393935295909177, -0.0006485065623323285, -0.0005313740237047485, 0.0029538154246271683, -0.000509768847237103, -0.00012579167803950778, -0.0012948697302932574, -0.0007799158794222206, -0.0006081215808078782, -0.00043693519801099665, -0.0008549171951594937, 0.0004664016186262601, 2.9668434380489255e-05, -0.0013442974100770695, 0.0022789018348036935, 6.719564994994698e-05, -0.0007715073175779574, 0.0008759918443347261, 0.00020140394428111658, 0.00012844218428044514, -5.158449513801378e-05, 0.0007948781501787945, -0.00038149643832483833, 0.0004485748619310758, -3.226993762854022e-05, -0.000958594902923066, -0.0004028939206811099, -0.0012744640575731892, -0.0006245447446844426, -0.001020845107237075, 0.000169032453332728, -0.0007470198611049057, -0.00034442376619709867, 0.0017727459263914848, -0.0006510308254209407, -0.0015000698783192742, -0.0008731890253795753, 0.0006038154288801494, -0.00011703836192806961, -6.739996988287666e-05, -0.0003910305700111387, 0.0013653536956795412, -0.0009816855875492963, -0.000903273206531454, -0.0005527824804374896, 0.0002453460257776155, -0.00011403506413335904, 0.000371071962471844, -0.0017877476633586257, -0.00014012661629607002, 0.0006228446546775286, 0.00048708351582716595, 0.00045845389214771486, 2.4313855170735833e-05, -0.0019991728062374787, -9.424742369112676e-05, -0.0007671587129998898, -0.0019234369728710979, 0.001429005948104471, 0.00034267660482459946, -0.0003973846565927235, 0.00043520906004259865, 0.0002972728980395253, -1.7786512831384098e-05, 0.0010240380845701071, -0.0005425142388385233, -0.00017611203097873295, -0.0007917932930924744, -0.0002080333766317956, -0.0004613524635344096, 0.0005994704392662165, 0.0011861073830342313, 0.0007564940601068662, -0.0012230902176496444]"
181,"[-0.001392075283541421, -0.0005041402337417489, -0.0020522659947757563, 0.0004851146372013716, 0.00035769437680281734, -0.0014715814657876556, -0.001154038601104888, 0.0017876268524237033, 0.0008036618486176045, -0.0008526129956976071, -0.0015702315894181513, 0.0013231157454381397, 0.0012551386148130378, -0.002107810081467636, -0.0013492736119919328, 0.0006917019725849909, 0.00034949372388510863, -0.0004179715981725831, 0.00033020272935291225, -0.00062640482158093, 0.00028352099058755333, -0.00012003093279839938, 7.185559376121073e-05, 0.001640244735800712, -0.0001962035677217888, 0.0004215206127808185, 0.0011257166234749654, 0.0009627338859629614, -8.445809483549621e-05, -0.00048383279563541406, -0.0005917679582786337, 0.0015854186017331287, -0.0001958803944218836, -7.10410001557051e-05, -0.0007191188064817345, -0.0009442325520533411, -0.00028813909914991855, -0.0010878718871080583, -0.0015555933763726408, 0.0005140080687338175, 0.0001613041716888624, -0.0015577569718337278, -0.0003848109926422176, 0.0001423970994929469, 0.00026742346192680587, 0.000266516732085587, 0.0011344717919569093, 0.00045928674635038134, -0.0009847847028328191, 0.0015042774275267098, 0.001360999678098119, 0.0009277898675389125, -0.0017156973058766506, -0.00036633200878029157, 0.00011769982325131666, -0.0003201610064835347, -0.0004376344478735362, 0.00041305418082165403, 0.0002228375395143127, -0.001338196721211803, -0.0009825161940465684, 0.0002277857637220153, -0.00016232515028642613, -0.0010020056506142075, -4.738919817889629e-05, 0.0011590630426539469, -0.00014818474343909614, -0.0008737438563207702, 0.00039707029907682474, 0.0011125085413367776, 0.0008891669522618822, 0.00015243891439591426, -0.0006189439067925918, 0.0004129679348949249, -0.0003751922801572513, 0.0005095154790002654, 1.1771545522818915e-05, 0.0007489967342439184, -0.00019901522295719622, -0.0007717970018246363, -0.00035100386802661946, 0.001026029027260911, 0.0008000821324626423, 0.0008194575353984389, -0.0002541260042667534, -0.0005248766006960219, 5.10362768328585e-05, -0.0002627028856971976, 0.0009514708960989792, -0.0004273611513344543, -0.0007842950601916152, 0.0006479085293104157, -0.00015047281667963838, 0.00017712877683174647, -0.00018159331150761836, -0.0008239270971432337, 0.00028410528972645115, -0.0014276997067033616, 0.00046848062273920126, 0.0005738260050045175]"
176,"[-0.001363702242174964, -0.0005547365843309496, 0.0021240641788741895, -0.00022389463144473936, -0.0005331844017214144, 0.0003850297905063367, -0.00017376148629032068, 0.0005769807070782698, 0.00028791769186325186, 0.0011865739666743094, -0.0012081237388977485, 0.00015384993675178179, -0.0011768403086239536, 0.0006675483772779361, 0.0003039610780220572, 0.0014711803937951207, -0.0017202056136211127, -0.002126537315962782, 0.00044834764324187034, 0.0012091045745123794, -0.0005621264177173953, -0.00014568634008551925, 0.0004487541298044329, -0.000449251122844898, -0.0006659039757325433, 0.0005288507056047963, -0.0021409945365953873, 0.0005582915792072091, -0.0006762958781130177, 0.0006149006476039722, 0.0009163936944308796, 0.000177948394032141, 0.0002700726245142585, 0.0005997161568350349, 0.001729213167905917, -0.0012165431497407296, -0.00018928247589360548, -0.0006528103859088053, 0.0009078191200429096, -0.00041004551039572855, -0.0007343584892119712, 0.001162438640866047, -0.00035447563222267556, -0.00010170946137378263, -0.00029472383269071455, 0.0004038667744926364, 0.00038509106445685544, 0.0005501145202023882, 0.0015265414279504825, 0.0003230974398205679, 0.0011458597895060178, 0.0005112104693547933, 5.519767509958065e-05, 0.00042289129300856034, -9.090941274511126e-05, -0.00013352163494729203, 0.0008856213077581231, 0.0002490626641047312, -0.000220137833972388, -1.5689994662983975e-07, -0.000297764181594194, -0.00045286483687917705, -0.0025486684815148423, 0.0007639299460789043, 0.00024574811018248846, 4.983309999009544e-05, 0.0009268383289874285, -3.781170942074038e-05, 3.4396931979134296e-05, 0.0017589709541284157, 0.0013728030057466138, -0.001603103215334839, 0.000561293010995278, 0.0008299532533248919, -0.0002620173880731062, -0.0011605315884917772, -0.00021942302034255338, -0.00028717050920644367, -0.00025463264523145005, -0.0006093284994733699, 0.0015905703738566146, 0.00048202674199143025, 0.0018233771557031276, -0.0002449144347154538, -0.0010836647110314232, 1.5463632736826563e-06, -0.0013447945475319643, 0.0007364072773911569, 9.67544506930875e-05, -0.0011185707391231584, 0.0003123439332610384, 0.0007755613910140319, -0.0010479930420588081, -0.0014387245954341737, -0.0018951020932479793, -0.0006524665595293218, 0.0005162546957406537, 7.584340655715743e-05, -3.20445863969504e-05, -0.00018762948966565736]"
170,"[-0.0014276792608823347, -0.00030435212077796296, -0.00037653396982137915, 0.0011359067356842849, 0.000621354525700413, 0.0007426034926445491, 0.00034342676458865663, 0.00019075122902641634, -0.0013238240957011939, 0.0011434330174442252, -0.00070342313362962, 9.813328800875e-06, 0.00028625523758445966, -0.0014792319392987873, 2.182952717969327e-05, 0.00019941864513065122, -0.0007703904960470285, 0.0005572710640733547, 0.00039133484647061774, 7.154207382542746e-05, 0.0001400603975384302, -0.0006111690518443239, -0.0006696233559383422, -6.978141901957562e-05, -0.00039287186223635945, 0.000494957060331923, 0.00022025036057264508, 0.0012362920064757808, -0.0014905315247700627, -0.001122547073039802, 0.0021100801114495825, 0.00014734039240921795, -0.00030789299712014875, 0.0010268975710776291, -0.00021535995541917147, 0.001216221789344853, 0.000755842781282253, -0.0008083911848753388, -0.0011862791673691601, -0.0010634918381499916, 0.00045930716100129156, 0.0014618061456899048, -4.1008860369699765e-05, 0.0007690703458630842, -0.0010089736307687368, -0.00032601169505536197, -0.0009051024383737198, 0.0004554621449315181, 0.00010441935818622146, 0.001152143852178382, 0.0002357687724068205, 0.0005944639616741306, -0.0005138093164032717, -2.9641727229228344e-05, -0.0006656190515988452, -0.0004336312060605459, -0.00020915629108028233, -0.00021232978487366276, -0.0005528327261473784, 6.8835808685009e-05, -0.0007852752790656765, 2.189450262364101e-05, -0.0007131819385177779, -0.0006180660249062391, -0.0013430078791494572, -0.0007240030077117393, 0.0009110466010294234, 0.001728360385290781, -0.00038251295673940916, -0.0010846916611084237, -0.0009236619457957024, -0.001999059684640963, 0.0001640145187586151, 0.0012863606362198796, -0.0002322166556936953, 0.000941919279233322, -0.00031869097766537455, -0.0012047112534793987, -0.0013878456223058255, -0.0007751532933254874, 0.0006714558541788953, -0.00033030087444024125, 0.00010178343612367369, -5.5161125023296975e-05, -0.000777170784599602, -0.0003256413734524927, 0.0006527496441776457, 0.00043597413401638626, -0.00043441181400365636, -1.7580003160700757e-05, -0.0007989875257417911, -4.945379283382842e-05, -0.0005090351182530955, 0.0003081485081098869, 0.0011618876607101928, 6.097477644513466e-05, -0.0010649427295138906, -0.00025439211932057, -0.00026195628809463776, -0.00041670241863481895]"
164,"[0.0001374208570092864, -0.0004126357413613292, -0.000537067432850148, 0.00011739368929886513, 0.0005085891982947206, 0.0007462161786496766, 9.617007377933119e-05, -0.001199205066772693, 0.00017352604064040285, 0.00024860586279561257, -0.0005732331609412838, -0.00024077873173606264, -0.00032734192683208757, -0.00036965638097715873, -0.00018472039767897258, 0.00039758132440565874, 0.0007160243958533041, 0.00015443811726963962, -0.0010949868015797633, -0.0009960440610386697, 0.0003253013528430565, -0.0009464991297182911, 0.0007646901885143856, -0.0004133198653068076, -0.0010101749475643622, -0.0009277794744577065, -0.001520543931511322, 0.0007717099300902107, 0.0006146167910297793, 0.0016844593305237225, -0.00020986090117889494, 0.0003377321731377094, 0.0004899444629821447, 0.0014439595620264058, 0.0016335610478234823, -0.0010078614444269092, -0.0021617586576404483, 8.990223497920277e-05, -0.0009525784286819266, 0.0006849482469231256, -0.0009993606395760116, 0.0002834045324049726, -0.0022821379326966418, 0.0005471483545468041, 3.684478241168282e-05, 4.20941024699532e-05, -0.0010010644134122704, -0.001387269743874201, 0.00015335711973697157, -0.0006955770198428016, -0.0003201872016803537, 0.00020753146285634258, 0.0010173476804904457, 0.000545594403102952, 0.0001981426285595756, 0.00028915850120537644, 0.0008574322731436974, 0.00011140887518203642, -0.0005041844740259067, -0.00011319864728084577, -0.0013415935471959527, -0.0012951742567437151, -9.411248464932005e-05, 0.0009408180564992015, -0.0005065751582533575, -0.0001572660338663475, -0.0010159956385431155, -0.0003052394223919164, 0.0014718820035219962, -0.0013384464821943201, -0.0002878145556760603, 0.00015175342336492064, 0.001213156905171327, -0.0005085313743105371, -0.0032813107561892683, 0.00031475646783818694, 0.000391127939912735, -0.00037435381662009285, 0.0004964693116999566, 0.00025486536590913584, 0.0024276428647720177, 0.00011556174237524819, 0.0001387215362027376, 0.00015810762876506632, 0.00041525253102316187, 0.0021365756523551516, 5.989386436104892e-05, -0.0002171958733359468, 0.000670395871905952, 0.00037387515109528886, -0.00048688290945056103, -0.0009011717589924764, 0.00045998489494460424, -0.0003334600898051379, 0.0009107650737164534, 0.0008312419066414597, -0.0011211779712132948, -0.001011476459579604, -0.0003860313862590839, 0.0019875155600703577]"
159,"[0.000400648415396871, 0.001047505036111282, -0.0010188980138856247, -4.324845617989593e-05, 0.0008421884369082533, -0.0015372101267613267, 0.0005864924174258716, 0.0004401016097513956, 5.9217465845083156e-05, 0.0003534762136865151, 0.0011447259422580698, -0.000403952294097176, -0.00045289008277142275, 0.0006085602816788497, 0.0005377087417559994, -0.00012561474849805246, 0.0013521360960513467, -0.00044936182330482195, 0.000726312491492655, -0.0006863733682651407, -0.0003034157444961032, 0.0008969599143993749, -7.380677920391616e-05, -0.0003713207393350106, -0.0007704735795398437, 8.752716947322267e-06, -0.00010177069155360295, -0.00013006542464901632, -0.0007361879149848425, -0.0007680819723685059, 0.0004803541788094212, 0.0013326760311585415, 0.00043045717591617575, 0.0012913263756523354, 4.2843034362048644e-05, 0.0007314708794782966, -0.000666407629270376, 0.001254870337863261, 0.001898975499215878, 0.0012617259894514535, 0.000789140865820509, -0.0011316225697805798, 0.0005068122884246713, -0.00042571969043992357, 0.00035900143877395577, -0.0002289938009851975, 0.0010032887894690864, -0.001193036361173772, -5.77380121780022e-05, -0.0005479346143344687, 3.061556155897165e-05, 0.0009061585933975655, 0.0010511955377213306, 0.00011208247022918684, 0.00086801687095276, 0.00027228807053184987, 0.00022756179386059782, -0.0005705017058129965, -0.00035105227120380987, 0.0002203634475640128, -0.0009468518099141955, 0.0006226436558788797, -0.00049010340757876, -0.0001129892117719619, 0.0026798118662165167, -2.0085337244500377e-05, 0.0015160594641853117, 0.0033085782385983953, 0.0014933270267240475, -0.0010454092851403334, 0.0002859808847890266, 0.0005531641974753444, 0.0007633035378659553, 0.0002055707071731432, -0.0010096754408316037, -5.379010249427591e-05, -0.00034213208755334655, 0.00084941073909986, 0.0009782907030941438, -0.0007185791385345067, 0.00019076057494281742, 0.0014791578730054173, 0.0001425968854156766, 0.00012325929086783927, -0.00027649197503009493, 0.0016534840390025562, -0.00023051930595634253, -0.0006543199299800728, -0.0008242750566629546, -0.00022076758581251988, -0.00016425068900164538, -0.0005388835935641577, 0.0009177842031403375, 0.0012520328395395762, 0.0008637969694664808, -0.0010147463304589375, 0.0006442759289681246, 0.0018079697664072681, 0.0009858974409937343, -0.0009584215019649194]"
153,"[0.00012851276912395198, -0.0007847078749578282, 0.00155293803330681, -5.626420143709439e-05, 0.0017790403473609089, -0.0007044393717503258, 6.820645426994858e-05, -0.0007296380597815826, 0.0006322586718010215, 0.0010874538956296845, -0.0013472435640217851, -0.0006669136147733331, 0.00011192810876088494, 0.0003278788269723856, 4.1729454364167316e-05, 0.001579406551069233, 0.0013142701518490056, 0.00038175032301780297, -0.0017504097908270302, -0.0002458836443727003, -0.001372779738907101, 0.00019299862053707336, -0.0004647350334937667, -0.0012699412510335795, 7.558303826251788e-05, -0.0004406482316405359, -0.001648431132726946, 0.002230811639641369, -2.3032243455764238e-05, -0.0006660124450484512, -0.00011002450602966744, 0.0001374111990843092, 0.00014927621183846883, -0.0009237148276132356, -0.0006805880828235183, -0.0018805395086373643, -0.0005095832202029445, 0.00019229211831862068, -0.00047773972208528027, 0.00120198341146437, 0.0006833168863286544, -0.0010667273191416193, 0.0016843662663732597, 0.0005540441970404535, -0.00041424462213584986, -0.0004197994819642198, -0.0016405831146817378, 0.0001984232308578073, -0.0009502228632588605, 0.0014456473834451064, 0.0015222831732285955, -0.0003913601297817928, 0.0004978680909735592, -0.00014123512045956048, -0.0007175498383559344, -0.0005539683840497939, -0.000653772880330105, -0.0007239640704696468, -0.00024913619712988664, -0.000565931033057016, -0.00030654872298045867, 0.0019075566707899832, -0.00017444683270706837, -0.0005533191437408293, -0.0015921164747542862, -0.00144674073911716, 0.0006844245323016464, 0.0011892460482348572, 0.000557807874863153, -0.00015999517673476505, -6.332184634662393e-05, -0.0006723664857103298, 0.0010387832283443846, -0.00044774370864806055, -0.0003007596546944763, 0.00023253533793266947, -0.0013647885896063655, -0.0015640440234702849, -0.0003372219220876008, -0.0016646735476655604, 0.002664305604322801, 0.000499099101037919, 0.0010406407632724726, 0.0010434625785474593, 0.0006429565459625408, -0.00028818336236436536, 0.0006894501086760181, -2.653479454512028e-05, 0.0010900074260607505, -0.00024251493516473492, 0.0004973705155308052, 0.000652346217164431, -0.0016334782475031394, -0.0014012059472426864, -0.0013007879400336912, 0.000864114803616539, -4.7747659915427346e-05, -0.000515378747664788, 0.0016056692124978402, 0.0006710606388335917]"
147,"[0.0021790844163632806, -0.00048146888080358483, 0.0006922758032156081, 0.0005333547481901252, 0.00019860406166460247, -0.0002747098030068104, 0.0006073460396275334, -6.561461423213636e-05, 0.0008605885873296531, 0.0005697309892324316, -0.0008057036633245657, -0.0006446245255490618, 0.0016813183941185401, 6.423977494038826e-05, 0.00016395991671473419, -0.002108667465659101, 0.00043177036787147454, -0.0007492647882809532, 0.0003315108919940405, 2.5330586430445108e-05, 2.942606075018207e-06, -0.0005871228751124085, 0.0004118489734746056, 0.0003456498554605142, 0.00013544335630289968, 0.0005986325818979568, -0.000305101903857788, 0.000244422966005528, 0.0011868269266110802, -0.0004391132875743458, -0.0018957452074267538, 0.000705858139307606, -0.0009421822291411294, -0.000561497764199155, 0.0016422240596146629, 0.00016342487962125172, 0.000952616437297195, 0.0005041807698818643, -0.0008995545351054799, -9.776103202414232e-05, -0.0006723979118193993, 6.083974266616827e-05, -0.00019748096205486705, -0.0008025678906516718, 0.0003638947775188837, -0.00018277157429462932, 0.00010352032231984292, 0.0004973498206494445, -0.001029690719211931, 7.030191021852114e-05, 0.0008714421875705982, 9.166425603568711e-05, -0.0003693972975613388, -0.000163003018203898, 2.5582951936373698e-05, -0.0002751505395724223, -0.00011762315590172397, 0.0009060065588823152, 0.001934892783253711, 7.50284266046173e-05, 0.0007304121237576953, 0.00023926208161097654, 0.0007315093866459454, -0.0005909645085471663, 0.0003392495684480962, -0.0006694615363892655, -0.0005732217162237933, -5.2184929980582255e-05, 0.0007675771511641548, 0.0010106083375292488, -0.0008337462043121329, 0.0015484157833734386, 0.0013462174208736652, -0.00015010440990610686, -9.768448044691266e-05, -0.00034244039989953895, -0.0021650740579333854, 0.0007795817046558541, -0.0017936971505547285, 6.847932971926904e-05, 0.0010079011522013952, -0.0001388308828813482, 0.0007387126397227322, 0.001070731565342348, -0.000615661694737845, -0.0003920222175747129, 0.001128177014225853, -0.0018796364465847714, -0.0009331564607775364, 0.000899148400615055, 0.0007514983788054708, -0.0003712957149585469, 0.0005701401477505598, 0.0011178500084338277, -0.0002695142543864602, -0.0011694233432760425, 0.00018998776620835693, 0.0005852970507223698, -0.0009828242580284636, 0.000683856219198897]"
142,"[-0.001244283463997603, -0.001198067580592709, 0.00045759114179544293, 0.0005507044050922546, 0.0002519219254293081, 0.0005758280028333592, -0.0010650078537557898, -0.0008876388214103073, 0.0002841484486918072, 0.0007989577958950424, 6.913346938971461e-05, 0.0002791344015534149, 0.00039518084452199375, 0.00016900031270176917, 3.272658369962489e-05, 0.0004505591663056393, 0.00010184029477404528, 5.241480476279202e-05, -0.0006483292478084302, 9.844134635202894e-05, 0.0012060445279936964, 0.00037327037050440036, -0.00133959503346042, -0.0004421646490614926, -7.133650224216758e-05, 9.839302508608708e-07, 0.0017140196796437384, 0.00016433157625874592, 0.0001448576950252425, 0.00020578586153109464, -0.001149589859341316, 0.000999140184563482, -0.000405037600687722, -4.860301248670106e-05, 0.0003469742582915393, 0.00018303376958972727, -0.0013996023491791864, 0.001580931515602069, 0.0013100875225836397, 0.001609245449412528, 0.0005452256383104275, -0.0007621467847577691, 0.0007279463255833405, -0.0006660795817132049, 0.00014405633810943882, 0.0003208067575647969, 0.0009597616994054331, 0.0008200246247829732, 0.0012305703740289977, -0.001124377283045792, 0.0008461080559212954, -0.0009609182273694055, 0.0012356771323190979, -0.0018522684141457834, -0.000844886502109293, 0.0007095897059958465, 0.0012429238094651455, 0.0009806869730143027, -0.00042606557588497745, 0.0010705986728041508, -0.0012508564917007802, -0.0005371320041975955, 0.0003212795258309634, -0.0005459662619275945, 0.0007230895562698403, -0.0007518153744221417, -0.0012643672599552006, 0.0007323936184767882, 0.00015178842362937402, 0.0015791473964919304, -0.001963265223025585, 4.851342997584544e-05, 0.00021401895071610354, 0.0005445550589600249, 0.00050943335296882, -0.00025367851747781355, -0.00013209686744678118, -0.0002177221952456381, 0.00047866786069931564, 0.0007070940853746929, 0.0002729232442135539, 0.0016294131456998696, -5.8060739550214664e-05, -0.0007019386697837514, 0.00032539969923113055, 0.0017323979573012904, -2.4090820346791624e-05, 0.00033064365270947125, -0.0009267576240621054, 0.00024029034449461748, -0.0012627902067097083, 0.0006418210794711471, 0.0010535040741170047, 0.0008565223142838283, 0.002053474144990955, -0.00029586644915585323, -0.0006327542253618911, 0.000355292426250636, 0.001109423113272147, 0.000837840915412001]"
136,"[0.0010589318130275625, -0.00010801751290165091, 0.00046306564260385725, -0.0007386092565489882, 0.0018615696841379663, -0.0004758905872032571, 0.00026598169246647586, -0.0011444048390049021, -0.0008252901516852275, 0.0005584553875868816, 0.0011541792264345985, 0.00021597736602209987, -0.0006948036482165888, 0.000528844416797053, -9.001857584296008e-05, 8.641172220331452e-05, -0.0003881101196205942, 0.0007904478278663091, 0.0006099775423419856, 0.00026309668852802267, 0.0019013099339105256, -0.00015294555281922503, -0.0007389628090363366, -0.0001462943453280932, 0.0005471141979202532, 0.0004233010580827702, 0.0013310168768858825, 0.0005807764558547276, 0.00046899710630106834, -0.0003957574819013948, 0.0015621394741175691, -0.0011789120921866653, 0.0003426672472591195, -0.0015024372123808025, 0.0005870564563538288, -0.0007048341720449366, -0.0012345977108635731, -0.0014110651251938553, -0.0002817820334971367, 0.0005555961890229132, -0.001674103226802758, 0.0007220218465025085, 0.001282874332576794, -0.0005997917863870033, 0.0008025300858346334, -0.0002520429764868675, 0.0009264392743670988, -3.160918305291748e-05, 0.001287753224792098, -9.3582422338342e-05, 4.199121841737557e-05, 0.00152888399699561, -0.0017643557867798715, -0.0005636007825014592, 0.0004428462474406673, 0.00012505353426886198, 0.00016155299913954551, 0.0006698282804781629, -0.0008222455233464497, 0.0003100712564135122, 0.0017790484575253007, -0.0008482870463701688, 0.0010226494191793117, -0.001016117960312354, 0.0012439281148500813, 0.00037218080505707456, 0.00022417110579850676, -0.001197965183094996, 5.328870274486696e-05, -0.0011870641743123055, 0.0006612453745058747, -0.0013476612857057021, 0.0013617927125230305, -0.0007182036552340799, -0.0012194842455828458, 0.0009732071996974528, 0.0009164773313725771, 0.00038094381985990134, -0.0002872919074690721, -0.0004256253845647502, -7.297627833602899e-05, 0.0004253985954170724, -0.0005484143856986548, -0.000925036854452129, -0.00036158832681414295, -0.00010488411080840575, -0.0011388155492958489, 0.001676342706710459, 0.0011220604510167, -0.0014969090091517835, 0.0007567583557955131, 9.638709531283378e-05, -0.0003005668607930141, 0.0009673070616248085, -0.00029356231875046047, 0.0004220561847523839, 0.0002446801474188433, 0.0005967550894102372, 0.0009563281165251916, -9.276415937976399e-06]"
130,"[0.00032872338260740713, 0.00010163634071001428, 0.0008169142638014329, 0.0010508441398206672, -0.0003766467900524179, -0.0009831141605696047, -0.0005769721480831558, -0.0005609036178465243, 0.0018133601937523193, 9.476118054087978e-05, 0.0005740615998891876, 0.0016276745454778378, -0.00044981276138986317, 0.00037306489892956934, 0.000262968788275536, 0.0003593352213095395, 0.0013268654802976705, 0.0017160452368083347, 0.0012656525153657075, -0.0017403416509634004, -0.0013584162275630967, -3.9146354723921725e-05, -0.0006280658658411705, 0.00012140910310509354, 0.0006516865255600592, 0.00016424156336445437, 0.0008920639830331889, 0.0007607872409661332, 0.00018397465746160905, -0.0013385091650828609, -0.0004685118052897831, 0.00043799064902666355, 0.001320795631612022, -0.0001919849474523164, -0.00013771763123307794, 5.736719113651419e-05, -0.0009057890405756828, 0.0004236459785091914, 0.000845276119638672, -0.0008300761185731295, 0.0010805360788405174, 8.191531329873081e-05, 0.00036192514293584944, 4.936720452037102e-05, -0.0010979493412505393, -0.0007367423865096364, -0.0001705295219484924, -0.002057497069257804, 0.0008304587109686339, -0.001609697636850177, 0.00019816310896284315, -0.0008281497471972359, 0.00043893686366900894, -0.000976766665717724, 0.0005428925860972094, 0.0018514083610484823, 0.0005437578163864557, 0.00014111844896078803, -0.001873339443295808, -0.00023665824606446608, -0.0011849111810698619, 0.0004993661729233161, 0.000965261220827437, -0.0014194051154817805, -0.0007983896782927176, -0.001690735700365274, 0.0007793988445965954, 0.00020599677997922586, -7.653747200998848e-05, -0.001291533856410767, -0.0007042161499478142, -0.0008095354646339416, -0.002358123176824512, 0.00042663712068833763, -0.0004088026149137743, 0.0006135076666284892, 0.000656076233907102, -0.0011115073973530056, 0.00042649099950971107, 0.0004265333689733807, 0.0009658298530697252, -0.0005589077368220427, -0.00012268531551191267, -0.0007570912806303105, -0.001075872937433008, 0.0012348148745054087, -0.000597204663581911, 0.0002149126151171545, 0.0013320592797500454, -6.493339781021384e-05, -0.00024693448169747637, 0.0009346616536414265, 0.0006632467251991045, 0.00040801374645620006, -0.0017398274866220272, 0.0011693077629833218, 0.0006304479292363637, 0.0008215929381829593, -0.0003024534178304627, 0.0009372123059101025]"
125,"[-0.0005802953563166735, -0.0013470778768512532, -0.000508766819493127, -0.00017600225168707588, -0.00028179779620946357, 0.00158609579108811, -0.0013499506084355543, 0.0006795830226368579, 0.0008808237474251093, 0.0004581643279268089, -0.0005308493625703028, -7.44179380620299e-05, -0.0014436114264447482, 0.00038023963413771997, 0.0004896529138807028, 0.00013297373589802247, -0.0003074450240935106, -0.0004623665518050058, -0.0007771519218808215, -0.000554878833901254, -0.0016940389977741328, -8.98914233053721e-05, -0.0012288756459165916, 0.00014575329269515618, 0.0014310992104259845, 0.00011960947969518353, 0.0012224827641390426, -0.00013641412718966127, -0.0006725770630030954, 0.001131570123615088, -0.0007924816133673733, -0.0012307750704888005, 0.0001429430313912616, -0.000892781522801517, 0.0003956484893266973, 0.0021248367453156956, -0.0007796111695578724, 0.00048040134260297977, 0.000674354756167853, -0.0009020255572760646, 0.0003379218987063182, 0.0004260587908167691, -0.00035918169867178354, 0.0008779044148559866, -0.0001289483034030619, -0.0005278178871612621, -0.00017323244352743003, -0.0007397241880352387, -0.0008270575334805118, -0.00020900576571095561, -0.0014199772889212164, -0.0005376353128794406, -0.0016963295472416351, -0.00010371873764415707, 0.0015113499672712693, -0.0009677820355352383, -0.0007163297486099392, -0.00045590171686511814, 0.0015153356299063018, 0.0009550961165445902, -0.0003196362277971189, 0.0005445735498168637, -0.0009109284460811599, -0.0022593933855917956, 0.0009408295791421284, 0.00030265928574579084, -0.00015190069883098343, 0.003688013545286133, -8.300553671909118e-05, 0.0012819765861845195, -8.653552840910118e-05, 0.000500751381467981, -0.00023353635542689653, -0.0006478590889828668, 8.452401808114504e-05, 0.0008107140259244543, -0.0014533306804776016, -0.0004472543475346947, 0.00019018798040101986, -0.0009515835437458781, 0.0017656708957683198, 0.0008038468133688423, 0.001253874657146906, -0.0016390276386844432, 7.03059098149248e-05, -0.0009494130177383085, -0.00022906211551631758, -0.0004213175904079038, -0.0004807279438726913, -0.0007098414531263846, 0.0003462115879027709, -0.0015823615710532312, -3.461287047264236e-05, 0.0009902522937605275, -0.0006520342649351727, 0.0012382627087410376, -0.001413222232223871, 4.543582095349941e-05, 0.0006120179106565783, 0.00028074475188767526]"
119,"[-0.0003154737609610172, -0.0017952999505787446, -0.0004911028114057017, 6.438878104531728e-05, 0.0003368414199593548, -0.000688899043010696, -0.0009439759475740507, -0.0007707944319534407, -0.0008010532257681582, -0.0008495160875060649, -0.001095914627115268, 0.0010529853550220035, 0.0001224868666352923, 0.0006754218654735755, 0.00020403213197676032, -0.0013025651986962226, -0.0006956299847971242, -0.0002372022203856101, 0.0007106978850605942, 0.00027370056330044875, -0.00027364435819071767, 0.0006541426268277343, -0.0010317275995905724, 0.0006699023117489424, -0.0003985487328404769, -0.00012685656011247678, -0.0010104971408617747, 0.002498952424743667, 0.0012436387976048127, 0.0011083242849651428, -0.00022033109759056057, -0.0008578625966102803, 0.000382752902718947, -0.0002872420341536606, -0.00035696579035277866, -8.630952756476613e-05, -0.0015167354299092958, -9.290068625407037e-05, -0.0009190621593122102, 0.0012378513600372013, 9.570638866672902e-06, 0.0005684732108956784, 0.0009044579666523616, 0.002357721775778692, 0.0016295897469393776, 0.001943524638223955, -0.00046696618691265834, -0.0006497132677370168, 0.0002454054807852154, -0.0009608560559318677, 0.0007758643923486857, 0.0006529587403384277, -0.00045710646924907654, 0.0023199290005056694, -0.0006480194891592273, 5.478989873813094e-05, -0.00040886257222915687, -0.0004869121134390867, 0.00016902813989521355, -0.00039088564230217184, -0.000158012826989836, 0.0022457443032533374, 0.0001404954888285806, -0.0012197111794203738, -0.001431041841768831, -0.0013319709296275072, -0.0003125366033599659, -0.00042165228901739775, 0.0003918530852923974, 0.0006354140809197852, -0.001037969968802088, -0.001235490623872617, 0.0009813501330508995, 7.134455876389214e-05, 0.001007421844035295, 0.0005183099567202041, 0.0004912845418795716, -0.00034501332033458506, -0.0019285434772692324, 0.0004987309107462414, -0.0008690651130507062, 0.0001873148075005525, 0.00048767981131274987, -0.00030927287380179473, -0.0004851593882770381, 0.0007304522312681667, 0.0012520752357585401, -0.00039135778164868534, 0.001048771135310301, 0.0018903032822482498, -0.0009035253223289853, -0.0014107231937633723, 0.00016966471634804282, -0.0007383333294407182, 0.0004790125840682315, -0.0017969171155574634, -0.0008355788679170646, -0.0006533911884019409, -0.001423015625885194, 0.0003523171368077524]"
113,"[0.0007635751474264155, 0.00043532112934159545, 0.001983207049950499, -0.0001268074678319657, -0.0004508983849482857, -0.0010811653863894279, -9.97378565851238e-05, -0.00016630264085309076, -0.0003625905838121907, -0.0006461165189625827, 0.00198189367455787, 9.996427580931122e-05, -0.0012648804322063683, 0.0009606303278519538, -0.0006301129727370209, 0.0025848266137123953, -0.0020440681230127944, -0.000495144747244404, 0.0008393308389956828, -0.00020836110541250924, -0.0013877096475207397, 0.0014484513843198298, -0.0003644699829412609, -8.536085385922066e-05, 0.00026932524533626037, 0.0007701762752101697, -0.0001648660683208716, 0.0005520075686620701, 0.00036799290584737886, -0.0019045360087171553, 0.0007638593709290232, -0.0004413503305754715, 0.001705596286193649, 0.0009581787781418261, 0.00012721836250418432, 0.00015630849726463428, -0.0006785679591357084, -0.0004698372653190713, -0.00019118180732332414, 0.00011245930058174096, -0.0014099655153570981, 0.0013921487278323484, 0.0005160212727511775, 0.000403873167220107, -0.001413952552920996, -1.8877191901878366e-05, 0.00026288513541052294, -0.00043798463454003574, -0.00011413436599110441, -0.0005234008749495739, 0.0011452196137059526, -0.0002957091451871999, -0.0007730574726950028, -0.0006713439673936044, -8.935273083827395e-05, 5.196026603370547e-05, -0.00034300047425296095, -7.144513614697086e-05, 0.0002680579657197593, 0.0014179094688504075, 0.002885802629383655, -0.0001632437708282762, -0.0011444523316842614, -0.0005778609388834263, 0.00027666781773030613, 0.0002952839987185147, 2.9937592461017635e-05, 0.0007480263015238786, 0.00018987994792374617, -0.0019256071709230042, 0.0004611069936682894, -0.0013267785310863314, -4.861406086808526e-05, -0.0027190096331807545, -0.00019742961642427395, -0.0004548397966677114, 0.00022793618610435521, -0.0005899776266148709, 0.00016642711289128827, -0.00010964075011026955, 0.00022493594295656553, 0.0018009746230701882, -0.0004359859405382424, 0.001736273820326512, 0.0016394741123081501, -7.727886966475392e-05, 0.0005538573815692509, 0.0003646101348417537, -0.0009669697072273236, -0.00011276664433042696, 0.0011208214389245542, -0.0014832025790208737, -0.0008720101672585672, -0.0009830980409137467, -0.0008910151291185306, 0.0016886164945237162, -0.00021969078236111763, 0.0006717335530697987, 0.00016115462088065832, 0.0008358984371389408]"
108,"[0.0001711691077271072, 0.0006589624865631797, 0.0006292986986968887, -0.0005356508817177249, -0.0008820250864875158, 0.00023606759434205513, -0.0003587865643231772, -0.00036332324678657856, -0.0010264786588385837, 0.0004891618087575078, 0.00022916656473153155, -0.00017889793068436344, -0.001549406385937669, -3.121566473301949e-05, -0.0009266847418164022, -0.0017904241928593323, -0.00033049174610960273, -0.0008115963988065977, 0.001489499531476828, -0.00042511698632773326, 3.419053637080612e-05, -0.0014080821293962315, -0.000901923227946612, 1.8714466543561322e-07, 0.0007231215150541383, 0.0005977888690490139, 0.0008842007500604138, 0.0024718157125982894, -0.0007027008574516895, -0.000731319903412575, 0.0006174625417697361, -0.0004387901523312542, 0.0004607726236371959, -0.00022666003184483802, -0.0007305060468215211, 0.0007828702904672342, -0.0008218263858453831, -8.790323825316302e-05, 0.0003005113044999254, 0.00037975076203225646, -0.0006424922438766748, -0.0008194410423369049, -0.00012687813757598733, -0.001581282786933339, -0.0004055639505691061, 2.6588816858003046e-05, -0.00014947809796466755, -0.0021372442811983965, -0.0001507555419043767, -0.0007199897973233581, -0.00018581213549203335, 0.00037853533685003196, 0.0006369869574187174, 0.0005164944515840197, 0.0008305330176042857, 0.0003357231707500065, 0.0009056373849546605, 0.0011575231666830078, 0.0002488590872491629, -0.00027704743845994293, 0.00043656438757842846, 8.516975254110975e-05, 0.0003600741987541861, -0.0017167809007091696, -0.0011960345392233295, -0.00023700335754052172, 0.0013903676826841403, 0.0011489203591736501, 0.0015951763852343267, -0.0006396645484833245, -0.0002674385921126038, 0.0004604795730979892, -0.0011518437765217304, -0.0011631474387820903, -0.002077906061203669, 0.0004772566157436423, -0.00028871888586139757, -0.0006577640516813936, -0.0010311673813680547, -0.0017685667601390071, 0.0004550434185529369, -0.0002805070764884748, -0.0008158531338931438, 0.0002129005895899341, -0.00036544977547529076, -0.0003403408630938179, -0.0009665250657387946, 0.0015906563213797717, -0.00037290655055397936, -0.0015483005816932782, 8.140032862269234e-05, 0.0016673361278498212, 0.00018594396229391224, -0.0016480653386467966, -0.0015406603156089655, -0.00038611468297704076, 0.0004577182650639465, -0.001181403868190333, -0.0015055764475431917, 0.0004222167826479364]"
102,"[6.783239591281345e-05, -0.0007169246446355264, 0.00047608589318980544, 0.0002663826719842175, -0.0017245635216609025, -0.0013290891599159098, -0.000939284760687111, 0.0012384377965898967, 0.0021005090113995584, -0.0006624761749361393, 0.0010398811605526305, -0.00031605243159481494, -0.000278382464374521, -0.0014596702159084256, 9.764350044697524e-05, -0.0003198243900999316, -0.0006098591844531971, -0.0009949920319677445, 0.0005829836031960601, -0.0002708400293987178, -0.0015482584339030056, 0.0009335908030602963, -0.001646774644419971, -0.000495904292863359, 0.0002961326811965365, -2.76372798000601e-05, -0.001800035913608455, -2.2065439667328806e-05, -0.001464112554026143, 0.000980382633490483, -0.00012762438247196736, 0.001183519485741031, -0.0005198245235829708, -1.6901863993572314e-05, 0.0004500315039993194, -0.0005126220056874725, 0.001749929855182981, 0.0007400488106054756, 0.00036951187149149436, -0.0010474479946695756, -0.0003313530155931362, 0.001579122612842442, -0.0016195788657268242, 0.00011750654421700956, -0.000939556344207389, 0.002645651310090809, -1.357796026617062e-05, 0.0011870930019476506, -0.0006141914956125701, 0.0004915254678084496, -0.0016598024888164998, 0.0005818289402181166, 4.1162484859335675e-05, 0.0002910850254742753, 0.0007529139196367339, 3.743000072486082e-05, -0.0013910692976387706, -0.0003495780971357847, -0.0009542151025575598, -0.0007940768743131449, -0.0013780344879754643, -0.0019187241218619317, 0.0009188081026659669, -0.00016321214521190384, -0.0005157108123601445, -0.0005824266061522316, 0.0006307546217236756, 0.0005676772604145029, 0.00035819888318588847, -0.00018299482433277212, 0.0006867362483278708, 0.0007496195853796001, 0.0005431168233953872, 0.00018684396554602482, 0.0006129262003823804, 0.000625603333624973, 0.0010046541285426782, -0.00016005360374910237, 0.0004959917645660569, 0.0002546216466160268, 0.0006761450728482419, -0.0007176682443248233, 0.0006938965204693823, -0.0005778716729182564, -0.0005394303087076934, -0.0007598402473990888, -0.0015814773122104523, 0.00038634513759211914, -0.0010708930403147093, -0.0005981505206747098, -0.0014377052512928945, -0.0008666482083581412, -0.0011285060599669117, 0.0010110927472255097, -0.0009563306283155085, -0.00014292785432404708, -0.000897405237591762, -0.0011415209969399735, -0.00032180849734615567, 0.00017199776030411737]"
96,"[0.00037402359283669523, -0.0006308962843561664, -0.00037933174611156056, 0.00038039172414069657, -0.00038953421118222413, -0.00010437535998092791, -0.0002807024469672496, 0.001048842594958221, -0.0002990550730083052, -0.0012480503957745146, -0.0002739510940578497, 5.074994793258057e-06, 0.00019100806972715105, 0.0003153412281615808, -0.0010874966349032403, 0.0020320526269840917, -0.0008296863019640706, 0.0005313862093727495, -0.00035188866056447136, -0.0010423941298454142, 0.000383591903380958, -0.0006481170590316603, 0.000760780387455974, 0.001523441750241815, 0.0009694854513018549, 0.0005897643892298518, -0.00021301462970729174, 9.067347725171467e-05, -0.00014894589571939188, 0.001859535706663269, 0.0008706301728832501, -0.000621854559263587, -0.0008850853375445013, -0.00034189101453545594, 0.0008461670572883207, 0.0002744399336851526, -0.001704491821774408, 0.0011845909546784727, -0.0005370197492358846, 0.00021057784722050318, -0.00018520388172623157, -0.0012181642179539178, -0.0007643422601199138, 0.00044207512122606526, 0.0012945854030299384, 0.0005536250826871746, -0.0004777656631953787, 6.362880002742782e-05, 0.0004924993785180138, 0.0002557198471815271, 0.00028637308295971666, 0.0003380727545165594, -0.0014543377492331434, -0.0007962049289565815, 0.0006480728385291933, -0.0004743508174078912, 0.00048747603166313927, -0.000295639193291228, -0.0007405961758526989, -0.0001839886219518114, 0.0011783726044413826, -0.0015815342037216048, 0.0018355972834703392, -0.00040500329691962726, -0.001245404551562417, 0.00034267494973871373, 0.0007353185457402579, 5.0381198086581844e-05, -0.0023311100740453987, -0.0006969113772382564, -0.0010823099796309584, -0.0012742922676673327, -0.0005061509928002562, 0.00040029492961510623, -0.0021628963771073706, 0.0004429526421648399, -0.001139744905931761, -0.0009368936634249941, -0.0004118644776766402, 0.00011435424403555025, 0.0013732371454115053, 0.0015365823614857533, -0.001426534998773094, -0.002115190649777705, 3.4024377146941944e-05, 0.0002591792485503529, 0.0009118832756788736, 0.0015607391691560503, 7.475589072667568e-05, -0.0002860556288475044, 0.0002849617214316276, 0.0004301766166106, 0.0010816784880858037, 0.0007509323894163804, -0.0007541471921299393, 0.0011439753349656912, -0.000979297359226712, -6.58718056691253e-05, -0.0008223615591526508, -0.00048222912342267565]"
91,"[0.0004094972097851964, 0.0008287758906246926, 0.0012572515371266297, -0.0009439891816038631, 0.0008542811127989595, 0.00018749855663770698, -0.0010366203609179518, -0.00016980745456733436, 9.504582299831549e-05, -0.00017046348348004196, 0.0003814131061898083, 0.0005038692453759776, 0.002288282458399165, -3.81255097764473e-05, -0.0014696676144813335, 0.0011339824483721157, 0.0005179740739994969, 0.0014446120880108972, 0.0004914091398915916, 0.000994924350414489, -0.00037724180039548963, -0.0010846653765474923, -0.0002985393918069819, 0.0012632954962305111, -0.0011256311228280173, -6.436615400351194e-05, 0.001935759383335509, -0.00018496864497749273, -0.00018492492266689844, 0.0001750772746219816, 0.0010101755535886355, -0.00013619992625281643, 0.0008528616685177977, -0.00043742036393371844, -0.0013727528887592564, -0.0003636433537516217, -0.001016773758108072, 0.0010057417819466534, -0.0016341869126059603, -0.000571824463050326, -0.00011041629323242437, 0.0003455300114037559, -0.0014164720964525382, -0.0006190834548004148, 0.0003747408996937519, 0.0007691745314299934, 0.00012049496376861636, 0.001126466707628256, 0.0010502914166438833, 0.0007342691314862654, 0.00013496081852489657, 0.0021269046562494374, 0.0010988589289767853, 0.002164048655374303, 0.0007479860909645529, -0.0007249880726787787, -0.0003024785326827658, 0.0010783105260414936, -5.381122310849333e-05, 0.0005462081139398121, 4.055312287642875e-05, 0.0011865455847694982, -0.0004115756728935382, 0.001528305397518806, 0.0009628572531031579, 0.0008885335888612453, 0.00010487069645980105, -0.000555912464118885, -0.0007684941141768647, -8.536530970314667e-06, 0.0006219331527877772, 0.0012983765617844206, -9.706051176373744e-05, 0.000556478880550382, -0.0012526105910495332, -0.000678612201942428, -0.0011860218158849893, -0.0010645819748898477, -0.0016019139983353508, 0.0003736768819953542, 0.0005537803006978427, 0.00045139015837449936, -0.0002918428934209782, -0.0001852719238467651, -0.0017141956310891182, -0.0019427890328086081, 7.674487626665644e-05, 0.0008614422421061256, 0.000558130838197246, -0.0012038834119540592, -0.0016825987125431564, -0.00035259118999837145, -0.0004856884263912958, -0.0011081518126788415, -0.0009920223572447533, 0.0006298145875769799, 0.0008463792046094559, -0.0004543175988041721, 0.0006333986353108758, -0.001029098078295963]"
85,"[-0.0005317369785633467, -0.000703852155743218, -0.0008941102979338646, -0.0018456517938134857, -0.0010231523526571396, -0.0002377542753466919, -0.0013553514597349553, 7.044033880587285e-05, -0.00027708783194249214, -0.0008483902761896967, 0.000757593487729517, -0.0009932677865864704, -0.00035034952427088464, -5.9122243547440815e-05, 0.0005999244149783522, 0.00035375977967191485, 0.0016750173257010917, 0.0011142334209185425, -3.416769245838067e-05, 2.381167801604176e-05, 0.00021568645716209592, 0.00014206957122043666, 0.0016324954321073329, 0.0009186681569556297, -0.0003757035724138323, -0.001204994072140573, -0.0006678634524286532, 0.000549026759927718, -0.000138755591684459, 0.00048390014601701223, 0.0021180172293119664, -0.0001598386738693946, 0.0014528148625721619, 0.0006165438134740135, 0.0021534810294871394, -0.00047751247732428636, 4.3625064900975365e-05, -0.00041220930614248134, -0.0014878133087771735, 3.558260038391319e-05, -0.001221913641642914, 0.0010093844784616719, -0.0010904071148119105, -0.0021779107420031416, -0.0009101564456470953, 6.576609414180849e-05, 0.0007470147478535851, 0.0003191567668922514, -0.0011318126475475764, -0.00046480959982377534, -0.0017548623282420046, -0.0009768307383540681, 0.0008691477660180076, -0.0004468029756103129, 0.0011186187931501693, -0.0005507120463539415, 0.00027921511546680216, 0.0002883336737416496, -0.00031988527382905183, 1.1914183519471636e-05, -5.205262550177794e-05, -0.00016550155422250475, 9.108191034310137e-05, -0.0003516281161908316, 0.0002599583702322464, 6.200176830398908e-05, -0.001291672724409356, -0.0017606685221806505, -0.00037424232326885445, -0.0012055990003099967, 0.0008326460443032309, 0.0009454551824451631, 0.00019465600291390404, -0.00029474481312003175, -0.0002595201210251235, 0.0003079899547857897, 0.000709682462274834, -0.001795892834522235, -0.0006566456632829091, -0.001300924905513661, 0.00024253093043997458, 0.0009502179948471397, 0.0004422478643783324, -0.0014727481590020076, -0.001052144117902441, -0.00045365784340321743, -9.951799337163905e-05, -0.000701005776626215, 0.0014600920051957053, 0.0006588342713250141, -0.0005951182287344942, -5.579536028957579e-05, -1.6708926933333224e-05, -8.462936184015324e-05, 0.000890341898371301, 0.0011517957157610684, -0.0009903731159590957, -0.00015166153937287772, 0.0004216374327088632, -0.0005704528848213628]"
80,"[0.0002825750587585469, 0.0001514016414813802, 0.0006837613106458285, -0.0006357574523695094, -0.0010571903707077782, 0.0005362571887226555, -0.0008339394538002092, 0.0013397089810700644, -0.0004413544675871905, -0.00027270993958239897, 0.0009026811078204619, -0.0018715196959038047, 0.0014826365749331836, 0.0003114963992447457, -0.0007268318416529571, 5.166252218053976e-05, -0.0006370158608955904, 0.0004945080876921136, 0.0011327273191311744, -0.0006787011479675003, 0.0003961388860328994, -0.0005723360401037725, -0.001111467828997222, 0.0003537209441438194, 0.00031063834781115115, 2.4038577970171264e-05, -0.0004674468469387892, -0.0006659444281016559, 0.00134466272778411, 0.0014877414692957447, -0.0019260136138753896, 0.0005729793366403434, -0.0009834450379462222, 0.0005557296982254114, 0.0004144571568572159, -0.0011427317004496897, 0.00039048090253935647, -0.0008842381351558741, 0.0009532963119470235, -0.0005008728854158874, -0.000984868163017346, 0.0014910173603043325, 0.0007826946336131444, 0.000777544464988336, -0.00128146926490588, 0.0006354099023986278, -0.0005084331013722619, -0.0006551883512794465, 0.0009683119596494918, -0.0004286828182230162, 0.0010407741461426286, 0.0009371035210740423, 3.586684267786204e-05, 0.0018826958800803586, 0.000482095057961307, 0.00021217154529378106, -1.3986987198960055e-05, 0.0003404178473881248, 0.00025820702998176966, -0.001794528935841331, -0.0011505953152113042, 4.6602868708883425e-05, -0.0007154181801409623, 0.000287093544933828, -0.0006504456757739306, -7.445010705823745e-05, -0.0010441512811703994, 0.00019400151949815005, -0.0007428323038081711, -0.00045542982053854085, -7.585720759617658e-05, -4.62969126319919e-05, 6.251312231555326e-05, -7.952385406047317e-05, -0.001860872198648902, 0.0003808356548578439, -0.0006326675187982275, 0.00045573512794178534, -0.0004276108505696333, 0.00032294082572412197, 5.946925843032239e-05, 0.0014453440387020065, 0.0018065103315074973, -4.191123904060825e-05, 0.00015046588997326884, 0.0006253983099092186, 0.0008371923427002688, -0.0010819527432829924, -0.0009032567438963949, -0.00021434846321897815, -0.00014247711310037226, -0.0004912013555040785, -0.00046503148157382224, 0.0006631406716189536, 0.00031981520998082547, -0.0002965750254602478, 0.0006557690745934635, -0.0007312227673428262, 0.0002985099158001875, 0.0018289723302403816]"
74,"[-0.0014330406219528024, -5.8061243896547556e-05, -0.0008254283871798323, 0.0008764099797038639, 0.00019000234708954394, 0.0008107036268004644, -0.00018836310483847442, -3.838605517429403e-05, -0.0004374858476549025, -0.0004556952917300041, -0.001152938150318143, 0.0003120306968113616, 0.00035063506817312255, -0.000619912335629305, -0.001225481214784296, -0.000453956395711616, 0.0006790856964750708, -0.000219739780847177, 0.00038057371069109803, -0.0006145421488119721, -0.0010558317150820382, 0.000629599104068978, 0.00011677105751973867, 0.00028522974031467763, -0.0008702845915239056, -3.5555828129039255e-05, -0.0004619601519322005, 0.0007136401141741581, 0.0011166530621195272, 0.0004783824287979155, 0.0019068947728742673, 0.001018684549330936, 0.00010815074387153109, 0.00038207379238007044, 0.000593977835720286, 0.0010524605448879434, 1.0789248625822048e-05, -0.0008753529964622314, -0.0011689508809820301, -0.002348207807033483, -0.0001002325173425312, -0.0002913000121249162, 6.407382325244327e-05, 0.00016113450332995894, 0.0013425808236922554, 0.002274097350900629, 0.0001270719714612903, 0.0004296263960928403, -0.0005218654317421523, -0.0007923391278555597, 0.0012180096932101513, -0.0007922227974158286, -2.7981595309888616e-05, -0.00032850294569917424, 0.0009940512863262456, -0.000790681882556114, 2.2721518430202178e-05, 0.00040979314139558517, 0.0008489434274600911, 0.0015180219318255278, 8.182192600310922e-05, 0.00033293846838197515, 0.0005370565872001147, -0.0005419830976150004, -0.0009068490947977032, -0.0001059475638059267, -0.00016239699605845906, -0.0005629944397300264, -0.001181027922756183, 0.0010419656512396474, 0.00012756665422814498, 0.0012094352376359778, -0.0006396857498710766, 0.00019661154448818953, -0.0003674514918608772, 0.001078669426195668, -0.0009749474917453268, -0.0005474513981828952, -0.0009577992620911054, 0.00019901429113767095, 0.00035414946299788515, -0.00018032936825316485, 0.0008283303599351425, -0.0012063220130261521, -0.000965116235145496, 0.0004905100160799699, 0.0012372783970678398, -0.0010689486302943292, -0.000485544183329993, -0.00033685856498055804, 0.0004911871577448026, 0.00017837966830877642, 0.00018978660036872227, -0.0009424721200625743, -0.0003261165525348732, -0.0008831017528254124, -0.0005322776059051623, 0.000978501808312826, -0.0011373231208904446, -0.0009652844330951272]"
68,"[0.00028114303022220893, -0.0013090938639796993, 0.00017465421194286132, 0.00035855936733568666, 0.0006829764578779757, 0.0013805622246541032, -0.0002897241241142765, 0.0014806464252716631, -0.0009534226902707009, -3.318071052373985e-05, 0.00020045869908925628, 0.0012811897869974202, 3.528710531617842e-05, -0.00016912688941691443, 0.0001370611455118204, -0.0008136545594586827, -0.000420064088464423, -0.0005386217739020402, -0.000698714261870719, 0.0011008020689113349, 0.00046740755931341853, -0.0001301696294082988, 0.00029009109727197403, -3.4922222200639075e-05, -0.00038349203006201254, -0.0002771430895968458, 0.0008758445305182725, -0.0018773575130971605, 0.0005838520789352837, -0.0003447489669257175, -0.00046365430551296375, -0.00045061562931799184, -0.0010709990043385007, 0.0007117253703805833, -0.0007053381509854154, -0.0001743608075271143, -2.7479987936521077e-06, 0.0006171566332005578, -0.0012219341139674178, 0.0013812415013797327, 0.0009805160190720632, 0.0003544992827958136, -0.0011041134164830168, -0.0007627437418442791, -0.00025955510785338266, 0.00022696307899389354, -0.000332187414852766, -0.0002356617083643736, -0.002239661405336587, -0.0004550803246596435, 0.0006137789278975304, -0.00024034354909843684, -0.0002206804754274081, -0.000995237144664377, 0.00044869985266355, -0.0006944895931117977, -0.0004930477973391563, -0.0012353473040349523, -0.0002452017459440688, -0.0003246985541330388, 0.0005486706220733338, -0.0009644574553927545, -9.884665981524564e-05, 1.2299633700325975e-05, -0.00011629743879142851, -0.0004686425859487436, -0.00038202654422958587, 0.0006590828276455546, -0.0017664261740964096, 0.00014680674953093927, 0.0007291976001162016, 0.0016525009311082403, 2.892690661393476e-06, 0.0006781336590254084, 0.0007480513993597652, -0.00023020792304462838, -0.0013238700025581895, 0.0008650200123988227, 0.000880227281490985, 7.921610812122968e-05, 0.00013323761736590162, 0.0009595977636219192, -0.00038763087054161197, 0.0004991435555748496, 0.0007532183547146122, -0.0001690127278580379, -0.0008624437780554115, 5.0038238876809424e-05, -0.0018456936569204647, 0.0006254335645654641, 6.56118838171117e-05, -0.0003360265752414304, 0.00047522304135662883, -0.0006536938219440675, 3.778215887702115e-05, -0.0001617404531407694, 0.0008651795620872722, 0.0003831881175352365, -0.0008985662814483275, -0.001167638480831405]"
63,"[0.0019197140255444332, -7.984794394938443e-05, -0.0002912465475812224, -0.0009317853664161298, -0.0001328990473310119, -0.0008183545126805483, -0.0010582667422466877, 0.0016393185277439077, -0.0016295304116649531, 0.0010809483772409923, -0.0013509694478255907, 0.000517637478062233, -0.0005052980985162697, -0.0010730236201744923, -0.0021056614676106928, 0.00048228844234688545, 0.0014212101320551552, -0.0009212071509902417, 1.6525023125426614e-05, -0.0001966623466762435, 0.0004525912876487029, -0.0006042943688050299, -2.9910842838145755e-05, -0.001268727040865969, -0.0007439929739885672, -0.00045677355403762193, 0.0013382304992942532, 0.0018673291988950908, 0.0008587091649693866, 0.0010017179263188917, 0.0007481963217948346, 0.0008764337629210925, -0.0014840347294148319, -0.00011977073947308224, -0.0012261515810879418, -0.000389593748137458, 0.00012647754513583112, 3.922189675933338e-05, -0.0007264071501848111, -0.00042195321598749035, -0.0006122039652840732, -0.0004905683738128196, -0.0011588471048981093, 0.0006513966304566838, 0.0004698891776562407, -0.0003885873902162023, -0.0009564872372863733, -9.736524534422432e-05, 0.001240950368133538, -0.0022186714726860493, 0.000465579271848091, 0.0014961896938605853, -0.00020238702693350382, 0.0008872656788234271, -0.0014718321880986772, -0.0011908715581610567, -0.0005583085077563835, 0.0009906248879582122, 0.0011920756355426367, 0.001306363398093456, 0.0005243491170897467, -0.00023219890250478879, -0.0005132124459518784, 0.0019909728978530087, 0.00013111291934494226, -0.0012484935195665318, -0.0006151925313524444, -0.0002837145503430235, -0.000404100320789658, -0.00033741569565178404, -0.0009111073200185985, 0.00022486819812218007, -0.001029756649899522, 0.0001342176320128339, 0.00031053280244365723, 0.0004007102605272524, 9.357624078646436e-06, -0.0020815373390692346, -5.5841727205794696e-05, -0.0014029098842988858, 1.6991876544875817e-05, -0.0011186017600479275, -0.00024548620501787724, -0.00025617861056862807, 0.0003596775100243099, 0.0001421596947006794, 0.00018954365453191627, 0.0003399840703183118, 0.001180304122601872, 0.00023902166795386115, -0.0011009262600446777, -0.000861390780372272, -0.0004820476484630332, 0.000290560959185406, -2.995412698049269e-05, 0.0001001885336892423, 0.0003189985438904474, 0.0004492030850031687, -0.0002911858510040352, 0.000208057424549328]"
57,"[0.001588702795778355, 0.0006289911342847181, 0.0008071258808752322, 0.0016247791355962352, -0.000574930850192846, 0.00038066443019419815, 0.00038912836653181193, -0.0007780328182080523, 0.00012318093995063252, 0.0004671223126294387, 0.0011394667188489146, -0.0008507045013342385, 0.0011806816205466246, 0.0003142189044237006, 0.0003341939850770837, -0.0003511450426979349, -0.00048768328632214876, 0.0003254345664182895, 0.0002958475530079204, -0.0002299695678791818, 0.0010149583379862111, 0.0003426121470145258, -0.0006704340258155127, -0.0006629268510658315, -0.00015405848772610597, 0.0002016738137339778, -0.0012098302317499966, -0.0003936309422960014, -0.00024704908760723207, -0.0006841700869153512, 0.00043204501535900453, -0.0006618321507356705, -0.0006981050312376531, 0.0012179031781774949, -0.00043785758551520684, -0.000396101049129447, 0.0004041978306228809, 0.0023707940948289956, 0.000267360459968949, 8.415116830426662e-05, -0.00010350004489998882, -0.0006280808733157057, -0.0002098422629546207, 0.0006913274959719125, 0.001913510940756641, 0.00046110192611522753, -0.00033223330787112706, -0.00029148120798395055, -5.5940799973067644e-05, -0.0006762695297225605, 0.0015386526490242015, -0.00041797140586305383, 0.0007881554851565489, 0.0022807444506713487, 0.00010095243546518422, -0.0006649841122224021, 0.0006228178696508289, 0.0009670506303869001, 0.000411304393830564, -0.0004697835174441158, 0.00020430377797309426, 0.001257011266353806, 0.0009863720525811752, 0.0002762002733635523, 0.0001345904835688801, 0.0007188348522187704, 0.001204990331809661, 0.0003621828503717731, -0.00111220562255914, -0.0006637807837547189, -0.0019833966894181156, 0.0017578542208849409, -0.0011814479965645082, 0.0007549205008068388, 0.0006217620987695804, -0.0017724409694210457, 0.001051151554321366, 4.1530637229754346e-05, 3.298220918205782e-05, 0.0016577610097013812, -0.0005049403185204598, 0.0009468819639750242, 0.001259462687122513, -7.275869736569291e-05, -6.971794677306561e-05, 0.0006433928946001157, 0.0011954036219670968, -0.0005503984197862517, -0.001619681835350216, 0.00011478130067959644, -0.0003877218942763768, 0.0004979732055185712, 0.000924315013067758, 0.0003145569171467504, 1.2309262255805336e-05, 0.0004620029808729797, 0.0003389522639031704, 0.0005927192697469825, 0.00019779127531557235, -0.00026203041115712333]"
51,"[-0.00040545259008796606, 6.911509139420967e-05, -0.000651627172879377, -0.0017973135113603326, -0.00022271528544427045, -0.0001441244918941518, -0.0009737732275764003, -0.0008042334657095315, -8.856012587675906e-06, 0.001600905108281438, 0.0003928715417510932, -0.0017160364309773517, -0.0002023029809433215, -0.00031342176511294927, 0.0005518987476444384, 0.0004585279141430075, 0.0015655689382977531, 0.0010214788422529594, 0.0008106779963546124, -0.00033280248535575156, 0.0003835331052016696, 0.001403814541955774, 0.0007298727765185364, -0.00011011963381978495, 0.0002933960215296675, -0.0004269891995929503, -0.0013949978416909602, -0.0008536109137589648, 0.00025733891146424107, 0.0013132890342792945, -0.001119808198846797, -0.002046033228945073, 0.00030521998144905746, -0.0005088038944311393, -0.001104242030239396, -0.0006231839860394416, 0.00080057643512131, -0.0011366015311343432, -0.00013320484658855893, -0.0006773004577482242, -0.000853280887633817, -0.0004543515301411822, 0.00025694251527032795, 0.0011542188997737373, 0.001016171468353244, 1.1294545710291848e-05, 0.0008855023572877693, -0.00017611703806181235, 1.4089666515564244e-05, 0.0006543134716284593, 1.0333560918668585e-05, 0.0010877208705370746, -0.0014830402039546003, 0.0016021893137473835, -1.709457019915415e-05, -0.000319352892442091, 0.00034740492716864345, -0.0014830992238417896, -0.0006670822878444667, 1.2202712918739735e-05, 0.0022269224863848223, 0.000344571096850087, -0.0007099985915719718, -0.0006684829071365994, 0.00024258247445956382, -3.178722762583631e-05, 0.000256875017888239, 0.00035199946392675663, 8.039937231598504e-05, -0.00043490220947668576, 0.0018471804149118895, -0.0013152555193162057, -0.0003517863070474755, 0.0007181685410037963, -0.0004171670042577119, 0.0011372227636498608, -0.0004054545055537883, 7.429090506167285e-05, 0.0015162448379945534, 9.034462176955968e-05, 0.0011091128451000644, -0.0015630402259622712, -0.0004509179589708948, 0.0011319000634230588, -0.001999968448181388, 0.000709536035835853, 0.00038725853021550575, 0.0006522500075563587, 0.00021283171848958675, -0.0009220686261870953, 0.0013413126815070271, -0.0006520019237683983, -0.0018362212003664583, -3.983255788841885e-05, 0.0008160613563598897, -0.0010186309220880634, -9.102278610665474e-05, -0.002088652209170027, -0.0008054717838229606, 0.0005031196356693076]"
46,"[0.00019068993496875668, -0.0012477262639138537, 0.00014424754071918909, 1.9799381821307862e-05, -0.00019723771061812547, -0.0005533287036036352, 0.0007829796469538128, -0.0006797038677770084, 0.00038181035074608913, 0.0008253273616540584, -0.0012123487179902534, -0.00043508594672500746, 0.0005931523354813653, -0.0001661810538399346, -0.00028120974016540107, 0.0009145311485844177, -3.966590526858843e-06, -0.0008170079518344672, -0.0014486084502621714, 0.001034739084702776, 0.00016601957626205305, -8.751461721643347e-05, -0.0007139279222479191, 0.0010710840840351184, -0.0003130963329780865, -0.0018950072746099853, 0.0004354263440914092, -0.0005635637681613145, 0.0007845009978414754, -0.002818789740220244, 0.0008574228048006366, -0.0001464022143739771, -0.0012321712178083276, 0.0012343087604899624, -0.00024126700103878498, 0.0007461854966420508, 0.0011868376300238274, -0.0020324956546317985, 0.0005855524680756518, 0.001307369931881423, -0.00047747865595689637, 0.0004751889857023042, 0.0016397065649551821, 0.0005663348036498076, 0.0001218197791099101, 0.00015409049897370145, 0.002226956092609885, -0.0014599396519474855, 0.0008126100483487237, 0.0001891373820655908, -0.0002092741116570497, 0.0012602459983733006, -0.0015598186974075598, -3.019808910496105e-05, 0.0004382913049707441, -0.0012542913959863273, 0.0005103119453376638, 5.8821872547428066e-05, 0.0005280215604656943, 0.0006105623013198894, -0.00026151517181870415, 0.0002495701090656742, 0.00032768578038186067, -0.00019590142655210061, -0.0005872998278512978, 0.00022661949296313286, 0.00043976452400434695, 0.001019867319041313, -0.000770293852672501, -0.000786171122184331, -0.000164081590417743, -4.726626893828499e-06, -0.00041135605477583506, -0.0008626613392008385, -0.0009413090418017094, -0.0006612467494161847, -0.0010864519872624365, 0.000407871818306983, 0.0012126613310535367, 0.0009080296578775227, -0.0008988187066464721, -0.0008885943940945131, 0.0005116054066610169, -0.00029609608981412877, -0.001472001134903693, -0.000989712816034263, 0.0020624042640036825, 2.933852182857387e-05, -0.001725429925349294, 0.0004664822116724799, 0.0011168916073526988, 0.0006950040560080294, -0.00022539594802235876, -0.001114172320837138, -0.0011957781308073127, -0.0006720279671188394, -0.0006541268177507492, -0.0017572651518939816, 0.00034414488880622497, 0.0006529793118682234]"
40,"[0.00011353718185822444, 0.000516483006164352, -0.0004947618073946585, 0.0003778876023432101, -0.00026953416795825184, 0.0001346178247992247, 0.0005395113822656224, -0.0006227951775916366, -0.00018783774226148803, 0.0007966814228674464, -0.0015895502113257454, 0.0011902914875223367, 0.0015998676972250655, 0.0009968986844900668, 0.0006066205615914968, 0.0008202461445265375, -0.00044633313109988056, -0.0009298810707577998, -0.0004300677041569433, 0.0007450740920137727, 0.001655180863773576, 8.791163804225113e-05, 0.0022030279930264013, -2.70168297459374e-05, 0.0011396102969292471, -0.0006750273799415016, -0.00010700537962309573, -0.0005083305124379142, -0.0007469077376997991, -0.0022527574613945773, -0.0012139458660034778, 0.0005885052146395197, 0.0007288267554827481, 0.0004107419615112855, -0.00044164209095960986, 0.00010923176873322639, 0.0012065547258978211, 0.0006018458991788663, 0.0003904453908499921, 0.0017370743542321147, 0.0006508956424518032, 0.0011346733343144803, 0.00019468366369730227, -0.00018577883955941607, -0.0005386754536812384, -0.0016329855519331003, 0.00046605809565170416, 2.436381746122431e-05, -0.0004198438545237379, 0.0010094940621627748, -0.0009599157452765099, -0.0007844874244786728, -0.0008577713625165951, -0.0007483784514603109, -0.00038263181432144017, -0.00023764748165489483, -0.000992659595154046, 0.0002737172712107658, 0.0004104010549834139, -0.0004074468170054808, -0.0003680417225340838, 7.597909897782017e-05, -0.00016283973128941866, 0.00019125245668000164, -0.0007628183543309546, -0.00048720227910016307, 0.0012648203777516156, -0.0005854054330029766, 0.00043829212211276875, 0.002030132260006996, -0.0008059942287548589, 0.0008996884738828354, 0.0006772988913994693, 0.0007586225145427443, -0.0004885326475704462, -0.0002610360243322106, -0.000385967707797474, 0.0011254797467094202, -0.0004409980730265149, 0.0010030285378518754, 0.00025521702517385423, -0.00011614241549386769, 0.0023185377483024455, 0.0008645370072037322, 0.0015325929321749023, 0.00045350009148697703, -0.0006606562083215057, 0.0027426355889886333, -0.00038395778763001783, -0.0020142794869515935, 0.0024306343217122225, -0.0006054183988680198, -0.0006812759547770214, -0.00025714791917467436, 0.0014197835498997277, -0.0003556605397981535, 0.0010602207847954753, 0.00016114817681959535, 0.0010403176087467002, 0.00047941610926208856]"
34,"[-0.0011415821382032138, 0.0003596254416376427, 0.0016310350899196655, 0.0005053882420717941, 0.0005166288261181134, -0.001987633521514102, 0.0012584675464869248, -0.0009768930261596653, -0.003089933930512648, -0.0003558091342096373, 0.0009936079635176843, 0.0008198163253707705, 8.250754239921235e-05, -0.0013806440698253364, 0.00100613105875177, 0.0010972116273378948, 0.0006191866950318514, -0.0005759705769102567, 0.0015226198556674828, -0.00041166176307153707, 0.00036786314164474613, 0.0013274455716641295, -0.0003794167030581774, -0.0008081433451127805, 0.0001362358083132488, -0.00048372767067337153, -0.00045172406773556496, 0.0011724641668405832, -0.000223857086307824, 0.00030289883463475184, 0.0016532144084523384, 0.0006808609850939689, 7.075564804241684e-05, 0.0011650178912418136, -0.000620325146118097, -0.00019263009080672868, 0.0012605396842310117, -0.00119424171889376, 0.00012804748297613356, -0.0012650220301482836, -0.000356400006679678, 0.000532802373505378, -0.0004382030889706678, -0.001426494954346123, -0.0005771082768082389, 0.00047638301278543524, 0.0009771197150022822, 0.0007293751272324428, -0.00022260417922851977, -0.0009685949389279594, 0.0002723533478055564, -0.0006230477163910497, -0.00022853071338526924, -0.0008375297113013578, -0.0006191143149519831, 0.00013067258089253267, -0.00038197922394664623, -0.0007155092920155522, -0.000991146891833767, -0.00013997934203185792, -0.0011072459104961496, -0.0003866877729065805, -0.0013026744438071826, -0.0021435840296862296, -0.00036479798950929995, 1.947704774867228e-05, -0.000269413825108981, 0.0005732970342928293, 0.0008597510540769527, 0.00042244830053966555, -0.00048688271873954467, 4.393722846432334e-05, 0.0012704689880635512, -0.0006242914049717001, -0.0009272365474412185, 0.0008857566794218875, -6.569553180353334e-05, -0.0014581455781391098, -0.0003271118737291026, -8.554830182521959e-05, 0.00011201753767944999, 0.0012903717398227198, 0.000988705474538446, 0.0007005905780451516, 0.0007812903590418298, 0.0010926823218701837, 0.0015716920941216633, 0.0017555731250374006, 0.0016732641036702807, 0.000701331720512775, -0.0005131534896471902, -0.0007440579436513715, -0.00012259896936769939, 0.0014109440540284973, 0.0011289753639626614, 0.0012482501229582595, -0.0005700967050310272, -0.0018509535771892866, 0.0001687979598369838, 0.0004464317137977557]"
29,"[0.00046190901490929085, 0.00028476692939858174, 0.0012786299808551106, -0.0011461828141885412, -0.0009862256370451684, -0.0006936084396714932, 0.00041481261658577086, -0.0007684568888290453, -0.001085944173448456, -5.4912303176318826e-05, 0.0006628980485883936, 0.00045704625335322866, -0.00037840709898968416, 0.0008109677974538909, 0.0006276062742772075, 0.001394803312846189, 0.0006903597055440051, 0.001215424965057554, 0.001234911635051106, -0.0006928065746635998, 3.854160356340122e-05, -0.0010544395684590879, -0.0002459833079186033, 0.0009952137419011575, -7.981619800405958e-05, 0.0003752711547119341, -0.0007681274834541053, 0.0006511908816281231, -0.00018935622474157, 0.0009383360467580747, -0.0005394129345174278, 0.0016302024648558856, 0.00028322734456958255, -0.0009622284873431646, -0.000842931801145403, -0.0011670196444600006, -0.0005915928094574052, -0.0016554857440738105, -0.0022326462313816257, -7.73690278922054e-06, -0.0028745948436009693, -0.0008693061582277055, -3.305642107201538e-05, 0.00019286373649747392, -0.0013571467286685804, -0.0016234640404780983, 0.0017558430045935159, -0.0010354222863164552, -0.0006153692137062249, 0.0001810611641122374, -0.0003131166626713181, -0.0001708898081612664, -0.0014248779344106306, 0.000666654493418357, -0.001993979445340504, -0.0010948126461828374, 0.0012119995774642828, -0.0012079029971599365, -0.000853902231866817, 0.0017390221648447054, 0.0005516758487584473, -0.0011605180278719352, 0.0005778038362731903, 4.090600586804402e-05, -0.0019004691200795207, -0.0005419891479829472, 0.00029485925341932135, -0.0014805890985757069, -0.0003263517574489625, -0.0009947744906298737, 0.0006449627207475409, -0.0011246272795620838, -0.001726195031861655, -0.0013053961174624745, -0.0011423233932684497, -0.0021872847131243467, -0.00027093289877899875, 0.001243782350332485, -0.0005647555716176684, 0.0004661258837040852, -0.0006610683812818265, 0.0001749029159800319, -0.0012948375080838609, 5.2724639134039535e-05, -0.0012444102578525287, 0.0007624743374082337, -2.9705443168219774e-05, 0.0014383094076905545, 2.5669374352323755e-05, -0.0013933734330508116, 0.00025581506100129354, 0.00019982801116626207, -0.0008514268937760334, 0.000989763496603455, -0.00013935750655344155, 0.0011891409083207875, 0.0009613887781807538, 0.00011390651595670389, 0.0012034199836525406, -0.0002581629587454577]"
23,"[0.0007391182810537975, 0.0017556287704117374, -5.042789722959647e-05, 0.0021673782047171553, -0.0002032663748126416, -0.000804872819057909, 0.003356692107514475, -9.904999389004937e-05, 0.0005054487379953513, 1.7204120521333212e-05, 0.00018788898638767473, -2.6248337574938424e-05, -0.00048428473825649134, -0.00013645871931693238, -0.00027062336807315307, 0.001352441021149558, -0.00013036571821093277, 0.00014640727871101193, 0.0005400524654555756, 0.00017063136953913172, -0.0003900557000138087, -0.0005388378644101343, -0.0002754974724660036, -0.00038058977555353754, -0.0012797106695644073, -0.001030061971328734, 0.0002787312248722081, -4.521070231085802e-05, 0.0013614160830689203, 0.000317434645507669, -0.0011124354435620197, 0.0010787352008751415, -0.0006348705080942731, 0.0005916964393970082, -6.843820093997792e-05, 0.0004563033099618352, -0.00028805600134967576, -0.0002522848689271273, 0.000836134820892108, 0.000935368448190793, 0.0004682466743318748, -0.0017731643719658327, 0.0004070027678507622, 0.0007036806069912225, 0.000635664998619778, -0.0010258062217300416, -0.0006117908787827641, 0.0013492087351036116, -8.611103951513886e-05, -0.0005624560923126253, -0.001278159424865024, -0.0008367774395075339, -0.00014194808344151195, -0.00018361432824841193, 0.00030947732679689137, -0.0001585596209197017, 0.0007879208907538698, -0.001096621120786589, -0.0006324506620164346, -0.0003752945139002615, -0.0007035834198174808, -0.0021039694581544283, -0.0013282745364358037, 0.00011311001260584175, -0.0008299271043825595, -0.0003008670980044175, -0.0010942341752400878, -0.000989513812182347, 0.0006380387415199435, 0.00017355546221908835, 0.0002742377789662851, 0.0008461891869296036, 0.0012883407892904744, -0.0009399536294008942, 0.0006442024059514082, -0.001241043224226512, 0.0006492503400492374, 0.00083408733403716, -0.0005335223837448869, -0.0004616991106062053, -0.0001691184288101363, -0.000976539511973106, 0.0012475105336396178, -0.0001599114503213805, -0.0006815526349648912, 0.0006264797136728539, -0.0002487501871795859, 0.0014730509922717958, 0.0004127792735609378, 8.73357427563605e-05, 0.0007653132920985794, -2.348505484708465e-05, -6.371605717782252e-05, -0.0010435627216907396, 0.0008272008346221119, -0.001673558206484488, -0.0015327168053852608, -0.0015816032142541754, -0.0006165538493503222, 4.193530449333847e-05]"
17,"[5.437370038094773e-05, 0.0012841469534711244, -6.379745963765271e-05, -8.571823345070166e-05, 0.0011089223086621375, -0.00028537628508562346, -0.0006074267757562236, -0.0009397334049581911, -2.514562765639107e-05, 0.00019692829186209634, -0.0011365984688914146, 0.0006997441227809154, -0.0012418456024164293, -0.0003002388740454046, 0.0016917527405972178, -0.0008379924480689587, 0.001931373218745814, 0.0014772140665204666, 0.000670732331766641, -0.00021203652218235253, -0.00048231650397053945, -0.0002379476892979108, 0.00025515735930099737, -0.000600184635393996, 0.0003740457233845265, -0.0002563177505571649, 0.00012295362538535873, 0.0011838857201792554, 0.0013243565277643698, -0.001002378577454245, 0.0009389336948823704, -0.001321984037261799, 0.0005653514197194866, 0.00032917931028801986, -0.001209794324217174, 0.0012335914139694456, 0.00045159599430180246, -0.0011178903775241249, 0.00017439260607008607, -0.0012162151276715852, -0.0004531903560445985, -0.0008362873607811134, 0.0007871793548019606, -0.0015073855917630509, 0.0001267854259884163, 0.001073963017259239, 0.001204334999253091, -0.00012338599408520277, -0.000343949777359854, 0.0015260930169056974, -7.42263995478992e-05, 0.00138076941225738, -0.0014854648704329748, -0.0011553710383195228, -0.00023881999229551765, 0.001385220256390926, 0.0006367252939651072, -0.0004266507657225132, -0.00044234532774967497, 0.0009815240290914967, 0.0006197693665304446, -0.0008626389449278598, -0.0008696579317391155, -0.0010169426129616676, -0.000339729876932266, 0.0012772482268856944, -0.0014775536153411528, 0.0010285278704969824, 0.00020032529314722747, 0.0005133568838043218, -0.0004610740489303578, 0.001126015318478988, -9.378043271255097e-05, -0.0012946268951796044, -0.0013263433135682452, 0.000512340913537023, 1.4322981875578581e-06, -0.001408095594747348, -0.0011756023385395265, -0.00012190175232197082, -0.0006731392945421658, 0.00014215222793543395, -0.0002280628256369428, -0.00024147186498848543, -0.0017518119619875487, -0.0014344127372382183, 0.0012037622541330776, 0.00034694888964342097, 0.00013321295532647232, 0.0013351372549508264, 0.0008797686835201211, -0.0004875477486899329, 0.000585977061325396, -2.2731570799655633e-06, 4.399689486753034e-05, -0.0005182398535297804, -0.0002848578781671831, -0.0005724122656097756, -0.0006128879116410571, -0.0008347586172523954]"
12,"[-0.0001668906953630991, -0.0017324634104735363, 0.0005494665486439815, -0.00025987397894750524, -0.00031781678281028616, 0.0010088126369203136, -0.0007298113005647907, 0.0007625095388422411, -0.0007468890688832997, 0.00042398768098803643, 0.00012465964564686575, 0.0011699618680118945, -0.0014252801188740657, -0.0008949165407216088, -0.00019347231998890875, 0.00013186689173526269, 9.51928595960119e-05, 0.00020679603076416428, 0.0010865288605405648, 0.0008905383259293711, -0.00029291927196039495, -0.00041663089649574014, -0.0003992719754945044, -0.0010827094252157513, 0.0008986712748773112, -0.001440999631092814, 0.0013907236517362752, 0.0005165968927887912, 0.0006200555648843276, -0.0005500966103546374, -0.00042690613471882557, -0.00023645161768918633, 0.0005964306112681648, 0.001016256880548228, -0.0009475806664903067, -2.5032721073472586e-05, 0.0001223029116661134, -1.70399194797741e-05, -0.00019943531286648774, 0.0005068466096611646, -0.000874419464031637, -0.0007282378462264655, 0.0011171365097356024, 0.0018764262932076093, 0.00016261595425066372, 0.0007358432969061127, -0.0012595049495866448, -0.00042388452658862657, -0.0006125146888916145, -0.0006842282287097874, -0.0014827298635100223, 0.00031865952899302067, -0.00016814712758351512, -0.0019329757045603636, -5.537573416006186e-05, 0.00010967635513071731, 0.000958046336881653, 0.0007107063416728159, 0.0004226576948480323, -0.00011717215447170978, 0.000763541239166353, -0.00027359780188168236, 3.1065552283850124e-05, 0.0007845079770724623, -0.0005333926792611061, 0.0007948846492449058, -0.0007775642861157307, -0.00012367092628822943, -0.000728539276288842, -0.0013317645896858065, -6.182171392059013e-05, -0.0007037601418644259, 0.0002829472751432144, -0.0006390294440655854, -0.00020279253439888328, -0.00040255317584951815, 0.0005446066930765233, -0.0002031253277973661, -0.0005632213076772653, 0.001326373111079586, 0.0008685804936475718, 0.0008967769307500978, -0.0007239143012310915, -0.0015047442787293431, -0.00020380335675715888, -0.0005260717994764151, -0.0007073434575412614, -0.0005931738531565656, -0.001261752066438602, 0.0005161310568732198, 0.00012561665846630988, -0.00021349704805023962, 0.0006026298211523652, 0.0017098669855347528, -0.0007207135257407937, 0.0002911291565219047, -0.0006109243328761956, -0.0005701016629616971, -0.0004732189800830735, 0.0008225695261990061]"
6,"[-0.0005339396802643712, 0.0006840814561328121, -0.0018975720795992336, 0.0002622843848617793, 0.000797362438455754, -0.0009291877124601579, -0.00028033687200482236, -0.001071693620199473, -0.0001208634101130512, -0.00046653438892320034, -0.0006795552235304421, 0.00023177139122941714, -9.783026253977328e-05, -0.0007759266450440455, -0.00037164665360034605, -0.0007655440914583855, -1.729838532226048e-06, 0.0007407721872336354, -0.0014572612930957118, 0.00032060888074003993, -0.00028980435444918756, 0.0005068549403264487, -0.0014129823258332169, 0.000396411766544993, -0.0007416247515999834, 0.0007153585923716677, -0.0003840115970367552, -0.0001223363559457474, -6.756582505888102e-06, -0.0020695569280234564, 0.000996099041548412, 0.0012177398428729871, -0.00030122498991077423, -2.819712292221573e-05, -0.0002244303451680552, -0.0019302252619675102, 0.00010764837629700852, -0.00142160977456021, 0.00017233128863239773, 0.00011540393993816043, 0.0007046562196120332, -0.0014089069173275181, -0.0012136872903001092, -0.0006696458364308492, 0.0006618238851218802, 0.001801510491266808, -0.0008362607819280116, -0.00037103914129149726, 0.0001387702183490574, -0.0002129027495362068, -0.0015966909723756947, -0.0005844707029932909, 0.00034793353299675473, 0.00014564931603351669, -0.001810044771300649, -0.0011917133531896033, -0.0002536661223192375, -0.00017611384951072686, 0.000336275737790303, -0.0001927724975364149, 0.00022823245456784168, -0.0013384907450196294, 9.124458683422554e-05, -0.0013390151456336992, -0.00017623791074328337, -0.001914252003104154, -0.0007255201735350845, -3.140549362401695e-06, 0.0007027422771596356, -0.0009365645305198176, 0.0017898212122940999, -0.0004574739199353856, 0.0009721896990676974, 0.0003445620454748667, 0.00012475244910502785, 0.0018030519876896956, -0.0007238115860433843, -0.0006989891544870572, -6.285148452052941e-05, -0.0011844631210774419, -0.0006202007111471495, -3.7320515597184666e-05, 0.00026766493260517145, 0.0006598072283860346, 0.0015622875872521491, 0.0016021712209670208, 0.001442802854740429, -0.0009132199639602153, 0.00011048187657303058, 0.00043048877649634794, 0.0004152861674278049, 0.0008640805148706289, 0.0011088282968424199, 0.001206698994539174, -0.0007469794260119778, -0.00019385538245377462, -2.6126109333356334e-05, -0.0011118999604830483, -0.0009471416990049536, 0.00016775454984366668]"
1,"[0.00042235575254791376, 0.0010736215101242752, -5.470940491704421e-05, 0.0014619649395191995, 0.0007939099146558204, 0.0008954333166351576, 0.0002473124241530033, -0.0009641747841784382, -0.0004914022854224494, -0.00021760224653668355, 0.0008129008289147344, -0.00023153181087479704, 0.0006774274542946312, -3.7951845055586606e-05, -0.00028181540519126513, 0.0003967925890196529, 0.0006890871873293612, -0.00014158862388062755, -0.001175957608903976, 0.000510137388012244, 3.101544611238846e-05, -0.0011094843730863866, -0.0006105566376782226, 0.000948131988078978, -0.00021768602645022515, -0.00041166207495495265, 0.0003031570642047254, 0.0007495606590358601, -0.0006690283382429112, 0.000567455859146507, -0.00021249567000835768, 0.0006378232290982082, 0.002044957665742323, 0.0010390514129256707, 0.00021453597141994282, 0.0018070049291916, 0.0005430234182626527, -0.0006450722715830039, -0.0033967079929129724, -0.00018226809825094893, -0.0003467282795544702, -0.00025063119399356, -0.00023389111758294806, 0.0008341604989511647, -0.00027871895977569757, 0.0010291468187875487, 0.0003192205327076891, -3.604457053030499e-05, 0.001038641030705061, 0.0012867888025910035, 0.0007341835799765113, 0.0003052252480960836, -9.103458277616432e-05, -0.0011610262458550845, 0.0006625210000625382, -0.0015873378529206196, 0.0004064588121662252, -0.0003214931259831186, -4.331002238528749e-06, 0.0011207673530270583, 0.0004117104327154331, -0.0005309992416843264, -0.00014889685411291994, -0.0004223619460249263, -5.680227974968278e-06, -0.0003266693810304167, -0.0006181307174962958, -0.001249473762571735, -0.0007870435865040951, 0.00012131243176487737, 0.0009332381698652551, -0.0001519298927218291, 0.0001747644243179202, 0.0010578975213539144, 0.0009217871140905878, 0.001479947976781255, 0.0014272868672790511, -0.0006898977378622664, -0.000754577785491034, -4.574127584215917e-05, 0.000390049585964587, -0.0005378100431500188, 0.0009794730395626156, 0.0006681178712488711, 0.0007627086821166738, 0.0010119198596847665, -0.001146577386744187, 8.917184807786252e-05, -0.0006798994169090033, 0.0009436107892038978, 0.0006073032726441033, -0.0005996604465945042, 0.0004517723612686127, 0.0013214732791890108, 0.000614571416997939, 0.0011354447591237393, -0.0012317864387235405, -0.00016221619649829213, -0.002252685816217089, -0.0004697603552783512]"
