TP,FP,TN,FN,precision,recall,F1,AUC_ROC,total_params
9347,1485,12098,3950,0.8629062038404647,0.7029405128976408,0.7747523726141153,0.8487099938951979,445065761
