TP,FP,TN,FN,precision,recall,F1,AUC_ROC,total_params
7314,384,7638,664,0.9501169134840095,0.9167711205815879,0.9331462107180573,0.9911206515999277,0
