TP,FP,TN,FN,precision,recall,F1,AUC_ROC,total_params
7418,318,7656,608,0.9588934850051583,0.9242461998504744,0.9412511102151998,0.993037004578361,0
