TP,FP,TN,FN,precision,recall,F1,AUC_ROC,total_params
20722,738,24919,4821,0.9656104380242267,0.8112594448576879,0.8817309532937773,,
