TP,FP,TN,FN,precision,recall,F1,AUC_ROC,total_params
6101,594,7469,1836,0.9112770724421073,0.7686783419427898,0.8339256423779049,,
