TP,FP,TN,FN,precision,recall,F1,AUC_ROC,total_params
21361,955,24579,4305,0.9572055924000675,0.8322683706070255,0.8903755574509694,,
