TP,FP,TN,FN,precision,recall,F1,AUC_ROC,total_params
1822,4,3187,1387,0.9978094194961118,0.5677781240261587,0.7237338629130285,,
