TP,FP,TN,FN,precision,recall,F1,AUC_ROC,total_params
2830,398,5526,3246,0.8767038413878291,0.46576695194205947,0.6083404986649041,,
