TP,FP,TN,FN,precision,recall,F1,AUC_ROC,total_params
6477,229,7780,1514,0.9658514762898752,0.8105368539606956,0.8814043681887863,,
