TP,FP,TN,FN,precision,recall,F1,AUC_ROC,total_params
5127,288,7367,2578,0.9468144044321155,0.6654120700843522,0.781554878000292,,
