TP,FP,TN,FN,precision,recall,F1,AUC_ROC,total_params
6673,334,7691,1302,0.9523333809047959,0.8367398119122152,0.8908022960388365,,
