TP,FP,TN,FN,precision,recall,F1,AUC_ROC,total_params
10234,157,15221,5108,0.984890770859388,0.6670577499674054,0.7953989040827272,,
