TP,FP,TN,FN,precision,recall,F1,AUC_ROC,total_params
3399,21,7613,4327,0.9938596491227779,0.43994304944343204,0.6099048985757899,,
