TP,FP,TN,FN,precision,recall,F1,AUC_ROC,total_params
3309,23,4741,1527,0.9930972388955284,0.6842431761786459,0.810235063614751,,
