TP,FP,TN,FN,precision,recall,F1,AUC_ROC,total_params
6839,70,11444,4687,0.9898682877406139,0.5933541558216155,0.7419582315777553,,
