TP,FP,TN,FN,precision,recall,F1,AUC_ROC,total_params
22804,1524,24151,2721,0.937356132851032,0.8933986287952953,0.914849657944529,,
