TP,FP,TN,FN,precision,recall,F1,AUC_ROC,total_params
169,64,429,338,0.7253218884117059,0.3333333333332676,0.4567567567134883,,
