TP,FP,TN,FN,precision,recall,F1,AUC_ROC,total_params
20326,706,24819,5349,0.9664321034613876,0.7916650438169395,0.8703620441836888,,
