TP,FP,TN,FN,precision,recall,F1,AUC_ROC,total_params
5189,733,7256,2822,0.8762242485646593,0.6477343652477762,0.7448503552227704,,
