TP,FP,TN,FN,precision,recall,F1,AUC_ROC,total_params
3382,16,7706,4256,0.9952913478516482,0.4427860696517355,0.6129032257638208,,
