TP,FP,TN,FN,precision,recall,F1,AUC_ROC,total_params
22160,1292,24310,3438,0.9449087497867946,0.8656926322368902,0.9035677879215498,,
