TP,FP,TN,FN,precision,recall,F1,AUC_ROC,total_params
4504,664,7322,3510,0.8715170278637602,0.562016471175436,0.6833560915924356,,
