TP,FP,TN,FN,precision,recall,F1,AUC_ROC,total_params
5696,424,7509,2371,0.9307189542483508,0.7060865253501833,0.8029886515333651,,
