TP,FP,TN,FN,precision,recall,F1,AUC_ROC,total_params
6200,638,7336,1826,0.9066978648727565,0.7724894094193774,0.8342303551709755,,
