TP,FP,TN,FN,precision,recall,F1,AUC_ROC,total_params
5669,468,7571,2292,0.9237412416489991,0.7120964702926679,0.8042275499579187,,
