TP,FP,TN,FN,precision,recall,F1,AUC_ROC,total_params
5877,826,7265,2032,0.8767715948082817,0.743077506637998,0.8044073363861358,,
