TP,FP,TN,FN,precision,recall,F1,AUC_ROC,total_params
6273,229,7829,1669,0.9647800676714708,0.7898514228154018,0.8685959567491556,,
