TP,FP,TN,FN,precision,recall,F1,AUC_ROC,total_params
4406,958,7103,3533,0.821401938851588,0.5549817357349722,0.662406975821968,,
