TP,FP,TN,FN,precision,recall,F1,AUC_ROC,total_params
21407,978,24564,4251,0.9563100290372976,0.8343206797100288,0.8911600024479909,,
