TP,FP,TN,FN,precision,recall,F1,AUC_ROC,total_params
20338,728,24765,5369,0.9654419443653235,0.7911463803633222,0.8696470185295835,,
