TP,FP,TN,FN,precision,recall,F1,AUC_ROC,total_params
17041,419,22662,5958,0.9760022909507391,0.7409452584894963,0.8423836475942262,,
