TP,FP,TN,FN,precision,recall,F1,AUC_ROC,total_params
10278,170,15052,5220,0.9837289433384285,0.6631823461091712,0.7922608494084517,,
