TP,FP,TN,FN,precision,recall,F1,AUC_ROC,total_params
5839,584,7422,2155,0.9090767554102303,0.7304228171128255,0.8100159533389434,,
