TP,FP,TN,FN,precision,recall,F1,AUC_ROC,total_params
5739,856,7262,2143,0.8702047005306919,0.7281146917026043,0.7928438211840653,,
