TP,FP,TN,FN,precision,recall,F1,AUC_ROC,total_params
4845,80,6300,1575,0.983756345177645,0.75467289719625,0.8541207579940441,,
