TP,FP,TN,FN,precision,recall,F1,AUC_ROC,total_params
1021,143,1467,569,0.8771477663229487,0.6421383647798338,0.741466957104374,,
