TP,FP,TN,FN,precision,recall,F1,AUC_ROC,total_params
5791,462,7546,2201,0.9261154645769882,0.7245995995995905,0.8130572130079469,,
