TP,FP,TN,FN,precision,recall,F1,AUC_ROC,total_params
1184,167,1421,428,0.8763878608437545,0.7344913151364308,0.7991900100752075,,
