TP,FP,TN,FN,precision,recall,F1,AUC_ROC,total_params
5376,130,7056,1838,0.9763893933890124,0.7452176323814701,0.8452830188188127,,
