TP,FP,TN,FN,precision,recall,F1,AUC_ROC,total_params
5931,463,7531,2075,0.9275883640913211,0.7408193854608951,0.8237499999506152,,
