TP,FP,TN,FN,precision,recall,F1,AUC_ROC,total_params
5061,663,7440,2836,0.884171907756798,0.6408762821324473,0.7431172453811127,,
