model,N,K,soft_output,hard_output,label,correct,morans_I_lambda_1,morans_I_lambda_2
MLP,480,1,0.115701646,0,0.0,True,-0.0036106880220036163,-0.0027436919029589723
MLP,480,1,0.25526997,0,1.0,False,-0.0032231687505869405,-0.0008229583872849504
MLP,480,1,0.13685022,0,0.0,True,-0.0012476228465831021,0.0009497644402921066
MLP,480,1,0.17169227,0,1.0,False,-0.005220696875179587,-0.0024353480885934533
MLP,480,1,0.20285615,0,0.0,True,-0.0015130041670482002,0.00034456704717053115
MLP,480,1,0.12797935,0,0.0,True,0.00014159333677562336,-0.0005027266367354341
MLP,480,1,0.1858137,0,1.0,False,0.002670157007770322,-0.00032686876915475813
MLP,480,1,0.20767994,0,0.0,True,0.0010227713891641328,3.96234593898547e-05
MLP,480,1,0.16597287,0,1.0,False,0.0019430026941023326,0.0009429222640853806
MLP,480,1,0.14647876,0,1.0,False,-0.0020354906365069167,9.578919711385203e-05
MLP,480,1,0.1542885,0,0.0,True,-0.00019812521901677046,0.0012688024333459018
MLP,480,1,0.22643746,0,0.0,True,-0.00010384997810785025,-0.0009441602787103766
MLP,480,1,0.24797781,0,1.0,False,0.0003075008805617842,-0.001224845758308139
MLP,480,1,0.15729435,0,1.0,False,0.0005823533907567848,-0.00012682778164425202
MLP,480,1,0.1680104,0,1.0,False,0.004853682158124155,0.003095475671908721
MLP,480,1,0.30420506,0,1.0,False,-0.0018581218925838353,0.0003343402044992446
MLP,480,1,0.20104763,0,0.0,True,-0.0019659231056491943,-0.0015935379534016306
MLP,480,1,0.21700168,0,1.0,False,0.0018306111249020633,0.0012620380991850678
MLP,480,1,0.11505542,0,0.0,True,-0.0015012167655963358,-0.0007624105811849588
MLP,480,1,0.17627142,0,0.0,True,0.0004164074120191203,0.000821678085945854
MLP,480,1,0.14298508,0,1.0,False,0.002861812028401451,-0.00021774348633158265
MLP,480,1,0.16973116,0,0.0,True,0.00020812905894334083,0.0002911023152362238
MLP,480,1,0.18677536,0,1.0,False,0.003217895175123126,-9.344224924366476e-06
MLP,480,1,0.33910894,0,1.0,False,-0.0010638531179103469,-0.000991066269761761
MLP,480,1,0.24323717,0,0.0,True,1.0363780770150539e-05,-0.001265484821120362
MLP,480,1,0.45734236,0,0.0,True,0.0013530681459278551,0.001419724316232524
MLP,480,1,0.1764008,0,0.0,True,0.0025747832651310467,-0.00041364492733036957
MLP,480,1,0.12983002,0,1.0,False,-0.0026653021532703513,-0.0013357978201239272
MLP,480,1,0.12373542,0,0.0,True,0.00014576826312168975,-0.0011690655845350514
MLP,480,1,0.20834982,0,1.0,False,0.0033908043791279863,0.0005204777243344427
MLP,480,1,0.13735418,0,0.0,True,0.0009220210961689055,0.0017719954732205805
MLP,480,1,0.15330088,0,1.0,False,0.0016694076174518836,0.0018843619472550806
MLP,480,1,0.121301495,0,1.0,False,-0.0030624954893543397,0.0005001269480797848
MLP,480,1,0.39124557,0,0.0,True,0.00015246915595380195,-0.0002173316174137328
MLP,480,1,0.21768373,0,0.0,True,-0.0013611768223745484,-0.0007877252855813684
MLP,480,1,0.15278764,0,1.0,False,0.0028919367078179795,0.0010488635920289317
MLP,480,1,0.20262359,0,0.0,True,0.0010558097231308228,0.00040390226415375967
MLP,480,1,0.13046172,0,1.0,False,-0.004380011875161483,-0.0011758893053482689
MLP,480,1,0.14473808,0,1.0,False,0.002199559595089127,0.0013222711820383979
MLP,480,1,0.13314566,0,1.0,False,-0.0004007379956775835,-0.0019380888629023372
MLP,480,1,0.10571369,0,0.0,True,0.0005029773558768033,0.000660230282441641
MLP,480,1,0.15043727,0,1.0,False,0.00023192404882432642,0.0004416840845940575
MLP,480,1,0.6432719,1,0.0,False,0.0015326623277614846,0.002221582941774089
MLP,480,1,0.41078573,0,0.0,True,-0.00016891633275216474,-0.0010398920842692612
MLP,480,1,0.20003365,0,1.0,False,-0.00013437892274375005,0.0004661250313033427
MLP,480,1,0.15480083,0,1.0,False,-0.0038156531465083,-0.00024962063339892883
MLP,480,1,0.13213365,0,1.0,False,0.0009722951086823814,0.00025524845819381955
MLP,480,1,0.5814188,1,1.0,True,-0.0010760676018656675,-0.0001191889229685965
MLP,480,1,0.15267286,0,1.0,False,-0.0002155516773848815,0.0004811320455701813
MLP,480,1,0.17276558,0,0.0,True,-0.002043213613879038,-0.0016532040245381692
MLP,480,1,0.14254865,0,1.0,False,0.0021998739470609997,0.002010586413052893
MLP,480,1,0.1922282,0,1.0,False,0.000293386465591097,-0.0017826942533151382
MLP,480,1,0.15430188,0,1.0,False,-0.0003490552130253211,0.0004821942728682651
MLP,480,1,0.10949934,0,1.0,False,0.0009388169705820981,0.0005960783838123034
MLP,480,1,0.12096164,0,1.0,False,0.0018100564267125824,0.001903464805088459
MLP,480,1,0.25285038,0,1.0,False,-0.0045272636462479554,-0.002960093772260214
MLP,480,1,0.42787388,0,0.0,True,0.0008592329426954514,4.588142754736874e-05
MLP,480,1,0.15160777,0,1.0,False,-0.0030670422121467085,-0.0014723803017360607
MLP,480,1,0.20500949,0,0.0,True,0.003007763790474065,0.0013869568154520442
MLP,480,1,0.19906461,0,0.0,True,0.0009909569586753965,0.0017275986725618809
MLP,480,1,0.13313484,0,1.0,False,-0.004046280078147729,-0.0006413882619378889
MLP,480,1,0.22316761,0,1.0,False,0.0019821793866693052,6.853891795950324e-05
MLP,480,1,0.18136775,0,0.0,True,0.0019591370216917934,-0.00026819237170333965
MLP,480,1,0.21631645,0,0.0,True,0.002441134232741953,0.002365331869016284
MLP,480,1,0.29886505,0,0.0,True,0.001932967010082513,0.001826650069864769
MLP,480,1,0.17529075,0,1.0,False,-0.001151313925131973,0.0015820656099514603
MLP,480,1,0.20456958,0,0.0,True,-0.001534723549185939,-0.0008483239323571792
MLP,480,1,0.15015143,0,1.0,False,-0.002105277385945351,0.0006005682803475732
MLP,480,1,0.18277001,0,1.0,False,0.001808694045574266,0.0009529590635774567
MLP,480,1,0.16990836,0,0.0,True,0.002003411000524225,0.00015077529914622878
MLP,480,1,0.13854246,0,0.0,True,-0.004315926376953154,-0.0016079266029892967
MLP,480,1,0.12436007,0,1.0,False,-0.0026125318508622465,-0.0016615411964536904
MLP,480,1,0.17745073,0,1.0,False,-0.0026542489774994114,-0.001119982683749806
MLP,480,1,0.14683682,0,1.0,False,0.0023221501872636207,0.0015844048715628722
MLP,480,1,0.15516688,0,0.0,True,-0.0008755948632636199,-0.0007285035410553135
MLP,480,1,0.22098826,0,1.0,False,0.0029686795591949183,0.0020617754608614463
MLP,480,1,0.368773,0,1.0,False,0.00016123051684039917,0.0013717850776241455
MLP,480,1,0.18791689,0,0.0,True,0.0026470743873290414,0.0004030688304863788
MLP,480,1,0.2072652,0,1.0,False,0.00030811956860750264,0.00046950065338855965
MLP,480,1,0.25104362,0,0.0,True,-0.002627516153627721,-0.00016153040962141137
MLP,480,1,0.14419273,0,0.0,True,0.0039032009964990906,0.002683642382224308
MLP,480,1,0.18339138,0,0.0,True,0.0014132603818196826,0.0016325365832560537
MLP,480,1,0.15201458,0,1.0,False,-0.0008723913318468442,5.8718529821939565e-05
MLP,480,1,0.4498077,0,1.0,False,0.0029383858227880542,0.0010999180893136583
MLP,480,1,0.13423891,0,1.0,False,0.003007288458523097,-0.0005030734331938101
MLP,480,1,0.12593949,0,0.0,True,-0.0017623354891758718,-0.00035353649296942504
MLP,480,1,0.5497752,1,0.0,False,0.0014297276931754613,-4.896302019538977e-05
MLP,480,1,0.25786763,0,0.0,True,0.004629017800223217,1.0253484460519544e-05
MLP,480,1,0.17798436,0,1.0,False,2.3759657923051262e-05,-0.00011962499838556097
MLP,480,1,0.14489265,0,0.0,True,0.0003453872352701464,-0.00026374313527483396
MLP,480,1,0.16888972,0,0.0,True,0.0028516460799706566,0.00038243485150707174
MLP,480,1,0.2205595,0,1.0,False,-1.78942078355725e-05,0.0014583578307371732
MLP,480,1,0.15823917,0,1.0,False,-0.0025993700899601237,-0.0016830511324813341
MLP,480,1,0.1499503,0,1.0,False,0.000539168648680472,0.0012407173290443806
MLP,480,1,0.2714375,0,0.0,True,-0.0038131201625886554,-0.0023539670914885878
MLP,480,1,0.13529742,0,1.0,False,-0.0011368427944633698,-0.00010908014982205994
MLP,480,1,0.2334072,0,0.0,True,0.0010138355178523361,0.0023166483443844295
MLP,480,1,0.19304553,0,1.0,False,-0.0014976456600128746,-0.0003627784264974728
MLP,480,1,0.12717053,0,0.0,True,-0.0005418312268223031,0.0010892875613525352
MLP,480,1,0.2080788,0,1.0,False,-0.00048734866699218633,0.00046565476434619373
MLP,480,3,0.12447409,0,1.0,False,-0.0007769883720308224,-0.0008082731754892421
MLP,480,3,0.15637696,0,0.0,True,0.0020178123347977133,0.0011535044385287514
MLP,480,3,0.15749167,0,0.0,True,0.001520908561184839,-0.0004716400829748893
MLP,480,3,0.19255568,0,0.0,True,-0.0003653511154231149,-0.0005268264283789499
MLP,480,3,0.38619214,0,1.0,False,-0.001503610042147481,0.00021876054803767733
MLP,480,3,0.2599968,0,1.0,False,-0.0032389497976527985,-0.003669287300652042
MLP,480,3,0.15229736,0,1.0,False,-0.003157981720138765,-0.0025561126043906444
MLP,480,3,0.20113741,0,1.0,False,0.0015892344861003199,0.0012121985288648333
MLP,480,3,0.11242807,0,0.0,True,-0.0011189914501200514,0.0010304626403087574
MLP,480,3,0.4797371,0,1.0,False,-0.003323281551058125,-0.0015199075434805748
MLP,480,3,0.19560926,0,1.0,False,0.00167763689881103,-0.0003844924709799959
MLP,480,3,0.14978287,0,0.0,True,-0.0007495895589908092,-0.0018214722796904826
MLP,480,3,0.14279683,0,0.0,True,0.0014432525996940053,-0.00062763160887874
MLP,480,3,0.31815693,0,0.0,True,0.0020865832545959194,0.00024705238670562395
MLP,480,3,0.18540522,0,0.0,True,-0.0006990396487726665,-0.0005781416618264516
MLP,480,3,0.3772064,0,1.0,False,0.0006299634094322881,0.0010836073195400182
MLP,480,3,0.30416244,0,1.0,False,0.00013753199936501645,0.0008387168351999568
MLP,480,3,0.22955354,0,1.0,False,0.0012077464485742572,-0.0010547964506005874
MLP,480,3,0.42140985,0,0.0,True,0.0029674426727466586,0.001246396598947522
MLP,480,3,0.17497727,0,0.0,True,0.0009283771496389013,0.0005896865109902775
MLP,480,3,0.1526557,0,1.0,False,-0.0018078818893785178,0.00013672936404523478
MLP,480,3,0.14295125,0,1.0,False,0.0009331466632598183,0.0010823044812134617
MLP,480,3,0.16347879,0,0.0,True,0.00034683029938951064,6.818155577479855e-05
MLP,480,3,0.12892893,0,0.0,True,-0.00031315512570231804,0.0011755467698883282
MLP,480,3,0.17797826,0,0.0,True,-0.0007193969327162528,2.8673618926731374e-05
MLP,480,3,0.13928157,0,0.0,True,-0.0026455127432113805,-0.002486763832998265
MLP,480,3,0.22359762,0,0.0,True,0.0019245541892633,-0.0008079078371732586
MLP,480,3,0.20626894,0,1.0,False,0.0012526050705030233,0.0005747094620206755
MLP,480,3,0.16196601,0,1.0,False,0.0027644138627395906,0.0006034341098108187
MLP,480,3,0.4339873,0,1.0,False,-0.000554138839405667,-0.00046764644224262013
MLP,480,3,0.1265565,0,1.0,False,-0.00119080527577767,0.00010512538526818227
MLP,480,3,0.2982387,0,1.0,False,-0.003106203146702174,-0.0006059942755654349
MLP,480,3,0.17142159,0,0.0,True,0.0019864729990425015,0.0002254997754221288
MLP,480,3,0.14553827,0,1.0,False,-0.0013098216331855932,-0.0010758949158874026
MLP,480,3,0.35395053,0,1.0,False,0.002255376605381091,0.002001159982689766
MLP,480,3,0.17595814,0,1.0,False,-0.0019034063563011345,-0.0013744674257219539
MLP,480,3,0.121201165,0,1.0,False,-0.0011754516484190516,-0.0007839627742722309
MLP,480,3,0.2817347,0,1.0,False,-0.0001130856814319995,-0.00044409734423956336
MLP,480,3,0.1424777,0,1.0,False,-0.0013504957449754459,-0.00038097219635098824
MLP,480,3,0.2131676,0,0.0,True,0.00040542831754491055,-0.0017972079367040282
MLP,480,3,0.15079178,0,0.0,True,-0.001270037187985008,-0.000692292097636944
MLP,480,3,0.12726045,0,0.0,True,0.0008861767554818941,0.0013094149344828197
MLP,480,3,0.1653833,0,0.0,True,-3.599519477336725e-05,0.0011230610258145845
MLP,480,3,0.34295416,0,0.0,True,0.0029039843598097225,0.0015268279999081844
MLP,480,3,0.1254301,0,1.0,False,-0.0018967965451098913,-2.2286755516602892e-05
MLP,480,3,0.23020567,0,1.0,False,-0.0014171161736480965,-0.0017668951863413441
MLP,480,3,0.14324215,0,0.0,True,-0.0029666298020884175,0.0009182728042583918
MLP,480,3,0.16467804,0,0.0,True,0.0031837215131535444,0.0004049176780619966
MLP,480,3,0.23236722,0,1.0,False,0.002252002059371198,0.00117455622795234
MLP,480,3,0.13535748,0,0.0,True,0.0015631470991281048,0.00020212398003924834
MLP,480,3,0.16612624,0,1.0,False,-0.00026967402023939736,0.0007488720137507573
MLP,480,3,0.20058139,0,0.0,True,0.002597249242763331,0.001245462124756669
MLP,480,3,0.17937624,0,1.0,False,0.0019652725181113495,0.0008352953178668964
MLP,480,3,0.1262341,0,1.0,False,0.0017993007483566225,0.0014354823506895307
MLP,480,3,0.14239372,0,0.0,True,-0.0012520205733727316,-0.0015016233635296438
MLP,480,3,0.17012616,0,1.0,False,-0.0008989473099359564,-0.0004168134187854164
MLP,480,3,0.20707835,0,1.0,False,-0.000417927857306729,-0.0007883332690100489
MLP,480,3,0.14857514,0,1.0,False,-0.0025144088418407227,-0.0022165802735129685
MLP,480,3,0.12940887,0,0.0,True,-0.003349154374615779,-0.002320829621605278
MLP,480,3,0.22212505,0,0.0,True,0.00012798810441992008,-0.0009733819493648941
MLP,480,3,0.29387736,0,0.0,True,0.003285895467530503,0.0011821314996831955
MLP,480,3,0.15492076,0,0.0,True,-0.0003827545356227356,0.0002002677320011775
MLP,480,3,0.21591151,0,1.0,False,0.002068850010040787,0.0017053236485430176
MLP,480,3,0.2200274,0,0.0,True,0.000303094859607684,-0.0008242422675584493
MLP,480,3,0.2729101,0,1.0,False,0.001967649557346056,0.0018737052929086652
MLP,480,3,0.1528359,0,0.0,True,-0.0015075220677283308,-0.001326155653057262
MLP,480,3,0.45517847,0,0.0,True,0.002384802709413823,0.0014121493851433724
MLP,480,3,0.17357954,0,0.0,True,0.0027882679685175393,0.0013672385222318493
MLP,480,3,0.16987057,0,0.0,True,0.0014081773305573305,0.0030126469765656043
MLP,480,3,0.1925043,0,1.0,False,0.004427011042725352,0.003721927894497437
MLP,480,3,0.13503447,0,1.0,False,-0.0006352662946664465,-4.3812364239519134e-05
MLP,480,3,0.20320937,0,1.0,False,0.0022671466090223233,0.0020947274478014936
MLP,480,3,0.281358,0,1.0,False,-0.0021794070347837305,-0.0023078872522666587
MLP,480,3,0.24800323,0,0.0,True,0.0006175271485188037,-0.0005094904616944495
MLP,480,3,0.3392216,0,1.0,False,-0.0026742499352383335,-0.0018364686766985763
MLP,480,3,0.21347764,0,0.0,True,0.001256666202203866,-0.00010916876743959296
MLP,480,3,0.17924562,0,0.0,True,-0.0010100461727861987,-0.0025131979462085026
MLP,480,3,0.19061048,0,0.0,True,0.0003380996441520492,-0.0010412875894139542
MLP,480,3,0.18031189,0,1.0,False,0.00015645547735233933,-0.0004137471539552064
MLP,480,3,0.19095582,0,1.0,False,-0.0006006155883291126,-0.0015024208730939441
MLP,480,3,0.15318292,0,1.0,False,-0.00029692807747062807,-0.002047588488133238
MLP,480,3,0.38353217,0,1.0,False,0.0008397554994075317,0.002312023292285739
MLP,480,3,0.21192348,0,0.0,True,-0.0022300481940811397,-0.002184292442948064
MLP,480,3,0.12859713,0,0.0,True,0.0008678115724677635,-0.001656601506297649
MLP,480,3,0.21417794,0,1.0,False,-0.0013261616481119755,-0.0010574239659441784
MLP,480,3,0.22959526,0,1.0,False,-0.0022034235650840893,-0.0020401997045706517
MLP,480,3,0.14660247,0,1.0,False,-0.0016440538809306422,-0.0014542013781492183
MLP,480,3,0.4416985,0,0.0,True,-0.003165006622076267,-0.002715652029520382
MLP,480,3,0.13570273,0,0.0,True,0.0018201938693308492,-0.0006814214816131172
MLP,480,3,0.151034,0,0.0,True,0.0008697050787078418,0.001210243605739236
MLP,480,3,0.17543937,0,0.0,True,0.00036725948583160513,-0.00052490490679979
MLP,480,3,0.25954646,0,1.0,False,0.0009449081694355356,-0.0003472073375322338
MLP,480,3,0.23789392,0,1.0,False,0.002868665559669881,0.002888909366979278
MLP,480,3,0.17972672,0,0.0,True,-2.076617264255259e-05,-0.0012833418255601963
MLP,480,3,0.18733713,0,0.0,True,0.0007853997586334883,0.0003509646363845226
MLP,480,3,0.17683206,0,0.0,True,-0.00306463253783506,-0.0008777450765230901
MLP,480,3,0.15984781,0,0.0,True,0.0009712862009739598,-0.000137842422556776
MLP,480,3,0.12517424,0,0.0,True,-0.002987039807886223,-0.0009566347486606825
MLP,480,3,0.15984732,0,1.0,False,0.0011045166938384472,0.0014103934234493771
MLP,480,3,0.12560421,0,1.0,False,-0.0004344724316353281,0.00020012718825466032
MLP,480,5,0.13655971,0,1.0,False,0.0003043678721399959,-0.0015718303229464668
MLP,480,5,0.23689087,0,1.0,False,0.0007452451258277375,-0.00023369017175185492
MLP,480,5,0.17872685,0,1.0,False,-0.0004116718598335782,-0.0007081996306469463
MLP,480,5,0.13666947,0,1.0,False,0.0026790192025300916,0.0023422456443311745
MLP,480,5,0.30824628,0,0.0,True,0.0005867773025131056,-0.000744772691101391
MLP,480,5,0.13379258,0,0.0,True,-0.0008254303490710761,-4.664738575475379e-05
MLP,480,5,0.15007378,0,0.0,True,-0.001602400950407506,-0.00023252375280231533
MLP,480,5,0.18319124,0,1.0,False,-0.0026631571885928403,-0.0008589824981512973
MLP,480,5,0.17611185,0,0.0,True,-0.0022834943838509845,-0.0006098411540647722
MLP,480,5,0.15719938,0,1.0,False,0.00011250877681406702,0.00140569005080285
MLP,480,5,0.15228386,0,1.0,False,-0.005192329023344811,-0.002358446029863923
MLP,480,5,0.14598005,0,0.0,True,-9.575554497570087e-05,-0.0004224020667305949
MLP,480,5,0.29829773,0,1.0,False,-0.0005145478764971513,-0.0015948428168976096
MLP,480,5,0.18399712,0,0.0,True,0.0006087211752647125,0.0009751099833314842
MLP,480,5,0.22019224,0,1.0,False,-0.0007182454049577697,-0.0019334701445028468
MLP,480,5,0.15514305,0,0.0,True,0.0017739975597863156,0.002272056083320616
MLP,480,5,0.12318971,0,0.0,True,-0.003054246374658244,-0.001063267886367899
MLP,480,5,0.3367231,0,0.0,True,0.00047041896792769834,0.0017203685271008258
MLP,480,5,0.12941113,0,1.0,False,0.0027447208906106134,0.0023859067437176874
MLP,480,5,0.3436459,0,0.0,True,-0.0018305526581298805,-0.0006656731920875485
MLP,480,5,0.21210183,0,0.0,True,-0.0016621281317908672,-0.000993354358751278
MLP,480,5,0.16305675,0,0.0,True,-0.0014164216135026026,-0.001876068353304409
MLP,480,5,0.1131825,0,1.0,False,0.0006257927809866,-0.0001746691313923047
MLP,480,5,0.13712463,0,0.0,True,0.00037584376083693225,0.0008768273777254717
MLP,480,5,0.21430734,0,1.0,False,0.0016710709206423978,1.8297867382599493e-05
MLP,480,5,0.2088061,0,1.0,False,-0.0016915877372540322,-0.0027253122725399252
MLP,480,5,0.16618925,0,1.0,False,-0.0013702729637678642,0.0008835251050092604
MLP,480,5,0.13126431,0,0.0,True,-0.0024008341682633214,-0.004014281496465568
MLP,480,5,0.1540358,0,1.0,False,-0.003137747511432563,-0.0014513990672100259
MLP,480,5,0.2490501,0,0.0,True,-0.0013712360957593005,-0.001033318544291946
MLP,480,5,0.15524761,0,0.0,True,-0.0009300552759134721,-0.0011792741258820731
MLP,480,5,0.17378542,0,1.0,False,-0.0007613166101327147,-0.0011759260976306192
MLP,480,5,0.123320274,0,0.0,True,0.00029616991257486457,0.00014405353207938272
MLP,480,5,0.18774082,0,0.0,True,0.0016607146975152033,0.0011966022381628507
MLP,480,5,0.20063987,0,1.0,False,0.0007113834698705503,-0.001926409617508823
MLP,480,5,0.1486956,0,0.0,True,-0.002875379268676208,-0.0011065165405723337
MLP,480,5,0.25433195,0,1.0,False,-4.3620838658801055e-05,-0.0006363662539782669
MLP,480,5,0.11634324,0,1.0,False,0.001903017701158444,0.001360725977627562
MLP,480,5,0.13210687,0,0.0,True,0.003641654798828511,-1.1831487744000774e-05
MLP,480,5,0.21650378,0,1.0,False,0.0023288730195546565,-0.00036383444503430417
MLP,480,5,0.39458415,0,1.0,False,-0.00014095035049644224,-0.00034571493837513346
MLP,480,5,0.12078234,0,0.0,True,-0.0019946031946155977,-0.0014439562870240661
MLP,480,5,0.3053217,0,0.0,True,-0.0012955548047545843,-0.0007219990692638577
MLP,480,5,0.40330964,0,1.0,False,-0.00225745000662506,0.0002522651926512984
MLP,480,5,0.20250513,0,1.0,False,-0.0021585077822881943,-0.0011375119813083904
MLP,480,5,0.18011682,0,1.0,False,0.0006688638799446625,0.00084386884275738
MLP,480,5,0.2147671,0,0.0,True,0.0020441892832289495,0.0006792058516196447
MLP,480,5,0.35426092,0,0.0,True,-0.0016351898130182042,-0.0004575772866691846
MLP,480,5,0.15581109,0,1.0,False,-0.002063952238296966,-0.0017137551512658713
MLP,480,5,0.17287506,0,0.0,True,0.0024265288133079573,0.0004741969780254743
MLP,480,5,0.14911638,0,0.0,True,0.0011794278537445514,0.0013934821903152394
MLP,480,5,0.11524543,0,0.0,True,-0.000628979942465731,-0.0003858509498927237
MLP,480,5,0.17314202,0,1.0,False,-0.0024419091615848435,-0.0015388539461783373
MLP,480,5,0.17929865,0,1.0,False,-0.0027598311752328806,-0.0016524931393667325
MLP,480,5,0.14314061,0,0.0,True,0.0030425574510538926,-1.971164353804313e-05
MLP,480,5,0.14463934,0,1.0,False,-0.00013937696418563777,-0.0019340432035235178
MLP,480,5,0.12368183,0,1.0,False,0.00022826130558977685,0.0009990149294370736
MLP,480,5,0.1522612,0,0.0,True,-0.0031054510300116372,-0.0004223552052651313
MLP,480,5,0.14683686,0,0.0,True,-0.001404629900197677,-0.00035203513074700345
MLP,480,5,0.17900474,0,0.0,True,-0.00019222126505054611,-0.0004317866576534885
MLP,480,5,0.30864626,0,1.0,False,0.0018393245293655623,0.000748401466623817
MLP,480,5,0.46455324,0,1.0,False,0.0004906408198825031,0.0008441486568452406
MLP,480,5,0.332924,0,0.0,True,-0.0012884207282880995,-0.00020564581495910596
MLP,480,5,0.20026758,0,1.0,False,0.0001448989903147891,0.000350645743339652
MLP,480,5,0.24845682,0,1.0,False,-0.002164512519502152,-0.0013528691879427183
MLP,480,5,0.41347414,0,1.0,False,-0.0009702893662200024,-0.00204179202143673
MLP,480,5,0.15917058,0,0.0,True,0.0023701184993763676,0.002913146691449493
MLP,480,5,0.25296468,0,1.0,False,-0.005875486331255131,-0.002746982503375506
MLP,480,5,0.21954696,0,1.0,False,-0.0015884956963529756,9.899305890658955e-05
MLP,480,5,0.19113508,0,1.0,False,0.0026138781233714073,0.00012671245445756518
MLP,480,5,0.1674482,0,0.0,True,0.0022795577643561233,0.0016639908446805548
MLP,480,5,0.15990858,0,0.0,True,0.0010930314939515413,-0.0008348513476085514
MLP,480,5,0.14856339,0,0.0,True,0.0013101224423824457,-0.00019056764920380177
MLP,480,5,0.17325167,0,1.0,False,0.002150240470152972,0.00038042851050009487
MLP,480,5,0.17009127,0,1.0,False,-0.0011436686677336813,-0.001384656458629878
MLP,480,5,0.14318478,0,1.0,False,0.0009017480461802534,0.0011034643741286451
MLP,480,5,0.2938482,0,1.0,False,-0.0029576657310540983,-0.0007054238779953577
MLP,480,5,0.16118681,0,0.0,True,0.0007091159630777317,-0.00048756760056920906
MLP,480,5,0.18014108,0,0.0,True,-0.004159388751901705,-0.0017953425514848958
MLP,480,5,0.27380013,0,0.0,True,0.0006062785263834857,-3.325055254498563e-05
MLP,480,5,0.15647891,0,1.0,False,-0.0007582536413281059,6.387683594699207e-05
MLP,480,5,0.10628022,0,0.0,True,0.004886531861679576,0.002945263805571873
MLP,480,5,0.15414794,0,0.0,True,0.0010768441152119066,0.001056192584072598
MLP,480,5,0.1765927,0,1.0,False,-0.0006106713766311468,-0.0001801832744040917
MLP,480,5,0.14800291,0,0.0,True,0.0014955343332303283,0.0017452114288999119
MLP,480,5,0.39607447,0,1.0,False,0.0003295326756377448,0.001701367609742489
MLP,480,5,0.16342893,0,0.0,True,0.0015830940977828239,4.346976597011748e-05
MLP,480,5,0.18785155,0,0.0,True,-0.0005730359071352085,-0.0011267032775903383
MLP,480,5,0.23159571,0,0.0,True,-0.0007225825329708731,-0.0007581693406045992
MLP,480,5,0.20411848,0,1.0,False,-0.0023665627270833337,-0.00039237196877116846
MLP,480,5,0.15618828,0,0.0,True,1.4056109091929717e-06,0.0007153491452289518
MLP,480,5,0.12110743,0,1.0,False,0.00016522224026687456,0.00047016308242140494
MLP,480,5,0.16191803,0,0.0,True,-0.00042689184969216807,-0.0003185262599693286
MLP,480,5,0.2369772,0,0.0,True,0.004971018646011624,0.002638131763047278
MLP,480,5,0.20912866,0,1.0,False,0.0001956801227232189,0.00011322565419539463
MLP,480,5,0.18789725,0,0.0,True,-0.00145097752681822,-0.0014655513436604786
MLP,480,5,0.13862897,0,0.0,True,-0.00030265745781907547,0.0008160789953997994
MLP,480,5,0.1794909,0,1.0,False,0.0006512849547907792,0.0022541859645036338
MLP,480,5,0.29143363,0,0.0,True,0.0026302596841170094,0.0014313237109643618
MLP,480,5,0.19020648,0,0.0,True,-0.003506133417233885,-0.0020251050931934466
MLP,480,6,0.15303294,0,1.0,False,0.0008262180537228932,0.001384381759239185
MLP,480,6,0.19444744,0,1.0,False,-0.0033660055776484404,-0.0025106268272997927
MLP,480,6,0.297324,0,0.0,True,-0.00230600875816857,0.0011835011313895258
MLP,480,6,0.16631351,0,0.0,True,-0.0002881405891264626,-0.0004321364015505735
MLP,480,6,0.16291243,0,0.0,True,-0.002688214405903956,-0.0021554935872079256
MLP,480,6,0.26033857,0,0.0,True,-0.00019945023699102527,0.0022693465286610544
MLP,480,6,0.22726475,0,0.0,True,-0.0005190922245839003,-0.0010206733973879927
MLP,480,6,0.14003994,0,0.0,True,0.0021378590174984144,0.0022881880181030846
MLP,480,6,0.41229644,0,0.0,True,-0.002315960521802091,0.00018515192451991293
MLP,480,6,0.12554874,0,1.0,False,0.003701387638608504,0.00243789354906202
MLP,480,6,0.15910845,0,1.0,False,-0.0031142605427174662,-0.0010233076629589165
MLP,480,6,0.13347332,0,0.0,True,0.0002394913615097514,-0.0006264764793518105
MLP,480,6,0.2244424,0,0.0,True,-0.002089456673164459,2.4337924969700515e-05
MLP,480,6,0.1341432,0,0.0,True,0.0008575604724929661,-0.00026047440170862
MLP,480,6,0.14976673,0,0.0,True,-0.002664494885776709,-0.00045141188814585534
MLP,480,6,0.31676215,0,1.0,False,-0.0024026788302711224,-0.0016475408052134854
MLP,480,6,0.14981401,0,1.0,False,0.0007549596883491893,0.002375406674854395
MLP,480,6,0.16407225,0,0.0,True,-0.000661889508755153,0.00020824991179427735
MLP,480,6,0.12183201,0,0.0,True,-0.0019145892085335,-0.0011154469492806929
MLP,480,6,0.15385816,0,1.0,False,0.0019939006072743275,0.0003373309149155831
MLP,480,6,0.15716745,0,1.0,False,0.0006350042236090024,0.0021290441909759665
MLP,480,6,0.21202633,0,0.0,True,0.0009384824965768543,0.0020409779500226233
MLP,480,6,0.15791722,0,0.0,True,0.0008176745047547831,0.001166839460830623
MLP,480,6,0.13526225,0,0.0,True,-0.0028621800520345665,-0.002381932731022395
MLP,480,6,0.1377281,0,1.0,False,-0.0027335677467953986,-0.0021663263165596774
MLP,480,6,0.13414726,0,0.0,True,-0.0041426415576713916,-0.0026971381249025414
MLP,480,6,0.2952489,0,0.0,True,-0.0015060946346559067,-0.0006458840661924939
MLP,480,6,0.15242884,0,1.0,False,0.00042565633741014936,0.0013229685687423018
MLP,480,6,0.16302972,0,1.0,False,0.004904476737634442,0.0030417557311503943
MLP,480,6,0.14067009,0,0.0,True,0.0002609579089150502,-9.578908443263077e-05
MLP,480,6,0.17950039,0,1.0,False,-0.001455846503977271,0.00013615547939481405
MLP,480,6,0.12651795,0,1.0,False,0.0013656928676050954,0.0006443744792127337
MLP,480,6,0.15443175,0,0.0,True,0.00041675787683652875,0.00019896493159758563
MLP,480,6,0.18516858,0,1.0,False,0.001844134793834958,0.0001698108890909148
MLP,480,6,0.1727189,0,0.0,True,-0.0005011958676597293,-0.00041429559007879135
MLP,480,6,0.11635213,0,0.0,True,-0.0024670451070159735,-0.002417421617307544
MLP,480,6,0.20066221,0,1.0,False,-0.0008709573345902493,0.0012790367421682027
MLP,480,6,0.22093196,0,1.0,False,0.0016825955352785318,0.0015233429186119172
MLP,480,6,0.16576014,0,0.0,True,-0.005410655264939183,-0.003966467021729441
MLP,480,6,0.13042629,0,1.0,False,0.002182008089195744,0.0007383611826545962
MLP,480,6,0.20490825,0,0.0,True,0.0023485622044095832,0.002003893345465933
MLP,480,6,0.28276965,0,0.0,True,-0.003115668239690998,-0.0012988871563576717
MLP,480,6,0.23866308,0,1.0,False,-0.0009356300258701542,-0.0001529981526107563
MLP,480,6,0.14663714,0,0.0,True,0.0038679700376552354,0.0025267372862250747
MLP,480,6,0.1989016,0,0.0,True,-0.0002592754171384317,0.00040647143360320477
MLP,480,6,0.16241996,0,0.0,True,-0.0006364784048447598,-0.0019388837627655653
MLP,480,6,0.15156959,0,1.0,False,0.0028003899233468806,0.0014362285213997065
MLP,480,6,0.17399059,0,1.0,False,-2.8806873783373908e-05,0.0001190594684709996
MLP,480,6,0.14539722,0,1.0,False,0.000253738887833688,0.0007371978695829833
MLP,480,6,0.19028617,0,0.0,True,-0.0033062677267267394,-0.0029875001155016323
MLP,480,6,0.17275418,0,0.0,True,0.0009017183561537119,0.0026485612212857217
MLP,480,6,0.24223468,0,1.0,False,0.0025861181165310254,0.0026365339667036194
MLP,480,6,0.20398523,0,0.0,True,-0.004231397455730307,-0.0016148992704998505
MLP,480,6,0.21804516,0,1.0,False,0.00011101050579355936,-0.0012165933560424915
MLP,480,6,0.12838428,0,0.0,True,-0.0009603908405089901,0.000492956273813739
MLP,480,6,0.31834945,0,1.0,False,0.0018050831506363418,-0.0007616925765099823
MLP,480,6,0.45063645,0,0.0,True,-0.0016649777427969496,-0.0006611022052601746
MLP,480,6,0.10788448,0,0.0,True,-0.0029740660709969623,-0.0018670134053215587
MLP,480,6,0.15813337,0,0.0,True,0.0006483138168830739,0.0014152389042264137
MLP,480,6,0.20986183,0,1.0,False,0.005038646104946728,0.0019047033958817985
MLP,480,6,0.1563062,0,0.0,True,0.0018223254241626643,0.0016892592025083448
MLP,480,6,0.16313332,0,1.0,False,0.0009297674631380314,0.00051706261960661
MLP,480,6,0.21405028,0,0.0,True,-0.0020047599651235684,-0.002677326073822112
MLP,480,6,0.1544135,0,0.0,True,0.0036699630355941037,0.0019627315769070175
MLP,480,6,0.27849302,0,1.0,False,-0.0002035602331662817,0.000292544775977716
MLP,480,6,0.24560435,0,1.0,False,0.0003071853325554204,-0.00017571270780484668
MLP,480,6,0.16048217,0,0.0,True,0.0012633684688148742,0.0014259935474080882
MLP,480,6,0.13641125,0,1.0,False,-0.000904674630513647,-0.0010275323474000866
MLP,480,6,0.12647803,0,1.0,False,0.000771488516118569,0.0025049578507727586
MLP,480,6,0.17707016,0,0.0,True,-0.0036535984227488816,-0.00121057506684745
MLP,480,6,0.33776453,0,1.0,False,0.0050086063395431025,0.0042343693305873275
MLP,480,6,0.14487016,0,1.0,False,-0.0022700772152473513,-0.003094869028227198
MLP,480,6,0.21479546,0,0.0,True,0.0030893864701066137,0.000379989058620916
MLP,480,6,0.15860386,0,1.0,False,0.0012909748691869896,0.0007698498264811135
MLP,480,6,0.12920563,0,1.0,False,-0.00048105221419772264,-0.000942912819596605
MLP,480,6,0.13062015,0,0.0,True,-0.002392817455566139,-0.0026653100688951207
MLP,480,6,0.14844064,0,0.0,True,-0.0002990718687581136,-0.0005781964135305372
MLP,480,6,0.19331302,0,0.0,True,0.0019363090410613436,0.0006629806644446054
MLP,480,6,0.13708746,0,1.0,False,-0.0002604441152077464,-0.0012102407929396658
MLP,480,6,0.14679858,0,1.0,False,0.0019211077622118943,-0.0002624311237147166
MLP,480,6,0.18894634,0,1.0,False,-0.0002779713701498193,-0.0008573779410631429
MLP,480,6,0.23247084,0,1.0,False,-0.0019640318688895395,2.1519544608306207e-06
MLP,480,6,0.18215688,0,0.0,True,-0.0007809643369445902,-0.0009425120760169081
MLP,480,6,0.15497985,0,1.0,False,0.0024513100043510603,0.0009728135720474995
MLP,480,6,0.2269844,0,1.0,False,0.00015619856543053938,-0.001346098729311383
MLP,480,6,0.1496719,0,0.0,True,-0.0013018052570650045,-0.0012816529242497684
MLP,480,6,0.14585748,0,0.0,True,0.000452122396157168,-0.0006533738361509831
MLP,480,6,0.21012972,0,1.0,False,0.0001995306211769679,0.001222893606176097
MLP,480,6,0.16129078,0,0.0,True,-0.0023505201566539386,-0.0013427991418195192
MLP,480,6,0.21054056,0,1.0,False,-0.002373702317184669,-0.0003517714183939451
MLP,480,6,0.18048841,0,0.0,True,-0.0006790694078926494,0.0008702651299501381
MLP,480,6,0.15742306,0,1.0,False,-0.0013224446011148732,-0.0013325209131760806
MLP,480,6,0.19521011,0,0.0,True,-0.008071894231414006,-0.0023329478130635762
MLP,480,6,0.13805151,0,0.0,True,0.0025370883977450403,0.0015165352915131871
MLP,480,6,0.11694671,0,0.0,True,-0.000545122543509632,7.69619068736816e-05
MLP,480,6,0.23749696,0,1.0,False,-0.001439413310979946,0.0008405227417222493
MLP,480,6,0.1803517,0,0.0,True,0.001588262972035353,0.0005754768787559052
MLP,480,6,0.1819835,0,1.0,False,0.0015720115975258078,0.0004368033391139141
MLP,480,6,0.1390521,0,1.0,False,-0.0006556834157238867,0.0020343874348052707
MLP,480,6,0.28100464,0,1.0,False,-0.0019497090751097788,-0.0007282892535789618
MLP,480,8,0.20585349,0,1.0,False,-0.00048089144457731154,-4.6129130148801565e-05
MLP,480,8,0.2497799,0,1.0,False,0.0023710617601218646,0.000910724546690317
MLP,480,8,0.17100187,0,0.0,True,-0.0014073212748544398,-2.883792744539867e-05
MLP,480,8,0.19002178,0,0.0,True,-0.0016645838268441497,0.0016381826186644916
MLP,480,8,0.18786943,0,0.0,True,0.0015814859074030304,0.0006122032324397707
MLP,480,8,0.27094012,0,1.0,False,0.0013426019963555668,0.0008650478332494108
MLP,480,8,0.17569757,0,1.0,False,0.0037568679857915687,0.0002428271560205144
MLP,480,8,0.20465797,0,0.0,True,-0.0010177466628048084,-0.0016936620318180017
MLP,480,8,0.19522569,0,0.0,True,-0.0006296752512450079,-6.423293980615037e-05
MLP,480,8,0.11482176,0,1.0,False,-0.00010058559372807906,0.0005654176214474336
MLP,480,8,0.21545549,0,1.0,False,-0.00259224415569908,-0.00023079877495130148
MLP,480,8,0.31097636,0,0.0,True,0.0010080172214148686,0.003225397109490608
MLP,480,8,0.17616555,0,0.0,True,-0.003481468680130956,-0.0026837731206686725
MLP,480,8,0.17717952,0,1.0,False,0.0017246326402355306,0.0005122337025321185
MLP,480,8,0.52132946,1,0.0,False,0.0010916876447973451,0.0024558473259355153
MLP,480,8,0.17630808,0,0.0,True,0.0027605144066015484,0.002371686277872751
MLP,480,8,0.1779303,0,1.0,False,4.303366106029494e-05,0.001310061261962219
MLP,480,8,0.17973717,0,0.0,True,0.001061978673779394,-0.00039554306654216375
MLP,480,8,0.10508379,0,0.0,True,0.001048470833929112,-0.00022619841108192945
MLP,480,8,0.16683942,0,1.0,False,-0.0011231205826306245,-3.590483946247233e-05
MLP,480,8,0.16345274,0,0.0,True,-0.00038318888239573365,-3.092196357737742e-05
MLP,480,8,0.11280571,0,0.0,True,7.619845351710606e-05,0.00024201574913867787
MLP,480,8,0.38681573,0,1.0,False,-0.0030706534254449336,-0.0013105534412535867
MLP,480,8,0.12741831,0,0.0,True,0.0024764126897382117,9.294789764453263e-05
MLP,480,8,0.15929873,0,1.0,False,0.0002849170711465403,7.158027983447202e-05
MLP,480,8,0.21462467,0,1.0,False,0.0003654299910453179,6.0923938471899814e-05
MLP,480,8,0.1585269,0,0.0,True,-0.002509161874822456,-0.0021373694469946428
MLP,480,8,0.12533362,0,0.0,True,-0.0007889658320054578,-0.0011941768244351579
MLP,480,8,0.15584986,0,0.0,True,-0.0005528096367593777,0.0003044700357691573
MLP,480,8,0.13792284,0,0.0,True,-0.0021662997095857656,-0.0019243955433028337
MLP,480,8,0.14639984,0,1.0,False,-0.0006785394872057608,-0.000622631516989667
MLP,480,8,0.16870996,0,0.0,True,-0.004823896211820258,-0.004423438676141946
MLP,480,8,0.13935132,0,1.0,False,-0.002713990500097099,-0.0011799074670612454
MLP,480,8,0.13103744,0,0.0,True,-0.003072474736963856,-0.0016518636833306307
MLP,480,8,0.15237032,0,0.0,True,-0.0011273085479930787,-0.0004536264607364911
MLP,480,8,0.2803037,0,1.0,False,-0.00035008304783061366,0.0007858961438626151
MLP,480,8,0.18464254,0,1.0,False,0.0021657561946460463,0.001349479893297735
MLP,480,8,0.11653849,0,1.0,False,-0.0025144847482988,-0.0006885078085639987
MLP,480,8,0.14597832,0,1.0,False,-0.0008058809730596212,0.0005518343077606545
MLP,480,8,0.127645,0,0.0,True,0.0018781762549041116,0.0013140397066796154
MLP,480,8,0.17047109,0,0.0,True,-0.00016706193864005016,-0.0003618778455656739
MLP,480,8,0.1533163,0,0.0,True,-0.00541154619210284,-0.0020646048870896746
MLP,480,8,0.25562337,0,0.0,True,0.0035037930430213728,-0.00027208585853672856
MLP,480,8,0.1318144,0,0.0,True,0.000617305021030246,0.0001865277261076596
MLP,480,8,0.19965257,0,0.0,True,-0.0008098672807847332,-0.0011723309324252304
MLP,480,8,0.138193,0,0.0,True,0.0028751552467099484,0.00029177956047715724
MLP,480,8,0.14892103,0,0.0,True,-0.0006721532967529454,-0.0014739999656746105
MLP,480,8,0.26096994,0,1.0,False,0.0005554983915941821,0.0013134166311021545
MLP,480,8,0.61056453,1,1.0,True,-0.0026300944413984134,-0.0006822055431190644
MLP,480,8,0.13176242,0,1.0,False,0.0017565482712904432,0.0017714889852698712
MLP,480,8,0.3157552,0,0.0,True,-0.0011892599330090383,-0.0007290161747489503
MLP,480,8,0.274228,0,0.0,True,0.0012269582117189694,0.0013978382834690867
MLP,480,8,0.1676312,0,1.0,False,0.0008076299767739238,-0.00038888321752596943
MLP,480,8,0.15705365,0,0.0,True,-0.0003653908930454174,0.0009491181784021149
MLP,480,8,0.13441359,0,1.0,False,0.0011293154194081164,-8.451411360586544e-05
MLP,480,8,0.1792974,0,1.0,False,-0.002013671100675096,-0.002211605623851838
MLP,480,8,0.20919757,0,0.0,True,-0.0010612978025865613,-0.0005921987281833601
MLP,480,8,0.1317501,0,0.0,True,0.0025462041637990002,0.001460388991086461
MLP,480,8,0.1954785,0,1.0,False,0.005202067370359595,0.0026988370275250915
MLP,480,8,0.17220183,0,1.0,False,0.001125537845596123,-7.40797551984723e-05
MLP,480,8,0.11128383,0,1.0,False,-0.0014440166492897058,-0.00042176732258041586
MLP,480,8,0.16969095,0,1.0,False,-2.328439035521305e-05,-0.0003674146103406525
MLP,480,8,0.13418984,0,1.0,False,4.014097772259063e-05,9.705621440188488e-05
MLP,480,8,0.29145122,0,0.0,True,0.0005560898721480037,0.0016234223470124385
MLP,480,8,0.42126518,0,0.0,True,0.0003661890329200262,0.0018989782288365443
MLP,480,8,0.46510372,0,0.0,True,0.001530963064282749,-0.00010449834891083883
MLP,480,8,0.1666117,0,1.0,False,0.002041275965342489,8.794817560806125e-05
MLP,480,8,0.22478607,0,1.0,False,0.0007133300113228428,6.999942002975739e-05
MLP,480,8,0.3211425,0,0.0,True,0.00016225544221469467,-9.012710916312942e-05
MLP,480,8,0.21704067,0,1.0,False,-0.0016311172925118735,0.0008880492878510739
MLP,480,8,0.182435,0,1.0,False,0.00015114778471680414,-0.002082086244930951
MLP,480,8,0.17564055,0,1.0,False,0.001749778283817761,0.0007107289331619445
MLP,480,8,0.13841817,0,0.0,True,0.0011395267919276269,-0.001445489376523859
MLP,480,8,0.26279166,0,1.0,False,0.0025927085008997574,7.01597205514447e-05
MLP,480,8,0.21294822,0,1.0,False,-0.0010253541242605734,-0.0015526899846544657
MLP,480,8,0.18752185,0,1.0,False,0.0029884922782740615,0.002029338578057385
MLP,480,8,0.15826124,0,0.0,True,-0.00035759986101887843,0.0004737314023079098
MLP,480,8,0.17720567,0,0.0,True,-0.0019496053075289854,-0.0009983843973813225
MLP,480,8,0.13587357,0,0.0,True,-0.0012005873592074497,-0.0018681611188067536
MLP,480,8,0.18830353,0,0.0,True,-0.0014319967141524829,-0.0014082738871031076
MLP,480,8,0.18241961,0,1.0,False,-0.001963329512133854,-0.0008640724758119673
MLP,480,8,0.16182432,0,0.0,True,-0.0023152455192277737,-0.002979573321239654
MLP,480,8,0.16253223,0,1.0,False,0.0014176174374290456,0.001271080420652707
MLP,480,8,0.15862128,0,0.0,True,-0.000841708236584061,0.0014518612405851278
MLP,480,8,0.1422926,0,1.0,False,-0.0033166922456832107,-0.0020660328803895306
MLP,480,8,0.19615433,0,0.0,True,0.0001456572315156243,-0.00039823170240483273
MLP,480,8,0.18438801,0,0.0,True,-0.0026785537832970264,-0.0012268657845273155
MLP,480,8,0.15243031,0,0.0,True,-0.0007666937167508473,-5.051322377334352e-06
MLP,480,8,0.2603163,0,1.0,False,-0.0007436043564244628,0.0006658913196737202
MLP,480,8,0.13740675,0,0.0,True,0.0002940252069213899,-0.0010297489955126752
MLP,480,8,0.14811318,0,0.0,True,-0.0028357883885017144,-0.001227813418651559
MLP,480,8,0.14260921,0,1.0,False,-0.003923288944448135,-0.0020201486586219355
MLP,480,8,0.3636206,0,1.0,False,-0.0012599967788616926,-0.0011826820146111658
MLP,480,8,0.46523058,0,1.0,False,0.0014973860989308395,-0.0009481990504027789
MLP,480,8,0.16932645,0,0.0,True,-0.0005708148091924192,0.001204801401155461
MLP,480,8,0.14610939,0,1.0,False,-0.00020008864260829387,-0.001062358544319047
MLP,480,8,0.26081833,0,1.0,False,0.00038270573227262313,-0.00023949859048107245
MLP,480,8,0.17421904,0,0.0,True,-0.0018896095902892764,-0.000846271039458853
MLP,480,8,0.12699029,0,0.0,True,-0.0001788833401676492,0.001523208764150215
MLP,480,8,0.1890247,0,1.0,False,0.00011181308087720446,0.0007518244081727447
MLP,480,10,0.31385282,0,1.0,False,-0.003912175913841253,-0.0030064627550860324
MLP,480,10,0.23013937,0,0.0,True,0.003343316510206793,0.003360942942136157
MLP,480,10,0.14007637,0,0.0,True,-0.0020615927596309637,-0.0016327010237057974
MLP,480,10,0.25904378,0,1.0,False,0.002755026773945638,0.000985846120224535
MLP,480,10,0.38502616,0,0.0,True,0.0024443121538018117,0.0023118937782163934
MLP,480,10,0.13494062,0,1.0,False,0.003557129436695197,0.003486705769786744
MLP,480,10,0.12568204,0,0.0,True,0.0004357135851051719,-0.0009262146549773774
MLP,480,10,0.11181874,0,0.0,True,0.0027669328432349005,-0.00029531777125801277
MLP,480,10,0.29236862,0,1.0,False,4.249473448119249e-05,0.0015664301071762732
MLP,480,10,0.11892408,0,0.0,True,-0.0018702149732806048,-0.0005964824410523729
MLP,480,10,0.32218987,0,1.0,False,-0.0009208363646462819,0.0007849043065451476
MLP,480,10,0.16666801,0,0.0,True,-0.0012196799924383236,0.0010690756057013654
MLP,480,10,0.13858339,0,0.0,True,-0.0032378128867805336,-0.0007594470772183431
MLP,480,10,0.17649622,0,0.0,True,0.0014259906871605158,-0.0006057740367689997
MLP,480,10,0.13212454,0,1.0,False,-0.0004523684039124766,-0.0002401373352581557
MLP,480,10,0.18163316,0,1.0,False,0.00012201540981873108,-0.00019119511589656233
MLP,480,10,0.16872883,0,0.0,True,0.0004834588417864451,0.0001922206651685419
MLP,480,10,0.1911072,0,0.0,True,-0.00015664306498668092,-0.0007141314511301313
MLP,480,10,0.16559248,0,1.0,False,0.00038156002406479565,-5.505296885118364e-06
MLP,480,10,0.1464675,0,1.0,False,0.0002591053034846861,-0.0014994870940797046
MLP,480,10,0.26168773,0,0.0,True,-0.0002002410680765886,-0.0010886536473856665
MLP,480,10,0.29534334,0,0.0,True,0.0019041543147923566,0.0010527655590279004
MLP,480,10,0.18382366,0,1.0,False,-0.0005045740828708029,0.00328713726870921
MLP,480,10,0.24272826,0,0.0,True,-0.0009189754376396743,-0.0011590791798844508
MLP,480,10,0.29277796,0,0.0,True,0.00018378887008797804,0.0010330497012653352
MLP,480,10,0.2366959,0,0.0,True,0.002007545320394943,0.0009560099401331395
MLP,480,10,0.13933665,0,0.0,True,-0.00023184757533852032,-0.0006760276213229187
MLP,480,10,0.1812596,0,0.0,True,0.002103030436920827,0.0007336767558159319
MLP,480,10,0.60698164,1,1.0,True,-0.0010681434668055228,-0.001404272599178844
MLP,480,10,0.17246866,0,1.0,False,-0.0038361117120714874,-0.0019810176718944262
MLP,480,10,0.20851889,0,1.0,False,0.000463822770159615,-0.0006374777123949163
MLP,480,10,0.3948729,0,0.0,True,-0.0018539743100324732,-0.001916710428629899
MLP,480,10,0.18200555,0,1.0,False,-0.0020371174828097555,-0.0008593010693461258
MLP,480,10,0.11657703,0,1.0,False,-0.002755688238048328,-0.0017836043253720208
MLP,480,10,0.24205814,0,1.0,False,0.0010822839961031193,-0.0004184634585342686
MLP,480,10,0.14567395,0,0.0,True,0.002432613231335986,0.0038589619581298183
MLP,480,10,0.11671293,0,0.0,True,0.00043353826369387535,0.00024337775272208163
MLP,480,10,0.45933902,0,0.0,True,0.0010407998311001193,-0.0007126645894772511
MLP,480,10,0.18805405,0,1.0,False,-0.0025472052492038384,-0.0038126748285273833
MLP,480,10,0.25339153,0,1.0,False,0.005636584256978873,0.002485886216965417
MLP,480,10,0.14005324,0,0.0,True,-8.276736032564423e-05,0.0006446060123221994
MLP,480,10,0.48610923,0,1.0,False,-0.0011310284343938038,-0.0007316276607222457
MLP,480,10,0.118665814,0,0.0,True,-0.00458430559120382,-0.004262544448664634
MLP,480,10,0.3327033,0,0.0,True,-0.002895706266778615,-0.0001906243704138174
MLP,480,10,0.12818134,0,0.0,True,-0.00020009816574069055,6.090988001704721e-05
MLP,480,10,0.14014773,0,1.0,False,-0.002658355771517535,-0.0016901698766513364
MLP,480,10,0.15783562,0,0.0,True,0.0024302802249048564,0.002907694946191887
MLP,480,10,0.15683794,0,0.0,True,-0.0010972520380248827,-0.0006365120880455831
MLP,480,10,0.25621983,0,0.0,True,0.0027539307796270803,0.002282386980473741
MLP,480,10,0.15043059,0,0.0,True,-0.0007784627209116514,-7.357409498789636e-05
MLP,480,10,0.15865907,0,1.0,False,-0.0017160507137902665,-0.0010213922761512905
MLP,480,10,0.2296838,0,0.0,True,0.0012345814757202672,0.00021690555751562862
MLP,480,10,0.22966002,0,1.0,False,0.0012561606246392842,0.0037524168990660275
MLP,480,10,0.14292951,0,1.0,False,-0.001767956992068445,-0.00011971224301681896
MLP,480,10,0.23420164,0,1.0,False,-0.001104776668830103,8.703304733752748e-05
MLP,480,10,0.13971214,0,0.0,True,0.002492438325510516,0.0018202142251070332
MLP,480,10,0.21157579,0,0.0,True,0.002569605255787817,0.001288602912558505
MLP,480,10,0.17861593,0,0.0,True,-0.002053343509855688,-0.0008715695490483591
MLP,480,10,0.17950413,0,1.0,False,0.001504873826709936,0.0002220505604116889
MLP,480,10,0.18444307,0,0.0,True,0.0002447657852055678,-0.0011608781690154296
MLP,480,10,0.16795422,0,0.0,True,-0.004106571535570158,-0.0026565813399304712
MLP,480,10,0.37878177,0,1.0,False,-0.0033846280847955467,-0.0029135454485865525
MLP,480,10,0.17914763,0,0.0,True,0.0015860414323804713,0.002937425109317952
MLP,480,10,0.23787126,0,0.0,True,0.00030079260128049943,-0.0013142002223772587
MLP,480,10,0.17467174,0,1.0,False,-0.00024279394189912092,-0.0006002594679468958
MLP,480,10,0.19011293,0,0.0,True,0.0004533891923538357,5.7756936063867695e-05
MLP,480,10,0.22609255,0,1.0,False,-0.0001325772087770439,0.0014871143955499933
MLP,480,10,0.35593188,0,0.0,True,0.0023796097631698966,-0.00012562949102260226
MLP,480,10,0.42569864,0,0.0,True,0.002503590136806162,0.0017313036733279587
MLP,480,10,0.14881672,0,1.0,False,-0.0027575243815020386,3.094687738437517e-05
MLP,480,10,0.16363476,0,0.0,True,-0.0003656291160451502,-0.00046201480670076176
MLP,480,10,0.1327444,0,1.0,False,-0.0030017255387242165,-0.0007186585675936216
MLP,480,10,0.14341745,0,0.0,True,-0.0003110627982902537,0.0009556501079801641
MLP,480,10,0.17418963,0,0.0,True,0.0009116003364814928,0.0013652408386494138
MLP,480,10,0.1924112,0,0.0,True,-0.003066011048447411,-0.0016629917733114131
MLP,480,10,0.13649933,0,1.0,False,-0.0029354108731545194,-0.0033045121378607557
MLP,480,10,0.15742739,0,0.0,True,-0.00047296316931491383,-0.0006955196979400573
MLP,480,10,0.33751264,0,0.0,True,0.00010420443404568384,-0.0005095994845300797
MLP,480,10,0.3511878,0,0.0,True,0.0007389596977864849,0.0008223776845790926
MLP,480,10,0.22655763,0,0.0,True,0.0017483854220072983,-0.000609575716326873
MLP,480,10,0.12365445,0,1.0,False,0.003083618785963369,0.0017157370731304634
MLP,480,10,0.17005175,0,0.0,True,-0.00375944771619637,-0.0019432836267103276
MLP,480,10,0.14867797,0,0.0,True,0.0007169383872810553,0.000887553790293072
MLP,480,10,0.14873132,0,1.0,False,0.0022255487253058765,0.0028331921515912257
MLP,480,10,0.20920502,0,0.0,True,-0.0016390867870081432,-0.0004125091722011733
MLP,480,10,0.20769747,0,0.0,True,-0.0016305723540233064,-0.001179524831241935
MLP,480,10,0.12366132,0,1.0,False,-0.00046414180616772237,-0.0014748883818526469
MLP,480,10,0.14262411,0,0.0,True,0.001235093902104646,-0.0006139551923454568
MLP,480,10,0.158293,0,1.0,False,0.0007393894188176593,0.0014846806709790594
MLP,480,10,0.1808244,0,1.0,False,0.0034755879804974766,0.0011979880877269486
MLP,480,10,0.12697303,0,0.0,True,0.002678548289311256,0.0019195863054457005
MLP,480,10,0.19165623,0,0.0,True,-0.0015862554648018111,-0.0007689664741611968
MLP,480,10,0.22102295,0,1.0,False,-0.0006417047744060396,-0.00025935060555526065
MLP,480,10,0.21246083,0,1.0,False,0.0003692499204026381,-0.0014644794952998177
MLP,480,10,0.21937257,0,0.0,True,-0.0002773233464595737,-0.0010311684561449287
MLP,480,10,0.114621654,0,1.0,False,0.003563810786052669,0.0018608257141404761
MLP,480,10,0.2815568,0,1.0,False,-0.003900898977531112,-0.002202761997007885
MLP,480,10,0.13465552,0,1.0,False,-0.0005940206368031379,0.0004633235004526993
MLP,480,10,0.2578347,0,0.0,True,-0.0038427901363984984,-0.0026363091141834746
MLP,480,10,0.43657115,0,1.0,False,0.001339687651335926,0.0004483841840281365
MLP,480,12,0.13328376,0,1.0,False,-0.0003401218049777025,0.0023851063485358557
MLP,480,12,0.27439708,0,0.0,True,0.002433018874695751,0.0016299951392133689
MLP,480,12,0.116406836,0,0.0,True,5.856161807360051e-05,0.00021538206083737655
MLP,480,12,0.16575202,0,0.0,True,-0.003220576346282249,-0.001538932282142109
MLP,480,12,0.26928702,0,0.0,True,1.7426832965098872e-05,0.0009448042663558955
MLP,480,12,0.17834854,0,0.0,True,-0.003072891904222489,-0.003581766735952247
MLP,480,12,0.20840001,0,0.0,True,0.003592240457705413,0.0015496977011325566
MLP,480,12,0.17396218,0,0.0,True,-0.0008874050724299809,-0.00024829404475037716
MLP,480,12,0.23279728,0,1.0,False,-0.0002015751601135535,-0.0010418831448891564
MLP,480,12,0.20945895,0,1.0,False,0.003041408355550694,0.002500194161951603
MLP,480,12,0.1429651,0,0.0,True,0.0031813869192649346,0.0019438559358176787
MLP,480,12,0.21551101,0,0.0,True,0.0009216570518929256,-0.0005402019220832436
MLP,480,12,0.13495104,0,0.0,True,-0.0020708720766039863,0.0012663322962792021
MLP,480,12,0.16448984,0,0.0,True,-0.0006967386079717702,1.6576869427500167e-05
MLP,480,12,0.18935029,0,1.0,False,-0.000894905913996001,0.0012593371376541174
MLP,480,12,0.22186098,0,0.0,True,-0.0032878430370969847,-0.002290010445913581
MLP,480,12,0.16320547,0,1.0,False,0.0004931087561164605,-0.0013653701276362517
MLP,480,12,0.14580245,0,1.0,False,-0.0015758726784941412,-0.0002278671411220704
MLP,480,12,0.17818214,0,1.0,False,-0.000918575938195282,-0.0014109370162253892
MLP,480,12,0.17463157,0,1.0,False,-0.0014278415778028952,-0.0002535647903921445
MLP,480,12,0.17774744,0,1.0,False,-0.003671182091325951,-0.00037042224752124474
MLP,480,12,0.18881738,0,0.0,True,6.260678573829304e-05,0.0003330609967217635
MLP,480,12,0.16449165,0,1.0,False,-0.0004707647674141327,-4.014829422759213e-05
MLP,480,12,0.19176893,0,0.0,True,0.0010784328396753562,-0.0010712510906637721
MLP,480,12,0.13632746,0,0.0,True,0.0036760083244946197,0.0012678182955404482
MLP,480,12,0.14056161,0,1.0,False,-0.003697226445905551,-0.003779209692856184
MLP,480,12,0.37452653,0,1.0,False,0.0021589721429406132,0.0007158027899774216
MLP,480,12,0.13055247,0,1.0,False,0.00022428246989856978,8.071645636700417e-05
MLP,480,12,0.11109091,0,1.0,False,-0.0016095165969496883,-0.0012149932515268368
MLP,480,12,0.16885346,0,0.0,True,-0.00043297627025988837,0.0010861569985029789
MLP,480,12,0.12826483,0,1.0,False,-0.0024625860930211196,-0.0028830844645431914
MLP,480,12,0.18888247,0,1.0,False,0.001111929877496149,0.0005514216416511058
MLP,480,12,0.21863651,0,1.0,False,0.0005478235185365704,0.00036996842960640934
MLP,480,12,0.12821855,0,0.0,True,-0.0027211899920713757,0.00031972903746893766
MLP,480,12,0.19897518,0,1.0,False,0.0014990168059346904,0.0014047098341199902
MLP,480,12,0.14736274,0,0.0,True,-0.00041567340454842826,-4.160988443496462e-05
MLP,480,12,0.13155462,0,1.0,False,-0.0002394992357182609,0.001388826934994934
MLP,480,12,0.2617578,0,1.0,False,0.0023388124416189263,0.0013484350908903003
MLP,480,12,0.3102611,0,0.0,True,-0.00113120827000767,-0.0020292452281287896
MLP,480,12,0.18761659,0,0.0,True,0.0013148901647944329,-0.0006080333508993604
MLP,480,12,0.15446857,0,1.0,False,-0.0053781648662954,-0.005362037327757438
MLP,480,12,0.13826843,0,1.0,False,0.0004958209795037081,-0.0006226132976498314
MLP,480,12,0.15853667,0,1.0,False,-0.0020173780794963273,-0.0018280461050608494
MLP,480,12,0.16731647,0,1.0,False,0.001539062187337063,-0.0004447039734999841
MLP,480,12,0.16319232,0,1.0,False,-0.00010674297443706022,0.00023722246444451902
MLP,480,12,0.1808443,0,1.0,False,-0.0037247882195196196,-0.0008899678564196228
MLP,480,12,0.16390225,0,0.0,True,0.0019200379748794117,0.0034017971840315567
MLP,480,12,0.19216841,0,0.0,True,-0.0020444796940425544,-0.0007839570718653426
MLP,480,12,0.18467303,0,1.0,False,0.0007915680041811712,-0.0006400318454450631
MLP,480,12,0.1525485,0,0.0,True,0.0026009036055555275,0.0012103758786933315
MLP,480,12,0.29472446,0,0.0,True,0.0010057787730172933,0.0015076134545218135
MLP,480,12,0.3131934,0,1.0,False,-0.0009614749888422345,-0.0006448102075056508
MLP,480,12,0.19124264,0,0.0,True,-0.0017398609774742875,-0.0013759555737335356
MLP,480,12,0.16801427,0,1.0,False,0.0003019179500891536,-0.0008471675380375437
MLP,480,12,0.5680429,1,0.0,False,-0.001332627798856363,-0.0016910533838728403
MLP,480,12,0.12732203,0,0.0,True,0.0010699811788955939,0.001489098707184002
MLP,480,12,0.14446817,0,0.0,True,0.002060409106811534,0.0020972456774669542
MLP,480,12,0.20567429,0,1.0,False,-0.001299887420339457,-0.00038261945471731914
MLP,480,12,0.2022872,0,1.0,False,0.0022094415169401412,0.001741532962402277
MLP,480,12,0.37074494,0,0.0,True,-0.0007754871208494452,0.0009347280483743233
MLP,480,12,0.12585165,0,0.0,True,-0.00045259415680536113,0.0002781969082783236
MLP,480,12,0.27306938,0,0.0,True,-0.0001223080480270498,-0.0015809429852563775
MLP,480,12,0.23587361,0,0.0,True,0.0007115221372006507,-0.0013906364732937093
MLP,480,12,0.14750504,0,1.0,False,-0.003240148974846337,-0.0009187329480175736
MLP,480,12,0.1439597,0,0.0,True,-0.0004523366892140583,-0.0004353920043449087
MLP,480,12,0.11032603,0,0.0,True,-0.0008991652271901037,-0.0013663137089585174
MLP,480,12,0.18457086,0,1.0,False,-0.0004629065422336166,-0.0013646051566594132
MLP,480,12,0.1763725,0,1.0,False,-5.3756724318385535e-05,-0.00034110260111254177
MLP,480,12,0.14586897,0,0.0,True,0.0012361965932642428,0.00020148853681746488
MLP,480,12,0.12341889,0,0.0,True,0.002404801357889135,0.001157962363188091
MLP,480,12,0.18306947,0,0.0,True,-0.0009932277135866398,-0.00038498510819958223
MLP,480,12,0.27080473,0,1.0,False,-8.514732166496862e-05,-0.0005685808466946916
MLP,480,12,0.18784952,0,0.0,True,-0.0011330691626311087,-0.0007729538292855066
MLP,480,12,0.15671965,0,1.0,False,0.0010696194840037823,0.0006574503180862053
MLP,480,12,0.16460094,0,1.0,False,0.0029825078436473093,0.001958002128422646
MLP,480,12,0.14845103,0,1.0,False,-0.001041332536375271,0.00025519010432229996
MLP,480,12,0.16212165,0,1.0,False,-0.0012748913859070275,-0.00015301494210967178
MLP,480,12,0.20086432,0,1.0,False,0.0014086780198682128,0.0018628773859667303
MLP,480,12,0.19213346,0,0.0,True,-0.0018742426054993643,-0.0006701832728053805
MLP,480,12,0.22559327,0,1.0,False,-0.0011881320022062412,0.00013420866791083208
MLP,480,12,0.1936268,0,1.0,False,0.0006584988050772379,0.0012252167027490958
MLP,480,12,0.30781588,0,1.0,False,0.00112889823801233,0.00042035155503656067
MLP,480,12,0.16880357,0,1.0,False,-0.0014673823003906084,0.0007166596397866258
MLP,480,12,0.14117101,0,0.0,True,0.00019870310062278837,-0.0004716533801794255
MLP,480,12,0.25836915,0,1.0,False,0.0013411018188357513,-0.00018592768365155318
MLP,480,12,0.41078582,0,1.0,False,-0.0034404322504555133,-0.0019119689883848878
MLP,480,12,0.14254119,0,1.0,False,0.0013156675042230788,0.0022400648193717687
MLP,480,12,0.20038855,0,0.0,True,-0.003192430163252828,-0.0026471782066159015
MLP,480,12,0.23168463,0,1.0,False,-0.0011943652563991163,-0.001130123773989992
MLP,480,12,0.1784519,0,1.0,False,-0.0016240237059246881,-7.552192932764173e-05
MLP,480,12,0.12272036,0,0.0,True,4.8018502566616103e-05,0.001367567321285786
MLP,480,12,0.15910421,0,0.0,True,0.004018128289339301,0.0018322708262769355
MLP,480,12,0.20338087,0,1.0,False,0.00043379592296238984,-0.0007674325955426674
MLP,480,12,0.27313596,0,0.0,True,-0.0033495336114316735,-0.0018292994000948131
MLP,480,12,0.18711388,0,1.0,False,-0.000704594865959941,-0.001963604330841475
MLP,480,12,0.15617578,0,1.0,False,-0.0014245901401877391,-0.0013819532624283818
MLP,480,12,0.23842368,0,1.0,False,-0.000303176112863404,-0.001069489051551358
MLP,480,12,0.1648663,0,0.0,True,0.00040747825171993257,-4.921330797296917e-05
MLP,480,12,0.17852928,0,0.0,True,-0.00014919976774258487,-0.0004845907102444534
MLP,480,12,0.17715076,0,1.0,False,-0.005581615221198255,-0.0036933100895581226
MLP,480,14,0.14502588,0,0.0,True,-0.0025335364791458552,-0.0021660076423592046
MLP,480,14,0.25079426,0,0.0,True,0.0005114777925477411,0.0019441725151519808
MLP,480,14,0.14530924,0,1.0,False,-0.0007311849648727498,-0.0006013623921670282
MLP,480,14,0.1669471,0,0.0,True,-0.0034804539437192855,-0.002377996982460543
MLP,480,14,0.1470747,0,1.0,False,-0.003927379634720187,-0.0008664793402399345
MLP,480,14,0.21433894,0,0.0,True,-0.0016194264411849139,-0.001420818030956011
MLP,480,14,0.1236358,0,1.0,False,-0.0003741024082026838,0.00048319990072436333
MLP,480,14,0.14752127,0,0.0,True,-0.002382098649621734,-0.001774835008176082
MLP,480,14,0.28400412,0,0.0,True,-0.002584434426193511,-0.003914910682076573
MLP,480,14,0.14465493,0,1.0,False,-0.001880275158631835,-1.231368348608663e-06
MLP,480,14,0.20331639,0,1.0,False,0.0010128546503924897,-0.0009674495176628672
MLP,480,14,0.14310183,0,0.0,True,-0.0003129732691630183,-0.0016280401918777052
MLP,480,14,0.17438926,0,0.0,True,-0.0031924219068645144,-0.000949155986345942
MLP,480,14,0.129636,0,0.0,True,0.0050292410492820076,0.0022613058622224895
MLP,480,14,0.11685324,0,1.0,False,-0.0008812651878093668,-0.0006515113559654673
MLP,480,14,0.16752024,0,0.0,True,-0.0021509965717354147,-0.0006599003264293264
MLP,480,14,0.1372922,0,0.0,True,-0.001415958926347097,-0.0014915657271185195
MLP,480,14,0.11971582,0,0.0,True,0.0005585912854068696,-0.0015609432485377617
MLP,480,14,0.14679214,0,0.0,True,-0.004416640783059658,-0.0011077528772032515
MLP,480,14,0.1608279,0,1.0,False,-0.001856638956079728,-0.0010791925163615935
MLP,480,14,0.11982406,0,1.0,False,0.002455228724662836,0.0016782764961081134
MLP,480,14,0.13086583,0,1.0,False,0.0030015997895958286,0.00302195434598556
MLP,480,14,0.17106393,0,0.0,True,-0.00273926800760665,-0.0017145788721368163
MLP,480,14,0.22209921,0,1.0,False,-0.0005945068596937668,0.002413558181091227
MLP,480,14,0.17681514,0,1.0,False,0.0022549531945442853,0.0017872242451225785
MLP,480,14,0.1806871,0,1.0,False,-0.0008641722689341966,-0.0007259381430625056
MLP,480,14,0.16768935,0,0.0,True,-0.0024879600780325453,-0.0016850928116681422
MLP,480,14,0.12938312,0,1.0,False,-0.0010794801307985854,-0.0005538194050477092
MLP,480,14,0.16252476,0,1.0,False,-0.0015179524073731547,-0.001201571270082153
MLP,480,14,0.12963063,0,0.0,True,-0.002516240409101979,-0.00042806464313849073
MLP,480,14,0.18399549,0,1.0,False,0.00023395764431505638,0.0012444639433109228
MLP,480,14,0.12896557,0,1.0,False,0.00040406744955495173,0.0011360014563225986
MLP,480,14,0.158191,0,1.0,False,-0.0004788942525340894,0.0005559041116481016
MLP,480,14,0.18926468,0,0.0,True,-0.0015839291662963076,0.00025187122818306064
MLP,480,14,0.16811754,0,0.0,True,0.0024434129104286707,-0.0008976198478676826
MLP,480,14,0.12531564,0,1.0,False,-0.001917615323840149,-0.0009487815736846239
MLP,480,14,0.20660476,0,0.0,True,0.0003473194537515955,0.0018804385397010823
MLP,480,14,0.23979253,0,1.0,False,0.003348078151299621,0.001540522153048626
MLP,480,14,0.20189108,0,1.0,False,-0.0017138172778809041,-0.001685139769284183
MLP,480,14,0.17712846,0,1.0,False,0.0029777549953985964,0.0011999775197245564
MLP,480,14,0.18896428,0,0.0,True,-0.0018537101516646437,-0.00021427657441982554
MLP,480,14,0.15886417,0,0.0,True,0.0024262449330628945,0.0009267466005466212
MLP,480,14,0.15891013,0,1.0,False,0.0018787150351374825,-3.5027980930384285e-05
MLP,480,14,0.12519297,0,1.0,False,-0.000826323658348161,-0.002290271567262086
MLP,480,14,0.12207129,0,0.0,True,0.0002772697274041531,4.670149292532571e-05
MLP,480,14,0.13489608,0,0.0,True,-0.0010265956205200931,-0.0014543604398171807
MLP,480,14,0.13147388,0,1.0,False,0.0013385108687483697,-0.0009198124360468247
MLP,480,14,0.118254416,0,1.0,False,-0.000506583507214975,-0.0005548524898267379
MLP,480,14,0.17000294,0,0.0,True,-0.002104918974012131,-0.0008795789420799978
MLP,480,14,0.19385645,0,1.0,False,0.00018633421748529897,-7.00257938466719e-05
MLP,480,14,0.18667346,0,0.0,True,-0.005758650957186799,-0.002425216429998126
MLP,480,14,0.32247177,0,1.0,False,0.0011566982260992548,0.0007573632778472511
MLP,480,14,0.30380204,0,1.0,False,5.4939404961487016e-05,-0.0009596329117801298
MLP,480,14,0.2235773,0,0.0,True,-0.002494380931220184,0.00046385484366835234
MLP,480,14,0.15024477,0,1.0,False,0.0010727111533766647,0.001317730548775638
MLP,480,14,0.17730097,0,0.0,True,0.002363525296305414,0.0013086680902065345
MLP,480,14,0.16148375,0,1.0,False,0.001047588887944185,6.027438034607255e-05
MLP,480,14,0.124524206,0,0.0,True,0.003020626881704296,0.0026711491326165053
MLP,480,14,0.16316465,0,1.0,False,-0.0020389569947928906,-0.0004911812230878025
MLP,480,14,0.14072466,0,1.0,False,0.00012870921268567614,0.0004989591090127129
MLP,480,14,0.17935771,0,0.0,True,-0.0032832733603277513,-0.0007697772456873529
MLP,480,14,0.14874645,0,1.0,False,-0.0016062048755646513,-9.717682614250864e-05
MLP,480,14,0.14622617,0,1.0,False,-0.001646821708815686,-0.0008083191532450891
MLP,480,14,0.16433907,0,0.0,True,-0.0005379316512221799,-0.0014748082278282211
MLP,480,14,0.17832088,0,0.0,True,-0.0019929891008837876,-0.0007281814523467382
MLP,480,14,0.13441058,0,1.0,False,0.0024341530626063386,0.0016836793979580452
MLP,480,14,0.29246017,0,0.0,True,-0.0037506711926645923,-0.0018998953746143298
MLP,480,14,0.1687038,0,1.0,False,-0.0029474090672380504,5.3909251100244874e-05
MLP,480,14,0.13572733,0,0.0,True,0.002818373427679855,0.0007706450929264745
MLP,480,14,0.11704657,0,0.0,True,0.00041872136828569533,0.000867192253923181
MLP,480,14,0.16118816,0,0.0,True,-0.001548811626429984,-0.0003051404561341942
MLP,480,14,0.23936298,0,0.0,True,-0.0015223026825323324,-0.0016675708950804038
MLP,480,14,0.15277906,0,1.0,False,0.0019906149733235376,0.00037742509538374775
MLP,480,14,0.17991185,0,1.0,False,0.0019132740384745803,0.0009838869231279853
MLP,480,14,0.19685036,0,1.0,False,0.0013994043837458345,0.0016577780685079022
MLP,480,14,0.4295919,0,1.0,False,0.0019223013541247657,0.0023687656808884286
MLP,480,14,0.27094752,0,0.0,True,0.004635342725064522,5.558744307722704e-05
MLP,480,14,0.13218017,0,0.0,True,0.0028942557543063917,0.0016172596163961206
MLP,480,14,0.18064691,0,0.0,True,-0.0026742470041935017,-0.0002086010150209551
MLP,480,14,0.16102232,0,0.0,True,-0.00023970667425830656,-0.0005928189571677369
MLP,480,14,0.14938143,0,1.0,False,0.0030358347841955616,0.0009143079939175858
MLP,480,14,0.17547005,0,0.0,True,-0.000578536385710645,-4.27903563197122e-06
MLP,480,14,0.17932037,0,1.0,False,0.002418223976539524,0.0007793467284854002
MLP,480,14,0.15282694,0,0.0,True,0.001751268521742818,0.0012824827971724187
MLP,480,14,0.12368282,0,0.0,True,-0.0005606501904329949,0.0010890023189774275
MLP,480,14,0.1700089,0,1.0,False,-0.0010737241883152684,-0.0009572255662157894
MLP,480,14,0.20130481,0,1.0,False,-0.0007960992441191363,-0.0006357716732016507
MLP,480,14,0.13125545,0,0.0,True,-0.0005141599159560851,0.0009746742774944468
MLP,480,14,0.1482757,0,0.0,True,-0.005323895607806708,-0.002812918945504124
MLP,480,14,0.13019794,0,1.0,False,0.002889944863150718,0.0024056112872775973
MLP,480,14,0.21515928,0,1.0,False,0.0003827400105001623,8.707570706802769e-05
MLP,480,14,0.14739153,0,1.0,False,0.003416993608508099,0.0009084342850966005
MLP,480,14,0.17250752,0,1.0,False,0.003216419435606829,0.002531666541246934
MLP,480,14,0.15986119,0,1.0,False,-0.0032943479338446483,-0.0028363879060854438
MLP,480,14,0.2546365,0,0.0,True,0.003235187787289616,-0.0001400890650980454
MLP,480,14,0.19384614,0,0.0,True,-0.0022706285603092814,0.0007921181705610236
MLP,480,14,0.20438364,0,0.0,True,-0.0002673671694058924,0.0011428843011900267
MLP,480,14,0.16303262,0,1.0,False,-0.0026012358843180592,-0.0013325327719868295
MLP,480,14,0.15236445,0,1.0,False,-0.001704789280114788,-0.0007010952059035897
MLP,480,14,0.15935576,0,1.0,False,-0.0040612619599765,-0.0013663819364179007
MLP,480,15,0.20247544,0,1.0,False,-0.002675573547013613,-0.0010589938563683229
MLP,480,15,0.18692623,0,1.0,False,-0.0012502300062905193,-0.001917870021714998
MLP,480,15,0.14886801,0,0.0,True,0.002076011913785062,0.0013989270253604341
MLP,480,15,0.32470527,0,0.0,True,-0.0018895417129420795,-0.001434413928426799
MLP,480,15,0.1494268,0,0.0,True,-0.001531011065575929,-0.0008577456252175114
MLP,480,15,0.12894617,0,0.0,True,0.0010279487067126744,-0.0009344488662415026
MLP,480,15,0.19987471,0,0.0,True,-0.00033022468291213147,-0.0009449293481677253
MLP,480,15,0.14737394,0,0.0,True,-0.0008656978274040712,-0.0010058115628390574
MLP,480,15,0.13583302,0,0.0,True,-0.001035141602120388,-0.0011711943290286908
MLP,480,15,0.28144535,0,0.0,True,0.0022119272342686885,0.002231288390934909
MLP,480,15,0.17858003,0,0.0,True,-0.0013572874350359098,-0.0027517873989727753
MLP,480,15,0.20522359,0,1.0,False,0.0003821826629082038,0.0006960213041993203
MLP,480,15,0.2230118,0,1.0,False,-0.000991764414783961,-0.0002613211116637296
MLP,480,15,0.18652156,0,0.0,True,0.0001554316561492981,-0.0009676541881146721
MLP,480,15,0.15118782,0,0.0,True,0.0012200862645884963,0.0006948679866596822
MLP,480,15,0.2014434,0,1.0,False,-0.0010717454204797648,0.0004901621762226289
MLP,480,15,0.1635361,0,0.0,True,-0.004157997104984151,-0.0017459370741247798
MLP,480,15,0.285114,0,0.0,True,-0.00020939280624306794,0.0006913753939842585
MLP,480,15,0.28737304,0,0.0,True,-0.0012707654909254213,-0.0024434370070933954
MLP,480,15,0.16598716,0,0.0,True,0.0011451725402544294,0.002408764812282173
MLP,480,15,0.13856511,0,0.0,True,-0.0014918206566243773,-0.0007312968942544445
MLP,480,15,0.16213974,0,1.0,False,-0.0022184202480242327,0.00014331538506320737
MLP,480,15,0.40914887,0,0.0,True,-0.0022087927379837533,0.00021078767104529527
MLP,480,15,0.20716682,0,1.0,False,-0.00406795799721447,-0.0019648487949032066
MLP,480,15,0.16450131,0,1.0,False,0.0004944847235725504,-0.00032786917739467035
MLP,480,15,0.45246467,0,1.0,False,0.000472317974238051,0.000180964499919884
MLP,480,15,0.3343166,0,0.0,True,-0.001276683332723866,-0.0019222822547442324
MLP,480,15,0.18731257,0,1.0,False,-0.0002870995688285294,7.395118674379013e-05
MLP,480,15,0.14846575,0,0.0,True,-0.002349592887442102,-0.0011809226258473475
MLP,480,15,0.26102006,0,0.0,True,0.0004301955441832801,-0.00022258704076446713
MLP,480,15,0.15952682,0,1.0,False,0.0025727777059314128,0.002749224022228355
MLP,480,15,0.1680228,0,1.0,False,-0.0023821141805572365,0.0007156309175694717
MLP,480,15,0.17280102,0,1.0,False,0.004613608466943348,0.0013221265762523367
MLP,480,15,0.26885012,0,1.0,False,0.0020482847397195695,0.00012597744943724089
MLP,480,15,0.16576014,0,1.0,False,0.003716704843422738,0.00119924431966168
MLP,480,15,0.1937204,0,1.0,False,-0.0032885647615691353,-0.0003180909860696024
MLP,480,15,0.1158102,0,1.0,False,0.00032131570856926454,0.00015194044871546196
MLP,480,15,0.38608307,0,1.0,False,0.0009866622335937467,0.00049990769457158
MLP,480,15,0.15125743,0,0.0,True,0.004331808239805041,0.00392706949409227
MLP,480,15,0.12765649,0,0.0,True,-0.0006118191380038764,0.0010154428684934283
MLP,480,15,0.25460768,0,1.0,False,-4.1115140777286965e-05,-0.0012907145980077213
MLP,480,15,0.2048557,0,0.0,True,0.004824536515087156,0.0020253020020478893
MLP,480,15,0.18226416,0,1.0,False,-0.0011202400791112258,-0.0004073787373221406
MLP,480,15,0.14658979,0,1.0,False,-0.0018704069461043717,-0.0007054909128981993
MLP,480,15,0.2020233,0,1.0,False,-0.0008589213535384654,-0.0010032883334050331
MLP,480,15,0.22892249,0,0.0,True,-0.00099236105972076,0.0012703152752226274
MLP,480,15,0.21446887,0,0.0,True,0.0014178572691011051,3.917121272606192e-05
MLP,480,15,0.44233972,0,1.0,False,-0.0020307143076950165,-0.0017495165746885793
MLP,480,15,0.13030757,0,0.0,True,-8.824206961603588e-05,0.0007868192039209832
MLP,480,15,0.19766113,0,1.0,False,8.677605277338364e-05,0.0001609153849335532
MLP,480,15,0.17134367,0,0.0,True,0.0007728231426579365,0.00181845966726334
MLP,480,15,0.22586057,0,0.0,True,0.0003565155326270176,0.00037430346522118605
MLP,480,15,0.58893156,1,0.0,False,-0.0002514635266210562,-0.0001730438907746272
MLP,480,15,0.14650771,0,0.0,True,0.002696433182836779,0.0031477419394339177
MLP,480,15,0.13580626,0,1.0,False,-0.000765358573604141,-0.00020020796423848825
MLP,480,15,0.1714236,0,1.0,False,-0.0011918774970479595,-0.002255304800892319
MLP,480,15,0.2733047,0,1.0,False,0.0014521030363882134,0.000604565624510641
MLP,480,15,0.11778478,0,1.0,False,0.0007058870234924381,0.0022170952474275625
MLP,480,15,0.17009205,0,0.0,True,0.0022940645335265478,0.0006461036387946868
MLP,480,15,0.1988078,0,1.0,False,0.0018059213347025858,0.0006018188619535063
MLP,480,15,0.17820148,0,0.0,True,-0.0004651201466010405,0.0006706975092849451
MLP,480,15,0.19959177,0,0.0,True,-0.0034108316846631656,-0.0032184109827222947
MLP,480,15,0.17679614,0,1.0,False,0.0006470308967284524,-0.00015788095039829592
MLP,480,15,0.20816496,0,0.0,True,0.00023191478702087306,-0.00031634550578500654
MLP,480,15,0.1265083,0,1.0,False,0.002821499782528779,0.0022974626184305387
MLP,480,15,0.1808876,0,0.0,True,-7.842475802363875e-05,0.0020243827347356806
MLP,480,15,0.14333679,0,0.0,True,-0.004601916160229832,-0.003291851905257003
MLP,480,15,0.2493129,0,0.0,True,0.002748007862153011,-0.00014442508469386873
MLP,480,15,0.12783176,0,0.0,True,0.004027477875679488,0.0010536361959439945
MLP,480,15,0.12920952,0,1.0,False,0.0024767093966776258,0.00023230671329194707
MLP,480,15,0.24991098,0,0.0,True,0.0028898464916566795,0.002117267935100858
MLP,480,15,0.13081029,0,1.0,False,-0.00039570261360446916,0.0008187128995362534
MLP,480,15,0.13960722,0,1.0,False,-0.0011229235508788138,-5.728059758776066e-05
MLP,480,15,0.14606199,0,0.0,True,-0.00014812494134934048,-0.0005354338565385551
MLP,480,15,0.22000694,0,1.0,False,-0.0016618202318687486,0.00026957982472865054
MLP,480,15,0.14728323,0,0.0,True,-0.0010192808330541261,0.0009524210140511536
MLP,480,15,0.17899707,0,0.0,True,0.0017022759379610806,8.443068410688876e-05
MLP,480,15,0.32543734,0,1.0,False,0.0008801035717568906,6.674797041955323e-05
MLP,480,15,0.13620177,0,0.0,True,-0.00030071458424237783,-0.0010845406543691601
MLP,480,15,0.12211822,0,0.0,True,-0.000818901545364477,-0.001390100277165972
MLP,480,15,0.65384185,1,0.0,False,-0.0018636830812632868,-0.00011562530178694948
MLP,480,15,0.18615319,0,0.0,True,0.00046749112074952946,-0.0005247494041452533
MLP,480,15,0.22388478,0,0.0,True,0.002961663121872332,0.00032555439025476533
MLP,480,15,0.16564344,0,1.0,False,0.0015359113693220008,0.00044455673619926055
MLP,480,15,0.1925132,0,0.0,True,0.0016229150273406744,0.0014416223006671212
MLP,480,15,0.20080252,0,0.0,True,-0.0026097820483313456,-0.0014369477742764768
MLP,480,15,0.14532073,0,1.0,False,-0.0011221452041804106,-0.0005007105997512298
MLP,480,15,0.15341964,0,1.0,False,-0.00020290518685109191,-0.00039915266211902053
MLP,480,15,0.14581285,0,0.0,True,0.00011285121707904294,2.592290565152945e-05
MLP,480,15,0.15247531,0,1.0,False,-0.0021637689859568448,-0.0024006944629243244
MLP,480,15,0.12589368,0,1.0,False,0.0004846990249358107,0.0004284107963141839
MLP,480,15,0.20522432,0,1.0,False,0.0013902695276760487,0.0009649711412640336
MLP,480,15,0.48695147,0,0.0,True,0.0019122370544071509,0.000782492806225567
MLP,480,15,0.18362528,0,0.0,True,-0.0010334627251648164,0.0011681747455876412
MLP,480,15,0.26221007,0,1.0,False,-0.00034537498651641545,-0.0014258910194880781
MLP,480,15,0.1691265,0,1.0,False,-0.00012215100224768205,0.0009270397501184056
MLP,480,15,0.37896264,0,1.0,False,-0.0018411883702783968,0.0014967673035240295
MLP,480,15,0.12719293,0,0.0,True,0.002059945319172285,0.001317551876634205
MLP,480,15,0.14713788,0,0.0,True,0.0007431421538472234,0.0006608740839913946
MLP,480,15,0.2947179,0,0.0,True,-0.000299483080767919,-0.001462282988214185
MLP,480,17,0.1216011,0,1.0,False,-0.00038488429815968075,-0.0005292259897457567
MLP,480,17,0.15292202,0,0.0,True,-0.0016253934395142713,-0.000390723778116454
MLP,480,17,0.15299056,0,1.0,False,0.0022812310648008313,0.0015826606273181916
MLP,480,17,0.24247526,0,0.0,True,0.0010519347306103628,0.000491378674899746
MLP,480,17,0.1740626,0,0.0,True,0.0011487852228127962,0.0005406630622112025
MLP,480,17,0.24339634,0,1.0,False,0.0004595169701379972,0.0013830975265082107
MLP,480,17,0.18425342,0,1.0,False,0.0016271272581301335,0.001602390307680778
MLP,480,17,0.19901858,0,0.0,True,0.004827578881845998,0.0015759125306168513
MLP,480,17,0.15304129,0,1.0,False,0.0007956379334001534,0.0033688826427491626
MLP,480,17,0.13195243,0,0.0,True,0.004166029360748834,0.0016059195199463032
MLP,480,17,0.28180206,0,1.0,False,-0.003995113266008784,-0.004125353959640552
MLP,480,17,0.17259912,0,0.0,True,-0.00021133057703985318,0.0003934495426459366
MLP,480,17,0.15801172,0,0.0,True,-0.0021409127477433165,-0.001751381286402928
MLP,480,17,0.14377065,0,1.0,False,-9.517782285893317e-05,-0.0015272389172975866
MLP,480,17,0.23457943,0,1.0,False,0.0012603003271342633,0.0010962460444627654
MLP,480,17,0.16802038,0,0.0,True,0.0026127954486252778,0.0011306356387249664
MLP,480,17,0.16081843,0,0.0,True,0.0018418735317315184,0.0004942775187316294
MLP,480,17,0.18711287,0,1.0,False,-0.003784985600133293,-0.002104059449636949
MLP,480,17,0.14919512,0,0.0,True,-0.0021370097130978087,0.0010608021576231628
MLP,480,17,0.18123434,0,1.0,False,-0.0031491263898563156,-0.0013586412694459808
MLP,480,17,0.1968218,0,1.0,False,0.004588974825513473,0.0025912442315165667
MLP,480,17,0.15038508,0,1.0,False,0.0013470001807930133,-0.002823183255381302
MLP,480,17,0.16208641,0,1.0,False,-0.003676256137911778,-0.0009719729353935398
MLP,480,17,0.170349,0,0.0,True,-3.4800150434853565e-05,0.0004832773041093478
MLP,480,17,0.2975615,0,0.0,True,0.002783323373560568,0.0023987017080279094
MLP,480,17,0.15030971,0,1.0,False,-0.001993925267328153,-0.0008246964657053009
MLP,480,17,0.14141364,0,0.0,True,-0.0014801038806448105,-0.0009023915813052084
MLP,480,17,0.13396037,0,1.0,False,0.0026505616321569505,0.0015909690134367142
MLP,480,17,0.19774912,0,1.0,False,0.0006715089058243226,0.000632705727528915
MLP,480,17,0.14606795,0,1.0,False,0.0031026915250355717,0.0014297613519743699
MLP,480,17,0.27217606,0,0.0,True,0.003196955773716867,0.0028604218886221157
MLP,480,17,0.14539498,0,0.0,True,0.0008811699256089176,-0.00021948836227769474
MLP,480,17,0.1961479,0,0.0,True,-0.0028888121462863556,-0.0007932657166026873
MLP,480,17,0.1847682,0,1.0,False,-0.002236429114416961,-0.0006407829150180793
MLP,480,17,0.12205765,0,0.0,True,-0.0018913490581392747,-0.0012792635773112748
MLP,480,17,0.1949184,0,0.0,True,-0.0025419272298159287,0.0006469607095794526
MLP,480,17,0.12560399,0,0.0,True,0.0006900124084586761,-0.0002757371621222382
MLP,480,17,0.21626389,0,1.0,False,-0.000999996610483971,-0.0013360842050632825
MLP,480,17,0.13894264,0,0.0,True,0.0012242418155284794,-0.0006640678375169314
MLP,480,17,0.17429544,0,0.0,True,0.001831296203676712,0.0008231179828242543
MLP,480,17,0.119347975,0,0.0,True,0.001452214080595191,3.89581674097983e-06
MLP,480,17,0.15213606,0,1.0,False,-0.00023667017515384149,-0.000289058660573202
MLP,480,17,0.14813246,0,1.0,False,0.0008849528800449066,0.002022248904409183
MLP,480,17,0.17750703,0,1.0,False,0.0045044417175864465,0.0020186993470282396
MLP,480,17,0.12111163,0,1.0,False,-0.0011601506353245224,-0.00011643083452567175
MLP,480,17,0.21022196,0,0.0,True,0.0033364847864114752,5.7212423305108075e-05
MLP,480,17,0.16115227,0,1.0,False,-0.0019099244291821158,-0.0014938792777540461
MLP,480,17,0.34798092,0,1.0,False,0.001277855184346365,-0.0011372491758643694
MLP,480,17,0.24995726,0,0.0,True,-0.004440589285998102,-0.002673308855460968
MLP,480,17,0.18265921,0,0.0,True,0.0009588827343239912,0.0022486712660776324
MLP,480,17,0.18954222,0,1.0,False,-0.004883165751858489,-0.003495054741407101
MLP,480,17,0.13838185,0,0.0,True,-0.001515903394664211,-0.00018468202479221237
MLP,480,17,0.11197543,0,0.0,True,0.0008136789482931971,-0.00015641075482179356
MLP,480,17,0.122882694,0,0.0,True,-0.0006880055427297364,0.00010811128123865476
MLP,480,17,0.14314312,0,0.0,True,-0.0025473866189807902,-0.0017794502159576067
MLP,480,17,0.11798246,0,0.0,True,0.002082062432554502,0.00017726087958676138
MLP,480,17,0.1575423,0,0.0,True,-0.0022588383582402036,-4.954750102343338e-05
MLP,480,17,0.43077052,0,1.0,False,-0.000916680283629335,-0.0012833229107575587
MLP,480,17,0.16531806,0,0.0,True,-0.0022322175857569663,-0.001072143146502993
MLP,480,17,0.14214896,0,0.0,True,0.00043794379875558245,0.00011626631161239737
MLP,480,17,0.27220216,0,0.0,True,0.004409901768048757,0.0037527672916054153
MLP,480,17,0.14504333,0,0.0,True,0.003710972172832633,0.002486483050279612
MLP,480,17,0.15212813,0,0.0,True,-0.0010196968507656058,0.0008820483956723171
MLP,480,17,0.28206962,0,0.0,True,-0.001346924839311704,-0.0003556707757942411
MLP,480,17,0.12320539,0,0.0,True,0.001298416807638791,-0.0013213925927584608
MLP,480,17,0.24908349,0,1.0,False,-0.0019572508277258403,-0.0017416268129781336
MLP,480,17,0.23844072,0,0.0,True,-0.003455280428332567,-0.0010336530678592471
MLP,480,17,0.17110892,0,0.0,True,-0.00012684764069020914,0.00038188241551535395
MLP,480,17,0.16034602,0,1.0,False,0.0047501486301024885,0.000531778227834936
MLP,480,17,0.14345694,0,0.0,True,0.0006817478250358014,0.00045182649998722177
MLP,480,17,0.1309632,0,1.0,False,-0.0006298371956660389,-0.0014056084903070374
MLP,480,17,0.18124579,0,1.0,False,-0.002666895986894781,-0.0017553368621699365
MLP,480,17,0.19665176,0,0.0,True,0.0006887264498630061,0.0011466112591552169
MLP,480,17,0.25739804,0,0.0,True,-0.00010313903292627242,0.00016248471306876233
MLP,480,17,0.1269588,0,0.0,True,-0.0026729048943275884,-0.0017613954633795767
MLP,480,17,0.15851416,0,0.0,True,0.001416057855001612,0.0004771785339109791
MLP,480,17,0.14239743,0,0.0,True,-0.0006466066664137267,-0.00013790274716833672
MLP,480,17,0.2831231,0,0.0,True,-0.0020276204069964083,-0.002042806124199188
MLP,480,17,0.41867128,0,1.0,False,-0.00037598822675821204,-0.0010379748636436354
MLP,480,17,0.16331719,0,0.0,True,1.6694207259939903e-05,-8.323880880762133e-05
MLP,480,17,0.21105133,0,1.0,False,-0.0005701343227335901,-0.000553360226814374
MLP,480,17,0.2857472,0,1.0,False,-0.001221690666308716,-0.0012446739398889043
MLP,480,17,0.18353412,0,1.0,False,-0.0009478811595521647,-0.0014674301433497449
MLP,480,17,0.13877422,0,1.0,False,-0.003662078849004111,-0.0005747301230389963
MLP,480,17,0.23224382,0,0.0,True,0.005126345573973417,0.003277215042840446
MLP,480,17,0.13635413,0,1.0,False,-0.001969463436391596,-0.0017143135870171713
MLP,480,17,0.15773353,0,0.0,True,0.000873972823878782,0.001171039714403355
MLP,480,17,0.2925162,0,1.0,False,-0.0008200527974576601,3.233161120862766e-05
MLP,480,17,0.15958616,0,1.0,False,-0.0015453967399347449,0.000251757744908135
MLP,480,17,0.1436167,0,1.0,False,0.00039772903563760966,0.00041560822728978306
MLP,480,17,0.40290073,0,0.0,True,-0.0010075255739929862,0.00011913240536309725
MLP,480,17,0.244947,0,1.0,False,-3.502919008495589e-05,-0.0009494081876931732
MLP,480,17,0.11745741,0,0.0,True,0.0012942883565476696,0.0003291993053315188
MLP,480,17,0.45820218,0,0.0,True,-0.0022517295779589624,-0.0037912644995197462
MLP,480,17,0.25632787,0,1.0,False,0.0005241551180737352,0.0007514187391505935
MLP,480,17,0.16255073,0,1.0,False,-0.0010809549052999455,-0.0008471845365190588
MLP,480,17,0.23879227,0,0.0,True,0.002386154367674645,0.0038820862648771344
MLP,480,17,0.15501614,0,0.0,True,0.0024771554473496946,0.0019660531786652104
MLP,480,17,0.1939554,0,0.0,True,-0.0008900270433021295,-0.0001638380197062648
MLP,480,17,0.1464045,0,0.0,True,0.0005255292168556313,-6.613457565752516e-05
MLP,480,19,0.33837184,0,1.0,False,-0.0013425293527976696,-0.0019751813396146995
MLP,480,19,0.18882412,0,0.0,True,-0.0018794612905109257,0.00017354022073490097
MLP,480,19,0.1563341,0,1.0,False,0.00044117283924392575,0.00011532164283051221
MLP,480,19,0.15208976,0,0.0,True,-0.0002500141326618667,0.00021982758227427453
MLP,480,19,0.1617306,0,1.0,False,0.0035503645031493693,0.0006723666697087588
MLP,480,19,0.13839896,0,1.0,False,0.0019562846266524174,0.0008915938799614812
MLP,480,19,0.29282728,0,0.0,True,-0.0019216106022269125,-0.0033604186017719036
MLP,480,19,0.3625363,0,1.0,False,-0.0006128108969080392,-0.0009967332613505806
MLP,480,19,0.14209998,0,1.0,False,0.0015683369849538468,0.0014875159821516534
MLP,480,19,0.21752009,0,0.0,True,0.001362424429211636,-0.0004949827555264845
MLP,480,19,0.14695236,0,1.0,False,-0.00020950984117791061,-0.0005188520092193658
MLP,480,19,0.14098749,0,0.0,True,0.0005195039963692477,0.0007724436976206738
MLP,480,19,0.16218546,0,0.0,True,0.0004173320168139999,-0.0003092934919517838
MLP,480,19,0.15159982,0,1.0,False,0.00498252307631575,0.002932095601139222
MLP,480,19,0.1591622,0,1.0,False,0.002522019409280508,0.0013404526028563159
MLP,480,19,0.16803803,0,0.0,True,0.001164353736636544,0.0011831531501107126
MLP,480,19,0.19730486,0,1.0,False,0.00030434736284056045,-0.0019245463860130298
MLP,480,19,0.19336627,0,0.0,True,0.0016801467418170158,0.0016124868100334164
MLP,480,19,0.18032092,0,1.0,False,-0.002907252734341754,-0.0017913605127199545
MLP,480,19,0.19908245,0,0.0,True,0.00461857520060346,0.002093801726979036
MLP,480,19,0.20548415,0,1.0,False,-0.001587130363528634,0.00016164976032715658
MLP,480,19,0.14529252,0,0.0,True,0.000615871510005499,0.000751455977889347
MLP,480,19,0.12991495,0,1.0,False,-0.00026287159888050944,-0.0009686298912178625
MLP,480,19,0.12890741,0,1.0,False,0.0018851455938179965,0.0001891825100334614
MLP,480,19,0.7150687,1,0.0,False,-0.0005668459590601217,-0.00026222744637310034
MLP,480,19,0.16175956,0,0.0,True,0.00175669174983491,-0.0008541902834094078
MLP,480,19,0.41844186,0,1.0,False,-0.0009312257961324566,-0.00021801062386897103
MLP,480,19,0.1440786,0,0.0,True,0.0017994404875543173,0.0005042545350085404
MLP,480,19,0.22826073,0,0.0,True,-0.001624762242457136,0.0007115727162098196
MLP,480,19,0.24419078,0,0.0,True,-0.0020387752637927594,-0.0008393715085802603
MLP,480,19,0.18900989,0,1.0,False,-0.0008092753299074608,0.0011012198651417227
MLP,480,19,0.24053925,0,1.0,False,0.00022015051442615376,0.00011125612411295949
MLP,480,19,0.24160072,0,0.0,True,-0.002063418775763625,-0.001765267381186143
MLP,480,19,0.1827727,0,1.0,False,-0.0013527056026420622,-0.0006620437560204721
MLP,480,19,0.21106416,0,0.0,True,-0.00014082221970057308,0.0014877723127301853
MLP,480,19,0.2362965,0,0.0,True,-0.002810815633699415,-0.0017646109704780141
MLP,480,19,0.13655438,0,0.0,True,0.0014944541114823794,0.002105017732808483
MLP,480,19,0.18064708,0,0.0,True,-0.0009196541310456689,-0.0011996484210968137
MLP,480,19,0.21751383,0,0.0,True,0.002445913732278642,-0.001143928123768217
MLP,480,19,0.23698033,0,1.0,False,0.00026744844932825873,0.00042874231850450686
MLP,480,19,0.13519171,0,0.0,True,0.0013857134472612677,0.0010215874751982187
MLP,480,19,0.32176226,0,0.0,True,0.0016782877739752035,0.00029151542798376063
MLP,480,19,0.14579338,0,0.0,True,0.0019115539794321624,0.0022488580323465845
MLP,480,19,0.19233432,0,1.0,False,0.001552986040267457,0.0023122233969125267
MLP,480,19,0.2458201,0,0.0,True,0.004307128909363334,0.00038417625085016455
MLP,480,19,0.13737297,0,1.0,False,0.0021530371818906315,0.0010104224046957341
MLP,480,19,0.24517466,0,0.0,True,0.0008783213351888523,-0.0005008858027937554
MLP,480,19,0.5074159,1,0.0,False,-0.0005251240027452192,-0.0010525565325329755
MLP,480,19,0.14459814,0,1.0,False,-0.000497987492380415,0.00012415453317614873
MLP,480,19,0.16471468,0,0.0,True,0.0027821855053420962,0.0008513075341406139
MLP,480,19,0.25347567,0,1.0,False,0.002052892189073553,0.0008315891002817437
MLP,480,19,0.12509593,0,1.0,False,-0.0015524789197116787,0.0001395357357091189
MLP,480,19,0.1270694,0,0.0,True,0.002860806467335559,0.0010090750098270234
MLP,480,19,0.4880254,0,0.0,True,0.0015650660640166242,0.0017365627270430016
MLP,480,19,0.14536174,0,0.0,True,-0.0006959336307389285,-0.0004397846860105858
MLP,480,19,0.16791785,0,0.0,True,0.0010390037985820288,0.001453714910472366
MLP,480,19,0.15821438,0,1.0,False,0.002093730986380947,0.001399388396375749
MLP,480,19,0.28380367,0,0.0,True,0.001255493915155225,0.002397761733553994
MLP,480,19,0.14702305,0,0.0,True,0.001565690073779031,-0.00046159936172504454
MLP,480,19,0.43735477,0,1.0,False,0.0012375871851314424,0.0009863623214198904
MLP,480,19,0.22908933,0,0.0,True,-0.002072130044043009,-0.001982917808969914
MLP,480,19,0.2002553,0,0.0,True,-0.0004001388775487329,-0.0005616503134988299
MLP,480,19,0.15326354,0,1.0,False,0.0022387057534417323,4.2662394613315195e-05
MLP,480,19,0.12402666,0,0.0,True,0.0005214866660794157,-0.0011411423930697663
MLP,480,19,0.17627189,0,1.0,False,0.0018691619508984082,-8.817496082908294e-05
MLP,480,19,0.19347754,0,0.0,True,-0.001376949811900979,-0.0010257186852880096
MLP,480,19,0.17331514,0,1.0,False,-0.0024771889961114346,-0.0027763771712249843
MLP,480,19,0.29190356,0,0.0,True,0.0024703613835947375,0.0021942858259564038
MLP,480,19,0.15901558,0,0.0,True,0.0004900827877573585,-0.0017035467922270051
MLP,480,19,0.17559598,0,0.0,True,-0.004238586846132312,0.0003461574668639222
MLP,480,19,0.21648794,0,1.0,False,0.0037963468245969544,0.0014105241560181724
MLP,480,19,0.28852594,0,1.0,False,-0.001351202094116285,0.0012424700552530483
MLP,480,19,0.31006402,0,0.0,True,0.0018159688549044353,0.00128351418143076
MLP,480,19,0.2143306,0,0.0,True,-0.0006705455096034663,-0.001990435874377775
MLP,480,19,0.2816728,0,0.0,True,0.00104200586433672,0.0006861159421912612
MLP,480,19,0.3142769,0,1.0,False,-0.00016760113424874168,-0.00015469776129686526
MLP,480,19,0.25580323,0,0.0,True,0.0027909255509889243,0.002706892996786724
MLP,480,19,0.23117693,0,1.0,False,0.004650030468007283,0.0031180180003131104
MLP,480,19,0.12529759,0,1.0,False,-0.002705585124011628,-0.0017504829122290766
MLP,480,19,0.2884051,0,1.0,False,-0.00043864519508501085,0.0010023048075299321
MLP,480,19,0.13100135,0,0.0,True,0.0003714555526222334,-0.00040309260841540543
MLP,480,19,0.1575355,0,1.0,False,-0.0006828902587415236,-0.0007664826206662891
MLP,480,19,0.19157101,0,1.0,False,-0.00012946938747990935,0.0003103984224371435
MLP,480,19,0.15563487,0,0.0,True,-0.0011238451632907599,-0.0005807676846483229
MLP,480,19,0.20955552,0,1.0,False,0.0005565586318744155,-0.00013118065874582896
MLP,480,19,0.14302938,0,0.0,True,0.0008017457269800424,-0.0011697615461774913
MLP,480,19,0.38057253,0,0.0,True,-0.0003902947659644797,-0.0006561009774420879
MLP,480,19,0.2462914,0,0.0,True,-0.006004844232705981,-0.0043266366046458655
MLP,480,19,0.17132726,0,1.0,False,-0.00326109468165767,-0.001348902643769774
MLP,480,19,0.1981711,0,1.0,False,7.212239530420292e-05,0.0009122170663693902
MLP,480,19,0.3354508,0,1.0,False,0.001067537626869442,0.00015432069603254592
MLP,480,19,0.19270091,0,1.0,False,-0.006731073532264983,-0.00373372082986602
MLP,480,19,0.1592178,0,0.0,True,-0.0029127454467427474,-0.0008260823303395042
MLP,480,19,0.18583444,0,1.0,False,-0.0016914302238266816,-0.0008573488463361136
MLP,480,19,0.20808534,0,0.0,True,0.00461328318257451,0.0007779071695130534
MLP,480,19,0.10913539,0,1.0,False,0.004452641246877358,0.0035430046136345856
MLP,480,19,0.108624466,0,1.0,False,0.0038752077663685813,0.001175972564171264
MLP,480,19,0.1285772,0,0.0,True,0.001729903853861262,0.0034818827782186787
MLP,480,19,0.33927357,0,0.0,True,0.0008507237028600125,0.000546769508491613
MLP,480,19,0.2077017,0,1.0,False,-0.0010916772682929264,-0.00047432672988782955
MLP,480,21,0.20064354,0,0.0,True,0.00012817699203158996,0.0006378246334737895
MLP,480,21,0.1329581,0,0.0,True,0.0012960043703203084,0.001597746964482925
MLP,480,21,0.29472482,0,0.0,True,0.0020441676854019517,0.0014803066045327874
MLP,480,21,0.30982438,0,0.0,True,-0.0009869385964195584,-0.0013189728319201572
MLP,480,21,0.17069261,0,0.0,True,0.00256609832984434,0.001057982588228391
MLP,480,21,0.13974011,0,0.0,True,0.0012175256217611568,-0.000783985020636999
MLP,480,21,0.30389217,0,0.0,True,0.004297147136435151,0.0026689287963547487
MLP,480,21,0.13440207,0,0.0,True,0.0005053562017880999,0.001812148763375411
MLP,480,21,0.15350986,0,0.0,True,-0.0003045352093605393,-0.0005922081354672238
MLP,480,21,0.1389333,0,0.0,True,-0.0026406133132803817,-0.0020948437363022326
MLP,480,21,0.14294183,0,0.0,True,0.00041346988492018766,0.0015806344364572022
MLP,480,21,0.19310449,0,1.0,False,0.00145062362511533,0.002440442197942118
MLP,480,21,0.40657672,0,0.0,True,0.0008800140425648974,0.0003626307746670388
MLP,480,21,0.15103051,0,1.0,False,0.0009034820856925954,0.0008699970295006422
MLP,480,21,0.1996776,0,0.0,True,-0.0006083294554374784,0.0008800666949282688
MLP,480,21,0.3420331,0,0.0,True,-0.0018568455526189612,-0.0024811592900532177
MLP,480,21,0.16442814,0,0.0,True,0.002223474113890596,0.0006191650752953137
MLP,480,21,0.17180112,0,1.0,False,-0.00104423593644623,-0.00025294851953098314
MLP,480,21,0.3700402,0,1.0,False,-0.0012600635275482345,-0.000556261761566558
MLP,480,21,0.16789015,0,1.0,False,0.0008757187336206566,0.00037639207252105294
MLP,480,21,0.16374427,0,0.0,True,0.00010927024579003286,-0.0009703530520424461
MLP,480,21,0.12245992,0,1.0,False,0.001150549388858467,-0.0003893027611846627
MLP,480,21,0.15732414,0,1.0,False,-0.0009494849371827345,-0.0005021015252821927
MLP,480,21,0.26778847,0,1.0,False,-0.0005303129296241327,-0.0003000540779403318
MLP,480,21,0.14850566,0,0.0,True,0.0002939382383399569,0.0007252369114148797
MLP,480,21,0.11955552,0,1.0,False,-0.0007743123158399686,0.002307381949518546
MLP,480,21,0.21543741,0,1.0,False,4.463663196734649e-05,0.0003233021768271411
MLP,480,21,0.19102709,0,0.0,True,-0.0008298768183721621,-7.83477780176692e-06
MLP,480,21,0.21197934,0,1.0,False,0.0024055275239244986,0.002673741649417408
MLP,480,21,0.23395312,0,1.0,False,0.0016178616065714796,0.001158060922457687
MLP,480,21,0.12921719,0,0.0,True,-0.000209031100937586,7.806908636864278e-05
MLP,480,21,0.23074152,0,0.0,True,0.002403891414487896,0.0017621200615700792
MLP,480,21,0.21106403,0,1.0,False,-0.0004632517460128063,0.002292195437389772
MLP,480,21,0.15166177,0,1.0,False,-0.001696265651622382,0.0005964533397131382
MLP,480,21,0.12181738,0,1.0,False,-0.0023141992472504656,-0.0007101194145735096
MLP,480,21,0.13895154,0,1.0,False,-0.0005169406924248996,-0.0008089479316762521
MLP,480,21,0.17860703,0,0.0,True,-0.0014002407875593193,-0.0012754109026896282
MLP,480,21,0.117288634,0,0.0,True,0.0031485752343279228,0.0013362926218242709
MLP,480,21,0.21855448,0,1.0,False,0.00322249093522508,0.0014664993933365057
MLP,480,21,0.15138151,0,1.0,False,-1.7464289247170256e-05,-0.0007402273804937362
MLP,480,21,0.19055004,0,0.0,True,0.0002869738048363086,0.00017843815379659216
MLP,480,21,0.20629118,0,0.0,True,-0.0009307988740079328,-0.0007837754840244679
MLP,480,21,0.13229394,0,0.0,True,-0.001454779271336043,-0.0011820899494276677
MLP,480,21,0.13419315,0,0.0,True,0.001074535892672465,0.0006273602295321418
MLP,480,21,0.17308594,0,0.0,True,-0.0010706936357107299,-0.000418832171580383
MLP,480,21,0.1617867,0,1.0,False,-0.00037962249338515286,-0.0006544537488442821
MLP,480,21,0.2422027,0,0.0,True,0.002082918551441944,-0.0015764170355063278
MLP,480,21,0.20723641,0,1.0,False,-0.002575401383553182,-0.0019766058600731193
MLP,480,21,0.21259458,0,1.0,False,-0.001560950449284894,-0.0017369277424436969
MLP,480,21,0.16107541,0,1.0,False,0.001870209682265141,0.0017502418557195222
MLP,480,21,0.20964396,0,0.0,True,-0.0016681983659836998,-0.00012861099124356244
MLP,480,21,0.17772886,0,0.0,True,-0.002916090502801614,-0.0019823623493483928
MLP,480,21,0.18823978,0,0.0,True,-0.0012363040750472593,0.0005126723461599633
MLP,480,21,0.17430763,0,1.0,False,-0.0008611724413524796,-0.0003261552838754424
MLP,480,21,0.1406978,0,1.0,False,-0.000559079245338318,-0.001304154613193998
MLP,480,21,0.2059095,0,1.0,False,-0.0023753595267794626,-0.00048396205197620725
MLP,480,21,0.1464215,0,1.0,False,-7.961572472277416e-05,-0.0015470501357012223
MLP,480,21,0.16073057,0,1.0,False,-0.0016096759282931122,-0.00036173291015400617
MLP,480,21,0.20557635,0,0.0,True,0.0011459823457617006,-0.00042056661421903293
MLP,480,21,0.16939263,0,0.0,True,-0.0008821487932715379,-0.002224140443980836
MLP,480,21,0.12416701,0,0.0,True,0.00011309094499574476,-0.0001001361846645836
MLP,480,21,0.12570833,0,1.0,False,-0.0004740161039183224,-0.0022641117545899978
MLP,480,21,0.21585342,0,0.0,True,0.0015639244482817595,0.0012216585308223798
MLP,480,21,0.14258969,0,0.0,True,-0.00048075420107653456,0.00010220096948874522
MLP,480,21,0.3423783,0,1.0,False,-0.003601439494577351,-0.0012541220144340873
MLP,480,21,0.18629311,0,0.0,True,0.003757796230727884,0.0025861959984366766
MLP,480,21,0.2519963,0,0.0,True,-0.0009068770603814251,-0.001256151485484572
MLP,480,21,0.14948681,0,0.0,True,0.004453534416386767,0.002694943785189248
MLP,480,21,0.12804914,0,1.0,False,-0.004386580148585142,-0.00041576003188863967
MLP,480,21,0.2374182,0,1.0,False,-0.00257498703647848,-0.002434012585776187
MLP,480,21,0.31838068,0,1.0,False,0.002270322259079227,0.00293057600100909
MLP,480,21,0.17457756,0,1.0,False,0.0019466484207358921,0.0009167136878291883
MLP,480,21,0.15882228,0,1.0,False,0.00019945389388982941,0.0014192045808433566
MLP,480,21,0.18356343,0,1.0,False,-0.0028538479646785016,-0.0004098460934831628
MLP,480,21,0.14744848,0,0.0,True,-0.0014871770382545249,0.00013511018313749407
MLP,480,21,0.3357414,0,0.0,True,-0.002500241750219831,-0.0013011984995432112
MLP,480,21,0.18833116,0,1.0,False,0.0034440407722402078,0.0004390939390391264
MLP,480,21,0.12699959,0,1.0,False,0.003938028196968794,0.0013341696079612272
MLP,480,21,0.20894888,0,0.0,True,-0.0020618373246024373,-0.00027452131717806507
MLP,480,21,0.20138848,0,1.0,False,-0.0016194277576926605,-0.0011291559665675755
MLP,480,21,0.17762527,0,1.0,False,-0.002853837461553542,-0.0008754511769961748
MLP,480,21,0.13398536,0,0.0,True,-0.00035018495737168493,-0.00019824938938722367
MLP,480,21,0.1362061,0,0.0,True,0.003185416074935955,0.0021956462290408088
MLP,480,21,0.20015061,0,1.0,False,-0.004779602989835793,-0.002233454531946229
MLP,480,21,0.30420345,0,0.0,True,-9.966642812527842e-05,0.0011586116727327577
MLP,480,21,0.22698538,0,1.0,False,0.0016864560397518488,0.0009394197548438386
MLP,480,21,0.15451148,0,1.0,False,-0.001769450477366992,0.00017484827821503672
MLP,480,21,0.16079478,0,0.0,True,-0.0007414511082869636,-0.00015858069420861696
MLP,480,21,0.17666541,0,1.0,False,-0.0029923344142359,-0.0008228562171135821
MLP,480,21,0.18642282,0,0.0,True,0.00046852920693415576,-0.0001013002855004293
MLP,480,21,0.18890314,0,1.0,False,0.001461238237892856,0.0008880189938091972
MLP,480,21,0.23453687,0,0.0,True,-0.001457900136368406,0.00029970315702997796
MLP,480,21,0.16367345,0,1.0,False,0.0031978193359891625,0.0014247049984827417
MLP,480,21,0.13367179,0,0.0,True,0.0010609013205453224,0.0001520687274342998
MLP,480,21,0.124113016,0,0.0,True,0.0012843512665700648,0.0003367695896011409
MLP,480,21,0.34801644,0,0.0,True,-0.0018798316856089086,-0.0014724150911658183
MLP,480,21,0.20295127,0,1.0,False,0.002271041266042187,0.0005405936470264423
MLP,480,21,0.16249372,0,0.0,True,0.00048605670093164455,0.0008481001760338092
MLP,480,21,0.13423531,0,1.0,False,0.002247501398446089,0.001993099897648295
MLP,480,21,0.15680635,0,0.0,True,0.0008692909332152152,0.0005780536071849468
MLP,480,23,0.19854799,0,0.0,True,-0.0011908806052716157,-0.0018143056303171184
MLP,480,23,0.19159068,0,1.0,False,0.0004086132249252678,0.00043084408651541327
MLP,480,23,0.13224243,0,1.0,False,-0.0014733288868857078,-0.00024276022942565739
MLP,480,23,0.17570564,0,0.0,True,0.005153441478119915,0.002620387065224131
MLP,480,23,0.20422176,0,0.0,True,0.0006870495794673259,0.00013479349101862132
MLP,480,23,0.31949875,0,1.0,False,0.001868266306899807,0.0006727942467774408
MLP,480,23,0.19391973,0,0.0,True,-0.0001319720488362107,0.0015835043068801553
MLP,480,23,0.19156142,0,0.0,True,-0.0002845044723311649,-0.00034148345462323295
MLP,480,23,0.13949676,0,1.0,False,0.0003940092505163575,-0.0004109447495488387
MLP,480,23,0.30425912,0,1.0,False,-0.0024435038354894303,-0.0021803210523816804
MLP,480,23,0.14247018,0,0.0,True,-0.0008632911631330545,-0.002509917608551857
MLP,480,23,0.23067556,0,1.0,False,0.00026632004864380915,-0.00020826010471966148
MLP,480,23,0.16584253,0,0.0,True,-0.002854329485334131,-0.001137343493655352
MLP,480,23,0.17382652,0,0.0,True,0.0022344638403630043,0.0008128055383513495
MLP,480,23,0.34242934,0,1.0,False,-0.0006173847766148502,0.0011974225533619557
MLP,480,23,0.1351759,0,0.0,True,-0.003779785294842139,-0.0009404268412588065
MLP,480,23,0.1717475,0,0.0,True,0.001168127358137514,0.0004946083858001696
MLP,480,23,0.15945637,0,1.0,False,-0.0028334727442482174,-0.0027141505194776326
MLP,480,23,0.15601067,0,0.0,True,-0.0009229104216365325,0.0007480170377030327
MLP,480,23,0.1653103,0,1.0,False,-0.000974344636193172,-0.001219166765319743
MLP,480,23,0.21823269,0,1.0,False,-0.0017659324403464453,-0.0017546774043225373
MLP,480,23,0.1419972,0,0.0,True,-0.0003829453762154606,-0.001706918255850294
MLP,480,23,0.22364429,0,0.0,True,-0.0013962614585590226,0.0012147294814972513
MLP,480,23,0.15468968,0,1.0,False,0.0005479164419292644,-0.0016676779267736509
MLP,480,23,0.1352231,0,1.0,False,0.0019224021017055194,0.0017853557873000012
MLP,480,23,0.13772692,0,1.0,False,0.00043384500251549414,0.0005475628238188469
MLP,480,23,0.11595836,0,0.0,True,-0.00027486421798252433,-0.0017073267241939926
MLP,480,23,0.11887556,0,0.0,True,-0.0005405584136913359,0.00020770566297959733
MLP,480,23,0.19345643,0,1.0,False,-0.0013309255569279772,0.0006269362204373427
MLP,480,23,0.18681231,0,0.0,True,0.0012415566831219208,-0.0007207345739370419
MLP,480,23,0.15509291,0,1.0,False,0.0005392263519297663,0.0004130781314143767
MLP,480,23,0.15264739,0,1.0,False,-0.001271646516467561,-0.0006458560010173416
MLP,480,23,0.18817772,0,1.0,False,0.00021505855391940493,0.0002677359711358018
MLP,480,23,0.12433397,0,0.0,True,-0.001021835832618323,-0.0003177636482115777
MLP,480,23,0.1709753,0,0.0,True,0.0009079926013126511,0.0013178239652608156
MLP,480,23,0.3210943,0,1.0,False,0.0016419365501725038,0.001247058489697598
MLP,480,23,0.14285073,0,0.0,True,-0.003880062467298389,-0.000544690099579148
MLP,480,23,0.31947398,0,1.0,False,-0.0009213812427944151,0.0007101022010646759
MLP,480,23,0.16906299,0,0.0,True,0.0008495629567616868,2.3712152808148292e-05
MLP,480,23,0.47891718,0,1.0,False,-3.729423487188907e-05,0.0012817999729701005
MLP,480,23,0.18095654,0,1.0,False,-0.004575694027927856,-0.0011801054753274873
MLP,480,23,0.22794165,0,0.0,True,0.0005005988109843697,-0.0003738999735719166
MLP,480,23,0.16335672,0,0.0,True,-0.0018289591995325817,-0.0023143896508520047
MLP,480,23,0.1703762,0,0.0,True,0.0005205705573268552,0.0017793355930874203
MLP,480,23,0.3890068,0,0.0,True,-0.00020941591729414848,-0.0008844898995656293
MLP,480,23,0.1708263,0,1.0,False,0.0058803038502792315,0.0007401505014018281
MLP,480,23,0.13631707,0,0.0,True,-0.0023730267995924178,-0.002362620159300142
MLP,480,23,0.28201872,0,1.0,False,0.0003858929092184623,0.00013838415170183945
MLP,480,23,0.16933683,0,1.0,False,0.0019461672597857003,0.000528842281428037
MLP,480,23,0.2594182,0,1.0,False,9.799109999760054e-05,-0.00019823056836832103
MLP,480,23,0.15700407,0,0.0,True,0.001020352404008959,-0.0001539549697217614
MLP,480,23,0.23374969,0,1.0,False,0.0008773169320239549,0.00036925145850186215
MLP,480,23,0.12186302,0,0.0,True,0.0016958873289204585,0.0008268953499086604
MLP,480,23,0.2754857,0,1.0,False,0.0019828979889653597,-0.0001397384903130749
MLP,480,23,0.16001731,0,0.0,True,-0.0004290233692318022,0.0007460459008168322
MLP,480,23,0.13953598,0,0.0,True,-0.004544421876545689,-0.0018323243553386604
MLP,480,23,0.124109164,0,0.0,True,0.0010131693050268646,0.0005968355590316025
MLP,480,23,0.1769959,0,0.0,True,0.0014004856149472586,0.0012626271674292732
MLP,480,23,0.20714392,0,0.0,True,0.002313167048722273,0.001793195226204832
MLP,480,23,0.19445099,0,0.0,True,-0.0010094790134848118,-0.0005272452494513311
MLP,480,23,0.10665283,0,1.0,False,-0.0006461524048498674,0.001473592657832003
MLP,480,23,0.17992087,0,0.0,True,0.0006169360532188596,-0.001951514259917123
MLP,480,23,0.10972599,0,1.0,False,-0.002244335409132945,-0.0015152444892878119
MLP,480,23,0.1354177,0,0.0,True,-0.0013052279860171854,0.0012882749051606507
MLP,480,23,0.22830652,0,1.0,False,0.0017741795370874213,0.0012665899271650776
MLP,480,23,0.15894385,0,0.0,True,-0.0030277780079386294,-0.0014112210858391002
MLP,480,23,0.15343821,0,1.0,False,5.6701974969924156e-05,-0.00018261336353462477
MLP,480,23,0.17374451,0,0.0,True,-0.0001583197302847177,-0.0009943367873713185
MLP,480,23,0.21631233,0,1.0,False,2.3744813171765267e-05,-0.0008253115612497837
MLP,480,23,0.2432681,0,0.0,True,0.002105690463163571,-0.00026946670442850245
MLP,480,23,0.18635714,0,0.0,True,0.0029342297171369106,0.0004254075288471728
MLP,480,23,0.12328852,0,0.0,True,-0.002389647876861298,-0.0038199913922093544
MLP,480,23,0.20552318,0,1.0,False,0.0025913455575645623,0.0016492704214730281
MLP,480,23,0.2605833,0,0.0,True,0.001053059187216492,0.0007012267771547007
MLP,480,23,0.2012338,0,1.0,False,0.0001675724429293593,0.0008949006527951842
MLP,480,23,0.25767457,0,0.0,True,5.554962365555575e-05,-0.0008673290228790946
MLP,480,23,0.20259081,0,0.0,True,-0.0017867766304994032,-0.0014797404941088753
MLP,480,23,0.21435504,0,0.0,True,-0.0025337636401166377,-0.002479770976664616
MLP,480,23,0.28623566,0,1.0,False,-0.002312090449149259,-0.0027975127135404423
MLP,480,23,0.1631434,0,0.0,True,0.001604402554713987,0.0017680610624787796
MLP,480,23,0.21756625,0,1.0,False,-0.00041016677839490485,-0.0018692644324298975
MLP,480,23,0.13958758,0,1.0,False,-0.00022919281863208643,-0.00025105995333551896
MLP,480,23,0.14599985,0,1.0,False,0.002816442588683102,0.0008819427617294072
MLP,480,23,0.19013543,0,0.0,True,-0.0010082098055434194,-0.002149904573337847
MLP,480,23,0.12342275,0,0.0,True,0.002206825893485398,0.00237905426900055
MLP,480,23,0.123213604,0,0.0,True,0.0016534042403732396,0.0022513418719156105
MLP,480,23,0.19658549,0,1.0,False,0.0016595512590400617,0.000847111630161367
MLP,480,23,0.10934884,0,0.0,True,0.002133763473373109,0.0013348776998881454
MLP,480,23,0.1540299,0,0.0,True,0.00012984975724743224,-4.989509876403723e-06
MLP,480,23,0.17170863,0,1.0,False,0.00046287263855860353,0.00012397210252081844
MLP,480,23,0.1521499,0,1.0,False,-0.0007189346469145068,-0.0025309804709426004
MLP,480,23,0.111676715,0,1.0,False,0.0006376468018150269,0.00047699004828471656
MLP,480,23,0.19736089,0,1.0,False,-0.001366091349419217,-0.0009234416082852051
MLP,480,23,0.17490152,0,1.0,False,-0.002191107412111712,0.0007848173178473609
MLP,480,23,0.12913962,0,1.0,False,-0.0017238394151589066,-0.001382052592329245
MLP,480,23,0.24708565,0,1.0,False,0.0007022101743846675,0.0005417451140738622
MLP,480,23,0.16378018,0,0.0,True,-0.00036563413933234583,-0.00031375669747142
MLP,480,23,0.14791751,0,1.0,False,0.0026293222040720556,0.0003332700901074953
MLP,480,23,0.12376983,0,0.0,True,0.0013797747320372115,-2.9417926238602472e-05
MLP,480,23,0.14565827,0,1.0,False,-0.0005245783320135721,0.0009378414213498347
MLP,480,25,0.21922386,0,1.0,False,-0.0004300497807110531,-0.0017193580685802045
MLP,480,25,0.16583635,0,1.0,False,2.9327346554333565e-05,0.0004004275060330344
MLP,480,25,0.14174873,0,1.0,False,0.0008869463698856943,0.0007311123779801643
MLP,480,25,0.15282026,0,1.0,False,9.243548596765775e-05,0.0017382033816805266
MLP,480,25,0.14806542,0,1.0,False,-0.0013993528798712394,-0.002450010306323311
MLP,480,25,0.14819984,0,1.0,False,-0.0035955697836615066,-0.0019056401983912957
MLP,480,25,0.14696266,0,1.0,False,0.0007740461420003827,0.0002219026080941572
MLP,480,25,0.14921205,0,0.0,True,3.3284823329571575e-05,0.0014743301503193286
MLP,480,25,0.27170506,0,1.0,False,0.00213901095881062,0.00021683510777373096
MLP,480,25,0.18458937,0,1.0,False,-0.002800697078337397,-0.0015317819924523665
MLP,480,25,0.2065676,0,1.0,False,0.0028613201556830603,0.00108360198832738
MLP,480,25,0.5622766,1,0.0,False,-0.0003489464794319895,-0.0014900037846110748
MLP,480,25,0.23859845,0,0.0,True,-0.001764296393085331,-0.0016701939301264393
MLP,480,25,0.1895862,0,0.0,True,0.0031787583880486018,0.0010392872000552222
MLP,480,25,0.18040077,0,1.0,False,-0.0016537738382692523,-0.0002614992005865235
MLP,480,25,0.17710958,0,0.0,True,0.0015515394131381966,0.0012919410537170506
MLP,480,25,0.19192988,0,0.0,True,0.0029295660591646577,0.0014171909221527717
MLP,480,25,0.1959592,0,0.0,True,-0.001775600481024774,0.0002905972429885913
MLP,480,25,0.20353901,0,0.0,True,-0.0027748827549560575,-0.0005311798585336013
MLP,480,25,0.15500775,0,0.0,True,-0.001124934556812738,0.0001929256002535242
MLP,480,25,0.61817366,1,1.0,True,0.000751356358171543,-0.00110684517946123
MLP,480,25,0.47333086,0,0.0,True,-0.0036833006867924814,0.0005932234968881596
MLP,480,25,0.17205207,0,1.0,False,0.0025456086172356406,0.0017726130317094585
MLP,480,25,0.23215498,0,0.0,True,0.0011428856150123689,0.0013792823250323547
MLP,480,25,0.12910096,0,0.0,True,-0.002309638955856994,-0.002403578402239105
MLP,480,25,0.15931076,0,0.0,True,0.00023442210820237184,-0.0020380000494176985
MLP,480,25,0.19139329,0,0.0,True,-0.0016534883168734154,-9.214338249022627e-05
MLP,480,25,0.23859218,0,1.0,False,0.00262496870195409,0.0013907296943401625
MLP,480,25,0.1448678,0,0.0,True,0.004323645442255984,0.0031962302302200227
MLP,480,25,0.15333697,0,1.0,False,-0.0004626377380463578,0.00043839412817322436
MLP,480,25,0.1435317,0,1.0,False,0.003280569695561659,0.0018337687903429538
MLP,480,25,0.15939018,0,0.0,True,-0.001718059033075013,0.0003001656665836739
MLP,480,25,0.39284486,0,0.0,True,-0.002353856230070442,-0.0008540700543790463
MLP,480,25,0.15297478,0,0.0,True,0.004706141758231403,0.00203796525054219
MLP,480,25,0.11248409,0,0.0,True,-0.0029316098543078744,-0.0007403265931727893
MLP,480,25,0.12721519,0,0.0,True,0.0011589581414137393,0.00015896143104734417
MLP,480,25,0.13396595,0,1.0,False,0.0002201193837448257,-0.0011990199053593588
MLP,480,25,0.12605871,0,1.0,False,0.0015709888062081108,0.0018991941607487716
MLP,480,25,0.1641046,0,1.0,False,0.002041650853258662,-0.00021160171929044484
MLP,480,25,0.27271664,0,1.0,False,0.0011815348850339987,0.0012872711157729257
MLP,480,25,0.17310911,0,0.0,True,0.0009480744396591633,-1.7528729656184267e-05
MLP,480,25,0.18794549,0,1.0,False,-0.003584858132586372,-0.001328850955331696
MLP,480,25,0.1850841,0,1.0,False,-0.0004351269579477163,-0.0008928011687858185
MLP,480,25,0.12440364,0,0.0,True,0.004191624414149565,0.002519787529188609
MLP,480,25,0.19977342,0,0.0,True,0.00021701257823642306,-0.0017811858116178801
MLP,480,25,0.13786934,0,0.0,True,0.0008885829620562556,-0.0002904674732694443
MLP,480,25,0.14361063,0,0.0,True,0.0011569196068648806,0.0015673917526992426
MLP,480,25,0.14133818,0,1.0,False,0.001965148704059266,-0.00018797697839416562
MLP,480,25,0.15229557,0,0.0,True,0.0008394712958283789,-0.0006703970883952976
MLP,480,25,0.18295044,0,0.0,True,-0.005324073566378668,-0.001062822338904289
MLP,480,25,0.19865406,0,0.0,True,-0.0012787015683792986,-0.0007532243788759128
MLP,480,25,0.22647591,0,0.0,True,0.00039133255422442047,-0.00021345731491775936
MLP,480,25,0.16404504,0,1.0,False,-0.000551861806231399,6.137775910971777e-05
MLP,480,25,0.21097358,0,0.0,True,-0.0015603844200806018,-0.00016861838357062436
MLP,480,25,0.22914079,0,1.0,False,0.0011883856048620313,-0.00041682135675232793
MLP,480,25,0.14186879,0,1.0,False,-0.0001748392270231095,-0.0013896983472095436
MLP,480,25,0.17765862,0,1.0,False,-0.0009268166950961725,-0.0009535704184168819
MLP,480,25,0.24906708,0,0.0,True,-0.002498498659683749,-0.002087437267144408
MLP,480,25,0.2997456,0,0.0,True,0.0016050699823744773,1.750899630642229e-05
MLP,480,25,0.24114148,0,1.0,False,-0.00011141357780655831,0.0003542540022611605
MLP,480,25,0.15363997,0,0.0,True,0.0014613778705636743,0.0004919888540578195
MLP,480,25,0.20580158,0,0.0,True,-0.0005923177577426648,-0.0012374945171663286
MLP,480,25,0.19613114,0,1.0,False,0.003383247400816916,0.0023984856929008687
MLP,480,25,0.24032798,0,0.0,True,0.0012199898182064404,0.0019442353965129881
MLP,480,25,0.16568899,0,1.0,False,-0.001045477974782841,-0.0003194558129781354
MLP,480,25,0.24740118,0,0.0,True,0.0011655097288226434,0.00031336280632213577
MLP,480,25,0.1826565,0,1.0,False,-0.0032716047906623815,-0.0018122178797920741
MLP,480,25,0.23875274,0,1.0,False,0.00040621055644538424,0.0011164056761542751
MLP,480,25,0.14594224,0,0.0,True,-0.000776785329279234,-0.0008777051222617145
MLP,480,25,0.16734508,0,1.0,False,0.0009068891962727027,-0.00017622747183551805
MLP,480,25,0.14162213,0,0.0,True,0.0013772935568752036,0.00018619612893760462
MLP,480,25,0.1748353,0,1.0,False,0.00032834966681739587,-0.0005155736373256089
MLP,480,25,0.13502192,0,0.0,True,-0.0022524122820439803,-0.000865886824546871
MLP,480,25,0.16463558,0,0.0,True,-0.0010962831835952134,0.00012605986086525824
MLP,480,25,0.118314594,0,1.0,False,-0.0014966738740583715,0.00022128066852722451
MLP,480,25,0.12921035,0,1.0,False,0.006320667676481323,0.0030619580871915158
MLP,480,25,0.23556827,0,1.0,False,-0.00016593440658938002,0.00042600202199476146
MLP,480,25,0.15153429,0,1.0,False,0.0024949140457524877,0.0023542289083090273
MLP,480,25,0.20388578,0,0.0,True,-0.000501156497858549,-0.0005626822224425616
MLP,480,25,0.13434106,0,1.0,False,-0.0029500859668971737,-0.002430750433966935
MLP,480,25,0.19914687,0,0.0,True,0.0008643592260792513,6.43184618312508e-05
MLP,480,25,0.14919491,0,1.0,False,-0.0004161474553372758,0.0012380427129914245
MLP,480,25,0.1964144,0,1.0,False,0.0021436833969153595,-0.0004924334357220826
MLP,480,25,0.23774414,0,0.0,True,0.0026984309810127623,0.000873694874672204
MLP,480,25,0.1424265,0,0.0,True,-0.0005726653528939216,-0.0003816754731989143
MLP,480,25,0.1502434,0,1.0,False,-0.0004139966703896915,0.00016892187333868795
MLP,480,25,0.1335991,0,0.0,True,-0.0010809305862378318,-0.0011329912195592758
MLP,480,25,0.28039527,0,1.0,False,-0.00013642654445750784,0.0005381960262315678
MLP,480,25,0.16885163,0,0.0,True,-0.0007485207617811714,0.0017846632183913201
MLP,480,25,0.1643921,0,0.0,True,-0.0009135208512506409,-0.0008578853524389042
MLP,480,25,0.29841107,0,0.0,True,-0.0004971923804278946,0.0006387648446875503
MLP,480,25,0.15649952,0,1.0,False,0.0001650842267972938,-0.00016991826438803
MLP,480,25,0.18432142,0,1.0,False,-0.00328314893310276,0.00048819984923543217
MLP,480,25,0.38002536,0,0.0,True,-0.0030525617579987784,-0.0010918874952881128
MLP,480,25,0.12992385,0,1.0,False,0.0016873488866789156,0.0005179401034926256
MLP,480,25,0.20498025,0,1.0,False,0.0020482817135400178,0.002071937868211634
MLP,480,25,0.17939878,0,1.0,False,0.0032450950402996242,0.0012891870041543089
MLP,480,25,0.13225824,0,0.0,True,0.0032862661333084974,0.0022795346131984093
MLP,480,25,0.3181983,0,1.0,False,0.002948843168775273,0.003156554091601004
MLP,480,25,0.13809413,0,0.0,True,-0.0006677541791056454,-0.0006036019475930106
MLP,480,26,0.15181027,0,0.0,True,-0.0008257063490624554,-0.00031289063557296076
MLP,480,26,0.1822383,0,0.0,True,-0.0027271680095270565,-0.003008717686904384
MLP,480,26,0.19770956,0,1.0,False,0.0016594706598636114,0.0010821275620367023
MLP,480,26,0.21667744,0,1.0,False,-0.0030100332422352493,-0.004018863961734178
MLP,480,26,0.13399598,0,1.0,False,0.0015959607207142806,-0.00041814931377812586
MLP,480,26,0.26736495,0,1.0,False,-0.001055117743655778,-0.0006990384414052923
MLP,480,26,0.12868339,0,1.0,False,0.00033379594221411815,0.00019893132350955344
MLP,480,26,0.12547803,0,1.0,False,0.0006398805224660873,-0.0004043739453494128
MLP,480,26,0.62883,1,0.0,False,-0.004563562236729792,-0.0022084794936524017
MLP,480,26,0.20353606,0,1.0,False,0.0013983321391658568,0.001147282655028246
MLP,480,26,0.14140949,0,0.0,True,-0.001770396660988652,-0.0010758294815527284
MLP,480,26,0.25460154,0,0.0,True,-0.0007838305075358663,-0.0012330635199750651
MLP,480,26,0.53978425,1,1.0,True,0.0015855451599223705,0.002079498134021867
MLP,480,26,0.1698078,0,1.0,False,-7.046731327749086e-05,-0.001202518505635516
MLP,480,26,0.21728711,0,1.0,False,-0.0019373133062805783,-0.0009120520704726349
MLP,480,26,0.15408888,0,0.0,True,-0.001940654063219362,0.0007179307939703462
MLP,480,26,0.22446024,0,0.0,True,0.0007997005737373846,-0.001589779927392597
MLP,480,26,0.18409716,0,0.0,True,0.0017394908154122221,0.0012537365731959227
MLP,480,26,0.2726064,0,0.0,True,-0.0029584481869324797,-0.0021647648243577067
MLP,480,26,0.11078537,0,0.0,True,-0.0014974834643499237,-0.00010601858335362718
MLP,480,26,0.12618601,0,1.0,False,-0.0016181286879108582,-0.0014152578867734425
MLP,480,26,0.27327925,0,0.0,True,0.005031363696676895,0.002837733833598015
MLP,480,26,0.29070088,0,1.0,False,0.003406190016460088,0.0017206455690658511
MLP,480,26,0.15441042,0,0.0,True,-0.000495832500085323,-0.002311924043738653
MLP,480,26,0.18444856,0,0.0,True,5.548406865554267e-05,-0.0012549381201071375
MLP,480,26,0.13578022,0,1.0,False,-0.001628384953647969,-0.0008769387927508534
MLP,480,26,0.17714912,0,0.0,True,-0.001966461518025256,0.0002388734181544183
MLP,480,26,0.12702575,0,0.0,True,-0.002600582441665322,-0.0029426072671020235
MLP,480,26,0.10695249,0,0.0,True,-0.0006157714121375326,-0.000472934228373383
MLP,480,26,0.16953482,0,1.0,False,0.0008385068097890595,-0.00021471671809350615
MLP,480,26,0.1654059,0,1.0,False,-0.001422933933244997,-0.00037469189979396115
MLP,480,26,0.30203646,0,0.0,True,0.001805166690328775,0.0007361071920288052
MLP,480,26,0.12060161,0,1.0,False,-0.0009176144212679748,0.0009623853388513
MLP,480,26,0.17748022,0,0.0,True,-0.00406788214115882,1.6068427630028308e-05
MLP,480,26,0.2075705,0,0.0,True,-0.001540794858288795,-0.0019338744319763927
MLP,480,26,0.12339835,0,0.0,True,0.0013814090798667906,0.0014523676861093653
MLP,480,26,0.16913596,0,0.0,True,0.001723177105969967,0.0009810463865029895
MLP,480,26,0.14466722,0,1.0,False,0.0020838691345486434,-0.000521788612733027
MLP,480,26,0.24310854,0,1.0,False,0.0003131235141950002,-0.0009143619677317672
MLP,480,26,0.20064586,0,0.0,True,-0.00018255812944414487,0.0006755513084824665
MLP,480,26,0.15272166,0,1.0,False,0.004595382912198978,0.002226595190733219
MLP,480,26,0.1155024,0,0.0,True,-0.0002957556500301914,0.0006138984273658933
MLP,480,26,0.133249,0,1.0,False,-0.0024009117831345506,-0.0005660720371158304
MLP,480,26,0.24614985,0,1.0,False,0.0026550218052318205,0.002692385170227604
MLP,480,26,0.15826042,0,1.0,False,0.001222877473234458,0.0018297846580666117
MLP,480,26,0.45113897,0,1.0,False,-0.000561426313771154,-0.0018767363797690469
MLP,480,26,0.19166376,0,0.0,True,0.003582033912215848,0.00349018947295163
MLP,480,26,0.16041557,0,1.0,False,0.004497582063429371,0.0018591790219390746
MLP,480,26,0.19397913,0,1.0,False,-0.000625894410577951,5.7337384851456676e-05
MLP,480,26,0.15888251,0,1.0,False,-0.0009921959420136181,0.0003304345501616632
MLP,480,26,0.19309391,0,0.0,True,-0.0029142836338399126,-0.0006054077419216763
MLP,480,26,0.17830624,0,1.0,False,0.002685378438143084,0.0011775642850565112
MLP,480,26,0.12052129,0,0.0,True,0.0030128952930174643,0.0018796501292753585
MLP,480,26,0.12681183,0,1.0,False,0.005754675031373796,0.00521666793311938
MLP,480,26,0.15223452,0,0.0,True,-0.0010438443602674382,0.00010448836664295568
MLP,480,26,0.18669559,0,1.0,False,-0.003543186003243753,-0.0026635042934536803
MLP,480,26,0.15223368,0,0.0,True,0.00037692460094030414,-0.0007241590363501304
MLP,480,26,0.3932136,0,1.0,False,0.002295883209524995,0.0009528373170778937
MLP,480,26,0.18963496,0,0.0,True,-0.00244901110530077,-0.0010101735431804534
MLP,480,26,0.13552183,0,1.0,False,-0.0006286994887813534,-0.0007991821557999936
MLP,480,26,0.1361331,0,1.0,False,-0.0003242331877608272,0.001778245668586707
MLP,480,26,0.2858707,0,0.0,True,0.0007189204520772832,0.0011941903634652177
MLP,480,26,0.23919868,0,0.0,True,-0.0016494617396587332,-0.0010330520460334143
MLP,480,26,0.16031194,0,0.0,True,0.000608632082648975,0.0022028470990251374
MLP,480,26,0.2708862,0,1.0,False,-0.00022967303213988747,-4.328331823474173e-05
MLP,480,26,0.1417575,0,1.0,False,-0.001887572404983759,-0.0017023612254335263
MLP,480,26,0.13606307,0,0.0,True,0.0026172984886536476,0.002689685210836412
MLP,480,26,0.108131096,0,1.0,False,0.0010924088821751524,-0.0015362090044396114
MLP,480,26,0.20735379,0,1.0,False,-0.0028031432342736345,-0.0014434023377588971
MLP,480,26,0.2673264,0,0.0,True,-0.0017269555552769942,-0.0007355931796109078
MLP,480,26,0.13991447,0,1.0,False,0.00046948296447355567,0.00040465867555022135
MLP,480,26,0.14704391,0,1.0,False,0.0036781987746331134,0.0016531176128383553
MLP,480,26,0.14165996,0,1.0,False,0.003209261609552459,0.0013839700785569465
MLP,480,26,0.17614506,0,0.0,True,-0.0009550371226120253,-0.0004942969497603111
MLP,480,26,0.15187067,0,0.0,True,0.0009307659075445129,-0.00014804479188829388
MLP,480,26,0.2773555,0,1.0,False,0.0020242223262744137,0.00037608762440502713
MLP,480,26,0.21424071,0,1.0,False,0.003293492191483657,0.001877754854478786
MLP,480,26,0.15303823,0,1.0,False,0.0029219175672532327,0.0021933363853744174
MLP,480,26,0.14473344,0,1.0,False,0.0017376379807026868,0.001682763121054352
MLP,480,26,0.18853094,0,0.0,True,-0.00114882168635692,-0.000814326182671813
MLP,480,26,0.23375368,0,0.0,True,0.0005223112013232197,0.0007534954063200854
MLP,480,26,0.1974907,0,0.0,True,0.004372614779923059,0.0009855475018268841
MLP,480,26,0.21355759,0,1.0,False,-0.00029696826742657475,-0.0008456980606261943
MLP,480,26,0.16566844,0,1.0,False,0.0008430743456467122,0.0008177750057479403
MLP,480,26,0.21144608,0,1.0,False,-0.0016614359682997576,0.0003091397720947486
MLP,480,26,0.14659278,0,1.0,False,-0.0034492115159614404,-0.0033093222476135113
MLP,480,26,0.1517859,0,1.0,False,0.0005828064285964228,-0.00023946881812512928
MLP,480,26,0.34195736,0,1.0,False,0.0022873127473412194,0.00024778251629183133
MLP,480,26,0.2987217,0,0.0,True,0.00449830638580659,0.002940102588317502
MLP,480,26,0.12051481,0,1.0,False,-3.921499837290325e-06,-4.149845408475739e-06
MLP,480,26,0.3405806,0,1.0,False,0.0026171925389134607,0.0007216556397651803
MLP,480,26,0.12555441,0,1.0,False,0.0019202132611154824,-0.0015520976540513989
MLP,480,26,0.18900004,0,0.0,True,-0.0007692363545061679,-9.523908901128294e-05
MLP,480,26,0.14268649,0,0.0,True,0.0014795693303465943,8.79261402064784e-05
MLP,480,26,0.14786123,0,0.0,True,0.0028476258148031042,0.0002905802468378976
MLP,480,26,0.24537903,0,0.0,True,0.0011896197910763158,-0.0001281733203669816
MLP,480,26,0.20281808,0,0.0,True,-0.0001676032123666769,-0.0008775487298070553
MLP,480,26,0.15117398,0,0.0,True,0.0007942422109171356,0.00043403409998818583
MLP,480,26,0.127386,0,1.0,False,0.0006670771479643168,0.001202883137923893
MLP,480,26,0.15322022,0,1.0,False,-0.0031417783465526312,-0.0013419416956895862
MLP,480,28,0.13202505,0,0.0,True,-0.004932975657351869,-0.0019852723840708187
MLP,480,28,0.1812453,0,0.0,True,0.0008106889570753108,0.00021928019190152202
MLP,480,28,0.3786443,0,0.0,True,-0.0035351158111540746,-0.0016578748356234922
MLP,480,28,0.19002065,0,1.0,False,0.0020528855446845158,0.0007662789867533587
MLP,480,28,0.15554594,0,0.0,True,-0.0017408995381570202,-0.0014249811827095418
MLP,480,28,0.39169255,0,0.0,True,0.0019570131087003296,0.0011187765246195823
MLP,480,28,0.49760228,0,0.0,True,-3.0436139670874826e-05,-0.0014412626622620133
MLP,480,28,0.18899506,0,0.0,True,-0.0015721768817558463,-0.002679697788790741
MLP,480,28,0.23190537,0,0.0,True,0.002714790122684316,0.0007585438376546652
MLP,480,28,0.19877213,0,0.0,True,-0.001357234081354139,0.0005048201558280175
MLP,480,28,0.2413754,0,0.0,True,0.0011190975374326258,0.0008589343165384039
MLP,480,28,0.28184876,0,1.0,False,-0.0006337527233773346,0.0005021115728652097
MLP,480,28,0.33007017,0,0.0,True,-0.001176472306762611,-0.0008206592452526172
MLP,480,28,0.12912497,0,0.0,True,0.0009125441305438886,0.00241120553793225
MLP,480,28,0.2677526,0,0.0,True,0.0009116493941969787,-0.0013252436805080326
MLP,480,28,0.16929917,0,0.0,True,-0.0009753373110752326,0.00034295096319555816
MLP,480,28,0.24275635,0,1.0,False,0.0008075820735207694,-0.00028908556828568865
MLP,480,28,0.1282651,0,0.0,True,0.0007914794884560372,0.001576031125881642
MLP,480,28,0.22218533,0,1.0,False,-0.00042367722535555547,0.000542620710952571
MLP,480,28,0.25669894,0,1.0,False,-0.0011114324440809962,0.0008384278839877708
MLP,480,28,0.12219925,0,1.0,False,-0.003232227906926869,-0.001842517117218491
MLP,480,28,0.12521394,0,1.0,False,0.002082326268009892,0.0008171862188828251
MLP,480,28,0.48320267,0,1.0,False,-0.001104734649002547,-0.002921456016098381
MLP,480,28,0.16539903,0,1.0,False,-0.000722080236987834,0.0002480499945598459
MLP,480,28,0.2106137,0,1.0,False,-0.0006459651917701053,-0.0021876824986838007
MLP,480,28,0.1862511,0,0.0,True,-0.0012004148271155919,-0.0012277893092605327
MLP,480,28,0.20687811,0,1.0,False,-0.001748734753631065,-0.0006882579806594992
MLP,480,28,0.2004981,0,0.0,True,0.004158978430192419,0.003248845168859039
MLP,480,28,0.13035259,0,1.0,False,-0.00017272895846281628,-0.0014528840034456149
MLP,480,28,0.12808678,0,0.0,True,-0.001953428929864765,-0.0006666195083187287
MLP,480,28,0.12376539,0,0.0,True,-0.004586761141064485,-0.003938540431544917
MLP,480,28,0.19321512,0,0.0,True,0.0004470454807736393,0.0015918511625546247
MLP,480,28,0.16907053,0,1.0,False,0.0021219077627028927,0.0006699749533092764
MLP,480,28,0.1725867,0,1.0,False,0.0028970940013687187,0.000427013988027827
MLP,480,28,0.15601732,0,1.0,False,0.0009370376288410809,-0.00010223383997291054
MLP,480,28,0.13982208,0,0.0,True,-0.004279800496701936,-0.002925849995996825
MLP,480,28,0.43597564,0,0.0,True,0.0022059443082864056,0.0006452044051883922
MLP,480,28,0.17181699,0,1.0,False,-0.0021618603809058293,-0.0003312875909409436
MLP,480,28,0.13187748,0,1.0,False,0.004574082329187594,0.0022979806714087184
MLP,480,28,0.18617144,0,0.0,True,-0.00040803111779338426,-1.2248555038780994e-05
MLP,480,28,0.16649567,0,0.0,True,0.004193866135553272,0.0016991403568461828
MLP,480,28,0.15008664,0,0.0,True,0.0024341720740360118,0.0015006007868871405
MLP,480,28,0.20871583,0,0.0,True,0.0021382652628639223,0.0008386901378165166
MLP,480,28,0.16577002,0,0.0,True,-0.000507610854831764,0.002966369832885241
MLP,480,28,0.14141741,0,0.0,True,6.79373151027366e-05,0.0002944407937411798
MLP,480,28,0.161603,0,1.0,False,0.0004104471530014274,-0.000804152239385461
MLP,480,28,0.14094593,0,1.0,False,-0.00473569682645208,-0.004719235935570156
MLP,480,28,0.45356566,0,1.0,False,0.002781971265935128,0.0007819600617209102
MLP,480,28,0.24767253,0,1.0,False,0.0008042108599349217,1.669333465664111e-05
MLP,480,28,0.16873448,0,1.0,False,0.00014145000269778662,0.0001372705586098734
MLP,480,28,0.76727825,1,1.0,True,-0.0032854136196891464,-0.0012556503282041133
MLP,480,28,0.17054603,0,1.0,False,0.002896600729841382,0.0016544396834286647
MLP,480,28,0.16571414,0,0.0,True,0.0022857376040614826,-0.0009033796312283582
MLP,480,28,0.14140458,0,0.0,True,0.0023380865025510243,-0.0011295216777428949
MLP,480,28,0.21734437,0,0.0,True,-0.00154588222397526,-0.0014428829247055748
MLP,480,28,0.24019064,0,0.0,True,0.0009604299880122506,0.0011402317508935093
MLP,480,28,0.16997218,0,0.0,True,-0.001987593304810431,-0.0008975278058181713
MLP,480,28,0.22822925,0,1.0,False,0.0021837121216568387,-0.0001607537420592921
MLP,480,28,0.16159393,0,0.0,True,0.00015448275139471736,-0.0004852142675843002
MLP,480,28,0.30119452,0,1.0,False,-0.0011381276455231422,-0.0009270916757991729
MLP,480,28,0.22605905,0,1.0,False,-0.003525717097944069,-0.002070871433230587
MLP,480,28,0.13898015,0,1.0,False,0.00198311458394256,0.0015106243940853094
MLP,480,28,0.21166237,0,1.0,False,0.001527151430659492,0.0005142353648006842
MLP,480,28,0.14623258,0,1.0,False,-0.00028712497005579365,0.0016282568405305957
MLP,480,28,0.15311585,0,0.0,True,-5.20072450668502e-05,0.0008234150024482233
MLP,480,28,0.16141593,0,0.0,True,-0.0024482534107327933,-0.0031822362563521406
MLP,480,28,0.2356491,0,1.0,False,-0.004262152011152761,-0.0014321724448884317
MLP,480,28,0.13032027,0,0.0,True,-0.0007942601064553996,-0.0006464464212221972
MLP,480,28,0.20981331,0,0.0,True,0.0018882360793612087,0.002051630395861495
MLP,480,28,0.16198899,0,0.0,True,-0.0018320859902821235,-0.0016990855713428861
MLP,480,28,0.13182002,0,1.0,False,-0.002168958566638047,-0.00024253422267926823
MLP,480,28,0.25593132,0,1.0,False,0.001804508413900623,-0.0008882960212956434
MLP,480,28,0.3194974,0,1.0,False,0.003192273591179951,0.0026948997117064452
MLP,480,28,0.15768257,0,1.0,False,-0.0009941804465897937,-0.0002811687828733815
MLP,480,28,0.3154668,0,1.0,False,0.0011829318532700877,-0.000369940778904217
MLP,480,28,0.1353644,0,1.0,False,-0.0032570683162405473,-0.0016321863879889126
MLP,480,28,0.2351074,0,1.0,False,0.00041751773698783893,0.0009836444530196718
MLP,480,28,0.29408422,0,0.0,True,0.0013703065409896786,0.0013542724147621004
MLP,480,28,0.1684092,0,1.0,False,-0.0015658855537127687,-0.0021988312200852643
MLP,480,28,0.25136733,0,0.0,True,0.003409498799944081,0.002890798717010069
MLP,480,28,0.25717336,0,1.0,False,-0.0024577672382550763,-0.001241153475111097
MLP,480,28,0.23635697,0,0.0,True,0.000922400584763481,0.0005926616661398864
MLP,480,28,0.22758512,0,0.0,True,-0.0003484591804192939,-0.0011190367144458977
MLP,480,28,0.18144748,0,0.0,True,0.0018537514095678413,9.998960074531604e-05
MLP,480,28,0.14728409,0,1.0,False,-0.00028741496269387817,0.00043486580309015004
MLP,480,28,0.24092528,0,1.0,False,0.0017258997616000386,0.0020409165258643888
MLP,480,28,0.24391644,0,1.0,False,0.00301074038659498,0.0018601505737762692
MLP,480,28,0.2403221,0,1.0,False,0.0033706709145828835,0.002717071729625733
MLP,480,28,0.17521395,0,1.0,False,-0.0005057387010900059,0.0008956735937756581
MLP,480,28,0.15102164,0,1.0,False,-0.00010137031140860339,-0.002334682598874767
MLP,480,28,0.23663495,0,1.0,False,-0.0002960650826422035,0.001954608197212358
MLP,480,28,0.22976153,0,1.0,False,-0.00023877873722797372,-0.0002823194138190061
MLP,480,28,0.13878588,0,1.0,False,0.0014339834421696427,0.00038638054954394114
MLP,480,28,0.16709724,0,1.0,False,-0.00013928686616244236,0.0005833122487094544
MLP,480,28,0.16106634,0,1.0,False,-0.0005393392454579532,0.0008402775574571677
MLP,480,28,0.32989615,0,0.0,True,0.0031936782918418507,0.003601690432035243
MLP,480,28,0.21450251,0,0.0,True,-0.00057696031288027,0.0004282548482323318
MLP,480,28,0.3210767,0,0.0,True,-0.002149706855012848,-0.0006800036741360027
MLP,480,28,0.3727193,0,1.0,False,0.0028194674491128836,0.002295691453368271
MLP,480,28,0.25728932,0,0.0,True,0.004682146218631311,0.004652265874071336
MLP,480,30,0.14765482,0,0.0,True,7.548617673405297e-05,-0.0008780615804831661
MLP,480,30,0.118020706,0,0.0,True,-0.0032029435072864123,-0.0017521175966938249
MLP,480,30,0.12405625,0,0.0,True,0.0019224077940153096,0.0013714733542319747
MLP,480,30,0.14286576,0,0.0,True,0.001950111394036753,0.000810847306934802
MLP,480,30,0.22343427,0,0.0,True,0.002453010838753235,0.0010536289112160456
MLP,480,30,0.18831007,0,0.0,True,-0.002905868640474387,-0.0012675061278221884
MLP,480,30,0.26466954,0,1.0,False,0.0019247512104288407,0.0017044727910017173
MLP,480,30,0.14866897,0,1.0,False,-0.002583989908411506,-0.0004618334949740288
MLP,480,30,0.14826359,0,1.0,False,0.004884103499643426,0.0031519655885480836
MLP,480,30,0.12197145,0,1.0,False,0.0015742453835882434,6.948014936068883e-05
MLP,480,30,0.2812147,0,0.0,True,0.0019376358844134843,0.0006159966611981509
MLP,480,30,0.16327412,0,1.0,False,-0.0014599449003813944,-0.000973601942322885
MLP,480,30,0.16071057,0,0.0,True,-0.002771834592904536,-0.0017646094474286144
MLP,480,30,0.35406008,0,1.0,False,-0.0007635659661020687,0.0005114373212606845
MLP,480,30,0.2097017,0,1.0,False,0.0011639113961482526,-0.00011030254989863482
MLP,480,30,0.24886459,0,1.0,False,0.0014512934112798496,0.0009869580045096568
MLP,480,30,0.20910737,0,0.0,True,0.0021910535645468755,0.0012049555754178897
MLP,480,30,0.35267544,0,1.0,False,0.0018235838107166454,0.0014464166413112138
MLP,480,30,0.14455982,0,0.0,True,-0.00216430465006789,-0.0027630906161498856
MLP,480,30,0.18953626,0,0.0,True,-0.0010357086195621366,-0.0009801943817898603
MLP,480,30,0.4630367,0,0.0,True,-0.0017199485066594048,-0.0002019084501923184
MLP,480,30,0.15545924,0,1.0,False,0.000329175127385153,-0.0003887916483812858
MLP,480,30,0.1866212,0,0.0,True,-4.3555045753959295e-05,-0.0011799757256685545
MLP,480,30,0.20377983,0,1.0,False,0.0012385725508860363,0.0014571247076473294
MLP,480,30,0.2866054,0,1.0,False,0.0003378508970838389,-0.0010766481212665738
MLP,480,30,0.18246962,0,0.0,True,-0.0021435897557199554,0.0001526149704861031
MLP,480,30,0.25222322,0,1.0,False,-0.0016519284972116694,-0.002045849395974203
MLP,480,30,0.16395041,0,0.0,True,-0.004619379008361039,-0.001754961596317355
MLP,480,30,0.4724347,0,1.0,False,0.0022785824975794524,0.0021241928348005915
MLP,480,30,0.12698512,0,0.0,True,0.0015209760555033752,-7.531716514299326e-05
MLP,480,30,0.14055716,0,0.0,True,0.0011307373875447048,0.0017719322222977873
MLP,480,30,0.22624409,0,1.0,False,-0.005179954847796257,-0.0017972815380761379
MLP,480,30,0.12396233,0,1.0,False,-0.002890231495162645,-2.377544758380248e-05
MLP,480,30,0.16497241,0,1.0,False,4.498445601302711e-05,-0.0010387331171573416
MLP,480,30,0.17169148,0,1.0,False,-0.0013138510097140846,-0.0005532277351298653
MLP,480,30,0.1224913,0,0.0,True,0.0020809754684074067,0.0026578513190631202
MLP,480,30,0.16468978,0,0.0,True,-0.0003772086076143539,-0.0006471302350591013
MLP,480,30,0.17966282,0,1.0,False,0.002215729909601295,0.0003194990595376555
MLP,480,30,0.10746574,0,1.0,False,0.0003143291102973952,3.6064452095942137e-05
MLP,480,30,0.16571902,0,0.0,True,-0.0007480637127738902,-0.0004264575560455204
MLP,480,30,0.13568427,0,1.0,False,-0.0031216104677271915,4.0166235853536565e-05
MLP,480,30,0.16476487,0,1.0,False,0.00041610187754962275,0.0012696275266064429
MLP,480,30,0.16067654,0,1.0,False,0.003556343364888842,0.004152206187054935
MLP,480,30,0.16659096,0,1.0,False,-0.0006372610039265867,-0.0008814997870003853
MLP,480,30,0.13900033,0,0.0,True,-0.0014318547505963522,0.00012055609839722983
MLP,480,30,0.2640715,0,0.0,True,-0.0031474812813379856,-0.00262845522334969
MLP,480,30,0.19264121,0,0.0,True,-0.00047920695962637736,-0.002861250629918103
MLP,480,30,0.22214958,0,1.0,False,0.0026616052791927003,-0.00010468003382724279
MLP,480,30,0.11505805,0,0.0,True,-0.0029354840534288095,-0.0012318606574856508
MLP,480,30,0.19490634,0,1.0,False,0.0022053317304641957,0.0010669226284522485
MLP,480,30,0.13261646,0,1.0,False,-0.0019675616541744694,0.00018496613808295626
MLP,480,30,0.15838487,0,0.0,True,0.002822260358679043,-0.0008670785051885991
MLP,480,30,0.12353867,0,0.0,True,-0.001054826347675493,-0.00032444999877187476
MLP,480,30,0.116830856,0,1.0,False,0.0033130100403629854,-0.0010548833177665765
MLP,480,30,0.152529,0,0.0,True,-0.001957673372165238,-0.0011059603874328697
MLP,480,30,0.1407972,0,1.0,False,-0.002515603109585405,-0.00015418462756271132
MLP,480,30,0.14712061,0,1.0,False,-0.0014299653483931935,-0.00035619072910218855
MLP,480,30,0.30234918,0,0.0,True,-0.003097099786706498,-0.0029435616034518106
MLP,480,30,0.14432324,0,1.0,False,-0.0013774819524143846,-0.0018186348823235926
MLP,480,30,0.17569163,0,0.0,True,-0.0012461457296932535,-0.00016804990403027667
MLP,480,30,0.13661684,0,0.0,True,-8.564509987342e-05,6.197192613935163e-05
MLP,480,30,0.12673472,0,0.0,True,-0.003045468064681209,-0.002073349043217032
MLP,480,30,0.25991315,0,1.0,False,0.002235375224736036,0.0005222539004205853
MLP,480,30,0.1677256,0,0.0,True,0.0011456923865702721,0.0020522926279157813
MLP,480,30,0.19562677,0,1.0,False,-0.0009829870729252774,0.0005964661437706046
MLP,480,30,0.3547924,0,0.0,True,-0.0008704085063749822,0.0007266120960201151
MLP,480,30,0.12054163,0,0.0,True,-0.0014723276253715036,-0.0028322828012924154
MLP,480,30,0.13203768,0,1.0,False,-0.0015354771629402485,-0.0015720689639975819
MLP,480,30,0.14541884,0,1.0,False,-0.005050648544542545,-0.001477313191807255
MLP,480,30,0.15188293,0,1.0,False,0.0016962255790676712,0.0017500324654939367
MLP,480,30,0.18760367,0,0.0,True,-0.0020145559702201467,-0.0012463859328437155
MLP,480,30,0.2948,0,0.0,True,-0.002449796639789954,-0.0017949120458740314
MLP,480,30,0.11698404,0,1.0,False,-0.002150316502621029,-0.0015955054835295984
MLP,480,30,0.1848549,0,0.0,True,0.001998383287252223,0.0015782810093124763
MLP,480,30,0.15999074,0,1.0,False,-0.0038481756070130784,-0.001548837665761699
MLP,480,30,0.14664686,0,0.0,True,-0.0028184225627002086,-0.0029432691596239647
MLP,480,30,0.78259724,1,1.0,True,-0.0007258334099809183,0.0009935072038173508
MLP,480,30,0.17529899,0,1.0,False,-0.0006208311119022437,0.001721043457941666
MLP,480,30,0.21146068,0,0.0,True,-0.0006877107875681487,0.0010617941129063954
MLP,480,30,0.29373997,0,0.0,True,-0.00016003970607582398,-0.0015578208156703107
MLP,480,30,0.23791502,0,0.0,True,-0.001968858366421958,-0.0011218953098015112
MLP,480,30,0.29039302,0,0.0,True,0.0012784159560614806,0.0008879142137245813
MLP,480,30,0.18172394,0,1.0,False,-0.0004735976289849222,-0.0006876456428198973
MLP,480,30,0.2605127,0,0.0,True,-0.0018336954972344901,-0.0020973348672624474
MLP,480,30,0.19227734,0,1.0,False,0.0018180115580648613,0.0035222544224603213
MLP,480,30,0.23877639,0,1.0,False,0.0019133290811824257,-0.0006708352664889259
MLP,480,30,0.18858226,0,0.0,True,0.00046881477559109283,-2.6999325654445637e-05
MLP,480,30,0.39032686,0,0.0,True,0.0011765574725597055,0.00020580938545476676
MLP,480,30,0.1427264,0,0.0,True,0.001439106908412559,-0.00025745671335054756
MLP,480,30,0.43373546,0,0.0,True,-0.0037296156228131486,-0.0020699799447018176
MLP,480,30,0.18721697,0,0.0,True,-0.0005705414590418172,-0.0007980676432597954
MLP,480,30,0.15004508,0,0.0,True,0.003191911769995452,0.0010835601050904107
MLP,480,30,0.2815697,0,0.0,True,-0.00153913435923347,-0.0010402524679110716
MLP,480,30,0.18673413,0,1.0,False,-0.002671786496229194,-0.0008111240616758192
MLP,480,30,0.1696603,0,0.0,True,0.0019297797463545007,-0.0007850590556717211
MLP,480,30,0.25987008,0,1.0,False,-0.002821725624950167,-0.0020236036276564816
MLP,480,30,0.14824368,0,1.0,False,8.619997255183108e-05,0.0012836195064093523
MLP,480,30,0.22798401,0,1.0,False,-0.003466980119976564,-0.0030266867386786944
MLP,480,30,0.17526758,0,1.0,False,0.002002219300219538,0.0013600664219547362
MLP,480,30,0.3879695,0,0.0,True,0.0008537005572627266,0.0005452958598639579
MLP,480,32,0.28542152,0,1.0,False,0.0010177493773074235,0.0015282170167731377
MLP,480,32,0.1436987,0,1.0,False,0.0006606549909728453,0.0005089192763834502
MLP,480,32,0.21070497,0,0.0,True,-0.0022741653241639785,-0.0013361530353960455
MLP,480,32,0.16447984,0,0.0,True,0.0019614087851362243,0.002068068453082794
MLP,480,32,0.21803838,0,0.0,True,0.0033551926935723106,0.0004938204017675832
MLP,480,32,0.14289232,0,0.0,True,0.00016494045693367411,-0.001045334455995801
MLP,480,32,0.15331331,0,1.0,False,-0.001126997050266313,9.102786371214982e-05
MLP,480,32,0.2559733,0,0.0,True,-0.0011923003982893614,-0.0022648608743888916
MLP,480,32,0.19192229,0,0.0,True,-0.0010517867961388372,-0.0005089288411173837
MLP,480,32,0.17626101,0,1.0,False,-0.00010481620697384035,0.001305707001830732
MLP,480,32,0.25226966,0,0.0,True,-0.00021948542242661396,0.0011560041069534521
MLP,480,32,0.13479339,0,1.0,False,0.0014696261788430766,0.001540602012874189
MLP,480,32,0.2803532,0,1.0,False,-0.0011214226521863472,-0.000369574349746532
MLP,480,32,0.22027418,0,0.0,True,-0.001747815659744946,-0.0013492073676992687
MLP,480,32,0.49104878,0,1.0,False,0.0024684837126736528,0.0006466532433273646
MLP,480,32,0.40503308,0,0.0,True,-0.000887316053743774,-0.001671946639287009
MLP,480,32,0.14377533,0,0.0,True,-0.002322402029763892,-0.0017194966518199173
MLP,480,32,0.33797002,0,0.0,True,-0.0030185496874376326,-0.0013062735962264286
MLP,480,32,0.18073592,0,0.0,True,-0.0029379910839187873,-0.001426038980266511
MLP,480,32,0.7958991,1,1.0,True,-0.0028662623479474313,-0.0004702001624575784
MLP,480,32,0.27040985,0,0.0,True,0.00014309170145858564,-0.0010934780770523195
MLP,480,32,0.14985499,0,1.0,False,0.0011076435516135788,0.0010173293245422984
MLP,480,32,0.24991673,0,1.0,False,-0.0017575621184383737,-0.0016376873488347088
MLP,480,32,0.19115141,0,0.0,True,0.0007269642262241242,0.0010720681582469095
MLP,480,32,0.24332096,0,0.0,True,0.0007652505893952982,-0.0010190642876921625
MLP,480,32,0.20734887,0,0.0,True,-0.00023814843069315644,-0.0008042142609192337
MLP,480,32,0.16338323,0,0.0,True,-0.0017042703663157379,-0.001383787134934368
MLP,480,32,0.20878124,0,1.0,False,0.0006841315751638495,0.00012736082056848813
MLP,480,32,0.20333567,0,1.0,False,-0.0027226876283383407,-0.0024642874059534643
MLP,480,32,0.32231256,0,1.0,False,-0.0016721336697279848,-0.00042422636701538763
MLP,480,32,0.40006688,0,0.0,True,-0.0005512444345158286,-0.0016837104455604327
MLP,480,32,0.1430985,0,0.0,True,0.0009726381332608804,0.0008648966580678337
MLP,480,32,0.6253787,1,0.0,False,-0.0009922531893130485,-0.00034008024285075023
MLP,480,32,0.2514962,0,0.0,True,-0.004610572330103497,-0.0019246972092969153
MLP,480,32,0.15587588,0,0.0,True,8.99353838274751e-05,0.0004690890283183143
MLP,480,32,0.159003,0,1.0,False,-0.0020399183187385993,0.0006180165199433262
MLP,480,32,0.13792442,0,0.0,True,0.004124326209431782,0.002792060146997581
MLP,480,32,0.25311482,0,0.0,True,-0.001592099155550531,-0.00025278921861243215
MLP,480,32,0.13363414,0,1.0,False,0.0010785925101333396,0.0008707439804522342
MLP,480,32,0.17074938,0,0.0,True,-0.0005360911164342825,-0.0006882466518384006
MLP,480,32,0.18529442,0,0.0,True,0.0029169402036500537,0.0024715837756856466
MLP,480,32,0.18099478,0,1.0,False,-0.0022156611877685783,-0.0009763387326847734
MLP,480,32,0.34856886,0,1.0,False,-4.7047484510158494e-05,0.0006630315188028793
MLP,480,32,0.16084239,0,0.0,True,-0.002114529138307874,0.0004781252543505693
MLP,480,32,0.16507871,0,0.0,True,-0.00040824094874015754,3.926953820269287e-05
MLP,480,32,0.26165652,0,1.0,False,0.001261109345187582,-0.0002353094625383239
MLP,480,32,0.18437915,0,0.0,True,-0.0022563302934760143,-0.002533137163665907
MLP,480,32,0.30176556,0,0.0,True,-0.0002296609486567867,0.0009673253512143208
MLP,480,32,0.12236171,0,1.0,False,0.0012832681662567776,0.00047920435553613217
MLP,480,32,0.27539533,0,0.0,True,-0.003914446610371381,-0.0014542540836260062
MLP,480,32,0.16595447,0,0.0,True,-0.00011312600098869467,-0.0005486326767999367
MLP,480,32,0.25803688,0,1.0,False,-0.0005314500651031129,0.00011227906310750483
MLP,480,32,0.117767826,0,1.0,False,0.0016055520359896855,0.0013459743583735648
MLP,480,32,0.1369228,0,0.0,True,0.001748200158826656,0.0011798001588071705
MLP,480,32,0.2672462,0,1.0,False,0.0009974872890206202,-0.001212781300053258
MLP,480,32,0.21717677,0,1.0,False,-0.001795383039628797,-0.002163561037743862
MLP,480,32,0.15634272,0,0.0,True,0.0011643059379914669,-9.714664434226118e-05
MLP,480,32,0.16055495,0,0.0,True,-0.0014462197820248907,-0.0015306956640867503
MLP,480,32,0.10696153,0,0.0,True,0.0009618778651735807,-0.00046954548363049576
MLP,480,32,0.14667259,0,0.0,True,0.0005683037331331611,-0.0005152064095370145
MLP,480,32,0.27590704,0,1.0,False,0.003946364550374536,0.0027836109444225082
MLP,480,32,0.19276458,0,1.0,False,-0.0035229654222889433,-0.001445492103235312
MLP,480,32,0.174643,0,0.0,True,0.0017125248760763608,0.001056880629043178
MLP,480,32,0.13418776,0,1.0,False,-0.0005223609363192718,-0.0008667853385985175
MLP,480,32,0.15732163,0,0.0,True,0.0011947435446609074,0.001239794389018727
MLP,480,32,0.30833834,0,0.0,True,-0.000663651627107873,0.0005718423437841239
MLP,480,32,0.13034332,0,0.0,True,0.0031043540889733206,9.033740310065073e-05
MLP,480,32,0.2169676,0,1.0,False,0.0017265234974977444,0.00048333284967128206
MLP,480,32,0.19886655,0,1.0,False,0.00039106470782529723,0.00035233966981308826
MLP,480,32,0.30962428,0,0.0,True,-0.0010551461575693845,0.0006766682810559215
MLP,480,32,0.23163728,0,1.0,False,0.0020170898264920737,0.0015837953609096442
MLP,480,32,0.12297897,0,1.0,False,0.0027310760563813426,0.00030012519610175516
MLP,480,32,0.14012066,0,0.0,True,0.002209451483098682,0.0026253526647563408
MLP,480,32,0.24075851,0,1.0,False,0.004277473655084984,0.002971466612298159
MLP,480,32,0.22882472,0,1.0,False,0.0005820394984637885,-9.090403879991586e-05
MLP,480,32,0.27300993,0,0.0,True,-0.0005947287194715378,-0.0007304666475823804
MLP,480,32,0.63953614,1,1.0,True,0.0009095527110692412,0.0004270418621575067
MLP,480,32,0.40969747,0,0.0,True,-0.0011849277924176234,0.0008864287573088184
MLP,480,32,0.20362632,0,0.0,True,-0.0019593293557200113,-0.0007771843119017672
MLP,480,32,0.15338069,0,1.0,False,0.003225925185265394,0.0016749811213457057
MLP,480,32,0.17505926,0,1.0,False,0.0005130513677667647,0.00031765704892881786
MLP,480,32,0.25936443,0,0.0,True,0.0004001361076138976,0.00026993163024407915
MLP,480,32,0.18221761,0,0.0,True,0.003929750946121086,0.000768753076385489
MLP,480,32,0.18826105,0,1.0,False,-0.004036054523646729,-0.0028255026117526925
MLP,480,32,0.17363419,0,0.0,True,-0.0029082843082119544,-0.002240674790019586
MLP,480,32,0.17481133,0,1.0,False,0.0012438333610984673,0.00020892003337448205
MLP,480,32,0.14701633,0,0.0,True,1.1591583606107733e-05,0.0013699121565275518
MLP,480,32,0.15394554,0,0.0,True,3.953954556515865e-05,-0.0002786186894179368
MLP,480,32,0.18385999,0,1.0,False,0.0017395760239841322,0.0015236884756499732
MLP,480,32,0.15859662,0,0.0,True,-0.0013235585587178349,0.00019460100148677726
MLP,480,32,0.14945787,0,1.0,False,-0.0018698713429944273,-0.0004092999579711264
MLP,480,32,0.1352409,0,0.0,True,0.0015819821525386258,0.0015492241115155016
MLP,480,32,0.16366285,0,0.0,True,-0.0021748666430874415,-0.0007751650348413443
MLP,480,32,0.20433533,0,0.0,True,0.0001346925040738012,0.0007269873427850481
MLP,480,32,0.16330755,0,0.0,True,-0.002532509763324189,-0.0015338693033987673
MLP,480,32,0.17172764,0,1.0,False,-0.0018129822899611361,-0.00014658498901950733
MLP,480,32,0.18469547,0,0.0,True,0.0028643597754642097,0.00201356896347962
MLP,480,32,0.21084656,0,1.0,False,-0.0014636124247401916,-0.0014307633342341467
MLP,480,32,0.20379362,0,0.0,True,0.0024090013081396306,-0.000562414515776987
MLP,480,32,0.1588303,0,1.0,False,0.0013221482382405375,0.0009839352516295597
MLP,480,34,0.12513097,0,0.0,True,0.0031715146339779047,0.0004406090208239246
MLP,480,34,0.37729374,0,1.0,False,0.0003669840257824957,0.001638840979667078
MLP,480,34,0.26901618,0,1.0,False,-0.00017511848326507074,-0.0006630131998730981
MLP,480,34,0.16419636,0,0.0,True,-0.0022801270909521857,-0.0013464570793733982
MLP,480,34,0.13302228,0,0.0,True,0.0018142509526464677,0.002682778666112844
MLP,480,34,0.19268401,0,1.0,False,0.001081208588724152,0.00027753621148653265
MLP,480,34,0.121505395,0,0.0,True,-0.001796336435510917,-0.001697932271650803
MLP,480,34,0.11588442,0,1.0,False,0.0017830740976079085,0.0012145990114208844
MLP,480,34,0.3028808,0,0.0,True,0.001478019673222189,-0.0004926983376590422
MLP,480,34,0.18230177,0,1.0,False,-0.0023401610295031737,-0.0002744669106450015
MLP,480,34,0.17691141,0,1.0,False,0.001026424644990784,-0.000513774012311989
MLP,480,34,0.20917992,0,0.0,True,0.00012179351144303056,-0.0017241259833702162
MLP,480,34,0.16595162,0,0.0,True,-0.00392313475688789,-0.00154568060629114
MLP,480,34,0.15992951,0,1.0,False,-0.0010961466422535066,-0.0008055857561540087
MLP,480,34,0.233186,0,0.0,True,0.0005705704785655252,0.00039193795819671075
MLP,480,34,0.13209555,0,1.0,False,-0.001426893821981437,-0.0011628083012596754
MLP,480,34,0.26997668,0,1.0,False,-0.0013840688344570157,-0.0003097084073412551
MLP,480,34,0.18960263,0,0.0,True,-0.00015760340087049874,-3.166502859529395e-05
MLP,480,34,0.15347324,0,1.0,False,0.003398421513514607,0.0043860753602766485
MLP,480,34,0.17738433,0,0.0,True,0.0003965446161921318,-0.0011138725227266442
MLP,480,34,0.2634085,0,1.0,False,0.0006434480540636804,4.7631103372671315e-05
MLP,480,34,0.1663253,0,1.0,False,0.0021726157807341203,0.0030674511110300993
MLP,480,34,0.10717981,0,1.0,False,0.0015711501632907471,0.0029575917826665386
MLP,480,34,0.3667716,0,0.0,True,-0.0004551140802711435,0.001329626987720952
MLP,480,34,0.11402957,0,0.0,True,0.0023450883434802863,0.0002577622866492944
MLP,480,34,0.14740862,0,1.0,False,0.0015016379874057651,0.0012209400522099436
MLP,480,34,0.19526893,0,0.0,True,-0.0013143450901149675,0.00027373206226684484
MLP,480,34,0.5114671,1,1.0,True,0.001722498115633503,0.0017943454471930729
MLP,480,34,0.17952459,0,0.0,True,0.0020280455495660923,-0.00022934826410829493
MLP,480,34,0.43515056,0,0.0,True,-0.00019365665866448033,-0.0016869691411046392
MLP,480,34,0.12960574,0,1.0,False,-0.002041378914248361,0.0007298935474013244
MLP,480,34,0.3015711,0,1.0,False,0.0007304958913880247,0.0003090044606019207
MLP,480,34,0.16611078,0,0.0,True,-0.0019067675873337391,-0.0011642403947861339
MLP,480,34,0.12241925,0,0.0,True,-9.942811155651633e-05,0.00036215118932100154
MLP,480,34,0.23529401,0,1.0,False,-0.00014830513191105204,0.0014146075383748037
MLP,480,34,0.16304116,0,0.0,True,0.0020135973924484654,-0.0011059688184161206
MLP,480,34,0.15599966,0,1.0,False,-0.0006005772887903047,0.001427687820196578
MLP,480,34,0.17514373,0,1.0,False,0.001400193759307855,-0.0001443434659138381
MLP,480,34,0.3218718,0,0.0,True,-0.0014356795621911253,-0.0017114352239086445
MLP,480,34,0.25280556,0,0.0,True,0.005636979645132001,0.003661994873334957
MLP,480,34,0.21592274,0,1.0,False,0.000848682143804638,0.001459111141323121
MLP,480,34,0.1542917,0,1.0,False,0.00030349973741641774,0.0002124043858791713
MLP,480,34,0.15747897,0,0.0,True,-0.0027112571851929538,-0.0016169544961403182
MLP,480,34,0.47428098,0,1.0,False,-0.0031161920062475123,-0.0020135616439800517
MLP,480,34,0.1989425,0,1.0,False,0.003235826844179285,0.0034917862048404113
MLP,480,34,0.1954794,0,1.0,False,-0.0005985162353386881,-1.5413058681423778e-05
MLP,480,34,0.14616518,0,1.0,False,0.0009732892806089802,0.00023844217375540558
MLP,480,34,0.13056831,0,1.0,False,-0.001243946300066117,1.7371961993894964e-05
MLP,480,34,0.15525608,0,0.0,True,0.0002868471177066715,-0.001158349062024054
MLP,480,34,0.12303546,0,0.0,True,0.0011796641934511062,-0.00022992158993022485
MLP,480,34,0.12346594,0,1.0,False,-0.0007835359186884178,-0.00045776057424065533
MLP,480,34,0.15131567,0,1.0,False,-0.0025164024023916725,-0.0018400310667642673
MLP,480,34,0.23621935,0,1.0,False,-0.0021868000389400092,0.0008717913842576943
MLP,480,34,0.1414842,0,1.0,False,-0.0005314060572027715,-0.0013196103974819032
MLP,480,34,0.19669843,0,1.0,False,0.0015736806022158976,-0.001219924824005998
MLP,480,34,0.27515528,0,1.0,False,0.00225965103148421,0.0009296950380966641
MLP,480,34,0.39084303,0,0.0,True,0.002276153652958994,0.0012597614413110837
MLP,480,34,0.2781684,0,0.0,True,-0.0019763348923742727,-0.0030756921645531633
MLP,480,34,0.32722473,0,1.0,False,0.001658819975587663,0.0011424722476953279
MLP,480,34,0.13877581,0,1.0,False,0.004494166757815489,0.002234833444054603
MLP,480,34,0.24097097,0,1.0,False,-0.0014788051500455493,-0.001571578084345874
MLP,480,34,0.15045795,0,0.0,True,-0.0005386461154663383,-0.0018624550568872413
MLP,480,34,0.21463972,0,1.0,False,0.0015183959293815644,0.0017812626000929864
MLP,480,34,0.1518633,0,0.0,True,-0.003633284829708319,-0.00156451856314443
MLP,480,34,0.2039849,0,0.0,True,-0.0015863083300847428,-0.001800978593769527
MLP,480,34,0.15800437,0,1.0,False,0.00023191633467595444,-0.00018138004013436412
MLP,480,34,0.337036,0,1.0,False,-2.405803361011102e-05,-0.0022142243860447932
MLP,480,34,0.15851438,0,0.0,True,-0.003049523484216762,-0.0015724304032439717
MLP,480,34,0.21672039,0,0.0,True,0.0021632533467458126,0.0020566679152857568
MLP,480,34,0.17761168,0,1.0,False,0.0006763038149595251,0.0004985734841627797
MLP,480,34,0.12942843,0,1.0,False,0.004858171177728048,0.003922855496218634
MLP,480,34,0.19343258,0,1.0,False,-0.00023218102373158818,0.00040348359399689025
MLP,480,34,0.16145076,0,0.0,True,0.0007302444390719886,0.0006657067667901883
MLP,480,34,0.17878266,0,0.0,True,0.0002603664654673359,-0.0021294776618688126
MLP,480,34,0.24842021,0,0.0,True,-0.0023395471227730265,-0.0018542598902857694
MLP,480,34,0.14780083,0,0.0,True,0.007159078718227376,0.004079257748756757
MLP,480,34,0.4388009,0,0.0,True,0.00010378569077843044,0.0014100122848476403
MLP,480,34,0.17901875,0,1.0,False,0.00048608726163875716,6.41218718465437e-05
MLP,480,34,0.17570165,0,0.0,True,-0.00434373854583379,-0.0033119341188777235
MLP,480,34,0.25701508,0,1.0,False,0.0013252338097344627,0.00154367751099439
MLP,480,34,0.41650793,0,1.0,False,0.0020702536015458693,1.7358632055784625e-05
MLP,480,34,0.19481379,0,0.0,True,0.0006848601718544285,-0.0003420501538503152
MLP,480,34,0.27815086,0,0.0,True,0.0031241058426214807,0.0027964596596522944
MLP,480,34,0.15195267,0,1.0,False,0.00010237274374658072,0.00044633159794644367
MLP,480,34,0.27025133,0,1.0,False,-0.0031489547790535567,-0.0022945459458451594
MLP,480,34,0.12726898,0,1.0,False,0.0025376109889046474,0.0035333155115546805
MLP,480,34,0.14992383,0,0.0,True,-0.0010527383411528006,0.00034375113247422196
MLP,480,34,0.16457543,0,1.0,False,-0.0020479886336802495,-0.0009873204741012072
MLP,480,34,0.27138698,0,1.0,False,-0.0004232048317775319,0.0009266480410413404
MLP,480,34,0.20477273,0,0.0,True,-0.0006412968140191833,0.0007992959756433191
MLP,480,34,0.1941228,0,0.0,True,0.0003979086433849396,-9.344126716484402e-05
MLP,480,34,0.13077354,0,1.0,False,-0.0008224422335488654,0.0018413008823180569
MLP,480,34,0.24234578,0,1.0,False,-0.001800632205098232,-0.0016806104457088888
MLP,480,34,0.15252158,0,0.0,True,-0.0009655729537566329,-0.0004919468613759053
MLP,480,34,0.17269523,0,1.0,False,-0.0020863265714698514,-0.00034766608646642045
MLP,480,34,0.13367184,0,1.0,False,0.003102667391776988,4.954636279816349e-05
MLP,480,34,0.17269622,0,1.0,False,0.002439584765089489,0.0013716136326500986
MLP,480,34,0.23943393,0,1.0,False,-0.00013566232546951434,0.0010923656244779029
MLP,480,34,0.18356317,0,1.0,False,0.00020611654442800062,0.0003412991048936279
MLP,480,34,0.15820165,0,0.0,True,0.0033576697104985473,0.002255301750885337
MLP,480,35,0.34562075,0,0.0,True,0.003648456077416018,0.0026289532835548843
MLP,480,35,0.2967663,0,1.0,False,0.004259911064595152,0.0011729531281002863
MLP,480,35,0.23726445,0,0.0,True,0.000458020839767285,0.0010896409980026504
MLP,480,35,0.2013568,0,1.0,False,0.001896189084890651,0.0009577135624760931
MLP,480,35,0.20089039,0,0.0,True,-0.001600562156508967,-0.0010536434800310173
MLP,480,35,0.15281016,0,1.0,False,0.0014264267012500068,0.0009571998004446067
MLP,480,35,0.14710726,0,1.0,False,0.0021590419734902884,0.0009035298989225478
MLP,480,35,0.17186964,0,1.0,False,0.002525994124956032,0.00033899429214504574
MLP,480,35,0.27764505,0,0.0,True,0.0017775791206258175,0.0001597153119232441
MLP,480,35,0.19357795,0,1.0,False,0.0001666950536106196,0.0003661127192693057
MLP,480,35,0.13611792,0,1.0,False,0.0004063245429262987,0.0020785629675356574
MLP,480,35,0.22984676,0,1.0,False,-0.000826750234999724,0.0005176923340520936
MLP,480,35,0.4404481,0,1.0,False,0.0014566215745488145,-0.0006361714764047215
MLP,480,35,0.13743655,0,0.0,True,0.002803084955167319,0.0003590868629528032
MLP,480,35,0.17518216,0,1.0,False,0.003293885752423586,0.002909466176031641
MLP,480,35,0.43878892,0,0.0,True,-0.00014909990646304108,-0.0001274408152890692
MLP,480,35,0.49166897,0,0.0,True,0.0008691419720892792,2.9745419241001968e-05
MLP,480,35,0.20885172,0,1.0,False,-0.0003968139316126755,-0.0002794221368115357
MLP,480,35,0.24145794,0,1.0,False,0.002039504036280242,-0.0005359125597710318
MLP,480,35,0.19308043,0,1.0,False,-0.00015671604002939855,-4.365354856891165e-05
MLP,480,35,0.14391942,0,1.0,False,0.0011986330227066978,0.001038751477944913
MLP,480,35,0.30247712,0,0.0,True,0.0010844599962267984,0.0004631556208778515
MLP,480,35,0.2389073,0,1.0,False,0.00042986075150380966,-8.333758254384528e-05
MLP,480,35,0.17198804,0,1.0,False,-0.00022968302481038148,-0.0014141187290158065
MLP,480,35,0.1605443,0,0.0,True,0.0011921389253768105,-0.00041785429627566367
MLP,480,35,0.13288435,0,0.0,True,0.0008587873871651666,0.0008377997732376192
MLP,480,35,0.18061176,0,1.0,False,0.00487790499860929,0.00342445239694773
MLP,480,35,0.21119641,0,1.0,False,-0.0008202537250092184,-0.00010681888995341361
MLP,480,35,0.15395337,0,1.0,False,0.004687319290628178,0.00257590521572976
MLP,480,35,0.30584943,0,0.0,True,-0.0018877157693394755,-0.0011103034943908683
MLP,480,35,0.21736374,0,1.0,False,-0.0005220113933497534,0.001271271145747687
MLP,480,35,0.17198475,0,0.0,True,0.0018752728504152429,0.001650745961780691
MLP,480,35,0.36835548,0,1.0,False,0.0030267679865316785,0.0015147997981083924
MLP,480,35,0.2105698,0,1.0,False,0.0011894468248760499,0.001630382295296977
MLP,480,35,0.20015045,0,0.0,True,-2.3543118623148896e-05,4.176706702226568e-05
MLP,480,35,0.1948523,0,0.0,True,-0.003585847493904389,-0.00355045551321278
MLP,480,35,0.28561234,0,0.0,True,0.0007567101241640913,-0.00010022458045472447
MLP,480,35,0.14061095,0,0.0,True,0.002182831908888346,0.001414676611799919
MLP,480,35,0.2208156,0,1.0,False,-0.003883519298031218,-0.0021024656807392046
MLP,480,35,0.25437686,0,1.0,False,0.0020783158787758523,0.00046093346083631574
MLP,480,35,0.13907565,0,1.0,False,0.004250245931187938,0.0021998657073407715
MLP,480,35,0.18341833,0,0.0,True,-0.0004363038357430675,0.00019885993240179332
MLP,480,35,0.3066532,0,1.0,False,-0.002592614391666981,-0.0008843842918726452
MLP,480,35,0.19494942,0,0.0,True,-0.000748886255943336,-0.0005450910708066665
MLP,480,35,0.18693486,0,1.0,False,-0.0009821971040045823,-5.994587339892337e-05
MLP,480,35,0.17204341,0,0.0,True,0.00022211727158503617,-0.0008052240119926987
MLP,480,35,0.16594493,0,0.0,True,0.0009294565429932454,0.00029045199547459935
MLP,480,35,0.20556839,0,1.0,False,0.002913945248324213,0.002760281776423614
MLP,480,35,0.22449006,0,0.0,True,0.0002608672398814979,-0.00034403592607519566
MLP,480,35,0.20072846,0,1.0,False,-0.0024110850133387983,-0.0020747796231149695
MLP,480,35,0.16437294,0,0.0,True,0.0010371402016065147,0.0012382595830521018
MLP,480,35,0.16712609,0,1.0,False,0.00133307943500759,0.00021454892850779277
MLP,480,35,0.20384547,0,0.0,True,-0.0029298523877203703,-0.0009605275142446936
MLP,480,35,0.18353869,0,1.0,False,-0.002424008373201321,-0.0006935067228250434
MLP,480,35,0.2026596,0,1.0,False,6.874036664836152e-05,0.002228439285943708
MLP,480,35,0.22215089,0,1.0,False,0.0028536845713860465,-0.00014828759540170988
MLP,480,35,0.17432207,0,1.0,False,-0.006636484522010449,-0.005054224531486663
MLP,480,35,0.16639622,0,0.0,True,-0.0003044695980420989,-0.0008359562758159536
MLP,480,35,0.17036036,0,1.0,False,-0.00041499364427958774,-0.0007201523122874783
MLP,480,35,0.19136174,0,0.0,True,-0.0007036710718427427,-0.00022090189102241364
MLP,480,35,0.16238093,0,0.0,True,0.0013040567092145832,-0.0002445064160669738
MLP,480,35,0.12463935,0,0.0,True,0.0035414478996710075,0.003266995637883671
MLP,480,35,0.1713959,0,0.0,True,0.0012385443417153906,0.002284852251642231
MLP,480,35,0.17258273,0,1.0,False,-0.001949816479718155,-0.0012772651732769766
MLP,480,35,0.17951132,0,1.0,False,-0.0028846493866549324,-0.0014248952057629265
MLP,480,35,0.1276176,0,0.0,True,-0.0028488360232139472,-0.0016456137426705346
MLP,480,35,0.17784539,0,0.0,True,0.00044326743572152663,0.0001389839933334007
MLP,480,35,0.20918934,0,1.0,False,-0.003625211686962195,-0.0026145779674310522
MLP,480,35,0.15196863,0,1.0,False,0.0017649168421040042,0.002394069534561536
MLP,480,35,0.17614672,0,1.0,False,-0.0015720245072288433,0.0006033410306430166
MLP,480,35,0.18624763,0,1.0,False,0.0047845579365414425,0.0026695499072036917
MLP,480,35,0.12348793,0,0.0,True,0.0006794843018216628,0.0006803852967948366
MLP,480,35,0.13623278,0,0.0,True,-0.0042689010534733,-0.000750720771847544
MLP,480,35,0.11974446,0,0.0,True,0.0029312565678905177,0.0022463986825403065
MLP,480,35,0.154181,0,0.0,True,-0.002299456348202745,-0.0006869461041639326
MLP,480,35,0.19088908,0,0.0,True,-0.0013170376569187835,-0.0004699727097483408
MLP,480,35,0.14059906,0,0.0,True,0.0009976358905917125,0.001534072614869722
MLP,480,35,0.19205716,0,0.0,True,-0.0020366006879463847,-0.0006062960263285291
MLP,480,35,0.32150045,0,0.0,True,-0.0014616234836870698,-5.68303858421344e-05
MLP,480,35,0.18694974,0,1.0,False,-8.312924132723464e-05,-0.002260330800423296
MLP,480,35,0.24565789,0,0.0,True,0.0001739571992733417,-0.0018068761274915872
MLP,480,35,0.32011864,0,1.0,False,-0.003793661877250123,-0.0013595141341287815
MLP,480,35,0.26197317,0,0.0,True,0.005799857437674716,0.002396784553711616
MLP,480,35,0.14348455,0,0.0,True,-0.0023428317648491164,-0.002197111329513688
MLP,480,35,0.15540448,0,1.0,False,-0.0011051191123871097,-0.0004053013894501913
MLP,480,35,0.18279018,0,0.0,True,-0.00024113850529548455,-0.0006160209609811907
MLP,480,35,0.17702721,0,1.0,False,0.0019077458192538108,0.0005383900040196321
MLP,480,35,0.19343852,0,1.0,False,0.0011560517082526835,-0.0012548575531601065
MLP,480,35,0.16997498,0,0.0,True,-0.0023198660189269185,-0.00250066649800739
MLP,480,35,0.1258737,0,1.0,False,0.0003427552615598926,0.0008438170931922989
MLP,480,35,0.22725412,0,0.0,True,-0.0007340611638208439,-0.00113533312026841
MLP,480,35,0.14233157,0,1.0,False,-0.0009513849430399815,0.00019290695419401418
MLP,480,35,0.19714513,0,0.0,True,-0.004689201107908611,-0.0036013683592413803
MLP,480,35,0.27691585,0,1.0,False,-0.0006365838009971483,-0.0006197276788991654
MLP,480,35,0.3197666,0,0.0,True,-0.000945652261732974,-0.0005459141316316864
MLP,480,35,0.2041459,0,1.0,False,0.0048645276135605075,0.002744849225562402
MLP,480,35,0.22179891,0,1.0,False,0.005577914892615842,0.003245628273217331
MLP,480,35,0.20992866,0,1.0,False,-0.0018039222955666208,0.0007758215632160834
MLP,480,35,0.2225161,0,1.0,False,0.0004404411081173836,0.0014597856263404466
MLP,480,35,0.15229176,0,0.0,True,-0.000174157802046522,-0.0018551313305754558
MLP,480,37,0.23690152,0,1.0,False,-0.00016681159666285617,0.0010651044234541158
MLP,480,37,0.3649697,0,0.0,True,0.005151017175236209,0.0027834967234292127
MLP,480,37,0.17680252,0,1.0,False,-0.003216010775071778,-0.0029187797854283307
MLP,480,37,0.33343107,0,0.0,True,0.0010088752300802123,0.0006271089095872673
MLP,480,37,0.3048064,0,0.0,True,-0.005641605051956706,-0.0021859581345849413
MLP,480,37,0.19792424,0,0.0,True,-0.0015502326464308552,0.00033332692968368035
MLP,480,37,0.16533801,0,1.0,False,0.003452850200283464,0.0030385088452129522
MLP,480,37,0.2304997,0,0.0,True,5.699782327220404e-05,-0.0005827561333897661
MLP,480,37,0.6623782,1,0.0,False,0.0025522758400925347,0.0016232593771497677
MLP,480,37,0.28855821,0,1.0,False,0.0012195339496883606,0.0009331183464600908
MLP,480,37,0.16544281,0,1.0,False,0.0012136447308555391,0.0015588940619258838
MLP,480,37,0.19744396,0,1.0,False,-0.0006912880367133379,-0.0003828252974811935
MLP,480,37,0.44301206,0,0.0,True,-0.0006034049607267804,-0.001109265743080933
MLP,480,37,0.2312405,0,0.0,True,-0.00045275695852910723,0.0003653782861258061
MLP,480,37,0.32506892,0,0.0,True,0.0022170515012564524,0.0019277288786185977
MLP,480,37,0.5084418,1,1.0,True,-0.00255487964651188,0.00015505645120339297
MLP,480,37,0.15309423,0,0.0,True,-0.0002542112573953313,0.002096586134796531
MLP,480,37,0.3732701,0,0.0,True,-0.0002610811591515436,-0.0020203550913702765
MLP,480,37,0.14234258,0,0.0,True,0.00014392495029463256,-0.0012275337915090825
MLP,480,37,0.16839765,0,1.0,False,0.0009133266858607295,0.00012624707567713664
MLP,480,37,0.1396426,0,1.0,False,-0.0002922717629877486,-0.0012241789643942414
MLP,480,37,0.1596827,0,0.0,True,-0.003532544794287239,-0.0012331399325590682
MLP,480,37,0.1567068,0,1.0,False,-0.001377210484065268,0.0011031137968237012
MLP,480,37,0.17706372,0,0.0,True,0.005750968547103926,0.001054517905608386
MLP,480,37,0.15676564,0,1.0,False,0.001980833607275291,0.0018347112234923493
MLP,480,37,0.13188314,0,1.0,False,-0.001940497982535291,-0.0004714931832417238
MLP,480,37,0.17372262,0,0.0,True,4.33299338691382e-05,-0.00014814871810838102
MLP,480,37,0.14405936,0,1.0,False,0.00011181201248308952,0.001331341131273212
MLP,480,37,0.18056208,0,1.0,False,-0.0034363879122937405,-0.003431181867993544
MLP,480,37,0.26132005,0,0.0,True,-0.0012114661040121977,0.0004509669378384285
MLP,480,37,0.23478845,0,0.0,True,-0.0015043285152372499,-0.0021061363387064247
MLP,480,37,0.2102411,0,0.0,True,0.0008572904661524018,0.0012586901255182482
MLP,480,37,0.23610993,0,1.0,False,0.0035227686964714746,0.003317503062290629
MLP,480,37,0.19084857,0,0.0,True,-0.00199200296006955,-0.0031565715600556246
MLP,480,37,0.15212305,0,0.0,True,0.001609375207887348,0.001449864698764646
MLP,480,37,0.16456561,0,0.0,True,-0.00010222853710455819,0.0007682855497859899
MLP,480,37,0.17446221,0,1.0,False,0.0021164727499576375,0.002353810501389976
MLP,480,37,0.13440382,0,1.0,False,0.0006956402709465531,0.0007790672068150751
MLP,480,37,0.19650686,0,1.0,False,0.000617592359478893,-0.0006095458847773041
MLP,480,37,0.1835827,0,1.0,False,-0.0005828218401958464,0.0012974419069455541
MLP,480,37,0.36759654,0,1.0,False,-0.002022314237700619,0.0004136804117824651
MLP,480,37,0.26485807,0,0.0,True,-0.004045248051463643,-0.0033227296603320347
MLP,480,37,0.12646736,0,0.0,True,-0.003366406536456441,-0.0002917290175148246
MLP,480,37,0.40382758,0,1.0,False,-0.0011221373047662607,-0.0007749955440209436
MLP,480,37,0.19544905,0,1.0,False,-0.0005377138338008451,6.414800785228541e-05
MLP,480,37,0.14826527,0,1.0,False,0.0027818793836204806,0.0017354576842330575
MLP,480,37,0.1690201,0,1.0,False,0.0015793353870085863,-0.0002825051497996892
MLP,480,37,0.25858623,0,1.0,False,-0.0018976071654668474,-6.237859588572945e-05
MLP,480,37,0.13843012,0,0.0,True,-0.0026879373219173565,-0.003043394149748736
MLP,480,37,0.19393893,0,1.0,False,-0.0008291991600741973,-0.0007082376819383464
MLP,480,37,0.373803,0,0.0,True,-0.0013156007051727955,-0.0010384935788365606
MLP,480,37,0.16272925,0,1.0,False,-0.0014636731571844718,-0.0004593895921745075
MLP,480,37,0.16165473,0,0.0,True,0.0013255591450397682,0.000717637527096404
MLP,480,37,0.17482994,0,0.0,True,-0.0017276584190889694,0.0016359059836889933
MLP,480,37,0.18752357,0,0.0,True,-0.004211004214067387,-0.0006887828138852036
MLP,480,37,0.24995902,0,1.0,False,0.0020823033583581606,0.002132435651152575
MLP,480,37,0.32320252,0,1.0,False,0.0030261005508026694,0.0028550860683499296
MLP,480,37,0.20135146,0,1.0,False,-0.000636808878096416,-0.0017868917262831583
MLP,480,37,0.22030172,0,0.0,True,-0.003116390058027548,-0.0004161005987292321
MLP,480,37,0.22460383,0,1.0,False,0.003913058830282365,0.00335986749150706
MLP,480,37,0.15628384,0,0.0,True,0.002882288494576746,0.0003910026077393563
MLP,480,37,0.13709915,0,1.0,False,-0.0014716399706043491,-0.0013036494610978483
MLP,480,37,0.15706691,0,0.0,True,-0.0022413603615191137,-0.0015255002853211787
MLP,480,37,0.1180522,0,0.0,True,0.0001368665172481752,0.00039805968817980663
MLP,480,37,0.15906595,0,0.0,True,-0.0010289320633040929,-0.0005769697182228233
MLP,480,37,0.47090217,0,1.0,False,-0.003216943114930065,-0.0018620077913611554
MLP,480,37,0.15087743,0,1.0,False,-0.004076342339247107,-0.00034916805845255125
MLP,480,37,0.15578653,0,0.0,True,-0.00021185597994058243,-0.001226591367934701
MLP,480,37,0.21584538,0,0.0,True,0.0023654443249103013,0.0020588355963223
MLP,480,37,0.12327256,0,1.0,False,0.00011738944910633912,0.0004923179112455834
MLP,480,37,0.111617446,0,0.0,True,0.00014790603452016744,0.0009488107461183462
MLP,480,37,0.13864698,0,0.0,True,0.0008583696613534919,0.00019754607314332174
MLP,480,37,0.18463667,0,1.0,False,0.00022615201711271017,0.0013845259214351792
MLP,480,37,0.17692363,0,1.0,False,0.0007695440993793824,0.0019592921139378492
MLP,480,37,0.49045402,0,1.0,False,0.0012037918036878782,0.0005170236043961783
MLP,480,37,0.18684393,0,1.0,False,0.0014818796617941297,0.0027719545899629904
MLP,480,37,0.30744237,0,0.0,True,0.0008972594298044701,0.0007237178022019192
MLP,480,37,0.14205328,0,1.0,False,0.0026962098747089296,0.0009749576711740442
MLP,480,37,0.16556758,0,0.0,True,-0.0019689944459251817,-0.0008953507202409363
MLP,480,37,0.1653046,0,0.0,True,-0.001777904683298158,-0.0015010680349172155
MLP,480,37,0.11726609,0,0.0,True,0.002531287780948413,0.0011014721275295237
MLP,480,37,0.12776127,0,1.0,False,-0.0021437775262418907,0.0013242993286090522
MLP,480,37,0.137618,0,0.0,True,0.0012836138327864265,-0.0002344016493654135
MLP,480,37,0.14673284,0,0.0,True,0.0017660183229337054,0.0025251379394317197
MLP,480,37,0.22585414,0,1.0,False,0.0037127728814031315,0.0027633986006402977
MLP,480,37,0.18381381,0,1.0,False,0.000193835638396044,0.0004639965527738952
MLP,480,37,0.25471956,0,1.0,False,0.0027309716905639975,0.0019676044951734083
MLP,480,37,0.18326074,0,1.0,False,-0.0013705111459460444,-0.0003048477252663782
MLP,480,37,0.13626994,0,1.0,False,0.0014586579980202918,0.001364353153217161
MLP,480,37,0.18602763,0,1.0,False,0.0010427236338509513,-0.0006456169743400545
MLP,480,37,0.16671772,0,1.0,False,-0.003920690157536143,-0.002070493273923008
MLP,480,37,0.16508585,0,0.0,True,-0.004133041053094234,-0.0010461509467942708
MLP,480,37,0.11811349,0,0.0,True,-0.0014029023492825032,-0.0011386187105103703
MLP,480,37,0.23634052,0,0.0,True,-0.0003098135681738385,-0.0012548174913479277
MLP,480,37,0.13427296,0,0.0,True,-0.0016063626834936155,-0.0004889409946280364
MLP,480,37,0.12308698,0,1.0,False,0.0016462615310373259,0.0019010507187472668
MLP,480,37,0.16185413,0,0.0,True,0.000789034864420451,0.000293472033902677
MLP,480,37,0.13302419,0,1.0,False,-0.0031121948085132056,-0.0022360180295267827
MLP,480,37,0.14095873,0,1.0,False,0.0018150491777632,0.0008984247327518545
MLP,480,37,0.16861594,0,1.0,False,-0.0012875306498538732,-0.002120446575902898
MLP,480,39,0.13223012,0,1.0,False,0.0013903077072215477,0.0005950560100441868
MLP,480,39,0.1524981,0,1.0,False,0.0022253658280809614,0.002162276194895598
MLP,480,39,0.11237474,0,0.0,True,0.0028218498715395853,-9.24760456425113e-05
MLP,480,39,0.19070911,0,1.0,False,0.00032182985749659954,-0.001762665009210267
MLP,480,39,0.17583472,0,0.0,True,0.001314311240345038,0.001176517663331685
MLP,480,39,0.19298416,0,1.0,False,-0.006117377253764042,-0.0029849407364267765
MLP,480,39,0.32668796,0,1.0,False,0.0011511053720256758,0.0005471830875962773
MLP,480,39,0.17428927,0,1.0,False,0.002206767851185932,0.001551661993528952
MLP,480,39,0.21682197,0,0.0,True,-0.0009410412040527803,-0.0010204318694047414
MLP,480,39,0.24426141,0,1.0,False,-0.003947799672152519,-0.00143984665092587
MLP,480,39,0.3401981,0,1.0,False,-0.002680287950726752,0.0005782045839449437
MLP,480,39,0.21251771,0,0.0,True,0.0009481477129264071,0.0014803068219955834
MLP,480,39,0.2820693,0,1.0,False,-0.0007202336435595837,-0.0004644438156369908
MLP,480,39,0.15404332,0,0.0,True,-0.0010525385075207745,-0.0004963427421000858
MLP,480,39,0.12939876,0,0.0,True,-6.446571331335984e-05,-0.0003911027182541326
MLP,480,39,0.1469139,0,0.0,True,-8.97171338311607e-05,-0.00046426263684177377
MLP,480,39,0.14750566,0,0.0,True,-0.0027333902940967205,-0.0019829849222301275
MLP,480,39,0.16641298,0,1.0,False,0.0017736738036626027,0.0025244085877422747
MLP,480,39,0.16875592,0,1.0,False,0.0033656537037844493,0.0033478632471397748
MLP,480,39,0.2036641,0,0.0,True,0.0006609979182186129,0.0019069211289795445
MLP,480,39,0.61133325,1,1.0,True,0.002947998425853232,0.002376339311705384
MLP,480,39,0.14195311,0,1.0,False,0.0018581626279755895,0.0014507621670884845
MLP,480,39,0.20380354,0,0.0,True,-0.0005953000620760946,0.0009889029711562258
MLP,480,39,0.24603584,0,1.0,False,-0.0004294317251512649,0.0010157045646693361
MLP,480,39,0.20807554,0,1.0,False,-0.0020273148461937844,-0.001154696403803757
MLP,480,39,0.120460235,0,1.0,False,0.0020467456906237552,0.0017828805722403208
MLP,480,39,0.22886257,0,1.0,False,0.004572055533006528,0.0030096053157123498
MLP,480,39,0.3496094,0,0.0,True,-0.003738750839145519,-0.0011518533076490818
MLP,480,39,0.14477473,0,1.0,False,-6.678322082592848e-05,0.001317728991103845
MLP,480,39,0.15105565,0,0.0,True,-0.0019572262396982784,-0.0022422639263379282
MLP,480,39,0.17487775,0,1.0,False,0.0010437203953034364,0.000565862460719981
MLP,480,39,0.12743355,0,0.0,True,0.002891152405844514,0.002088794682320952
MLP,480,39,0.15751667,0,0.0,True,0.0027225258318190016,0.0010578180116360358
MLP,480,39,0.16403587,0,0.0,True,0.0037266165626486957,0.00023397037666382566
MLP,480,39,0.15138754,0,0.0,True,0.004522818835480076,0.0027511826291476593
MLP,480,39,0.3357836,0,0.0,True,0.001833278839277911,0.001521816987387182
MLP,480,39,0.13695355,0,1.0,False,0.002171440313516852,0.0012418676121072872
MLP,480,39,0.12751009,0,0.0,True,0.0014633298826810725,0.001408466041519922
MLP,480,39,0.18119077,0,0.0,True,-0.0030637109513328787,-0.0011031970819871068
MLP,480,39,0.1357486,0,1.0,False,-0.0008352888876390633,-0.001036464894317785
MLP,480,39,0.29245672,0,1.0,False,0.00011114238500369971,0.0013741442817352722
MLP,480,39,0.27069923,0,1.0,False,-0.0017349206207773996,0.0010888174038943016
MLP,480,39,0.13172771,0,0.0,True,0.0012608190545038843,0.0017933277839386433
MLP,480,39,0.17682995,0,1.0,False,0.0020438220711872777,-0.0008876857054443603
MLP,480,39,0.1717363,0,1.0,False,-0.0011588996942298998,-0.0007682986781574704
MLP,480,39,0.20738873,0,0.0,True,8.392549090200471e-06,0.00085776398255181
MLP,480,39,0.1577938,0,0.0,True,0.002251056563871006,0.0012525406973293075
MLP,480,39,0.14587751,0,1.0,False,0.0013298548521650953,0.00035599953910792347
MLP,480,39,0.23397776,0,0.0,True,0.002164802740870481,0.0009741567977889222
MLP,480,39,0.17035174,0,1.0,False,0.0051060810335831945,0.0028996706309171805
MLP,480,39,0.17835835,0,1.0,False,0.0028618198814303157,0.00013058687752857484
MLP,480,39,0.1834308,0,1.0,False,-0.0018087726497648,-0.0005649595293858251
MLP,480,39,0.27630952,0,1.0,False,0.0007367629995317219,-0.0008690651537646127
MLP,480,39,0.21433346,0,1.0,False,-0.0015902557424116183,-0.0012262426416910987
MLP,480,39,0.12471645,0,0.0,True,-0.003307115723985733,-0.002178539164687913
MLP,480,39,0.24141946,0,0.0,True,-4.999937388994215e-06,0.0020236908112527307
MLP,480,39,0.16274305,0,1.0,False,0.0021569150602911216,0.002085079792715726
MLP,480,39,0.21611768,0,1.0,False,0.0004593858173279545,-0.0008333738028367759
MLP,480,39,0.121587306,0,1.0,False,-0.0021834205191674266,-0.0031305096750761834
MLP,480,39,0.21105847,0,1.0,False,0.0021998597078544146,0.0006435845316368903
MLP,480,39,0.2058532,0,0.0,True,0.0016040503350478168,-0.0003796992341098931
MLP,480,39,0.27125582,0,1.0,False,-0.0008151251341374938,-0.002252855439445241
MLP,480,39,0.5201672,1,1.0,True,-0.0017612565724777103,-0.0020636421219807485
MLP,480,39,0.12382624,0,1.0,False,-0.0010919374093915023,-0.0015937165834661975
MLP,480,39,0.21549045,0,1.0,False,0.0025085255498231603,0.0023500466367843385
MLP,480,39,0.18726943,0,1.0,False,-0.0014722793577708183,-0.002222741086399592
MLP,480,39,0.2037199,0,0.0,True,-0.0015586226941724627,-0.0008373907305103052
MLP,480,39,0.1759034,0,1.0,False,-0.006289367977370369,-0.002603458291031523
MLP,480,39,0.23968972,0,1.0,False,0.002236529817396411,0.0010640302168605546
MLP,480,39,0.175851,0,0.0,True,-0.0010853619318176467,0.001417170309301536
MLP,480,39,0.13844505,0,1.0,False,0.004845120794789252,0.0016152231737392077
MLP,480,39,0.16809104,0,0.0,True,0.00404142267600516,0.0013767109120380718
MLP,480,39,0.17942587,0,0.0,True,0.0017395481961783742,0.0009968536242163262
MLP,480,39,0.13214307,0,1.0,False,-0.0018548437622316126,-0.0021876800324978395
MLP,480,39,0.1409499,0,0.0,True,-0.0031101175069751952,-0.0018337409696697934
MLP,480,39,0.14969584,0,0.0,True,0.003114108575044085,0.0015543336783517374
MLP,480,39,0.15344027,0,1.0,False,0.0017582254326985415,0.001381672325308417
MLP,480,39,0.16318463,0,0.0,True,0.0034265012574304678,0.0006088434264177333
MLP,480,39,0.28471804,0,0.0,True,0.003075504258198549,0.0010673391809484076
MLP,480,39,0.15315561,0,0.0,True,-0.004871742981773984,-0.0017071942509517424
MLP,480,39,0.13345973,0,1.0,False,-0.0020789862710299998,-0.0008838395285720255
MLP,480,39,0.14614098,0,1.0,False,-0.0014998397795846238,0.0008625505648668549
MLP,480,39,0.24505511,0,0.0,True,-0.002342369115675845,-0.002405518460538982
MLP,480,39,0.1466825,0,0.0,True,-0.0012946852564903984,-0.0010088513064195252
MLP,480,39,0.15424985,0,1.0,False,0.003305455095371074,0.0013672285771747302
MLP,480,39,0.26818892,0,1.0,False,0.0006325397832986977,-0.0017355716244020739
MLP,480,39,0.13186315,0,0.0,True,0.0014961556327367836,0.000539839091643192
MLP,480,39,0.32209358,0,1.0,False,-1.9309794692223727e-05,0.0004333747954277435
MLP,480,39,0.2155443,0,1.0,False,-0.0015591140307368919,-0.0006984863980272008
MLP,480,39,0.3094333,0,0.0,True,-0.0020861178448891337,-0.004138954268621724
MLP,480,39,0.22056831,0,1.0,False,-0.0017690789466665326,6.632988115131288e-05
MLP,480,39,0.2063031,0,0.0,True,-0.000366787461369713,0.002140342796458127
MLP,480,39,0.1255856,0,1.0,False,0.00020874647464755932,0.001467249910293881
MLP,480,39,0.15681253,0,0.0,True,-0.003073405412358935,-0.0023187718628854353
MLP,480,39,0.35764208,0,1.0,False,0.0027515042533698755,0.0023888328569332587
MLP,480,39,0.13273741,0,1.0,False,-0.0011910915853307823,-0.0023980619313276716
MLP,480,39,0.12531117,0,1.0,False,0.00258491641661412,0.0036017443811483035
MLP,480,39,0.6896188,1,1.0,True,-0.0009026054544922493,-0.0006157910460851856
MLP,480,39,0.18473445,0,1.0,False,0.0020154032708325368,0.0010727285497908292
MLP,480,39,0.12334711,0,0.0,True,-0.0002965306720538462,3.7312216239945596e-06
MLP,480,41,0.25791553,0,1.0,False,-0.0036715672674281483,-0.002334439436023188
MLP,480,41,0.3767989,0,0.0,True,0.002805163604728949,0.002107320586949375
MLP,480,41,0.31662676,0,1.0,False,-0.0021487659904303306,-0.0011626736029591426
MLP,480,41,0.21047823,0,1.0,False,0.0044089477675411624,0.0032075310623572817
MLP,480,41,0.23511621,0,1.0,False,0.0012437054434495229,0.0008665107642415357
MLP,480,41,0.15991487,0,1.0,False,-0.004519584187098631,-0.002299090533647307
MLP,480,41,0.16781603,0,1.0,False,-0.001252596435522289,-0.0006095255571958735
MLP,480,41,0.1592384,0,1.0,False,-0.0009746331404084909,-0.00043134639523780254
MLP,480,41,0.38068765,0,0.0,True,0.00042608097285184066,0.00014785027266327015
MLP,480,41,0.19544664,0,0.0,True,-0.0009660077646930215,-0.0007319622734396234
MLP,480,41,0.27743354,0,0.0,True,-0.00027938648504608024,-0.0015467214898457387
MLP,480,41,0.26583552,0,0.0,True,0.0007546416423146768,0.0010776039081464358
MLP,480,41,0.13925578,0,0.0,True,0.000674814500507502,-0.00036516335809988275
MLP,480,41,0.22267435,0,0.0,True,0.0006765104465840013,-4.097183701576464e-05
MLP,480,41,0.15351714,0,0.0,True,-0.001940206590949523,-0.0014636257514889339
MLP,480,41,0.16500516,0,0.0,True,-0.004413809975376287,-0.0036865522103858074
MLP,480,41,0.25337812,0,1.0,False,0.004340038855625326,0.0015232425325443673
MLP,480,41,0.15599847,0,1.0,False,0.0018092476192939342,-4.381278056734002e-05
MLP,480,41,0.17192747,0,1.0,False,-0.0018963118038236315,0.000657445930549629
MLP,480,41,0.12345356,0,0.0,True,0.000150953955308882,0.0010317244500800604
MLP,480,41,0.1520775,0,0.0,True,-0.0009204092668658456,-0.0014656844332749874
MLP,480,41,0.16991119,0,1.0,False,-0.001939236696595426,-0.0012136767878895766
MLP,480,41,0.32093903,0,1.0,False,-0.0007714785139925892,0.0009261053523181105
MLP,480,41,0.15803553,0,0.0,True,0.0020370921393393373,0.0032278608722086854
MLP,480,41,0.15563084,0,1.0,False,-0.0009147311956800666,-0.0008112963805489063
MLP,480,41,0.13434742,0,0.0,True,-0.0037640412403782495,5.4774188680327954e-05
MLP,480,41,0.2599428,0,0.0,True,-0.003105441622956536,-0.0010841247881592925
MLP,480,41,0.30097318,0,0.0,True,0.0013130495982890554,0.002685904697945156
MLP,480,41,0.1272522,0,0.0,True,-0.0005316816798421226,0.0007084676536219496
MLP,480,41,0.23029116,0,1.0,False,-0.0017584579592833638,0.00013806638014817688
MLP,480,41,0.28612456,0,1.0,False,0.00037943839347423004,0.0021213746809269477
MLP,480,41,0.29642692,0,0.0,True,-0.0024387772216203454,-0.000886946501354613
MLP,480,41,0.1569053,0,0.0,True,-0.002461774945156317,-0.0014281139504904686
MLP,480,41,0.15507796,0,1.0,False,0.00029287878750212416,0.0009983810389746599
MLP,480,41,0.25382385,0,1.0,False,0.004264779953094136,0.0025713139506209856
MLP,480,41,0.30009916,0,1.0,False,-5.518856757003009e-05,0.00045416405409126956
MLP,480,41,0.16932821,0,0.0,True,-0.000988088789916028,0.00016036488863937096
MLP,480,41,0.20645323,0,0.0,True,0.0008989872261416492,-0.00043680091559116494
MLP,480,41,0.12254622,0,1.0,False,-0.0014237196036389068,0.0015877547031263976
MLP,480,41,0.18482298,0,1.0,False,0.003462030623555486,-2.1810275518430156e-05
MLP,480,41,0.17623428,0,0.0,True,-0.0010130162466288582,-0.0017412562448202939
MLP,480,41,0.21966837,0,1.0,False,0.0026253436768385,0.0019055918231494723
MLP,480,41,0.22358732,0,1.0,False,0.0017302167210062642,0.00016028799780195332
MLP,480,41,0.11284307,0,1.0,False,-0.0002337192151265967,-0.0020493963608596002
MLP,480,41,0.24456817,0,1.0,False,0.002844411933451945,0.0014628518073793518
MLP,480,41,0.20710693,0,0.0,True,-0.002827279390582165,-0.0022903915399481818
MLP,480,41,0.4399733,0,0.0,True,-0.0013939151353083998,-0.0014389950571304538
MLP,480,41,0.16715305,0,1.0,False,0.0011578859396949672,-0.0005953322273547484
MLP,480,41,0.16826503,0,0.0,True,-0.0009434637299708785,-0.001336374383950786
MLP,480,41,0.15162541,0,0.0,True,0.0011727685157050635,0.001352867119318671
MLP,480,41,0.2668142,0,1.0,False,0.00040597727588743667,0.0005283224769667463
MLP,480,41,0.5163362,1,0.0,False,0.0006662221459845126,0.0015202788399816013
MLP,480,41,0.16525795,0,0.0,True,-0.0027316481368213933,-0.0010016481967837073
MLP,480,41,0.16626786,0,0.0,True,-0.0027866845533648767,-0.0018359611695012085
MLP,480,41,0.204777,0,1.0,False,-0.002205290665582894,-0.0017201756838361104
MLP,480,41,0.6454244,1,1.0,True,0.0014525586423150634,-0.0002831349195474471
MLP,480,41,0.13517651,0,1.0,False,-0.00030231674433967725,0.0026230012723766002
MLP,480,41,0.13507001,0,0.0,True,0.000512068889739038,-0.0007500060079390494
MLP,480,41,0.17590663,0,0.0,True,-0.002037577818967347,0.0007773182370079005
MLP,480,41,0.3374703,0,1.0,False,0.0014911911726731948,0.0018151354233717162
MLP,480,41,0.19736525,0,1.0,False,0.001122956073717026,-0.0008131945968570348
MLP,480,41,0.16661865,0,1.0,False,-0.0009506748313511971,-0.000459544434871351
MLP,480,41,0.20990255,0,1.0,False,-0.00017551148162291605,0.002619570574816562
MLP,480,41,0.14156775,0,0.0,True,-0.0012987293953372616,-0.0002116453677104736
MLP,480,41,0.14100116,0,0.0,True,-0.0023140447795010994,-0.0018985118456293182
MLP,480,41,0.36887708,0,1.0,False,0.0013389367246800627,0.0023810174969448685
MLP,480,41,0.44562513,0,1.0,False,-0.0010438846417015815,0.0011711688584536899
MLP,480,41,0.15203659,0,1.0,False,0.000491524435951215,8.264316707782701e-05
MLP,480,41,0.1436551,0,1.0,False,0.0006450449182060689,0.0018350539359183965
MLP,480,41,0.18713368,0,1.0,False,-0.0034289211291425614,0.0002298379978089153
MLP,480,41,0.13536438,0,0.0,True,-0.00216284119774798,-0.0009766649396043263
MLP,480,41,0.3271851,0,0.0,True,0.00047272853023710455,0.0008957438346390929
MLP,480,41,0.14929907,0,1.0,False,0.0018611525166087565,0.0013626450506285664
MLP,480,41,0.1569335,0,0.0,True,-0.00034001265850763785,0.0011571410637476872
MLP,480,41,0.16088931,0,1.0,False,0.00045478269923744755,7.242005407718471e-05
MLP,480,41,0.22120811,0,1.0,False,-0.0006006907554782407,0.0006177002684279665
MLP,480,41,0.14547257,0,0.0,True,0.00507952185581494,0.0020719099232411496
MLP,480,41,0.41983935,0,1.0,False,0.004338114138947327,9.340195892209032e-05
MLP,480,41,0.1300406,0,1.0,False,0.004149418114067124,0.002325420168785037
MLP,480,41,0.13013044,0,0.0,True,0.00035781432920764744,0.0006283244669765541
MLP,480,41,0.31164208,0,0.0,True,-0.0012711473998080793,0.0009960288821482199
MLP,480,41,0.1860392,0,0.0,True,-0.00028747632708465173,0.0005655269473872648
MLP,480,41,0.17882685,0,0.0,True,-0.0005064305463314234,0.00020279643569972618
MLP,480,41,0.13051519,0,0.0,True,0.0016960042429243457,0.0021462735998765948
MLP,480,41,0.15107162,0,1.0,False,0.003255891624496648,0.0035080062247193353
MLP,480,41,0.15975742,0,1.0,False,0.002546833455959632,0.0012823413695007588
MLP,480,41,0.2754531,0,0.0,True,0.0027391160120641437,0.002424117106279435
MLP,480,41,0.14381456,0,1.0,False,-0.001400489848506415,-0.0014106586150499328
MLP,480,41,0.22464752,0,1.0,False,-0.0013793957244374777,-0.0009150427082021934
MLP,480,41,0.12550771,0,1.0,False,0.0035554117351005057,2.381515793859292e-05
MLP,480,41,0.44497636,0,1.0,False,-0.0006737433186864182,-0.0005001731607189986
MLP,480,41,0.20548299,0,1.0,False,-0.00024169792960286954,4.533318855847336e-05
MLP,480,41,0.19928315,0,0.0,True,0.0002348139661564523,-0.0004528420851598271
MLP,480,41,0.15064874,0,0.0,True,-0.00033127112482190786,0.001079053920292461
MLP,480,41,0.11188095,0,0.0,True,3.479712502506681e-05,-0.0007924044128092266
MLP,480,41,0.2776976,0,0.0,True,-0.0017238026745593777,-0.0014076709650953786
MLP,480,41,0.16337463,0,0.0,True,-0.0035687007440976274,0.0004897578340298078
MLP,480,41,0.15772174,0,0.0,True,0.0025748110455424645,0.0010579939565487269
MLP,480,41,0.13606441,0,0.0,True,0.0015871179587113513,0.001235908502515371
MLP,480,41,0.18293372,0,0.0,True,0.0021147449207459144,0.0004969813925477151
MLP,480,43,0.12663782,0,1.0,False,-0.0005481400152082528,0.0010491875452785639
MLP,480,43,0.12069029,0,0.0,True,0.0023488955648454744,0.0024168383360258492
MLP,480,43,0.26386923,0,0.0,True,0.0026791157832812616,0.00023065699459432268
MLP,480,43,0.1466688,0,0.0,True,0.0014688506394824174,0.001544534137800738
MLP,480,43,0.14357391,0,0.0,True,0.0009130849601849626,-0.0004486635555240055
MLP,480,43,0.13184044,0,0.0,True,-0.00032184837823804805,8.956935229453653e-06
MLP,480,43,0.20186184,0,0.0,True,-0.0018613917656342238,0.0003705477113468131
MLP,480,43,0.1576556,0,1.0,False,-0.0019160154915436297,-0.0011780736308349055
MLP,480,43,0.1442188,0,1.0,False,0.0020692197065198966,0.0010788082771290442
MLP,480,43,0.17216937,0,0.0,True,0.0009774201971609862,6.86034133522116e-05
MLP,480,43,0.19595836,0,1.0,False,0.00016492840697106612,-7.430399553216137e-05
MLP,480,43,0.18009566,0,0.0,True,-0.002542004214106883,-0.0005285745905877079
MLP,480,43,0.21862519,0,0.0,True,-0.0006154961783968087,-0.0007902803937058974
MLP,480,43,0.14403598,0,1.0,False,0.002355637240955513,0.00039892164326647665
MLP,480,43,0.16556765,0,1.0,False,-0.0012988263456465876,-0.001182589277128578
MLP,480,43,0.1699108,0,0.0,True,0.0026694353410618293,0.0004169830544950334
MLP,480,43,0.19460022,0,1.0,False,0.0011019658754852387,0.0002102775187926528
MLP,480,43,0.22438157,0,0.0,True,0.002605820266043126,0.001672453604271381
MLP,480,43,0.24821787,0,1.0,False,-0.0015283578945614166,-0.0012726906923309332
MLP,480,43,0.22076209,0,1.0,False,-0.001009702954814357,0.00030424804476654905
MLP,480,43,0.23798774,0,1.0,False,0.00034788358139925654,-0.0016762634849363353
MLP,480,43,0.3171504,0,1.0,False,0.0030084150382305,0.003416894792791849
MLP,480,43,0.16581716,0,1.0,False,-0.0027172844797209786,-0.001017903570324511
MLP,480,43,0.12025488,0,0.0,True,0.0016167928130420273,9.896014411600247e-05
MLP,480,43,0.24588475,0,1.0,False,0.0021702007946257096,-0.0003483365444214037
MLP,480,43,0.21077801,0,1.0,False,-0.0006878850792791069,-0.0004885220042938381
MLP,480,43,0.21350496,0,1.0,False,-0.00034043708512275376,0.00221507095794044
MLP,480,43,0.25890806,0,0.0,True,-0.0008195124998764446,0.0006215489161556371
MLP,480,43,0.13368052,0,0.0,True,-0.00018203355966872362,0.000401671950962081
MLP,480,43,0.23818573,0,0.0,True,-0.0001242264582621963,-0.001308503792556683
MLP,480,43,0.35243177,0,0.0,True,0.0041466302271721475,0.002130728152494666
MLP,480,43,0.16901934,0,1.0,False,0.002161461404751375,0.001379840740228975
MLP,480,43,0.15206356,0,0.0,True,0.0023784204110488087,0.0008222782645123896
MLP,480,43,0.16985178,0,0.0,True,-0.00034860006781998716,0.0007177705167319853
MLP,480,43,0.21679543,0,0.0,True,-0.00023552800817575552,0.001811129363802122
MLP,480,43,0.112712175,0,1.0,False,0.00019179875544433637,0.0019552105574369414
MLP,480,43,0.2278093,0,1.0,False,-0.0006265057301656808,-0.0001265206223419599
MLP,480,43,0.11889792,0,0.0,True,-2.6124790652889333e-05,-0.0003527107907575789
MLP,480,43,0.19933343,0,1.0,False,0.0029329698073516015,0.0011642427775567315
MLP,480,43,0.68309057,1,1.0,True,-0.0014654936257874629,0.000618006684629682
MLP,480,43,0.123944186,0,1.0,False,-0.001800939960088494,-0.0005753459957953608
MLP,480,43,0.15300454,0,0.0,True,7.199960300826822e-05,-0.0007554251979907432
MLP,480,43,0.14424902,0,1.0,False,-0.0015938694635207174,-0.0009941139075646738
MLP,480,43,0.1659077,0,1.0,False,-0.0009657155649275502,-0.0016504795528254502
MLP,480,43,0.17516294,0,1.0,False,0.0025448052879212674,0.0033746561703604603
MLP,480,43,0.33680126,0,1.0,False,0.00024335645469139247,-0.0026256301848926137
MLP,480,43,0.2785177,0,1.0,False,-0.0007578409330025847,0.0021413229729334254
MLP,480,43,0.16270816,0,0.0,True,0.001591034611373291,0.001292304603804656
MLP,480,43,0.17206778,0,1.0,False,0.0038844937665952145,0.0017546017764850446
MLP,480,43,0.19979902,0,1.0,False,0.00612573857573406,0.004399297175723905
MLP,480,43,0.16071436,0,0.0,True,0.0001319550494354393,0.0003366373669349792
MLP,480,43,0.18283272,0,1.0,False,-0.0001637839545644905,0.00010655228531965858
MLP,480,43,0.12814787,0,1.0,False,-0.0009872225259880587,0.0014934299342278983
MLP,480,43,0.2482255,0,0.0,True,0.00046489075667316865,-0.00020088447236782064
MLP,480,43,0.14566931,0,1.0,False,0.00035730992247306516,-0.0011225321527186726
MLP,480,43,0.16669193,0,0.0,True,0.00025442714067827995,-0.000859806436729049
MLP,480,43,0.14186431,0,0.0,True,0.0005613556033000706,-0.0006226040957813923
MLP,480,43,0.15900801,0,1.0,False,-0.0008005484210642648,-0.002434089698369077
MLP,480,43,0.1473047,0,0.0,True,-0.0022767419504791174,-0.000864018543185706
MLP,480,43,0.17524546,0,0.0,True,-0.002679256472177771,-0.0021726443484883506
MLP,480,43,0.20757975,0,0.0,True,-0.0017060926774573322,-0.001032958706784513
MLP,480,43,0.13701026,0,0.0,True,0.0003179373489593156,0.00017012746964766083
MLP,480,43,0.15670928,0,1.0,False,-0.004890528415094477,-0.0019002092861267075
MLP,480,43,0.16602758,0,1.0,False,0.000963490716683443,0.0004986084652548938
MLP,480,43,0.20375955,0,1.0,False,0.002818356511131526,0.001210350164720799
MLP,480,43,0.16434768,0,0.0,True,-0.0020703679846330605,-0.003021699737162818
MLP,480,43,0.31035358,0,0.0,True,-0.0009207098904473034,-0.0006780028457423342
MLP,480,43,0.23246841,0,0.0,True,0.0016871844374600291,0.0010752258739173983
MLP,480,43,0.15877903,0,0.0,True,0.0015308409600973951,-5.6748955024902245e-05
MLP,480,43,0.13606991,0,1.0,False,-0.0011445564499657284,-0.0005104389716876455
MLP,480,43,0.18481958,0,0.0,True,-0.00202267548548252,-0.002338346426166164
MLP,480,43,0.17955801,0,1.0,False,0.003211864229625398,0.0021092725230103353
MLP,480,43,0.3251688,0,1.0,False,0.0037633458062121526,0.0024479880829565604
MLP,480,43,0.17200735,0,0.0,True,-0.004532727573688913,-0.0025826013544681895
MLP,480,43,0.13064803,0,0.0,True,0.005494034485276088,0.0034060613086796237
MLP,480,43,0.11878227,0,0.0,True,-9.457115943168999e-05,0.002247881818083512
MLP,480,43,0.15808608,0,0.0,True,0.001155257585371937,0.0002683258974073107
MLP,480,43,0.23732734,0,0.0,True,0.00408999814099506,0.0023482417216450484
MLP,480,43,0.10862389,0,0.0,True,-0.000607252965126094,-0.0015394414978571517
MLP,480,43,0.16189325,0,0.0,True,0.0006087480669454627,-0.00016524789406818576
MLP,480,43,0.20390469,0,0.0,True,-0.0040589274639843695,-0.0018947067854390605
MLP,480,43,0.14831367,0,0.0,True,-0.0014325517443387352,-8.020187752644421e-05
MLP,480,43,0.20368515,0,1.0,False,-0.0012091720207337297,-7.843257148795811e-05
MLP,480,43,0.17414828,0,0.0,True,0.002231705865626728,0.0006748280027710744
MLP,480,43,0.20855291,0,1.0,False,0.005269585181473011,0.0029851025426655725
MLP,480,43,0.19315355,0,1.0,False,0.0003914338480604964,0.0007009689088023919
MLP,480,43,0.18071176,0,0.0,True,0.0010268923269973857,-0.0008053916849225033
MLP,480,43,0.18286647,0,0.0,True,0.0007881442284707926,0.0005347452195535656
MLP,480,43,0.1306494,0,1.0,False,0.0031576005632259945,0.0031043029521931245
MLP,480,43,0.2760922,0,0.0,True,-0.0018548696450032833,0.0004986272657952442
MLP,480,43,0.18053205,0,0.0,True,0.0014939640295858255,-0.000320018703860289
MLP,480,43,0.13561246,0,0.0,True,-0.00404749088264329,-0.003045563602849524
MLP,480,43,0.18477325,0,0.0,True,-0.000980256100548008,0.0006302442024033457
MLP,480,43,0.18670832,0,1.0,False,-0.002505691015040874,-0.0008756502260047953
MLP,480,43,0.22428156,0,0.0,True,-0.0005576780979665735,0.0008175105978155721
MLP,480,43,0.16252802,0,0.0,True,-0.002723441288513153,-0.0017808478341579273
MLP,480,43,0.26399598,0,1.0,False,0.0020858997114402366,0.001791837997020753
MLP,480,43,0.26562366,0,1.0,False,0.0011824106447669773,0.002337407288995141
MLP,480,43,0.14658934,0,0.0,True,6.930538197746499e-05,-0.0025254538646267794
MLP,480,43,0.17645065,0,0.0,True,0.0007590809782028145,-0.0011039378067523354
MLP,480,44,0.19514376,0,1.0,False,0.0007642844167193284,0.003364122014892593
MLP,480,44,0.13847588,0,1.0,False,-0.00251437092607411,-0.0001310531740328254
MLP,480,44,0.12815,0,0.0,True,-0.000647205789945523,0.0007584116510153988
MLP,480,44,0.1322719,0,1.0,False,0.0019232336504835035,-0.00030900788682221346
MLP,480,44,0.4553805,0,0.0,True,0.0014860207033550441,0.0013045732270269485
MLP,480,44,0.1640625,0,0.0,True,-0.0034684843605781567,0.0006387013376666021
MLP,480,44,0.26732826,0,1.0,False,0.0033308975618428997,0.0006610468272162632
MLP,480,44,0.18463416,0,0.0,True,0.00012156856805041968,0.001480130629108141
MLP,480,44,0.18402204,0,1.0,False,0.0014670999853400122,0.002269806155008306
MLP,480,44,0.39316657,0,1.0,False,0.00036721480218807246,0.0008769881826924827
MLP,480,44,0.13397343,0,0.0,True,-0.0020379743643482197,0.0016518870536164929
MLP,480,44,0.12442382,0,0.0,True,0.0005131319969679884,-0.0008534566356279595
MLP,480,44,0.70261556,1,1.0,True,-0.00024479502001252605,-0.0005933183719934838
MLP,480,44,0.18003353,0,0.0,True,0.00045234664512079187,0.0006487452130408908
MLP,480,44,0.32180476,0,1.0,False,-0.00041361365872151983,-0.00019146077374223008
MLP,480,44,0.2019137,0,1.0,False,0.0038815253610216096,0.0021695596378140795
MLP,480,44,0.3863609,0,0.0,True,0.0016697010463909655,7.831822839675464e-05
MLP,480,44,0.26342162,0,0.0,True,-0.0016397864815893737,-0.0017630924864557218
MLP,480,44,0.17353638,0,1.0,False,0.0018948121370823128,0.0017795057405778163
MLP,480,44,0.5311362,1,0.0,False,0.00021475065452348775,-0.0006950718831499544
MLP,480,44,0.20834436,0,0.0,True,-0.0012990824571069166,-0.0014570735825847525
MLP,480,44,0.45076612,0,0.0,True,-0.0001442146915994869,-0.00040552795780521723
MLP,480,44,0.32757273,0,1.0,False,0.002444335108617712,0.004205857067138826
MLP,480,44,0.22165741,0,0.0,True,5.892191261472368e-05,-0.00017183865528087392
MLP,480,44,0.17266716,0,1.0,False,0.0026709753898874764,7.075183737764927e-07
MLP,480,44,0.1418157,0,1.0,False,0.0027750766586899923,0.002560112823467036
MLP,480,44,0.20271227,0,0.0,True,8.966999848988424e-05,0.00032476070059118023
MLP,480,44,0.12901285,0,1.0,False,0.0011092210830262429,0.0013458254020795456
MLP,480,44,0.23921424,0,0.0,True,0.0011123247755670965,0.0006954938067881556
MLP,480,44,0.13830248,0,1.0,False,0.0014732672190330871,0.0016140443500189238
MLP,480,44,0.18020478,0,1.0,False,-0.0008363331544750244,0.001183005833737903
MLP,480,44,0.3656762,0,1.0,False,0.0015909702468260907,0.002459082920516726
MLP,480,44,0.33111024,0,1.0,False,0.0027211808140754027,0.002963378785676582
MLP,480,44,0.1855911,0,1.0,False,0.00283306580972324,0.0021569697397110423
MLP,480,44,0.23195972,0,1.0,False,0.0010168888054070753,0.0018583463650061116
MLP,480,44,0.19550498,0,1.0,False,-0.0028271451656666216,-0.0013062502961513798
MLP,480,44,0.11932573,0,0.0,True,-0.001906972723954779,-0.0007857303886910181
MLP,480,44,0.15196054,0,1.0,False,0.00022486885520023382,-0.0006675298630296972
MLP,480,44,0.38940385,0,0.0,True,0.002507059634114102,0.002361458098847563
MLP,480,44,0.12202809,0,1.0,False,0.002218156046568674,0.0002307523618161718
MLP,480,44,0.2614295,0,0.0,True,-0.0002788652913205889,-0.0007537100669951574
MLP,480,44,0.23316632,0,0.0,True,0.001590104789747556,0.0013085638832505935
MLP,480,44,0.5172708,1,1.0,True,-0.004464073030349443,-0.0013384487502407342
MLP,480,44,0.21810274,0,1.0,False,0.003366305168608415,0.0010535560359677312
MLP,480,44,0.16594444,0,0.0,True,6.080394012497722e-05,1.729259515456131e-05
MLP,480,44,0.2477306,0,0.0,True,-0.001263066537319629,0.0002681925128988491
MLP,480,44,0.22081672,0,0.0,True,-0.003503427428799429,-0.0003809867942838226
MLP,480,44,0.19363905,0,1.0,False,-0.0023748336196812224,-0.000692365760313334
MLP,480,44,0.1910142,0,1.0,False,0.0018936130141409303,0.0021610973896214985
MLP,480,44,0.13688186,0,0.0,True,-0.0004480399129497996,-0.0008358780158355249
MLP,480,44,0.17194079,0,0.0,True,0.004079614700444173,0.002237821446025086
MLP,480,44,0.17807943,0,0.0,True,-0.0012971188561593631,0.00036436544913340637
MLP,480,44,0.12717812,0,0.0,True,-0.0016318729425643477,-0.0002579442600489362
MLP,480,44,0.19574755,0,1.0,False,0.001786627961381594,0.0007260528850932255
MLP,480,44,0.1475369,0,1.0,False,-0.00416987598966662,-0.000582102911537222
MLP,480,44,0.11835339,0,0.0,True,-0.0009624443040890164,0.0016841816776985484
MLP,480,44,0.19204316,0,1.0,False,-0.0007465490612840298,-0.00037728749201028155
MLP,480,44,0.119102225,0,1.0,False,-0.001167647320616169,-0.0003410987003259509
MLP,480,44,0.1989249,0,0.0,True,0.003297075031042114,0.002238483063637925
MLP,480,44,0.19228205,0,0.0,True,0.0011285899374913224,-0.0013558172336932438
MLP,480,44,0.32614893,0,0.0,True,0.0005994151130248435,-0.00030129823492517163
MLP,480,44,0.13948445,0,1.0,False,-0.001009918833903053,-0.0026524532639591006
MLP,480,44,0.17142376,0,0.0,True,0.0010328939580028615,0.000572548263295802
MLP,480,44,0.1747068,0,1.0,False,0.0034929246487994344,0.0010321371596027586
MLP,480,44,0.16862574,0,1.0,False,0.00011964713415661274,-0.0004245253487856017
MLP,480,44,0.18344721,0,0.0,True,0.0006241380963882418,-0.0002592569956740177
MLP,480,44,0.28190532,0,1.0,False,0.0027405269190730057,0.0019422417670430503
MLP,480,44,0.1700485,0,0.0,True,0.002788967853188891,0.0015945954055248848
MLP,480,44,0.14800769,0,0.0,True,-0.0023410069342090205,-0.0036976535968108707
MLP,480,44,0.14475185,0,1.0,False,-0.0035925640372981415,-0.0012974693494546459
MLP,480,44,0.15038714,0,1.0,False,0.002418024552144991,0.0015581012171388493
MLP,480,44,0.19593522,0,0.0,True,-0.0028888998033406005,-0.0006191787055711597
MLP,480,44,0.36213955,0,1.0,False,0.0010255306261791905,0.00010359325776289707
MLP,480,44,0.39164722,0,0.0,True,-0.0003497188784101774,-0.0006810163328973734
MLP,480,44,0.21428807,0,0.0,True,-0.0008437848932991785,-0.001684970905564187
MLP,480,44,0.83441985,1,0.0,False,-0.0020955244174473723,-0.00013866486365348416
MLP,480,44,0.24550945,0,0.0,True,8.688900221987614e-05,0.0006138212049769
MLP,480,44,0.16631699,0,1.0,False,0.0004009234877142117,-0.0011791510245408065
MLP,480,44,0.20744275,0,1.0,False,-0.00034330222245046243,0.0016415598732749182
MLP,480,44,0.20634378,0,0.0,True,0.00022134879668053427,0.002485947306370739
MLP,480,44,0.17759341,0,0.0,True,0.0037859742041723805,0.0024272271172783356
MLP,480,44,0.23243617,0,0.0,True,-0.0011222713471279867,0.00036996171376340177
MLP,480,44,0.1588605,0,1.0,False,-0.002724360539013324,-0.003514826243285236
MLP,480,44,0.24905184,0,1.0,False,0.0006730668063805153,0.0005821985826632109
MLP,480,44,0.15779437,0,0.0,True,-0.0006660230317872928,-0.0019557122779248768
MLP,480,44,0.2544363,0,0.0,True,-0.0004732279489185701,0.0007800825001874357
MLP,480,44,0.1312645,0,0.0,True,-0.0021122742904842824,-0.002049263982179469
MLP,480,44,0.18832791,0,1.0,False,-0.003793305533599233,-0.0012633194190054048
MLP,480,44,0.2654657,0,1.0,False,-0.0028183716075156576,0.00033089515848136534
MLP,480,44,0.2028416,0,1.0,False,0.0005345235745003286,0.0006700210546528203
MLP,480,44,0.25079396,0,1.0,False,0.0019483832993157776,0.002098439685101757
MLP,480,44,0.7310688,1,1.0,True,-0.0018267223382045928,-0.0019810170672239637
MLP,480,44,0.13355185,0,1.0,False,0.004414258992419238,0.0024508657734353084
MLP,480,44,0.16207853,0,1.0,False,0.0005651095566341065,0.00028278947698069553
MLP,480,44,0.13016672,0,0.0,True,-0.005951546535288216,-0.0032104180671517287
MLP,480,44,0.23368706,0,0.0,True,0.0023604419083406995,-0.00035784497093526064
MLP,480,44,0.19175012,0,1.0,False,0.004940115862017858,0.00132747760486791
MLP,480,44,0.31066573,0,1.0,False,0.0031480243812755412,0.001404261685203529
MLP,480,44,0.17955746,0,1.0,False,0.0014143494404734122,0.0030433762784283246
MLP,480,44,0.16314414,0,1.0,False,0.005401726121858209,0.001580301815846446
MLP,480,46,0.122255825,0,1.0,False,0.0012693042654310233,0.0012048630011896953
MLP,480,46,0.16167597,0,1.0,False,-0.00042975717631282086,0.0004143187953055962
MLP,480,46,0.20704429,0,1.0,False,-0.0004267376292108669,-0.00013539436830824244
MLP,480,46,0.3280639,0,0.0,True,0.005159161177432107,0.0023215691537029734
MLP,480,46,0.16711505,0,1.0,False,0.00038873832933967865,0.0008461934849121302
MLP,480,46,0.19786052,0,1.0,False,0.00022395408151926736,-0.0005640071266701144
MLP,480,46,0.22091578,0,0.0,True,-0.00022634537062499071,0.000561452727227131
MLP,480,46,0.1274537,0,0.0,True,-0.0005750901563839527,0.001035577941113789
MLP,480,46,0.18017393,0,0.0,True,-0.0005219490634436059,-0.0017633434882444463
MLP,480,46,0.17776069,0,0.0,True,0.0010154890063751535,-0.0005635862566097939
MLP,480,46,0.18070133,0,1.0,False,0.0005352479219280997,0.003017735259908238
MLP,480,46,0.39865914,0,0.0,True,-0.0048114921240948495,-0.0036148151233370454
MLP,480,46,0.12262171,0,1.0,False,0.0007593105056385944,0.0024362074947046667
MLP,480,46,0.1972333,0,0.0,True,-0.002277227261610323,-0.0005346961091400984
MLP,480,46,0.22926715,0,0.0,True,0.00027644738856937696,-0.00012382362295609186
MLP,480,46,0.16219138,0,0.0,True,0.001205381265581373,0.0011762907839909646
MLP,480,46,0.2711213,0,1.0,False,0.002593649837527504,0.0014427414625214413
MLP,480,46,0.14645503,0,1.0,False,0.003652811577190212,0.0014056795174980563
MLP,480,46,0.116316445,0,1.0,False,0.0032259640589655837,0.0029942333494357145
MLP,480,46,0.16587879,0,1.0,False,0.004235071061443347,0.002127981657272422
MLP,480,46,0.1941785,0,0.0,True,0.002510573648072232,0.0010979922204343358
MLP,480,46,0.15449113,0,0.0,True,0.0022702510192525423,0.0018459038635410662
MLP,480,46,0.12990542,0,1.0,False,-0.0010035235295470539,-0.0014968089350645454
MLP,480,46,0.26929992,0,1.0,False,0.0018073851103364632,0.0007555560616686052
MLP,480,46,0.16293743,0,1.0,False,0.0003421177112976159,0.0016135038889625922
MLP,480,46,0.4505421,0,1.0,False,0.002245194947549758,0.00216485275106527
MLP,480,46,0.1285021,0,0.0,True,-0.003140257823374646,-0.0005268508340363655
MLP,480,46,0.13378309,0,1.0,False,0.0038375341269655983,0.003010111335915009
MLP,480,46,0.14572987,0,0.0,True,-0.002169139893918189,-0.0011267163015250925
MLP,480,46,0.1398269,0,0.0,True,0.0012856123658886722,0.001395854181583162
MLP,480,46,0.42541224,0,0.0,True,-0.004400301864843052,-0.00032527611098680497
MLP,480,46,0.2910881,0,0.0,True,0.0004200306201880108,-0.00019774834307568204
MLP,480,46,0.2552304,0,1.0,False,0.00011870889790012166,0.0022304035402483263
MLP,480,46,0.14490175,0,0.0,True,0.0009423117768697957,0.00065986876322569
MLP,480,46,0.32523134,0,0.0,True,0.0020088053955068888,0.0006089380810649063
MLP,480,46,0.1271421,0,0.0,True,-0.00029828758670915657,0.00040672906585815616
MLP,480,46,0.46237725,0,0.0,True,4.2087530968861434e-05,-0.0017341812406399268
MLP,480,46,0.1960591,0,1.0,False,0.001028362285119994,0.0028884940084380733
MLP,480,46,0.19749321,0,0.0,True,0.0013424790280441704,0.0024630772517438516
MLP,480,46,0.1207397,0,0.0,True,-0.0009123922628951814,0.000984866092580218
MLP,480,46,0.1357955,0,1.0,False,-0.0014127396795492694,-9.928050325704927e-05
MLP,480,46,0.24096133,0,1.0,False,0.0011129193304438064,0.0007832192137806337
MLP,480,46,0.17071691,0,0.0,True,0.0038882886030558116,0.0023771864602331336
MLP,480,46,0.14102869,0,1.0,False,0.0007647078130113612,0.0011703971804986652
MLP,480,46,0.23738483,0,0.0,True,-0.0007246807459195622,0.000998559645560332
MLP,480,46,0.1821752,0,1.0,False,7.850035761382092e-06,-0.0002577344997145371
MLP,480,46,0.6045049,1,1.0,True,0.004427116714422713,0.0015320472767682905
MLP,480,46,0.14165843,0,0.0,True,-0.0014209597711997864,-0.0019231233152158804
MLP,480,46,0.17097442,0,0.0,True,0.001132566156940255,-0.0010256599039545854
MLP,480,46,0.16836622,0,0.0,True,-0.0001011700576402803,-0.0012422259321115548
MLP,480,46,0.39628947,0,1.0,False,0.002094344877918111,0.0007335978414857749
MLP,480,46,0.18944816,0,1.0,False,0.0026761843792794835,0.002339742740589227
MLP,480,46,0.23546457,0,0.0,True,0.0014957283681889346,0.0017891255728643568
MLP,480,46,0.16074568,0,1.0,False,0.0011047867315917587,0.0014591379845340432
MLP,480,46,0.14772065,0,0.0,True,-0.001086186230178476,-0.001056902556929431
MLP,480,46,0.18623601,0,1.0,False,-0.001072512081421535,-0.0006162543990011137
MLP,480,46,0.14951915,0,0.0,True,0.002402422232877419,0.002962299730804914
MLP,480,46,0.13262019,0,0.0,True,-2.845150797136537e-05,-0.001404209862532344
MLP,480,46,0.15339969,0,0.0,True,-1.8396364339097084e-05,0.0005954860769677657
MLP,480,46,0.28947508,0,1.0,False,-0.000289090685751932,-0.00089496555936765
MLP,480,46,0.11430961,0,0.0,True,0.001913967452391099,0.0031092205692874004
MLP,480,46,0.13376236,0,0.0,True,0.002348595899735627,0.002686270915474388
MLP,480,46,0.18054827,0,0.0,True,-0.0016082201906827724,-0.0018841204607016723
MLP,480,46,0.153281,0,0.0,True,-0.0012131962610992687,0.0009843752463016442
MLP,480,46,0.17186305,0,0.0,True,0.002390612653810724,0.0008646363848540695
MLP,480,46,0.15829085,0,0.0,True,0.0027182159256970914,0.0004310778616662097
MLP,480,46,0.20756836,0,0.0,True,0.0035221286175366588,0.002289286953816623
MLP,480,46,0.12070795,0,0.0,True,-0.0002938853121627233,-6.8884314673668626e-06
MLP,480,46,0.15833078,0,0.0,True,-0.0027619711773693503,7.808585659443878e-05
MLP,480,46,0.124639004,0,0.0,True,0.0011546373529622346,0.0012953017984871815
MLP,480,46,0.17496338,0,1.0,False,0.001000361206439618,-0.00025237646249493467
MLP,480,46,0.17869094,0,1.0,False,0.0024101900934530526,0.0019121373661725638
MLP,480,46,0.14158715,0,0.0,True,0.0011995409587802568,-0.001511613706428028
MLP,480,46,0.15017396,0,1.0,False,0.0007094653125230386,0.0015549636003473835
MLP,480,46,0.26124516,0,0.0,True,0.00025129747228544945,0.0020104987811462994
MLP,480,46,0.19682749,0,1.0,False,-0.00048604431071417546,-0.0013142069494752994
MLP,480,46,0.2961946,0,0.0,True,0.0015999049377148306,0.0011047092766808234
MLP,480,46,0.25964767,0,1.0,False,0.0034228354242064746,0.00047474428249658367
MLP,480,46,0.13111942,0,0.0,True,0.0014525416363241623,0.0003176776752146439
MLP,480,46,0.19447981,0,1.0,False,0.0023799048065485744,0.0030312269108132726
MLP,480,46,0.12731515,0,0.0,True,0.0003379433869670001,6.40364600945072e-05
MLP,480,46,0.2030775,0,0.0,True,-0.0035753972457972455,-0.0025211100805726332
MLP,480,46,0.1294938,0,0.0,True,0.00027706123780503266,-0.00034960054977972114
MLP,480,46,0.16644514,0,0.0,True,-0.0049816668687615705,-0.004203174705523664
MLP,480,46,0.2202613,0,1.0,False,0.0009186048369925547,0.0005715256507367307
MLP,480,46,0.11890646,0,1.0,False,-0.0006955155867432192,0.0004921278295424579
MLP,480,46,0.2395309,0,1.0,False,-0.0020182606291797647,0.0003481329187503782
MLP,480,46,0.25971818,0,0.0,True,-0.0016793404451971791,0.001027035366199838
MLP,480,46,0.17031577,0,1.0,False,0.0013042304028681503,0.0020936682646891646
MLP,480,46,0.26698244,0,1.0,False,-0.0009599434367216841,-0.0011090868467790132
MLP,480,46,0.16171023,0,0.0,True,-0.002515612006364498,-0.00044146407452997694
MLP,480,46,0.25326675,0,0.0,True,0.0007741333372144645,-0.0002177251687277286
MLP,480,46,0.2401111,0,1.0,False,-0.0016702872357313645,-0.0009188261168970457
MLP,480,46,0.20284773,0,1.0,False,0.0020436853044621312,0.0016452767678763753
MLP,480,46,0.21564627,0,1.0,False,0.00018084779992448119,-0.0006983839141560863
MLP,480,46,0.19810855,0,1.0,False,0.0039346977348069445,0.0025413780420503215
MLP,480,46,0.19574189,0,1.0,False,-0.00015519765900072637,-0.0002162548800199207
MLP,480,46,0.19281548,0,1.0,False,0.0006587274030449177,0.0019174590871788616
MLP,480,46,0.16002604,0,1.0,False,-6.102527156333771e-06,0.0023539170814520886
MLP,480,46,0.15557268,0,0.0,True,0.0014002793456691486,0.0017805170678477165
MLP,480,48,0.11468109,0,1.0,False,-0.0014933897679233789,3.388651542426312e-05
MLP,480,48,0.11435278,0,0.0,True,-0.0013639042129619684,-0.0007993962987175597
MLP,480,48,0.16638316,0,1.0,False,0.004030934467784794,0.0005866951356646603
MLP,480,48,0.22916088,0,1.0,False,-0.0004367261181592648,-0.0011599076989664843
MLP,480,48,0.24344727,0,0.0,True,0.003053233190966172,-5.660064266881281e-05
MLP,480,48,0.12429938,0,1.0,False,0.00436996911071836,0.0020887197152785948
MLP,480,48,0.21134554,0,1.0,False,-0.0007569629515470023,0.0002740616980466486
MLP,480,48,0.15472415,0,0.0,True,-0.00031315693790987014,-0.0004571693594910682
MLP,480,48,0.13477574,0,1.0,False,0.0023819494160070213,0.0018535416234085197
MLP,480,48,0.15762787,0,0.0,True,0.0003652815109475797,0.0008184815736514876
MLP,480,48,0.23140147,0,0.0,True,-0.004784660162061387,-0.0021424729343622897
MLP,480,48,0.14631416,0,0.0,True,0.0037235031066829307,0.0008059678360149358
MLP,480,48,0.12513049,0,1.0,False,0.0009912682973313672,0.002685946571139077
MLP,480,48,0.1291151,0,1.0,False,0.003885783768891481,0.0030498797868832054
MLP,480,48,0.24393947,0,0.0,True,0.0012855905427529104,5.482275755672146e-05
MLP,480,48,0.35501516,0,1.0,False,0.002000130419307406,0.0030383721610020772
MLP,480,48,0.3141455,0,1.0,False,0.004009795111678659,0.002955970899708698
MLP,480,48,0.19273709,0,1.0,False,0.002617680076646354,0.0023461654204439478
MLP,480,48,0.20431148,0,1.0,False,0.00418253645206553,0.0019314443014019481
MLP,480,48,0.15579745,0,1.0,False,0.00242367849933982,0.0010106903217327319
MLP,480,48,0.35271847,0,0.0,True,0.00038834827849377107,0.0007372068099507512
MLP,480,48,0.17197746,0,0.0,True,0.0003385448459483672,-0.00035774136189439446
MLP,480,48,0.13477528,0,0.0,True,0.0005629614859388247,0.0021351479547140188
MLP,480,48,0.28526992,0,1.0,False,0.0011020676895496671,0.0006026053091071365
MLP,480,48,0.1267095,0,0.0,True,5.073327318647516e-05,0.0008695697963942469
MLP,480,48,0.16755757,0,0.0,True,-0.0006707976918787758,-0.00032739598139289297
MLP,480,48,0.22204928,0,1.0,False,-0.0010665144940822226,-8.7976179602943e-05
MLP,480,48,0.14705186,0,0.0,True,1.2399744914320197e-05,-0.0005055138719659956
MLP,480,48,0.10119921,0,0.0,True,-0.002257891469400484,-0.0008586853393330167
MLP,480,48,0.15273684,0,0.0,True,0.00013657745765504844,-0.00013382845911740052
MLP,480,48,0.19937551,0,0.0,True,0.0007698993756828698,0.0018115875493223178
MLP,480,48,0.2124624,0,1.0,False,-0.0009679087440925794,-0.00035910536893232357
MLP,480,48,0.16858156,0,1.0,False,0.00035287207608000103,0.0011195233487051412
MLP,480,48,0.14086935,0,1.0,False,0.0012737037612613356,0.0017065879718938528
MLP,480,48,0.16555953,0,0.0,True,0.0006262091732232593,-0.0001127874716054343
MLP,480,48,0.17072327,0,0.0,True,-9.56937782969632e-05,0.0015673875249414475
MLP,480,48,0.14143828,0,0.0,True,0.003794873965138456,0.0019920586133131027
MLP,480,48,0.2221061,0,1.0,False,0.002874696445678183,0.0028079531874294784
MLP,480,48,0.25333214,0,0.0,True,-0.004634219072178553,-0.0012562490497855805
MLP,480,48,0.139673,0,0.0,True,-0.003873426023506737,-0.004722147470036506
MLP,480,48,0.14592203,0,0.0,True,0.0008379232797017189,-0.0002232616252264342
MLP,480,48,0.16334152,0,0.0,True,0.00029262133840495875,0.00041479501017885117
MLP,480,48,0.2243701,0,1.0,False,-0.001837784651459328,-0.0009507131913582761
MLP,480,48,0.18878163,0,0.0,True,-0.0006444705473542156,-0.0006276935982719499
MLP,480,48,0.18892604,0,1.0,False,0.0007620155517720803,0.0019339786473904586
MLP,480,48,0.2678979,0,1.0,False,0.004112419575508231,0.002880864327294778
MLP,480,48,0.121248394,0,0.0,True,0.0013454659271590844,0.0016256053515193386
MLP,480,48,0.22433615,0,0.0,True,-0.00024389266249944224,0.0008834959103506141
MLP,480,48,0.16183755,0,0.0,True,0.0018727523813158594,0.0017315271900279565
MLP,480,48,0.18165818,0,0.0,True,-0.00019436475481669513,-0.0016226028887594952
MLP,480,48,0.15028885,0,0.0,True,-0.0003661953031916206,-0.001080572619383303
MLP,480,48,0.13794717,0,1.0,False,0.004072777148541195,0.0011991750058662808
MLP,480,48,0.13689621,0,1.0,False,0.0026087601268547033,0.0010832377412722553
MLP,480,48,0.28580916,0,1.0,False,0.0002342723315047818,0.001527636968253569
MLP,480,48,0.16254477,0,1.0,False,-0.0015421177455334349,0.00021085606724903828
MLP,480,48,0.32310057,0,1.0,False,-0.002559970770244081,-0.0007775912320888691
MLP,480,48,0.28887647,0,0.0,True,-0.002445079133955604,-0.000614629963497887
MLP,480,48,0.16878997,0,1.0,False,-0.001342145331889956,-0.0009733192974198687
MLP,480,48,0.14461826,0,0.0,True,0.004652328728892873,0.0023103380970147715
MLP,480,48,0.2986853,0,0.0,True,-0.0029563281384632906,-0.0017273720473408333
MLP,480,48,0.42857516,0,0.0,True,0.0019985518101260234,0.001451964299368758
MLP,480,48,0.122474045,0,0.0,True,0.0022867285707954825,0.0014837065200384992
MLP,480,48,0.28036183,0,0.0,True,0.0021647754739274566,7.274686208775689e-05
MLP,480,48,0.17032583,0,1.0,False,-0.00683110518031151,-0.003289758221646836
MLP,480,48,0.18560445,0,0.0,True,0.0012154741340203222,0.00015443194103341548
MLP,480,48,0.12161108,0,0.0,True,-0.003183910014690105,-0.0015110083269640466
MLP,480,48,0.1700815,0,0.0,True,0.0005624350539023987,0.000463070776276681
MLP,480,48,0.14517258,0,0.0,True,0.0040111064920133116,0.0010062808081532284
MLP,480,48,0.48457983,0,1.0,False,0.0005889357794237437,0.0023272260057556554
MLP,480,48,0.1334986,0,1.0,False,-0.003238137229319611,-5.0078298819784764e-05
MLP,480,48,0.14242052,0,0.0,True,0.0006672303288449913,0.0002545694008108804
MLP,480,48,0.37364507,0,0.0,True,-0.0014359832921815793,0.00016918323572310255
MLP,480,48,0.22523788,0,1.0,False,0.0016659031581704104,0.0030347825754247367
MLP,480,48,0.14577997,0,0.0,True,-0.00012212641132187583,-0.0006882411972876914
MLP,480,48,0.20717053,0,0.0,True,-0.001410368204302989,-0.0016514398379971857
MLP,480,48,0.12896076,0,1.0,False,0.004022606792892785,0.0014887169251968455
MLP,480,48,0.18575148,0,1.0,False,-0.002288008374857344,-0.0001352442358593178
MLP,480,48,0.13577634,0,1.0,False,0.0016338672440518033,-0.0002578704913562583
MLP,480,48,0.13908795,0,1.0,False,-0.0011805566566597478,-0.002018340056403984
MLP,480,48,0.17041443,0,0.0,True,-0.0016287780138326533,-0.0024534786628479686
MLP,480,48,0.15693952,0,0.0,True,0.0013360387275707737,0.001271684059043341
MLP,480,48,0.45635563,0,1.0,False,0.0015034183893276067,0.0020053531049039736
MLP,480,48,0.15139163,0,0.0,True,0.0017658288748785649,0.000670496569559132
MLP,480,48,0.16694677,0,1.0,False,0.001165090701111074,0.0031297938044122847
MLP,480,48,0.3301873,0,1.0,False,-0.0004891542917568345,-0.0002978796030915446
MLP,480,48,0.11235154,0,0.0,True,0.003122695907503496,0.0016194815337639574
MLP,480,48,0.14632803,0,1.0,False,0.0018876130828114127,0.0007314524555903865
MLP,480,48,0.28503302,0,1.0,False,0.0003323799135250529,-0.0009520275026680982
MLP,480,48,0.13066813,0,0.0,True,0.003305873375842185,-0.0005355288294762155
MLP,480,48,0.29629478,0,1.0,False,0.00032866389426166264,0.0007817976302379268
MLP,480,48,0.31433752,0,1.0,False,-0.004268093215569426,-0.0024091877336367994
MLP,480,48,0.14884645,0,0.0,True,-0.0008176702801189282,-0.0027429412732080174
MLP,480,48,0.23687345,0,0.0,True,0.0013604494336766071,-5.776788361221544e-05
MLP,480,48,0.13387947,0,0.0,True,0.0018087271336728653,0.002551311576868187
MLP,480,48,0.17287108,0,1.0,False,-0.001994467349104631,-0.0011910216448955781
MLP,480,48,0.1563748,0,1.0,False,0.0028964273300084056,0.0026816578276227
MLP,480,48,0.14616533,0,0.0,True,-0.00029398236082018046,-0.000855825348553572
MLP,480,48,0.30328298,0,1.0,False,0.004014734872043697,0.003261332507840314
MLP,480,48,0.335172,0,1.0,False,0.0034025880779742926,0.0040726976884911704
MLP,480,48,0.15498847,0,0.0,True,7.226537255469587e-05,-0.0006850295640805379
MLP,480,50,0.13598776,0,1.0,False,0.0024681135490849525,8.03442651781065e-05
MLP,480,50,0.16922985,0,1.0,False,-0.003271049508165514,-0.0022817361223200993
MLP,480,50,0.15072002,0,0.0,True,-0.0006611292749353473,-0.0007576331322534607
MLP,480,50,0.17181347,0,0.0,True,-0.0014324393238275455,-0.0012901896654034441
MLP,480,50,0.27981067,0,1.0,False,-0.0024360669773140814,-0.0006360653370318798
MLP,480,50,0.14253117,0,0.0,True,0.0008002614187609355,0.0006008262214864613
MLP,480,50,0.1941406,0,1.0,False,0.00041688826044337436,-0.0004708544826181825
MLP,480,50,0.15239644,0,0.0,True,-0.003473119790756182,-0.002101259496639671
MLP,480,50,0.15515834,0,1.0,False,-0.00014636992527092705,-0.0010170887503871543
MLP,480,50,0.18289892,0,1.0,False,-0.002955085489414605,0.00016350434726546446
MLP,480,50,0.20017852,0,1.0,False,-7.278654016921967e-05,-0.002136371778586423
MLP,480,50,0.26888666,0,0.0,True,-0.0009009418504858673,-0.0023428454531770216
MLP,480,50,0.18965404,0,0.0,True,-0.0016695696743104869,0.00024448990138739883
MLP,480,50,0.15147404,0,0.0,True,-0.0012617267080390082,-0.0005403066409342593
MLP,480,50,0.15235463,0,1.0,False,0.002895527520327382,0.0029419709803418116
MLP,480,50,0.16383468,0,0.0,True,0.0004508934063305207,0.0013003334711690197
MLP,480,50,0.25787514,0,1.0,False,-0.0016353532489401805,0.0008402934182921694
MLP,480,50,0.23262784,0,1.0,False,0.002190503936472585,0.002031691454886536
MLP,480,50,0.23191504,0,1.0,False,0.00342415287582728,0.002195473499411788
MLP,480,50,0.20030393,0,1.0,False,0.001435078962170992,0.0003132429379696482
MLP,480,50,0.31064275,0,1.0,False,0.002068185506931226,0.0007164494957947412
MLP,480,50,0.14572649,0,1.0,False,0.0012301842579623562,0.0018369066794391145
MLP,480,50,0.13838752,0,0.0,True,0.0011220528206439932,0.0023597302253722382
MLP,480,50,0.6214895,1,0.0,False,0.00048193438695121353,-0.0015029882579139992
MLP,480,50,0.23411123,0,1.0,False,0.0015394347634051315,0.00022621974970616536
MLP,480,50,0.29006404,0,1.0,False,0.0008445828512845879,0.0010065888234065282
MLP,480,50,0.17950024,0,0.0,True,-0.002049438923432148,-0.000436493120958365
MLP,480,50,0.18421827,0,0.0,True,-0.000922209380917316,-0.0011451996891527882
MLP,480,50,0.28741643,0,1.0,False,0.004499926859605708,0.002549707561875671
MLP,480,50,0.16765842,0,0.0,True,-0.001779887577493745,-0.0010369715641320595
MLP,480,50,0.17988056,0,1.0,False,0.004502809484304588,0.0014204145133620068
MLP,480,50,0.30642843,0,1.0,False,0.001600248467375711,0.0025641879893442475
MLP,480,50,0.21485817,0,1.0,False,0.00015420933524565078,0.0009381384080138141
MLP,480,50,0.25759155,0,0.0,True,-0.0006422888040938623,0.00211804193931579
MLP,480,50,0.12622133,0,0.0,True,0.0010002323440400597,0.0015890619869992446
MLP,480,50,0.34731075,0,0.0,True,0.0007371779758826618,0.0011993939278923725
MLP,480,50,0.21667546,0,1.0,False,0.0017443797356751479,0.0012713827697121765
MLP,480,50,0.19007973,0,1.0,False,-0.00023414964063807412,0.00018758605779132379
MLP,480,50,0.24171342,0,1.0,False,0.00035586954175640924,0.0016929043513712752
MLP,480,50,0.16542822,0,1.0,False,0.0020876869007461964,0.0020419731001428557
MLP,480,50,0.14669581,0,0.0,True,0.004253314240017125,0.0029384473699361107
MLP,480,50,0.13501593,0,1.0,False,0.0026942824531183632,0.0024538353820881477
MLP,480,50,0.19399635,0,0.0,True,-0.0005393177224103174,-0.00047021747152820454
MLP,480,50,0.20303011,0,0.0,True,0.0012612674971199628,0.0005311275187674326
MLP,480,50,0.24046373,0,0.0,True,-0.003446511743599838,-0.0017780195440143514
MLP,480,50,0.1417346,0,1.0,False,0.005394532435954578,0.0034056828845657806
MLP,480,50,0.23122571,0,0.0,True,0.002469301358405567,0.0022672335711950748
MLP,480,50,0.19206049,0,0.0,True,0.0003568810241488392,0.00032644246745714084
MLP,480,50,0.14977704,0,1.0,False,0.004256360430100974,0.0022529194510658773
MLP,480,50,0.1601977,0,0.0,True,-0.0018243713131771738,-0.0007029538862855719
MLP,480,50,0.13095541,0,0.0,True,-0.002219888368654688,6.796788662252527e-05
MLP,480,50,0.17476708,0,0.0,True,-0.0029520741575321655,-0.0007606076138998737
MLP,480,50,0.17539494,0,0.0,True,0.002921764212535586,0.0007173054286287056
MLP,480,50,0.15618351,0,0.0,True,0.0003750408026999393,-0.0005042209670343329
MLP,480,50,0.1749718,0,1.0,False,-5.6546510441369426e-05,0.000431064281864005
MLP,480,50,0.21463536,0,1.0,False,0.0024813378286390603,0.002636047852739118
MLP,480,50,0.5203377,1,0.0,False,-0.002213272920866348,-0.0011971314319676296
MLP,480,50,0.1492695,0,0.0,True,0.00010629645835791262,5.424469789239595e-05
MLP,480,50,0.18869923,0,1.0,False,0.0019571029989988342,0.0007443916141530672
MLP,480,50,0.1082279,0,1.0,False,0.00048209999122850086,0.002154135379937583
MLP,480,50,0.16805725,0,0.0,True,-0.001375118790361972,-0.0009194094482050895
MLP,480,50,0.2957197,0,1.0,False,0.0016252436668110911,-0.0004324960851876443
MLP,480,50,0.26008043,0,1.0,False,0.0009126129880592075,0.0015658233933804973
MLP,480,50,0.24309194,0,0.0,True,-0.0007658871378106556,-0.0009844045161975224
MLP,480,50,0.17151345,0,0.0,True,-0.0036665357235758167,-0.0021595027302684132
MLP,480,50,0.30005094,0,0.0,True,-0.00024088727608066003,0.000207687039199848
MLP,480,50,0.17026658,0,1.0,False,0.0012884410003497293,0.0031443757660689258
MLP,480,50,0.19821414,0,0.0,True,0.0002998949417900209,0.0013800091137397086
MLP,480,50,0.17398006,0,0.0,True,0.0033982712467546475,0.002557222570057391
MLP,480,50,0.23032667,0,1.0,False,-0.0011305539319646201,-0.001022449142409433
MLP,480,50,0.151722,0,1.0,False,-0.001952089671689514,0.00037496480267737843
MLP,480,50,0.14437902,0,0.0,True,0.0023956785888154613,0.002080378676288056
MLP,480,50,0.1431603,0,0.0,True,0.0007239757285971703,-0.0002855821686593622
MLP,480,50,0.11793584,0,0.0,True,0.0008835120918032972,0.0009107977273257496
MLP,480,50,0.22409727,0,0.0,True,0.0016448847850631086,0.0005841855302211593
MLP,480,50,0.16581126,0,0.0,True,0.0026093506860905375,0.0019807285149377437
MLP,480,50,0.22565395,0,1.0,False,0.0031053386503637932,0.0015803786195489672
MLP,480,50,0.27785307,0,1.0,False,0.0018646496507586663,0.0011404701176914007
MLP,480,50,0.20772992,0,1.0,False,-0.000401457919682072,0.0001770314840480559
MLP,480,50,0.19625947,0,1.0,False,0.002181589601857973,0.0016788040756608273
MLP,480,50,0.15130281,0,0.0,True,0.000134690472581798,-0.00019595610419360305
MLP,480,50,0.26332703,0,1.0,False,-0.0006787751027360368,-0.0020291428868476277
MLP,480,50,0.21444745,0,1.0,False,-0.002137186698081703,0.001252242993042676
MLP,480,50,0.20272419,0,0.0,True,-0.0033361321286603175,-0.0014804596358695653
MLP,480,50,0.1452834,0,0.0,True,-0.0008360737641431138,0.00042131247732845353
MLP,480,50,0.15572323,0,1.0,False,0.004032024003453935,0.0014811075878941517
MLP,480,50,0.17110088,0,1.0,False,-0.002076224086310562,-0.0002018973513759839
MLP,480,50,0.12595688,0,0.0,True,-0.0005246249682720556,-0.0007559827364061274
MLP,480,50,0.23223251,0,0.0,True,0.004895516297793172,0.0014392812355729539
MLP,480,50,0.1299442,0,1.0,False,0.003360430908681383,0.0013787944352352992
MLP,480,50,0.1457172,0,0.0,True,-0.0025647941971400604,-0.0007736968497653149
MLP,480,50,0.20160894,0,0.0,True,0.003697931769928391,0.000893670697290785
MLP,480,50,0.14584476,0,0.0,True,-0.0013835991050916694,-3.9635518273904474e-05
MLP,480,50,0.1431018,0,0.0,True,-0.0033942637506117496,-0.004521334559868727
MLP,480,50,0.18918751,0,0.0,True,0.0021919445036150485,0.0004266310228626692
MLP,480,50,0.13533083,0,0.0,True,-0.00027635504942555636,0.00013722270319290657
MLP,480,50,0.14420903,0,1.0,False,-0.0003828107949956294,-0.00022211805612116253
MLP,480,50,0.19149843,0,0.0,True,-0.002105070971786468,-0.002229179069620038
MLP,480,50,0.12418975,0,1.0,False,0.0019049094983752072,0.0019854242406657017
MLP,480,50,0.12719162,0,1.0,False,2.6100105299935845e-05,0.000653086624646331
MLP,480,52,0.141128,0,0.0,True,-0.002114143888933609,-0.0012280510554414088
MLP,480,52,0.14974223,0,0.0,True,0.0015552562270966465,-0.0006988399736702561
MLP,480,52,0.1309484,0,0.0,True,-0.00108747069517234,-0.0017895843150378195
MLP,480,52,0.23552492,0,1.0,False,0.001328045598337105,0.001978137609242224
MLP,480,52,0.15212883,0,1.0,False,6.006261001645243e-06,0.0016867654853685138
MLP,480,52,0.14100482,0,0.0,True,-0.0006798494878094265,-0.002252321418056412
MLP,480,52,0.22932805,0,0.0,True,-0.00037207590497972395,0.0010686258166546403
MLP,480,52,0.20040084,0,1.0,False,0.0017100138715434073,0.0023170316387109012
MLP,480,52,0.4780532,0,1.0,False,-0.0008420254988073928,0.00021103524213363358
MLP,480,52,0.1845741,0,1.0,False,0.0017241993332525554,0.0015641587487059349
MLP,480,52,0.13921413,0,1.0,False,0.0009252203224145339,-0.00044577049163349445
MLP,480,52,0.122610986,0,0.0,True,-0.002231101030442553,-0.0011749947016067163
MLP,480,52,0.33699712,0,0.0,True,0.003345053751125469,0.0008363530820619924
MLP,480,52,0.17232476,0,0.0,True,-0.004105716934550467,-0.0019457274052807544
MLP,480,52,0.1842905,0,0.0,True,0.00024704047014516213,-0.0017076518171391828
MLP,480,52,0.20261939,0,0.0,True,0.0012773589961331353,-0.0007851210324614769
MLP,480,52,0.13553162,0,1.0,False,0.001938533371313261,0.0012045888704494026
MLP,480,52,0.20199515,0,0.0,True,0.0014374152765255833,0.0017088272840710692
MLP,480,52,0.14956935,0,1.0,False,0.0030718784427321796,0.0028395077583202393
MLP,480,52,0.23281054,0,1.0,False,0.001173958776212023,-0.0003921795784444071
MLP,480,52,0.29335785,0,1.0,False,0.001836261285871572,0.0021947164320735017
MLP,480,52,0.17764054,0,0.0,True,0.0011902952741057438,0.0004991970255478025
MLP,480,52,0.1383098,0,1.0,False,-0.0011112238463843497,-0.0001240299997326712
MLP,480,52,0.31234148,0,0.0,True,-0.0009735122351999556,-0.0014664186515115716
MLP,480,52,0.1445109,0,0.0,True,6.0799781478222295e-05,-1.239043010024345e-07
MLP,480,52,0.13928202,0,1.0,False,0.00042175803379460735,-0.0008578172723657376
MLP,480,52,0.1550173,0,1.0,False,0.0007912931233332385,-0.0011889538593321646
MLP,480,52,0.2996903,0,0.0,True,-0.00035706109622119853,0.0009443924089809442
MLP,480,52,0.15415685,0,0.0,True,-0.0013863200812208065,-0.0028635966683849654
MLP,480,52,0.25451526,0,0.0,True,0.00067256857503783,0.0006603410337280751
MLP,480,52,0.286135,0,1.0,False,0.0005243492853792983,2.4916743893589733e-05
MLP,480,52,0.31257355,0,0.0,True,0.0010078856295744397,-0.0005280348216724934
MLP,480,52,0.66068184,1,1.0,True,0.0025662658319088776,0.0032256363662167596
MLP,480,52,0.13377945,0,0.0,True,0.0003379317770504771,0.0010047154480567677
MLP,480,52,0.5493297,1,0.0,False,-0.0010491577680822707,-0.0001708321692246981
MLP,480,52,0.21162343,0,1.0,False,0.0025024106286370557,0.0020956534298566592
MLP,480,52,0.1344942,0,0.0,True,0.0008003386615893863,-0.0002829241456345947
MLP,480,52,0.17862916,0,0.0,True,-0.0014981338485485515,0.0002941687495113779
MLP,480,52,0.14926165,0,0.0,True,0.002990802520423503,0.00047746340508273327
MLP,480,52,0.31640252,0,0.0,True,0.0022164208036968476,0.0005686908680244373
MLP,480,52,0.13333337,0,0.0,True,-0.0025456243756726967,-0.0012901277076731725
MLP,480,52,0.12869269,0,0.0,True,-0.0013254870124803902,-0.0018105561221873365
MLP,480,52,0.16426803,0,1.0,False,0.0009050196685493323,0.0017516255217730984
MLP,480,52,0.12814814,0,1.0,False,-0.0006351594845135197,-0.002085256218638328
MLP,480,52,0.13783754,0,0.0,True,-0.003482447927648305,-0.0012962369147039444
MLP,480,52,0.3016828,0,1.0,False,0.0009216010653085781,0.0022331420766192847
MLP,480,52,0.12516753,0,1.0,False,-0.0018293116380596714,0.00019332820548164463
MLP,480,52,0.42402178,0,1.0,False,-0.00013602295974227723,1.1616337287784555e-05
MLP,480,52,0.17857097,0,0.0,True,0.0003020564502813355,0.0002064297198881653
MLP,480,52,0.24438404,0,1.0,False,0.0015141455508650527,0.0028256226239128574
MLP,480,52,0.31603518,0,1.0,False,0.004856615140288709,0.0036777986889397064
MLP,480,52,0.14527543,0,1.0,False,0.009505693637945997,0.005427244011577463
MLP,480,52,0.17103913,0,0.0,True,-0.0032570128667677996,-0.0024938343847729196
MLP,480,52,0.14894764,0,0.0,True,0.0019867376923253465,0.0021890810122801307
MLP,480,52,0.20443775,0,1.0,False,0.0009359997316872533,-0.0005956827372260444
MLP,480,52,0.24040298,0,1.0,False,0.0029723947312783917,0.003646025063876409
MLP,480,52,0.15984645,0,0.0,True,0.0012821087187532881,-0.0003360829787065777
MLP,480,52,0.42687127,0,1.0,False,0.001525342402747504,0.0015486889111361447
MLP,480,52,0.11374498,0,1.0,False,0.004130429388294603,0.0009650926101467563
MLP,480,52,0.28531802,0,1.0,False,0.001847887527416126,0.0016279020090879627
MLP,480,52,0.19886659,0,1.0,False,0.0035347536438899737,0.0028102478236236416
MLP,480,52,0.14224078,0,0.0,True,0.003900208635056067,0.0023847254770469105
MLP,480,52,0.17176951,0,1.0,False,0.0037315763133856975,0.0016063914738955378
MLP,480,52,0.16147974,0,0.0,True,-0.0005393435500026716,-0.001079771863600585
MLP,480,52,0.181948,0,0.0,True,0.0015747930617298269,0.0004620107407185373
MLP,480,52,0.13491382,0,1.0,False,-0.0011601973283639298,0.0008457842689762882
MLP,480,52,0.15409209,0,0.0,True,-0.002268990462069064,0.0010157301478057837
MLP,480,52,0.18070997,0,1.0,False,-0.0009145705329981093,3.3847643165294984e-06
MLP,480,52,0.15242976,0,0.0,True,0.0019735188993428446,0.0028639395508192667
MLP,480,52,0.1250253,0,1.0,False,-0.0024179167784746684,-0.001292823987344385
MLP,480,52,0.23217683,0,1.0,False,0.0006828254601177745,-0.00041370161855310873
MLP,480,52,0.72164285,1,1.0,True,0.0021655283696593594,0.0021943708477961833
MLP,480,52,0.1660678,0,1.0,False,-0.0005589616546190474,0.0025229872219215887
MLP,480,52,0.28935322,0,0.0,True,-0.0011597332101269087,0.00021910723450383992
MLP,480,52,0.16310646,0,1.0,False,0.0028846449003107275,0.002439060959393808
MLP,480,52,0.41966575,0,1.0,False,0.002442527124549805,0.000829812652376626
MLP,480,52,0.25419703,0,1.0,False,-0.003446388821241699,-0.0016431427009737235
MLP,480,52,0.1835666,0,0.0,True,0.0007703074698691292,0.0014330921283105338
MLP,480,52,0.1731634,0,0.0,True,-0.0016454944581257784,-0.0005411653971701991
MLP,480,52,0.19441293,0,0.0,True,0.00159156714337791,0.0010489756590271295
MLP,480,52,0.12107541,0,0.0,True,-0.0012332204044842616,-0.0009124027111893413
MLP,480,52,0.21553265,0,0.0,True,-0.0016425319561732482,-0.0021710674686881066
MLP,480,52,0.4499913,0,1.0,False,-0.0017035027624291144,-0.0007865619562087703
MLP,480,52,0.13061798,0,0.0,True,0.0026699486049070248,0.0008741988232871523
MLP,480,52,0.24344777,0,0.0,True,0.0013032473534316782,0.0009602539421052194
MLP,480,52,0.1621152,0,0.0,True,0.0016091950846264752,0.0007227214469649088
MLP,480,52,0.20789611,0,1.0,False,0.002564355166890422,0.002144586489104024
MLP,480,52,0.15435736,0,1.0,False,0.0034443722760415995,0.0021678698032362733
MLP,480,52,0.30801153,0,1.0,False,0.0019918742732244767,0.001384431647501562
MLP,480,52,0.42366236,0,1.0,False,0.002412187556482642,0.00026821404616521593
MLP,480,52,0.11958925,0,0.0,True,0.0010870322830353065,0.0011055834321366347
MLP,480,52,0.16961046,0,1.0,False,-0.0016006294544930078,0.00027856899314249026
MLP,480,52,0.15330954,0,1.0,False,0.0026073760526009147,0.001625416208825939
MLP,480,52,0.1268435,0,1.0,False,0.0011478472927213014,0.002638539512695803
MLP,480,52,0.19361739,0,1.0,False,0.0001640563365838468,0.0028160257214555062
MLP,480,52,0.31701982,0,0.0,True,-0.0006293824030602315,-0.00019898570938801376
MLP,480,52,0.183455,0,1.0,False,0.0005287405006336889,0.002858563155966032
MLP,480,52,0.6802321,1,1.0,True,0.00243510986055445,0.002542229635325443
MLP,480,52,0.22807725,0,1.0,False,0.0024083031113541348,0.0018709278811210727
MLP,480,52,0.20938402,0,0.0,True,-0.0005568045297671025,-0.00010457618089359856
MLP,480,53,0.18567431,0,1.0,False,-0.00047551191976807303,-0.0007029268226324377
MLP,480,53,0.16433156,0,1.0,False,0.005523047401402911,0.004527391914545168
MLP,480,53,0.1434309,0,0.0,True,0.000478350630591022,-0.0008838926341320248
MLP,480,53,0.16989249,0,1.0,False,0.001647876357453052,0.0021241027695642896
MLP,480,53,0.18066572,0,1.0,False,-2.6102688422924923e-05,0.0008011049076751806
MLP,480,53,0.28326917,0,1.0,False,-0.00016250931570299017,0.0013308015792688854
MLP,480,53,0.28530756,0,1.0,False,-0.001510015852428285,-0.00024845619531953613
MLP,480,53,0.4179327,0,0.0,True,-0.0021581714914102896,-0.0010544453358644124
MLP,480,53,0.22201388,0,0.0,True,-0.0030447723595116226,-0.0014718023202853069
MLP,480,53,0.14119788,0,0.0,True,0.0005156482328488372,0.001056130366818724
MLP,480,53,0.34148613,0,1.0,False,0.0003376382307117192,-0.0010113804003885178
MLP,480,53,0.14991902,0,1.0,False,0.0013703595577423521,0.0012671166626884145
MLP,480,53,0.14091514,0,1.0,False,0.005375733267814155,0.0035918667495713173
MLP,480,53,0.13577422,0,1.0,False,0.0013039213963175443,0.0013139145004579876
MLP,480,53,0.15194258,0,0.0,True,0.0008203144747021617,0.0005161534621552983
MLP,480,53,0.14682224,0,0.0,True,0.0007654337620745606,0.00041793448501752496
MLP,480,53,0.14467826,0,1.0,False,0.0029509575670542396,0.00013717775540013596
MLP,480,53,0.13587983,0,1.0,False,0.004548453388552634,0.0021235175808417993
MLP,480,53,0.16373454,0,0.0,True,0.002765850026728442,0.002463949989245069
MLP,480,53,0.15792091,0,1.0,False,-0.0014491444536161612,-0.0008411814289846278
MLP,480,53,0.12215875,0,1.0,False,-0.0007665654229975289,-0.0005363434854632201
MLP,480,53,0.19877154,0,0.0,True,-0.005602375064702485,-0.0013413369625432095
MLP,480,53,0.17646864,0,1.0,False,-0.0026720561656712544,-0.0003149198299226856
MLP,480,53,0.1876053,0,1.0,False,0.0003004439912599038,-0.001392814287390755
MLP,480,53,0.18715587,0,1.0,False,0.0004772186823447599,-0.00027564026294515237
MLP,480,53,0.35817057,0,0.0,True,0.0035652276449959445,0.002867908542366562
MLP,480,53,0.14280036,0,0.0,True,-0.0005237379300637997,0.0008383661050052822
MLP,480,53,0.13748424,0,0.0,True,0.0006938184831692046,-0.0004852392626797179
MLP,480,53,0.26658177,0,1.0,False,-0.0005425161958691339,-0.001131476102441612
MLP,480,53,0.22685716,0,1.0,False,-0.002079059446671017,-0.0005661432010648853
MLP,480,53,0.17238756,0,1.0,False,0.0007523311890385216,0.00012609348926458737
MLP,480,53,0.34726423,0,1.0,False,0.003347863098600351,0.0010435557527288617
MLP,480,53,0.099617586,0,1.0,False,0.002160800997522115,0.0007261720178577876
MLP,480,53,0.157198,0,0.0,True,2.5050893123054848e-05,0.0005425592473450915
MLP,480,53,0.2939821,0,1.0,False,0.001695595622041144,0.002568107770803412
MLP,480,53,0.18197867,0,0.0,True,0.0012534900451727023,0.0002491033957995004
MLP,480,53,0.18735683,0,1.0,False,0.0031160451800843324,0.0008378154384894662
MLP,480,53,0.35524625,0,1.0,False,0.0006382628493586346,0.001104544656513272
MLP,480,53,0.1260531,0,0.0,True,0.0013911982390096109,-6.129075155317305e-05
MLP,480,53,0.117231555,0,0.0,True,0.0052485393613656535,0.0029156634140839557
MLP,480,53,0.162952,0,1.0,False,0.0056974714860521134,0.001932924585217223
MLP,480,53,0.15981613,0,0.0,True,-0.00045423839103850283,-0.0008945541817360808
MLP,480,53,0.16097346,0,0.0,True,0.0015397656517187534,0.0008577673656604967
MLP,480,53,0.20623969,0,1.0,False,0.004641284129077857,0.00413237010163894
MLP,480,53,0.16423702,0,0.0,True,2.190081234467962e-05,0.0003138149815599136
MLP,480,53,0.14231655,0,1.0,False,0.00027541575857950476,0.0008405255366390871
MLP,480,53,0.3709774,0,0.0,True,0.0005788668144837293,-0.0011447313780721523
MLP,480,53,0.3400695,0,0.0,True,-0.0006686365185729258,0.0010932225799190963
MLP,480,53,0.1605625,0,1.0,False,-0.00107048392160573,0.0014536047072393615
MLP,480,53,0.22583355,0,1.0,False,0.0034711679214272334,0.0026823978871692903
MLP,480,53,0.23063616,0,1.0,False,0.00041700702690712486,0.001549590199575063
MLP,480,53,0.27793273,0,1.0,False,0.0018080089403948937,0.0027938857926535707
MLP,480,53,0.18873616,0,0.0,True,-0.002530973773933882,-0.0011879087030089144
MLP,480,53,0.19428803,0,1.0,False,0.00047264979495029424,0.0004335999839252873
MLP,480,53,0.26503563,0,1.0,False,-0.0021255137990233985,-0.0018876821216552084
MLP,480,53,0.19024473,0,1.0,False,-0.0012353353030504358,0.00015659221395451998
MLP,480,53,0.19054776,0,1.0,False,-0.0008160249885012826,-0.0006260303261822834
MLP,480,53,0.20207016,0,0.0,True,-0.002218340395305661,3.904569164178086e-05
MLP,480,53,0.1139387,0,0.0,True,0.003108790730071628,0.0027852761027493053
MLP,480,53,0.1858214,0,0.0,True,0.0011131767827212249,0.0006702661156675727
MLP,480,53,0.14075546,0,1.0,False,0.0019125491024896632,0.002293221359869287
MLP,480,53,0.32216004,0,1.0,False,0.003496402378996312,0.0031559261344772066
MLP,480,53,0.27306333,0,1.0,False,0.005648661628392039,0.0026157683321999556
MLP,480,53,0.17033952,0,1.0,False,0.002892272346899228,0.0007272316833353411
MLP,480,53,0.16211464,0,1.0,False,0.0027641005454588645,-0.001295316116535955
MLP,480,53,0.29631835,0,0.0,True,0.000619588495929255,0.0016047229303636117
MLP,480,53,0.31944138,0,0.0,True,0.002533311709196196,0.0009684523061036151
MLP,480,53,0.16486315,0,1.0,False,0.0021201157063054582,0.002273865247983602
MLP,480,53,0.30332994,0,0.0,True,-0.0019332974485815116,-0.002013420114583112
MLP,480,53,0.18389904,0,0.0,True,-0.002168986484675786,-7.579380722725362e-06
MLP,480,53,0.33158708,0,1.0,False,0.00092617090426455,0.0019851954413962845
MLP,480,53,0.14964887,0,0.0,True,-0.0036274464376266705,0.00012614110311348894
MLP,480,53,0.5746424,1,1.0,True,0.0006597625173437356,0.0018273443163828158
MLP,480,53,0.13191085,0,1.0,False,0.0014043499868152576,0.0032692268088898185
MLP,480,53,0.17367569,0,0.0,True,0.0033474982351056155,0.0025976065107887565
MLP,480,53,0.42812458,0,1.0,False,-0.003056195387082088,-0.0015091874610884354
MLP,480,53,0.18117002,0,1.0,False,-0.002010069693037071,0.00163649221680875
MLP,480,53,0.14480828,0,0.0,True,-0.001680410485274355,-0.0011552259657201902
MLP,480,53,0.13138291,0,1.0,False,-0.0002809362334027248,0.00025887478749098196
MLP,480,53,0.14002134,0,0.0,True,-0.001958434674626326,-0.0007631772020705443
MLP,480,53,0.21447887,0,1.0,False,0.000855473727041636,-0.00023607689947193828
MLP,480,53,0.22262472,0,0.0,True,0.0025310131640274704,0.0021809863936269806
MLP,480,53,0.19976752,0,0.0,True,0.0005786111209275516,-0.0003874663039034681
MLP,480,53,0.21015368,0,1.0,False,-0.0006871833315611524,0.001606470760990184
MLP,480,53,0.42470798,0,1.0,False,0.0019479347681405966,0.0016403796236971282
MLP,480,53,0.17331442,0,1.0,False,0.0060496539835986855,0.0033261760122229606
MLP,480,53,0.2033031,0,1.0,False,0.0028444582786803815,0.00090124378697918
MLP,480,53,0.13766386,0,1.0,False,0.0018142722820568022,0.0014412867994621347
MLP,480,53,0.28406444,0,1.0,False,-0.0004983895873708383,-0.0014308816601637095
MLP,480,53,0.17573819,0,1.0,False,-0.0011622325495294998,0.0014351739830929732
MLP,480,53,0.13702962,0,0.0,True,0.0004637913285557826,0.0002588672788423958
MLP,480,53,0.15939043,0,0.0,True,0.0037924945218351974,0.0015714436394166655
MLP,480,53,0.13626571,0,0.0,True,-0.0018656278919304842,-0.0005917262560095847
MLP,480,53,0.12964466,0,0.0,True,-0.0038140384639971004,-0.0016368561286559014
MLP,480,53,0.2596548,0,1.0,False,0.002238159986555897,0.0010871088052044748
MLP,480,53,0.25511718,0,0.0,True,0.00043335240880983935,0.0003337050798373127
MLP,480,53,0.18242249,0,1.0,False,-0.003297081125718009,-0.0007803190234578534
MLP,480,53,0.20652716,0,1.0,False,-0.0014097371904833774,-0.0010757498497516967
MLP,480,53,0.31693736,0,1.0,False,-0.0032833250352969274,-0.0015799059372626591
MLP,480,53,0.37946054,0,1.0,False,0.0013591813953720915,0.0024531947617649915
MLP,480,55,0.16460532,0,1.0,False,-0.0035216145893192503,-0.003395222225288948
MLP,480,55,0.16036104,0,0.0,True,-4.353676284498055e-05,-0.0009883850935604446
MLP,480,55,0.24596809,0,0.0,True,-0.0019314570274449015,-0.0019639810992275104
MLP,480,55,0.45475593,0,1.0,False,-0.0029775770206211622,-0.0017048808274762951
MLP,480,55,0.1857922,0,0.0,True,-0.00040166533706770236,-0.0017343662809931853
MLP,480,55,0.24088088,0,1.0,False,-0.00036347229683011246,0.0006634992303592148
MLP,480,55,0.67791045,1,1.0,True,0.0015828372849953775,2.579249898244487e-05
MLP,480,55,0.12747283,0,0.0,True,-0.0004972546894317835,-0.001364112202551984
MLP,480,55,0.2618092,0,1.0,False,0.0006435213086306172,-0.000535745592192969
MLP,480,55,0.2438015,0,1.0,False,0.003144420087030782,0.0007661962801349926
MLP,480,55,0.32795557,0,0.0,True,0.0006554063808684692,0.001261391646142851
MLP,480,55,0.1539179,0,1.0,False,-0.0022507033901431896,-0.001552066397185216
MLP,480,55,0.28372872,0,1.0,False,0.0003826612957668048,-0.0003179157452637864
MLP,480,55,0.1411371,0,1.0,False,0.0003671722122995326,0.00180899038534118
MLP,480,55,0.54284793,1,0.0,False,0.002881531225665918,0.001983863557919162
MLP,480,55,0.14588554,0,1.0,False,0.0018493779925292757,0.0018165387671710016
MLP,480,55,0.1276213,0,0.0,True,-0.003009613546942872,-0.0018763024574522526
MLP,480,55,0.16750728,0,0.0,True,0.0010938233450655866,-0.0005550907863645068
MLP,480,55,0.36005205,0,0.0,True,-0.0037496717735133914,0.0004652412766984479
MLP,480,55,0.19918616,0,0.0,True,-0.0015119893735829307,-0.0004381713119794268
MLP,480,55,0.14805475,0,0.0,True,0.0016791635540138615,0.0002922916843773015
MLP,480,55,0.15779676,0,1.0,False,0.0002950012561579835,0.0011187968721698828
MLP,480,55,0.14985566,0,0.0,True,-0.00011547804937398792,-0.0010038306757613517
MLP,480,55,0.14515033,0,0.0,True,0.000292468964942801,-0.0019843577807064795
MLP,480,55,0.19035964,0,1.0,False,-0.004983207181996928,-0.002401836836782235
MLP,480,55,0.12681173,0,0.0,True,-0.0006786511485442016,-0.0016415520525161057
MLP,480,55,0.18818487,0,1.0,False,0.00597598007819624,0.0030651256326788994
MLP,480,55,0.15558916,0,1.0,False,0.0017392171042455262,0.0008267180003029468
MLP,480,55,0.38047627,0,1.0,False,0.007195194475312426,0.003588954469908345
MLP,480,55,0.19040322,0,1.0,False,0.00037131059261365256,0.0007592397550802072
MLP,480,55,0.22926639,0,0.0,True,-0.004813328333315461,-0.0005473054603405512
MLP,480,55,0.36237985,0,1.0,False,0.0009773588730835037,0.001126495851671537
MLP,480,55,0.18896578,0,0.0,True,-0.00039867916685290886,0.0005113134643990044
MLP,480,55,0.12344824,0,1.0,False,0.0017220842987735368,0.002146283162612865
MLP,480,55,0.313478,0,0.0,True,0.003936359221772992,0.0013368365532051725
MLP,480,55,0.3360562,0,1.0,False,0.0015291056649352462,0.002323037251393149
MLP,480,55,0.3617503,0,0.0,True,-0.0012178330392922042,-0.0012191018205639904
MLP,480,55,0.17487837,0,1.0,False,0.003566375517578256,0.0024512020755209983
MLP,480,55,0.15100984,0,0.0,True,0.004934949685740644,0.0019660369726700352
MLP,480,55,0.26470146,0,0.0,True,-0.0030372432677419855,-0.001947615933965235
MLP,480,55,0.3461859,0,1.0,False,0.002394418011811229,0.00042044687901679316
MLP,480,55,0.11073645,0,0.0,True,0.0017982513556602344,0.0006372178903724113
MLP,480,55,0.2227792,0,1.0,False,0.00341793614757586,0.003373537986471124
MLP,480,55,0.26414138,0,1.0,False,0.0014770298687766625,0.000220325871295856
MLP,480,55,0.17538208,0,1.0,False,0.0019734350764839897,0.0018411828147454467
MLP,480,55,0.12324389,0,0.0,True,-0.0010264292000964203,-0.0002437536811419267
MLP,480,55,0.20437476,0,1.0,False,0.0007032194517614812,0.0018314571670302452
MLP,480,55,0.3006934,0,0.0,True,-0.0024366161455599603,0.0001992531883942304
MLP,480,55,0.18477742,0,0.0,True,8.690814798985132e-06,-3.0484155035371397e-05
MLP,480,55,0.26307124,0,0.0,True,0.0011089003179509307,0.0009010673650946391
MLP,480,55,0.1732247,0,0.0,True,0.0033981784457531882,0.0029360118406178397
MLP,480,55,0.19344908,0,1.0,False,0.001956600755625547,0.001357779156062205
MLP,480,55,0.2509148,0,1.0,False,0.0032097754383724163,0.004510573167961592
MLP,480,55,0.11940584,0,0.0,True,-0.00020918158655111325,0.0004654748661038424
MLP,480,55,0.42409408,0,1.0,False,0.0006348052622629312,0.003900881692909677
MLP,480,55,0.22197758,0,1.0,False,0.00283799454201404,0.0020049533973867193
MLP,480,55,0.14623359,0,0.0,True,-0.0010307702323244336,0.0004787602994966715
MLP,480,55,0.18579146,0,0.0,True,0.002118553438398456,-0.0016670785961069399
MLP,480,55,0.13072443,0,1.0,False,0.004398487354286348,0.003144947771913512
MLP,480,55,0.16720632,0,0.0,True,0.001425797322627471,-3.556474280040651e-05
MLP,480,55,0.18650146,0,0.0,True,8.63909785785984e-05,-0.00045774442562400127
MLP,480,55,0.12707049,0,0.0,True,-0.002557645557487954,-0.0023295440706597222
MLP,480,55,0.113531925,0,1.0,False,0.002535739822745315,0.0023249290372328577
MLP,480,55,0.13693643,0,0.0,True,0.00156236686808686,0.0008714324986002134
MLP,480,55,0.2140709,0,0.0,True,-0.0015310642241657885,0.0007009254962375169
MLP,480,55,0.1519602,0,1.0,False,0.0010165673585961644,0.0012481887964286482
MLP,480,55,0.70505786,1,0.0,False,-0.0011794917198820587,-0.0002492275711247041
MLP,480,55,0.31138846,0,1.0,False,-0.0029316546350444334,-0.0003310118637591903
MLP,480,55,0.278341,0,0.0,True,-0.003549761246571434,-0.002147169065004928
MLP,480,55,0.106336355,0,1.0,False,0.003693816240332075,0.0024348102940712
MLP,480,55,0.2921388,0,0.0,True,-0.0008771916344219375,0.000797873747874095
MLP,480,55,0.248592,0,1.0,False,-0.0007371894117512097,-0.0005460411755061091
MLP,480,55,0.29019025,0,1.0,False,-0.001386301446007443,-0.0003173168815023302
MLP,480,55,0.22825582,0,1.0,False,0.0011718010858063862,0.0024402289954305904
MLP,480,55,0.20319596,0,0.0,True,-0.0015067145220854811,-0.001007416137623269
MLP,480,55,0.19506587,0,1.0,False,0.0052140789084726925,0.0036608039995764882
MLP,480,55,0.14374964,0,1.0,False,0.003680649974835861,0.002007824942639332
MLP,480,55,0.60939395,1,1.0,True,-0.0008312237287028098,-0.0007879919468309625
MLP,480,55,0.15877265,0,0.0,True,-0.0008367989050231174,-0.002126404345295542
MLP,480,55,0.18044943,0,0.0,True,-0.002062938194462551,0.001287057768855231
MLP,480,55,0.24708593,0,0.0,True,0.0016265163175980108,0.0013016411251351209
MLP,480,55,0.2508012,0,1.0,False,-0.0019520372329608188,0.00021855756227427
MLP,480,55,0.23108965,0,0.0,True,-0.0006401121419096872,9.11440926314002e-05
MLP,480,55,0.1672831,0,1.0,False,0.002836638784487071,0.0008408502643010157
MLP,480,55,0.23068275,0,1.0,False,0.0013907764194134534,0.002154135567273493
MLP,480,55,0.16320677,0,0.0,True,-0.00023586182484796667,-0.0019602741663483675
MLP,480,55,0.16815157,0,0.0,True,0.001110528484961198,0.003175374546725324
MLP,480,55,0.1756504,0,0.0,True,0.0008026848910135701,0.001499944143399412
MLP,480,55,0.14939478,0,1.0,False,0.0010258860733970154,0.001410106216144346
MLP,480,55,0.14588916,0,0.0,True,0.002532101901727457,-0.00038629744184495116
MLP,480,55,0.13091727,0,1.0,False,-0.00019144808574104497,-0.0006836087486738071
MLP,480,55,0.13588195,0,1.0,False,0.0014964549190186307,0.0006231581368307421
MLP,480,55,0.21593073,0,1.0,False,0.005758434582116041,0.003021510749566596
MLP,480,55,0.6509669,1,1.0,True,-0.001495649104118713,-0.0005781149126476256
MLP,480,55,0.17946164,0,1.0,False,0.0018645676872826378,0.003363918432717436
MLP,480,55,0.20232947,0,0.0,True,-0.0013213791448913744,0.0008891464300825331
MLP,480,55,0.12426093,0,0.0,True,-0.0011244874596059403,-0.001011499516512665
MLP,480,55,0.18536465,0,1.0,False,0.0036270850165175538,0.003043117704332787
MLP,480,55,0.23167467,0,1.0,False,0.0032742737664317426,0.0018672293228848382
MLP,480,55,0.14760377,0,1.0,False,0.002366742623547932,0.003413948233616363
MLP,480,57,0.1805465,0,1.0,False,-0.0016269380342631748,0.0004394794520559762
MLP,480,57,0.32847935,0,1.0,False,-0.001757525474024189,0.0006222261170232882
MLP,480,57,0.42906794,0,1.0,False,4.630924568346243e-05,2.8944556448404113e-06
MLP,480,57,0.19187994,0,1.0,False,0.0017664067578705045,0.0029998614397610565
MLP,480,57,0.14830649,0,1.0,False,0.00449426572207451,0.0027748571333822383
MLP,480,57,0.13585196,0,0.0,True,0.0015970646778698768,-0.00031683994346807
MLP,480,57,0.158072,0,0.0,True,-0.003132707649609463,-0.0010596268354010304
MLP,480,57,0.21609613,0,1.0,False,0.0030578043690645696,0.003422110378188867
MLP,480,57,0.14237136,0,0.0,True,0.0016694086615365294,-0.0001573438670024073
MLP,480,57,0.2231447,0,1.0,False,-0.0030884072512629562,0.0002347437672798176
MLP,480,57,0.19450675,0,0.0,True,0.0005737586570373834,0.00047857812817982695
MLP,480,57,0.12903392,0,0.0,True,-6.137897763269563e-05,0.0005219900404986624
MLP,480,57,0.22303061,0,1.0,False,-0.00021747544653161966,0.00310432086611342
MLP,480,57,0.23537509,0,0.0,True,0.0012031325331342021,0.0009651262309429311
MLP,480,57,0.36045,0,1.0,False,-0.0005631186677887129,0.0008121680790396816
MLP,480,57,0.18982163,0,1.0,False,-0.0011086989162082978,0.0002228255982292851
MLP,480,57,0.531917,1,0.0,False,0.0027961154100352276,0.0020549507783197787
MLP,480,57,0.1460081,0,1.0,False,-0.0008492029380748095,0.0007869785984617874
MLP,480,57,0.19488397,0,0.0,True,0.0023886636821002344,0.0023215258095819345
MLP,480,57,0.38032892,0,1.0,False,0.00010563316950844123,0.0031353132701547643
MLP,480,57,0.25209516,0,0.0,True,0.0011612881536994218,0.00030466560871219596
MLP,480,57,0.13904908,0,0.0,True,-0.0018633985261610783,-0.0016210895272451922
MLP,480,57,0.123866,0,0.0,True,-0.0009677017796011498,-0.0006989225037056379
MLP,480,57,0.22543666,0,0.0,True,-0.003959192024196456,-0.0008939024216433604
MLP,480,57,0.18064682,0,0.0,True,0.004400499853727727,0.0020970326394077095
MLP,480,57,0.24026796,0,1.0,False,0.0028160738344718845,0.0032109779158815952
MLP,480,57,0.20890321,0,0.0,True,0.0031181336489258782,0.0031736524025623063
MLP,480,57,0.14975496,0,0.0,True,-0.0016800156531117402,0.0009524364243762143
MLP,480,57,0.12129698,0,1.0,False,0.0024928229404787136,0.002508580928476887
MLP,480,57,0.13351049,0,0.0,True,0.0017397355601948502,0.0022466039707419016
MLP,480,57,0.15896659,0,1.0,False,0.00016769476817255673,-0.0009989046367767376
MLP,480,57,0.3293025,0,1.0,False,0.0028793939712779973,0.0016986548765271338
MLP,480,57,0.13366754,0,0.0,True,0.0019299479927853676,0.0017666139218532482
MLP,480,57,0.1748348,0,0.0,True,-0.000360490105018093,-0.0008529415828485265
MLP,480,57,0.16215286,0,0.0,True,-0.0022530252515328805,-0.0004835373945075235
MLP,480,57,0.1746935,0,1.0,False,0.004593522039205498,0.003082876964039971
MLP,480,57,0.12453221,0,0.0,True,-0.0035689182181277094,-0.00268019114558855
MLP,480,57,0.14303197,0,1.0,False,0.0012294148833661854,0.0005380343300587008
MLP,480,57,0.14312716,0,0.0,True,0.0003364569692821655,-0.0003511559186534338
MLP,480,57,0.17616442,0,0.0,True,0.0028996612041461713,0.0023537840542088868
MLP,480,57,0.22748153,0,1.0,False,0.0035345210468976495,0.0014876573298942821
MLP,480,57,0.29841742,0,1.0,False,0.0014078293122669957,0.001975376567270855
MLP,480,57,0.3625623,0,1.0,False,-0.0009181897271607261,0.0009227283887208503
MLP,480,57,0.5651333,1,1.0,True,0.00130962357243316,0.0022993319555642006
MLP,480,57,0.28915524,0,0.0,True,-0.00029516316104441736,0.001689834782440037
MLP,480,57,0.1398353,0,1.0,False,-0.0011604620783308645,0.0007630334312914792
MLP,480,57,0.4251739,0,1.0,False,-0.0011414796098679055,-0.0001932736664149311
MLP,480,57,0.13558248,0,0.0,True,0.0004615425665709642,0.0009235316699134466
MLP,480,57,0.114753604,0,0.0,True,0.002357017983090169,0.0012927086113830356
MLP,480,57,0.12444718,0,0.0,True,0.0005841056056000293,0.0018125355699657813
MLP,480,57,0.2013611,0,1.0,False,0.006141189518670947,0.0039575775142190696
MLP,480,57,0.38971725,0,1.0,False,0.003887917196630494,0.0017193630940974664
MLP,480,57,0.14505157,0,1.0,False,0.002829510918174358,0.0028542853011269227
MLP,480,57,0.31076747,0,0.0,True,5.7631742538642347e-05,0.001132923618639411
MLP,480,57,0.158455,0,1.0,False,0.00030116885878500094,-0.0002730813750231152
MLP,480,57,0.120012395,0,0.0,True,-0.0008543927039110253,-0.002583678584606092
MLP,480,57,0.19016781,0,0.0,True,0.0011295975145449702,0.0014180441999828036
MLP,480,57,0.12728454,0,1.0,False,0.003034479157557846,0.0017748019040329359
MLP,480,57,0.16181284,0,0.0,True,-6.258071114641392e-05,-0.00030650081383648775
MLP,480,57,0.16453138,0,0.0,True,0.001252558811721311,0.0013409600826032552
MLP,480,57,0.111467846,0,1.0,False,-0.000591499230035314,0.0006661553757917119
MLP,480,57,0.7754428,1,0.0,False,8.637680650489293e-05,-0.0012718887719071629
MLP,480,57,0.15670493,0,1.0,False,0.0013565714033750196,0.002829348536591388
MLP,480,57,0.6487064,1,0.0,False,0.0009383393631857835,-0.0007194983953604724
MLP,480,57,0.12745278,0,0.0,True,-0.0005025348763551733,-0.0016434944364691324
MLP,480,57,0.19608544,0,1.0,False,-0.00024363209662263516,0.00021328109840614392
MLP,480,57,0.14327136,0,1.0,False,0.0012691109184309651,0.0025505135489236534
MLP,480,57,0.43682295,0,0.0,True,-0.0010375997701137151,0.0011208274483238544
MLP,480,57,0.22692995,0,0.0,True,-0.0004009736222514433,-0.0010631764592238257
MLP,480,57,0.34704453,0,1.0,False,0.007564803551030096,0.003483869343750122
MLP,480,57,0.28505388,0,1.0,False,-0.00014310819120044632,0.00204259331703327
MLP,480,57,0.16211954,0,1.0,False,0.00500072848624447,0.0031162776969036474
MLP,480,57,0.161688,0,1.0,False,0.0024024059332687676,0.0016603344279489845
MLP,480,57,0.15895247,0,1.0,False,0.003799959597998079,0.0030767300865403007
MLP,480,57,0.41271096,0,0.0,True,1.6700264691585367e-05,-0.0005494068492991384
MLP,480,57,0.27051818,0,1.0,False,-0.002191524386366877,-0.0017492512120705303
MLP,480,57,0.34082076,0,1.0,False,0.0048141363888060396,0.003352393165163862
MLP,480,57,0.20704506,0,0.0,True,0.0004943370253114918,0.0007647865383794279
MLP,480,57,0.4670919,0,0.0,True,-0.0017077285445757763,-0.00043392362947682533
MLP,480,57,0.21268915,0,0.0,True,-0.0009896460600495138,0.0003418059502746216
MLP,480,57,0.34234464,0,1.0,False,0.00037036137150395405,0.0014414771668790148
MLP,480,57,0.26588762,0,1.0,False,0.002066499201661188,0.003540009106682505
MLP,480,57,0.14501931,0,1.0,False,0.0009445689599492728,0.0019382980286059167
MLP,480,57,0.19191188,0,1.0,False,-7.401564273470717e-05,-0.0007532897458851245
MLP,480,57,0.12549952,0,0.0,True,0.0013298436419871497,0.0007696807481615236
MLP,480,57,0.15832551,0,1.0,False,0.0009441049175713571,-0.00021723656966171864
MLP,480,57,0.15864861,0,1.0,False,-0.00046619805730695256,0.001292653039495881
MLP,480,57,0.40041453,0,0.0,True,0.00013481619505036275,-0.0001000474386103455
MLP,480,57,0.12383971,0,1.0,False,0.007245864309688711,0.003104214208307501
MLP,480,57,0.28307423,0,0.0,True,-0.00030450665168314507,-0.0008839027549724947
MLP,480,57,0.16992156,0,0.0,True,-0.0034211607990615772,-0.0004291724498774684
MLP,480,57,0.11947803,0,0.0,True,-2.4436031705329457e-05,-0.0002334103822014535
MLP,480,57,0.16691023,0,0.0,True,-0.0016187421611515973,-0.0029091849598578325
MLP,480,57,0.23141603,0,0.0,True,-0.00307132519300949,-0.0017726982640280746
MLP,480,57,0.1637963,0,0.0,True,0.001991968519975172,0.0022465827792616634
MLP,480,57,0.1448974,0,0.0,True,-0.0015521082042322541,0.0006106800275260747
MLP,480,57,0.258224,0,1.0,False,0.0037533255155682175,0.003657306857280687
MLP,480,57,0.20108286,0,0.0,True,-0.0013328494377626142,0.00038117706941641236
MLP,480,57,0.3046255,0,1.0,False,0.004001305915949843,0.0023901743373397426
MLP,480,57,0.1826106,0,1.0,False,0.0036866582870833833,0.003956067417730698
MLP,480,59,0.34902877,0,1.0,False,0.0013214135158691462,0.0003774655055467261
MLP,480,59,0.31322655,0,0.0,True,-0.0009879717133908182,-0.0007365621398252572
MLP,480,59,0.1379592,0,0.0,True,0.0004130878645095074,-0.00043946886141072583
MLP,480,59,0.22633488,0,0.0,True,0.0005126337484448757,-7.206815156966535e-07
MLP,480,59,0.256857,0,1.0,False,0.000373893386912289,0.0016586249189092762
MLP,480,59,0.35982534,0,0.0,True,0.0008953990308943029,0.0002998549996983905
MLP,480,59,0.261172,0,1.0,False,0.0021779860679053725,0.0015180962833046272
MLP,480,59,0.1356033,0,1.0,False,0.0036843273778786323,0.002125461480118029
MLP,480,59,0.16018414,0,0.0,True,0.002281856161051811,0.0003859508475034221
MLP,480,59,0.27075064,0,1.0,False,0.002288942793055615,0.004385244078205518
MLP,480,59,0.20206393,0,0.0,True,0.0029266472414964683,1.2752620253905428e-05
MLP,480,59,0.29958266,0,1.0,False,0.002328644914132905,0.0018694722721818086
MLP,480,59,0.1597837,0,1.0,False,0.002257775041272573,0.0007798539204957877
MLP,480,59,0.26797011,0,0.0,True,0.0005635624112913835,0.0015045783399038279
MLP,480,59,0.3536774,0,0.0,True,0.0007032694435035581,-1.4531958567114468e-05
MLP,480,59,0.11412178,0,0.0,True,0.000641261571295093,0.0021229232036369837
MLP,480,59,0.32731837,0,0.0,True,-0.0007091937551332252,-0.001297465524540387
MLP,480,59,0.29711056,0,1.0,False,0.005492126092871717,0.0018758192537480743
MLP,480,59,0.17647162,0,0.0,True,-0.0002041228974149206,0.00022235975833724653
MLP,480,59,0.3913442,0,0.0,True,-0.0020204661526400424,-1.1106997399798776e-05
MLP,480,59,0.259628,0,0.0,True,0.000274313155242169,0.000396191804060931
MLP,480,59,0.18675432,0,0.0,True,-0.0031419354822334006,-0.0026879167968331032
MLP,480,59,0.26728934,0,1.0,False,0.0029756799277738384,0.0014077575843260072
MLP,480,59,0.1575567,0,0.0,True,0.002273499916469812,-0.00010579596266700084
MLP,480,59,0.25577673,0,1.0,False,0.004857985781103585,0.004013905359543092
MLP,480,59,0.44896019,0,0.0,True,-0.0017786064351105234,-0.001406142720638973
MLP,480,59,0.6598974,1,1.0,True,-0.00034800220688209927,0.0015238002416255358
MLP,480,59,0.639074,1,0.0,False,-0.00240676454416483,-0.0012338572903223615
MLP,480,59,0.21912436,0,1.0,False,-0.0010954555526469709,-0.0022936492370784693
MLP,480,59,0.1461964,0,0.0,True,0.00014392327294879284,-0.0012269438024475614
MLP,480,59,0.122889124,0,0.0,True,-0.0002325273426294374,-0.00032406924448003216
MLP,480,59,0.15679754,0,0.0,True,0.0036584181806542993,0.002386507811810628
MLP,480,59,0.21633624,0,1.0,False,0.0016217090260928358,-0.0004109990501852837
MLP,480,59,0.29759866,0,0.0,True,0.001988148582807512,0.0023907283826481674
MLP,480,59,0.46243873,0,1.0,False,0.004330810594809318,0.002937748839257158
MLP,480,59,0.34202,0,0.0,True,0.0039055678749719304,0.0016281863514667075
MLP,480,59,0.20530002,0,1.0,False,0.001538110398110393,0.0009087507811521402
MLP,480,59,0.15877575,0,1.0,False,-0.0009319704377870571,0.00025566136655624897
MLP,480,59,0.25047466,0,1.0,False,-0.00033483401517707764,0.000979409482668554
MLP,480,59,0.15353559,0,1.0,False,0.005776708581378168,0.005129635460348183
MLP,480,59,0.18276049,0,0.0,True,-0.00017267755960121534,-0.0015614847575035331
MLP,480,59,0.13459155,0,0.0,True,0.0030091114257714824,0.0011444288777033725
MLP,480,59,0.3233289,0,1.0,False,0.003287853082669066,0.0028256007453997434
MLP,480,59,0.18521215,0,1.0,False,0.0015831684170909193,0.00023511347542084224
MLP,480,59,0.30655298,0,1.0,False,-0.0010683616544194254,-0.0007032445973353466
MLP,480,59,0.2490718,0,0.0,True,-0.0016263144487312761,-0.0012843692914702228
MLP,480,59,0.15376538,0,1.0,False,0.0007776521020177236,-0.0001310057953593295
MLP,480,59,0.1736981,0,1.0,False,0.001961182441440076,0.0018107151981376917
MLP,480,59,0.28500655,0,1.0,False,0.0021221944049086877,0.0026166333583055095
MLP,480,59,0.15165268,0,0.0,True,0.0031737012791011976,0.0011655014570634396
MLP,480,59,0.18336914,0,0.0,True,0.004111903085231647,0.003184645789437133
MLP,480,59,0.3277867,0,1.0,False,0.0019471097111159233,0.0026500063535902815
MLP,480,59,0.16374941,0,0.0,True,-0.0068711205006279485,-0.0039483468656583386
MLP,480,59,0.20135447,0,1.0,False,0.003198307377951225,0.005313292779533807
MLP,480,59,0.21671684,0,1.0,False,0.005398416394239377,0.0027222927852723826
MLP,480,59,0.21248865,0,1.0,False,0.0028943093229994595,0.003371872408865144
MLP,480,59,0.27822977,0,1.0,False,-9.238148767597856e-05,0.001575032406295308
MLP,480,59,0.15495414,0,1.0,False,-0.0005654941769570748,9.137175048653014e-05
MLP,480,59,0.24870403,0,0.0,True,0.005134286183988435,0.004224563060982909
MLP,480,59,0.1370998,0,0.0,True,-0.0008268964009663673,-0.00029686371870150875
MLP,480,59,0.1884091,0,0.0,True,0.005091197496254763,0.0034724004009472845
MLP,480,59,0.3023995,0,0.0,True,0.003836137670711332,0.0027212223229413305
MLP,480,59,0.17728598,0,1.0,False,-8.706661027863359e-05,0.0005746581090069809
MLP,480,59,0.13781998,0,0.0,True,0.002300477531742835,0.00022096952881051578
MLP,480,59,0.31265634,0,1.0,False,0.0009114555100901815,0.0027269907886485955
MLP,480,59,0.16447677,0,0.0,True,0.0036114521129121486,0.00024528749560005504
MLP,480,59,0.15732847,0,1.0,False,0.001963566979419962,0.001143063410267259
MLP,480,59,0.14371166,0,0.0,True,-0.001733341157422593,2.793296432456381e-05
MLP,480,59,0.19372332,0,1.0,False,0.0032023517595061524,0.0019865225484745667
MLP,480,59,0.17128266,0,0.0,True,0.00236296279333051,0.001520698951531182
MLP,480,59,0.27947596,0,1.0,False,0.0014341484877198967,0.0012832371715534188
MLP,480,59,0.21449448,0,1.0,False,0.0009080166398973464,0.0012226307207606855
MLP,480,59,0.13894005,0,0.0,True,0.0007633242827204395,0.0014825691597129267
MLP,480,59,0.6805763,1,1.0,True,-0.0003416057264616994,0.00038935294980721956
MLP,480,59,0.18836217,0,1.0,False,0.0015876744040580343,0.000562301974247714
MLP,480,59,0.2707642,0,0.0,True,-0.0004100297595412279,-0.0005585014054824174
MLP,480,59,0.20257938,0,0.0,True,0.0016486126512461985,0.0016764365268036158
MLP,480,59,0.41835985,0,1.0,False,0.002710606532319616,0.002670063109314283
MLP,480,59,0.16938256,0,0.0,True,0.001078245463268276,-0.0009060255502022116
MLP,480,59,0.67212886,1,1.0,True,-0.0009916821900815451,-3.487763887589462e-05
MLP,480,59,0.20279999,0,1.0,False,0.005002732317709525,0.0033361453171930782
MLP,480,59,0.13881439,0,1.0,False,0.00266510902473535,0.0003343933083058288
MLP,480,59,0.15654077,0,1.0,False,6.482397309197378e-06,-0.00037190743416335836
MLP,480,59,0.15279022,0,0.0,True,-0.000517312417849326,0.0009363630070081574
MLP,480,59,0.17662534,0,0.0,True,0.0025723503305622687,0.0020698375579976465
MLP,480,59,0.20933752,0,0.0,True,0.0015145964279329174,0.0017082726264186629
MLP,480,59,0.5346313,1,1.0,True,0.0035490098869071962,0.001184173699087256
MLP,480,59,0.19570147,0,0.0,True,0.0010365796964866424,0.000767544968554156
MLP,480,59,0.13820204,0,1.0,False,0.0031283230209078515,0.0030835166220539684
MLP,480,59,0.18038781,0,0.0,True,-0.0004831683433146958,-0.00012251246863227442
MLP,480,59,0.21461935,0,0.0,True,0.0009650671111930623,-9.619332335619069e-05
MLP,480,59,0.18552352,0,1.0,False,-0.002942745554228205,-0.0008646318649433039
MLP,480,59,0.16057676,0,1.0,False,0.00234055783366255,0.0014898572932765385
MLP,480,59,0.1917693,0,0.0,True,-0.002046185602691414,0.0006162046805155502
MLP,480,59,0.43784553,0,1.0,False,0.00458358734737502,0.0011183463615702003
MLP,480,59,0.19991075,0,1.0,False,-0.001983082821427419,-0.0013145843314190868
MLP,480,59,0.14022174,0,0.0,True,0.0012345447566477793,0.0005696567290439442
MLP,480,59,0.17352669,0,0.0,True,0.0014106545223895154,0.002278465372834439
MLP,480,59,0.18332215,0,1.0,False,0.0014208264844204628,0.0029902017658757036
MLP,480,59,0.41136533,0,1.0,False,0.0009452974602369509,0.001220852473413765
MLP,480,61,0.2255798,0,1.0,False,0.0033765525342395815,0.002130394764442954
MLP,480,61,0.12298982,0,1.0,False,0.0029497435553661887,0.00044950039425623294
MLP,480,61,0.14833742,0,0.0,True,-0.0024031568785352823,-0.002488426820696246
MLP,480,61,0.20365411,0,1.0,False,0.0036942024444481226,0.0013385384911794858
MLP,480,61,0.121353805,0,0.0,True,0.00015933919333365108,0.0004690181240325505
MLP,480,61,0.1492435,0,1.0,False,0.004688079010835722,0.003917953514762422
MLP,480,61,0.34019718,0,1.0,False,0.002043484537831967,0.0013098626288691759
MLP,480,61,0.21465357,0,1.0,False,-0.0015361294492453187,2.9980629034756274e-05
MLP,480,61,0.2752769,0,1.0,False,0.0039052057204047724,0.0044142622477610395
MLP,480,61,0.14369825,0,0.0,True,0.002047452940834328,0.0021196066885681
MLP,480,61,0.173354,0,1.0,False,0.0028560780148702528,0.002807108153961005
MLP,480,61,0.13979207,0,0.0,True,-0.0012538661310002024,-0.0022779310557650284
MLP,480,61,0.12722653,0,1.0,False,-0.0019039685508694339,-0.0007347042570946218
MLP,480,61,0.16723175,0,1.0,False,0.004696873960884173,0.002076414279407291
MLP,480,61,0.18671139,0,1.0,False,0.003396718116300779,0.00379651241214228
MLP,480,61,0.35662496,0,1.0,False,0.000946984983122739,0.005131988030171235
MLP,480,61,0.1346039,0,1.0,False,-0.002621118613399955,0.0005367450948353321
MLP,480,61,0.22702119,0,1.0,False,0.0011566834925866422,0.0010534544013850093
MLP,480,61,0.24848862,0,1.0,False,0.0033188401918327094,0.0024907346773800887
MLP,480,61,0.45873755,0,1.0,False,0.002339763586462014,0.003913890167916279
MLP,480,61,0.28273636,0,0.0,True,-8.128078360946748e-05,-0.00015078034965435876
MLP,480,61,0.15034354,0,1.0,False,0.0033798902146913172,0.0001214215270687464
MLP,480,61,0.12705357,0,0.0,True,-0.000260964060417162,-0.0008577197904362621
MLP,480,61,0.21315579,0,0.0,True,0.0016011076812603839,-0.0005783117926589659
MLP,480,61,0.24391076,0,0.0,True,-0.0016754940397568242,-0.000706021009003295
MLP,480,61,0.18520506,0,0.0,True,0.0014787477317811336,0.00013494865547685495
MLP,480,61,0.25191668,0,1.0,False,0.0024333456964325973,0.0015781754804345056
MLP,480,61,0.18071488,0,0.0,True,0.0003257843693489445,0.0008484938852631052
MLP,480,61,0.27661934,0,0.0,True,0.002524225011673021,-8.537727943113313e-05
MLP,480,61,0.14604001,0,1.0,False,-0.0011611612526897747,-0.0010839728267262568
MLP,480,61,0.19123541,0,0.0,True,0.001982998887215838,0.001863143159885727
MLP,480,61,0.39468983,0,1.0,False,0.002270784148675334,0.00380110756364666
MLP,480,61,0.20952132,0,1.0,False,0.0027154215462658463,0.0035629434913247863
MLP,480,61,0.21315022,0,0.0,True,0.0007382014885819537,0.0007833221241800119
MLP,480,61,0.20434757,0,1.0,False,0.005121484017688919,0.0049659895721874524
MLP,480,61,0.15020609,0,0.0,True,0.00023227198836524453,0.000964004097078294
MLP,480,61,0.2046557,0,1.0,False,0.003985129203719565,0.0059184995821284885
MLP,480,61,0.3153069,0,0.0,True,0.0018062477962263184,-0.0009436588781555914
MLP,480,61,0.17587872,0,0.0,True,0.0009242854707334593,0.0013259011625094822
MLP,480,61,0.14522266,0,1.0,False,0.0006778855121778346,0.002685667366013546
MLP,480,61,0.14628233,0,0.0,True,-0.0022877079936675995,-0.0005661534011413932
MLP,480,61,0.13047934,0,0.0,True,0.0004538814375399918,-0.0006424442751444866
MLP,480,61,0.15081795,0,0.0,True,-0.000905001168392897,-0.000966962238033506
MLP,480,61,0.34215692,0,0.0,True,-0.0032099905535543905,-0.001214876089710211
MLP,480,61,0.20514664,0,0.0,True,0.001245354623985932,-6.0146456251690715e-05
MLP,480,61,0.13351776,0,1.0,False,0.0016560419764423528,0.0012263754461113762
MLP,480,61,0.31287384,0,0.0,True,0.0013222914992891222,0.00026551875666945904
MLP,480,61,0.20426655,0,0.0,True,0.0012855451587242767,0.0011562819702164815
MLP,480,61,0.28252354,0,1.0,False,0.0015447707914118414,0.0021206847213972643
MLP,480,61,0.1934209,0,0.0,True,0.001264377739117563,0.0005252101326616499
MLP,480,61,0.46373186,0,1.0,False,0.0012372947703015351,0.0008942195325680737
MLP,480,61,0.40055764,0,0.0,True,-0.0007924733003667714,-0.0001838249631069309
MLP,480,61,0.17531134,0,0.0,True,0.0036628831392878144,0.0021164053202571064
MLP,480,61,0.22155161,0,0.0,True,0.004215261863076243,0.0025175368444573473
MLP,480,61,0.40141347,0,1.0,False,0.004035975440428386,0.0020374548333641084
MLP,480,61,0.116019785,0,0.0,True,0.00043240314438732516,-0.0010039863396350335
MLP,480,61,0.14064166,0,0.0,True,-0.0016190282036303524,-0.0020645526940739527
MLP,480,61,0.33298182,0,1.0,False,0.004686751459846891,0.002972188988026537
MLP,480,61,0.14593138,0,0.0,True,-0.0009748929781287212,-0.00157243303164058
MLP,480,61,0.27301332,0,0.0,True,-0.004678998919518231,-0.0026332867118453473
MLP,480,61,0.28340098,0,1.0,False,-0.0015198518844489726,0.0017832031893978664
MLP,480,61,0.12354815,0,0.0,True,-0.0024281441862309783,-0.0012943692409346098
MLP,480,61,0.14285672,0,0.0,True,0.0010977297542062881,0.0008202642628777416
MLP,480,61,0.11191319,0,0.0,True,-0.0016504017555194848,-0.0005157729902262163
MLP,480,61,0.16910522,0,1.0,False,0.004289345858228593,0.00268727550453513
MLP,480,61,0.27087954,0,1.0,False,0.003922678152807233,0.003530488359414861
MLP,480,61,0.22112831,0,0.0,True,-0.0003062420099274575,0.0014746016996312295
MLP,480,61,0.20103881,0,0.0,True,0.0006125346918876478,-0.0006665517850879078
MLP,480,61,0.18381083,0,0.0,True,0.0017152654504589892,0.0011901684243347597
MLP,480,61,0.32856697,0,1.0,False,0.0028531590700830753,0.0033176519445707424
MLP,480,61,0.46515268,0,1.0,False,0.00338457846870028,0.002804945236096973
MLP,480,61,0.16121879,0,0.0,True,0.00025898214088021217,0.0009864221296824371
MLP,480,61,0.16993777,0,1.0,False,0.002378301451582057,0.0015623428108426153
MLP,480,61,0.16867125,0,1.0,False,0.0011235821628338668,0.0015041860143235571
MLP,480,61,0.19724798,0,1.0,False,0.0028647225100935955,0.002154145428572975
MLP,480,61,0.24256206,0,1.0,False,0.002752366975768837,0.0019145258170640566
MLP,480,61,0.19886558,0,0.0,True,-0.0021063187210716527,-0.0019778701718013727
MLP,480,61,0.18529008,0,1.0,False,-0.00044970962613298553,-0.001051026206980237
MLP,480,61,0.15074335,0,0.0,True,0.0004695004548580554,-0.0005053320113735554
MLP,480,61,0.14887558,0,0.0,True,-0.0004514569978395035,-0.00016904253714930464
MLP,480,61,0.12335631,0,0.0,True,0.0003124261733262223,0.00019524603497068333
MLP,480,61,0.144637,0,0.0,True,-0.0008748150868270628,0.0008093604689560045
MLP,480,61,0.22332965,0,1.0,False,0.0035219067216447335,0.0024328565063350665
MLP,480,61,0.18448655,0,0.0,True,-0.0012367415398282112,-0.0017345066937361992
MLP,480,61,0.2274853,0,0.0,True,0.0011569211226850767,0.0008402956055489004
MLP,480,61,0.14073096,0,0.0,True,0.0011029044586325933,0.0013958423897851742
MLP,480,61,0.15735152,0,1.0,False,-0.0008856306030521761,0.001141325980722041
MLP,480,61,0.21907023,0,1.0,False,0.0018740052905548013,0.003260292234713216
MLP,480,61,0.1266039,0,0.0,True,-0.0002963932314268901,0.0019498122857191317
MLP,480,61,0.31941822,0,1.0,False,0.004107927437007396,0.00333748760123355
MLP,480,61,0.13356684,0,0.0,True,0.0013607294943179188,0.0003390443543515563
MLP,480,61,0.18914182,0,0.0,True,-0.0014424468095659239,-0.00037289849796005826
MLP,480,61,0.33143836,0,1.0,False,-0.0009568730474080533,0.0004788966475694858
MLP,480,61,0.12605433,0,0.0,True,0.0012643106858221107,0.0006429177654413536
MLP,480,61,0.17851026,0,0.0,True,0.00048411649026033774,0.0004281980027359699
MLP,480,61,0.14817208,0,0.0,True,-0.00028056187022058735,-0.0003984506940280328
MLP,480,61,0.1282751,0,0.0,True,-0.00021787834429782396,-0.0024213356094610334
MLP,480,61,0.2298206,0,1.0,False,0.006338865430101356,0.003590145833983785
MLP,480,61,0.27562368,0,1.0,False,0.0005912080262680008,0.0030561446731830182
MLP,480,61,0.12978664,0,0.0,True,-0.002813903071792605,-0.0027907578230570444
MLP,480,62,0.1751336,0,0.0,True,0.0032429672262093397,0.0015355154505612523
MLP,480,62,0.1831045,0,1.0,False,0.007217167199878598,0.0026097095063739766
MLP,480,62,0.29920837,0,0.0,True,0.0007720236915463216,0.002017809961256231
MLP,480,62,0.12962629,0,0.0,True,-0.002039230516087723,0.00011308087078876986
MLP,480,62,0.15698767,0,1.0,False,0.006773008164688562,0.005939869122333231
MLP,480,62,0.1571296,0,0.0,True,-0.0012883624826625938,-0.0009854916764892312
MLP,480,62,0.17694862,0,1.0,False,0.004800113262602572,0.0023195183274834484
MLP,480,62,0.1495909,0,0.0,True,-0.003478140630626265,-0.0018229178791163106
MLP,480,62,0.2149414,0,1.0,False,0.001418608565557851,0.0021123438211466715
MLP,480,62,0.20790353,0,1.0,False,0.0008768090979671936,0.0006860460291209415
MLP,480,62,0.52846175,1,1.0,True,0.002670398828463916,0.0038794945376486086
MLP,480,62,0.19286917,0,0.0,True,0.003805682103560041,0.002612638463671565
MLP,480,62,0.19531138,0,1.0,False,-2.1760687850113123e-05,0.0028643822868646626
MLP,480,62,0.1515197,0,0.0,True,0.00018673116795119056,0.0026252638139647715
MLP,480,62,0.21699329,0,1.0,False,0.0009913306043064349,0.0017586358622398328
MLP,480,62,0.4239252,0,1.0,False,0.003655632942690455,0.0029230781765970074
MLP,480,62,0.40582654,0,1.0,False,0.0036289118864437407,0.0030575715585837867
MLP,480,62,0.260273,0,1.0,False,0.004865569519397856,0.0038171078670777756
MLP,480,62,0.15188986,0,1.0,False,0.003191791265616701,0.003169297125668566
MLP,480,62,0.22107282,0,1.0,False,0.00472273158106679,0.0022330496766108142
MLP,480,62,0.2866955,0,0.0,True,0.001088624206732868,0.0008717826216400183
MLP,480,62,0.17461032,0,0.0,True,0.0020787955203370586,0.0007617523346479467
MLP,480,62,0.1530508,0,0.0,True,0.0033924861550134093,0.0011450716298698315
MLP,480,62,0.19297405,0,1.0,False,0.0018441218044936796,0.000626963443567793
MLP,480,62,0.158138,0,0.0,True,-0.0004590074645720566,-0.0006465870086958496
MLP,480,62,0.22192425,0,0.0,True,-0.0010544911976569178,-0.0003329714714417156
MLP,480,62,0.12822202,0,1.0,False,0.006372920488254621,0.004698705917251022
MLP,480,62,0.60019976,1,1.0,True,0.0016701171401962089,0.0031181051917726767
MLP,480,62,0.15765603,0,0.0,True,0.00143170964790232,0.0016814745718763736
MLP,480,62,0.13534844,0,0.0,True,-0.0013045780603274308,-0.0008010947355821719
MLP,480,62,0.32115224,0,1.0,False,0.002063540797943557,0.0019032544294394114
MLP,480,62,0.119023435,0,1.0,False,0.00620875113068886,0.004452092694824495
MLP,480,62,0.16670673,0,1.0,False,0.00014122575665017145,0.001817766508533692
MLP,480,62,0.16460769,0,0.0,True,0.00202655088730767,0.0031171055581366036
MLP,480,62,0.15316032,0,0.0,True,-0.0010071924605261232,0.0003150311951012969
MLP,480,62,0.29743165,0,0.0,True,0.0005187924565748058,-0.0005994762042223128
MLP,480,62,0.17924626,0,0.0,True,-0.002035736439270833,9.991560301727704e-05
MLP,480,62,0.18947728,0,1.0,False,0.0023916897878521804,0.0012797635908616603
MLP,480,62,0.25486532,0,1.0,False,0.0024927958686289274,0.0013284371227319331
MLP,480,62,0.18106602,0,0.0,True,0.0019421502816541108,0.0017870538048204952
MLP,480,62,0.42244515,0,1.0,False,-0.00014801836430400374,-0.0007925192760124424
MLP,480,62,0.14635788,0,1.0,False,0.00426232684574807,0.003056361020637046
MLP,480,62,0.4042037,0,1.0,False,0.0019993630466835157,0.000874550702453842
MLP,480,62,0.15453683,0,1.0,False,0.004249390123356166,0.0035968072705194194
MLP,480,62,0.23937626,0,0.0,True,0.0010057159877602472,0.0007716069006027843
MLP,480,62,0.21646997,0,0.0,True,0.0013375790098020578,0.0007990584129521379
MLP,480,62,0.15877908,0,1.0,False,0.0012983685052881772,0.0003811792783520398
MLP,480,62,0.1868065,0,1.0,False,0.0007783085132232979,-2.185568377868068e-05
MLP,480,62,0.1682779,0,0.0,True,0.0011968718440915846,0.0019208815918535212
MLP,480,62,0.31974027,0,0.0,True,-0.000991872059875371,-0.0009189152322170368
MLP,480,62,0.26009515,0,1.0,False,0.0015644864783316693,0.0011220519177731541
MLP,480,62,0.11279233,0,0.0,True,-5.4395031347204865e-05,-0.0008513310280422151
MLP,480,62,0.20382833,0,1.0,False,-0.00416668007699556,0.0006966128733170006
MLP,480,62,0.1781517,0,1.0,False,0.0034857134941867077,0.0005549363754941059
MLP,480,62,0.15153824,0,0.0,True,0.00048476325837079224,0.0012992588503307305
MLP,480,62,0.18257628,0,1.0,False,0.004601367151747239,0.005476922010629932
MLP,480,62,0.14710094,0,0.0,True,-0.000955787735227487,0.000863260506354005
MLP,480,62,0.17703612,0,1.0,False,-8.732893366269557e-05,0.000613587877187862
MLP,480,62,0.13364291,0,1.0,False,0.0022845683116746304,0.0013028670630251793
MLP,480,62,0.12170328,0,0.0,True,-0.000504537860252208,0.0005964681047918194
MLP,480,62,0.1527044,0,1.0,False,-0.0006424916828145379,0.0004842693875952969
MLP,480,62,0.17266533,0,1.0,False,0.0050365918708181814,0.0043363242645398994
MLP,480,62,0.28511316,0,0.0,True,-0.00487396032632586,-0.0010215323995423273
MLP,480,62,0.20751776,0,0.0,True,-0.0023317179162179137,-0.0009540547326941608
MLP,480,62,0.13451087,0,0.0,True,-0.0007920698476625077,-0.0013197269945965948
MLP,480,62,0.17698497,0,1.0,False,0.0026319972447215786,0.003209373709696163
MLP,480,62,0.61640126,1,1.0,True,0.000506305162210833,0.0022090840113900096
MLP,480,62,0.22247937,0,0.0,True,0.002523613907414567,-6.003434676943897e-05
MLP,480,62,0.31074822,0,1.0,False,0.0011686858310058917,0.0016925703610796985
MLP,480,62,0.120882176,0,0.0,True,0.0015065504435308147,-0.0012695385385827545
MLP,480,62,0.1883868,0,1.0,False,0.0016540232195805056,0.0002882370588805598
MLP,480,62,0.45704472,0,0.0,True,-0.0018849826467492899,-0.0005538054857161522
MLP,480,62,0.14381573,0,1.0,False,0.002708557587823954,0.002162646418623176
MLP,480,62,0.13778786,0,0.0,True,0.0011016656608680553,-0.00025146275980530845
MLP,480,62,0.122456394,0,0.0,True,0.0002264036414046567,-0.0005050993630924584
MLP,480,62,0.22436795,0,1.0,False,0.003429604140302203,0.0008771773888962276
MLP,480,62,0.14258835,0,1.0,False,0.00010370135942473809,0.00030844529721760574
MLP,480,62,0.14486068,0,0.0,True,-0.0023772650985946216,-0.002414624214818437
MLP,480,62,0.25781265,0,1.0,False,0.0024543010735696012,0.0008849007378514837
MLP,480,62,0.21082684,0,0.0,True,-0.00042038401888070694,-0.00031633264188354936
MLP,480,62,0.15896569,0,0.0,True,0.001326454735242364,0.0010972185999594062
MLP,480,62,0.37609622,0,0.0,True,0.0013607986486027569,0.0008093935334343636
MLP,480,62,0.32035387,0,1.0,False,0.0033274144910763843,0.004980897091798059
MLP,480,62,0.17425458,0,0.0,True,-0.0010821966057235337,0.0005537851806017887
MLP,480,62,0.16658095,0,1.0,False,0.0031137693571416042,0.001275312421952127
MLP,480,62,0.12591344,0,1.0,False,0.0031556141496379203,0.002811079769925041
MLP,480,62,0.17496035,0,0.0,True,-0.001057889037758696,-0.0007575467093400035
MLP,480,62,0.14906488,0,0.0,True,-0.0023913977402780563,-0.0015887081252693622
MLP,480,62,0.2723656,0,1.0,False,0.0034613662618585925,0.0031296597852783162
MLP,480,62,0.43925968,0,0.0,True,-0.0008928603590168537,-0.0010638927237871757
MLP,480,62,0.30327088,0,1.0,False,0.0021993480045970175,0.004130470077179483
MLP,480,62,0.16902177,0,0.0,True,0.0021248108743275947,0.0011127096955063788
MLP,480,62,0.17459884,0,0.0,True,-0.0015544133905920057,-0.00024444907778451347
MLP,480,62,0.43305117,0,1.0,False,0.0042340192051125505,0.00227910021847992
MLP,480,62,0.16367427,0,0.0,True,0.004340617594345667,0.0008228653927611016
MLP,480,62,0.30655974,0,1.0,False,-0.0009155643113531969,0.0021967132125530167
MLP,480,62,0.21639244,0,0.0,True,-0.0005937647381547916,0.00011952938373582172
MLP,480,62,0.17829011,0,1.0,False,0.0023894700594989443,0.001298602952235806
MLP,480,62,0.6104344,1,1.0,True,0.0036415361555402178,0.0016472065348321085
MLP,480,62,0.16645952,0,0.0,True,-0.0023399921996325153,-0.002220505976043266
MLP,480,64,0.26806822,0,1.0,False,0.0009160225198353012,-0.0007643539954119682
MLP,480,64,0.13256614,0,1.0,False,0.0045406808637831735,0.0053552491333066134
MLP,480,64,0.15436,0,0.0,True,-0.002670539355173854,-0.001458538218102709
MLP,480,64,0.14107893,0,0.0,True,0.0012667420686516067,0.001381132810748648
MLP,480,64,0.1861063,0,0.0,True,0.0046147166618095,0.0016547600362482727
MLP,480,64,0.27959156,0,1.0,False,0.002792170943824115,0.003404638921700709
MLP,480,64,0.1600075,0,0.0,True,-0.0009898747584815468,-0.0003466924986157335
MLP,480,64,0.1729338,0,0.0,True,-0.005586961534149366,-0.0018353567642523491
MLP,480,64,0.27413407,0,0.0,True,-0.002397280504637905,-0.0018902928496358057
MLP,480,64,0.17145848,0,0.0,True,-0.001812167511980739,-0.0014786927271359346
MLP,480,64,0.18751594,0,1.0,False,-0.0010706624016765351,4.7055515397951845e-05
MLP,480,64,0.19959229,0,0.0,True,0.002241675628911102,0.0015951681990596022
MLP,480,64,0.16000517,0,0.0,True,0.002235543587265614,-0.001219105698411063
MLP,480,64,0.18775482,0,0.0,True,-0.002827154031405622,-0.001946231072261859
MLP,480,64,0.14498214,0,1.0,False,0.0009322491873778922,0.00017223648973511459
MLP,480,64,0.14328182,0,1.0,False,0.0018004486569146575,0.0011883795093893526
MLP,480,64,0.18785596,0,0.0,True,-0.0033691745264111807,-0.0031161004540407825
MLP,480,64,0.16473158,0,0.0,True,0.0018123329484719555,0.0003555075282687161
MLP,480,64,0.24950708,0,1.0,False,0.0013725985710928395,0.0005343346385112044
MLP,480,64,0.15655437,0,1.0,False,-0.00041984699079899355,-5.078907009511862e-05
MLP,480,64,0.5901622,1,1.0,True,0.0004426949303935511,0.002519626396486014
MLP,480,64,0.42377964,0,1.0,False,0.002561051502210502,0.004218080847778716
MLP,480,64,0.12465643,0,0.0,True,-0.00036771013560652556,-0.0019267982070936241
MLP,480,64,0.16785192,0,0.0,True,0.0024635971328247556,0.0001800008346586863
MLP,480,64,0.28706273,0,1.0,False,0.0011908625200510272,0.0009350893745567765
MLP,480,64,0.13845545,0,1.0,False,-0.0018309315621977248,-0.00114931507365638
MLP,480,64,0.20900987,0,1.0,False,0.003941624711914767,0.0005454440458162367
MLP,480,64,0.15051702,0,1.0,False,0.0009914169662205564,0.0008532347151455529
MLP,480,64,0.35240206,0,1.0,False,0.0016363013210847863,0.0011806443573271577
MLP,480,64,0.2663552,0,1.0,False,0.0009568593893463219,0.003687747174314021
MLP,480,64,0.3494119,0,1.0,False,-0.0006220109249375846,-0.0011190091411871304
MLP,480,64,0.21135023,0,1.0,False,-0.0006892010453171798,-0.00163906059979404
MLP,480,64,0.19093135,0,1.0,False,0.00094386458269245,0.0012407224367455155
MLP,480,64,0.19102241,0,1.0,False,0.0036704532857936433,0.0028426860836625756
MLP,480,64,0.17356628,0,0.0,True,-1.3367950136382409e-06,0.0005646347036318183
MLP,480,64,0.19634865,0,1.0,False,0.001683640733720399,0.001833766269050492
MLP,480,64,0.21241629,0,0.0,True,-0.0010178201702531026,-0.0006749477260520338
MLP,480,64,0.35278928,0,1.0,False,0.0013116918534978245,0.00290211163863071
MLP,480,64,0.1460593,0,0.0,True,-0.0011982887648785898,-0.0034771419302879695
MLP,480,64,0.46760875,0,1.0,False,0.002478422680341246,0.0021981747737296457
MLP,480,64,0.21316707,0,1.0,False,0.004054447077039588,0.0017811595400482009
MLP,480,64,0.24999511,0,0.0,True,0.0025929092995797434,0.0017159488010468765
MLP,480,64,0.51833576,1,1.0,True,0.0055138317198307,0.003660477996951127
MLP,480,64,0.12787034,0,0.0,True,-0.0017929096389246166,-0.0014727024777981346
MLP,480,64,0.18395756,0,0.0,True,0.004383978916298618,0.0014801536692509239
MLP,480,64,0.40210405,0,1.0,False,-0.0013235909289176144,-7.95911628886259e-05
MLP,480,64,0.5316703,1,1.0,True,0.00032562014214878037,0.0015794314533071523
MLP,480,64,0.22328267,0,1.0,False,0.004203592307830745,0.0025276163881627744
MLP,480,64,0.15589668,0,1.0,False,0.002244209732474206,0.00256459555950148
MLP,480,64,0.23122285,0,1.0,False,0.0012949504051788755,0.0007609286723106274
MLP,480,64,0.16403218,0,0.0,True,0.001200088610554035,0.00019558193068430286
MLP,480,64,0.341733,0,0.0,True,0.0011220409875481222,0.000195988431154962
MLP,480,64,0.28301308,0,1.0,False,0.0030976311207188616,0.002047090953155108
MLP,480,64,0.15002905,0,0.0,True,0.0016288886860907651,-0.0009077874527653422
MLP,480,64,0.107864015,0,0.0,True,-0.0012894513121187226,0.0008077894032990646
MLP,480,64,0.24434437,0,1.0,False,-0.00032318115814244664,-0.0005015863179006664
MLP,480,64,0.29879665,0,1.0,False,0.008165667087005809,0.005539909615048187
MLP,480,64,0.15485366,0,0.0,True,0.00027289379127005845,0.0025109251188408276
MLP,480,64,0.13747418,0,0.0,True,-0.001286779222215031,-0.0003391042189268996
MLP,480,64,0.13892691,0,0.0,True,0.005191055578030728,0.004020849123168543
MLP,480,64,0.25502875,0,0.0,True,-0.0007274061588774216,-0.0017817972563181064
MLP,480,64,0.14487773,0,0.0,True,-0.0013617258279556208,0.00024764320705413515
MLP,480,64,0.22570091,0,0.0,True,-0.0041549482358545125,-0.002317536236086609
MLP,480,64,0.600236,1,1.0,True,0.003902405968514624,0.003688804547910337
MLP,480,64,0.1432147,0,1.0,False,0.0005569125344813449,0.0018153873742321911
MLP,480,64,0.41692635,0,1.0,False,0.004242831225789078,0.0019919322767437803
MLP,480,64,0.44814464,0,0.0,True,-0.0007717489033811515,-0.0007376208548655765
MLP,480,64,0.17493041,0,1.0,False,0.003571429637688288,0.002730401923047385
MLP,480,64,0.19232519,0,0.0,True,-0.002156955703960281,-0.0008050852228270365
MLP,480,64,0.27952805,0,1.0,False,0.0016798623960160713,0.0027661193819717637
MLP,480,64,0.44519216,0,1.0,False,0.0023139765157687525,0.0020031905786261155
MLP,480,64,0.16347171,0,1.0,False,9.259004225057803e-06,-6.885820234533843e-05
MLP,480,64,0.16029736,0,0.0,True,0.0005376398303522958,0.0004119757456760293
MLP,480,64,0.30997676,0,1.0,False,0.0010991284159724555,0.0001770935762561553
MLP,480,64,0.18365596,0,0.0,True,0.00459090396112667,0.0017221661153031553
MLP,480,64,0.23188162,0,1.0,False,0.004287733598846148,0.0028901227509547265
MLP,480,64,0.124205366,0,0.0,True,0.002548293870245225,0.0007746053695975029
MLP,480,64,0.29499143,0,1.0,False,0.0009842917924246192,0.0007936923531749703
MLP,480,64,0.15980795,0,1.0,False,0.000407186042964792,0.001617964392032148
MLP,480,64,0.14444178,0,1.0,False,-1.5239312054647097e-05,0.0010946177395923717
MLP,480,64,0.14760904,0,0.0,True,-0.0035323309489277642,-0.0012720283851752035
MLP,480,64,0.13713554,0,0.0,True,-0.0021321000929830293,-0.001690240380065932
MLP,480,64,0.20333149,0,0.0,True,0.0017725178156935439,-0.001586994622635584
MLP,480,64,0.32847875,0,0.0,True,0.0032699047011920178,0.001927940804046966
MLP,480,64,0.26783195,0,1.0,False,0.0026686449637264194,0.0020836938487037424
MLP,480,64,0.23157695,0,0.0,True,0.00024296825984724245,0.00016500139539486197
MLP,480,64,0.49546683,0,1.0,False,0.0002450926210835028,0.0005718615104247199
MLP,480,64,0.2912264,0,0.0,True,-0.0021161344768284547,-0.0016264786546491261
MLP,480,64,0.21087134,0,0.0,True,-0.0014278873555751991,-0.00125565965308103
MLP,480,64,0.13828324,0,0.0,True,-0.00012717542795456465,-0.0016248580975547337
MLP,480,64,0.2203735,0,1.0,False,-0.002025100162773069,-0.0017487798475420363
MLP,480,64,0.14585955,0,0.0,True,-0.0016906970002249899,-0.002153807296734512
MLP,480,64,0.14067565,0,1.0,False,0.0023413193427933117,0.001685673803595695
MLP,480,64,0.18566547,0,0.0,True,-0.00047341549819669866,-0.0012358466358266195
MLP,480,64,0.13964126,0,1.0,False,-0.0021982824415220817,-0.0009683765407871767
MLP,480,64,0.122099034,0,0.0,True,0.00036822325522797275,0.0010520331155928991
MLP,480,64,0.2676817,0,1.0,False,0.0024002100000616493,0.0015841222309758134
MLP,480,64,0.18643157,0,0.0,True,0.004127016711344368,0.000682783231981803
MLP,480,64,0.12310692,0,1.0,False,0.00018912073345191583,-0.00048073279136001305
MLP,480,64,0.5812748,1,1.0,True,0.006710914299945402,0.003138912072052592
MLP,480,66,0.14412281,0,0.0,True,0.0017707747265344846,0.0003881319593846276
MLP,480,66,0.15357707,0,0.0,True,-0.0018093468244658917,-8.710224255721113e-05
MLP,480,66,0.17801513,0,0.0,True,0.001137457022844109,0.0034027311804974113
MLP,480,66,0.25688007,0,1.0,False,0.0018477781191061568,0.00112659927905455
MLP,480,66,0.22826134,0,0.0,True,-0.0004301377059017628,-8.628448928363112e-05
MLP,480,66,0.35109496,0,1.0,False,0.0016118645319539264,0.00026397842137260136
MLP,480,66,0.13009702,0,0.0,True,0.000838283205941794,0.0008785284023346506
MLP,480,66,0.20951499,0,0.0,True,-0.003583906331304857,-0.0018286906933750724
MLP,480,66,0.3494772,0,1.0,False,0.0039902104301144155,0.004490638754870152
MLP,480,66,0.18101928,0,1.0,False,0.003597060040363599,0.002281045089879354
MLP,480,66,0.52538973,1,1.0,True,0.005738159379945736,0.004033233585876652
MLP,480,66,0.19563502,0,0.0,True,-0.006387989706742525,-0.004853104425992022
MLP,480,66,0.13572021,0,0.0,True,-0.0005654083215491769,0.0014629094444677637
MLP,480,66,0.27369788,0,1.0,False,0.001704641706208119,8.679230978654766e-05
MLP,480,66,0.12879299,0,0.0,True,-0.001583161528221199,1.306213404174402e-05
MLP,480,66,0.18032898,0,0.0,True,0.0020506842315637683,0.0003809539792906552
MLP,480,66,0.5141326,1,1.0,True,0.0034850174583944413,0.003096647627083783
MLP,480,66,0.2230124,0,1.0,False,-0.00040811790773481033,-0.0012360069527775233
MLP,480,66,0.18675302,0,0.0,True,-0.0010776210133718112,-0.0017228916386718936
MLP,480,66,0.14678381,0,0.0,True,6.791367032215305e-05,-0.0009899961897724707
MLP,480,66,0.17671283,0,0.0,True,-0.000800322073910405,0.002011457883825304
MLP,480,66,0.107838005,0,0.0,True,0.001803659755736996,-0.00012733267863530547
MLP,480,66,0.22160338,0,0.0,True,0.0032356018649544573,0.002106972544623861
MLP,480,66,0.15802096,0,1.0,False,0.0033657372135482834,0.003538925973387442
MLP,480,66,0.15534995,0,1.0,False,0.002487764853935475,0.003321917355466501
MLP,480,66,0.22630377,0,1.0,False,0.003409201273189623,0.001061689550569741
MLP,480,66,0.47678035,0,1.0,False,0.006976333579093423,0.0022901325232669374
MLP,480,66,0.16627221,0,1.0,False,0.001893528364498207,0.0013642207859747046
MLP,480,66,0.38439548,0,1.0,False,0.005025382358413592,0.004363096661979107
MLP,480,66,0.8118204,1,1.0,True,0.0023222975453790168,0.001218832996679324
MLP,480,66,0.16740121,0,0.0,True,-0.0008008618473406444,-0.0024038734390544867
MLP,480,66,0.14446542,0,0.0,True,0.00010893891985797582,0.002917127843270779
MLP,480,66,0.18296981,0,0.0,True,-0.0009744889067153971,-0.0005836874304969372
MLP,480,66,0.14951757,0,0.0,True,0.003440087999933719,0.0028339729293777936
MLP,480,66,0.13267103,0,0.0,True,0.0014153657750649753,-0.0005602374466745727
MLP,480,66,0.12398808,0,0.0,True,-0.002665236323603509,-0.0007087209565749832
MLP,480,66,0.20687993,0,1.0,False,0.001100225916891773,0.0029915352883720693
MLP,480,66,0.24358988,0,0.0,True,-0.001097119459866615,-0.0018772921868148579
MLP,480,66,0.11664349,0,0.0,True,-0.001023384088914754,8.18140382084696e-05
MLP,480,66,0.14486511,0,1.0,False,0.0032875842469732596,0.0007266867772211459
MLP,480,66,0.1918362,0,1.0,False,-0.0006651607542695566,0.0011753034047756522
MLP,480,66,0.33418134,0,1.0,False,0.0038868783486901777,0.003546298666042166
MLP,480,66,0.15565056,0,0.0,True,0.0018125634398397671,-0.0009332787046189677
MLP,480,66,0.2640291,0,0.0,True,-0.0021761747065685497,-0.00210004926244317
MLP,480,66,0.20437062,0,0.0,True,0.002009312331241843,-0.0003266404918053949
MLP,480,66,0.16683798,0,0.0,True,0.0032164067839741016,0.0021442097993616452
MLP,480,66,0.14550069,0,1.0,False,0.0063309234333502095,0.003311566172049436
MLP,480,66,0.15951036,0,1.0,False,0.005819966287277475,0.003135501942884581
MLP,480,66,0.15429951,0,0.0,True,-0.0010792359293965003,-0.0005535939248812685
MLP,480,66,0.40243933,0,1.0,False,0.001386622442153153,0.002419459346173684
MLP,480,66,0.18487996,0,1.0,False,0.0018179253113701917,0.0007836225540811731
MLP,480,66,0.15738134,0,0.0,True,9.162937538481565e-05,0.0013281917135845416
MLP,480,66,0.14176819,0,1.0,False,-7.389204324289176e-05,0.0010878745908206406
MLP,480,66,0.18601614,0,1.0,False,0.004008244612934687,0.002383957645817847
MLP,480,66,0.1433062,0,0.0,True,-0.000757337168337922,-0.0021906223998577274
MLP,480,66,0.19130741,0,0.0,True,0.0017380237225992066,0.00046401444894191945
MLP,480,66,0.10984306,0,0.0,True,0.0017261465651187953,-0.00011368843722036515
MLP,480,66,0.20594844,0,0.0,True,-0.00017397174994904585,0.00026558485484173464
MLP,480,66,0.14732674,0,0.0,True,0.0019534439005634958,0.001071978146885226
MLP,480,66,0.19567738,0,1.0,False,0.0010698310925937255,0.0003829978453315104
MLP,480,66,0.15516493,0,1.0,False,0.0006312859281601199,0.0015244296652413808
MLP,480,66,0.21061456,0,1.0,False,0.0030198666070025467,0.0013512375919860625
MLP,480,66,0.2162378,0,0.0,True,-0.0009711037657732306,0.0003344980032423316
MLP,480,66,0.20063433,0,0.0,True,-0.0008715635601875445,-0.002361485075725293
MLP,480,66,0.19608095,0,1.0,False,0.002405864595100441,0.002656555382494828
MLP,480,66,0.43903396,0,1.0,False,0.000979110855818778,0.0009757829307441535
MLP,480,66,0.19391565,0,1.0,False,0.0006748767857296515,0.0022163822450610503
MLP,480,66,0.21035393,0,0.0,True,0.0014329101296859824,0.0005546793278236534
MLP,480,66,0.3429282,0,1.0,False,0.003539155507300411,0.003098629933317795
MLP,480,66,0.23035501,0,1.0,False,0.0015917270611242964,0.0018502809403484022
MLP,480,66,0.16580668,0,0.0,True,-0.0022110770301294047,-0.0005189269610069788
MLP,480,66,0.19044502,0,1.0,False,0.0022089404708060516,0.0011184462490101464
MLP,480,66,0.14842483,0,0.0,True,0.0028270207654058585,-0.0005878100441698485
MLP,480,66,0.26065412,0,1.0,False,0.0037804436279082884,0.002308442484220744
MLP,480,66,0.24850234,0,1.0,False,0.0017625680072479207,0.0004629819567759039
MLP,480,66,0.1511991,0,1.0,False,0.005529813011963474,0.003223918811218445
MLP,480,66,0.17453808,0,0.0,True,0.0001738553714804276,-0.00013504770632065204
MLP,480,66,0.13187239,0,0.0,True,0.002588520505339641,0.0025127525351224633
MLP,480,66,0.3535392,0,0.0,True,0.0008608759588867852,-0.0005099596746158248
MLP,480,66,0.17665488,0,0.0,True,-0.001927568776509685,0.0021981364385734777
MLP,480,66,0.3410939,0,1.0,False,0.002517865748428873,0.0001481290687767683
MLP,480,66,0.23334362,0,1.0,False,0.004541083862974764,0.004297659261023305
MLP,480,66,0.15014246,0,1.0,False,0.004986047744845297,0.0021045675449682154
MLP,480,66,0.29726386,0,1.0,False,0.0036357482466368436,0.0026645762415125405
MLP,480,66,0.14219262,0,0.0,True,-0.0020906679519257063,0.0010901189915975573
MLP,480,66,0.122746445,0,0.0,True,-0.0019050675758507127,-0.0019941241812523693
MLP,480,66,0.13216378,0,0.0,True,-9.598091830800569e-05,0.0011404218079197714
MLP,480,66,0.5425537,1,0.0,False,0.0017654991080979213,0.0007310815280647465
MLP,480,66,0.1638971,0,1.0,False,0.002698967564123874,0.001269131165044181
MLP,480,66,0.17085373,0,1.0,False,0.002400834771137464,0.0015848151650870435
MLP,480,66,0.25679427,0,1.0,False,0.0022743010548895905,0.00030021372642350394
MLP,480,66,0.12363453,0,0.0,True,0.000594066698929758,-3.2430871753750695e-05
MLP,480,66,0.18569575,0,1.0,False,0.0044983482055358515,0.0033618068084510285
MLP,480,66,0.4132756,0,1.0,False,0.005773542480640382,0.006027815749337723
MLP,480,66,0.18370156,0,1.0,False,0.000911759628372372,0.0036950378454651874
MLP,480,66,0.51907647,1,1.0,True,0.0015713117598750042,0.0026217859607833636
MLP,480,66,0.29475492,0,0.0,True,0.002146221286002979,0.001943848447982507
MLP,480,66,0.13604636,0,0.0,True,0.004032338743615925,-0.0007352578773317738
MLP,480,66,0.14728059,0,0.0,True,-0.0018281085511196364,-0.0007807374433214389
MLP,480,66,0.19146727,0,1.0,False,-0.00027728167392745284,0.000562614904678275
MLP,480,68,0.18775308,0,0.0,True,-0.00022533685670964837,0.001720906106919393
MLP,480,68,0.1673938,0,1.0,False,0.0015565072520124068,0.004222777231881749
MLP,480,68,0.17418848,0,0.0,True,-0.0012470792391020215,-0.0017664294357773891
MLP,480,68,0.38572976,0,0.0,True,-0.0002369036902856861,0.00020710404275737774
MLP,480,68,0.14199388,0,0.0,True,-0.0015681362893765756,-0.0008817679355162597
MLP,480,68,0.16296871,0,0.0,True,-0.0012782727102907806,0.0007749905775171691
MLP,480,68,0.18719296,0,1.0,False,-0.0027203819055455327,-0.0007159104853377776
MLP,480,68,0.14788517,0,0.0,True,0.001099534017951597,4.318979477199847e-05
MLP,480,68,0.24621008,0,1.0,False,0.0022865395220703815,0.0027548776402121253
MLP,480,68,0.22279957,0,0.0,True,0.0025647533637892656,0.002371653809689786
MLP,480,68,0.13077238,0,0.0,True,0.00027714153464014293,0.0004035884462505447
MLP,480,68,0.14318116,0,0.0,True,0.001869013917578573,0.0006605018681216072
MLP,480,68,0.14377037,0,1.0,False,0.0009818741664473112,0.002824570091043448
MLP,480,68,0.31250256,0,1.0,False,-0.0006889098889794734,0.0014219766288729786
MLP,480,68,0.17905323,0,1.0,False,-0.0003566616828819469,0.0011363387383264334
MLP,480,68,0.14970422,0,0.0,True,-0.0013216340878861722,-0.001210679861638493
MLP,480,68,0.39455095,0,1.0,False,-0.0004930502043422306,0.0009395195264455381
MLP,480,68,0.27596274,0,1.0,False,0.0011390929058479639,0.00017803182693295437
MLP,480,68,0.31979918,0,1.0,False,0.0008699489998684989,0.002647206488527786
MLP,480,68,0.4283464,0,0.0,True,0.00024148148480200086,0.00038530163749472157
MLP,480,68,0.24128097,0,1.0,False,0.00012665350480508278,0.001694912232150389
MLP,480,68,0.2010191,0,0.0,True,-0.0037897315000121213,-0.0035454507732216303
MLP,480,68,0.3018327,0,1.0,False,-0.003379351219297865,-0.0014583342860615097
MLP,480,68,0.23593655,0,1.0,False,0.006775924662095635,0.004205521940952878
MLP,480,68,0.20392075,0,1.0,False,0.003517888927442999,0.004061232806909028
MLP,480,68,0.18864362,0,1.0,False,0.00499623519697248,0.003591180999227231
MLP,480,68,0.26038122,0,1.0,False,0.002994280705310376,0.004852169169254613
MLP,480,68,0.564263,1,0.0,False,-0.001927656188417241,-0.001890933681997271
MLP,480,68,0.20933858,0,1.0,False,0.003107755289914151,0.0025363016050294006
MLP,480,68,0.22510412,0,1.0,False,-0.0015688526815665943,0.0001664027873466416
MLP,480,68,0.19186845,0,1.0,False,-0.001411132283140209,0.0011779930675963857
MLP,480,68,0.39216563,0,0.0,True,-0.00025903263538191274,-0.0016959161474777338
MLP,480,68,0.16964594,0,0.0,True,-0.0007637120979218176,-0.0010217245916385711
MLP,480,68,0.20944178,0,0.0,True,0.006524174446991447,0.002656131515002435
MLP,480,68,0.1962081,0,1.0,False,0.00018127136891978295,0.001727104371154264
MLP,480,68,0.15510815,0,0.0,True,0.0025481711158640416,0.002481147151020411
MLP,480,68,0.75359184,1,1.0,True,0.005266405635885554,0.004758930531062404
MLP,480,68,0.12403482,0,0.0,True,0.0014693143060250818,0.0020847115096986986
MLP,480,68,0.17860998,0,1.0,False,0.0018775657816525165,0.0006864294729361772
MLP,480,68,0.23047179,0,1.0,False,0.005967292971468337,0.0037835249042145586
MLP,480,68,0.25374112,0,1.0,False,-0.0008999485029810346,0.001375415141249605
MLP,480,68,0.25190237,0,1.0,False,0.002113523297676605,0.0030739054790766876
MLP,480,68,0.17211804,0,1.0,False,0.005925409841154353,0.00449909967138394
MLP,480,68,0.16292459,0,0.0,True,0.0005795557233571384,0.001986474880933791
MLP,480,68,0.16032203,0,0.0,True,-0.0013747931814855258,-0.003196178015596704
MLP,480,68,0.35810065,0,1.0,False,0.0026705140221808974,0.001859123133768739
MLP,480,68,0.35776588,0,1.0,False,0.003565207651890591,0.0030332557140424032
MLP,480,68,0.15723239,0,1.0,False,0.005097097095300647,0.004074778412679214
MLP,480,68,0.29891723,0,1.0,False,0.002142513242044302,0.004030133572573794
MLP,480,68,0.17280748,0,0.0,True,0.0026946170583425186,0.002340457806704521
MLP,480,68,0.18830834,0,1.0,False,0.0020701445723234012,0.0018625476697095272
MLP,480,68,0.15909213,0,1.0,False,0.0022827426131184643,0.0027466149810353732
MLP,480,68,0.14155607,0,1.0,False,0.0009044423284457058,0.0007834064308825619
MLP,480,68,0.11535946,0,0.0,True,-0.002645111730212762,-0.0006320595356603098
MLP,480,68,0.2575003,0,0.0,True,0.0006416440192924984,0.001108299453373776
MLP,480,68,0.23229694,0,0.0,True,0.002646817601721367,0.0007210395572593943
MLP,480,68,0.18999816,0,1.0,False,-0.0006718527410675416,0.0006207074927701799
MLP,480,68,0.24318936,0,0.0,True,0.0035662696837007075,0.001314687510527893
MLP,480,68,0.25311297,0,0.0,True,7.595607793812078e-06,-8.798030068022499e-05
MLP,480,68,0.17730172,0,0.0,True,-0.0007740431616976814,0.002286125396514041
MLP,480,68,0.17256379,0,0.0,True,0.0011114084534955806,-0.0003808647841664113
MLP,480,68,0.5320765,1,0.0,False,0.0015806042540090137,0.0007548836329130458
MLP,480,68,0.18613847,0,0.0,True,0.005084307245584326,0.000896852590056939
MLP,480,68,0.16458152,0,0.0,True,-0.00019996498398833955,-0.00013498752371386355
MLP,480,68,0.17745292,0,1.0,False,-0.0010178019380348601,0.0008709572510770523
MLP,480,68,0.18413053,0,1.0,False,-0.0006350034794711203,0.002063740856844305
MLP,480,68,0.13433088,0,1.0,False,0.0018923488987356342,0.0026913195875776647
MLP,480,68,0.6879137,1,1.0,True,0.0028182617090961974,0.0022726086994297955
MLP,480,68,0.28091598,0,0.0,True,0.0007850311424998306,-0.0010994087219473039
MLP,480,68,0.19878729,0,0.0,True,2.4967027648552227e-05,-0.001107328801947319
MLP,480,68,0.242022,0,1.0,False,0.007243201073332754,0.006071038107914692
MLP,480,68,0.1900824,0,1.0,False,-0.0009559255520207281,-0.0008606021034386197
MLP,480,68,0.23071831,0,1.0,False,0.00031829532810783757,6.164248689556975e-05
MLP,480,68,0.1836947,0,1.0,False,0.0005133538249357615,0.0028561792296992613
MLP,480,68,0.25896657,0,0.0,True,0.002094805178567828,0.0002726641919357544
MLP,480,68,0.22350045,0,1.0,False,0.0011332689332722227,0.00046768769892926694
MLP,480,68,0.18894349,0,0.0,True,0.003238774212333069,0.00019394033462367667
MLP,480,68,0.35234177,0,0.0,True,0.005086246568710071,0.0007899109457894233
MLP,480,68,0.17594148,0,0.0,True,-7.994557614375732e-05,-0.001199122634396644
MLP,480,68,0.17769669,0,1.0,False,0.0027360908808710506,0.0017467519360646762
MLP,480,68,0.12022289,0,0.0,True,0.0016784323169107558,0.002076341612590996
MLP,480,68,0.114657864,0,1.0,False,0.005723218243961805,0.0031082417638741973
MLP,480,68,0.4037837,0,1.0,False,-0.0017902512303547488,-0.00037269276175276345
MLP,480,68,0.12685528,0,0.0,True,0.0022409037956884936,0.002752523102507796
MLP,480,68,0.14996049,0,0.0,True,-0.0027063166302445326,-0.0011285784473581164
MLP,480,68,0.19481294,0,1.0,False,0.005273076673427498,0.0032847686752119406
MLP,480,68,0.11374686,0,0.0,True,0.0012594362825996375,0.0008908693095137684
MLP,480,68,0.14522102,0,1.0,False,0.005021554900496003,0.0036469989302236393
MLP,480,68,0.15858433,0,1.0,False,0.0010956463166245023,0.003055803446995254
MLP,480,68,0.12647885,0,0.0,True,0.002430469764779869,0.001566347457798256
MLP,480,68,0.12297256,0,0.0,True,1.356724951606278e-05,0.0008539060232833508
MLP,480,68,0.18310389,0,1.0,False,0.00019047556125882865,0.001518719002913309
MLP,480,68,0.34881043,0,1.0,False,0.003565022382130745,0.0020666804184572194
MLP,480,68,0.20823221,0,0.0,True,0.00112480184001727,-5.387412666705573e-05
MLP,480,68,0.20721142,0,1.0,False,0.0019706967443200896,0.00365791680008227
MLP,480,68,0.21712051,0,1.0,False,0.0010497053201851,-0.0004774454092363707
MLP,480,68,0.130719,0,1.0,False,0.0033500104367257468,0.003066459837573522
MLP,480,68,0.17648907,0,1.0,False,-0.0002512957036390923,0.002482949000220844
MLP,480,68,0.18430206,0,1.0,False,-0.00017429857555199675,0.0010446515403912536
MLP,480,68,0.18440987,0,0.0,True,0.0023109530603742275,0.0008938552666564125
MLP,480,70,0.16321094,0,1.0,False,0.004208209068475857,0.0022404978328786616
MLP,480,70,0.17851499,0,1.0,False,0.0033224948486029215,0.002951444760327228
MLP,480,70,0.33020172,0,1.0,False,0.0018548147061203343,0.001856814879276408
MLP,480,70,0.14364895,0,1.0,False,0.004708480193469725,0.003929929211990488
MLP,480,70,0.18988173,0,0.0,True,0.0027660815285062645,0.0017456982949522074
MLP,480,70,0.12791026,0,0.0,True,0.0016712055874165434,-0.00042957021939008487
MLP,480,70,0.117615424,0,0.0,True,-0.0031542913313318283,-0.0020602687059373902
MLP,480,70,0.24241127,0,1.0,False,0.003017767690416036,0.0032646588113744504
MLP,480,70,0.12482392,0,0.0,True,-0.001058708876026351,-0.0008988001541743789
MLP,480,70,0.1530667,0,0.0,True,0.0007218694745422174,0.0022377779052285486
MLP,480,70,0.64678115,1,1.0,True,0.007506926318950565,0.0046195977946527165
MLP,480,70,0.34701267,0,0.0,True,-0.0009321380812668194,0.0006690396964495157
MLP,480,70,0.16054925,0,0.0,True,0.0025522699426899164,0.0008003173408586914
MLP,480,70,0.3928834,0,0.0,True,0.000484481275977827,0.0029057789287189766
MLP,480,70,0.14021163,0,0.0,True,-0.0010269146318761077,0.0002651969689913233
MLP,480,70,0.4594106,0,1.0,False,0.0036658320341435902,0.002860470008571532
MLP,480,70,0.29472467,0,1.0,False,0.00439840406533497,0.0032671175543709245
MLP,480,70,0.1666897,0,0.0,True,0.0016354482745521023,0.002177320306314969
MLP,480,70,0.23084743,0,0.0,True,-0.0005165075117983316,0.0005978348065899388
MLP,480,70,0.4204023,0,1.0,False,0.0070893344010154475,0.004292822792011166
MLP,480,70,0.124884084,0,0.0,True,0.0003471407317124734,0.0006607900136053512
MLP,480,70,0.13712445,0,0.0,True,0.0030967126926801313,0.001036207666851444
MLP,480,70,0.25137204,0,1.0,False,0.0027628872902549333,0.0014422996489119723
MLP,480,70,0.18916796,0,1.0,False,-0.000522836711424523,0.0011223938473381681
MLP,480,70,0.19397834,0,1.0,False,0.008046509562790887,0.00611309747746595
MLP,480,70,0.17135382,0,0.0,True,0.0018962519502002814,0.0015194662607553653
MLP,480,70,0.3523732,0,0.0,True,0.00039136947111621123,-0.0001698763948896336
MLP,480,70,0.1861809,0,1.0,False,0.004532841923132993,0.004550630237409929
MLP,480,70,0.21528879,0,0.0,True,0.0005212382286617828,-0.0011327657555134023
MLP,480,70,0.16529302,0,0.0,True,0.0028394300288689723,0.0008101077813065427
MLP,480,70,0.16088666,0,0.0,True,-0.002018541959579462,-0.003052458158558271
MLP,480,70,0.1429689,0,1.0,False,0.0019732427331397716,0.000751804586958523
MLP,480,70,0.17643246,0,0.0,True,0.003176350813196919,0.0022344993551613322
MLP,480,70,0.23735282,0,1.0,False,0.00578401307897285,0.00320430159031003
MLP,480,70,0.1712875,0,1.0,False,0.0033078755802444138,0.003494690511240074
MLP,480,70,0.2590904,0,1.0,False,0.003756371217005254,0.0046747649930449706
MLP,480,70,0.1299776,0,0.0,True,-0.00030555071658705486,0.00069114549515415
MLP,480,70,0.12977639,0,0.0,True,0.0033463158269089978,0.0032716763874890724
MLP,480,70,0.26036727,0,1.0,False,0.005339787843568934,0.003617067422252409
MLP,480,70,0.19691747,0,1.0,False,0.001871573186149852,0.001229263161861255
MLP,480,70,0.41660383,0,1.0,False,0.005870566754997736,0.004504937121635264
MLP,480,70,0.42436224,0,0.0,True,0.0016768652070185252,0.0032419904253386876
MLP,480,70,0.1461411,0,0.0,True,0.002319390833078495,0.003092427369707659
MLP,480,70,0.14963366,0,1.0,False,0.004137719487638506,0.005826841298240497
MLP,480,70,0.25563836,0,0.0,True,0.0008513185428473707,0.0021192039886905743
MLP,480,70,0.2204502,0,1.0,False,0.00044735998240736096,0.0015711935116217057
MLP,480,70,0.1865254,0,0.0,True,-0.004644967952796841,-0.0032003873368993984
MLP,480,70,0.34287483,0,1.0,False,0.0019816280192847314,0.002453139530950182
MLP,480,70,0.14345323,0,1.0,False,0.003906423723403489,0.0030574008441858927
MLP,480,70,0.2838942,0,0.0,True,0.005398513107975835,0.003906409432703064
MLP,480,70,0.17540053,0,0.0,True,-0.002947615235121675,-0.0022581737148057836
MLP,480,70,0.3735822,0,1.0,False,0.003507081413987463,0.0028570985957042535
MLP,480,70,0.21853279,0,0.0,True,-0.0012799173861511282,-0.0010331359184148961
MLP,480,70,0.18293251,0,0.0,True,0.0009393211735129012,0.0006486100519582362
MLP,480,70,0.25608754,0,1.0,False,0.002353198734482929,0.002712605799525579
MLP,480,70,0.16880524,0,1.0,False,0.0011305702496725242,0.00179795309928988
MLP,480,70,0.40420568,0,0.0,True,-0.0005915137221783037,-0.0007532266465166912
MLP,480,70,0.8015815,1,1.0,True,0.0046449165827768,0.004807609063734128
MLP,480,70,0.3224266,0,0.0,True,-0.0028315031327591613,-0.00195906364810069
MLP,480,70,0.12592682,0,0.0,True,0.0005495728502751654,0.0012470057909954534
MLP,480,70,0.2253898,0,1.0,False,-0.0015251554642542427,0.0010599522914210926
MLP,480,70,0.19507268,0,1.0,False,0.0009105795837805439,0.0012338015592661096
MLP,480,70,0.22778979,0,0.0,True,-0.0015016611316624815,-0.00039354850091904
MLP,480,70,0.5833657,1,1.0,True,0.0014086689800997078,0.0037138259666363235
MLP,480,70,0.20459485,0,0.0,True,-0.0014330385868902814,-0.0015739506074282927
MLP,480,70,0.741603,1,1.0,True,0.0027268260125116552,0.0025644346616205647
MLP,480,70,0.17709771,0,0.0,True,0.0007979201501456502,0.0018787300122609539
MLP,480,70,0.33770213,0,1.0,False,0.003982113373696127,0.002506033753627887
MLP,480,70,0.45296258,0,1.0,False,-0.000523033828723455,9.486637515578138e-05
MLP,480,70,0.120685905,0,0.0,True,0.0002781744987285366,6.505566162258562e-05
MLP,480,70,0.18922599,0,1.0,False,0.0022180581880369425,0.001702281156031638
MLP,480,70,0.16968317,0,0.0,True,-0.0015845043905096665,0.0006995984330638167
MLP,480,70,0.16778058,0,0.0,True,-0.0007783097634787695,-0.0013364613107779962
MLP,480,70,0.28513053,0,1.0,False,0.004458759168216601,0.003970859404636502
MLP,480,70,0.14538495,0,1.0,False,0.00043472965159535766,0.0010230132126327516
MLP,480,70,0.17478202,0,0.0,True,0.001025775023096842,0.0014006859376058656
MLP,480,70,0.14190981,0,1.0,False,0.0019646747293939814,0.004278520080705466
MLP,480,70,0.21979511,0,0.0,True,0.0003624510108737268,0.0005541269911273463
MLP,480,70,0.23974875,0,0.0,True,0.0007773056496010037,0.0018054034778248861
MLP,480,70,0.13835283,0,0.0,True,-0.0020083558095815262,-0.00017260715822222923
MLP,480,70,0.33002526,0,0.0,True,-6.687947250564225e-05,0.0008039292055535094
MLP,480,70,0.15007356,0,0.0,True,-0.003610908888646689,-0.003183552985230529
MLP,480,70,0.12568092,0,0.0,True,-0.0007343858612578201,-0.00096164550318135
MLP,480,70,0.15903859,0,0.0,True,-0.005089756600553922,-0.0031053789535623634
MLP,480,70,0.21197727,0,0.0,True,0.0010905972855270094,-2.7592006414899142e-05
MLP,480,70,0.1865917,0,1.0,False,0.003686434088127328,0.0033072158977111373
MLP,480,70,0.19047266,0,0.0,True,0.002800973044006984,0.0006530801300836388
MLP,480,70,0.15383576,0,1.0,False,0.0014527070925483333,0.0005353111242851553
MLP,480,70,0.21615727,0,1.0,False,-0.000426500233526784,0.0011621908946011282
MLP,480,70,0.14281046,0,0.0,True,-0.0012948179389172096,0.0009243893456525404
MLP,480,70,0.23219214,0,1.0,False,0.0011424042479787184,0.002636935733867558
MLP,480,70,0.17737272,0,1.0,False,0.0014897746094909943,0.002954481589211901
MLP,480,70,0.13740604,0,0.0,True,0.003092342644218021,0.0004483023923697244
MLP,480,70,0.17986313,0,1.0,False,0.007172343164323774,0.007305175998941916
MLP,480,70,0.36478078,0,1.0,False,0.0021845013598595004,0.0012989342522694298
MLP,480,70,0.3493349,0,1.0,False,0.0019700921357048815,0.002377260412388251
MLP,480,70,0.16945082,0,0.0,True,0.00025885272476114553,-0.0006944241247971974
MLP,480,70,0.2621055,0,1.0,False,0.002771806038130675,0.0020861768195749235
MLP,480,70,0.13188374,0,1.0,False,0.006752149991269158,0.006711393388187254
MLP,480,70,0.18733075,0,1.0,False,0.0025137486388280735,0.0031651283732843896
MLP,480,72,0.38594446,0,1.0,False,0.004726170106546016,0.0030245761233276655
MLP,480,72,0.21058872,0,1.0,False,0.004246126634377939,0.0035840970217364794
MLP,480,72,0.16695696,0,1.0,False,0.0013295042402447013,0.0016661724933105147
MLP,480,72,0.43939042,0,1.0,False,0.0043909060849440665,0.0024888219472282767
MLP,480,72,0.18712263,0,1.0,False,-0.0019570112092538406,-0.0004482416133889398
MLP,480,72,0.12696368,0,0.0,True,-0.0011637639465865751,0.0005113933243530316
MLP,480,72,0.19213228,0,0.0,True,0.002747153393166085,0.0007951202919299714
MLP,480,72,0.35104108,0,0.0,True,0.0008073142566801922,-0.00040694297308877035
MLP,480,72,0.15978451,0,1.0,False,-0.0029725238276185066,0.0007165695187580938
MLP,480,72,0.302866,0,1.0,False,-0.00021804594342690297,9.081245616756387e-05
MLP,480,72,0.13947222,0,1.0,False,0.0039491618466894664,0.0027865127228553052
MLP,480,72,0.2927602,0,1.0,False,0.0011734740840660283,0.0013098614912496504
MLP,480,72,0.20506325,0,1.0,False,0.002578814749564527,0.003134323431327245
MLP,480,72,0.19671457,0,1.0,False,-0.00021238980318951688,0.0021297828471232043
MLP,480,72,0.3587769,0,1.0,False,0.0019301530795513217,0.003190999145304544
MLP,480,72,0.16223985,0,1.0,False,0.0002696712769141894,0.0016464315708631231
MLP,480,72,0.13553154,0,0.0,True,0.0019301398333595498,0.0006259293568610357
MLP,480,72,0.5164214,1,1.0,True,0.002848904117658637,0.002860003567665871
MLP,480,72,0.17614508,0,0.0,True,0.00089946151125039,-0.0006193973457715716
MLP,480,72,0.10993708,0,0.0,True,0.00251256823825711,0.0010870536819434736
MLP,480,72,0.123118415,0,0.0,True,-0.0005358297108292463,0.0010527517674434237
MLP,480,72,0.15908793,0,1.0,False,0.003429939155739063,0.003415981370975395
MLP,480,72,0.15473625,0,0.0,True,0.0017263025122464229,0.0009619429105097653
MLP,480,72,0.15361783,0,1.0,False,0.004046600128180506,0.002278878428429365
MLP,480,72,0.24240026,0,0.0,True,0.0009124397150230452,0.0001774931634578525
MLP,480,72,0.6413705,1,1.0,True,0.004650511735506971,0.004223620715308845
MLP,480,72,0.4442568,0,1.0,False,0.0003907495534394665,0.0007352595380610198
MLP,480,72,0.21285519,0,1.0,False,0.007820096532268802,0.007432073397180748
MLP,480,72,0.54590744,1,1.0,True,0.0043783490459046595,0.006786580927226211
MLP,480,72,0.17710459,0,0.0,True,-0.00020914777606436384,0.00026085791464188634
MLP,480,72,0.1651656,0,1.0,False,0.00049913328428307,0.0012015001557498016
MLP,480,72,0.25723752,0,0.0,True,0.0034416054839632544,0.0031362639651512157
MLP,480,72,0.16874523,0,1.0,False,0.004121675674493197,0.004038882385524925
MLP,480,72,0.1888581,0,1.0,False,0.005867437098658834,0.0037836915173236757
MLP,480,72,0.72021824,1,1.0,True,0.0015703801286739976,0.002360013233273404
MLP,480,72,0.11778696,0,0.0,True,0.002737207922697713,0.0005194680100645145
MLP,480,72,0.27932435,0,1.0,False,0.002898881803070966,0.002440630850779801
MLP,480,72,0.18564424,0,1.0,False,-0.00034031009014257545,0.0031255488189195326
MLP,480,72,0.22994332,0,0.0,True,-0.0020398140771860987,-0.0020986173597177804
MLP,480,72,0.82171214,1,1.0,True,0.01005325120079134,0.008608511758180873
MLP,480,72,0.24871634,0,0.0,True,0.0010612975749801695,0.0014845622701375758
MLP,480,72,0.21436335,0,0.0,True,0.002051976987069327,0.0014358840501886097
MLP,480,72,0.17226347,0,1.0,False,0.005081151060833035,0.001620757052430508
MLP,480,72,0.13368492,0,0.0,True,0.0007416836288787274,-4.118624777395423e-05
MLP,480,72,0.17254408,0,0.0,True,0.001574213208704048,0.0016411838975990188
MLP,480,72,0.47948197,0,1.0,False,0.0007793881223452691,9.226727915471856e-05
MLP,480,72,0.6193834,1,1.0,True,0.005516176759024577,0.004303276288380383
MLP,480,72,0.74374086,1,1.0,True,-4.0369754759393316e-05,0.0023724699910229324
MLP,480,72,0.23887125,0,1.0,False,-0.0024358741481512363,0.0017544752995505058
MLP,480,72,0.3273671,0,0.0,True,0.002422924480663175,0.0010494969793881587
MLP,480,72,0.3176113,0,1.0,False,0.0016322345634786498,0.001860243717666047
MLP,480,72,0.14979194,0,0.0,True,-0.0014033304914149152,-4.665813785134809e-05
MLP,480,72,0.34722313,0,1.0,False,0.004759963986185214,0.004338432957499424
MLP,480,72,0.2082101,0,0.0,True,-0.00010447133447152755,0.00014794195404109746
MLP,480,72,0.14592128,0,1.0,False,0.004942566735289166,0.004956732530067161
MLP,480,72,0.23738022,0,1.0,False,0.004972479721504838,0.00318847730106431
MLP,480,72,0.13426287,0,1.0,False,0.004816467751391276,0.004621350430585258
MLP,480,72,0.19465,0,1.0,False,0.0005203013051125258,0.0002162882328753769
MLP,480,72,0.23701288,0,1.0,False,0.0028343397462377096,0.004052163912757931
MLP,480,72,0.1790469,0,0.0,True,-0.0010738576381326512,-4.7463575884723334e-05
MLP,480,72,0.18129794,0,1.0,False,0.0013849519083335507,0.0018921695569710153
MLP,480,72,0.16732259,0,0.0,True,-0.004385694581101732,-0.002870452572037048
MLP,480,72,0.13183354,0,0.0,True,-0.0009038865488402851,0.00036664892974125194
MLP,480,72,0.27476478,0,1.0,False,0.005400990779823655,0.0034563122897559766
MLP,480,72,0.19679978,0,0.0,True,0.001071926643712298,-6.767012141871061e-05
MLP,480,72,0.11493755,0,0.0,True,0.0010042081548331998,0.0009529479477851546
MLP,480,72,0.29405668,0,1.0,False,0.0023512760037498748,0.00022880019349180331
MLP,480,72,0.25615424,0,1.0,False,0.007257530103443979,0.0041174128291128044
MLP,480,72,0.16129841,0,0.0,True,-0.0025224881212441586,-0.0031260457726509728
MLP,480,72,0.5572958,1,1.0,True,0.003572566072904771,0.0038723345535900087
MLP,480,72,0.15652092,0,0.0,True,0.0017737991576779648,7.769629363112696e-05
MLP,480,72,0.1578409,0,0.0,True,0.003370523312335079,0.0015411122160480068
MLP,480,72,0.15985574,0,0.0,True,-0.0024940211422570953,-3.287502522287113e-05
MLP,480,72,0.153045,0,1.0,False,0.001861284447572594,0.0027165107124370595
MLP,480,72,0.4758495,0,1.0,False,0.0025701328024355435,0.003404253769329776
MLP,480,72,0.20410547,0,0.0,True,0.0030490715094888634,0.0002874749426854656
MLP,480,72,0.31603962,0,1.0,False,0.0026338983428944953,-2.7965313144530675e-05
MLP,480,72,0.19332077,0,0.0,True,0.0038894403401081522,0.0009589797252147489
MLP,480,72,0.18124785,0,0.0,True,-0.0006115527822088678,-0.0005120754828607059
MLP,480,72,0.1785217,0,1.0,False,0.0017576903207604834,0.0014117181630386923
MLP,480,72,0.17815657,0,0.0,True,-0.000255455180283837,0.0004974747352502147
MLP,480,72,0.13778159,0,0.0,True,-0.002531375243971975,-0.002542733614578899
MLP,480,72,0.1586204,0,1.0,False,-0.0007054197404455766,-0.0017815481963468851
MLP,480,72,0.2029961,0,0.0,True,-0.00011490501135247519,-0.0013647167773717874
MLP,480,72,0.17981517,0,1.0,False,0.0026592293336557926,0.0022700911389032484
MLP,480,72,0.21503614,0,0.0,True,-0.0013186413958360562,-0.0007060141988409298
MLP,480,72,0.21360388,0,0.0,True,-0.0016838364222054355,-0.00048804834593148565
MLP,480,72,0.33185306,0,0.0,True,-0.005539091865101178,-0.0036332949881256356
MLP,480,72,0.1399557,0,0.0,True,0.0012530278709030908,-0.0022373030914941065
MLP,480,72,0.11426728,0,0.0,True,0.0011927394960492004,0.0006722284067819131
MLP,480,72,0.16350098,0,0.0,True,-0.0012464880683748785,-0.0021228761369219097
MLP,480,72,0.22392632,0,1.0,False,0.004546733876458578,0.005118067227834477
MLP,480,72,0.44692472,0,1.0,False,0.004536812158407512,0.0037751189372459792
MLP,480,72,0.2688433,0,0.0,True,0.0032619263006994203,0.002355368486159391
MLP,480,72,0.27781188,0,0.0,True,0.001097785217214619,0.0016041106561307662
MLP,480,72,0.187826,0,1.0,False,0.003982410436796011,0.0037295621875392026
MLP,480,72,0.32096696,0,1.0,False,0.0012747263362302898,0.002033547575241254
MLP,480,72,0.23534466,0,1.0,False,0.00424869101984312,0.0032906269505541008
MLP,480,72,0.16435583,0,1.0,False,0.008423550942893931,0.0065123692934323015
MLP,480,72,0.32956794,0,0.0,True,-0.0007965180688167195,-0.0002401117649306995
MLP,480,73,0.19777203,0,0.0,True,0.0004404107051417048,0.0005848842793649023
MLP,480,73,0.1921895,0,0.0,True,7.903832489688327e-06,0.000983095502438811
MLP,480,73,0.24420966,0,1.0,False,0.0015637585352972138,0.004991673427883233
MLP,480,73,0.15863669,0,1.0,False,0.0012872984506462702,0.0028039350321021027
MLP,480,73,0.18605983,0,1.0,False,0.004262292636318004,0.003761725644415925
MLP,480,73,0.11913002,0,0.0,True,-0.0025695654350948146,-0.0007566463947012257
MLP,480,73,0.16848718,0,0.0,True,-0.0029837261144690145,-0.0014020279475735207
MLP,480,73,0.16553196,0,1.0,False,0.00375467052644302,0.003231613345404069
MLP,480,73,0.12488855,0,0.0,True,0.00040003120447644393,0.0003699552255835977
MLP,480,73,0.27060974,0,1.0,False,0.002485537887838663,0.00216582335834903
MLP,480,73,0.26335737,0,1.0,False,0.005765188825994465,0.004966115259749474
MLP,480,73,0.16147746,0,0.0,True,0.0045668090236244815,0.0021856505039240894
MLP,480,73,0.31799713,0,1.0,False,0.00486091401426879,0.003372563124998534
MLP,480,73,0.141503,0,0.0,True,0.001144896963578936,-0.0010570164187320911
MLP,480,73,0.18894279,0,1.0,False,0.003535838844729605,0.003322098686442311
MLP,480,73,0.3527544,0,1.0,False,0.0035951911664347017,0.0027461675425853537
MLP,480,73,0.16847043,0,0.0,True,-0.0014760365701145292,3.7429248803747675e-05
MLP,480,73,0.12857087,0,0.0,True,0.0007118344030506012,0.0012828062303122416
MLP,480,73,0.14434177,0,1.0,False,0.0035221584240783307,0.002711811986713501
MLP,480,73,0.23167096,0,0.0,True,-0.0038972414667438975,-0.002120621131290131
MLP,480,73,0.13727425,0,0.0,True,-0.0011930764122190431,-0.0004414492918642333
MLP,480,73,0.25700736,0,1.0,False,0.006052263521544487,0.005828302828038584
MLP,480,73,0.15146339,0,0.0,True,5.053674269836405e-06,0.00023993915625963893
MLP,480,73,0.41797355,0,1.0,False,0.0018875904278358305,0.004240667280931229
MLP,480,73,0.1509162,0,0.0,True,-0.0011176825166457878,-0.0006661160014386515
MLP,480,73,0.11572254,0,0.0,True,0.0013577755287495186,0.002447774373040687
MLP,480,73,0.6583253,1,1.0,True,0.0021572717926397126,0.0032131665977675502
MLP,480,73,0.23290382,0,0.0,True,-0.0014359725794306968,0.00043898101512553187
MLP,480,73,0.17451836,0,0.0,True,9.659218683008202e-05,0.00046721499816082117
MLP,480,73,0.41535535,0,1.0,False,0.003699052628583278,0.004978183191586119
MLP,480,73,0.32725194,0,0.0,True,0.0007566040223569693,9.125178146022574e-05
MLP,480,73,0.46682376,0,1.0,False,0.0026278018595049745,0.004294065674845183
MLP,480,73,0.27421397,0,1.0,False,-0.0009221833403777525,0.001271238777572648
MLP,480,73,0.77869517,1,1.0,True,-0.0005060989104974336,0.0006515176177096882
MLP,480,73,0.15276086,0,0.0,True,0.0031299248201572837,0.0005514025870233676
MLP,480,73,0.13607246,0,0.0,True,-0.000973092025917573,-0.0008915227419595744
MLP,480,73,0.20090199,0,0.0,True,0.000728881317362118,0.0018269360009918485
MLP,480,73,0.16863327,0,1.0,False,0.002436952997515906,0.0021963542936873533
MLP,480,73,0.1569855,0,0.0,True,-0.0008090344034536003,-0.0009535567058611851
MLP,480,73,0.13083613,0,0.0,True,-0.001435425214810612,0.0004743783671278629
MLP,480,73,0.46150777,0,1.0,False,0.007157169493871433,0.006419447241841318
MLP,480,73,0.5526581,1,1.0,True,0.0004553607617254897,0.003164214423770469
MLP,480,73,0.12457965,0,0.0,True,0.000660677975502238,0.001305742981851038
MLP,480,73,0.20350066,0,0.0,True,-0.0012116733577536862,-0.00141278937181365
MLP,480,73,0.13032272,0,0.0,True,0.004769658307973509,0.0024978554487673026
MLP,480,73,0.1811954,0,0.0,True,-0.00029719302136692663,0.0007297035165363928
MLP,480,73,0.3449821,0,1.0,False,-0.0012721613975293197,0.0026103447986060334
MLP,480,73,0.25412008,0,1.0,False,0.0001042752656220783,0.0001740258898518462
MLP,480,73,0.17808758,0,1.0,False,0.004227515190517901,0.0034787160198476524
MLP,480,73,0.4190355,0,0.0,True,-0.0031315249286266267,-0.0033829633162561798
MLP,480,73,0.31214383,0,1.0,False,-0.000722709065770088,0.0023497620217629717
MLP,480,73,0.23886211,0,0.0,True,0.0012332061101398568,0.0008295487154190834
MLP,480,73,0.20659079,0,0.0,True,-0.00620236706492497,-0.002769240228718412
MLP,480,73,0.18211512,0,1.0,False,0.008472270742244749,0.006683036992264671
MLP,480,73,0.14304791,0,0.0,True,-0.00503854243925006,-0.0013734843757530395
MLP,480,73,0.2143504,0,0.0,True,-0.001953827944159568,-0.0033491052270862103
MLP,480,73,0.2617472,0,0.0,True,0.002157255785385045,0.001253893077246727
MLP,480,73,0.1642522,0,0.0,True,0.0025483234983662683,0.0008833067189575122
MLP,480,73,0.4403996,0,0.0,True,-0.00010028291779239947,0.0003658902290385365
MLP,480,73,0.20549731,0,0.0,True,-0.0027021570558924675,-4.882375537002581e-05
MLP,480,73,0.45530373,0,1.0,False,0.0008169940013830404,0.0042531340182092375
MLP,480,73,0.33068755,0,1.0,False,0.003946245549392039,0.004267622947710983
MLP,480,73,0.15198152,0,1.0,False,0.000547944800038604,0.0013714200237938622
MLP,480,73,0.26218474,0,1.0,False,0.0043702894285518445,0.004379602226116454
MLP,480,73,0.27967164,0,0.0,True,0.00032629214502510244,-0.0005012300862207901
MLP,480,73,0.24550313,0,1.0,False,0.0002748614574649521,0.0038892438319250385
MLP,480,73,0.18211797,0,1.0,False,0.0025092584321655493,0.003822262284053946
MLP,480,73,0.3027107,0,0.0,True,-0.0022370836920522705,-0.0016652891075432568
MLP,480,73,0.16083309,0,1.0,False,0.0033228544163849067,0.003948884904422035
MLP,480,73,0.33994395,0,1.0,False,0.001047913221836224,0.0005573253095605837
MLP,480,73,0.15050232,0,0.0,True,-0.0009317341930330235,-0.00023621600286007064
MLP,480,73,0.35387874,0,1.0,False,0.0035364479365071746,0.004440827667844421
MLP,480,73,0.6247164,1,1.0,True,0.003400422351712004,0.0032646188749363074
MLP,480,73,0.5864781,1,1.0,True,0.0028966180616749214,0.004231922359863309
MLP,480,73,0.1676939,0,1.0,False,0.0018370943934221007,-0.0005995728299531516
MLP,480,73,0.3403556,0,1.0,False,-0.00018377421173120713,0.0016447379480567649
MLP,480,73,0.19894536,0,0.0,True,-0.001319937972382246,-0.00166974634390711
MLP,480,73,0.17340079,0,0.0,True,-0.001068944799724747,-0.0002691233444423449
MLP,480,73,0.17949532,0,0.0,True,-0.0012646332867679078,-0.0014442678066754974
MLP,480,73,0.267906,0,0.0,True,0.0011173655008898554,0.000604781057027364
MLP,480,73,0.17142925,0,1.0,False,0.0001259592134966447,0.0005138466732507425
MLP,480,73,0.22135769,0,1.0,False,0.00263974233419536,0.001750157113177039
MLP,480,73,0.22942486,0,0.0,True,-0.0010983679644625956,0.0009249616276238559
MLP,480,73,0.13942102,0,0.0,True,0.0018473776002867755,0.002293338081891516
MLP,480,73,0.2732766,0,1.0,False,0.001396304530405182,0.0014021963889810115
MLP,480,73,0.33303356,0,0.0,True,0.0005151243834240847,0.0015394687800548302
MLP,480,73,0.30874082,0,1.0,False,0.008789962148512052,0.0062908773449312574
MLP,480,73,0.20196699,0,0.0,True,0.00022612753861658968,-0.0016370931335556265
MLP,480,73,0.5005621,1,1.0,True,0.002931937292946732,0.003021414636616683
MLP,480,73,0.22630465,0,1.0,False,0.0013581515573297777,0.003179987028798043
MLP,480,73,0.45119402,0,1.0,False,-0.00044617672069711094,-0.0006293643396610164
MLP,480,73,0.2419896,0,0.0,True,0.0006866442279407424,0.0017280045456183675
MLP,480,73,0.14412707,0,0.0,True,-0.0005142984947778157,-0.0013463066999168413
MLP,480,73,0.31405428,0,1.0,False,0.0028133974987476673,0.0019283985024869008
MLP,480,73,0.14322707,0,1.0,False,0.004744000238085305,0.004435704108419882
MLP,480,73,0.16719338,0,0.0,True,0.0007305740133787799,-0.002730007770665669
MLP,480,73,0.2538953,0,1.0,False,0.0029511409870034352,0.004590785981066546
MLP,480,73,0.4839514,0,0.0,True,0.001383207683909251,-0.00024783599689625214
MLP,480,73,0.40482667,0,1.0,False,0.004993456183696734,0.0032221672117566345
MLP,480,73,0.17534237,0,0.0,True,-0.001166858669400742,-0.000706675769314721
MLP,480,75,0.12058551,0,0.0,True,-0.0014745534438043916,-0.002159691958081234
MLP,480,75,0.12807415,0,0.0,True,0.00041716618810170295,0.0004829018071966335
MLP,480,75,0.4831273,0,1.0,False,0.0006442354932589763,0.0018982061979734702
MLP,480,75,0.19847521,0,0.0,True,0.00246598902168093,0.002647148581902575
MLP,480,75,0.22803122,0,1.0,False,0.0010673841503167922,0.0015600154387311082
MLP,480,75,0.23737596,0,1.0,False,0.004536148877285398,0.0029080597433604636
MLP,480,75,0.14433005,0,0.0,True,0.0001319560166397153,-5.95782246043349e-05
MLP,480,75,0.4010468,0,1.0,False,-0.00023603351800256738,0.0022107340125333305
MLP,480,75,0.18689273,0,0.0,True,0.00014044465812332318,-0.0003122464753617704
MLP,480,75,0.25814757,0,0.0,True,0.0018350050224343252,0.0014798881090939751
MLP,480,75,0.31091627,0,1.0,False,0.0011993816839383665,0.0009825580283163086
MLP,480,75,0.1792427,0,0.0,True,-0.0022198316420029805,-0.0023004995975603273
MLP,480,75,0.1451306,0,0.0,True,0.002466303118874041,0.0003140261987082903
MLP,480,75,0.16140383,0,1.0,False,-0.0006531568464133414,0.0026116427819572376
MLP,480,75,0.30143788,0,1.0,False,0.003792305095830186,0.0035262733899200614
MLP,480,75,0.41304842,0,1.0,False,0.003838440859630967,0.006237222747522774
MLP,480,75,0.11090632,0,0.0,True,0.0039210338646866105,0.001142998729095699
MLP,480,75,0.280098,0,0.0,True,0.0002882014430594509,0.0009806360696401834
MLP,480,75,0.13792247,0,0.0,True,0.00391148003100362,0.0031230801747816842
MLP,480,75,0.13907011,0,0.0,True,-0.0013831747941931388,-0.0005138254102227623
MLP,480,75,0.25182766,0,1.0,False,0.0023239803821315567,0.0021211368702578545
MLP,480,75,0.17933916,0,0.0,True,-0.0003306471553562058,0.001018732459460699
MLP,480,75,0.264717,0,0.0,True,-0.0018486346186458676,0.0013933443456474947
MLP,480,75,0.21398881,0,0.0,True,0.0008382480497892221,0.0018406866166552356
MLP,480,75,0.22322738,0,1.0,False,0.0074663348493224395,0.006307148634829067
MLP,480,75,0.10878161,0,0.0,True,-0.0013776641429884087,-0.0015269103833329724
MLP,480,75,0.23195459,0,1.0,False,0.0018080512031130157,0.0017711292505135565
MLP,480,75,0.15691891,0,0.0,True,0.002583507306889353,0.0013714733542319747
MLP,480,75,0.17146654,0,0.0,True,0.00039011339897711815,0.00025108203302367745
MLP,480,75,0.18276997,0,0.0,True,0.005717404226140574,0.0023228736033895927
MLP,480,75,0.18369277,0,1.0,False,0.0016353405483371555,0.003548441041987439
MLP,480,75,0.52488846,1,1.0,True,0.003000287215555755,0.0030687264650037585
MLP,480,75,0.21703523,0,0.0,True,-0.006021038704491255,-0.0016903211094581446
MLP,480,75,0.26245475,0,1.0,False,0.00446230490522216,0.006827942180592081
MLP,480,75,0.13237488,0,0.0,True,0.0008254844951629217,-0.0002970649831990486
MLP,480,75,0.23595251,0,0.0,True,0.0023921129896533767,0.0003134637290279413
MLP,480,75,0.3331735,0,1.0,False,0.0023560173218933125,0.0037647378670971764
MLP,480,75,0.32384756,0,1.0,False,0.004298821133201631,0.002674892385463019
MLP,480,75,0.29565847,0,0.0,True,0.0005684464074469461,0.0012612616130485072
MLP,480,75,0.28936347,0,0.0,True,-0.0021228585223668386,-0.0030174517328022932
MLP,480,75,0.15834072,0,0.0,True,-0.0023406335350424153,-0.001485402529741403
MLP,480,75,0.20677839,0,1.0,False,0.0037699062752354277,0.0032338230749258358
MLP,480,75,0.1491642,0,0.0,True,-0.00016534072416165793,-0.0006009110313863285
MLP,480,75,0.12767166,0,0.0,True,-0.0038187264946993437,-0.0022683918889418882
MLP,480,75,0.16448417,0,0.0,True,0.00015657801207467401,-0.0006269575858228915
MLP,480,75,0.34666157,0,0.0,True,-0.005567910782065033,-0.0023997090723087942
MLP,480,75,0.13329133,0,1.0,False,0.002034093777368905,0.002968439625586257
MLP,480,75,0.15127528,0,0.0,True,-0.0020355936573240186,-0.001053750721631519
MLP,480,75,0.11929779,0,1.0,False,0.006827328842282014,0.0047232375930139955
MLP,480,75,0.25942206,0,0.0,True,-0.0014538155533776206,-0.0006889986666487213
MLP,480,75,0.22240354,0,0.0,True,-0.0020711049841589117,-0.0019208877746629076
MLP,480,75,0.27284652,0,0.0,True,-0.0022743849597792647,0.0004143268845611747
MLP,480,75,0.42483523,0,0.0,True,-0.0005714554127885235,-0.0003585584217967304
MLP,480,75,0.18978582,0,1.0,False,0.0035490607189556014,0.002533948126013819
MLP,480,75,0.145994,0,0.0,True,0.0012254441883076284,0.0020796323306457947
MLP,480,75,0.17609897,0,0.0,True,0.0031790048479799346,0.0008706010715769271
MLP,480,75,0.15192351,0,1.0,False,0.0018794133230618812,0.0014418846645994777
MLP,480,75,0.39419547,0,1.0,False,0.004239768773701518,0.0025939267177389476
MLP,480,75,0.27154157,0,1.0,False,0.004705621043287909,0.005037117672206908
MLP,480,75,0.17620358,0,0.0,True,-0.0001661517155874314,0.00039145586887874936
MLP,480,75,0.20131278,0,0.0,True,-0.0020112436791964155,0.00035506738105164096
MLP,480,75,0.1464374,0,0.0,True,2.590309614844416e-05,3.897461237211287e-05
MLP,480,75,0.17872989,0,1.0,False,0.0020266634009640325,0.00307810707654346
MLP,480,75,0.20403448,0,1.0,False,0.0006971376823395716,-0.0006008773372715559
MLP,480,75,0.15893592,0,0.0,True,6.54923499948615e-05,0.00015719318275804722
MLP,480,75,0.22882617,0,1.0,False,0.005491788747299721,0.00537040459534615
MLP,480,75,0.11871171,0,1.0,False,0.0053921720053863465,0.0044836216018380596
MLP,480,75,0.16688949,0,1.0,False,0.0018248890425524244,0.0011041840183722395
MLP,480,75,0.18876432,0,1.0,False,-0.0004942372324535708,0.0017645348207899144
MLP,480,75,0.21193708,0,0.0,True,9.594598083121999e-05,-0.0011623618548334976
MLP,480,75,0.12692451,0,0.0,True,0.0010228884820766484,0.0007408631753873437
MLP,480,75,0.43406525,0,1.0,False,0.005156619470839861,0.004443699630366889
MLP,480,75,0.29005268,0,0.0,True,0.0017202594783494824,0.00014162243348886066
MLP,480,75,0.169109,0,0.0,True,0.003409323924647782,0.0014666868465499795
MLP,480,75,0.30822578,0,1.0,False,0.004972769308831649,0.0033670901047419062
MLP,480,75,0.14884876,0,0.0,True,-0.0004549479118510573,-0.0006990992367191147
MLP,480,75,0.12640694,0,0.0,True,-0.0009058062426828825,0.001296242059285228
MLP,480,75,0.15726009,0,0.0,True,0.0031764349343938753,0.0022831942947174402
MLP,480,75,0.3169991,0,1.0,False,0.006982242866300475,0.005161071275423141
MLP,480,75,0.18035695,0,1.0,False,0.0031740504295105433,0.003839399899223173
MLP,480,75,0.16179545,0,0.0,True,0.00016425033215095605,-0.0005974341570735677
MLP,480,75,0.41958362,0,1.0,False,0.003989883751321309,0.002639979632551926
MLP,480,75,0.23453332,0,1.0,False,0.00021718319190824374,0.0002653089677104554
MLP,480,75,0.8065766,1,1.0,True,0.0012365972847062604,0.0011201987988895736
MLP,480,75,0.22995965,0,0.0,True,0.0008288504005859187,-0.0005636025365510616
MLP,480,75,0.3069305,0,0.0,True,0.0034272380931656223,0.0019243984841414482
MLP,480,75,0.2498131,0,0.0,True,-0.0011958602533749519,-0.001153559012561069
MLP,480,75,0.17552674,0,0.0,True,-0.00013169105668271838,-0.0011506109642255246
MLP,480,75,0.16850017,0,0.0,True,-0.0026143074794099884,-0.001876944873883804
MLP,480,75,0.6119111,1,1.0,True,0.0018438683093381523,0.0045928008593951325
MLP,480,75,0.1431146,0,0.0,True,0.0010152282228543294,0.0018219134287249612
MLP,480,75,0.15627702,0,0.0,True,-0.002208186421326611,-0.0035464484817893578
MLP,480,75,0.63396794,1,0.0,False,0.0003042779984501353,-0.0005792408184660924
MLP,480,75,0.13852413,0,1.0,False,0.004783296558407112,0.00464021270412957
MLP,480,75,0.6530546,1,1.0,True,0.0044705184420658056,0.003361064339530676
MLP,480,75,0.19836448,0,0.0,True,0.004625027721436098,0.0028143614677244343
MLP,480,75,0.15460585,0,0.0,True,-0.0016350538190776258,-0.002202472023940505
MLP,480,75,0.29910687,0,1.0,False,0.004815210638444998,0.0018813989701517155
MLP,480,75,0.12554958,0,0.0,True,0.0014583871550740656,0.0014031365384770268
MLP,480,75,0.5767253,1,1.0,True,0.0013871819924016894,0.003291042840467641
MLP,480,77,0.2893753,0,1.0,False,-0.0015477045774724965,0.0017467301711226152
MLP,480,77,0.14129464,0,0.0,True,-0.0010288972262684436,-0.0010734861509026853
MLP,480,77,0.2083118,0,1.0,False,0.00789092267880754,0.008086638457805377
MLP,480,77,0.55336255,1,1.0,True,0.0010255694732234978,0.0037304350256507773
MLP,480,77,0.28155306,0,1.0,False,0.002696565668099025,0.004445328178756509
MLP,480,77,0.16618252,0,0.0,True,0.0024907541948217976,0.002075498176331147
MLP,480,77,0.13509825,0,0.0,True,-4.3499470852735726e-05,-0.000217706341991713
MLP,480,77,0.2660537,0,1.0,False,0.0030273937019122577,0.0021983891704436755
MLP,480,77,0.3828133,0,1.0,False,0.004386361829826366,0.0027799839398378926
MLP,480,77,0.532081,1,1.0,True,0.005766371349011689,0.0038783895824611695
MLP,480,77,0.20968693,0,1.0,False,0.0029487380818428335,0.001784978040198764
MLP,480,77,0.27316397,0,1.0,False,0.006965722135874546,0.004726527557217738
MLP,480,77,0.19117254,0,0.0,True,-0.0013488283730763852,-0.001812225272869045
MLP,480,77,0.3338988,0,1.0,False,0.00582661791971607,0.006272310107228459
MLP,480,77,0.41594434,0,1.0,False,0.005062099495194779,0.0031515857594350914
MLP,480,77,0.27043453,0,1.0,False,0.0019529440538075434,0.0015284339872417977
MLP,480,77,0.1731709,0,0.0,True,-0.0008375265711950007,-0.001334693285875499
MLP,480,77,0.15856235,0,0.0,True,0.0037663781431997393,0.0019895845820684724
MLP,480,77,0.28001064,0,1.0,False,0.0059461063736072845,0.006610171555143951
MLP,480,77,0.13166878,0,0.0,True,0.0025763774866024436,-0.0012744248580621419
MLP,480,77,0.15593919,0,1.0,False,0.00422764646131505,0.0036973592470180947
MLP,480,77,0.4335567,0,1.0,False,0.003331484139653769,0.0015498958803013489
MLP,480,77,0.41238952,0,1.0,False,0.005174954069356039,0.005889851709854669
MLP,480,77,0.3004158,0,0.0,True,0.0023131680501732844,0.001797392971659867
MLP,480,77,0.11723555,0,0.0,True,0.0004806337161110153,0.0005636339492603369
MLP,480,77,0.2043751,0,0.0,True,0.0013280147904362533,0.0014293152464535759
MLP,480,77,0.18760194,0,1.0,False,0.007385354514480701,0.005472550728205523
MLP,480,77,0.20273432,0,1.0,False,0.0008871406920759557,0.0007705463362375617
MLP,480,77,0.18225524,0,1.0,False,0.0039936743371164025,0.005756701023330844
MLP,480,77,0.20770733,0,1.0,False,0.0037214165343423715,0.0035374411129014314
MLP,480,77,0.29700455,0,0.0,True,0.006669301569466341,0.002435501660638236
MLP,480,77,0.25714928,0,1.0,False,0.002713966406544064,0.002707839351892907
MLP,480,77,0.59558934,1,1.0,True,0.00424441578823893,0.005602570502250325
MLP,480,77,0.17915034,0,0.0,True,-0.005456423774971673,-0.0016787207819399207
MLP,480,77,0.13927819,0,0.0,True,0.00016402955885492775,0.00043433951763266113
MLP,480,77,0.72119415,1,1.0,True,0.005158329989045814,0.004057831369321493
MLP,480,77,0.27446306,0,0.0,True,0.003653688275675351,0.0005442104284938522
MLP,480,77,0.16347721,0,0.0,True,-0.002594291187003524,-0.0013911785979497545
MLP,480,77,0.28784207,0,1.0,False,0.0017515811117939097,0.003107692981776124
MLP,480,77,0.19272055,0,0.0,True,0.00046676140818533216,0.00039888142145554995
MLP,480,77,0.42176548,0,1.0,False,0.007474891146213153,0.004178002628527155
MLP,480,77,0.2810871,0,0.0,True,0.0012237187278307212,0.0005675636086789147
MLP,480,77,0.6576236,1,1.0,True,0.003048821059594557,0.0034567972066574413
MLP,480,77,0.18899874,0,0.0,True,-0.0010612408524688336,0.001654462013478236
MLP,480,77,0.16101788,0,0.0,True,0.00025706897319649914,0.0024604233525697856
MLP,480,77,0.174335,0,1.0,False,0.001996080122020994,0.002729193421206719
MLP,480,77,0.14569345,0,0.0,True,-0.0012290332781752385,-0.0006642565136799298
MLP,480,77,0.30628157,0,1.0,False,0.0019306678218681014,0.0030690056918089323
MLP,480,77,0.12821709,0,0.0,True,0.001330862807082833,0.00016105820078917966
MLP,480,77,0.34375075,0,1.0,False,0.004857840339750426,0.004705988413751386
MLP,480,77,0.29931566,0,1.0,False,0.006786188975611609,0.005348052279704148
MLP,480,77,0.12277907,0,0.0,True,-0.0005180103223244816,0.00022172233042203884
MLP,480,77,0.15604909,0,0.0,True,-0.0014535051887905066,-0.0027658574777117435
MLP,480,77,0.40929806,0,1.0,False,0.0023008329636156313,0.0021904759035323166
MLP,480,77,0.19986357,0,0.0,True,-0.0006984441452943285,-0.00045063964669004154
MLP,480,77,0.14961179,0,0.0,True,-0.0020182957495752437,-0.0011844591209959111
MLP,480,77,0.23360735,0,0.0,True,0.0009613578873327967,0.0016372565702410238
MLP,480,77,0.21588638,0,0.0,True,0.001595754843466907,0.0008876982368029849
MLP,480,77,0.19036147,0,0.0,True,0.0007738291390731217,-0.00038786681346244915
MLP,480,77,0.17627746,0,1.0,False,0.0014937607687983375,0.0002015967957241476
MLP,480,77,0.353148,0,1.0,False,0.004096972855348077,0.004070813094261594
MLP,480,77,0.15022422,0,0.0,True,-0.0012724470630499293,-0.0018266939645903862
MLP,480,77,0.15934588,0,1.0,False,0.005067322317394952,0.003892619336923634
MLP,480,77,0.28140876,0,1.0,False,-0.0006922162128584034,0.0030388300382852684
MLP,480,77,0.19840647,0,0.0,True,0.00225217189422191,0.001392647946927243
MLP,480,77,0.3429587,0,1.0,False,0.00554263061983792,0.0046122466210478654
MLP,480,77,0.16697192,0,1.0,False,0.0031197082004885838,0.0030927647511134223
MLP,480,77,0.12535405,0,1.0,False,0.0019000180424870441,0.003521756317454415
MLP,480,77,0.34732553,0,1.0,False,0.004765155891384531,0.003681608906995426
MLP,480,77,0.18312272,0,1.0,False,0.005898733810690437,0.004529299927781709
MLP,480,77,0.14743187,0,1.0,False,0.007265311701561447,0.005632178340851978
MLP,480,77,0.5978161,1,1.0,True,0.007569493126993755,0.008996421373121634
MLP,480,77,0.19002044,0,0.0,True,0.0024511726259626152,0.00035089801965140137
MLP,480,77,0.27716663,0,0.0,True,-0.0040188529326468814,-0.004118829403117027
MLP,480,77,0.20513059,0,1.0,False,0.004983155997962076,0.004801427530284447
MLP,480,77,0.21620837,0,1.0,False,0.001992854728671677,0.004458501387018075
MLP,480,77,0.11879143,0,0.0,True,0.00044360892550269045,0.0004179631779935292
MLP,480,77,0.15334113,0,1.0,False,0.007827187887811865,0.00466546401385599
MLP,480,77,0.16407092,0,0.0,True,0.0010337752681186334,-0.00011909377873677384
MLP,480,77,0.15970661,0,1.0,False,0.00014177399991094998,0.00233570252381394
MLP,480,77,0.33131742,0,0.0,True,0.0031402249517646775,0.0019679582882387433
MLP,480,77,0.35464668,0,1.0,False,0.006297855475617058,0.0044453305849220005
MLP,480,77,0.15291984,0,0.0,True,0.0006847807721683869,0.00041155235597279126
MLP,480,77,0.20739864,0,0.0,True,-0.0009734792062476433,0.0012417246982044387
MLP,480,77,0.14384219,0,1.0,False,0.003300349855243772,0.005001870885133242
MLP,480,77,0.1661508,0,0.0,True,3.2316721682711035e-05,0.0010467851293724636
MLP,480,77,0.22137661,0,0.0,True,-0.007850068285184262,-0.003343357674859786
MLP,480,77,0.30491164,0,1.0,False,0.0012063792167860308,0.001712688958655664
MLP,480,77,0.4708803,0,1.0,False,0.004262613834893982,0.002966526556101826
MLP,480,77,0.23276249,0,1.0,False,0.0013741516001951764,0.002342182292227827
MLP,480,77,0.16268103,0,1.0,False,-0.0015376576564807638,0.0006158314950182868
MLP,480,77,0.17477436,0,0.0,True,0.0024438633366643883,0.002964484703242582
MLP,480,77,0.19523859,0,0.0,True,-0.0016924299369388382,-0.001502606796921769
MLP,480,77,0.43746445,0,1.0,False,0.005061281575621227,0.0030935458211369636
MLP,480,77,0.13024049,0,0.0,True,-0.0030994331144667455,-0.0016616782135499108
MLP,480,77,0.35474822,0,0.0,True,-0.001267646292808627,0.000690303090030385
MLP,480,77,0.13812189,0,0.0,True,-0.0036313834991474245,-0.002625305154541345
MLP,480,77,0.14440103,0,0.0,True,-0.001504932290014026,0.0001434014410984804
MLP,480,77,0.24359316,0,0.0,True,-0.0018313601461946009,-0.0020683687490820014
MLP,480,77,0.21020776,0,0.0,True,0.00012990536043203484,-0.002038139887858188
MLP,480,79,0.19985199,0,0.0,True,0.002121547140155124,0.0023022681911527847
MLP,480,79,0.3469853,0,1.0,False,0.003958111805519627,0.004828401315380575
MLP,480,79,0.17509569,0,0.0,True,-0.0015334218258430477,-0.0006380966737563416
MLP,480,79,0.2943074,0,1.0,False,0.004056736167700751,0.004234905493522647
MLP,480,79,0.3159779,0,1.0,False,0.0010336292084545972,0.003651444052037621
MLP,480,79,0.17846304,0,1.0,False,0.0030298109263055045,0.0033599016424818006
MLP,480,79,0.5461035,1,1.0,True,0.0007024984024452933,0.001844048137570088
MLP,480,79,0.25678822,0,0.0,True,7.254884439986729e-05,0.0011352446547117465
MLP,480,79,0.3223792,0,1.0,False,0.0027463682068783997,0.0048521454537934034
MLP,480,79,0.58671916,1,1.0,True,0.002078810773416405,0.003073734060410801
MLP,480,79,0.120468445,0,0.0,True,-0.002812397317914401,-0.0015002255246885777
MLP,480,79,0.30774415,0,1.0,False,0.007934289603565051,0.007947177012107114
MLP,480,79,0.21321733,0,0.0,True,0.0002875753046983943,-0.0019720554833031847
MLP,480,79,0.2700905,0,0.0,True,-0.0038100961218200426,-0.0005094378173296757
MLP,480,79,0.58244216,1,0.0,False,0.0015048771477058917,0.0019026591764429708
MLP,480,79,0.36128,0,1.0,False,0.005334625273701486,0.004060398007793996
MLP,480,79,0.27989796,0,1.0,False,0.0020520102315885625,0.004510014119796629
MLP,480,79,0.34360266,0,1.0,False,0.002812731790380476,0.0025497996817414183
MLP,480,79,0.1612985,0,1.0,False,0.0041808432885356,0.003802083100029547
MLP,480,79,0.46219498,0,1.0,False,0.0038272660810855577,0.004175230256802146
MLP,480,79,0.1581094,0,0.0,True,-9.539208555851058e-05,-0.00090964917799436
MLP,480,79,0.2070731,0,0.0,True,0.0010605041138481914,0.0005827521649293834
MLP,480,79,0.17340797,0,0.0,True,0.0012255583567593192,0.0006259277687764154
MLP,480,79,0.16371062,0,0.0,True,0.001524392447920506,0.0013041638327558394
MLP,480,79,0.26192653,0,0.0,True,-0.0028414273935884896,-0.0022608214913082546
MLP,480,79,0.1325739,0,0.0,True,-0.0020399313493588826,-0.000762184342489942
MLP,480,79,0.23542735,0,1.0,False,0.004888734299717386,0.0046717867425268
MLP,480,79,0.20220456,0,1.0,False,0.00196403525196657,0.003773601108060721
MLP,480,79,0.1301553,0,0.0,True,0.00017444759081564973,-0.0009877343017861368
MLP,480,79,0.2766626,0,1.0,False,0.004061917407470261,0.004601968745400214
MLP,480,79,0.25362307,0,0.0,True,-0.00120201032915082,-0.0008027763016137196
MLP,480,79,0.3325478,0,1.0,False,0.007257032112929,0.003938402297866176
MLP,480,79,0.32783943,0,0.0,True,-0.0023718334714208098,-0.0023521306664828494
MLP,480,79,0.19046588,0,0.0,True,-0.0024000828878484766,0.0006185682005366031
MLP,480,79,0.22298239,0,1.0,False,0.004375260662482909,0.0042275065959245985
MLP,480,79,0.14830242,0,0.0,True,0.002708239285813343,0.00017698511646711175
MLP,480,79,0.39011526,0,1.0,False,0.0015807500513157456,0.004185844474526105
MLP,480,79,0.2874164,0,1.0,False,0.0037543785925118916,0.005046589844033567
MLP,480,79,0.12517697,0,0.0,True,-0.0005712828737361264,0.0013783629805407785
MLP,480,79,0.123286895,0,0.0,True,-0.00017458619986017215,-0.0018509056749637005
MLP,480,79,0.35362744,0,1.0,False,0.0016491496402225984,0.002068714495457454
MLP,480,79,0.21330357,0,0.0,True,-0.004245917438626355,-0.001424543299399596
MLP,480,79,0.25694355,0,1.0,False,0.0026397804802686022,0.0027693976243400543
MLP,480,79,0.26143625,0,0.0,True,-0.0018619535261117704,-0.0014068150577534924
MLP,480,79,0.16316825,0,0.0,True,-0.002136117776715341,-0.0024302242310889365
MLP,480,79,0.14908679,0,0.0,True,-0.0017595880256561051,-0.00043777578944328635
MLP,480,79,0.70058715,1,1.0,True,3.996648586138224e-05,0.001037154947863676
MLP,480,79,0.24715434,0,0.0,True,0.0007430142738295059,-0.0007146650147718507
MLP,480,79,0.115363106,0,0.0,True,-0.0016613376347805432,-0.00042636030839524064
MLP,480,79,0.15046892,0,1.0,False,0.006550074266423678,0.004976465480160938
MLP,480,79,0.15525465,0,0.0,True,0.0012778731633481407,0.0009961463643542142
MLP,480,79,0.13518038,0,0.0,True,-0.0022705211502132643,-0.0014543690261909598
MLP,480,79,0.19801214,0,0.0,True,-0.002992101253398776,-0.0029080860343806596
MLP,480,79,0.15248345,0,0.0,True,-0.00011685817581080396,0.0008231810859833695
MLP,480,79,0.2249086,0,1.0,False,0.002911146293205462,0.003920187185740684
MLP,480,79,0.24245875,0,0.0,True,-0.0005312575711272269,0.00013428795618465126
MLP,480,79,0.44009718,0,1.0,False,0.005893138009777018,0.005146837473704752
MLP,480,79,0.21316776,0,1.0,False,0.005676714466561057,0.0035798595385084855
MLP,480,79,0.20212434,0,0.0,True,0.0017128305927988636,0.0009178415424267859
MLP,480,79,0.4101832,0,1.0,False,0.00419689583845922,0.00505776958968869
MLP,480,79,0.11998171,0,0.0,True,-0.0001566633603650561,-0.00013943337699756154
MLP,480,79,0.30953026,0,1.0,False,0.006200286367563279,0.0040344451058765005
MLP,480,79,0.17040493,0,0.0,True,0.005422442970644208,0.0024582192829654733
MLP,480,79,0.20488136,0,1.0,False,0.004696747689987559,0.00477086394697295
MLP,480,79,0.20304635,0,0.0,True,0.002381066940707111,0.0007503377657213174
MLP,480,79,0.5925836,1,1.0,True,0.005208559808194351,0.004181422976951402
MLP,480,79,0.14715694,0,0.0,True,0.002624390921987547,0.002605285487457601
MLP,480,79,0.14762509,0,1.0,False,-0.0023611916998635177,-0.001131161263489955
MLP,480,79,0.13940431,0,0.0,True,0.002454354565567909,0.0019825116120537473
MLP,480,79,0.21499628,0,0.0,True,-0.0006006010384767566,-0.0006664283762748814
MLP,480,79,0.23080064,0,1.0,False,0.004906027803257155,0.0033654730911264266
MLP,480,79,0.3310571,0,1.0,False,0.0052064467444298095,0.004366505759387798
MLP,480,79,0.41014448,0,1.0,False,0.005767138027891511,0.006481777019997999
MLP,480,79,0.16680674,0,1.0,False,0.008463994741375902,0.006143727129822429
MLP,480,79,0.25784197,0,0.0,True,0.0007280424342296087,0.0016474130796755816
MLP,480,79,0.14057744,0,1.0,False,0.004249268171679939,0.003770760204579224
MLP,480,79,0.18873404,0,1.0,False,0.0006259147418891955,0.003042687447572207
MLP,480,79,0.1908226,0,1.0,False,0.005928686912847157,0.006029682054804173
MLP,480,79,0.1791011,0,0.0,True,-0.003941220415633666,-0.0014244634797677268
MLP,480,79,0.1392585,0,0.0,True,-0.0017925031868890903,0.0005523188006018757
MLP,480,79,0.5584207,1,1.0,True,0.005180807113754975,0.005225349911608941
MLP,480,79,0.2350046,0,1.0,False,0.0035228917581311137,0.00384001119613276
MLP,480,79,0.27659488,0,1.0,False,0.005705285472549418,0.002759237082334689
MLP,480,79,0.16170564,0,0.0,True,-0.0038074374480483774,-0.001442831873585894
MLP,480,79,0.1486085,0,0.0,True,0.000921285132656116,0.000839456554848637
MLP,480,79,0.5668638,1,1.0,True,0.006362038014139697,0.006660666806104912
MLP,480,79,0.46617928,0,1.0,False,0.008045559773463353,0.005916136380932563
MLP,480,79,0.4844455,0,1.0,False,0.0015444823190013794,0.0012154844746340631
MLP,480,79,0.12141344,0,0.0,True,0.0013481028349397106,0.0011971126758919294
MLP,480,79,0.16006707,0,0.0,True,0.0008293572735760243,0.0007518083858098083
MLP,480,79,0.17820589,0,0.0,True,-0.0034360302074434067,-0.0009622731956001663
MLP,480,79,0.23702975,0,0.0,True,-0.00359217519972444,-0.0014452524326894183
MLP,480,79,0.12768511,0,0.0,True,-0.0012386628081690826,-0.0007044683101392828
MLP,480,79,0.21874468,0,0.0,True,-0.002689651912537287,-0.0028101735725321437
MLP,480,79,0.45786056,0,1.0,False,0.005975543417523249,0.005132801324876562
MLP,480,79,0.2545541,0,0.0,True,-0.0022145734202111147,-0.0010674097509448528
MLP,480,79,0.17641607,0,0.0,True,-0.0004436410737200307,0.00015672645094156858
MLP,480,79,0.42201605,0,1.0,False,0.0034415817468350126,0.004564474670275648
MLP,480,79,0.4995134,0,1.0,False,0.0015553293088295763,0.0041258749209975455
MLP,480,79,0.27615064,0,0.0,True,0.0006049085025615102,0.0004706766957611738
MLP,480,81,0.6183958,1,1.0,True,0.0017623077252976642,0.0027654552610660837
MLP,480,81,0.22695792,0,1.0,False,0.005383989507994614,0.006069009633308635
MLP,480,81,0.19471113,0,0.0,True,-0.005372909164897627,-0.004029492225915868
MLP,480,81,0.36081332,0,0.0,True,-0.0016093189815105853,-0.001341045344041629
MLP,480,81,0.12205364,0,0.0,True,0.003481736686543214,0.0008560427827298445
MLP,480,81,0.13735794,0,0.0,True,-0.00186171697024393,-0.0004965627757663411
MLP,480,81,0.17303813,0,1.0,False,0.005412926599324944,0.00551870479909879
MLP,480,81,0.18348531,0,1.0,False,0.003235562844948456,0.0032258367200220326
MLP,480,81,0.23062082,0,0.0,True,0.0022763628910450967,0.00118590471382725
MLP,480,81,0.2680934,0,1.0,False,0.005648707238014628,0.004962634076757867
MLP,480,81,0.3656333,0,1.0,False,0.004563641540340343,0.006266789006749516
MLP,480,81,0.2408029,0,1.0,False,0.0012878502104210912,0.004071501672467771
MLP,480,81,0.16437209,0,1.0,False,0.0037938720337443634,0.006013176823482756
MLP,480,81,0.5941179,1,1.0,True,0.005479854478348139,0.004418981065004513
MLP,480,81,0.13896318,0,0.0,True,0.0030699343134218673,0.0011005965813998225
MLP,480,81,0.23461471,0,1.0,False,0.002186690503939349,0.0020012402460964653
MLP,480,81,0.13401876,0,0.0,True,0.0027738682832271905,0.004413650306806416
MLP,480,81,0.13439967,0,1.0,False,0.00494253826572022,0.0051089469830835526
MLP,480,81,0.23321056,0,1.0,False,0.0018493598313692882,0.0029836589483487374
MLP,480,81,0.13346317,0,0.0,True,-0.0026043466423069568,-0.000721318202250485
MLP,480,81,0.19862849,0,1.0,False,-0.0008122055460075683,0.001429161045936725
MLP,480,81,0.43372202,0,1.0,False,0.0029205944465206684,0.0017350546847476331
MLP,480,81,0.45265245,0,1.0,False,0.004481997070584585,0.0025796681297063843
MLP,480,81,0.2721038,0,1.0,False,-3.524561714922397e-05,0.002145981404323066
MLP,480,81,0.1926906,0,1.0,False,0.00524428887963768,0.0017841136514584414
MLP,480,81,0.15207887,0,0.0,True,-0.0013407284719802015,-0.0006498028248654734
MLP,480,81,0.2610522,0,1.0,False,0.0020398547889644626,0.0025866718786936222
MLP,480,81,0.12154552,0,0.0,True,9.55446946797366e-05,0.0004786385612358029
MLP,480,81,0.14738269,0,0.0,True,0.0011388949800845683,-0.0008626500018088084
MLP,480,81,0.20463261,0,1.0,False,0.0047047818380177775,0.0022193145744471786
MLP,480,81,0.22295745,0,0.0,True,-0.0006089348927802658,-0.00027432629731147283
MLP,480,81,0.14494501,0,0.0,True,-0.003998712428045285,-0.001703842344976391
MLP,480,81,0.17250802,0,1.0,False,0.007086163324657135,0.005959970753833978
MLP,480,81,0.14396894,0,0.0,True,-0.0030187609405065807,-0.0012714082029291953
MLP,480,81,0.41204202,0,1.0,False,-0.001324782817573791,0.0012517347914188634
MLP,480,81,0.160485,0,0.0,True,0.00021632880961793731,0.00036957624049193007
MLP,480,81,0.13832515,0,1.0,False,0.004558110188761933,0.003948976036342781
MLP,480,81,0.19360045,0,1.0,False,0.006739467795400586,0.005945356185827289
MLP,480,81,0.62668675,1,1.0,True,-0.0017640001843315745,0.0009206839824893159
MLP,480,81,0.28919843,0,0.0,True,-0.0015060636563553422,-7.951701011102778e-05
MLP,480,81,0.34823686,0,0.0,True,0.0035489229726816257,0.001227662857496314
MLP,480,81,0.48690015,0,1.0,False,0.006968633357014865,0.0060355136354970735
MLP,480,81,0.20299147,0,1.0,False,0.0033215971984529675,0.0038039842384468437
MLP,480,81,0.20184712,0,1.0,False,0.0035274689097982486,0.006470431382887798
MLP,480,81,0.20172541,0,0.0,True,0.0024260918587301348,0.002341556109214245
MLP,480,81,0.1296542,0,0.0,True,-0.00048510683436074235,-0.000411655069148526
MLP,480,81,0.18647788,0,0.0,True,0.0012695498433638026,-0.0009452044615737279
MLP,480,81,0.14086227,0,0.0,True,-0.0016184512901318965,-0.0009061119067660374
MLP,480,81,0.30629382,0,0.0,True,6.77301143218737e-05,-0.001538681034774236
MLP,480,81,0.22114149,0,1.0,False,0.0027484335758177487,0.0037352144025060516
MLP,480,81,0.13518637,0,0.0,True,0.0007580846896856157,0.00041492128620517887
MLP,480,81,0.15084837,0,0.0,True,0.0014264855436499743,0.00033513443322775484
MLP,480,81,0.2829606,0,0.0,True,0.0003281873852385145,-0.0011382982852260087
MLP,480,81,0.18189503,0,0.0,True,0.00150686162104234,-0.00025919142467072207
MLP,480,81,0.41129056,0,1.0,False,0.004680811684396918,0.004385859579741237
MLP,480,81,0.25953344,0,1.0,False,0.006375128484729159,0.0041657624277780326
MLP,480,81,0.14013202,0,0.0,True,0.0007575872022259893,0.0005499778937073468
MLP,480,81,0.20633003,0,1.0,False,0.004802146294082735,0.0029174013492939744
MLP,480,81,0.4083121,0,1.0,False,0.003534928181755948,0.0019192376805639978
MLP,480,81,0.12089333,0,0.0,True,-0.0013243052081764635,0.0008687899414158563
MLP,480,81,0.29617304,0,1.0,False,0.007666775641116264,0.005310697895942857
MLP,480,81,0.21937485,0,1.0,False,0.003314045643979164,0.0007183025156839453
MLP,480,81,0.17025566,0,0.0,True,-0.0013895228558845675,0.0005811576520985179
MLP,480,81,0.3064247,0,1.0,False,0.0016354062489348476,0.0036443001750852393
MLP,480,81,0.1366818,0,0.0,True,-0.002917983042492824,-0.001941868469789601
MLP,480,81,0.33701757,0,0.0,True,-0.0016242300175394546,-0.0009681426173280998
MLP,480,81,0.14414884,0,0.0,True,0.002485104814698385,0.0008640007078548408
MLP,480,81,0.18435897,0,0.0,True,0.0009653056385719676,-0.0007142617487938903
MLP,480,81,0.41148198,0,1.0,False,0.006058771875567033,0.006186990127136776
MLP,480,81,0.21048436,0,0.0,True,-0.0006735611681384582,-0.0009269740202977847
MLP,480,81,0.12269356,0,0.0,True,-0.0003882793226794623,0.0001209251183332821
MLP,480,81,0.22147252,0,0.0,True,-0.00011329412001378361,7.38393929878728e-05
MLP,480,81,0.4583907,0,1.0,False,0.0010959246395532646,0.0023205330419869582
MLP,480,81,0.4173194,0,0.0,True,-0.0008289799577570474,-0.00038127946945973605
MLP,480,81,0.19018899,0,1.0,False,0.0036895305704864366,0.0038852765994217674
MLP,480,81,0.42512012,0,1.0,False,0.006634337910766886,0.003750198099511442
MLP,480,81,0.81465256,1,1.0,True,0.00414556513467582,0.0024087129478460516
MLP,480,81,0.13334039,0,0.0,True,-0.0004454078174684627,0.00029851262712669976
MLP,480,81,0.22673021,0,1.0,False,0.0038478842016887024,0.004308644349548957
MLP,480,81,0.11175823,0,0.0,True,-0.001366018827225304,-0.0010147796944306676
MLP,480,81,0.6683371,1,1.0,True,0.005502775043205078,0.004911688251413261
MLP,480,81,0.13789485,0,0.0,True,0.002732887431216039,0.0022964050866120505
MLP,480,81,0.38822237,0,1.0,False,0.004923350318419971,0.004001118606304133
MLP,480,81,0.31770477,0,1.0,False,0.004500619989955659,0.0040047770862093775
MLP,480,81,0.15934505,0,0.0,True,0.003073079547434311,2.859029368016072e-05
MLP,480,81,0.4823309,0,1.0,False,0.001644042821237751,0.002851749029960609
MLP,480,81,0.52823734,1,1.0,True,0.0031460626416396765,0.0009246218396665144
MLP,480,81,0.12501591,0,0.0,True,-0.0020107238302055274,-0.0013772106283397292
MLP,480,81,0.3015473,0,0.0,True,0.0017424919700244684,0.0004601283236145164
MLP,480,81,0.40060517,0,1.0,False,0.004397010396801753,0.005198573827487989
MLP,480,81,0.64935946,1,1.0,True,0.00434023657893242,0.006513018531996694
MLP,480,81,0.6250592,1,0.0,False,0.00029197342311222186,-0.0001516260829221591
MLP,480,81,0.24527846,0,1.0,False,0.004482984659296262,0.0031802875673156445
MLP,480,81,0.13845457,0,0.0,True,-0.00042177266441270606,0.0009622036416071838
MLP,480,81,0.2867516,0,1.0,False,0.009559793099940768,0.007405891094416415
MLP,480,81,0.16823484,0,0.0,True,0.0009033119427147318,-0.000506524987042158
MLP,480,81,0.18726489,0,1.0,False,0.0015296154316493593,0.005602233768853697
MLP,480,81,0.13544631,0,1.0,False,0.004923880025867848,0.004885630233507754
MLP,480,81,0.14390165,0,0.0,True,0.0024146121707504663,0.0018032729351919045
MLP,480,81,0.15540329,0,0.0,True,0.0022746398995267,0.0025035290674482046
MLP,480,82,0.4256133,0,1.0,False,0.005237709667046809,0.005613819222952502
MLP,480,82,0.43795022,0,1.0,False,0.004498922680450543,0.004028977084587188
MLP,480,82,0.17720847,0,0.0,True,0.0010785095615950195,-0.00017402552182946523
MLP,480,82,0.17220595,0,1.0,False,0.0017619911885411632,0.00337514684804895
MLP,480,82,0.11338775,0,0.0,True,3.4776566679587106e-05,-0.0005442604420750915
MLP,480,82,0.27288228,0,1.0,False,0.003197884976583067,0.004907860234071162
MLP,480,82,0.22060943,0,1.0,False,0.000852432337598618,0.004001200740642308
MLP,480,82,0.3999298,0,0.0,True,0.003807096969078499,0.0018254296714940983
MLP,480,82,0.2175361,0,1.0,False,0.0020583988573471385,0.00431595267612596
MLP,480,82,0.15586637,0,0.0,True,0.002166414151728653,0.0014759793271415477
MLP,480,82,0.21220139,0,1.0,False,0.0023660149937471944,0.003635466106824927
MLP,480,82,0.20518667,0,1.0,False,0.004322816093237793,0.004205423687639074
MLP,480,82,0.2508664,0,1.0,False,0.005954528242907976,0.004166693225914325
MLP,480,82,0.251987,0,0.0,True,-0.0014425872580305194,0.00013642756568145464
MLP,480,82,0.6092337,1,1.0,True,0.004444971468881485,0.0026645197850491205
MLP,480,82,0.68175894,1,1.0,True,0.002879271447605183,0.0034875016480502698
MLP,480,82,0.21697313,0,0.0,True,-0.0009058941117346796,0.0010174784126268626
MLP,480,82,0.30827647,0,1.0,False,0.006238062706532068,0.003771436821159042
MLP,480,82,0.16743499,0,0.0,True,0.000492755213989721,0.0005412919972998062
MLP,480,82,0.43080965,0,0.0,True,-0.0012352397821984603,-0.0014803533192828855
MLP,480,82,0.6321896,1,1.0,True,0.0010422080043902301,0.0016658961143487512
MLP,480,82,0.13597472,0,1.0,False,0.00899156325179786,0.0062752298733306225
MLP,480,82,0.14035013,0,0.0,True,0.0012753611367497535,0.0002842152481665596
MLP,480,82,0.15644039,0,0.0,True,0.001170781040310938,-0.0001385031688165101
MLP,480,82,0.1322351,0,0.0,True,-0.0012659866773083426,-0.00018327669029408943
MLP,480,82,0.23317856,0,0.0,True,0.0023481840227598466,0.0010879185332611184
MLP,480,82,0.19704358,0,0.0,True,-0.0003240816163064909,-0.0006815395324605653
MLP,480,82,0.1938124,0,1.0,False,0.0059934079115999015,0.006630997727814935
MLP,480,82,0.52390856,1,0.0,False,-0.0023402683883246797,-0.002334011716294534
MLP,480,82,0.16370162,0,0.0,True,-0.0007098932436161774,8.576663660960122e-05
MLP,480,82,0.27581087,0,1.0,False,0.003039972421527647,0.002586199818810345
MLP,480,82,0.15784302,0,0.0,True,0.002747766083058218,-3.550575427365033e-05
MLP,480,82,0.12312823,0,0.0,True,0.003368298966930236,0.0007415969258821985
MLP,480,82,0.25964043,0,1.0,False,0.003264511509794374,0.005114177866363641
MLP,480,82,0.20665847,0,0.0,True,-0.004655287575077749,-0.0024092227159544506
MLP,480,82,0.3463897,0,1.0,False,0.0064276585098904425,0.004588544978691189
MLP,480,82,0.3923264,0,1.0,False,0.0058978457312381626,0.0039023596618350314
MLP,480,82,0.1755482,0,0.0,True,0.004127883038741874,0.0027475767174349216
MLP,480,82,0.16272992,0,1.0,False,0.0064534781536262015,0.004448812895335112
MLP,480,82,0.16767417,0,0.0,True,0.0008694106236358774,0.0003913205497216464
MLP,480,82,0.15368229,0,0.0,True,0.0027310522642639886,0.0003653975741192341
MLP,480,82,0.12537633,0,0.0,True,-0.0032148880957470856,-0.001933992734951876
MLP,480,82,0.34581736,0,1.0,False,0.0016303965054317207,0.0024199494175098377
MLP,480,82,0.15877888,0,0.0,True,-0.0032306359443612493,-0.001993195389354174
MLP,480,82,0.1690526,0,1.0,False,0.004676765067808346,0.004172503544854057
MLP,480,82,0.43747932,0,1.0,False,-5.223593171567069e-05,0.0025033614513562024
MLP,480,82,0.21318717,0,1.0,False,0.0030357282404259527,0.0032870498246976233
MLP,480,82,0.16068824,0,0.0,True,0.0032075678838922725,0.00041556759059760206
MLP,480,82,0.31036898,0,1.0,False,0.0033044528663208747,0.0052228487607011796
MLP,480,82,0.21149838,0,1.0,False,0.0003874063019174785,0.005019556453072434
MLP,480,82,0.18416479,0,0.0,True,0.0028825031594090903,0.001318243028764909
MLP,480,82,0.6547027,1,1.0,True,0.0034621617266590446,0.003992982521433625
MLP,480,82,0.1784093,0,0.0,True,-0.001221374377482626,-0.0011443534476913973
MLP,480,82,0.20766044,0,0.0,True,-0.0008357665131505882,-9.457141906964167e-06
MLP,480,82,0.20723583,0,0.0,True,-0.0020674993478989024,-0.0008639005314184469
MLP,480,82,0.67793506,1,1.0,True,0.00654504294189631,0.0047137400075452475
MLP,480,82,0.1318404,0,0.0,True,0.0005955038819899441,-0.0015980982067664235
MLP,480,82,0.20753771,0,1.0,False,0.0026151661602289078,0.0027007692698692953
MLP,480,82,0.1942773,0,1.0,False,0.0037337411854273103,0.0029103052480058044
MLP,480,82,0.42140478,0,0.0,True,0.0011986215784886825,0.0019349583034504916
MLP,480,82,0.36753565,0,1.0,False,0.0034060708978496525,0.003366298938111039
MLP,480,82,0.12731561,0,0.0,True,-1.7231571029542825e-06,-0.0006068898476906522
MLP,480,82,0.40931356,0,1.0,False,0.005736976967713099,0.005173057785290018
MLP,480,82,0.16599199,0,0.0,True,-0.0001470907490459772,0.0001617099558874891
MLP,480,82,0.21730357,0,1.0,False,0.004736296711953959,0.006227767920596917
MLP,480,82,0.12864295,0,0.0,True,0.0010038267234052,0.000826659816553297
MLP,480,82,0.13598363,0,0.0,True,0.001496009441451189,-1.757448377023508e-05
MLP,480,82,0.20662007,0,0.0,True,0.0019647587350700556,0.0022760163322580558
MLP,480,82,0.15452208,0,0.0,True,-0.0014613706387459633,-0.0014541953518352375
MLP,480,82,0.2137532,0,0.0,True,0.00040728886091585755,0.0002684436994388312
MLP,480,82,0.21308692,0,0.0,True,-0.002506017429289613,-0.0009410098392941913
MLP,480,82,0.19440389,0,0.0,True,0.00394373406460503,0.0029597017246944814
MLP,480,82,0.73474014,1,1.0,True,0.0048254872048236665,0.00540960594157461
MLP,480,82,0.17017141,0,0.0,True,0.0025958705622654947,0.0020627497482529236
MLP,480,82,0.32374653,0,0.0,True,0.0014781150002414292,0.0017844391528063876
MLP,480,82,0.1646922,0,0.0,True,-0.002900519026245595,-0.0014321547581328913
MLP,480,82,0.22377641,0,0.0,True,-0.000754221821601773,0.00030713371032065377
MLP,480,82,0.17250103,0,1.0,False,0.006886534168957292,0.005765655973275539
MLP,480,82,0.24184811,0,0.0,True,0.0018743164388294513,-0.0005620067154907997
MLP,480,82,0.17385967,0,1.0,False,0.0030434296473201726,0.0031553991321561837
MLP,480,82,0.13996169,0,1.0,False,0.0022543219798082316,0.00452914363661889
MLP,480,82,0.18512796,0,1.0,False,0.0019951910636302602,0.004139818016680352
MLP,480,82,0.7148968,1,1.0,True,0.005888154301688375,0.003173011883521266
MLP,480,82,0.15934183,0,1.0,False,0.006998456939174581,0.005046625930634171
MLP,480,82,0.21089137,0,0.0,True,0.0008190755394302228,-0.0001510338126661903
MLP,480,82,0.15325765,0,0.0,True,-0.0017573539459118466,-0.0009842561732523636
MLP,480,82,0.16374843,0,0.0,True,0.0017547617060905086,0.0008034715975962304
MLP,480,82,0.3139162,0,1.0,False,0.01211581850574964,0.00854958098391351
MLP,480,82,0.21876639,0,0.0,True,0.0007061254837462981,-0.0008432832441879267
MLP,480,82,0.1762042,0,0.0,True,0.002855137449678899,0.0007896789295582451
MLP,480,82,0.17551373,0,0.0,True,-0.0013637390836981449,-0.0019311594740211442
MLP,480,82,0.40165028,0,1.0,False,0.002430662183250936,0.004523627925796783
MLP,480,82,0.24844326,0,0.0,True,0.0009133589006138579,0.001101526892395994
MLP,480,82,0.37502953,0,0.0,True,0.0024479636474673246,0.0013842640778774958
MLP,480,82,0.15258078,0,1.0,False,0.005302924075401683,0.0068321765555081765
MLP,480,82,0.40065348,0,0.0,True,0.0012771706563433488,0.0012214924555504119
MLP,480,82,0.62588775,1,1.0,True,0.0031341817574497997,0.0020067232954008485
MLP,480,82,0.15947515,0,0.0,True,0.002276186542591498,0.0021828902093419104
MLP,480,82,0.35801965,0,1.0,False,0.00173095244479596,0.0030346048286113833
MLP,480,82,0.68018115,1,1.0,True,0.005975222733049161,0.007061312762576931
MLP,480,84,0.2191452,0,1.0,False,0.00345334233599271,0.004797958657763058
MLP,480,84,0.20629576,0,1.0,False,0.001290775900050851,0.004858143869207203
MLP,480,84,0.13269131,0,0.0,True,0.0008422342368658597,-0.0004456033066895356
MLP,480,84,0.79649645,1,1.0,True,0.006922747411411809,0.007034506429230742
MLP,480,84,0.32508528,0,1.0,False,0.004739252975495591,0.005985108550405064
MLP,480,84,0.2416219,0,1.0,False,0.011765971209816014,0.008277793020296709
MLP,480,84,0.30412164,0,0.0,True,-0.0013860302074824523,-0.0004557337912608398
MLP,480,84,0.18893556,0,0.0,True,-0.0021853681658005396,-0.0010723553280215191
MLP,480,84,0.6982044,1,1.0,True,0.0054258394175652385,0.006820562277531811
MLP,480,84,0.40605706,0,1.0,False,0.004331266063120707,0.004292264674534384
MLP,480,84,0.21127166,0,1.0,False,0.004371340084128489,0.004241390451476836
MLP,480,84,0.19518214,0,0.0,True,-0.0002029987581742396,-0.00011590944201808623
MLP,480,84,0.15803166,0,0.0,True,-0.0006280915198005042,-0.0006025477682689527
MLP,480,84,0.2472442,0,0.0,True,-0.0012103863833166605,-7.101333039061114e-05
MLP,480,84,0.3396686,0,1.0,False,0.0016752809358077298,0.0037495866857108905
MLP,480,84,0.43924612,0,1.0,False,0.002483369642606277,0.0021899787713110827
MLP,480,84,0.6127315,1,1.0,True,0.005048034752907954,0.003952317010698225
MLP,480,84,0.35175192,0,1.0,False,0.0014339950803527015,0.0022321605507012203
MLP,480,84,0.4370436,0,1.0,False,0.008115615976481238,0.00626083036927232
MLP,480,84,0.12764019,0,0.0,True,-0.0009370701524134882,-0.000994527345594747
MLP,480,84,0.14451276,0,0.0,True,0.002528041070167214,0.0016685409935963743
MLP,480,84,0.19860485,0,1.0,False,0.0028270453941873974,0.0032044550535202413
MLP,480,84,0.22915787,0,1.0,False,0.0046009243176166215,0.0067959257300488655
MLP,480,84,0.3087762,0,1.0,False,0.0095490558110297,0.008073927966152698
MLP,480,84,0.1539135,0,1.0,False,-3.254250578329058e-05,0.0016222767852905903
MLP,480,84,0.23621413,0,1.0,False,0.003921897803052538,0.004008791086415857
MLP,480,84,0.27569064,0,1.0,False,0.0031497260663895053,0.0031406617472254433
MLP,480,84,0.78520304,1,1.0,True,0.006397550106178793,0.003961992890423707
MLP,480,84,0.30789748,0,0.0,True,0.0012256174836474338,0.0011665442491586324
MLP,480,84,0.51732093,1,0.0,False,0.0016879565481674136,0.0015111346968654505
MLP,480,84,0.19805472,0,0.0,True,-0.0016379157589027742,-0.0023014897829979866
MLP,480,84,0.25640473,0,0.0,True,1.4859302143308067e-05,0.0009638499185702746
MLP,480,84,0.34963012,0,1.0,False,0.0058095869352083095,0.005462889884826949
MLP,480,84,0.19796616,0,0.0,True,2.5299661103939553e-05,-0.00010094744799195767
MLP,480,84,0.18761909,0,0.0,True,-0.0005205168162544036,-0.0005250364335791407
MLP,480,84,0.16207601,0,1.0,False,0.005341777468059167,0.003675674489068916
MLP,480,84,0.16683881,0,1.0,False,0.006784994259850012,0.006073712285125227
MLP,480,84,0.22909248,0,1.0,False,0.006147932553314986,0.0059542413141257305
MLP,480,84,0.5811462,1,1.0,True,0.0005702681258482118,0.0012454717790410508
MLP,480,84,0.13110383,0,0.0,True,-0.0010099998760294785,0.0002211790387718438
MLP,480,84,0.14097357,0,1.0,False,0.007924537753449343,0.005934383640065638
MLP,480,84,0.1613179,0,0.0,True,-0.0011369738722276457,0.00016709102752878276
MLP,480,84,0.6534305,1,1.0,True,-0.001748276994661505,0.001581550156786501
MLP,480,84,0.15791541,0,0.0,True,0.0013823195122666856,0.001409886281263285
MLP,480,84,0.22051728,0,1.0,False,0.00556325324527775,0.005786653294351052
MLP,480,84,0.24035892,0,1.0,False,0.00561881444471094,0.0051458286764709425
MLP,480,84,0.20274402,0,1.0,False,0.008148777066549729,0.006415118661632017
MLP,480,84,0.3670005,0,0.0,True,0.0004678651560399089,0.0015089264110296555
MLP,480,84,0.31370574,0,1.0,False,0.002781865174540073,0.004652431962894521
MLP,480,84,0.34944865,0,1.0,False,0.003644452476113872,0.0025337605422619163
MLP,480,84,0.119428046,0,0.0,True,0.001561376024216706,-0.001241177260101848
MLP,480,84,0.21861151,0,1.0,False,0.0037151383924139956,0.006239848167127846
MLP,480,84,0.19624868,0,0.0,True,-0.0006319752331896459,0.00012098154075391158
MLP,480,84,0.1440668,0,0.0,True,0.0009858165335358956,0.0007732437412051168
MLP,480,84,0.21548468,0,1.0,False,0.004959119389312568,0.0018429940238571712
MLP,480,84,0.17208166,0,0.0,True,0.0024629974174078507,0.0011680451750404489
MLP,480,84,0.30278486,0,0.0,True,-0.001893447555596851,0.0004118783174731132
MLP,480,84,0.21405928,0,0.0,True,0.0019397998628371373,-8.7108145566044e-06
MLP,480,84,0.2577092,0,1.0,False,0.0004483302660578771,0.005690908788222768
MLP,480,84,0.21189032,0,0.0,True,-0.0061652698285651255,-0.0036856036278567826
MLP,480,84,0.15039991,0,0.0,True,0.0012544061948677235,0.0016562932987855216
MLP,480,84,0.15515469,0,0.0,True,-0.000478557647268949,-5.67199633581167e-05
MLP,480,84,0.3725053,0,0.0,True,0.002961139901888842,0.0011923419372931161
MLP,480,84,0.18468376,0,0.0,True,0.0016021764190432457,0.0018437342041778366
MLP,480,84,0.27984187,0,0.0,True,-0.0008590050619720423,-0.0005855344409668101
MLP,480,84,0.13985272,0,0.0,True,-0.0030399476743853803,-0.0007312723013954543
MLP,480,84,0.15253179,0,0.0,True,0.0011123423655123056,0.0008522430387906255
MLP,480,84,0.19669734,0,0.0,True,-0.0007830744296537872,-0.0005661636427659246
MLP,480,84,0.27160847,0,0.0,True,-0.00020977466186860837,0.0004209293345828291
MLP,480,84,0.52980644,1,1.0,True,0.006416317592231987,0.005408418453297938
MLP,480,84,0.20701984,0,0.0,True,0.0005030804850076875,0.0009648463180910307
MLP,480,84,0.16885038,0,0.0,True,0.0012152823299812026,0.00015374328345405913
MLP,480,84,0.35527226,0,0.0,True,0.0023833290040962967,0.0020375086333767364
MLP,480,84,0.1872114,0,1.0,False,0.004647499397261976,0.0048655427555408534
MLP,480,84,0.42162022,0,0.0,True,-0.0009670530179852877,-0.0011338756005356298
MLP,480,84,0.58523196,1,1.0,True,0.004083460441877228,0.005454499125383974
MLP,480,84,0.21704642,0,0.0,True,-0.0006378204477095389,0.0007848949679032906
MLP,480,84,0.49968037,0,1.0,False,0.0036212537658068217,0.00396893314211542
MLP,480,84,0.10989654,0,0.0,True,-0.0025938401349343016,-0.0008854317488335518
MLP,480,84,0.30830976,0,1.0,False,0.009253555898086083,0.005928568444296259
MLP,480,84,0.13321084,0,0.0,True,-0.0036551501539792744,-0.0027489418665542654
MLP,480,84,0.40286723,0,1.0,False,0.004917070985127014,0.006283069969529526
MLP,480,84,0.39306706,0,1.0,False,0.00602697846962724,0.005428191339250536
MLP,480,84,0.20072073,0,0.0,True,0.0006684230403975094,0.001661833965291926
MLP,480,84,0.34296677,0,1.0,False,0.0024245337139635515,0.004103498701332602
MLP,480,84,0.49733865,0,1.0,False,-0.0003968987289220109,0.0021848176016258073
MLP,480,84,0.4487479,0,0.0,True,-0.0038963188328794297,-0.002336961005133577
MLP,480,84,0.21268466,0,0.0,True,0.0032715116481079366,0.00023574376394177207
MLP,480,84,0.12836263,0,0.0,True,0.0005607324531078773,0.0005180642483680823
MLP,480,84,0.17242283,0,1.0,False,0.00128733899629114,0.002037546697080356
MLP,480,84,0.7489541,1,1.0,True,0.005249529563787507,0.004431956780461434
MLP,480,84,0.12590402,0,1.0,False,-0.0006716148562794891,0.00039392816276558274
MLP,480,84,0.2233989,0,1.0,False,0.006008615893475547,0.00705064474178119
MLP,480,84,0.23374867,0,0.0,True,-0.0005132235035754722,0.0002917067250225258
MLP,480,84,0.19377732,0,0.0,True,-0.0034633495678651526,-0.00010113697091613468
MLP,480,84,0.18088229,0,0.0,True,-0.004804462418122596,-0.004338993977886844
MLP,480,84,0.40179604,0,1.0,False,0.00037221668605557463,0.00343342894476097
MLP,480,84,0.17739674,0,0.0,True,0.000791569698587314,6.529779047415982e-05
MLP,480,84,0.83177507,1,1.0,True,0.004482212632851687,0.002275902868992091
MLP,480,84,0.48878807,0,1.0,False,0.005444433588920941,0.005659280502480415
MLP,480,86,0.12192846,0,0.0,True,0.002105080027835769,0.0002830024381748519
MLP,480,86,0.31084853,0,0.0,True,0.001317603211687555,0.0012143878830635868
MLP,480,86,0.2519204,0,1.0,False,0.005455302657830295,0.0052519116834341805
MLP,480,86,0.6831046,1,1.0,True,0.005529777348371343,0.0038938504479310147
MLP,480,86,0.17722566,0,0.0,True,0.0016949907057256534,0.0014445868023229295
MLP,480,86,0.3086831,0,0.0,True,-0.0019168476068841028,5.3454059215913965e-05
MLP,480,86,0.14189872,0,0.0,True,-0.0013128016964372767,-0.0005263523140032
MLP,480,86,0.14298014,0,0.0,True,0.00031972496671499746,0.00011958036447240868
MLP,480,86,0.16986887,0,0.0,True,0.0010319879621579092,-0.00022084953088577952
MLP,480,86,0.4205114,0,0.0,True,-0.003262967041071104,-0.003740925532486495
MLP,480,86,0.31769353,0,1.0,False,0.0025760033221431705,0.0028703869232411757
MLP,480,86,0.16733728,0,0.0,True,0.0016031495319648286,9.840982777689888e-05
MLP,480,86,0.14745852,0,0.0,True,0.0015903458652286706,-6.688609805907621e-05
MLP,480,86,0.19307607,0,1.0,False,0.009001921021792378,0.006747269484368042
MLP,480,86,0.19787833,0,1.0,False,0.006639813881601715,0.005806264336539419
MLP,480,86,0.18564814,0,0.0,True,0.0022351648792521025,0.000852933782998247
MLP,480,86,0.18010594,0,0.0,True,0.0019082503860018225,0.001231245927491459
MLP,480,86,0.15752438,0,0.0,True,-2.8254182028269784e-05,-0.0007513341216388429
MLP,480,86,0.17151582,0,0.0,True,0.001965696980816121,0.0015671855478615105
MLP,480,86,0.21551035,0,1.0,False,0.00458378546475622,0.0047593578746202465
MLP,480,86,0.31932262,0,1.0,False,0.0065463860813043204,0.004633120700810415
MLP,480,86,0.4677761,0,1.0,False,0.0054921287326194345,0.006835065486641628
MLP,480,86,0.31688192,0,1.0,False,0.0021337859527161404,0.0020443919136308533
MLP,480,86,0.55870134,1,1.0,True,0.004244064741376871,0.005293705519617952
MLP,480,86,0.334963,0,1.0,False,0.005445741021856937,0.005617406020083606
MLP,480,86,0.32703543,0,1.0,False,0.005068903524942771,0.0042776322637901034
MLP,480,86,0.1621622,0,1.0,False,0.0035828836470273803,0.004688003652476195
MLP,480,86,0.35410833,0,1.0,False,0.005037921000699469,0.004895385624753298
MLP,480,86,0.3108385,0,0.0,True,-0.0016335406949578694,0.0001891362008902712
MLP,480,86,0.22987486,0,0.0,True,0.0036957165587020438,0.002637183077864234
MLP,480,86,0.15261298,0,0.0,True,-0.0019503796051127734,-0.0008376828429373707
MLP,480,86,0.69418126,1,1.0,True,0.007550083209333899,0.006839217193676879
MLP,480,86,0.111103974,0,0.0,True,0.0005874401967796436,0.0015721358092426242
MLP,480,86,0.18593211,0,1.0,False,0.006339972110923565,0.006908324664076567
MLP,480,86,0.13100666,0,0.0,True,0.0017207283758395968,-0.0002672956762674242
MLP,480,86,0.48951575,0,1.0,False,0.007776082302689402,0.005946824323335732
MLP,480,86,0.29315415,0,0.0,True,-0.0006917891308651072,0.00012556636038305914
MLP,480,86,0.67155796,1,1.0,True,0.004427407427169775,0.004980552778152128
MLP,480,86,0.19722289,0,0.0,True,-0.0011776035405357,-0.002807082881192628
MLP,480,86,0.60127556,1,1.0,True,0.004731993665237088,0.006191109756682224
MLP,480,86,0.3489534,0,1.0,False,0.006497862097327062,0.006474223632704711
MLP,480,86,0.3769961,0,1.0,False,0.007288005394653865,0.006508054634058341
MLP,480,86,0.52383196,1,1.0,True,0.0010845117404597014,0.0029098616379193256
MLP,480,86,0.3056762,0,1.0,False,0.007713550751727454,0.006049760308188402
MLP,480,86,0.34316823,0,1.0,False,-0.00031315240083507306,0.00366597004528039
MLP,480,86,0.17408042,0,1.0,False,0.006062282980452172,0.0060725229781596205
MLP,480,86,0.15396519,0,0.0,True,0.0027915014667087056,0.0028857470708017426
MLP,480,86,0.15054433,0,1.0,False,0.006025518425139536,0.006214702647859319
MLP,480,86,0.10996419,0,0.0,True,-0.000788782773910664,-0.001229666602423182
MLP,480,86,0.19555527,0,0.0,True,-0.0031425857161304213,-0.002427216373224832
MLP,480,86,0.6436722,1,1.0,True,0.0009655151304834985,0.004815379078553786
MLP,480,86,0.8375945,1,1.0,True,0.0031372832010648517,0.004668305930112843
MLP,480,86,0.14850341,0,0.0,True,0.002904979986281141,0.00109688481632741
MLP,480,86,0.17272098,0,1.0,False,0.003982952789966744,0.0057977391278816555
MLP,480,86,0.64176893,1,1.0,True,0.005673797629527406,0.0055001174748417455
MLP,480,86,0.20534843,0,0.0,True,-0.007136464019856455,-0.002250347635399173
MLP,480,86,0.12229332,0,0.0,True,-0.00021887699424776987,0.00015087434085444488
MLP,480,86,0.37911507,0,1.0,False,0.007557514105771416,0.006473006189823159
MLP,480,86,0.2800226,0,0.0,True,-0.0005332308252072559,-0.0003464734769726026
MLP,480,86,0.1735751,0,0.0,True,6.650254868543244e-05,-0.0016097796382959738
MLP,480,86,0.13309403,0,0.0,True,0.0025919801342788656,0.001271130879210361
MLP,480,86,0.32089645,0,1.0,False,0.00212556661272001,0.0031738463679112892
MLP,480,86,0.13863641,0,1.0,False,0.0020686388748035324,0.0031550190832226135
MLP,480,86,0.19015868,0,1.0,False,0.002129669720748135,0.0050447654707531115
MLP,480,86,0.6341106,1,1.0,True,0.004627484326279151,0.005146028039725993
MLP,480,86,0.12857868,0,0.0,True,-0.0025445255208148714,-0.0005006307285487797
MLP,480,86,0.16068459,0,1.0,False,0.0037403744192463124,0.0037666658621073206
MLP,480,86,0.23080306,0,0.0,True,0.001537910527978604,7.214832148183322e-05
MLP,480,86,0.16322538,0,0.0,True,-0.00018383526820529646,-0.0013511330935315222
MLP,480,86,0.5084886,1,1.0,True,0.0026085483242666817,0.005406895548779867
MLP,480,86,0.20408133,0,0.0,True,-0.0022346263086359167,-0.0013141071942101294
MLP,480,86,0.49615327,0,1.0,False,0.0034276154823740085,0.004250568664528227
MLP,480,86,0.13203062,0,0.0,True,-0.003399126036858389,-0.0024186324960613504
MLP,480,86,0.35548064,0,0.0,True,-0.00014999949116453417,-0.0018874205199154788
MLP,480,86,0.14426523,0,0.0,True,-0.0005668961095521269,-0.00044992025049524166
MLP,480,86,0.47507885,0,1.0,False,0.007208139304702882,0.0070459880406473175
MLP,480,86,0.15082034,0,0.0,True,-0.001748624175089982,0.00014782872997522013
MLP,480,86,0.77644354,1,1.0,True,0.0042268224082555265,0.0033518090560471473
MLP,480,86,0.17237839,0,0.0,True,4.1826570224662304e-05,0.002972085909122093
MLP,480,86,0.80534714,1,1.0,True,0.003949169742245987,0.003409131759786547
MLP,480,86,0.1761155,0,0.0,True,-0.0023608134206875918,-0.0010616875271162061
MLP,480,86,0.15170275,0,0.0,True,0.0006085372368870162,0.0010750101972637294
MLP,480,86,0.18580501,0,0.0,True,-0.003162726780915169,-0.0030569792334402737
MLP,480,86,0.25067273,0,0.0,True,0.00034933953002390177,0.0013687703195240442
MLP,480,86,0.7683356,1,1.0,True,0.004039078913936472,0.004670698361772619
MLP,480,86,0.18774934,0,1.0,False,0.008960699876156702,0.008378912705952448
MLP,480,86,0.22871703,0,0.0,True,-0.0015666133370450704,-0.0017163650700551206
MLP,480,86,0.15390408,0,0.0,True,-0.0012618478202310011,-0.0010455378137070536
MLP,480,86,0.31916568,0,1.0,False,0.00502865969840592,0.005304057756051141
MLP,480,86,0.1275431,0,0.0,True,0.00016264734926091072,-0.0010126979978910475
MLP,480,86,0.26751474,0,1.0,False,0.004678380771240784,0.004674560412359563
MLP,480,86,0.2973843,0,1.0,False,0.0033999320579564496,0.002450255502743071
MLP,480,86,0.13667217,0,0.0,True,-0.0013248906481385303,-0.0007946746101603422
MLP,480,86,0.18726306,0,0.0,True,-0.00047334482926430864,-0.0011398687584178095
MLP,480,86,0.23471823,0,1.0,False,0.003259964291400657,0.004665245838686945
MLP,480,86,0.13695419,0,0.0,True,0.004076017916424206,0.001690458650277598
MLP,480,86,0.43423763,0,1.0,False,0.006918838233474293,0.0071649408669127185
MLP,480,86,0.24344802,0,0.0,True,0.0003718566403056977,0.0008774141243868638
MLP,480,86,0.157237,0,0.0,True,0.0018764541046673243,0.0013300153647222762
MLP,480,86,0.16881993,0,0.0,True,-0.0022182244609200734,-0.0025079153546609017
MLP,480,88,0.14475828,0,0.0,True,-0.00041864317747019925,0.000260105734685795
MLP,480,88,0.48473087,0,1.0,False,0.001673964028359038,0.002999587749644827
MLP,480,88,0.18312287,0,1.0,False,0.0025909126583852655,0.0030376773045804875
MLP,480,88,0.28104943,0,1.0,False,0.002513806474255463,0.00495020671462076
MLP,480,88,0.15919846,0,1.0,False,0.004880391413509142,0.004476277246479215
MLP,480,88,0.18400986,0,0.0,True,0.002664319832078946,0.001896405461127518
MLP,480,88,0.2678891,0,0.0,True,0.001345810895842768,0.0012563835667844467
MLP,480,88,0.16444403,0,0.0,True,-0.0009310152275250402,-0.0006751391798090724
MLP,480,88,0.42175797,0,1.0,False,0.003407524193494929,0.00433010953315321
MLP,480,88,0.18747076,0,0.0,True,-0.0037472667213535814,0.0009726806506566403
MLP,480,88,0.29838416,0,0.0,True,-0.0008023672265242529,-0.0023794284915525134
MLP,480,88,0.1668663,0,0.0,True,-0.003201742021786442,-0.0021557773193956412
MLP,480,88,0.20519052,0,1.0,False,0.0020520205608907153,0.003299033504573934
MLP,480,88,0.31558308,0,0.0,True,-0.001142330373609346,-0.0011653646943605735
MLP,480,88,0.26560524,0,1.0,False,0.008133340607194372,0.006962346126712178
MLP,480,88,0.19925128,0,1.0,False,0.0013578419412845263,0.005386825521123913
MLP,480,88,0.12283593,0,0.0,True,-0.0025170285098064997,-0.0025153157231252777
MLP,480,88,0.3078561,0,1.0,False,0.009654968346847419,0.007535924577830807
MLP,480,88,0.2509385,0,1.0,False,0.005873326820732693,0.003580888325948143
MLP,480,88,0.41341397,0,1.0,False,0.0014853147961495059,0.0028838659519641345
MLP,480,88,0.11434611,0,0.0,True,-0.003382979176095021,-0.0010788651866071538
MLP,480,88,0.34790283,0,1.0,False,0.004740729177039385,0.0036397855291129375
MLP,480,88,0.13100213,0,0.0,True,-0.002161569334181002,-0.003108833764096791
MLP,480,88,0.19228528,0,0.0,True,0.0007147475987508683,0.0014298355434494948
MLP,480,88,0.13093229,0,0.0,True,0.0033455534968141803,0.0011677507435654982
MLP,480,88,0.29868904,0,1.0,False,0.005097259531641958,0.003635315429696927
MLP,480,88,0.7544574,1,1.0,True,0.002091478156676105,0.004601086592010042
MLP,480,88,0.31706128,0,1.0,False,0.006496303498587619,0.005219021253597734
MLP,480,88,0.3651972,0,0.0,True,-0.0033489766815326194,-0.0005919305444661986
MLP,480,88,0.13692832,0,1.0,False,0.00750526725477161,0.004626826686828465
MLP,480,88,0.7668341,1,1.0,True,0.008462850727215115,0.006691466075024521
MLP,480,88,0.65188706,1,1.0,True,0.0046963792208440745,0.005140932543749621
MLP,480,88,0.17295451,0,0.0,True,-0.0009660450228297881,-0.0018987655785964845
MLP,480,88,0.14428248,0,0.0,True,0.0004182228068988594,0.001145693424311369
MLP,480,88,0.27222663,0,0.0,True,0.0009045535524168515,0.00201134892835448
MLP,480,88,0.1771829,0,0.0,True,-0.00041298478073445503,0.00021778425977008923
MLP,480,88,0.2167354,0,1.0,False,0.00565413845736621,0.0060649610788851335
MLP,480,88,0.59492236,1,1.0,True,0.004356350899403123,0.0038728607926284803
MLP,480,88,0.17089458,0,1.0,False,0.00521604655882214,0.0060747139806981015
MLP,480,88,0.1646928,0,0.0,True,-0.0014823737211281196,-0.003300294163854078
MLP,480,88,0.1449173,0,0.0,True,0.0024510611203112805,0.001939887009301355
MLP,480,88,0.54393655,1,1.0,True,0.004157870330877547,0.001876413528697328
MLP,480,88,0.13256526,0,0.0,True,0.0005435404000516475,-0.0013802842530300915
MLP,480,88,0.1328934,0,0.0,True,0.0011626022113519392,0.0011725993617064739
MLP,480,88,0.17838551,0,0.0,True,0.0006263020476540327,6.530341795865951e-05
MLP,480,88,0.4527932,0,1.0,False,0.008494174527263304,0.007009704107663531
MLP,480,88,0.16646534,0,1.0,False,0.009706047883906135,0.006799223993470233
MLP,480,88,0.22077915,0,0.0,True,-0.002759243398230351,0.00026394326049954423
MLP,480,88,0.19121379,0,0.0,True,0.0012501089191018313,0.001203484040666938
MLP,480,88,0.20376414,0,0.0,True,0.0005797929282558664,0.0008028820916480318
MLP,480,88,0.1953582,0,1.0,False,0.005609750956456388,0.004213623980301657
MLP,480,88,0.15263924,0,0.0,True,0.004630065859197738,0.002706918900533273
MLP,480,88,0.22045368,0,1.0,False,0.005281921301679191,0.007795447255426273
MLP,480,88,0.12402739,0,0.0,True,-0.0002483308200958504,-6.557778984263087e-05
MLP,480,88,0.14105764,0,1.0,False,0.008272414920562519,0.0074799492401095655
MLP,480,88,0.17522499,0,0.0,True,0.004217594352387325,0.0021756159851560345
MLP,480,88,0.16034622,0,0.0,True,-0.0009042802004880154,-0.0006790509719627404
MLP,480,88,0.14094286,0,0.0,True,0.0004497560477734034,-5.490595527556504e-05
MLP,480,88,0.34231395,0,1.0,False,0.0080394701835029,0.0067378462865828005
MLP,480,88,0.53044647,1,1.0,True,0.006451886865160307,0.008701461137671966
MLP,480,88,0.30222103,0,1.0,False,0.004953483432789282,0.004972025943118712
MLP,480,88,0.1685589,0,0.0,True,0.0006514661068339914,0.0011267283962261402
MLP,480,88,0.27100518,0,0.0,True,0.0005475883364156304,-9.176178076915262e-05
MLP,480,88,0.13260941,0,0.0,True,0.0029916649476385087,-0.0007060061528735634
MLP,480,88,0.13017607,0,0.0,True,0.0008983536167596797,0.00041587057934893996
MLP,480,88,0.11577017,0,0.0,True,-0.001201859819352678,0.0008954063133152096
MLP,480,88,0.3038075,0,1.0,False,0.008512058715225436,0.008163829888127298
MLP,480,88,0.34278488,0,1.0,False,0.002928892732179466,0.0019913987624802956
MLP,480,88,0.15158418,0,0.0,True,0.0006875687711127492,-0.0003042165325377336
MLP,480,88,0.42612717,0,1.0,False,0.0009645964720759549,0.003351222975182687
MLP,480,88,0.18085402,0,0.0,True,-0.0020923426091680225,-0.00019165503522640826
MLP,480,88,0.20133527,0,1.0,False,0.0021829409443818687,0.004288287775654276
MLP,480,88,0.42070532,0,1.0,False,0.002634566049395345,0.002459602896464991
MLP,480,88,0.3819377,0,1.0,False,0.005963880747857368,0.006200778422127782
MLP,480,88,0.12962231,0,0.0,True,-0.0006882659674270058,-0.002861952067094092
MLP,480,88,0.60750645,1,1.0,True,0.0016266731050787082,0.0030172765199305077
MLP,480,88,0.5779555,1,1.0,True,0.0027226902446953662,0.004401793422819864
MLP,480,88,0.26868972,0,0.0,True,0.0013295117422120755,0.0015007487827659281
MLP,480,88,0.16142957,0,0.0,True,0.00106671423486577,0.000310325213585303
MLP,480,88,0.11894563,0,1.0,False,0.006505048228082911,0.008136082473773081
MLP,480,88,0.25811055,0,1.0,False,0.004044199991518938,0.00527610556067506
MLP,480,88,0.2711403,0,1.0,False,-0.0014092425894004286,0.0017719367275495215
MLP,480,88,0.1385284,0,0.0,True,0.0004642196781466889,0.0013708062583646032
MLP,480,88,0.25400984,0,1.0,False,0.006977520305175005,0.0029054154072396315
MLP,480,88,0.22189084,0,1.0,False,0.007463485296177752,0.007118614606751072
MLP,480,88,0.20414975,0,0.0,True,0.000781737183469624,0.0004908563510077725
MLP,480,88,0.2592424,0,1.0,False,0.005267347427767656,0.005617164913758563
MLP,480,88,0.15489139,0,0.0,True,-0.0006698265317513772,0.0004702010461956482
MLP,480,88,0.2949277,0,1.0,False,0.0024536802787832757,0.0033663669244413295
MLP,480,88,0.1743617,0,0.0,True,-0.0015689270420251376,-0.002867696881901415
MLP,480,88,0.8148761,1,0.0,False,-0.00015449416925774267,-0.0006901153854617126
MLP,480,88,0.14518996,0,0.0,True,-0.0008929285710722858,0.0008605838757552765
MLP,480,88,0.3569592,0,1.0,False,0.0036935802222673305,0.004319284239526207
MLP,480,88,0.4691339,0,1.0,False,0.003529674858989718,0.0055360164181625085
MLP,480,88,0.43454742,0,1.0,False,0.00570357029862198,0.005313641652125778
MLP,480,88,0.34596014,0,1.0,False,0.008733509207371369,0.005856013396781995
MLP,480,88,0.2371212,0,0.0,True,-0.0017881525002177263,-0.002761342932985702
MLP,480,88,0.35359284,0,1.0,False,0.005389165283213818,0.005590514447947661
MLP,480,88,0.17509352,0,0.0,True,-0.0010899003676407399,0.00042415232751396984
MLP,480,88,0.13659506,0,0.0,True,0.007376354575073191,0.0016673963885550616
MLP,480,90,0.39026192,0,1.0,False,0.006005404694036476,0.006334162860595751
MLP,480,90,0.26092416,0,1.0,False,0.0035801769595174625,0.0048032381188202675
MLP,480,90,0.41300064,0,1.0,False,0.00992290798579293,0.008614210332627827
MLP,480,90,0.271065,0,0.0,True,-0.0022275426719939105,-0.002321252635574662
MLP,480,90,0.5935995,1,1.0,True,0.0042036766146541955,0.003995020295636062
MLP,480,90,0.27549052,0,1.0,False,0.004679255756311875,0.006504323021165584
MLP,480,90,0.29222447,0,0.0,True,-0.003194326505066647,-0.0008248535221462998
MLP,480,90,0.28744715,0,1.0,False,0.008877159720723537,0.0066357098121056736
MLP,480,90,0.20391986,0,1.0,False,0.004755708335155452,0.005347923259757226
MLP,480,90,0.28990138,0,1.0,False,0.009743490903303705,0.008485347963905118
MLP,480,90,0.32996485,0,1.0,False,0.012205198391559091,0.007811945127074328
MLP,480,90,0.37899068,0,0.0,True,-0.001224903662970785,-0.0009562894287719909
MLP,480,90,0.15462177,0,0.0,True,0.0008479344823216449,0.001419168145862274
MLP,480,90,0.15931761,0,0.0,True,0.0031483178006404466,0.0025943338854603946
MLP,480,90,0.47923845,0,1.0,False,0.006722051527171632,0.0061367812746985885
MLP,480,90,0.79894924,1,1.0,True,0.0027363596456881473,0.0037917676071413877
MLP,480,90,0.16531378,0,0.0,True,-0.0018557454371320766,-0.0009739439394933651
MLP,480,90,0.30172,0,0.0,True,-0.00013928180602097191,-0.0012627205222761485
MLP,480,90,0.15086436,0,0.0,True,-0.000798395395123259,0.00028053430774516955
MLP,480,90,0.17380096,0,0.0,True,-0.0019619328617550393,-0.001924857573735867
MLP,480,90,0.14236334,0,0.0,True,0.0018972442212120948,-0.0007476737657062957
MLP,480,90,0.1585931,0,0.0,True,-0.0007250324623583444,-0.0004906673724658971
MLP,480,90,0.1623652,0,1.0,False,0.0011905763092958136,0.001923391062465938
MLP,480,90,0.34622315,0,0.0,True,-0.004306114213506637,-0.003026192284479735
MLP,480,90,0.2296878,0,0.0,True,0.002165962316881185,0.0012800284579590642
MLP,480,90,0.15713342,0,0.0,True,2.9564422298278503e-05,-0.0004663617211054324
MLP,480,90,0.13786453,0,0.0,True,-0.0014278094950063965,-0.0018344598413788853
MLP,480,90,0.16603181,0,0.0,True,-0.002505914078114232,-0.0010064002439212425
MLP,480,90,0.25525552,0,1.0,False,0.0012655837373906442,0.0021946484086180365
MLP,480,90,0.5542497,1,1.0,True,0.005414047341803746,0.005436862112889583
MLP,480,90,0.14820386,0,0.0,True,0.0012078332559429445,-8.399579691374707e-05
MLP,480,90,0.22882347,0,0.0,True,-0.0005493554194993483,-0.0006673150184174459
MLP,480,90,0.28765196,0,1.0,False,0.0008824644325415497,0.0014758197171599308
MLP,480,90,0.13534728,0,0.0,True,-0.002042952723189852,-9.003800169754138e-05
MLP,480,90,0.15274891,0,0.0,True,-0.0009725407360198868,0.00011934328654677188
MLP,480,90,0.24377058,0,0.0,True,-0.001073037614502509,0.0008458827565687226
MLP,480,90,0.18151501,0,0.0,True,0.0036697429636823034,0.0009700105339982746
MLP,480,90,0.11924039,0,0.0,True,0.0008958460402278003,0.00032641602183814636
MLP,480,90,0.16473116,0,0.0,True,-0.0020181170178429765,-0.0003396227557067782
MLP,480,90,0.15520392,0,0.0,True,-0.004151438357613732,-0.0006595417786850163
MLP,480,90,0.42269138,0,1.0,False,0.009594870057221844,0.006578121137150746
MLP,480,90,0.1501519,0,0.0,True,0.00024453872393458376,0.0016991709629860048
MLP,480,90,0.22782144,0,0.0,True,0.0016494870476753216,-0.001161319575317842
MLP,480,90,0.5729367,1,0.0,False,0.0051189856979585715,0.0035657781681062307
MLP,480,90,0.14547026,0,0.0,True,4.8974222371011195e-05,5.341728810325312e-05
MLP,480,90,0.56498736,1,1.0,True,0.00586137484495398,0.003917090682496573
MLP,480,90,0.111890845,0,0.0,True,-0.002636320034555603,-0.0014939642603805836
MLP,480,90,0.41613394,0,1.0,False,0.009859849173343802,0.009012819913441543
MLP,480,90,0.1982146,0,0.0,True,-0.0010360977781050532,0.000686950063820052
MLP,480,90,0.6925146,1,1.0,True,0.0070719356301765825,0.0056991658347913515
MLP,480,90,0.7737666,1,1.0,True,0.0031682174352987602,0.002574981262547805
MLP,480,90,0.48885125,0,1.0,False,0.004945842239948139,0.003269457086970193
MLP,480,90,0.46678734,0,1.0,False,0.009878366299933668,0.006884481074817903
MLP,480,90,0.29652256,0,1.0,False,0.005386772136633492,0.005256178454230556
MLP,480,90,0.21046418,0,0.0,True,-0.005791678129004135,-0.0016313786944165446
MLP,480,90,0.4308176,0,0.0,True,-0.0006121826139928894,-0.000900167314039475
MLP,480,90,0.4525551,0,0.0,True,-8.378427295942337e-05,0.0007085948447125604
MLP,480,90,0.30252245,0,0.0,True,0.0001196531655062461,0.0011734853361986624
MLP,480,90,0.12468101,0,0.0,True,-0.004679916005540703,-0.003252381866377517
MLP,480,90,0.7740461,1,1.0,True,0.005043680196025889,0.004417197849461975
MLP,480,90,0.1647868,0,0.0,True,0.0025937383772225374,0.0006024247960073795
MLP,480,90,0.10525982,0,0.0,True,0.002790700037257606,0.0013308705704453924
MLP,480,90,0.14877075,0,0.0,True,-0.005413608377130079,-0.0024365879257425825
MLP,480,90,0.33344314,0,1.0,False,0.00786095485701541,0.00938879122866959
MLP,480,90,0.19984625,0,0.0,True,-0.0002884027633324627,-0.001063678313068621
MLP,480,90,0.14269733,0,0.0,True,-0.001010037566995587,-0.0003663363935727091
MLP,480,90,0.18982336,0,0.0,True,0.005053915149326165,0.0029863937695784235
MLP,480,90,0.30143976,0,0.0,True,-0.0009173245781083187,-0.0004259365196612568
MLP,480,90,0.47863618,0,1.0,False,0.006437420076244329,0.004556221093041733
MLP,480,90,0.26300803,0,0.0,True,0.0007327422395270391,0.0004290584559451573
MLP,480,90,0.2867031,0,1.0,False,0.006514242571465378,0.005650001427533857
MLP,480,90,0.57693666,1,1.0,True,0.0006852980233732381,0.0013342275215245305
MLP,480,90,0.35057384,0,0.0,True,-0.00017513974206792433,-0.00019713078324136335
MLP,480,90,0.13172308,0,0.0,True,-0.007616611407860602,-0.0021474853632309832
MLP,480,90,0.13856985,0,0.0,True,-0.00014497156642019423,-2.7343576136162086e-05
MLP,480,90,0.14395428,0,0.0,True,-0.001002242118605054,-0.0018526763640753213
MLP,480,90,0.1438305,0,0.0,True,-0.001747938804914309,-0.00041757314767222506
MLP,480,90,0.6345986,1,1.0,True,0.010382053047834152,0.01098520033468104
MLP,480,90,0.35170144,0,1.0,False,0.009072419396688508,0.009808994435213762
MLP,480,90,0.15585837,0,1.0,False,0.010438067349426742,0.0077754537574485525
MLP,480,90,0.24955136,0,0.0,True,-3.479954635963242e-05,0.0001959173537009755
MLP,480,90,0.1199001,0,0.0,True,0.004677388297845866,0.004577954025794907
MLP,480,90,0.3511775,0,0.0,True,0.0008872724618636931,0.0006921776184131543
MLP,480,90,0.39046285,0,1.0,False,0.004590357858886508,0.007206955408004696
MLP,480,90,0.15837413,0,0.0,True,-0.0002640403994040512,-0.000625612732806595
MLP,480,90,0.1293862,0,0.0,True,-0.0007264588010101336,-0.0008271985216962084
MLP,480,90,0.35796356,0,0.0,True,0.0020950557174759027,0.0027329213636409413
MLP,480,90,0.3506382,0,1.0,False,0.005473864565723931,0.004790880519738728
MLP,480,90,0.16215624,0,0.0,True,-0.0018279620630975149,-0.0016687442086338023
MLP,480,90,0.16503909,0,0.0,True,-0.005166055303683585,-0.001300829899690574
MLP,480,90,0.15296972,0,0.0,True,0.0023896349292995772,0.0007420927927385393
MLP,480,90,0.3030205,0,0.0,True,-0.00026815214569192496,0.0014081987368241638
MLP,480,90,0.3556685,0,1.0,False,0.002365202791465795,0.0028869512187354248
MLP,480,90,0.27338305,0,1.0,False,0.0020510756889230925,0.002253005131718584
MLP,480,90,0.16771567,0,0.0,True,3.223998824871887e-05,-0.0013304914061054592
MLP,480,90,0.5709836,1,1.0,True,0.007762323924776101,0.007891769539679454
MLP,480,90,0.16869485,0,0.0,True,0.0010308884123187848,-0.00041004075979236544
MLP,480,90,0.4937163,0,1.0,False,0.006070896086242496,0.0063820750891567446
MLP,480,90,0.14042833,0,0.0,True,0.0010793408584484712,0.001281057988748369
MLP,480,90,0.16617393,0,0.0,True,0.002449717901001916,0.0008717309418300139
MLP,480,91,0.15319179,0,0.0,True,0.0007042585454060499,-0.0007927822779575757
MLP,480,91,0.27453062,0,1.0,False,0.010535601735117157,0.00827829513465226
MLP,480,91,0.29055065,0,1.0,False,0.005510186464361393,0.00514594478455881
MLP,480,91,0.65045035,1,1.0,True,0.0067575927198489935,0.00879742733623896
MLP,480,91,0.1599171,0,0.0,True,0.00037905087786089473,-0.0001997379506889348
MLP,480,91,0.3615355,0,1.0,False,0.00447467994668709,0.004752566037806977
MLP,480,91,0.15696555,0,0.0,True,0.000613184032935481,-0.00019650667577637696
MLP,480,91,0.13866083,0,0.0,True,0.0013050051703942,-0.00041402013759831563
MLP,480,91,0.28168687,0,1.0,False,0.005481105239020818,0.0060296141196266
MLP,480,91,0.22872846,0,1.0,False,0.00597551209014182,0.004126995291639697
MLP,480,91,0.11713082,0,0.0,True,-0.0008524788957232362,-0.0005050614073141658
MLP,480,91,0.4216782,0,1.0,False,0.00779318302839723,0.006360353284368558
MLP,480,91,0.11682953,0,0.0,True,0.00030445731309580097,0.003483106938094869
MLP,480,91,0.16793056,0,1.0,False,0.0043791250163472285,0.006059904500737441
MLP,480,91,0.45287728,0,1.0,False,0.007780025238236756,0.007570139772628982
MLP,480,91,0.11924962,0,0.0,True,0.0004753660221596731,0.00019689868038468561
MLP,480,91,0.22442442,0,1.0,False,0.006150433545475659,0.006871314533612252
MLP,480,91,0.13579789,0,0.0,True,-0.0014170427790029427,-0.00041258630709116234
MLP,480,91,0.8156807,1,1.0,True,0.003564633483858136,0.002723571283658588
MLP,480,91,0.19456285,0,0.0,True,-0.0006089456620944785,-0.0005616861328387549
MLP,480,91,0.70647067,1,1.0,True,0.007147079904310899,0.005778426618435276
MLP,480,91,0.13770834,0,0.0,True,-0.002476578651855289,-0.00014956795588105186
MLP,480,91,0.18211251,0,0.0,True,0.0014667530609370205,-0.0004950407581778445
MLP,480,91,0.26136956,0,1.0,False,0.009172302919160125,0.007440288996635943
MLP,480,91,0.11791613,0,0.0,True,0.00034481511398432165,-0.00047741363493475315
MLP,480,91,0.29167682,0,1.0,False,0.01106009196434891,0.010621830203414874
MLP,480,91,0.26951796,0,1.0,False,0.003948337591094094,0.004980146158872332
MLP,480,91,0.6388401,1,1.0,True,0.007041904481594614,0.00516387151827427
MLP,480,91,0.2878393,0,1.0,False,0.008221783985416758,0.007773054217856846
MLP,480,91,0.13277428,0,0.0,True,-0.001612100206634591,-0.0003427058114589181
MLP,480,91,0.70921606,1,1.0,True,0.001084567135220039,0.002387069698682898
MLP,480,91,0.19574544,0,1.0,False,0.003360416225146713,0.003942794766380847
MLP,480,91,0.28807274,0,1.0,False,0.0037590176499533107,0.005800870621384184
MLP,480,91,0.4297468,0,1.0,False,0.007786846945847855,0.007916768568010088
MLP,480,91,0.22433737,0,1.0,False,0.00818427731616887,0.0072267922543060815
MLP,480,91,0.15215534,0,0.0,True,0.0009600479568675819,0.0019229503273406484
MLP,480,91,0.6057744,1,1.0,True,0.005095860399585743,0.004792365276111641
MLP,480,91,0.1775834,0,0.0,True,0.0006605642471100097,0.0005133494476232526
MLP,480,91,0.3015492,0,0.0,True,-0.0003481068158844815,0.0012581043871095585
MLP,480,91,0.28619725,0,1.0,False,0.003327790411275669,0.0031059277590823873
MLP,480,91,0.5190687,1,1.0,True,0.004472172362054021,0.006227841491303138
MLP,480,91,0.33708125,0,1.0,False,0.00767374533760288,0.005992618755778672
MLP,480,91,0.27655423,0,1.0,False,0.006424953531817925,0.006758102014462962
MLP,480,91,0.54701495,1,1.0,True,0.0081732310104772,0.006954275035624625
MLP,480,91,0.6849141,1,1.0,True,0.006374928893193863,0.007161087409119082
MLP,480,91,0.3801401,0,1.0,False,0.0036963467205662916,0.004597106486507356
MLP,480,91,0.20854373,0,1.0,False,0.006828835496943028,0.006718289730288326
MLP,480,91,0.16821596,0,0.0,True,-0.0018708027663658633,-0.0014592628134400532
MLP,480,91,0.22014955,0,1.0,False,0.004519702055727056,0.004633528173135633
MLP,480,91,0.14990792,0,0.0,True,0.002118988955223123,0.0016117697905470196
MLP,480,91,0.19186594,0,0.0,True,-0.0031663145686630155,-0.002081144827942229
MLP,480,91,0.15776205,0,0.0,True,-0.0010543220549369063,-0.0005329345297222605
MLP,480,91,0.4676391,0,1.0,False,0.005687643553814179,0.007021875712844341
MLP,480,91,0.14530778,0,0.0,True,-0.0010491835427424022,-0.0026656612547149095
MLP,480,91,0.7195129,1,1.0,True,0.008320509905441231,0.008181113166440827
MLP,480,91,0.2389845,0,1.0,False,0.0012526820278754309,0.00313926743521829
MLP,480,91,0.68982965,1,1.0,True,0.005463184674408353,0.00605349948744892
MLP,480,91,0.736179,1,1.0,True,0.005928525041632116,0.004832521580885462
MLP,480,91,0.17096595,0,0.0,True,-0.00013373825013038561,-0.0006127789308872419
MLP,480,91,0.2942165,0,0.0,True,-0.0008853567456259525,2.8077281654824632e-05
MLP,480,91,0.18066393,0,0.0,True,-0.0014904193679868899,-0.002040824393056931
MLP,480,91,0.25577357,0,0.0,True,0.0001855264043538216,-0.0003412487458249163
MLP,480,91,0.14484514,0,0.0,True,-4.3061599724487356e-05,1.7579380916121317e-05
MLP,480,91,0.26102245,0,0.0,True,0.0012112184569903989,-0.00018541934941973106
MLP,480,91,0.29607898,0,0.0,True,-0.002211448679116521,-0.001490887333559664
MLP,480,91,0.27007377,0,0.0,True,0.004942524895455557,0.002697015744769107
MLP,480,91,0.44181263,0,0.0,True,0.002999027989337193,0.0014697590660706448
MLP,480,91,0.19955139,0,1.0,False,0.006210847497883273,0.007349344745669513
MLP,480,91,0.12872587,0,0.0,True,-0.001463080142666455,0.0006819086502539397
MLP,480,91,0.5901276,1,1.0,True,0.002866452744570411,0.003936060484309177
MLP,480,91,0.42227817,0,0.0,True,0.00014073883671059494,0.0001582766295786637
MLP,480,91,0.13879071,0,0.0,True,0.0017524883925844335,-0.00021780410651885547
MLP,480,91,0.2377056,0,0.0,True,0.0006341070376046216,-0.0013723396071135723
MLP,480,91,0.2269539,0,1.0,False,0.005147667341218783,0.005641095987280598
MLP,480,91,0.16259235,0,0.0,True,0.0009956062653144122,0.0009877852759270622
MLP,480,91,0.6394069,1,1.0,True,0.009076923067191874,0.008311900311950048
MLP,480,91,0.1547747,0,0.0,True,0.0017557280274440126,0.0018620759637018626
MLP,480,91,0.7449505,1,1.0,True,0.0076674474503597954,0.006339147343176231
MLP,480,91,0.21640587,0,1.0,False,0.005223260589099456,0.005094163052722329
MLP,480,91,0.33992466,0,1.0,False,0.005967233031650806,0.0053204279599419904
MLP,480,91,0.24154676,0,1.0,False,0.008850624852702016,0.008707590692976908
MLP,480,91,0.6288474,1,1.0,True,0.006214621774639433,0.005602533168930712
MLP,480,91,0.25085542,0,1.0,False,0.002696242359034184,0.0037917853918202453
MLP,480,91,0.23203819,0,0.0,True,-0.001331228788167179,-0.001384878075602451
MLP,480,91,0.21814273,0,0.0,True,0.0025892549019707564,0.0008024185980469554
MLP,480,91,0.28951153,0,0.0,True,0.0006592592977723399,-0.0011207069829075548
MLP,480,91,0.125006,0,0.0,True,0.0023551218660730986,0.002784498740060531
MLP,480,91,0.6355957,1,1.0,True,0.0024234959227476833,0.002983625661303467
MLP,480,91,0.23831338,0,0.0,True,-0.002855460514439372,-0.0006642219630864998
MLP,480,91,0.13543357,0,0.0,True,0.0006248239876286995,-0.00019742514949505676
MLP,480,91,0.12712392,0,0.0,True,-0.0014864348236417416,0.0011329639726647852
MLP,480,91,0.5170533,1,1.0,True,0.005306573072666441,0.006553259877051293
MLP,480,91,0.116789244,0,0.0,True,-0.0007793604089655402,0.0010220776077114434
MLP,480,91,0.16522805,0,1.0,False,0.0033455621477412,0.004668480536400069
MLP,480,91,0.16364862,0,0.0,True,0.00024019661906195117,-0.00089140652662557
MLP,480,91,0.21573111,0,0.0,True,-0.0029370554733689058,-0.0017257011039639087
MLP,480,91,0.15370366,0,0.0,True,0.001345553301222476,0.0014556262787247167
MLP,480,91,0.2771168,0,0.0,True,0.0034512714539737767,0.001016760043134199
MLP,480,91,0.673053,1,1.0,True,0.006636946880491033,0.007014541191386496
MLP,480,91,0.24346639,0,1.0,False,0.009147158348070703,0.007314730794762316
MLP,480,93,0.3303593,0,1.0,False,0.00488748697737232,0.0038693247719010404
MLP,480,93,0.59060353,1,1.0,True,0.0054742016765398265,0.004308810266149285
MLP,480,93,0.35950422,0,1.0,False,0.007823343623104322,0.007749008772666356
MLP,480,93,0.1628007,0,0.0,True,-0.0023400294356615697,-0.0014325065084073376
MLP,480,93,0.22887036,0,0.0,True,-0.0009527579195501775,-0.0023078880354075117
MLP,480,93,0.24982819,0,1.0,False,0.003022888457735231,0.005098477920598314
MLP,480,93,0.56277025,1,1.0,True,0.006732930972732823,0.0077506824582066315
MLP,480,93,0.13964066,0,0.0,True,-0.0008815813705993677,0.0002103002573609717
MLP,480,93,0.1662411,0,0.0,True,0.001236486747071734,-0.000185999349833034
MLP,480,93,0.3221112,0,0.0,True,-0.0012105242671239715,-0.0003018140374925973
MLP,480,93,0.68761367,1,1.0,True,0.00710037370191228,0.005679369822088979
MLP,480,93,0.20609449,0,0.0,True,-0.0026531049357407317,-0.00244688993632005
MLP,480,93,0.19479723,0,0.0,True,0.0012576015746810774,-0.00024315858479265253
MLP,480,93,0.3458913,0,1.0,False,0.004823735315636865,0.004903187620367217
MLP,480,93,0.32425222,0,1.0,False,0.004526324872817371,0.005445104617752272
MLP,480,93,0.5687571,1,1.0,True,0.00799053584039493,0.009126974085057296
MLP,480,93,0.24758393,0,1.0,False,0.01313463632557723,0.010431500986078864
MLP,480,93,0.829988,1,1.0,True,0.006910864255255297,0.006747951123174632
MLP,480,93,0.17748132,0,1.0,False,0.005679476024575069,0.005559003813918913
MLP,480,93,0.20098099,0,0.0,True,-0.002532584619812882,-0.0014902145627104194
MLP,480,93,0.34423298,0,1.0,False,0.004186625999563575,0.006451088399648401
MLP,480,93,0.15307508,0,0.0,True,0.0013479203785039284,0.000696234426395302
MLP,480,93,0.18199457,0,0.0,True,0.0005985659894477705,-0.0016823023116233884
MLP,480,93,0.37185758,0,1.0,False,0.0062766319137404795,0.007223241654479841
MLP,480,93,0.16682391,0,1.0,False,0.007775726883394015,0.009124712983992101
MLP,480,93,0.1491406,0,1.0,False,0.007933114670415905,0.006069241390658709
MLP,480,93,0.37629983,0,1.0,False,0.004335684455654367,0.004736583721615273
MLP,480,93,0.21827272,0,0.0,True,-0.0018649870025353548,-0.0005044469319797714
MLP,480,93,0.25191343,0,0.0,True,-0.0018229427075290312,-0.00010497656076018146
MLP,480,93,0.11185233,0,0.0,True,0.0007888073702937584,0.001316545391507812
MLP,480,93,0.14552511,0,0.0,True,-0.002487920158045467,8.696852854703635e-05
MLP,480,93,0.3535649,0,1.0,False,0.003413943439562456,0.003448816835817984
MLP,480,93,0.35683104,0,0.0,True,0.005426620855944268,0.0030206217305429476
MLP,480,93,0.11788858,0,0.0,True,-0.0011963622020434012,-0.0012631226795659456
MLP,480,93,0.5994372,1,1.0,True,0.007147328777473272,0.006635870846313407
MLP,480,93,0.32569388,0,0.0,True,-0.0013457560352417167,-0.00028496104198916006
MLP,480,93,0.7227602,1,1.0,True,0.002372679809625623,0.0068248760614733365
MLP,480,93,0.13045618,0,0.0,True,0.0006856570489598853,0.0009432952161809296
MLP,480,93,0.59927994,1,1.0,True,0.0072869829628649605,0.006310775946426263
MLP,480,93,0.3098985,0,1.0,False,0.005916963177366361,0.005196203538015423
MLP,480,93,0.19388139,0,0.0,True,0.0024953136533318204,0.0011220318071087467
MLP,480,93,0.63026124,1,1.0,True,0.005230285627375227,0.004926439289926274
MLP,480,93,0.14527747,0,0.0,True,-0.0014903595638818487,-0.00045997178106043334
MLP,480,93,0.3176802,0,1.0,False,0.0034707710838645673,0.004706546351776913
MLP,480,93,0.26375932,0,1.0,False,0.00531681271590673,0.007360439125530588
MLP,480,93,0.16559142,0,1.0,False,0.00572499065770281,0.005958833135741855
MLP,480,93,0.27820382,0,0.0,True,0.00114682358624107,0.0007648317326228659
MLP,480,93,0.63453805,1,1.0,True,0.005547790033699962,0.006689996441902971
MLP,480,93,0.10514901,0,0.0,True,0.0006027655974857331,0.0014219459299992822
MLP,480,93,0.27737507,0,1.0,False,0.006597789368862867,0.00516828524933635
MLP,480,93,0.17319643,0,0.0,True,0.002124037357856145,0.0007027150047036555
MLP,480,93,0.15435162,0,0.0,True,0.0008171814760733754,-0.0005142608514374172
MLP,480,93,0.23244137,0,0.0,True,0.003349337154162948,0.0011889203921532762
MLP,480,93,0.14088479,0,0.0,True,-0.0006457952715567181,-0.001320614646847451
MLP,480,93,0.16639158,0,0.0,True,0.0015911449266594849,-0.0008497398429960062
MLP,480,93,0.7117161,1,1.0,True,0.004730154247781689,0.008588122319281346
MLP,480,93,0.19045122,0,0.0,True,0.00034763856184984166,0.0005482847752593987
MLP,480,93,0.27073973,0,1.0,False,0.009264478551397816,0.008264608600362095
MLP,480,93,0.16164933,0,0.0,True,0.0015694164611375786,0.0015796581043836353
MLP,480,93,0.29110882,0,0.0,True,-0.0002657286848922687,-0.0013894711007285706
MLP,480,93,0.18775018,0,0.0,True,0.004835329675184572,0.004148038852782692
MLP,480,93,0.4299191,0,1.0,False,0.00774548658136862,0.011297277255912884
MLP,480,93,0.47291884,0,1.0,False,0.00579444585272404,0.005156458793651497
MLP,480,93,0.20835051,0,0.0,True,-0.0002881152095217152,-0.0010332318384419362
MLP,480,93,0.19403392,0,0.0,True,-0.003170090664786242,-0.001936883069274999
MLP,480,93,0.87588525,1,1.0,True,0.009521334090173682,0.007631774279893452
MLP,480,93,0.1821643,0,0.0,True,-0.0032802304869025928,-0.0009368936768470969
MLP,480,93,0.121767715,0,0.0,True,-0.004020969741141471,-0.0021576308483318555
MLP,480,93,0.17747182,0,0.0,True,0.002922133607842614,0.0023550634356647527
MLP,480,93,0.1637265,0,1.0,False,0.004467559446868462,0.0070023206717110195
MLP,480,93,0.3797225,0,0.0,True,-0.0004573302558661556,9.506550037212595e-05
MLP,480,93,0.28502077,0,0.0,True,0.003010203778696125,0.0014371246545820339
MLP,480,93,0.23013647,0,1.0,False,0.005460175904521733,0.006776749544582955
MLP,480,93,0.5792102,1,1.0,True,0.006453911052708442,0.0054725844858258725
MLP,480,93,0.1541701,0,0.0,True,0.00025899731060265304,-0.0009248680494510196
MLP,480,93,0.3232415,0,1.0,False,0.003766271907020198,0.0031344869310635255
MLP,480,93,0.27652723,0,1.0,False,0.003085699246406729,0.005683900613879352
MLP,480,93,0.29376805,0,1.0,False,0.008631327826800385,0.006163718206043669
MLP,480,93,0.4704777,0,0.0,True,-0.002048835934614809,-0.0005835002511393616
MLP,480,93,0.31934175,0,1.0,False,0.0023901643617834562,0.004469777257221547
MLP,480,93,0.38596705,0,1.0,False,0.005877159244137274,0.0032920757844457707
MLP,480,93,0.3092264,0,1.0,False,0.004773267356287945,0.005993195145170462
MLP,480,93,0.22814299,0,1.0,False,0.003796427998810863,0.005795546006619662
MLP,480,93,0.13712399,0,0.0,True,-0.0012643237049555823,-0.0007949049828669778
MLP,480,93,0.261865,0,0.0,True,-0.005461029114822665,-0.002266556258395347
MLP,480,93,0.13695692,0,1.0,False,0.007472099094442953,0.00922150570903641
MLP,480,93,0.22381443,0,0.0,True,0.0004803645201205864,0.0016213805483571658
MLP,480,93,0.16332836,0,1.0,False,0.005878266361824167,0.00718644741746377
MLP,480,93,0.19030751,0,0.0,True,-0.002628661449165514,-0.0012773450075570303
MLP,480,93,0.58850765,1,1.0,True,0.004566785922952777,0.006282631466117852
MLP,480,93,0.34156126,0,1.0,False,0.005709878666391065,0.006164280886863146
MLP,480,93,0.2264471,0,1.0,False,0.007783898795889391,0.006442255517914142
MLP,480,93,0.15865128,0,0.0,True,-0.0006713339326674428,0.0020578155351597535
MLP,480,93,0.7361307,1,1.0,True,0.0037730489982720733,0.003972999896720303
MLP,480,93,0.24129258,0,0.0,True,-0.0023591706113434865,-0.00038930817323071763
MLP,480,93,0.13542594,0,0.0,True,-0.0009313516026660783,-0.002529866223929997
MLP,480,93,0.34621826,0,0.0,True,0.0009219690160818152,-0.0007010081175462432
MLP,480,93,0.1571808,0,0.0,True,-0.0010516943805234096,-0.0007698832401032564
MLP,480,93,0.11270208,0,0.0,True,-0.0008002708285231535,-9.142440038077305e-05
MLP,480,93,0.8795633,1,1.0,True,0.005406777997376837,0.006544205925569675
MLP,480,95,0.24889521,0,0.0,True,-0.0014806999775484676,-0.00016265623993615578
MLP,480,95,0.14280091,0,0.0,True,0.0010969499256644343,-0.00044311494968250753
MLP,480,95,0.4126872,0,1.0,False,0.009683107125685845,0.007228849126274608
MLP,480,95,0.22015153,0,0.0,True,0.0029675527619143762,0.002809478034850553
MLP,480,95,0.20807457,0,0.0,True,-0.0005327407530321942,0.0009861782930472096
MLP,480,95,0.45149994,0,1.0,False,0.0035574442311374055,0.005363623727744911
MLP,480,95,0.16644475,0,0.0,True,0.004310277415802938,0.001554350356052089
MLP,480,95,0.20518777,0,0.0,True,0.002791591568068068,0.0022066901077404787
MLP,480,95,0.1737649,0,0.0,True,-0.003197275799998697,-0.0013550045278669612
MLP,480,95,0.1275156,0,0.0,True,-0.0012178194476106523,-0.0010362311464620637
MLP,480,95,0.2354282,0,1.0,False,0.002443705717931926,0.002567778717542618
MLP,480,95,0.37510943,0,1.0,False,0.006060294071458744,0.004107411621796048
MLP,480,95,0.16381547,0,1.0,False,0.009827807710798879,0.006319647471294444
MLP,480,95,0.57375526,1,1.0,True,0.008888624057167838,0.005519422047109238
MLP,480,95,0.58712447,1,1.0,True,0.0037901304912213783,0.005527362577546181
MLP,480,95,0.27354977,0,1.0,False,0.00713436738001101,0.008378695605726539
MLP,480,95,0.6689205,1,1.0,True,0.006259770344344323,0.004685927431148431
MLP,480,95,0.11789372,0,0.0,True,-0.0014559193669061877,-6.853219801104235e-05
MLP,480,95,0.34050277,0,1.0,False,0.00597314491386899,0.006206157617201738
MLP,480,95,0.46393144,0,1.0,False,0.00903392349996542,0.007118439533396088
MLP,480,95,0.22228016,0,1.0,False,0.006527549675128502,0.0065299273874714694
MLP,480,95,0.73336416,1,1.0,True,0.006030426700946715,0.0078046557435440984
MLP,480,95,0.21778111,0,0.0,True,0.00227901734514431,-0.0003831600096783343
MLP,480,95,0.14441586,0,0.0,True,0.001755725661833035,-0.00034544539039345996
MLP,480,95,0.35215256,0,0.0,True,0.002529172507326841,0.0015915550821072643
MLP,480,95,0.12309188,0,0.0,True,-0.0014242576892064022,0.0009299091773656019
MLP,480,95,0.24577035,0,0.0,True,-0.0023327316753042203,-0.000624118063485008
MLP,480,95,0.44056094,0,1.0,False,0.011184704975944405,0.010947958345575916
MLP,480,95,0.75566417,1,1.0,True,0.0050695323687203345,0.007168902254986443
MLP,480,95,0.75478804,1,1.0,True,0.005578745593351703,0.008984126341232844
MLP,480,95,0.118958704,0,0.0,True,-0.001176198304587372,0.0002776751025949277
MLP,480,95,0.15102884,0,0.0,True,-0.002781232394698408,-0.0026841690638745542
MLP,480,95,0.13158533,0,0.0,True,-0.0002356436384839107,0.0007437378317382974
MLP,480,95,0.35423732,0,0.0,True,-0.0011226612435396028,-0.00013511645101461437
MLP,480,95,0.21087618,0,1.0,False,0.005659513522416031,0.005609852858275366
MLP,480,95,0.13769932,0,0.0,True,0.0041050799848374574,0.003399525883771617
MLP,480,95,0.15769526,0,0.0,True,-0.001125798287778695,-0.0021060902194264507
MLP,480,95,0.3892655,0,1.0,False,0.008706676138460566,0.009190597538126405
MLP,480,95,0.24654248,0,1.0,False,0.006241265876210865,0.005568861988665456
MLP,480,95,0.22805785,0,0.0,True,0.0008661545767674872,0.0005974870291571802
MLP,480,95,0.6574984,1,1.0,True,0.011098417227092696,0.010200130528178378
MLP,480,95,0.26513973,0,0.0,True,0.0001342982380007977,0.002315730199878872
MLP,480,95,0.12930185,0,0.0,True,0.004093736596616828,0.003126874887005837
MLP,480,95,0.60390615,1,1.0,True,0.009315593115897849,0.009116197150218277
MLP,480,95,0.3920109,0,1.0,False,0.009173192788276332,0.006387852872618663
MLP,480,95,0.5249423,1,1.0,True,0.0054365211505883705,0.007584769905274699
MLP,480,95,0.13824815,0,0.0,True,0.0006781061449892997,7.794222073776134e-05
MLP,480,95,0.6075575,1,1.0,True,0.012151573600278878,0.009874080531165301
MLP,480,95,0.8869271,1,1.0,True,0.004766150140175865,0.00568111724437489
MLP,480,95,0.15113214,0,0.0,True,0.0016863668327558676,0.0011656708516272565
MLP,480,95,0.50542283,1,1.0,True,0.005231438630538948,0.005202277452836996
MLP,480,95,0.6193362,1,1.0,True,0.008114863476074749,0.009843583973197605
MLP,480,95,0.20920487,0,0.0,True,-0.0014743561294661988,-0.0002913943570371719
MLP,480,95,0.5641625,1,1.0,True,0.005088465268712224,0.0028602055527521637
MLP,480,95,0.23043382,0,0.0,True,0.005489994303945095,0.0012986739198486694
MLP,480,95,0.22186746,0,0.0,True,0.0008683065587246689,0.0007387561494032488
MLP,480,95,0.15716264,0,0.0,True,-0.0019526332861964438,-9.536142725498624e-05
MLP,480,95,0.72957766,1,1.0,True,0.009741541013506659,0.005695158428695794
MLP,480,95,0.12622619,0,0.0,True,0.0027791337926754748,0.0011233319122852725
MLP,480,95,0.2209234,0,0.0,True,6.053255336416969e-05,-0.0003181622418045629
MLP,480,95,0.19131245,0,0.0,True,-0.00032919457770374746,-0.0018272220180406127
MLP,480,95,0.35579997,0,0.0,True,-0.001667766337499701,-0.0011731346339594435
MLP,480,95,0.17609978,0,0.0,True,0.002228053423698122,0.00168629357662258
MLP,480,95,0.50631344,1,1.0,True,0.008053423044784538,0.008475128566210537
MLP,480,95,0.201229,0,0.0,True,-0.003467726156242811,-0.002030018831133497
MLP,480,95,0.15392317,0,0.0,True,-0.002751819652026411,-0.0006304561427608977
MLP,480,95,0.20595321,0,0.0,True,0.0013689009070069645,0.0014921587971890942
MLP,480,95,0.1415635,0,0.0,True,0.00445346299785847,0.0009532248313679696
MLP,480,95,0.1708471,0,1.0,False,0.005954642961656597,0.005730323917581631
MLP,480,95,0.21405362,0,0.0,True,0.0010525422713898534,0.0007096788616317399
MLP,480,95,0.29340947,0,1.0,False,0.003956884172301616,0.0054374083466193135
MLP,480,95,0.5988543,1,1.0,True,0.007611174976254488,0.006356631247020603
MLP,480,95,0.14349422,0,0.0,True,0.0020441829399844525,0.0023031985534785705
MLP,480,95,0.5139588,1,1.0,True,0.0071703813359109215,0.00824375043620095
MLP,480,95,0.523084,1,1.0,True,0.0036170128772200177,0.005335990517676843
MLP,480,95,0.2670514,0,0.0,True,-0.0017924490025695255,-0.0018814606798616103
MLP,480,95,0.7439404,1,1.0,True,0.0040248389374249885,0.004103223162725982
MLP,480,95,0.2913678,0,0.0,True,0.0007741028648661212,0.002198626996262911
MLP,480,95,0.6716111,1,1.0,True,0.0029050323647362535,0.004684440376696498
MLP,480,95,0.42975408,0,1.0,False,0.008432114447082199,0.01152738345135496
MLP,480,95,0.12187087,0,0.0,True,0.0010620376084575765,0.00014440454994131769
MLP,480,95,0.5835022,1,0.0,False,0.0024055333086527237,0.0014240968508951433
MLP,480,95,0.42436448,0,1.0,False,0.006740876868555121,0.009168521257286904
MLP,480,95,0.13926902,0,0.0,True,-0.002084873690088064,-0.0014646588399996516
MLP,480,95,0.14379394,0,0.0,True,-6.695907613572275e-05,-0.0006678190801978817
MLP,480,95,0.20384642,0,0.0,True,0.001947761980869434,0.00016007240643997955
MLP,480,95,0.4751093,0,1.0,False,0.007259794957266705,0.006357059930500872
MLP,480,95,0.6001485,1,1.0,True,0.00671536115266623,0.004127463121663278
MLP,480,95,0.22791758,0,1.0,False,0.008132990151554864,0.008254781176929077
MLP,480,95,0.28692353,0,1.0,False,0.004094079773878344,0.005239214410024139
MLP,480,95,0.49253744,0,1.0,False,0.008060487320471574,0.008578000345918624
MLP,480,95,0.16985819,0,0.0,True,0.004432912147700938,0.0021126412202394046
MLP,480,95,0.7633758,1,1.0,True,0.0060066512515352475,0.007388726599910681
MLP,480,95,0.22331546,0,0.0,True,0.0010309164932143903,-0.0007225888986951308
MLP,480,95,0.12080399,0,0.0,True,-0.0014378611697389463,-0.0015308189553623894
MLP,480,95,0.43327314,0,1.0,False,0.010125131100284906,0.005999562413822844
MLP,480,95,0.33061808,0,0.0,True,-0.0015385329677730206,-0.000730466143217419
MLP,480,95,0.14794841,0,0.0,True,-0.003323076401044917,-0.0010799967837545504
MLP,480,95,0.36074454,0,1.0,False,0.0018177827106903952,0.003688024793547077
MLP,480,95,0.18648088,0,0.0,True,0.0025321317902114826,0.0005549941321980644
MLP,480,97,0.4488131,0,1.0,False,0.006918321325721609,0.00884999664935888
MLP,480,97,0.16535364,0,0.0,True,-0.0023602383014184273,-0.0007520290526312202
MLP,480,97,0.31842878,0,1.0,False,0.011539365870719456,0.0101776542373991
MLP,480,97,0.8715035,1,1.0,True,0.0061051483516026146,0.011114280329739025
MLP,480,97,0.6619631,1,1.0,True,0.0074244378917539145,0.007598777430374884
MLP,480,97,0.6568283,1,1.0,True,0.004639773449513393,0.009512815517596238
MLP,480,97,0.40511414,0,1.0,False,0.004965834183346896,0.00645594323639248
MLP,480,97,0.22670479,0,0.0,True,-0.0030797432163213643,-0.0016374593628641857
MLP,480,97,0.15146647,0,0.0,True,0.0032998962602902165,0.0013220902271380438
MLP,480,97,0.2882818,0,0.0,True,0.0005821512970797966,-0.00156809488976398
MLP,480,97,0.29385024,0,1.0,False,0.006687186033502714,0.006645859530547378
MLP,480,97,0.12969847,0,0.0,True,-0.0024800905404335515,1.6648197990486887e-05
MLP,480,97,0.12512998,0,0.0,True,0.002150969556944354,0.00031596757628294075
MLP,480,97,0.19320042,0,1.0,False,0.0021879141568328744,0.007898366737095592
MLP,480,97,0.13389088,0,0.0,True,0.0006641321862903961,-0.00026686711115695875
MLP,480,97,0.3609431,0,1.0,False,0.006027902996532338,0.005829636816963203
MLP,480,97,0.47631016,0,1.0,False,0.0053336144783155725,0.006907037785102599
MLP,480,97,0.2595333,0,0.0,True,0.0025100815545180044,-0.000435133051388677
MLP,480,97,0.1611813,0,0.0,True,-0.0019316781508707905,-0.001755228120656137
MLP,480,97,0.41629595,0,1.0,False,0.008921115525897126,0.006240015720391638
MLP,480,97,0.23408954,0,0.0,True,0.000834349324926337,0.00022135125704891796
MLP,480,97,0.14948691,0,1.0,False,0.011569514399371159,0.01319693418599177
MLP,480,97,0.6854557,1,1.0,True,0.007080676951777983,0.007636675698577375
MLP,480,97,0.15695105,0,0.0,True,0.0009072654272555085,-0.00021473487648814824
MLP,480,97,0.25172123,0,1.0,False,0.006012502642084835,0.006650304056118832
MLP,480,97,0.33228558,0,0.0,True,-0.0006416145816604338,-0.0011169015761643575
MLP,480,97,0.4108506,0,1.0,False,0.011520175429607316,0.010678738240325666
MLP,480,97,0.3960359,0,1.0,False,0.009168337168302856,0.007471202362027143
MLP,480,97,0.39602643,0,1.0,False,0.0035398785682920204,0.0035480207770317847
MLP,480,97,0.45301268,0,0.0,True,-0.00028702997136689914,-0.0007488561957946909
MLP,480,97,0.18529932,0,0.0,True,0.0010320128312264298,-0.0008785250002029153
MLP,480,97,0.7382178,1,1.0,True,0.011859684024236304,0.00874628094926885
MLP,480,97,0.13479532,0,0.0,True,-0.0022664704953312743,-0.00044024273697531956
MLP,480,97,0.19500478,0,0.0,True,-0.0004898068065712484,-1.1791217815272718e-05
MLP,480,97,0.19229063,0,0.0,True,-0.0023204728055491427,-0.0013260570206382496
MLP,480,97,0.124466084,0,0.0,True,0.0027974898458805156,0.0009194943067447101
MLP,480,97,0.20968442,0,0.0,True,0.0013107897294659862,0.0004544758645567231
MLP,480,97,0.16344649,0,0.0,True,-0.0007924726237276388,-0.002303917849172071
MLP,480,97,0.1547788,0,0.0,True,0.00020644220381169908,0.0004903789862609514
MLP,480,97,0.4007585,0,1.0,False,0.008364189504641923,0.008560435384409495
MLP,480,97,0.5018964,1,1.0,True,0.009359383826915271,0.006887773957588778
MLP,480,97,0.1441827,0,0.0,True,-0.0017041995927043858,0.0016988129541372354
MLP,480,97,0.2586093,0,0.0,True,0.0025034318313318553,0.0022883850416126838
MLP,480,97,0.21849225,0,1.0,False,0.002973425053077846,0.004683341489066134
MLP,480,97,0.77336484,1,1.0,True,0.009151551656053756,0.0062056945660676635
MLP,480,97,0.64521307,1,1.0,True,0.006923506035889039,0.0063559899757213946
MLP,480,97,0.33750388,0,1.0,False,0.005797329480779925,0.006687337705807274
MLP,480,97,0.8906479,1,1.0,True,0.009907811316161358,0.007493085082195797
MLP,480,97,0.44646427,0,0.0,True,-0.0024948627898395783,-0.0007733716009877729
MLP,480,97,0.30924946,0,0.0,True,-0.0027519504425150445,-0.0008608003440967768
MLP,480,97,0.7156387,1,1.0,True,0.004336559626987286,0.006043966364865826
MLP,480,97,0.48126903,0,0.0,True,0.0004604129814813365,-0.00045751847025975303
MLP,480,97,0.22822323,0,0.0,True,-0.00030826480314422673,-0.002511713119100827
MLP,480,97,0.2612924,0,1.0,False,0.004839153923126604,0.005110037877896011
MLP,480,97,0.14270854,0,0.0,True,0.0020005291556461032,0.00023061802726401294
MLP,480,97,0.1564583,0,1.0,False,0.008733241701040109,0.006426129678478496
MLP,480,97,0.15983054,0,0.0,True,0.0032835571485674807,0.0028907954571375516
MLP,480,97,0.82979053,1,1.0,True,0.008784808200585111,0.009211884122344471
MLP,480,97,0.27571356,0,1.0,False,0.005854492620299743,0.00787697566240242
MLP,480,97,0.16617557,0,0.0,True,0.000491924808454878,0.0007536853278446479
MLP,480,97,0.17509106,0,0.0,True,-0.0007379565871898383,0.00021466257817920532
MLP,480,97,0.63608795,1,1.0,True,0.005891695290945982,0.005406375174640071
MLP,480,97,0.354542,0,1.0,False,0.01086389388254327,0.008953991650351593
MLP,480,97,0.2753328,0,1.0,False,0.006661098838346361,0.006755217693544227
MLP,480,97,0.8184208,1,1.0,True,0.006446967111461183,0.0037540458466813827
MLP,480,97,0.14538789,0,0.0,True,-0.00045579769999861395,-0.0012663317116098157
MLP,480,97,0.9119448,1,1.0,True,0.01111446329192371,0.0108302103355644
MLP,480,97,0.3324513,0,0.0,True,0.0011071615822380685,-0.0009208064342574688
MLP,480,97,0.8462035,1,1.0,True,0.008624817682488328,0.008756056511859735
MLP,480,97,0.4039549,0,1.0,False,0.00323588053757836,0.0039054389853003576
MLP,480,97,0.847608,1,1.0,True,0.010277595459945376,0.01006257911876079
MLP,480,97,0.16812831,0,0.0,True,-0.007691558916766011,-0.004525725669646366
MLP,480,97,0.60761064,1,1.0,True,0.008559211355260886,0.006918050403244204
MLP,480,97,0.6284383,1,1.0,True,0.006763940174553948,0.008573708202031762
MLP,480,97,0.31581506,0,1.0,False,0.005200931735879086,0.00705737777024544
MLP,480,97,0.23994981,0,1.0,False,0.004776713912109585,0.007873870174074638
MLP,480,97,0.39969558,0,1.0,False,0.0027655165313023224,0.005602847859740566
MLP,480,97,0.5865222,1,1.0,True,0.008725455067747715,0.0086597427791924
MLP,480,97,0.31897414,0,1.0,False,0.010049678756532794,0.006765054980931575
MLP,480,97,0.44367832,0,1.0,False,0.0063204835474681325,0.0046331927382024475
MLP,480,97,0.15453185,0,0.0,True,0.0003931359952387241,-0.0005033145188261712
MLP,480,97,0.17705563,0,0.0,True,-0.0006691552439574538,-0.00031739309601492086
MLP,480,97,0.27983484,0,1.0,False,0.009501000000632032,0.006372067113947835
MLP,480,97,0.28725547,0,1.0,False,0.005696696781963674,0.006847783884408177
MLP,480,97,0.82264274,1,1.0,True,0.006932831693944738,0.005633917143387295
MLP,480,97,0.5243498,1,1.0,True,0.005337301688363924,0.00535614757444931
MLP,480,97,0.15819652,0,0.0,True,-0.0002104397798082581,0.000746691864404598
MLP,480,97,0.23815209,0,1.0,False,0.006720893886521502,0.007959806538956357
MLP,480,97,0.19064936,0,0.0,True,0.0012516542438527436,9.914944276174591e-05
MLP,480,97,0.2046714,0,0.0,True,0.0015396531300381341,-0.000700991550338532
MLP,480,97,0.5415784,1,1.0,True,0.0009879291941051478,0.005029044506556843
MLP,480,97,0.21034117,0,0.0,True,0.001657364101779944,-0.0008442868427761282
MLP,480,97,0.79865336,1,1.0,True,0.006703706141314112,0.006697641576338704
MLP,480,97,0.47201887,0,1.0,False,0.009022921174025176,0.007199508890834123
MLP,480,97,0.36007386,0,1.0,False,0.0025602764270375032,0.004679160690173631
MLP,480,97,0.23397687,0,1.0,False,0.009458071226936657,0.007582797496891281
MLP,480,97,0.2410376,0,1.0,False,0.01052492010577801,0.010723404241559991
MLP,480,97,0.21021467,0,0.0,True,0.0001821131196807928,0.0009965541539288991
MLP,480,97,0.18296602,0,0.0,True,0.0025624507511281544,0.0022168243708566297
MLP,480,97,0.3011084,0,0.0,True,0.001756570282497005,0.001967384182403629
MLP,480,99,0.15915284,0,0.0,True,-0.002402342610639091,-0.0004630738034785367
MLP,480,99,0.2072125,0,1.0,False,0.011524901416105557,0.008923635877687023
MLP,480,99,0.75131935,1,1.0,True,0.0069651381778289565,0.0066152567435035165
MLP,480,99,0.2919811,0,1.0,False,0.002474260060094243,0.003004120979446978
MLP,480,99,0.18837433,0,0.0,True,0.0015456666454750213,0.002248150689514539
MLP,480,99,0.5046503,1,1.0,True,0.010902113143546143,0.009294549569926812
MLP,480,99,0.14801529,0,0.0,True,-0.00011505634452856119,0.0008819292139233191
MLP,480,99,0.22566597,0,1.0,False,0.006705318807995582,0.006920956072384618
MLP,480,99,0.5888908,1,1.0,True,0.004685662429477527,0.004303336010091373
MLP,480,99,0.39916006,0,1.0,False,0.002800790833263497,0.00631742087082076
MLP,480,99,0.48473585,0,1.0,False,0.009274666813605954,0.008587537559259688
MLP,480,99,0.6142203,1,1.0,True,0.008905816136267118,0.008009238189225177
MLP,480,99,0.25346568,0,1.0,False,0.006218958082251118,0.005794348633091849
MLP,480,99,0.6173275,1,1.0,True,0.010720402879066906,0.01055262264566472
MLP,480,99,0.6901759,1,1.0,True,0.006555111468128801,0.007415410762182425
MLP,480,99,0.19661772,0,0.0,True,-7.930193002607342e-05,-0.00032746445910320675
MLP,480,99,0.18457976,0,0.0,True,0.0037123947895074546,0.002501542199799969
MLP,480,99,0.118009314,0,0.0,True,-0.001228757965103858,-5.907322102209793e-05
MLP,480,99,0.24270259,0,0.0,True,0.0016092553931802366,0.001284395680947405
MLP,480,99,0.38156816,0,1.0,False,0.0065135062342657896,0.008157785132889415
MLP,480,99,0.4035253,0,1.0,False,0.0032267725384094175,0.003822251323695588
MLP,480,99,0.1892263,0,1.0,False,0.008081088469741808,0.007697695179360049
MLP,480,99,0.1297524,0,0.0,True,-4.4400469061371736e-05,9.925907664965957e-05
MLP,480,99,0.13833378,0,0.0,True,0.0004948854085333889,0.0009046588723780388
MLP,480,99,0.2768417,0,0.0,True,0.0011708140671483581,0.0004451473213009157
MLP,480,99,0.39444563,0,1.0,False,0.005263493601482518,0.007768133281956184
MLP,480,99,0.33033624,0,1.0,False,0.005748230190404235,0.004504403181772934
MLP,480,99,0.8578912,1,1.0,True,0.011858047049615609,0.008583915629713088
MLP,480,99,0.13196927,0,1.0,False,0.008393471975855295,0.009838077011489465
MLP,480,99,0.19421308,0,0.0,True,-0.0010059311391812783,-0.0004980640285221985
MLP,480,99,0.19063741,0,0.0,True,-0.0005144143754621305,-9.930616746475464e-06
MLP,480,99,0.16226736,0,0.0,True,0.0009509741973267338,0.0017184760335782938
MLP,480,99,0.44009492,0,1.0,False,0.00994892803080317,0.009550822708040349
MLP,480,99,0.67604905,1,1.0,True,0.007002471156181898,0.007819618937405662
MLP,480,99,0.19535646,0,1.0,False,0.009879226004108472,0.007564420756836833
MLP,480,99,0.37159508,0,1.0,False,0.006416084395653643,0.0077554783354814435
MLP,480,99,0.14107598,0,0.0,True,-0.00018069404208033047,0.0005719040363126153
MLP,480,99,0.2103376,0,0.0,True,0.0014605266583583004,0.0017924131311219207
MLP,480,99,0.236229,0,1.0,False,0.007326236690657614,0.0066687920038009845
MLP,480,99,0.5284765,1,0.0,False,0.00015603135406482861,-0.0010498769717871186
MLP,480,99,0.27351213,0,1.0,False,0.008763432384963117,0.009503824251815982
MLP,480,99,0.19535075,0,0.0,True,-0.0001311638416384363,-0.0006146099344385867
MLP,480,99,0.5411635,1,1.0,True,0.007530630921478603,0.008065528271888908
MLP,480,99,0.40250456,0,1.0,False,0.0023125356610559263,0.0038868456836411752
MLP,480,99,0.17886141,0,0.0,True,0.0002783151862671806,0.001623930395139918
MLP,480,99,0.43735874,0,1.0,False,0.007598572185629667,0.007110498175098106
MLP,480,99,0.43328536,0,1.0,False,0.008837780363673012,0.007479612522250814
MLP,480,99,0.3245221,0,1.0,False,0.007298153580853031,0.0077063532728391445
MLP,480,99,0.30688867,0,1.0,False,0.007767925948373268,0.005912569191701678
MLP,480,99,0.16322699,0,0.0,True,-0.0015103701713273456,-0.0014766895098998196
MLP,480,99,0.57681113,1,1.0,True,0.00925134293666589,0.007860423786720994
MLP,480,99,0.16673213,0,0.0,True,-0.0053415240907439925,-0.002765228429729759
MLP,480,99,0.124750234,0,0.0,True,-0.004297212229675057,-0.0007315178582674113
MLP,480,99,0.5605704,1,1.0,True,0.009733592328115883,0.009865605361292646
MLP,480,99,0.15649301,0,0.0,True,-8.462935355227055e-05,-0.0010507291963996223
MLP,480,99,0.23878674,0,1.0,False,0.007126840704992666,0.009463879802863869
MLP,480,99,0.33233944,0,1.0,False,0.006042983290792288,0.007738143544508815
MLP,480,99,0.7317031,1,1.0,True,0.010162306906254512,0.007004066241771983
MLP,480,99,0.11883591,0,0.0,True,-0.00014788326402079253,-0.000148032048539117
MLP,480,99,0.26674247,0,0.0,True,0.0014365839682274795,0.0007632805455333214
MLP,480,99,0.13370562,0,0.0,True,0.0009886854640241921,0.0011030977069514227
MLP,480,99,0.23344575,0,0.0,True,0.0010372847864473784,0.0007335635457012534
MLP,480,99,0.12629342,0,0.0,True,-0.003695482199743556,-0.001060743360512806
MLP,480,99,0.18640569,0,0.0,True,-0.0007143080577798543,0.0011483717779827713
MLP,480,99,0.13226798,0,0.0,True,-0.0004715944489715265,0.0006774207883536052
MLP,480,99,0.30036548,0,1.0,False,0.00875289921192949,0.0069459700464065376
MLP,480,99,0.12213069,0,0.0,True,-0.00027690371276678993,-8.091232671397494e-05
MLP,480,99,0.30566967,0,0.0,True,-4.812837840184157e-05,-0.0008666801060103683
MLP,480,99,0.37093633,0,1.0,False,0.0036958385524124703,0.006960904126972516
MLP,480,99,0.14015283,0,0.0,True,0.0020685016855373248,0.002083554990716513
MLP,480,99,0.23303424,0,1.0,False,0.010897090127294734,0.008530483201050215
MLP,480,99,0.22116058,0,1.0,False,0.00485776261658412,0.004967639395534432
MLP,480,99,0.17666109,0,0.0,True,-0.001351813805614312,0.0005276216683502431
MLP,480,99,0.24557292,0,0.0,True,0.002320840221666912,0.0004902486108526145
MLP,480,99,0.6131967,1,1.0,True,0.005772192059938928,0.005513005379460995
MLP,480,99,0.19558871,0,1.0,False,0.002582792095960373,0.004553495622079311
MLP,480,99,0.71028507,1,1.0,True,0.00425451729967319,0.005947020486122592
MLP,480,99,0.5537191,1,1.0,True,0.010828791816786936,0.010125777817010384
MLP,480,99,0.23490979,0,0.0,True,-0.0010748675936519789,0.0005053863358935239
MLP,480,99,0.3693322,0,1.0,False,0.01089068446456182,0.008041584725641105
MLP,480,99,0.13120897,0,0.0,True,0.002054983268368323,0.0009735736344698693
MLP,480,99,0.39593437,0,1.0,False,0.009609653030451528,0.009462639945446886
MLP,480,99,0.56034243,1,1.0,True,0.009793782267725858,0.009855678279059664
MLP,480,99,0.12102499,0,0.0,True,-0.00037457146459554896,-0.0001442699372729052
MLP,480,99,0.16553319,0,0.0,True,-0.0011614796139047445,6.529784799107708e-05
MLP,480,99,0.33399633,0,1.0,False,0.006269568643113148,0.00766509808363468
MLP,480,99,0.59350103,1,1.0,True,0.007865771769577748,0.0077272653048530045
MLP,480,99,0.34085113,0,0.0,True,-0.0011933428418101286,-0.002226808658948603
MLP,480,99,0.17862487,0,0.0,True,-0.0002379646323064458,0.0011425040003652355
MLP,480,99,0.18764757,0,0.0,True,0.00139716567821776,6.121608616667386e-06
MLP,480,99,0.6852416,1,1.0,True,0.013360062722712543,0.012293671616518464
MLP,480,99,0.14150067,0,0.0,True,0.0001514267146095415,6.031105977845273e-05
MLP,480,99,0.18532464,0,0.0,True,0.005209864303375795,0.0034040432895360386
MLP,480,99,0.15814157,0,0.0,True,0.003149281193804008,0.0017984570567810957
MLP,480,99,0.121782236,0,0.0,True,0.001406065253832497,-0.00040811369268587517
MLP,480,99,0.5662256,1,1.0,True,0.006822150256374502,0.0063466186232484555
MLP,480,99,0.17383122,0,0.0,True,0.0004923045652055775,0.0003927409682337255
MLP,480,99,0.32608834,0,0.0,True,-0.0008393610896207297,0.00017426082238357004
MLP,480,99,0.50254864,1,1.0,True,0.006765220791739388,0.008875410706058896
MLP,480,99,0.21405405,0,1.0,False,0.012856587038034115,0.0096612616853052
MLP,480,100,0.21189505,0,0.0,True,-0.002284213011615913,-0.0025088413634902474
MLP,480,100,0.6023481,1,1.0,True,0.01028136442352176,0.007331543898930484
MLP,480,100,0.14068846,0,0.0,True,0.002654927719809199,0.0017779402119108372
MLP,480,100,0.5494997,1,0.0,False,-0.003167856741994204,-0.00015838502673839097
MLP,480,100,0.15575346,0,1.0,False,0.006591314539450509,0.006123516849109587
MLP,480,100,0.23574406,0,0.0,True,0.004696620925604917,0.0026509596953268526
MLP,480,100,0.4161718,0,1.0,False,0.00714178185701753,0.006261320834000096
MLP,480,100,0.73456836,1,1.0,True,0.006443841633906039,0.007678377072317748
MLP,480,100,0.5916581,1,1.0,True,0.005195777461918564,0.00659025462941021
MLP,480,100,0.25372142,0,0.0,True,-0.002653239258467599,-0.002107431502013871
MLP,480,100,0.23253827,0,1.0,False,0.008836372121506867,0.007660882654248788
MLP,480,100,0.3692775,0,0.0,True,-0.0018789894398693737,-0.0011538413932754596
MLP,480,100,0.2648498,0,1.0,False,0.003949103488075869,0.005606293396238213
MLP,480,100,0.80630153,1,1.0,True,0.005792210803336036,0.008145177731122935
MLP,480,100,0.1602716,0,0.0,True,0.0004296291738669494,-0.0010241700795028035
MLP,480,100,0.30943343,0,1.0,False,0.0087072882489491,0.008041507331324112
MLP,480,100,0.12224727,0,0.0,True,0.00342366889883331,0.0011588341813323518
MLP,480,100,0.61829215,1,1.0,True,0.005244079797104342,0.007857411095277525
MLP,480,100,0.17621244,0,1.0,False,0.008272338158370257,0.008076363747087045
MLP,480,100,0.642469,1,1.0,True,0.0051555443202199675,0.00563988291088791
MLP,480,100,0.57829773,1,1.0,True,0.008026435905211604,0.007660233535378066
MLP,480,100,0.14611937,0,0.0,True,0.0015655878694777498,0.001419162363781126
MLP,480,100,0.15940721,0,0.0,True,0.0028462391689341826,-0.00012889360642229835
MLP,480,100,0.1757775,0,0.0,True,-0.0028955385876807604,-0.002428540206026398
MLP,480,100,0.6034276,1,1.0,True,0.007790318417824015,0.005595463308821999
MLP,480,100,0.25503057,0,0.0,True,-0.0006082166107239916,-0.0021330165169556412
MLP,480,100,0.57271427,1,1.0,True,0.0087685056071405,0.006605496483353015
MLP,480,100,0.12347161,0,0.0,True,-0.00012276459612955022,0.0004997417186213134
MLP,480,100,0.17629395,0,0.0,True,0.0006075199834341409,5.509256193977224e-05
MLP,480,100,0.36530364,0,1.0,False,0.01125863965630876,0.00988065156896686
MLP,480,100,0.74166983,1,1.0,True,0.006370140032251133,0.006699408404688407
MLP,480,100,0.2048265,0,1.0,False,0.009422447723602298,0.009410281102377521
MLP,480,100,0.7012897,1,1.0,True,1.733900497349301e-05,0.00446271103100419
MLP,480,100,0.50819033,1,1.0,True,0.009063882829575121,0.008828387725409474
MLP,480,100,0.36010182,0,1.0,False,0.006840997503150266,0.0078360711932729
MLP,480,100,0.14094624,0,0.0,True,-0.001035827338455722,-0.0006278402081989693
MLP,480,100,0.14879158,0,1.0,False,0.00982892063233756,0.010226024876802551
MLP,480,100,0.9603789,1,1.0,True,0.0038837116775243415,0.00708281889892798
MLP,480,100,0.30701712,0,1.0,False,0.004199131721403157,0.007097925115570539
MLP,480,100,0.3654358,0,1.0,False,0.008103836491828989,0.008922440414478238
MLP,480,100,0.23872972,0,0.0,True,0.003957755808567834,0.0010273832020121663
MLP,480,100,0.4761345,0,1.0,False,0.006730172511658301,0.005522734307420774
MLP,480,100,0.31298745,0,0.0,True,-0.004359461616711581,-0.0018255375376260356
MLP,480,100,0.20013714,0,1.0,False,0.00807697402277977,0.00570028312872215
MLP,480,100,0.42857334,0,1.0,False,0.003504656740961293,0.0056109738231660084
MLP,480,100,0.17911164,0,1.0,False,0.008824208691370516,0.008328678100725838
MLP,480,100,0.59627485,1,1.0,True,0.003661769879402319,0.005515979881862402
MLP,480,100,0.59819096,1,1.0,True,0.009038016843478651,0.006879329095373127
MLP,480,100,0.121916495,0,0.0,True,-3.472519827741088e-05,0.00043570724384375814
MLP,480,100,0.347925,0,1.0,False,0.0031982791356464945,0.007351117389060021
MLP,480,100,0.30228317,0,1.0,False,0.006450665321930344,0.006545288283750897
MLP,480,100,0.55232,1,1.0,True,0.012017597374252677,0.008138802312831343
MLP,480,100,0.51293766,1,1.0,True,0.0036088617660943833,0.005872430772767171
MLP,480,100,0.15641464,0,0.0,True,-0.000694019647319334,-0.0011605001127781927
MLP,480,100,0.12827575,0,0.0,True,-0.0014446490637510124,-0.0020774692644569067
MLP,480,100,0.21734898,0,0.0,True,-0.0005572912434113412,0.0007918230318293782
MLP,480,100,0.30927593,0,1.0,False,0.006084098785295504,0.009420799629039928
MLP,480,100,0.15309922,0,0.0,True,-0.00022677842268182245,-0.0010151286130879744
MLP,480,100,0.76327634,1,1.0,True,0.0072544952137884155,0.00842897093527999
MLP,480,100,0.1284881,0,0.0,True,0.0008256017397496465,-0.0014548957375665455
MLP,480,100,0.14856634,0,0.0,True,0.0007238673892546053,0.0006068014231003084
MLP,480,100,0.62647426,1,1.0,True,0.0034910114857323103,0.004217331097150515
MLP,480,100,0.25990576,0,1.0,False,0.006844143164168406,0.007735539469477107
MLP,480,100,0.2684682,0,0.0,True,-0.0019373826510647146,-0.001381534149785739
MLP,480,100,0.23443532,0,0.0,True,0.001639676688318238,0.00016971216246386162
MLP,480,100,0.25997308,0,0.0,True,0.0012009800680054302,0.0004447004828074838
MLP,480,100,0.2735896,0,0.0,True,-0.0006977118216818213,2.8530087154901886e-05
MLP,480,100,0.71799546,1,1.0,True,0.004738523664234297,0.006819854382627786
MLP,480,100,0.70587075,1,1.0,True,0.009349171488661271,0.010277639810907707
MLP,480,100,0.6742629,1,1.0,True,0.007490658284931357,0.008896475820018738
MLP,480,100,0.43711147,0,1.0,False,0.005853961528594446,0.007484112133753335
MLP,480,100,0.19753815,0,0.0,True,-0.0003608438147148427,0.00018311059867927009
MLP,480,100,0.29426003,0,0.0,True,-0.0019430240592501276,-0.0012520696384760307
MLP,480,100,0.16042362,0,0.0,True,-0.0017487590567849417,-6.996137533543658e-05
MLP,480,100,0.18048662,0,0.0,True,0.0002346118013649891,0.0005791361793961161
MLP,480,100,0.27166942,0,1.0,False,0.0058326259569157655,0.0068492162698856026
MLP,480,100,0.49916515,0,1.0,False,0.009839505880246728,0.008800274653156687
MLP,480,100,0.36057147,0,1.0,False,0.01060949473416456,0.008339288921111795
MLP,480,100,0.17548306,0,0.0,True,-0.0012708580318482605,0.0004998901976868324
MLP,480,100,0.36667275,0,1.0,False,0.007417882675246191,0.008913862636324075
MLP,480,100,0.14657862,0,0.0,True,0.001246897679628481,0.000617206666378619
MLP,480,100,0.50743914,1,1.0,True,0.005073297546817495,0.0054271768866003154
MLP,480,100,0.14300527,0,1.0,False,0.005522287874558765,0.004443965427977443
MLP,480,100,0.15192816,0,0.0,True,-0.0013719982578486345,-0.0010293676052172426
MLP,480,100,0.91852653,1,1.0,True,0.005998419090657492,0.00602673341781671
MLP,480,100,0.18273474,0,1.0,False,0.008860239665908405,0.011212224747414063
MLP,480,100,0.69800144,1,0.0,False,0.0002921644608143123,-0.0001864462320883286
MLP,480,100,0.3993372,0,1.0,False,0.006454039392941589,0.005873002395844513
MLP,480,100,0.13350195,0,0.0,True,0.001320324878857128,-0.0007251776629342012
MLP,480,100,0.43788615,0,1.0,False,0.00583000673411424,0.007777806987490874
MLP,480,100,0.1425339,0,1.0,False,0.009018233428580956,0.006833404561279234
MLP,480,100,0.15537646,0,0.0,True,-0.002356921316575444,0.0007712915416512238
MLP,480,100,0.18647487,0,0.0,True,-9.3247363990073e-05,0.0010126041282934092
MLP,480,100,0.40151885,0,1.0,False,0.009304408101973789,0.007837914188361
MLP,480,100,0.2516723,0,0.0,True,-0.0006976830980513891,0.0008560431377899617
MLP,480,100,0.6046894,1,1.0,True,0.010050536847643265,0.006703772516695997
MLP,480,100,0.1959194,0,1.0,False,0.005347584446076922,0.006276316447061806
MLP,480,100,0.26757854,0,0.0,True,0.00022026826729106894,-0.0014909652574904117
MLP,480,100,0.3466612,0,1.0,False,0.004294239821795986,0.0043549715867134044
MLP,480,100,0.71731716,1,1.0,True,0.008405686819198843,0.008397091974798538
MLP,480,102,0.18069284,0,1.0,False,0.004335802320441733,0.007174468334968913
MLP,480,102,0.3663249,0,1.0,False,0.00900107767771756,0.00767390497474144
MLP,480,102,0.1557344,0,0.0,True,-0.0023854556686516647,-0.002004741814428021
MLP,480,102,0.19855669,0,0.0,True,-0.00013056275427867557,-0.0011538270449611384
MLP,480,102,0.15461078,0,0.0,True,-0.0008231544856292795,-0.0014031199719553992
MLP,480,102,0.6462233,1,1.0,True,0.00595674520940463,0.006868426924331462
MLP,480,102,0.7765617,1,1.0,True,0.004514038736706639,0.005446254443260197
MLP,480,102,0.17052211,0,0.0,True,0.003031422296469043,0.0006784418901257475
MLP,480,102,0.6588395,1,1.0,True,0.012952839450568233,0.007980626604860418
MLP,480,102,0.66607803,1,1.0,True,0.005723740905795357,0.006491670059142291
MLP,480,102,0.2770735,0,0.0,True,-0.0011117996659348497,-0.002662774369878459
MLP,480,102,0.40521058,0,1.0,False,0.009612585162683897,0.007028635841416739
MLP,480,102,0.13776001,0,0.0,True,-0.000594472997648338,0.00010571587939330922
MLP,480,102,0.69902396,1,1.0,True,0.005946617850726033,0.006427165925256636
MLP,480,102,0.43958688,0,1.0,False,0.008089295429770129,0.009255981091371294
MLP,480,102,0.16238098,0,0.0,True,-0.0023844869071298546,-0.0011200646031317143
MLP,480,102,0.26424733,0,0.0,True,0.0012766396083671364,-0.0013257192134767417
MLP,480,102,0.16729455,0,0.0,True,-0.00040010749178699597,0.0011316463650920033
MLP,480,102,0.1456467,0,0.0,True,0.00343371120636755,0.0006378038459131285
MLP,480,102,0.22144078,0,1.0,False,0.003010362182141619,0.00705432344292238
MLP,480,102,0.5760788,1,1.0,True,0.004714002822398891,0.0038352768129897687
MLP,480,102,0.30917987,0,0.0,True,0.0013092282666143844,-0.000575037817910614
MLP,480,102,0.23168766,0,1.0,False,0.004878157822382598,0.007007665203332132
MLP,480,102,0.12783962,0,0.0,True,0.0020305821841103324,0.001170832739393561
MLP,480,102,0.19627541,0,0.0,True,-0.0009408427697860204,0.0017617966119142865
MLP,480,102,0.19390468,0,0.0,True,0.00034892437844406804,0.0007586700824255694
MLP,480,102,0.25890538,0,1.0,False,0.006615900294257739,0.00719399083268769
MLP,480,102,0.12745863,0,0.0,True,-0.0034097220441468433,0.000762195143243429
MLP,480,102,0.34464088,0,1.0,False,0.007872782981870675,0.008652116471812172
MLP,480,102,0.82815313,1,1.0,True,0.008149147894276886,0.009289497836908614
MLP,480,102,0.4262323,0,1.0,False,0.006180817115413087,0.005595928786898985
MLP,480,102,0.39245066,0,1.0,False,0.007984554582187506,0.006547715371613387
MLP,480,102,0.22924645,0,1.0,False,0.008176295548208085,0.007958117244327972
MLP,480,102,0.2899064,0,1.0,False,0.005812276732224216,0.008078932613001617
MLP,480,102,0.15854698,0,0.0,True,0.0014228967740368558,0.0015899849740503415
MLP,480,102,0.3134805,0,1.0,False,0.010986407886982944,0.01012711754842438
MLP,480,102,0.16136459,0,0.0,True,0.00027584849286724206,0.00033687906784953637
MLP,480,102,0.28259066,0,0.0,True,0.0004964431636897724,-0.0010183292960512195
MLP,480,102,0.14035475,0,0.0,True,-0.002801362368756778,-0.0008886192223542827
MLP,480,102,0.13702244,0,0.0,True,0.0016784905256226478,0.0012840113871819315
MLP,480,102,0.27135226,0,1.0,False,0.003939949507643417,0.005793814644359351
MLP,480,102,0.6465683,1,1.0,True,0.008015149107979418,0.008590114650198679
MLP,480,102,0.2679543,0,1.0,False,0.004717527272352184,0.006068461636936021
MLP,480,102,0.1765637,0,0.0,True,-0.002386705327248776,-0.00131308826609832
MLP,480,102,0.12448757,0,0.0,True,0.0015678521657488185,0.002692844079165882
MLP,480,102,0.35345307,0,1.0,False,0.010261718055312914,0.011177640740812986
MLP,480,102,0.20921873,0,0.0,True,-0.0007211346525103003,-0.002955211257867857
MLP,480,102,0.16711801,0,0.0,True,0.0002947201317679156,-0.00028836687179557217
MLP,480,102,0.50436026,1,1.0,True,0.006588189227714414,0.004235007747116108
MLP,480,102,0.32155252,0,1.0,False,0.006727225661719831,0.00913838737746024
MLP,480,102,0.755769,1,1.0,True,0.011786149269697932,0.01176366655463419
MLP,480,102,0.13000964,0,0.0,True,0.0006437021572720947,0.0011711947056774641
MLP,480,102,0.28332004,0,1.0,False,0.005272367935899851,0.006971174876600105
MLP,480,102,0.28448373,0,0.0,True,0.0012706428767194247,0.0009499403423732193
MLP,480,102,0.6332548,1,1.0,True,0.004418493195266841,0.0060515031778320145
MLP,480,102,0.72930527,1,1.0,True,0.00742323820733266,0.005794118899031179
MLP,480,102,0.36479333,0,1.0,False,0.0028365827636192753,0.005116938143768106
MLP,480,102,0.56691897,1,1.0,True,0.00650658685335844,0.005738411425455595
MLP,480,102,0.788303,1,1.0,True,0.00952776754143327,0.009328574355324004
MLP,480,102,0.24536726,0,1.0,False,0.010222411765430503,0.01117249154971092
MLP,480,102,0.12243159,0,0.0,True,-0.0026244799985213653,-0.0011642099882938897
MLP,480,102,0.152608,0,0.0,True,-0.001636934602886004,-0.00024043500137335664
MLP,480,102,0.8606772,1,1.0,True,0.011665276877072889,0.00988292428405763
MLP,480,102,0.18509533,0,0.0,True,0.00035664276113231587,0.00027864672662585797
MLP,480,102,0.29937774,0,0.0,True,-0.002421438451580107,-0.0008522830822856695
MLP,480,102,0.11772425,0,0.0,True,0.0015656441741717618,0.002050537404362625
MLP,480,102,0.4068344,0,0.0,True,-0.001622985087839883,-0.0024473344271309268
MLP,480,102,0.358562,0,0.0,True,-5.294902395407903e-05,-0.0012590378394920576
MLP,480,102,0.55240524,1,1.0,True,0.01051087980430545,0.009298576038411067
MLP,480,102,0.26446384,0,1.0,False,0.012525903987850575,0.010327301048030368
MLP,480,102,0.33701965,0,1.0,False,0.00985561369160523,0.010357886698210098
MLP,480,102,0.13252017,0,0.0,True,0.0024089917246060905,-0.0012978641256700567
MLP,480,102,0.12584291,0,0.0,True,0.004552542767172684,0.0028800959466971604
MLP,480,102,0.15105161,0,0.0,True,-0.0016362830425055701,-0.0016598553107609359
MLP,480,102,0.73389834,1,1.0,True,0.010877415118924687,0.006504288467890806
MLP,480,102,0.13181414,0,0.0,True,-0.004472669785357878,-0.0033670857392843674
MLP,480,102,0.61741185,1,0.0,False,-0.004353456025834094,-0.0019457679242742979
MLP,480,102,0.29161245,0,1.0,False,0.00839292230590536,0.009511993476413702
MLP,480,102,0.20182808,0,0.0,True,-0.0008565380229525829,-0.0012360835774425057
MLP,480,102,0.15721712,0,0.0,True,0.0021946962024966764,0.0008383510958738267
MLP,480,102,0.8182538,1,1.0,True,0.010696689603805936,0.00734680911267154
MLP,480,102,0.14774555,0,0.0,True,0.0029630723040853903,0.001812493355527604
MLP,480,102,0.14926384,0,0.0,True,0.0056534481586818,0.003186361371349425
MLP,480,102,0.14990559,0,0.0,True,0.0008194896858625937,0.0006417662884019719
MLP,480,102,0.20958652,0,1.0,False,0.009244039913119196,0.010564045683739847
MLP,480,102,0.17185886,0,0.0,True,0.0028009253914746328,0.0007662179853228719
MLP,480,102,0.16828346,0,0.0,True,-0.004251844908383691,-0.0024531386892185877
MLP,480,102,0.16558006,0,0.0,True,-0.002143047010667447,1.4199505363500138e-05
MLP,480,102,0.19689013,0,0.0,True,0.0015545224964316387,0.00047178707315427646
MLP,480,102,0.1705139,0,1.0,False,0.004919347862188072,0.006535915797064453
MLP,480,102,0.3435446,0,1.0,False,0.008913229985635287,0.010881684278322298
MLP,480,102,0.7629244,1,1.0,True,0.00827158635167507,0.009564265139172365
MLP,480,102,0.19646306,0,0.0,True,-0.0005556144269902682,0.00199968494099851
MLP,480,102,0.6508659,1,1.0,True,0.01185199246706705,0.010261819142639168
MLP,480,102,0.2597275,0,0.0,True,7.545778513801205e-05,-0.001126226504959402
MLP,480,102,0.18487263,0,0.0,True,0.0028059374308737127,0.0019206028758134953
MLP,480,102,0.757065,1,1.0,True,0.007359171473241661,0.007445791015113275
MLP,480,102,0.27783987,0,0.0,True,-0.006074825180937541,-0.0017789209158939636
MLP,480,102,0.14806029,0,0.0,True,-0.002600988795846557,-0.0007663881012683859
MLP,480,102,0.12758382,0,0.0,True,-0.0025395452139324527,-0.002167599732315473
MLP,480,104,0.32210878,0,1.0,False,0.010258955731425446,0.010085969994711
MLP,480,104,0.5270241,1,1.0,True,0.008531296824782368,0.007804536748472558
MLP,480,104,0.38278726,0,1.0,False,0.005120263139297811,0.007345672208372323
MLP,480,104,0.7291614,1,1.0,True,0.00998610133685225,0.005812434076891046
MLP,480,104,0.8627645,1,1.0,True,0.007341528372262708,0.010456781220446368
MLP,480,104,0.80236584,1,1.0,True,0.012742470604377889,0.011993948394939202
MLP,480,104,0.16552396,0,0.0,True,0.0025535257508662755,0.002469029062642635
MLP,480,104,0.17133029,0,1.0,False,0.011585186255416048,0.00764848889689734
MLP,480,104,0.46020502,0,0.0,True,0.004062111128116918,0.0005615092928994525
MLP,480,104,0.42888921,0,1.0,False,0.009710530882635977,0.010004191887399969
MLP,480,104,0.180336,0,0.0,True,0.0018868197688350261,-0.0007104840808409768
MLP,480,104,0.1299019,0,0.0,True,-0.003532882794739098,-0.0009590423120846296
MLP,480,104,0.23980777,0,0.0,True,0.0002843898876161522,0.0003019962901612375
MLP,480,104,0.33893225,0,1.0,False,0.007108461462587726,0.00733322409467908
MLP,480,104,0.27839133,0,1.0,False,0.012376957753815216,0.007928026320389647
MLP,480,104,0.20916332,0,0.0,True,0.0020336392398945546,0.0007691082648893405
MLP,480,104,0.73117685,1,1.0,True,0.010041457020420133,0.00966346639450508
MLP,480,104,0.15225029,0,0.0,True,0.0014693549505689905,-0.00031034450218261905
MLP,480,104,0.14592548,0,0.0,True,0.0002122218578796378,-6.169427303547506e-05
MLP,480,104,0.12960568,0,0.0,True,0.0056929132750742,0.003369647678917316
MLP,480,104,0.46834078,0,1.0,False,0.008815884430978405,0.006174170147219947
MLP,480,104,0.15487203,0,0.0,True,0.0012683740005026034,0.00016819122306689264
MLP,480,104,0.7611492,1,1.0,True,0.010803343845181335,0.008368022723571804
MLP,480,104,0.13193794,0,0.0,True,-0.0015975847399305166,-0.0013515780634427846
MLP,480,104,0.29310524,0,0.0,True,-0.001062347681568689,-0.0016120857787457724
MLP,480,104,0.32367483,0,1.0,False,0.008341674183318722,0.008189150509037816
MLP,480,104,0.24337374,0,0.0,True,0.0003554484120500106,-3.1544209014981736e-05
MLP,480,104,0.16752005,0,0.0,True,0.0013130159816446873,-0.0005630297665547385
MLP,480,104,0.1294666,0,1.0,False,0.006622439949147636,0.006595040724140672
MLP,480,104,0.15024158,0,0.0,True,-0.0006460293983215137,0.0011253644983551586
MLP,480,104,0.19448139,0,0.0,True,0.0021303983470713755,0.0010833633834349099
MLP,480,104,0.12082816,0,0.0,True,-0.0008210717545826658,-0.0009090309928326728
MLP,480,104,0.2795119,0,1.0,False,0.00696767875112223,0.005703596496648881
MLP,480,104,0.1329705,0,0.0,True,-0.0031532568279694553,-0.002446951116219617
MLP,480,104,0.2319393,0,1.0,False,0.01056123284994656,0.009195387236525193
MLP,480,104,0.6602791,1,1.0,True,0.01043819690096634,0.00987434289231533
MLP,480,104,0.86512756,1,1.0,True,0.010263972633239853,0.007701505032598726
MLP,480,104,0.45305026,0,1.0,False,0.0058391460775902475,0.006590108829446563
MLP,480,104,0.5424059,1,1.0,True,0.009880452347348552,0.006229141074795823
MLP,480,104,0.7506178,1,1.0,True,0.011281551112546303,0.010179371547130825
MLP,480,104,0.46835238,0,1.0,False,0.009324375968621844,0.010448595665198436
MLP,480,104,0.24466324,0,1.0,False,0.0073903780476841765,0.008839296743062256
MLP,480,104,0.123408474,0,0.0,True,-7.959157217804799e-05,-0.0008719890390769876
MLP,480,104,0.24106453,0,1.0,False,0.01079446531580704,0.008001829768917348
MLP,480,104,0.6024684,1,1.0,True,0.0035069327534947145,0.0027317988282220046
MLP,480,104,0.5359253,1,1.0,True,0.011507914750588627,0.009042662821972754
MLP,480,104,0.23752964,0,0.0,True,-0.0001432773206126054,0.0005443677928223117
MLP,480,104,0.1762147,0,1.0,False,0.008695187817633896,0.011076897702533716
MLP,480,104,0.33421603,0,1.0,False,0.00720197477298265,0.0092435701619112
MLP,480,104,0.194912,0,0.0,True,0.00010140211042476441,0.0004629255643974547
MLP,480,104,0.1510255,0,0.0,True,-0.0023430928160858362,-0.0019097266015993299
MLP,480,104,0.6759153,1,1.0,True,0.009084266508025487,0.008588768133597132
MLP,480,104,0.75988823,1,1.0,True,0.011166022493501933,0.00834781616341532
MLP,480,104,0.17800699,0,0.0,True,0.0013045561084644454,8.847332492289686e-06
MLP,480,104,0.22471718,0,1.0,False,0.009494497143160191,0.008716671564060866
MLP,480,104,0.25432897,0,1.0,False,0.008417935658055124,0.007825700581927575
MLP,480,104,0.34714076,0,1.0,False,0.00843813259948841,0.01009722017561608
MLP,480,104,0.2730502,0,1.0,False,0.00843180091624664,0.009572413771071906
MLP,480,104,0.1237582,0,0.0,True,0.001445225420106505,-0.00012497291365018114
MLP,480,104,0.60050815,1,1.0,True,0.010751554982517992,0.00737983240333011
MLP,480,104,0.5772564,1,1.0,True,0.01026621848367745,0.009249703709860186
MLP,480,104,0.53570074,1,1.0,True,0.009743100454603783,0.009061415818906396
MLP,480,104,0.5321282,1,1.0,True,0.01134276999018718,0.007836670938351598
MLP,480,104,0.16667306,0,0.0,True,-0.0004974339780447776,0.002166583811796292
MLP,480,104,0.6157401,1,1.0,True,0.006647865623249447,0.007141726386293911
MLP,480,104,0.76418275,1,1.0,True,0.008355201474417144,0.0056296946409429
MLP,480,104,0.15614462,0,0.0,True,0.0039738082171604985,0.0021754484134550237
MLP,480,104,0.33109483,0,1.0,False,0.010118252189299168,0.011235112896466374
MLP,480,104,0.14133604,0,0.0,True,-0.0006244374622289689,0.0017389261142968283
MLP,480,104,0.19978462,0,0.0,True,-0.0012080481872701605,-0.001980073546063922
MLP,480,104,0.15040062,0,0.0,True,-0.0022407030146452027,-0.0006800034323080791
MLP,480,104,0.12886766,0,0.0,True,0.0023222018033397726,0.00019158488528865175
MLP,480,104,0.2670513,0,0.0,True,-0.0019553685134449713,-0.000612332390343304
MLP,480,104,0.58710116,1,1.0,True,0.010071615536293552,0.011279040685705684
MLP,480,104,0.2243354,0,0.0,True,-0.0015483646529674323,-0.0015543339038047207
MLP,480,104,0.62937987,1,1.0,True,0.005297259748756567,0.008320169177837646
MLP,480,104,0.4440826,0,1.0,False,0.010723368426878146,0.008571124492063818
MLP,480,104,0.27395043,0,0.0,True,-0.00161809811216626,-0.0010315677910878345
MLP,480,104,0.179413,0,0.0,True,-0.0028546590991012474,-0.0010551816522117142
MLP,480,104,0.21569535,0,1.0,False,0.006268127661628551,0.007424497884931434
MLP,480,104,0.9041539,1,1.0,True,0.008339169253240353,0.007819934145444475
MLP,480,104,0.12485583,0,0.0,True,6.616051421452948e-06,0.001134525063470621
MLP,480,104,0.34828827,0,0.0,True,0.002061047487865523,0.0008963591445245685
MLP,480,104,0.18460315,0,0.0,True,-0.0002522508280033858,-0.00032216085076052615
MLP,480,104,0.16458163,0,0.0,True,-0.0003634722968391121,-0.0013001992484484252
MLP,480,104,0.14006408,0,0.0,True,0.004252643903544144,0.0019888324878721995
MLP,480,104,0.615962,1,1.0,True,0.008355846845666386,0.010005821393328614
MLP,480,104,0.82933795,1,1.0,True,0.01098546819690296,0.012133368973592048
MLP,480,104,0.23845315,0,0.0,True,0.0020136783706510156,0.0008618103055876787
MLP,480,104,0.12445269,0,0.0,True,-0.0019419829524543904,1.966113730829046e-05
MLP,480,104,0.6539734,1,1.0,True,0.011668135797086362,0.010199955090280814
MLP,480,104,0.2969629,0,1.0,False,0.007706798037557114,0.008777129953233936
MLP,480,104,0.13453771,0,0.0,True,0.0026817803833136195,0.0002594346946383358
MLP,480,104,0.19624506,0,1.0,False,0.005757034117825959,0.008236305201337479
MLP,480,104,0.15041302,0,0.0,True,-0.002279985961302701,-0.0026611824152248257
MLP,480,104,0.21397798,0,1.0,False,0.009807245220996741,0.011289167911665902
MLP,480,104,0.3080221,0,0.0,True,-0.00036029275847100504,8.800310002891186e-05
MLP,480,104,0.72427857,1,1.0,True,0.004899322909991367,0.004726383734745962
MLP,480,104,0.13028574,0,0.0,True,-0.0010888293850510986,-0.001804037876445143
MLP,480,104,0.28842834,0,1.0,False,0.004957083391531287,0.008423452935290277
MLP,480,106,0.5612885,1,1.0,True,0.007306788561981828,0.007566983728732916
MLP,480,106,0.3721861,0,0.0,True,-0.001879642284291942,-3.13299392905244e-05
MLP,480,106,0.42554954,0,1.0,False,0.005613709525000163,0.007021809249405412
MLP,480,106,0.5683447,1,1.0,True,0.006328423315915271,0.006921293128047196
MLP,480,106,0.18237723,0,1.0,False,0.00647147386917414,0.008289480781200325
MLP,480,106,0.8597563,1,1.0,True,0.0092364387155169,0.01122235973108763
MLP,480,106,0.69742,1,1.0,True,0.01071459907839787,0.00931899053438324
MLP,480,106,0.30626163,0,0.0,True,0.0006783473748357438,0.0009490007616220367
MLP,480,106,0.14626063,0,0.0,True,0.0020120088301067507,0.001286773067408707
MLP,480,106,0.4519687,0,1.0,False,0.00932493656770799,0.009539335454488693
MLP,480,106,0.7014371,1,1.0,True,0.00629594656840317,0.009097185903857065
MLP,480,106,0.34406033,0,0.0,True,-0.00253239852677621,-0.001794893889614865
MLP,480,106,0.21376964,0,0.0,True,-0.0005774441923974881,0.0014033944483621446
MLP,480,106,0.71263397,1,1.0,True,0.0059869991776394784,0.005766320307443036
MLP,480,106,0.6976325,1,1.0,True,0.004027900592147972,0.005394417625309036
MLP,480,106,0.19491953,0,0.0,True,-0.0010170902827008432,-0.0010832654712905545
MLP,480,106,0.123185396,0,0.0,True,0.0006303110592427379,-0.0006666640765948218
MLP,480,106,0.18965593,0,0.0,True,-0.0011598493810496267,-0.0008215103797785049
MLP,480,106,0.39380044,0,1.0,False,0.011826935310994666,0.01137354109583175
MLP,480,106,0.19310088,0,0.0,True,-0.0013488208205335432,-0.00026174751889225257
MLP,480,106,0.25404882,0,0.0,True,-0.003431646834903149,-0.0011887364256128617
MLP,480,106,0.2546856,0,1.0,False,0.010378343245095765,0.009235809903657657
MLP,480,106,0.74587387,1,1.0,True,0.013522163676445454,0.012599403968035409
MLP,480,106,0.13515887,0,0.0,True,0.0020836930450760793,0.0026346088871303285
MLP,480,106,0.10564199,0,0.0,True,-0.0010926264502731907,-0.0001743123127582234
MLP,480,106,0.3440504,0,1.0,False,0.010260369439121925,0.009487321476867469
MLP,480,106,0.120588325,0,0.0,True,0.0009954526339123744,-0.0005359896542794769
MLP,480,106,0.2470465,0,0.0,True,-0.003481587608327905,-0.00020238041607711097
MLP,480,106,0.14228155,0,0.0,True,-0.001684094942580424,-0.003805997101982168
MLP,480,106,0.5247576,1,1.0,True,0.009582984288762586,0.007712578817477891
MLP,480,106,0.5463873,1,1.0,True,0.006986572114583088,0.0068903645969321465
MLP,480,106,0.7031775,1,1.0,True,0.007719345144721544,0.008729742465553943
MLP,480,106,0.56966054,1,1.0,True,0.009385694111232317,0.010862963920649685
MLP,480,106,0.7926563,1,1.0,True,0.004592241474255341,0.004731913359810953
MLP,480,106,0.12542723,0,0.0,True,0.0017570265730945693,0.0003482379133945109
MLP,480,106,0.15585431,0,0.0,True,-0.0016540479253739527,0.0012091228144562162
MLP,480,106,0.44189426,0,0.0,True,-0.0016816824951082438,0.0001758709494533584
MLP,480,106,0.17085707,0,0.0,True,-0.0019289238106058868,0.00039422594068064975
MLP,480,106,0.33964774,0,1.0,False,0.005774702048851989,0.008976594846271358
MLP,480,106,0.8768284,1,1.0,True,0.009264123996073622,0.009652569992900803
MLP,480,106,0.264112,0,0.0,True,-0.0010383687790526568,-0.0019885308645453477
MLP,480,106,0.1398895,0,0.0,True,0.0018216863189900233,0.0016972808205035093
MLP,480,106,0.40303826,0,1.0,False,0.005704343337031261,0.011113210392070859
MLP,480,106,0.55098486,1,1.0,True,0.011377953010488181,0.0073413382822741765
MLP,480,106,0.6901185,1,1.0,True,0.007591323041826281,0.007002855974077945
MLP,480,106,0.28587455,0,0.0,True,-0.00044765393455288994,-0.0019329214393849791
MLP,480,106,0.16220516,0,0.0,True,0.001412565288995018,-0.0014026792438660667
MLP,480,106,0.66331387,1,1.0,True,0.007530504062675807,0.008805119419205703
MLP,480,106,0.8899571,1,1.0,True,0.012223814570615537,0.011523397369586873
MLP,480,106,0.8053444,1,1.0,True,0.009164734536087352,0.00933149683414055
MLP,480,106,0.4390359,0,1.0,False,0.010429331848570148,0.009007780985560938
MLP,480,106,0.9424415,1,1.0,True,0.00837173466706725,0.006612889731841804
MLP,480,106,0.16584699,0,0.0,True,-0.0011649529674207205,-0.0014444210387051335
MLP,480,106,0.5197617,1,1.0,True,0.008422836882506354,0.009302664816828147
MLP,480,106,0.9080946,1,1.0,True,0.010492272530273673,0.00802523159546889
MLP,480,106,0.2780203,0,1.0,False,0.007796890723962269,0.006938893677191128
MLP,480,106,0.118913725,0,0.0,True,-0.0007482070005624123,0.00016572194450817094
MLP,480,106,0.19290647,0,1.0,False,0.005331133584678359,0.0046359064542432875
MLP,480,106,0.77850467,1,1.0,True,0.01111331278601688,0.009870801072020234
MLP,480,106,0.69247293,1,1.0,True,0.005514135414766032,0.007379113636576997
MLP,480,106,0.38201743,0,1.0,False,0.00701820366635363,0.009254286500033458
MLP,480,106,0.11909327,0,0.0,True,0.001847412584587231,-6.181056214127231e-05
MLP,480,106,0.27145594,0,1.0,False,0.01074237940031298,0.011302075476591763
MLP,480,106,0.1548219,0,0.0,True,0.0030845431764161477,0.001146286430243368
MLP,480,106,0.17088054,0,0.0,True,-0.002722400505973053,-0.002886336394272982
MLP,480,106,0.186524,0,0.0,True,-0.0028414925398270044,-0.0013690544509496617
MLP,480,106,0.11853757,0,0.0,True,-0.0018172821008999658,-0.00041762429350819487
MLP,480,106,0.3333747,0,1.0,False,0.014369120791009025,0.01217150407975033
MLP,480,106,0.43632916,0,1.0,False,0.005169836668922079,0.007674787732522726
MLP,480,106,0.35674393,0,1.0,False,0.007287691269986243,0.008838107124230703
MLP,480,106,0.54075885,1,1.0,True,0.009037646414531883,0.010161761928067219
MLP,480,106,0.14721182,0,0.0,True,0.0005985922160522183,-0.0004547594633064484
MLP,480,106,0.24592344,0,1.0,False,0.0068180054926297385,0.0105783498398144
MLP,480,106,0.22305633,0,0.0,True,-0.0012771448769417861,-0.0009866259968131779
MLP,480,106,0.7176465,1,1.0,True,0.005357372786789177,0.008428247317459009
MLP,480,106,0.26314846,0,1.0,False,0.009162905822193777,0.008976790102430899
MLP,480,106,0.4136083,0,0.0,True,-0.0019311577208360462,-0.00039628122244688476
MLP,480,106,0.13449933,0,0.0,True,0.0009086261456265126,0.00023047111090954663
MLP,480,106,0.24500744,0,1.0,False,0.010476299473661023,0.010285929043136913
MLP,480,106,0.21437117,0,0.0,True,0.0011741799910174782,3.467451692918266e-05
MLP,480,106,0.5129634,1,1.0,True,0.005906102903956249,0.008859864653023967
MLP,480,106,0.15666378,0,0.0,True,0.0006767968499523318,-0.0009595715448052692
MLP,480,106,0.876862,1,1.0,True,0.0077720022351354156,0.009834818502621561
MLP,480,106,0.70691556,1,1.0,True,0.010003466219484182,0.008886259352173798
MLP,480,106,0.76353085,1,1.0,True,0.010811349399979908,0.01003926099512408
MLP,480,106,0.44188514,0,1.0,False,0.009586721364195971,0.006799840753823373
MLP,480,106,0.2991689,0,0.0,True,-6.002441669702305e-06,-0.0009211616318649565
MLP,480,106,0.14275177,0,0.0,True,-0.0006408740617440099,-0.00034959960726235864
MLP,480,106,0.3124153,0,0.0,True,0.004269061472170803,0.0031982265559138538
MLP,480,106,0.31286278,0,1.0,False,0.013873085955925816,0.01070521227644418
MLP,480,106,0.2717413,0,0.0,True,-0.0027626577066897627,-0.0025085199836946933
MLP,480,106,0.430629,0,1.0,False,0.010089011739448837,0.010073149116842534
MLP,480,106,0.3722067,0,1.0,False,0.01185952318838994,0.01029596550602764
MLP,480,106,0.38359392,0,1.0,False,0.010402966298993694,0.010949350966878569
MLP,480,106,0.19637054,0,0.0,True,0.0009976675062680891,0.0002497431852154385
MLP,480,106,0.2478169,0,1.0,False,0.011473263290334048,0.010584083838018846
MLP,480,106,0.44187662,0,1.0,False,0.011142851628045397,0.006709227800088919
MLP,480,106,0.68419665,1,1.0,True,0.009289630709682997,0.008585410663761719
MLP,480,106,0.6938188,1,1.0,True,0.009925133098736496,0.009876395276357584
MLP,480,106,0.14228402,0,0.0,True,0.0001444399556864002,0.00036241854914997667
MLP,480,108,0.2577914,0,0.0,True,-0.0024814340233632755,-0.002540396433216131
MLP,480,108,0.29463282,0,0.0,True,0.0013450116976977818,-0.0004996848559307032
MLP,480,108,0.17893592,0,0.0,True,0.0028497499306360022,0.00010060108099968684
MLP,480,108,0.14431472,0,0.0,True,0.003856828382040254,0.003607734675066806
MLP,480,108,0.442884,0,0.0,True,-0.001453355209694111,-0.0013851959883270585
MLP,480,108,0.8377717,1,1.0,True,0.00878566780921279,0.009974705420424007
MLP,480,108,0.24519266,0,1.0,False,0.00652207446045399,0.006076985234222693
MLP,480,108,0.3356744,0,0.0,True,-0.0032098092407600413,-0.0013453484662172683
MLP,480,108,0.12379295,0,0.0,True,0.00021573845848346608,0.002136083420978252
MLP,480,108,0.6221427,1,1.0,True,0.008918793347689833,0.00925009734850005
MLP,480,108,0.5176637,1,1.0,True,0.010273057919657757,0.010170642852546846
MLP,480,108,0.15812266,0,0.0,True,-0.0006078087228544475,-0.0012617273215015136
MLP,480,108,0.4933297,0,1.0,False,0.010647110171289583,0.009295422936384627
MLP,480,108,0.84669656,1,1.0,True,0.012621009829153332,0.012194318949730155
MLP,480,108,0.1181031,0,0.0,True,0.0009004378188161373,8.744761185965682e-05
MLP,480,108,0.4897494,0,0.0,True,0.0017484342379958245,0.0016849529780564262
MLP,480,108,0.3172778,0,0.0,True,-0.0012091312456894384,-0.0010449389844108714
MLP,480,108,0.54686534,1,1.0,True,0.012300263775006148,0.0119085869807638
MLP,480,108,0.13743386,0,0.0,True,0.0028368515375218847,-0.0014749171969185868
MLP,480,108,0.23203638,0,0.0,True,-0.0018015675492809074,-0.0011765238388747297
MLP,480,108,0.11786703,0,0.0,True,-0.0014875003850000439,-0.001162503404426169
MLP,480,108,0.39457965,0,1.0,False,0.010657485569156515,0.011744724468019475
MLP,480,108,0.17432447,0,0.0,True,0.0023912179829458403,-0.001006932408999457
MLP,480,108,0.41790953,0,1.0,False,0.00808757535297927,0.008196499599849721
MLP,480,108,0.16098353,0,0.0,True,0.0023647100551806594,0.002210456701929481
MLP,480,108,0.614213,1,1.0,True,0.009377145838848818,0.01063654865341652
MLP,480,108,0.44327298,0,1.0,False,0.015500854563063403,0.011337062799626943
MLP,480,108,0.78952813,1,1.0,True,0.01234922242675423,0.010124119612147976
MLP,480,108,0.12390362,0,0.0,True,8.69639685148186e-06,0.0010449350871971522
MLP,480,108,0.7334451,1,1.0,True,0.013978385423327284,0.01354007773981396
MLP,480,108,0.40584546,0,1.0,False,0.00754807144058083,0.007874082332582797
MLP,480,108,0.9568714,1,1.0,True,0.012473903966597076,0.010066179031696272
MLP,480,108,0.742639,1,1.0,True,0.007115015622631772,0.007344454954100923
MLP,480,108,0.14674163,0,0.0,True,-0.0001654340590707738,0.00037428811681905786
MLP,480,108,0.14540412,0,0.0,True,0.0011075324031404755,0.0018533471679166751
MLP,480,108,0.12983018,0,0.0,True,0.0002504723914815699,0.00011149275080187022
MLP,480,108,0.79851454,1,1.0,True,0.007792229978866944,0.010178705595815992
MLP,480,108,0.11863236,0,0.0,True,-6.1026550989366615e-05,-0.0017024927196091202
MLP,480,108,0.4238564,0,1.0,False,0.007802592923013531,0.00802841042718966
MLP,480,108,0.34713373,0,0.0,True,-0.0019559289042673836,-0.0016139608453781757
MLP,480,108,0.28174314,0,0.0,True,0.0020235407427308303,-0.0005824028607562244
MLP,480,108,0.14312157,0,0.0,True,0.00021482128167925246,-0.001813819382466896
MLP,480,108,0.87987363,1,1.0,True,0.010663593649130948,0.011071351348304505
MLP,480,108,0.38268024,0,1.0,False,0.012951454037598223,0.011475903257647054
MLP,480,108,0.26979446,0,0.0,True,0.0004914534256151073,0.0008055117821910475
MLP,480,108,0.21149336,0,0.0,True,-0.000670204250824024,-0.0010497142988457081
MLP,480,108,0.58917534,1,1.0,True,0.008057372603197702,0.0073562919255825785
MLP,480,108,0.54292893,1,1.0,True,0.008842804382802263,0.009200104238235376
MLP,480,108,0.12646449,0,0.0,True,-0.0004191697088381908,0.0009738080267349655
MLP,480,108,0.68405247,1,1.0,True,0.012108120139864141,0.011807094045399412
MLP,480,108,0.16989848,0,0.0,True,-0.0031845287437368306,-0.0009369225711265218
MLP,480,108,0.58570224,1,1.0,True,0.006532244839427927,0.009403992180514206
MLP,480,108,0.14880855,0,1.0,False,0.009499330084737157,0.008943813192067196
MLP,480,108,0.14095786,0,0.0,True,-0.001143376410656553,0.00016159724692665185
MLP,480,108,0.21952848,0,0.0,True,-0.004542307969972261,-0.0022263826696449973
MLP,480,108,0.33297417,0,1.0,False,0.010229659748871633,0.008929846347153264
MLP,480,108,0.39566964,0,1.0,False,0.008481042781977779,0.008397222626072785
MLP,480,108,0.84174174,1,1.0,True,0.00874367773458483,0.00927125653940976
MLP,480,108,0.5635106,1,1.0,True,0.009488863665705375,0.010804793121924158
MLP,480,108,0.13965146,0,0.0,True,0.0018671520823205661,0.0011156686985414328
MLP,480,108,0.7562594,1,1.0,True,0.012783467339889113,0.012401287540404496
MLP,480,108,0.1346892,0,0.0,True,0.0005203533112056772,0.0013435655309580713
MLP,480,108,0.39070907,0,0.0,True,0.001416861181492536,0.00080021746444717
MLP,480,108,0.13591182,0,0.0,True,0.0019884730319590692,0.0008100018623406609
MLP,480,108,0.62809086,1,1.0,True,0.011699413408473315,0.011985879951722532
MLP,480,108,0.76700443,1,1.0,True,0.007418542706722609,0.006433880548631882
MLP,480,108,0.37086105,0,1.0,False,0.009541969504045093,0.011585225260694842
MLP,480,108,0.7272326,1,1.0,True,0.006626955825247183,0.007837000359763934
MLP,480,108,0.19027826,0,0.0,True,-0.002348078491399058,-0.003247272568414195
MLP,480,108,0.5404792,1,1.0,True,0.01006077071947674,0.011234572427087601
MLP,480,108,0.849589,1,1.0,True,0.010960245089441996,0.00939995853331579
MLP,480,108,0.14322759,0,0.0,True,0.0020022007563007477,0.002975333451138016
MLP,480,108,0.13618322,0,0.0,True,-0.001653520332887572,-0.0008846149791862188
MLP,480,108,0.1617355,0,0.0,True,-0.004946939983512276,-0.002070361794049748
MLP,480,108,0.57303303,1,1.0,True,0.013247835789548947,0.009665264682725863
MLP,480,108,0.81693935,1,1.0,True,0.007523327938140181,0.0076279341670523765
MLP,480,108,0.15312499,0,0.0,True,-0.0017085097795190782,-0.00012956400586496404
MLP,480,108,0.7010292,1,1.0,True,0.014456805627459374,0.01455017965682977
MLP,480,108,0.45172018,0,1.0,False,0.008419762169868531,0.01077081256922101
MLP,480,108,0.32075265,0,1.0,False,0.0068244816999644764,0.00817640119138728
MLP,480,108,0.49691576,0,1.0,False,0.008417298790078215,0.008717594590447582
MLP,480,108,0.38915092,0,0.0,True,0.003990015178620709,0.0018868821742182458
MLP,480,108,0.12906155,0,0.0,True,0.0020912270099877305,0.0017190701365564001
MLP,480,108,0.42253497,0,1.0,False,0.010505645624942344,0.010751498769495042
MLP,480,108,0.7949809,1,1.0,True,0.01458722265209252,0.012455932625526599
MLP,480,108,0.19302934,0,0.0,True,-0.001051352490453991,-0.0005386733256271455
MLP,480,108,0.17069,0,0.0,True,-0.001851264091458809,-0.0011087212450339673
MLP,480,108,0.6885821,1,1.0,True,0.013145925490755423,0.010512252111153312
MLP,480,108,0.25502872,0,0.0,True,-0.0017313425148154085,-8.298359694877415e-05
MLP,480,108,0.17320767,0,0.0,True,0.0007208350591733897,0.0009176825251154884
MLP,480,108,0.44529095,0,1.0,False,0.006912052374975227,0.007863935825154114
MLP,480,108,0.39148137,0,0.0,True,-0.001026203102315428,-0.002481737457922817
MLP,480,108,0.5864073,1,0.0,False,-0.000730855664585787,0.00033071676742802065
MLP,480,108,0.18064038,0,0.0,True,0.0009218964613140031,0.0018064317199031235
MLP,480,108,0.3247258,0,0.0,True,0.0005646194598107232,0.0010485568419182835
MLP,480,108,0.24950217,0,0.0,True,0.00046900249173047496,-2.242563578286708e-05
MLP,480,108,0.21416399,0,1.0,False,0.007734250192997569,0.0076860301357037095
MLP,480,108,0.21163344,0,0.0,True,-0.002632863439698209,-0.0023916100743782602
MLP,480,108,0.6078155,1,1.0,True,0.013417096374784806,0.010679461086857666
MLP,480,108,0.2797621,0,0.0,True,-0.0023474343184549545,-0.0013569921589186855
MLP,480,109,0.701531,1,1.0,True,0.014697727602482282,0.01201297204582052
MLP,480,109,0.3053845,0,1.0,False,0.01171220602737188,0.010086720933054542
MLP,480,109,0.7410622,1,1.0,True,0.012729514657697574,0.012285003949843717
MLP,480,109,0.15903652,0,0.0,True,0.0011895701404640755,-0.001634621641588374
MLP,480,109,0.13414131,0,0.0,True,-0.00033955797036681087,0.0019239106532307967
MLP,480,109,0.16460703,0,1.0,False,0.00886151077147904,0.007137305699428275
MLP,480,109,0.2303079,0,0.0,True,-0.000802234550611938,-0.0014345784564459754
MLP,480,109,0.48548642,0,1.0,False,0.00928049320175427,0.01016099572489725
MLP,480,109,0.69226897,1,1.0,True,0.007089848763933018,0.007272065004075575
MLP,480,109,0.8354939,1,1.0,True,0.011151381922784408,0.009355434653383612
MLP,480,109,0.17226374,0,0.0,True,-0.0007600812660068487,-0.000987262540258716
MLP,480,109,0.8125986,1,1.0,True,0.005802197720416029,0.008359251985854412
MLP,480,109,0.20784304,0,1.0,False,0.010798607080234465,0.011496910369639847
MLP,480,109,0.4014573,0,1.0,False,0.012126355050215813,0.01298846087787984
MLP,480,109,0.74503154,1,1.0,True,0.009898740634319378,0.009712805854071431
MLP,480,109,0.6932636,1,1.0,True,0.013487750848793018,0.012605160549828168
MLP,480,109,0.52371925,1,0.0,False,0.0011660012974373552,0.0009804739830455828
MLP,480,109,0.30381042,0,1.0,False,0.00951249488628511,0.01201384308354148
MLP,480,109,0.16639376,0,0.0,True,0.000490098917902713,0.0005908812279497952
MLP,480,109,0.8241786,1,1.0,True,0.008398874173408429,0.01076769419117184
MLP,480,109,0.117379636,0,0.0,True,-0.000667162576617229,0.000708159960038898
MLP,480,109,0.77239084,1,1.0,True,0.0024505053510166866,0.006323878848541554
MLP,480,109,0.16373104,0,0.0,True,-0.0005770128978877317,0.0008590824368057777
MLP,480,109,0.14719787,0,0.0,True,0.00031306349699496334,9.569636928240542e-05
MLP,480,109,0.20367579,0,1.0,False,0.012862222697875318,0.009144109556331423
MLP,480,109,0.5730247,1,1.0,True,0.013813437143602648,0.01151165534954177
MLP,480,109,0.12769757,0,0.0,True,0.0024065326694847145,0.003919745240809625
MLP,480,109,0.42856798,0,1.0,False,0.011873400003744006,0.012321118835616197
MLP,480,109,0.13772589,0,0.0,True,0.0015570590953029168,-0.00075757819514913
MLP,480,109,0.5186272,1,1.0,True,0.0077896800726392846,0.01108471089338634
MLP,480,109,0.14501777,0,0.0,True,0.0027041214513099233,0.0007475875086523797
MLP,480,109,0.77591646,1,1.0,True,0.011123691839326495,0.009381301953699116
MLP,480,109,0.30363068,0,1.0,False,0.009567405261708236,0.011749522141885547
MLP,480,109,0.16139503,0,0.0,True,0.0018565534096953709,0.0005916777350129573
MLP,480,109,0.17140596,0,0.0,True,-0.00010674245211361642,0.0014649283996736977
MLP,480,109,0.17119868,0,0.0,True,-0.0013222522501078477,-0.0006400759997042652
MLP,480,109,0.174348,0,0.0,True,0.0031954448555679,-0.0004976261775557598
MLP,480,109,0.18793838,0,1.0,False,0.011443800208654408,0.010179040101547103
MLP,480,109,0.72786987,1,1.0,True,0.0074278068662942485,0.008128768490782262
MLP,480,109,0.62750673,1,1.0,True,0.008663791021480604,0.008781616217329046
MLP,480,109,0.89565015,1,1.0,True,0.0045127216616314796,0.00750037729204471
MLP,480,109,0.14512952,0,0.0,True,-0.0018161887634490729,0.00011073963539230278
MLP,480,109,0.4318565,0,1.0,False,0.012619832772292209,0.0095722137867583
MLP,480,109,0.22587837,0,0.0,True,0.0007349429462638272,0.000365561795343807
MLP,480,109,0.13995053,0,0.0,True,-0.00021246423664302865,-2.987718831875998e-05
MLP,480,109,0.15333319,0,0.0,True,0.0012889108661105477,0.000881394186448893
MLP,480,109,0.35096732,0,0.0,True,-0.000956079415668787,0.00011854823146556503
MLP,480,109,0.23512211,0,0.0,True,0.00023269219511878476,0.0015391799522166767
MLP,480,109,0.19555958,0,0.0,True,-0.0017401409194005726,-0.0013457458175911707
MLP,480,109,0.26978198,0,0.0,True,-0.0007672330144826148,8.527957252265936e-05
MLP,480,109,0.897203,1,1.0,True,0.008773352470211774,0.010518854084398871
MLP,480,109,0.16052505,0,0.0,True,-0.00023301346560007983,-0.0006292177927665363
MLP,480,109,0.32978863,0,0.0,True,-4.914900770254847e-05,-0.0006062299669724736
MLP,480,109,0.64887977,1,1.0,True,0.005123478541987609,0.00622637503471428
MLP,480,109,0.6028381,1,1.0,True,0.005606658034786057,0.008011459026164524
MLP,480,109,0.3537408,0,1.0,False,0.00969615120291999,0.009057199801124696
MLP,480,109,0.13501467,0,0.0,True,-0.0034311107810240282,-0.002011169051851244
MLP,480,109,0.8562468,1,1.0,True,0.01138911967188557,0.012389098425268495
MLP,480,109,0.14402124,0,0.0,True,-0.00026099971854200675,0.000870733381060233
MLP,480,109,0.7152692,1,1.0,True,0.008019182089396143,0.01101015412837134
MLP,480,109,0.735762,1,1.0,True,0.010877899219852093,0.010829053683215985
MLP,480,109,0.29689237,0,0.0,True,0.0009828168650193151,-0.0005965900283017163
MLP,480,109,0.7859579,1,1.0,True,0.006661961072753287,0.009404201192612002
MLP,480,109,0.17439117,0,0.0,True,-0.001375940519768488,-0.0008853739669884973
MLP,480,109,0.7701049,1,1.0,True,0.011151515733283875,0.008116480173930097
MLP,480,109,0.11272924,0,0.0,True,-0.001151293149709686,-0.001449017679212773
MLP,480,109,0.34663928,0,1.0,False,0.009790632221171668,0.006286586332363125
MLP,480,109,0.15990657,0,0.0,True,-0.0026973312111531933,-0.0013936141748827438
MLP,480,109,0.6414968,1,1.0,True,0.006418959900329215,0.007401022435468265
MLP,480,109,0.5758428,1,1.0,True,0.012006706161234431,0.008880233106871601
MLP,480,109,0.18926546,0,0.0,True,-0.001453777559931899,0.0004211377161179986
MLP,480,109,0.35011533,0,1.0,False,0.015492016122771596,0.011397995620401589
MLP,480,109,0.16377845,0,0.0,True,-0.0016479718184629307,-0.0016491702616735064
MLP,480,109,0.13242593,0,0.0,True,-0.003959454674255958,-0.0022829920809502966
MLP,480,109,0.31138018,0,0.0,True,-0.004525774623121768,-0.0041517106167041655
MLP,480,109,0.16970679,0,0.0,True,0.00038064822101580833,-0.001839574629818645
MLP,480,109,0.5588165,1,1.0,True,0.00897124091873366,0.008997572739886942
MLP,480,109,0.83467007,1,1.0,True,0.013366192310655497,0.010968768454636789
MLP,480,109,0.2343263,0,1.0,False,0.011206021219661156,0.010363895324935556
MLP,480,109,0.18977085,0,0.0,True,-0.0031060218056319137,-0.0021383481212814506
MLP,480,109,0.13372013,0,0.0,True,-0.005587642504244606,-0.0032423474084905344
MLP,480,109,0.1744227,0,0.0,True,0.003854592814248519,0.002974520441388825
MLP,480,109,0.4243383,0,1.0,False,0.010626021112883844,0.01265700164336146
MLP,480,109,0.24786927,0,1.0,False,0.006414393572864897,0.009071911058749906
MLP,480,109,0.21152426,0,0.0,True,-0.0026200893494555465,-0.0016387552342064084
MLP,480,109,0.64843,1,1.0,True,0.01025774870943441,0.009972457475416962
MLP,480,109,0.41460943,0,1.0,False,0.014007331054549047,0.014627371023183719
MLP,480,109,0.48465678,0,1.0,False,0.013247763070549985,0.01119260853263191
MLP,480,109,0.21440251,0,0.0,True,0.001359023139634036,-0.001447845484518569
MLP,480,109,0.23421484,0,0.0,True,-0.0035406546541708354,-0.0013150491184811932
MLP,480,109,0.81180394,1,1.0,True,0.012375128298500288,0.009575012739176797
MLP,480,109,0.22272187,0,0.0,True,-0.0013402585265378352,0.0008396604276415223
MLP,480,109,0.1439313,0,0.0,True,0.0033049095086162008,0.0010617489047576095
MLP,480,109,0.63471204,1,1.0,True,0.009695181246030667,0.010392558059380762
MLP,480,109,0.16379634,0,0.0,True,0.0012522917663790147,0.0009096698839399377
MLP,480,109,0.14337368,0,0.0,True,-0.0015233460734657268,-0.00022740410297853884
MLP,480,109,0.21693917,0,0.0,True,-0.0014200699336641524,-0.00035885950433363323
MLP,480,109,0.11641787,0,0.0,True,-0.002261789649094493,-0.0034788944392818394
MLP,480,109,0.8791142,1,1.0,True,0.005496463093798069,0.0098300684447258
MLP,480,109,0.6061305,1,1.0,True,0.006128634668450441,0.009174266463882481
MLP,480,111,0.9168198,1,1.0,True,0.011663204769598881,0.013560876684575993
MLP,480,111,0.5797495,1,1.0,True,0.01030911115647914,0.011778610899624833
MLP,480,111,0.17336676,0,0.0,True,-0.0012626573692669076,-0.0012335745653056004
MLP,480,111,0.73834777,1,1.0,True,0.008133151105108967,0.008294242367198544
MLP,480,111,0.9214279,1,1.0,True,0.008976399945677368,0.005686335551040616
MLP,480,111,0.20690903,0,0.0,True,0.0011560989476486062,-0.0003622606701842155
MLP,480,111,0.40655544,0,0.0,True,0.0024826045946327127,0.0016362498078712614
MLP,480,111,0.44560486,0,1.0,False,0.006876799654933442,0.009761380761969321
MLP,480,111,0.44229344,0,1.0,False,0.011759608690190378,0.009930525281107045
MLP,480,111,0.18604273,0,0.0,True,-0.0003518475140229547,-0.0004915268527127617
MLP,480,111,0.3131597,0,0.0,True,0.0003559337832365965,-0.0010456396060566466
MLP,480,111,0.5867447,1,1.0,True,0.009548855319260306,0.011548350537362735
MLP,480,111,0.80093694,1,1.0,True,0.010627715690573523,0.013102797618247399
MLP,480,111,0.8292494,1,1.0,True,0.006523383054094782,0.005436675361373243
MLP,480,111,0.14772823,0,0.0,True,-0.0013844857985712065,-0.0008328697378368739
MLP,480,111,0.1793109,0,0.0,True,-0.0007872055577623785,-0.0007793425545353822
MLP,480,111,0.52244705,1,1.0,True,0.00881222012298923,0.009100487386212528
MLP,480,111,0.14411938,0,0.0,True,-6.972870361632168e-05,-0.0002178129378081807
MLP,480,111,0.26063654,0,0.0,True,-0.001969271957115132,-0.00020795060558417622
MLP,480,111,0.17131618,0,0.0,True,0.0017985617882002585,0.00012422069100720285
MLP,480,111,0.15747327,0,0.0,True,-0.0027314714345534666,-0.0017634196408448377
MLP,480,111,0.15155844,0,0.0,True,0.0012128319765350797,-0.0013113953793134207
MLP,480,111,0.15578024,0,0.0,True,0.0011379288809344609,0.001291843874640327
MLP,480,111,0.8069203,1,1.0,True,0.011026605719950008,0.008552926482553161
MLP,480,111,0.13763207,0,0.0,True,-0.0012302301595006877,-0.001453460262475541
MLP,480,111,0.7849584,1,1.0,True,0.005010308575436348,0.007553754426909958
MLP,480,111,0.80566937,1,1.0,True,0.009735687026818417,0.011478665891226899
MLP,480,111,0.21021362,0,0.0,True,0.0011042295803981841,0.0004914137852388697
MLP,480,111,0.8928343,1,1.0,True,0.013897514180201598,0.011139959023241573
MLP,480,111,0.28209776,0,0.0,True,0.0003809479933361045,0.0001504540771462983
MLP,480,111,0.17995717,0,0.0,True,-0.0014096682943733902,8.244483006190214e-06
MLP,480,111,0.97799975,1,1.0,True,0.013542737950472334,0.011862972769183251
MLP,480,111,0.33341998,0,1.0,False,0.008697931427158322,0.0110848072693522
MLP,480,111,0.11371783,0,0.0,True,-4.4020575180039924e-05,0.0012664948111132841
MLP,480,111,0.37435326,0,1.0,False,0.011464115321853586,0.011319516946478436
MLP,480,111,0.3728544,0,1.0,False,0.008810630093008347,0.007900922832774111
MLP,480,111,0.15674889,0,0.0,True,0.0006905152844950043,0.0016793896993408258
MLP,480,111,0.12632063,0,0.0,True,0.0016288903456025095,0.00020652231947412478
MLP,480,111,0.7943086,1,1.0,True,0.012075280757347057,0.009348907431728436
MLP,480,111,0.15517594,0,0.0,True,-0.0031238075643763388,-0.0019645962656028087
MLP,480,111,0.31276575,0,1.0,False,0.01163139504133001,0.009496834176247887
MLP,480,111,0.17849854,0,0.0,True,-0.003064224650348912,-0.0019829481558246423
MLP,480,111,0.12923944,0,0.0,True,-0.0036232079587283296,-0.0008274665627802126
MLP,480,111,0.17670503,0,0.0,True,0.00032597314361921745,0.0007009335723513852
MLP,480,111,0.13926387,0,0.0,True,-0.0017180570901158842,-0.0020374864224633063
MLP,480,111,0.7023715,1,1.0,True,0.012060643002861445,0.010452824442862763
MLP,480,111,0.3835121,0,0.0,True,-0.002569642773296404,-0.0009828868101548233
MLP,480,111,0.17444442,0,0.0,True,-0.0019074891387109076,-0.001221779166517219
MLP,480,111,0.43827775,0,1.0,False,0.013801559703941495,0.012109425953692191
MLP,480,111,0.66092604,1,1.0,True,0.011551459736014508,0.010039882018669672
MLP,480,111,0.18748733,0,0.0,True,-0.00013405986233145213,0.0001444790730089413
MLP,480,111,0.6133934,1,1.0,True,0.008149546175281797,0.009743291564135514
MLP,480,111,0.1968414,0,0.0,True,-0.0042389588404697824,-0.00241520441196841
MLP,480,111,0.23871496,0,1.0,False,0.012360182600967521,0.009696050576215972
MLP,480,111,0.1662869,0,0.0,True,-0.0013369819706125605,-0.0017348306301086995
MLP,480,111,0.18871574,0,0.0,True,-0.00492660573086396,-0.005284310426609131
MLP,480,111,0.5594161,1,1.0,True,0.009281341645507977,0.008612751276182771
MLP,480,111,0.65075207,1,1.0,True,0.010397080722090004,0.01133059207771805
MLP,480,111,0.23068896,0,0.0,True,0.00031029873635717714,0.0018520200722888698
MLP,480,111,0.906949,1,1.0,True,0.009791341520563959,0.008807424235526428
MLP,480,111,0.6244528,1,1.0,True,0.009338750736410072,0.009244192312444478
MLP,480,111,0.74641067,1,1.0,True,0.012728152457553377,0.01103452018769081
MLP,480,111,0.15408775,0,0.0,True,8.371772865485572e-05,-0.0011875532922343284
MLP,480,111,0.26462618,0,0.0,True,0.001256983777782138,-0.0012277066092739835
MLP,480,111,0.7396376,1,1.0,True,0.009957858735089435,0.010926254338729666
MLP,480,111,0.4288935,0,1.0,False,0.013690987483142573,0.011632783037034251
MLP,480,111,0.6840163,1,1.0,True,0.008974821097336261,0.01105218407843299
MLP,480,111,0.35338256,0,0.0,True,-0.0039601229297329685,-0.001317053909110081
MLP,480,111,0.44727996,0,1.0,False,0.014606202652533453,0.012374473305606497
MLP,480,111,0.7689847,1,1.0,True,0.014352003183353912,0.011375570206722311
MLP,480,111,0.8689923,1,1.0,True,0.013234222959794706,0.012229687769107347
MLP,480,111,0.14312528,0,0.0,True,0.0014067667428096502,2.3827694654772297e-05
MLP,480,111,0.16579361,0,0.0,True,-0.0022039574228075102,-0.0024543715569164517
MLP,480,111,0.1541962,0,0.0,True,-0.0018272813440692766,-0.001711415994127787
MLP,480,111,0.5402173,1,1.0,True,0.008333644754872638,0.007809997145861591
MLP,480,111,0.25147864,0,0.0,True,-0.0034277287287145437,-0.0006273964502855403
MLP,480,111,0.23867361,0,0.0,True,0.00026805792851349237,0.0007515678486959354
MLP,480,111,0.13408002,0,0.0,True,-0.002004198023880943,-0.0009265290102210951
MLP,480,111,0.18279995,0,0.0,True,-0.000963719588617801,0.0007896249594320881
MLP,480,111,0.8007106,1,1.0,True,0.014901039415749266,0.012804080004585409
MLP,480,111,0.14440438,0,0.0,True,0.00030022283211081287,-0.00016092792938558157
MLP,480,111,0.3185214,0,1.0,False,0.012193898525609275,0.010038279116790299
MLP,480,111,0.3072103,0,0.0,True,-9.525217560414047e-05,0.0005577966049046719
MLP,480,111,0.6290028,1,1.0,True,0.008974235835147249,0.011704867593477863
MLP,480,111,0.90098536,1,1.0,True,0.014682681682683654,0.01351310722797412
MLP,480,111,0.14956261,0,0.0,True,-0.0011939744645764064,0.000511891187843698
MLP,480,111,0.19124651,0,0.0,True,0.0010430520299547594,0.000940009475880113
MLP,480,111,0.65622056,1,1.0,True,0.005440189450256838,0.009164607689831681
MLP,480,111,0.3986011,0,1.0,False,0.007533126392854851,0.009517302916023016
MLP,480,111,0.11457275,0,0.0,True,-0.0009311309616315441,-0.00046614725739428246
MLP,480,111,0.3939031,0,1.0,False,0.013082804216560759,0.011407155284691585
MLP,480,111,0.17303246,0,0.0,True,-0.000109617044511984,3.606150098628298e-06
MLP,480,111,0.17340738,0,1.0,False,0.011004186327075834,0.010636570233508006
MLP,480,111,0.8087857,1,1.0,True,0.01195859936427603,0.010943641713527385
MLP,480,111,0.151515,0,0.0,True,0.00013899443428907118,0.0018627717200857127
MLP,480,111,0.26459903,0,0.0,True,0.0007181118502126313,0.0005841248811401404
MLP,480,111,0.55109555,1,1.0,True,0.012147547220207479,0.010423240620414418
MLP,480,111,0.3343171,0,0.0,True,0.005014655467281653,0.0028167505199918003
MLP,480,111,0.2392871,0,0.0,True,-0.0026614655392714535,-0.0020543582350324246
MLP,480,111,0.5535126,1,1.0,True,0.013178503566573173,0.01174677574861501
MLP,480,113,0.44109634,0,0.0,True,-0.0032143755649364494,5.654099620868445e-05
MLP,480,113,0.22173625,0,0.0,True,0.0014265713780839686,8.271266985717916e-05
MLP,480,113,0.97347856,1,1.0,True,0.010097502198921412,0.008797392356897464
MLP,480,113,0.20771368,0,0.0,True,0.0015521179426547297,0.0007434213505824966
MLP,480,113,0.13438866,0,0.0,True,0.0023137371627195763,0.002377092224502332
MLP,480,113,0.17597552,0,0.0,True,0.0013413837443221103,0.0009944655077788315
MLP,480,113,0.5824998,1,1.0,True,0.008702184842223577,0.010621509535649576
MLP,480,113,0.14387774,0,0.0,True,-0.0011240562848876775,-0.00011521350355313805
MLP,480,113,0.21063906,0,0.0,True,0.0009512213581311195,-0.0003192130695738298
MLP,480,113,0.11584909,0,0.0,True,0.0017110413027215177,-3.721568338269369e-05
MLP,480,113,0.20694356,0,0.0,True,0.0001439363735362492,-8.666538607844032e-05
MLP,480,113,0.10366087,0,0.0,True,-0.0028502540076437203,-0.0029230075077184264
MLP,480,113,0.21397425,0,0.0,True,0.00012056586906475023,0.0008822975611140578
MLP,480,113,0.14216888,0,0.0,True,0.00157966726223169,-0.0025462948872303852
MLP,480,113,0.17201881,0,0.0,True,-0.000465928130359779,0.00050892015640725
MLP,480,113,0.69774204,1,1.0,True,0.007261740426138675,0.006590228753349846
MLP,480,113,0.44852722,0,1.0,False,0.013247373773192532,0.014431920028213316
MLP,480,113,0.57884663,1,1.0,True,0.011078626697333109,0.008408371569161284
MLP,480,113,0.2683543,0,0.0,True,-0.003235947677984286,-0.0006923079860812841
MLP,480,113,0.48944786,0,1.0,False,0.013541311296682831,0.014849115406293672
MLP,480,113,0.29236346,0,0.0,True,0.000989845161995712,0.0006512115966277528
MLP,480,113,0.45742458,0,0.0,True,0.0016339747302078272,-6.230583097486138e-05
MLP,480,113,0.25979757,0,0.0,True,-0.002791977075115652,-0.0008398359915212212
MLP,480,113,0.17311932,0,0.0,True,0.0004425016079225634,-0.000850225958753413
MLP,480,113,0.5959738,1,1.0,True,0.014247637455276052,0.013252622345272316
MLP,480,113,0.2167378,0,0.0,True,-0.0012482139093548557,0.0005790638986989003
MLP,480,113,0.17358117,0,0.0,True,0.0020420952714004697,0.0015866178858222858
MLP,480,113,0.5880327,1,1.0,True,0.015922676568163686,0.012639380335136598
MLP,480,113,0.22446397,0,0.0,True,-0.0007858282856128461,0.000449948939181344
MLP,480,113,0.68792504,1,1.0,True,0.011322274401537652,0.012983959140166963
MLP,480,113,0.12662828,0,0.0,True,-0.002021565420835988,-0.00030814733572162936
MLP,480,113,0.93156606,1,1.0,True,0.012873933899373852,0.010819282285623044
MLP,480,113,0.7938872,1,1.0,True,0.006636869224137912,0.008960137114150706
MLP,480,113,0.16021802,0,0.0,True,0.0016077028621409378,0.002214520864045468
MLP,480,113,0.51984113,1,1.0,True,0.009894199879310997,0.00899894054521171
MLP,480,113,0.12287298,0,0.0,True,-0.0033734300409774074,-0.003637769430604864
MLP,480,113,0.20834343,0,0.0,True,0.0029414918222644376,0.0011245773698311658
MLP,480,113,0.16953814,0,0.0,True,0.0004992270382605955,0.0010216114860790745
MLP,480,113,0.6490938,1,1.0,True,0.01324580469807013,0.013677688974516704
MLP,480,113,0.13753994,0,0.0,True,-0.0022204193729529805,0.0027232943343479424
MLP,480,113,0.16425288,0,0.0,True,0.0027967394932557656,0.0023076060668382093
MLP,480,113,0.6506189,1,1.0,True,0.00925790684280903,0.011392057925752132
MLP,480,113,0.68039656,1,1.0,True,0.010437000389896733,0.008458023300351893
MLP,480,113,0.19161345,0,0.0,True,0.005705438884798617,0.002232647666050724
MLP,480,113,0.7625156,1,1.0,True,0.011848728087400026,0.010550134366173495
MLP,480,113,0.7593341,1,1.0,True,0.010477151047632697,0.012922419943585388
MLP,480,113,0.16470891,0,0.0,True,-0.0025980937368858107,-0.0006152222773370188
MLP,480,113,0.1792492,0,1.0,False,0.0063935532588896915,0.009360895004663502
MLP,480,113,0.215678,0,1.0,False,0.004591924038867754,0.009891068968518369
MLP,480,113,0.30525613,0,1.0,False,0.009501374482070404,0.011910334479522788
MLP,480,113,0.9559129,1,1.0,True,0.008546305698777722,0.011427301728250962
MLP,480,113,0.33720493,0,1.0,False,0.008434672259281944,0.011056045154696973
MLP,480,113,0.23151101,0,0.0,True,0.0007813484959883295,0.0014918159449615433
MLP,480,113,0.71934855,1,1.0,True,0.014377783321340796,0.013030131823926252
MLP,480,113,0.12310409,0,0.0,True,-9.295770846520428e-05,0.0010521103280831112
MLP,480,113,0.19099157,0,0.0,True,-0.0006449412604638333,0.00028171972570695876
MLP,480,113,0.7948075,1,1.0,True,0.007335240948504589,0.009925211407268313
MLP,480,113,0.20000596,0,0.0,True,0.0018005718881991325,0.0007095574420512752
MLP,480,113,0.12955154,0,0.0,True,-0.0038209520958327825,-0.003206757652623833
MLP,480,113,0.7873642,1,1.0,True,0.010837733687852721,0.010936215319057476
MLP,480,113,0.12885977,0,0.0,True,0.0010073508555482054,0.0025584619554595393
MLP,480,113,0.67060804,1,1.0,True,0.014440489528538348,0.012709013481335086
MLP,480,113,0.7869424,1,1.0,True,0.007689622475279756,0.006513662489046805
MLP,480,113,0.3152687,0,1.0,False,0.013900443760502182,0.011816389563398543
MLP,480,113,0.13719127,0,0.0,True,0.0007143259291471931,0.0006974850959845126
MLP,480,113,0.16474901,0,0.0,True,-0.005758546083446625,-0.003818366009622353
MLP,480,113,0.6502615,1,1.0,True,0.0056663594907000224,0.009250935760678702
MLP,480,113,0.74813575,1,1.0,True,0.008816090236925088,0.006239389614632937
MLP,480,113,0.9369966,1,1.0,True,0.014031107967447673,0.01358939152372367
MLP,480,113,0.20626557,0,0.0,True,7.090000741135617e-05,-0.00016407459645107752
MLP,480,113,0.8284452,1,1.0,True,0.012210812837564988,0.013320637445129334
MLP,480,113,0.5235643,1,1.0,True,0.013717653897347925,0.012839384770907104
MLP,480,113,0.13652009,0,0.0,True,0.001968401629977478,9.409933233146443e-05
MLP,480,113,0.13705225,0,0.0,True,-0.0017092627640138485,-0.0010665058572537599
MLP,480,113,0.34660217,0,0.0,True,0.002613219895061555,0.0023547305121826697
MLP,480,113,0.624255,1,1.0,True,0.008883182289856902,0.00935488898828088
MLP,480,113,0.7758968,1,1.0,True,0.013061509129231083,0.011716527235039213
MLP,480,113,0.22065514,0,0.0,True,-0.0006452796747981123,-0.002518269622136993
MLP,480,113,0.11775366,0,0.0,True,0.005909412556458275,0.001992307376945297
MLP,480,113,0.8214053,1,1.0,True,0.016657412647076535,0.012873832848065352
MLP,480,113,0.12566097,0,0.0,True,-0.002774880496972046,-0.0002220501168675126
MLP,480,113,0.7172775,1,1.0,True,0.006664907924162709,0.010756421947766633
MLP,480,113,0.14061327,0,0.0,True,0.0006502460978056817,-2.866266610071505e-05
MLP,480,113,0.5916188,1,1.0,True,0.014762581634632026,0.010816335490962834
MLP,480,113,0.35958195,0,1.0,False,0.009591629361510657,0.010302801767198617
MLP,480,113,0.4677694,0,1.0,False,0.011073182303926172,0.008942630505399379
MLP,480,113,0.8299777,1,1.0,True,0.0037481767445720566,0.007087088394655428
MLP,480,113,0.2404243,0,0.0,True,0.0029642380046888054,0.0025537197331732277
MLP,480,113,0.1967505,0,1.0,False,0.010198673136061568,0.009970178352663813
MLP,480,113,0.6975675,1,1.0,True,0.014015293137951149,0.013798834477530582
MLP,480,113,0.9310957,1,1.0,True,0.010903937575065626,0.011324559068978494
MLP,480,113,0.3924996,0,1.0,False,0.013102662013078817,0.010878140142018291
MLP,480,113,0.7598301,1,1.0,True,0.01306322949973651,0.013276904097766884
MLP,480,113,0.1637194,0,0.0,True,0.000105077411796078,0.00046691375260974303
MLP,480,113,0.9146594,1,1.0,True,0.008900327461015956,0.009700817842093118
MLP,480,113,0.19043632,0,0.0,True,-0.00158767080182723,0.00045692676155524266
MLP,480,113,0.27913415,0,1.0,False,0.01235151171775749,0.011824649530846927
MLP,480,113,0.78641224,1,1.0,True,0.009481039164241714,0.010435610732756711
MLP,480,113,0.26006928,0,1.0,False,0.006202017121300652,0.009652455951790373
MLP,480,113,0.25242117,0,1.0,False,0.007618148912137418,0.010376784581280264
MLP,480,115,0.86277413,1,1.0,True,0.009367695573223376,0.01152403619127998
MLP,480,115,0.16078514,0,0.0,True,0.00147003168069842,0.002024525263486262
MLP,480,115,0.20147085,0,0.0,True,-0.004660412346732947,-0.0012693853442573113
MLP,480,115,0.8468833,1,1.0,True,0.02014398562727515,0.014174768309530506
MLP,480,115,0.21947353,0,1.0,False,0.007079857444188034,0.010809472469750564
MLP,480,115,0.8973035,1,1.0,True,0.014744124647250154,0.014872685646669128
MLP,480,115,0.5936156,1,1.0,True,0.009937075206967794,0.012908112314902418
MLP,480,115,0.44235548,0,1.0,False,0.015059490768596175,0.01066532937588581
MLP,480,115,0.79844224,1,1.0,True,0.008339255245099712,0.009035020942801671
MLP,480,115,0.2830536,0,0.0,True,-0.004657158236634918,-0.0011747127232659502
MLP,480,115,0.6236744,1,1.0,True,0.007348098590091178,0.009758987893942077
MLP,480,115,0.68790287,1,1.0,True,0.016433643369147072,0.015284173536205342
MLP,480,115,0.122170076,0,0.0,True,0.0006087931314964994,0.0015890762270469672
MLP,480,115,0.8572697,1,1.0,True,0.013982668596442219,0.012361180506331917
MLP,480,115,0.26248124,0,0.0,True,-3.377825915444012e-06,-0.0009566187331745253
MLP,480,115,0.23391564,0,0.0,True,-0.001097805722587398,-0.0017390503090377978
MLP,480,115,0.591704,1,0.0,False,-0.0018879995657506447,-0.0015938211887640448
MLP,480,115,0.1976711,0,0.0,True,0.001739014988131445,0.0003214509561528354
MLP,480,115,0.69330996,1,1.0,True,0.015055090713913128,0.012644767729524267
MLP,480,115,0.18549038,0,0.0,True,-0.004543657349622812,-0.0025415624674251947
MLP,480,115,0.65965277,1,1.0,True,0.008314034528468907,0.009533867165688721
MLP,480,115,0.28622904,0,1.0,False,0.010126558766736026,0.008992345405188944
MLP,480,115,0.17440939,0,0.0,True,-0.0017554568266646686,-0.0018442558656486705
MLP,480,115,0.2085718,0,0.0,True,7.510845772881496e-05,0.0007586800694893576
MLP,480,115,0.6816504,1,1.0,True,0.012688397590710306,0.011099721291110524
MLP,480,115,0.33122003,0,0.0,True,0.0017075202896143853,0.0005291244385185503
MLP,480,115,0.17392702,0,0.0,True,0.0015805607074828119,0.0009464765186113686
MLP,480,115,0.8668807,1,1.0,True,0.013420779664383925,0.011514870436064377
MLP,480,115,0.3264907,0,0.0,True,0.0002096025590122922,0.00025342453940919714
MLP,480,115,0.6510591,1,1.0,True,0.015189846542431227,0.015424079823030101
MLP,480,115,0.26495403,0,1.0,False,0.012837601815482205,0.01228097498769999
MLP,480,115,0.55455464,1,1.0,True,0.011542853166051787,0.01178918453449949
MLP,480,115,0.76226074,1,1.0,True,0.007768066596400284,0.008216822452604643
MLP,480,115,0.20717318,0,0.0,True,0.001574197000538531,-0.0002706582146420394
MLP,480,115,0.3907006,0,1.0,False,0.010592947328771687,0.01128303130685414
MLP,480,115,0.26016814,0,1.0,False,0.009051637986058358,0.011720831700092763
MLP,480,115,0.14057787,0,0.0,True,0.0024024679437873475,-1.989703677161292e-05
MLP,480,115,0.8536987,1,1.0,True,0.012763368069899585,0.011426128600658636
MLP,480,115,0.14139718,0,0.0,True,0.004302507343633973,0.0022561612467798505
MLP,480,115,0.24337956,0,0.0,True,-0.002359880177731753,-0.0006207140093304048
MLP,480,115,0.22844788,0,0.0,True,0.0030362743071532462,0.0022078519630205243
MLP,480,115,0.4527487,0,0.0,True,0.00017325157589396386,0.0002648192936886368
MLP,480,115,0.27106643,0,1.0,False,0.012690631975779968,0.013143562919348137
MLP,480,115,0.4261807,0,1.0,False,0.012459908795989535,0.013687464877821014
MLP,480,115,0.79660034,1,1.0,True,0.0062021723234168035,0.007079401328518924
MLP,480,115,0.11107938,0,0.0,True,0.0019816220558695813,0.001966230679926862
MLP,480,115,0.95387244,1,1.0,True,0.007540635667756998,0.011440990897795432
MLP,480,115,0.16441685,0,0.0,True,0.002088564856202317,0.0005143927242806062
MLP,480,115,0.54905635,1,1.0,True,0.012569555027968506,0.012665374160679683
MLP,480,115,0.14352447,0,0.0,True,0.004314583023932788,0.0035146270918653367
MLP,480,115,0.30155942,0,1.0,False,0.01087531073229625,0.012065394817069702
MLP,480,115,0.19145322,0,0.0,True,0.0004909285264154076,0.0016850425548956289
MLP,480,115,0.148766,0,0.0,True,0.0009989759772200864,-0.0022871645570087438
MLP,480,115,0.14453225,0,0.0,True,0.005253650494067826,0.0016013961903709078
MLP,480,115,0.16226795,0,0.0,True,0.0018350562125158268,0.0022810537599918246
MLP,480,115,0.12583144,0,0.0,True,0.0006091449552122419,0.001615566360213306
MLP,480,115,0.16254488,0,0.0,True,0.00365944244640814,0.002326475353716069
MLP,480,115,0.24202845,0,0.0,True,-0.001080688674743042,-0.002026608869949299
MLP,480,115,0.41955462,0,0.0,True,0.0011641035214210625,0.0007952430891584036
MLP,480,115,0.15961494,0,0.0,True,-5.57992133253806e-06,0.0007782385394427926
MLP,480,115,0.6111843,1,1.0,True,0.010538786616208528,0.011655908798640851
MLP,480,115,0.28152943,0,0.0,True,-0.002670653906255929,-0.0020332516744135283
MLP,480,115,0.8988315,1,1.0,True,0.007532517906482468,0.010440127906192833
MLP,480,115,0.21405876,0,0.0,True,7.172601535410713e-05,0.0008250320993203435
MLP,480,115,0.22344114,0,0.0,True,-0.005301536047197871,-0.0030388279166827506
MLP,480,115,0.8680284,1,1.0,True,0.008759604535520382,0.012478402928268736
MLP,480,115,0.5679362,1,0.0,False,-0.0004305851778112522,0.0014850151697528484
MLP,480,115,0.34736288,0,1.0,False,0.010742797978058523,0.010867247554821659
MLP,480,115,0.53004116,1,0.0,False,-8.74551034505014e-05,0.00020917546633038197
MLP,480,115,0.21239555,0,1.0,False,0.010997802160459876,0.011652632632571167
MLP,480,115,0.23126662,0,0.0,True,0.0006819718615456524,0.0010567636183831562
MLP,480,115,0.8103182,1,1.0,True,0.015577929653409189,0.015163737027898118
MLP,480,115,0.7835318,1,1.0,True,0.01260429172814551,0.014859759912233626
MLP,480,115,0.3225238,0,1.0,False,0.010933790515457014,0.01060133093068159
MLP,480,115,0.1930048,0,0.0,True,0.0009655227953670291,-0.0011403799620485879
MLP,480,115,0.9044775,1,1.0,True,0.011934591382415516,0.012291016685851692
MLP,480,115,0.7534814,1,1.0,True,0.012653515401015539,0.01224945976912218
MLP,480,115,0.22617288,0,0.0,True,-0.001566964722999061,-0.000946030025374917
MLP,480,115,0.1307175,0,0.0,True,8.033008040773158e-05,0.00039408738154077786
MLP,480,115,0.18136469,0,0.0,True,0.0024692844732772017,0.0028157771130423326
MLP,480,115,0.68312514,1,1.0,True,0.007532087515072554,0.008606786092762768
MLP,480,115,0.8352022,1,1.0,True,0.007869835337331927,0.009197463051272671
MLP,480,115,0.25977337,0,1.0,False,0.00950715493339955,0.010875318329873943
MLP,480,115,0.12485783,0,0.0,True,-0.00025032897854206646,-0.0002594197027976731
MLP,480,115,0.599286,1,1.0,True,0.014569211670560587,0.00875446903061797
MLP,480,115,0.3311923,0,0.0,True,0.003161456886944395,0.0020153251009845078
MLP,480,115,0.825861,1,1.0,True,0.012974109407618409,0.012644505674213224
MLP,480,115,0.6753184,1,1.0,True,0.014268597135777836,0.011061277699202374
MLP,480,115,0.31235412,0,1.0,False,0.009449026424215344,0.012833602947290294
MLP,480,115,0.6893097,1,1.0,True,0.012994009340319421,0.011340198763188203
MLP,480,115,0.82084787,1,1.0,True,0.01301152266842341,0.012611290383836701
MLP,480,115,0.56631166,1,1.0,True,0.013873137616369295,0.01323906908521902
MLP,480,115,0.117388494,0,0.0,True,1.3498845628386181e-05,-0.001175045343748907
MLP,480,115,0.5777305,1,1.0,True,0.009463917554942854,0.011707280049845756
MLP,480,115,0.9250831,1,1.0,True,0.011577284560119682,0.011523573486591328
MLP,480,115,0.5565752,1,1.0,True,0.008401172865034333,0.013679013065750974
MLP,480,115,0.14558876,0,0.0,True,0.00040831557665555064,0.000730883732262479
MLP,480,115,0.832184,1,1.0,True,0.015881662203895905,0.011483630571318333
MLP,480,115,0.18699896,0,0.0,True,-0.0017197479001467885,-0.0014469455278652602
MLP,480,115,0.5948715,1,1.0,True,0.011672419094548475,0.012119076155637672
MLP,480,117,0.364583,0,1.0,False,0.014174469065398362,0.013806996083558508
MLP,480,117,0.45952818,0,1.0,False,0.013517557168825372,0.014672385266621018
MLP,480,117,0.8548521,1,1.0,True,0.012905709265655027,0.011626408306582587
MLP,480,117,0.17716199,0,0.0,True,0.00063493732622302,-0.00048768993927612126
MLP,480,117,0.7290963,1,1.0,True,0.016546145024430733,0.01155694232140281
MLP,480,117,0.54196495,1,1.0,True,0.010824016828838883,0.008836425544978448
MLP,480,117,0.14752388,0,0.0,True,0.0004129732794635339,0.0013189136357270495
MLP,480,117,0.14596747,0,0.0,True,-0.0009770339073592743,-0.00030849218724362593
MLP,480,117,0.16510877,0,0.0,True,0.0006184237721642355,-0.000813492177439479
MLP,480,117,0.35452515,0,0.0,True,-0.0035853363387793,-0.001486194425322025
MLP,480,117,0.120656535,0,0.0,True,0.0008622183592104554,-0.00039554744763293533
MLP,480,117,0.39446047,0,1.0,False,0.012300434059345444,0.014072574575931135
MLP,480,117,0.4645213,0,1.0,False,0.012649393630916427,0.013917878529922609
MLP,480,117,0.7030098,1,1.0,True,0.016211406658317894,0.013406398745498795
MLP,480,117,0.18688081,0,0.0,True,-0.003219586187424677,0.00017738972816479958
MLP,480,117,0.20307359,0,0.0,True,0.003483944317600753,0.001201865579584784
MLP,480,117,0.28833663,0,0.0,True,-0.0015660165789995006,-0.0007665511221883239
MLP,480,117,0.8484112,1,1.0,True,0.0069241208185109,0.011890580955591626
MLP,480,117,0.58500886,1,1.0,True,0.01224655814869998,0.011245141764947463
MLP,480,117,0.26701078,0,0.0,True,-0.003340546653185303,-0.0007403862960176475
MLP,480,117,0.8077101,1,1.0,True,0.013276975531399598,0.014876059744941437
MLP,480,117,0.1704591,0,0.0,True,-0.0014343260460246315,-0.0003258658617042797
MLP,480,117,0.8073261,1,1.0,True,0.008750756339171882,0.009330238385382184
MLP,480,117,0.17350349,0,0.0,True,-0.00039445205238972596,-0.0007994907065243691
MLP,480,117,0.5933134,1,1.0,True,0.01343146362089465,0.010884334424413727
MLP,480,117,0.16460563,0,0.0,True,0.0010029549485441958,0.0006165303937373084
MLP,480,117,0.17489538,0,0.0,True,0.0007296704943443602,-0.000453796400011549
MLP,480,117,0.5263418,1,1.0,True,0.00832741338520345,0.011001818681166153
MLP,480,117,0.5558534,1,1.0,True,0.016434183951744775,0.013277788075310657
MLP,480,117,0.48704964,0,1.0,False,0.01120326049303059,0.012686454386543283
MLP,480,117,0.13745968,0,0.0,True,0.00016347776935141426,0.0009649151919388797
MLP,480,117,0.16677447,0,0.0,True,-0.004515650265428735,-0.002112284781594793
MLP,480,117,0.8570964,1,1.0,True,0.007511411520241319,0.0076633087644682315
MLP,480,117,0.1281834,0,0.0,True,-0.0016244978838921129,8.927831166725419e-05
MLP,480,117,0.1415598,0,0.0,True,0.002249220912067549,0.002743891039839238
MLP,480,117,0.32961768,0,1.0,False,0.008705564938792775,0.010391035079977377
MLP,480,117,0.23535927,0,0.0,True,-0.0002376109589452026,-0.00012015649689867876
MLP,480,117,0.13659208,0,0.0,True,-0.0007298047496785285,-0.001409980532965207
MLP,480,117,0.2567435,0,0.0,True,-0.0028334292660820025,-0.0017914357047071417
MLP,480,117,0.73321396,1,1.0,True,0.008239931750136504,0.009215247576586103
MLP,480,117,0.36343533,0,1.0,False,0.012899307262886593,0.015060155003195115
MLP,480,117,0.44094032,0,1.0,False,0.01444697708026322,0.0131648065841267
MLP,480,117,0.5581713,1,1.0,True,0.019397915650496707,0.01674486283982786
MLP,480,117,0.14025001,0,0.0,True,-0.0010361505360213256,0.0010395327894808413
MLP,480,117,0.16731425,0,0.0,True,0.0008965683222673504,0.0021686497084335795
MLP,480,117,0.8027516,1,1.0,True,0.014703787453359136,0.013301363786923747
MLP,480,117,0.67808354,1,1.0,True,0.016491459040116386,0.01454483891561812
MLP,480,117,0.17163375,0,0.0,True,-0.0006021544301958157,0.0006377468524407531
MLP,480,117,0.5762601,1,1.0,True,0.008453468619235145,0.009533167759939443
MLP,480,117,0.12624039,0,0.0,True,0.0001415395209195381,0.0005248466276199624
MLP,480,117,0.8585726,1,1.0,True,0.007231875524323289,0.010714015178249242
MLP,480,117,0.6923158,1,1.0,True,0.007942082161166519,0.006763153245571792
MLP,480,117,0.17086516,0,0.0,True,-0.0004896589552330846,-0.00020704217642908404
MLP,480,117,0.39988586,0,0.0,True,-0.002365127748268758,-0.0006519888700674516
MLP,480,117,0.77677995,1,1.0,True,0.009870288786189747,0.010080912967137846
MLP,480,117,0.16642605,0,0.0,True,-0.0021360284656283305,-0.0012975160315380698
MLP,480,117,0.35891312,0,1.0,False,0.011581590110634447,0.009802283893466556
MLP,480,117,0.85887975,1,1.0,True,0.012065027627197748,0.012843922821056215
MLP,480,117,0.19503732,0,1.0,False,0.016510958754099317,0.013297959158856933
MLP,480,117,0.3277163,0,1.0,False,0.013422787869399353,0.015174820735850502
MLP,480,117,0.8935927,1,1.0,True,0.0074788978142391865,0.009976944607763858
MLP,480,117,0.15484211,0,0.0,True,-0.0034360675606657787,-0.0036529681792226688
MLP,480,117,0.35233086,0,1.0,False,0.011755784343515171,0.009943681651994309
MLP,480,117,0.14784545,0,0.0,True,0.00028268164570444056,0.0009450231944721436
MLP,480,117,0.9030712,1,1.0,True,0.013003628045181565,0.01408336117692456
MLP,480,117,0.1698869,0,1.0,False,0.015948849672513133,0.013223383507076502
MLP,480,117,0.8804465,1,1.0,True,0.01103267329678433,0.011980896069073826
MLP,480,117,0.78435737,1,1.0,True,0.010157332035262083,0.009465346465073856
MLP,480,117,0.16771112,0,0.0,True,-0.0010726648010183995,-0.001156725381220453
MLP,480,117,0.17095481,0,0.0,True,0.004146748699653607,0.0022526600660385645
MLP,480,117,0.22903083,0,0.0,True,-0.00045218269086232023,-0.0008015273092149833
MLP,480,117,0.37567157,0,1.0,False,0.012601420011821766,0.013176075688962889
MLP,480,117,0.18364997,0,0.0,True,-0.004346702282899536,-0.002139380540323423
MLP,480,117,0.7689608,1,1.0,True,0.011270375446639572,0.013219358953904858
MLP,480,117,0.14280266,0,0.0,True,0.0019537278574925402,0.0009063548609547254
MLP,480,117,0.14905375,0,0.0,True,0.00027708593797263955,0.0007823426474561065
MLP,480,117,0.6245395,1,1.0,True,0.00884527944864563,0.009072488707522338
MLP,480,117,0.7107258,1,1.0,True,0.0048483033800635535,0.0071613434203594735
MLP,480,117,0.2422553,0,0.0,True,0.001437623748250179,0.00045051370907028853
MLP,480,117,0.6286587,1,1.0,True,0.012265273417235201,0.01328813153559841
MLP,480,117,0.18233776,0,0.0,True,0.004517862160385442,0.002415326732703963
MLP,480,117,0.8398182,1,1.0,True,0.017840014365249346,0.0158342240919728
MLP,480,117,0.83369523,1,1.0,True,0.010326901681987802,0.012187670932687729
MLP,480,117,0.82293993,1,1.0,True,0.014212561249464992,0.012438088016548323
MLP,480,117,0.3543673,0,1.0,False,0.015898016680679042,0.01875461575806852
MLP,480,117,0.15390888,0,0.0,True,-1.5903529921974334e-06,0.0009475992142171344
MLP,480,117,0.15735851,0,0.0,True,-0.00045813872547156636,-0.0001974717081799126
MLP,480,117,0.41997686,0,1.0,False,0.014288749303747166,0.014656127308747402
MLP,480,117,0.12555765,0,0.0,True,-0.004039662448360327,-0.0014969651736647155
MLP,480,117,0.467677,0,0.0,True,0.003018174616401389,0.0016019381831793862
MLP,480,117,0.13324112,0,0.0,True,0.003520945681702757,0.0018303850478539547
MLP,480,117,0.17801219,0,0.0,True,-0.0020024475829812753,0.000564219541809409
MLP,480,117,0.14470083,0,0.0,True,0.0006260416586136028,0.000678937797848208
MLP,480,117,0.16256371,0,0.0,True,0.003799184454011101,0.0015870503962153641
MLP,480,117,0.79060423,1,1.0,True,0.009676860755521124,0.010430913529096052
MLP,480,117,0.3336902,0,1.0,False,0.009948164824627629,0.01260204297799313
MLP,480,117,0.8218806,1,1.0,True,0.012695849151424255,0.012008291430961033
MLP,480,117,0.6663242,1,1.0,True,0.014190740117926934,0.013717494848822278
MLP,480,117,0.17161907,0,0.0,True,0.003092592734431856,0.00023088704307708616
MLP,480,117,0.7036182,1,1.0,True,0.01346528656260782,0.013043949161349102
MLP,480,119,0.50292987,1,1.0,True,0.013347559739767315,0.013339676897198696
MLP,480,119,0.10792245,0,0.0,True,-0.0020388012816226894,-0.000634860571089285
MLP,480,119,0.661208,1,1.0,True,0.010599989875669088,0.011399343470159888
MLP,480,119,0.37349707,0,1.0,False,0.01320037330370866,0.011851447296177521
MLP,480,119,0.15155514,0,0.0,True,-0.003222667287077771,-0.003321931029056978
MLP,480,119,0.30565637,0,0.0,True,-7.278406378044119e-05,-0.002184486710301906
MLP,480,119,0.5968658,1,1.0,True,0.01324763330620631,0.013466670201163567
MLP,480,119,0.14526026,0,0.0,True,-0.00027864578843725423,-0.0005620137828415829
MLP,480,119,0.17215568,0,0.0,True,-0.0002543436098961098,-0.0005113425085587104
MLP,480,119,0.25182143,0,1.0,False,0.006009335555322334,0.007387255422342846
MLP,480,119,0.5176301,1,1.0,True,0.00875821694491456,0.008636696722969033
MLP,480,119,0.331197,0,0.0,True,-0.0034533047183065153,-0.001999564622080887
MLP,480,119,0.13246648,0,0.0,True,0.0004958088980060131,0.000322184918079183
MLP,480,119,0.11637921,0,0.0,True,-0.0030793516129180103,-0.0016806263424563792
MLP,480,119,0.5560534,1,1.0,True,0.008130437038158167,0.008004568004766831
MLP,480,119,0.15262327,0,0.0,True,0.00034567101285813126,0.0006764469212906865
MLP,480,119,0.6480656,1,1.0,True,0.012245047691380479,0.013899911093293433
MLP,480,119,0.2593458,0,0.0,True,0.0026564958708386248,0.001792969381535801
MLP,480,119,0.7150213,1,1.0,True,0.014221051190334712,0.011853893401027481
MLP,480,119,0.1339726,0,0.0,True,-0.0028136305487192286,-0.0012493221950612297
MLP,480,119,0.11189893,0,0.0,True,-0.0016787273582390032,-0.0005180839642816793
MLP,480,119,0.83532894,1,1.0,True,0.014290535355102567,0.013477613302096646
MLP,480,119,0.25031382,0,0.0,True,0.001128757054739836,0.001295544460462994
MLP,480,119,0.48346362,0,1.0,False,0.014572499043897515,0.014858457851843148
MLP,480,119,0.3390363,0,1.0,False,0.008137105081381225,0.009108319723794412
MLP,480,119,0.33335668,0,1.0,False,0.007129911227743127,0.011177576255899269
MLP,480,119,0.7858912,1,1.0,True,0.014506449693432235,0.012366182735881416
MLP,480,119,0.5125595,1,1.0,True,0.011747699163551234,0.012234864629022828
MLP,480,119,0.5857229,1,1.0,True,0.010504860173422944,0.009592973679077188
MLP,480,119,0.82609946,1,1.0,True,0.015034176912543417,0.013736203363982015
MLP,480,119,0.7406666,1,1.0,True,0.016434974369518338,0.01276084581862382
MLP,480,119,0.15361048,0,0.0,True,-0.000543590220615358,-0.0010881647418992143
MLP,480,119,0.8335152,1,1.0,True,0.01072128336158457,0.01122811997982274
MLP,480,119,0.2203465,0,0.0,True,0.0004655353219831946,-0.0002003770602687224
MLP,480,119,0.19650151,0,1.0,False,0.012169452974263464,0.009330360757106512
MLP,480,119,0.2071849,0,0.0,True,0.00028705530975732784,-0.00044409704188783344
MLP,480,119,0.21038376,0,0.0,True,-0.0017334325793036268,-0.0018739800686847189
MLP,480,119,0.15697078,0,0.0,True,-0.0014714720695641161,0.0003734827378522658
MLP,480,119,0.9229924,1,1.0,True,0.013332518246348932,0.012262255098345552
MLP,480,119,0.15051498,0,0.0,True,0.0023291440210369014,0.0016568468746303393
MLP,480,119,0.43600804,0,1.0,False,0.00829101728360972,0.009941457804315951
MLP,480,119,0.44950095,0,1.0,False,0.012376832266606928,0.010520841938106807
MLP,480,119,0.4065232,0,1.0,False,0.015796633955496645,0.016562074387238626
MLP,480,119,0.12190385,0,0.0,True,-0.00023083781546812845,-0.000661879877039877
MLP,480,119,0.14781645,0,0.0,True,0.0011279185173585808,0.0004321887878761113
MLP,480,119,0.839063,1,1.0,True,0.012138796476507056,0.013810573846828952
MLP,480,119,0.12514359,0,0.0,True,0.0004923274010395999,0.0012026971857365058
MLP,480,119,0.16015454,0,0.0,True,0.001828417215860654,0.0001626249380766279
MLP,480,119,0.14116985,0,0.0,True,0.00033654715029287534,0.001951234651524416
MLP,480,119,0.46385357,0,1.0,False,0.017884313682699333,0.014515619923809103
MLP,480,119,0.25873566,0,1.0,False,0.010036245039177535,0.008971566300009452
MLP,480,119,0.32279414,0,1.0,False,0.012284629897666422,0.011378329025677642
MLP,480,119,0.78028494,1,1.0,True,0.015758049635607937,0.014373173037304515
MLP,480,119,0.16810058,0,0.0,True,-0.0014270251398560022,-0.002320593802323397
MLP,480,119,0.55501544,1,1.0,True,0.012766437424941905,0.011812128182264724
MLP,480,119,0.25894532,0,0.0,True,-0.0009143441431418259,0.00033893768975337257
MLP,480,119,0.14054435,0,0.0,True,-0.0001096376866593728,-0.0010281777333442635
MLP,480,119,0.8378575,1,1.0,True,0.011502082436588228,0.009149528364564233
MLP,480,119,0.18514545,0,0.0,True,-0.00110473208072373,0.0016283524904214558
MLP,480,119,0.2654608,0,0.0,True,-0.0006617685441552291,-0.0011239869293739309
MLP,480,119,0.72886324,1,1.0,True,0.016174352406318038,0.010652790715523148
MLP,480,119,0.21208328,0,0.0,True,0.0016263984328502843,0.00011736678754557511
MLP,480,119,0.3763408,0,1.0,False,0.009553848373844138,0.010727599250090267
MLP,480,119,0.92677003,1,1.0,True,0.014030130063058085,0.013796003469391444
MLP,480,119,0.18491526,0,0.0,True,-0.001222731367540925,0.00014312329895953464
MLP,480,119,0.13150953,0,0.0,True,0.0034185808324309853,0.0018373443451295908
MLP,480,119,0.22127776,0,0.0,True,0.0003695657516438659,0.00019591536031534002
MLP,480,119,0.90349114,1,1.0,True,0.01632518790838049,0.01697885528141236
MLP,480,119,0.4161489,0,1.0,False,0.010599147800973723,0.010300814491549334
MLP,480,119,0.81969535,1,1.0,True,0.01380351595946859,0.014322780963059834
MLP,480,119,0.14015044,0,0.0,True,0.003818638213144117,0.002198615896336916
MLP,480,119,0.34563282,0,1.0,False,0.011824589614894411,0.009934574176630476
MLP,480,119,0.6423176,1,1.0,True,0.013926589516675966,0.013819239764568
MLP,480,119,0.5614981,1,1.0,True,0.015083037723232861,0.013435807583630985
MLP,480,119,0.12022602,0,0.0,True,-0.0001570247968484317,-0.002342770946088715
MLP,480,119,0.18623023,0,0.0,True,0.0011509776094281528,-5.3890934651304296e-05
MLP,480,119,0.8694748,1,1.0,True,0.011272566177784249,0.011322775422598052
MLP,480,119,0.12727727,0,0.0,True,0.003764548241792537,0.003976796549351374
MLP,480,119,0.22643292,0,0.0,True,-0.0014384127233947207,0.0003583532905557908
MLP,480,119,0.15217692,0,0.0,True,-0.0006742139845737326,0.000618342839962046
MLP,480,119,0.20332853,0,0.0,True,0.00024080486314859219,0.0008420393014033957
MLP,480,119,0.88440686,1,1.0,True,0.011238162499166381,0.011375909371139541
MLP,480,119,0.8678688,1,1.0,True,0.014307988135188689,0.014248753968443792
MLP,480,119,0.13449393,0,0.0,True,-0.0018022084543457405,-0.0006414870430508351
MLP,480,119,0.11883239,0,0.0,True,4.750132824139047e-05,-6.127307624569743e-05
MLP,480,119,0.6900575,1,1.0,True,0.011333848735589644,0.01440227210786624
MLP,480,119,0.5997968,1,1.0,True,0.015309587746029462,0.013531821245476102
MLP,480,119,0.18034393,0,0.0,True,-0.0005841206283450113,0.0004557324521855084
MLP,480,119,0.45901793,0,1.0,False,0.01648365828416748,0.016757576017572256
MLP,480,119,0.2835135,0,0.0,True,0.0005777231990391842,0.0011658171823580765
MLP,480,119,0.70559305,1,1.0,True,0.014978321659470994,0.013265074522458424
MLP,480,119,0.8934131,1,1.0,True,0.014379815531486227,0.012352193638529184
MLP,480,119,0.89435756,1,1.0,True,0.008172808804619404,0.010413843471691768
MLP,480,119,0.9397358,1,1.0,True,0.013139317586684783,0.012230294265680492
MLP,480,119,0.18998142,0,0.0,True,0.0007581706295071556,0.0014510980716998297
MLP,480,119,0.31898066,0,0.0,True,0.0007814867069370728,0.001095641397594448
MLP,480,119,0.7440728,1,1.0,True,0.01647622640977352,0.015000509117589485
MLP,480,119,0.12639277,0,0.0,True,0.0021572231713571474,0.00270370320806308
MLP,480,119,0.27473065,0,0.0,True,0.0013623132716275778,0.0011721304393784166
MLP,480,119,0.3266764,0,1.0,False,0.011357912965954472,0.008574109331090457
MLP,480,120,0.6533611,1,1.0,True,0.01365061717486869,0.01225023819452172
MLP,480,120,0.14191501,0,0.0,True,-0.0007771420786791157,-0.0008122218074770799
MLP,480,120,0.17177713,0,0.0,True,0.0013197912434036443,0.0005111922622359408
MLP,480,120,0.8625857,1,1.0,True,0.009864330811744636,0.011311444935101597
MLP,480,120,0.34876803,0,0.0,True,0.0012681914194180453,-0.0005939863236711384
MLP,480,120,0.20636252,0,0.0,True,0.001092604800228209,-0.0008959318603598423
MLP,480,120,0.89740133,1,1.0,True,0.02018597128252671,0.01686461589066905
MLP,480,120,0.88481677,1,1.0,True,0.012562158227488254,0.013995067602900845
MLP,480,120,0.4094421,0,1.0,False,0.012200551488063455,0.012057161245822637
MLP,480,120,0.24063966,0,0.0,True,-0.002040007336017858,-0.0019334456234040033
MLP,480,120,0.9167483,1,1.0,True,0.020397866610500245,0.016848624793349105
MLP,480,120,0.14808042,0,0.0,True,0.002523802320333546,0.0009157214434122795
MLP,480,120,0.70350844,1,1.0,True,0.012865231513706235,0.015604221878995742
MLP,480,120,0.19354732,0,0.0,True,-0.0002616288641207423,-0.0009499041485733061
MLP,480,120,0.45846483,0,0.0,True,-0.000829572208468197,0.001233179343838482
MLP,480,120,0.75731647,1,1.0,True,0.015411661373914391,0.015288157251685775
MLP,480,120,0.75435734,1,1.0,True,0.011567926444975233,0.00967334900021781
MLP,480,120,0.17435528,0,0.0,True,-0.0010967975472689498,-0.0010326828596130182
MLP,480,120,0.8565828,1,1.0,True,0.008381264933469969,0.009718251905420043
MLP,480,120,0.21300282,0,0.0,True,-0.004549956206700811,-0.0028391912007858745
MLP,480,120,0.66888034,1,1.0,True,0.011351846012988262,0.012147501718622378
MLP,480,120,0.16207188,0,0.0,True,5.111712974095642e-05,-0.0013858737018987934
MLP,480,120,0.6574536,1,1.0,True,0.015691921403834366,0.017084138465623115
MLP,480,120,0.13301253,0,0.0,True,-0.0005803681769771194,0.0006248253602727371
MLP,480,120,0.8500116,1,1.0,True,0.013547533307801084,0.012216642367245161
MLP,480,120,0.5286576,1,1.0,True,0.012410737952583736,0.011256488041327862
MLP,480,120,0.8514683,1,1.0,True,0.018313347546151902,0.013390394931815526
MLP,480,120,0.29301006,0,1.0,False,0.018603815158680176,0.014535139483262328
MLP,480,120,0.21441369,0,1.0,False,0.01711702813326873,0.015071050988241904
MLP,480,120,0.24075304,0,0.0,True,-0.002601146054179102,-0.001855023376976261
MLP,480,120,0.27911043,0,1.0,False,0.015042170057129704,0.014278232687769841
MLP,480,120,0.76837933,1,1.0,True,0.007802388183069891,0.008933662017082027
MLP,480,120,0.11016817,0,0.0,True,-0.001035497262079854,5.6248253217438304e-05
MLP,480,120,0.8536081,1,1.0,True,0.016044511028551416,0.014884995310132995
MLP,480,120,0.61085457,1,1.0,True,0.018414715263860584,0.016592362511627674
MLP,480,120,0.7609746,1,1.0,True,0.01041880908108867,0.011518469382631732
MLP,480,120,0.7481579,1,1.0,True,0.00868051600653108,0.008389115216658019
MLP,480,120,0.16665973,0,0.0,True,0.0015744120236347435,0.0029170343151389646
MLP,480,120,0.9050311,1,1.0,True,0.019210600032146967,0.016421736108451223
MLP,480,120,0.6832953,1,1.0,True,0.007636940901699146,0.011341554568431066
MLP,480,120,0.14180821,0,0.0,True,0.0015311699235106954,0.0013195359337216492
MLP,480,120,0.20626459,0,0.0,True,0.002174449284070696,0.0009271012162136116
MLP,480,120,0.74454087,1,1.0,True,0.01693063754336121,0.01577719346167296
MLP,480,120,0.41641447,0,1.0,False,0.01341334834565247,0.011781539484864236
MLP,480,120,0.25495356,0,0.0,True,-0.0020149112205170025,-0.0011504159185830207
MLP,480,120,0.21504247,0,0.0,True,-0.0014560433752604008,-0.0015312739763799197
MLP,480,120,0.53295386,1,1.0,True,0.012648272017353525,0.012767133876884872
MLP,480,120,0.95404255,1,1.0,True,0.010502292156556656,0.012211468333621389
MLP,480,120,0.35804093,0,0.0,True,-0.0017485454969120603,0.00015225760388684829
MLP,480,120,0.1771223,0,0.0,True,-0.0009487886431019342,-0.0012937704909341565
MLP,480,120,0.83614886,1,1.0,True,0.010349351008937049,0.01156161871884417
MLP,480,120,0.84274536,1,1.0,True,0.010498857930782294,0.00824572313816397
MLP,480,120,0.45940036,0,1.0,False,0.008070692229207178,0.012964364792576077
MLP,480,120,0.11705318,0,0.0,True,1.531331500073314e-05,0.0007207348306288097
MLP,480,120,0.21039177,0,0.0,True,-0.002092494278722727,-0.0003311478927563788
MLP,480,120,0.20419163,0,0.0,True,0.0010136241765127077,0.0011192253483120413
MLP,480,120,0.7250878,1,1.0,True,0.01742214473382899,0.01647987132080959
MLP,480,120,0.9195109,1,1.0,True,0.015418251104474614,0.011651358678163614
MLP,480,120,0.25265488,0,0.0,True,-0.00013956614488998357,-0.0004052976922408759
MLP,480,120,0.13309228,0,0.0,True,-0.0005400368030665507,-0.0004137828954793871
MLP,480,120,0.6497294,1,1.0,True,0.014579864742549242,0.014255820650804659
MLP,480,120,0.65973985,1,1.0,True,0.011394725796293944,0.012268905718072938
MLP,480,120,0.3158479,0,0.0,True,-0.0014430998197519926,-0.0003515011066210994
MLP,480,120,0.7676438,1,1.0,True,0.009392229662944524,0.00903169432315928
MLP,480,120,0.12872544,0,0.0,True,0.0004070242374695376,0.000755784426337374
MLP,480,120,0.9015664,1,1.0,True,0.014745811520814377,0.01588096856980732
MLP,480,120,0.7247144,1,1.0,True,0.01542187450107844,0.014558119196623592
MLP,480,120,0.26829794,0,0.0,True,-0.002198019385538671,0.0007915978458804232
MLP,480,120,0.57596856,1,0.0,False,0.0004729161479722408,0.0009786270093584905
MLP,480,120,0.32223484,0,0.0,True,0.0009465252974546856,0.0011259869590988494
MLP,480,120,0.8994748,1,1.0,True,0.009655600225146456,0.01176754455244303
MLP,480,120,0.5461174,1,1.0,True,0.015048984915655006,0.016885477366271752
MLP,480,120,0.8173361,1,1.0,True,0.01147370097987436,0.01280084806925224
MLP,480,120,0.21805295,0,0.0,True,-0.0014486779863534707,-0.0018506395974519944
MLP,480,120,0.16603678,0,0.0,True,-0.0006440119327954275,-0.0008493248053907802
MLP,480,120,0.13604298,0,0.0,True,-0.0013414152206641752,0.0007469887953345738
MLP,480,120,0.90237266,1,1.0,True,0.010945603827607772,0.015506083285710374
MLP,480,120,0.1684731,0,0.0,True,-0.002375534060712804,-0.000889002613212267
MLP,480,120,0.93182105,1,1.0,True,0.018350650388166054,0.0172982709200445
MLP,480,120,0.9367639,1,1.0,True,0.015980127159735312,0.01474056876480216
MLP,480,120,0.13988356,0,0.0,True,0.0017517272546397253,0.00039961220562310457
MLP,480,120,0.929254,1,1.0,True,0.011389877511445927,0.011902032396050092
MLP,480,120,0.14965796,0,0.0,True,-0.0009339328849304594,0.0019910436070213434
MLP,480,120,0.1532419,0,1.0,False,0.012839275405770218,0.012891898942522868
MLP,480,120,0.68265,1,1.0,True,0.011403976248794804,0.013779999095895216
MLP,480,120,0.12901537,0,0.0,True,0.0006601885213551972,-0.0002708992462021271
MLP,480,120,0.90901583,1,1.0,True,0.006662083845539563,0.011406202164518884
MLP,480,120,0.21652326,0,0.0,True,-0.0018854226095412375,-0.0002506175339277801
MLP,480,120,0.15124483,0,0.0,True,0.00045103503630975145,0.0016705734459629188
MLP,480,120,0.27357516,0,0.0,True,-0.002697155974673162,-0.000988901261189022
MLP,480,120,0.2112388,0,0.0,True,-0.0031973268156922406,-0.0025037668433805743
MLP,480,120,0.13661025,0,0.0,True,0.004131486749957707,0.001667191280587296
MLP,480,120,0.15676704,0,0.0,True,-0.004289882529295168,-0.000502003026611649
MLP,480,120,0.93301207,1,1.0,True,0.013700136311610935,0.009482084646904827
MLP,480,120,0.18134883,0,0.0,True,-0.00012306041259378878,-0.0010113051197217966
MLP,480,120,0.17598465,0,0.0,True,-0.002993727313546785,0.0007039490462958578
MLP,480,120,0.3031218,0,1.0,False,0.016870582357438546,0.014924807205035692
MLP,480,120,0.7960036,1,1.0,True,0.01688690436021046,0.014269675578124122
MLP,480,120,0.43397787,0,1.0,False,0.01621992051014865,0.013196944937797146
MLP,480,120,0.29261506,0,0.0,True,0.00141894225548866,0.0008633800455659574
MLP,480,122,0.47525245,0,1.0,False,0.0074010023821129865,0.012907403280243332
MLP,480,122,0.9469318,1,1.0,True,0.01033318692116861,0.01005180271838142
MLP,480,122,0.2183038,0,0.0,True,-0.0019923956261635243,-0.00040963570003957773
MLP,480,122,0.7066426,1,1.0,True,0.016993405964215388,0.017977343751083032
MLP,480,122,0.14783482,0,0.0,True,0.0006128257681927427,0.0010487637293244633
MLP,480,122,0.6215642,1,1.0,True,0.01390885196732721,0.011972803200784818
MLP,480,122,0.8708704,1,1.0,True,0.017605498623131887,0.01710601774215473
MLP,480,122,0.3869302,0,1.0,False,0.015734992658568182,0.014075036593655662
MLP,480,122,0.14718252,0,0.0,True,-0.0010433150777243892,-0.0004220180541003155
MLP,480,122,0.33758911,0,1.0,False,0.017402363659690775,0.012853668826747969
MLP,480,122,0.8330612,1,1.0,True,0.014193511460255926,0.012810619757142731
MLP,480,122,0.16704585,0,0.0,True,-0.0010148103231330423,-0.0010947751467555273
MLP,480,122,0.40635902,0,1.0,False,0.012140544916402103,0.014056164161382606
MLP,480,122,0.5668163,1,1.0,True,0.014949748039275188,0.012500531023139754
MLP,480,122,0.2273029,0,0.0,True,-0.000927703368125361,0.0005603783064834948
MLP,480,122,0.13505404,0,0.0,True,-0.0007056835385621383,0.0015750568111026534
MLP,480,122,0.448845,0,1.0,False,0.01492712767043257,0.017111736627776618
MLP,480,122,0.26138556,0,1.0,False,0.015398284638150309,0.01238895745251767
MLP,480,122,0.31193313,0,0.0,True,-0.00184436475462978,-0.0003533633960712694
MLP,480,122,0.8585015,1,1.0,True,0.013375578192601963,0.013842038734064735
MLP,480,122,0.12397109,0,0.0,True,0.0005214342908760595,0.0014492632346894956
MLP,480,122,0.8432433,1,1.0,True,0.01230786790863009,0.013961365489678898
MLP,480,122,0.6326863,1,1.0,True,0.014334720221590984,0.014484072121856916
MLP,480,122,0.84839344,1,1.0,True,0.014708039627653272,0.011074693420165533
MLP,480,122,0.62048286,1,1.0,True,0.013533416391481607,0.014309417088099404
MLP,480,122,0.8511643,1,1.0,True,0.015047624454903104,0.015507376946460266
MLP,480,122,0.15269221,0,0.0,True,0.001883684136828191,-0.00027776752073150154
MLP,480,122,0.19807127,0,0.0,True,-0.00045933834977720237,-0.000660047287974247
MLP,480,122,0.7195013,1,1.0,True,0.009878993288066112,0.012702375036851732
MLP,480,122,0.3614713,0,0.0,True,0.0009854806878932087,0.00189141777222669
MLP,480,122,0.5272308,1,1.0,True,0.011584729212441417,0.0116972915719723
MLP,480,122,0.7196889,1,1.0,True,0.013421739561039859,0.013810290070839977
MLP,480,122,0.14044534,0,0.0,True,0.0022872124606658165,0.002463372700183324
MLP,480,122,0.7612122,1,1.0,True,0.015126743616442527,0.011620415233408494
MLP,480,122,0.1811216,0,0.0,True,-6.059939624286187e-06,0.0016965299986187578
MLP,480,122,0.85209537,1,1.0,True,0.014360502973108667,0.014453425295857353
MLP,480,122,0.16516003,0,0.0,True,-0.0018095215591597616,-0.0010538611824555252
MLP,480,122,0.45391962,0,1.0,False,0.01152951810239957,0.012851820580297964
MLP,480,122,0.25883153,0,0.0,True,-0.0023709723002760838,-0.0016985706388699597
MLP,480,122,0.88309884,1,1.0,True,0.00875891837844201,0.010757222325621534
MLP,480,122,0.4042803,0,1.0,False,0.012305145821515496,0.016048953352435932
MLP,480,122,0.13784444,0,0.0,True,-0.00129470883664637,-0.0017578257011397424
MLP,480,122,0.91533834,1,1.0,True,0.013490308969149196,0.01301238490685626
MLP,480,122,0.14915642,0,0.0,True,-0.0006788691249846696,-0.00044886596908143685
MLP,480,122,0.7362964,1,1.0,True,0.01339147081671136,0.011389099059041917
MLP,480,122,0.1747964,0,0.0,True,9.048744569975926e-05,0.0008086940890483504
MLP,480,122,0.1849219,0,0.0,True,-0.0009923611837149263,-0.002055709827944469
MLP,480,122,0.674358,1,1.0,True,0.015875109223828676,0.014555063733661274
MLP,480,122,0.54472756,1,1.0,True,0.01538936846802752,0.015078498346486086
MLP,480,122,0.8563675,1,1.0,True,0.01435672048376092,0.011490131603133018
MLP,480,122,0.12896143,0,0.0,True,0.0037282653722781876,0.0027220692653795488
MLP,480,122,0.16961212,0,0.0,True,0.0005046101384655482,0.0001701404191706009
MLP,480,122,0.7306831,1,1.0,True,0.013216023942849858,0.01596386056574317
MLP,480,122,0.45918334,0,1.0,False,0.014632633684322747,0.014334207026729343
MLP,480,122,0.94452745,1,1.0,True,0.01668809455289905,0.013554526360126558
MLP,480,122,0.13412583,0,0.0,True,-0.0016354535575358506,0.0009621008795821711
MLP,480,122,0.11214542,0,0.0,True,0.002755521222647463,0.0012431133209481122
MLP,480,122,0.3278357,0,0.0,True,-0.0022640598940681994,-0.0006338038778869668
MLP,480,122,0.8952052,1,1.0,True,0.015219558396225711,0.014111819265212665
MLP,480,122,0.7938877,1,1.0,True,0.013661523945273854,0.012674686222080378
MLP,480,122,0.67475444,1,1.0,True,0.019136566977006452,0.014519493986471444
MLP,480,122,0.5537192,1,1.0,True,0.016550510513188885,0.014356576887948684
MLP,480,122,0.7497964,1,1.0,True,0.013906664944532353,0.01365101586550426
MLP,480,122,0.2661099,0,0.0,True,0.0014955196604781108,0.0012358726997157153
MLP,480,122,0.7949838,1,1.0,True,0.013341515295905455,0.01133139020989104
MLP,480,122,0.5990905,1,1.0,True,0.016342384625069976,0.013856964750865624
MLP,480,122,0.83321214,1,1.0,True,0.012830069871590272,0.011559197215103033
MLP,480,122,0.489855,0,1.0,False,0.014300656084766133,0.014054349328152303
MLP,480,122,0.14420703,0,0.0,True,0.0010685669297741949,-0.0012074167684697815
MLP,480,122,0.8382078,1,1.0,True,0.013892981340119112,0.014762176426809295
MLP,480,122,0.85333335,1,1.0,True,0.011021190020359659,0.013379503170504025
MLP,480,122,0.87151706,1,1.0,True,0.01632669561351768,0.014993757943142144
MLP,480,122,0.11341283,0,0.0,True,0.0016250119852883576,0.0008992941372958454
MLP,480,122,0.68173,1,1.0,True,0.013756844900273749,0.011668629513499377
MLP,480,122,0.27774286,0,1.0,False,0.013213210712580725,0.012694783218054076
MLP,480,122,0.32876787,0,1.0,False,0.015285311166931532,0.01241018193120445
MLP,480,122,0.16427818,0,0.0,True,-0.0009178278886184755,-0.0004135814299177407
MLP,480,122,0.12759767,0,0.0,True,0.003643836188449696,0.0022106758082515716
MLP,480,122,0.507049,1,1.0,True,0.008804944159210699,0.010273677217755146
MLP,480,122,0.1421805,0,0.0,True,0.0019136293529576573,0.0005093158698068998
MLP,480,122,0.17395368,0,0.0,True,-9.890864278286235e-05,0.00041450180464025477
MLP,480,122,0.61072284,1,1.0,True,0.018539667755821738,0.014105649792635427
MLP,480,122,0.9433918,1,1.0,True,0.014039566842464591,0.016182810617627257
MLP,480,122,0.15926415,0,0.0,True,-4.735750073958598e-05,-0.00032989161995270816
MLP,480,122,0.13060631,0,0.0,True,0.0018870224716802093,0.0010922219656594448
MLP,480,122,0.94267505,1,1.0,True,0.0138754464016904,0.015409545362193753
MLP,480,122,0.42073965,0,1.0,False,0.013712552410348003,0.01223757784428758
MLP,480,122,0.29255715,0,0.0,True,0.001690877230117089,-0.0002446791437731095
MLP,480,122,0.34191498,0,0.0,True,0.0013279525405435568,-0.00041227909713944253
MLP,480,122,0.47847858,0,1.0,False,0.007263153335121736,0.008011060769253781
MLP,480,122,0.16375501,0,0.0,True,-0.0006297384290754217,-0.000970037303447791
MLP,480,122,0.15274803,0,0.0,True,-0.0015460169695058793,-0.0007984833081899825
MLP,480,122,0.11478373,0,0.0,True,-0.001343151933974059,-0.0010395644041636945
MLP,480,122,0.6101854,1,1.0,True,0.007297763041974163,0.00912160155138372
MLP,480,122,0.2459408,0,0.0,True,-0.001766461462036282,-0.00014871186208112832
MLP,480,122,0.71377826,1,1.0,True,0.010661514052988548,0.011757873292012314
MLP,480,122,0.14829497,0,0.0,True,0.0007205910779982157,0.0003556826131093818
MLP,480,122,0.7447248,1,1.0,True,0.019259176258465315,0.01613949753621586
MLP,480,122,0.14974485,0,0.0,True,-0.0008566670099870416,1.797567186237799e-05
MLP,480,122,0.18424053,0,0.0,True,-0.0006309550141451003,0.0006741815547800834
MLP,480,124,0.98084474,1,1.0,True,0.018062358189584654,0.013008754137524075
MLP,480,124,0.1827887,0,0.0,True,0.002065897231656218,0.0012491239829238324
MLP,480,124,0.6662939,1,1.0,True,0.01319483687289701,0.017066430323697104
MLP,480,124,0.91399354,1,1.0,True,0.016142753728152257,0.01518878737144653
MLP,480,124,0.6315506,1,1.0,True,0.01232399324397035,0.01383414314277554
MLP,480,124,0.1866034,0,0.0,True,0.0036293112833673652,0.0019568008124020613
MLP,480,124,0.788167,1,1.0,True,0.012121971536207123,0.014868896569272151
MLP,480,124,0.52903074,1,1.0,True,0.014796132830303416,0.01957028125805753
MLP,480,124,0.116558075,0,0.0,True,-5.217666870203039e-05,0.0006574552480353444
MLP,480,124,0.124543905,0,0.0,True,4.080142897054821e-05,-0.0001379887260805262
MLP,480,124,0.14586161,0,0.0,True,-0.0004564400346802574,-0.0007921802199380522
MLP,480,124,0.122998066,0,0.0,True,0.00317976576102191,0.0005315547357389862
MLP,480,124,0.9175078,1,1.0,True,0.014222239815735485,0.017567869799992496
MLP,480,124,0.17875776,0,0.0,True,-0.0004088696911982488,0.0004658408466499952
MLP,480,124,0.15786786,0,0.0,True,0.0005005221260964154,0.0002404387202205442
MLP,480,124,0.9821869,1,1.0,True,0.014265988768502255,0.012447964535193274
MLP,480,124,0.9008925,1,1.0,True,0.017189758963166747,0.017681828824745238
MLP,480,124,0.18398732,0,0.0,True,-0.003293506125252921,-0.001839297978783435
MLP,480,124,0.1418129,0,0.0,True,-0.003113596252149485,-0.0009711749291071044
MLP,480,124,0.8082189,1,1.0,True,0.0177563749445676,0.014975619096686427
MLP,480,124,0.835644,1,1.0,True,0.008926649917948828,0.01087865858360166
MLP,480,124,0.7371955,1,1.0,True,0.01915425167924717,0.01621349192111865
MLP,480,124,0.38662112,0,0.0,True,0.0007330403777772851,0.00098643826864773
MLP,480,124,0.8987295,1,1.0,True,0.018003117742276874,0.016763513127385974
MLP,480,124,0.1429997,0,0.0,True,-0.000173969461107577,-0.0010405583359441527
MLP,480,124,0.16085911,0,0.0,True,-0.0064892226031661076,-0.0031870580309354252
MLP,480,124,0.96194094,1,1.0,True,0.014602267623513498,0.012723055134602004
MLP,480,124,0.65800506,1,1.0,True,0.013995939459875059,0.013945219386060775
MLP,480,124,0.57025236,1,1.0,True,0.015080042832847095,0.012979622052878049
MLP,480,124,0.91369617,1,1.0,True,0.012195237232954754,0.013117573432759908
MLP,480,124,0.96974415,1,1.0,True,0.0185385741578765,0.015536810719625994
MLP,480,124,0.14326595,0,0.0,True,0.0025051793558552036,0.002076768900715406
MLP,480,124,0.4548476,0,1.0,False,0.011430618414333541,0.010484367972702417
MLP,480,124,0.24449974,0,0.0,True,0.0015877414234271516,0.0008448535380394247
MLP,480,124,0.53052235,1,1.0,True,0.016339889325369804,0.015232935014664602
MLP,480,124,0.7242501,1,1.0,True,0.014784867665579264,0.011970591677713121
MLP,480,124,0.15937847,0,0.0,True,0.002104048283442808,0.00021674324590121235
MLP,480,124,0.8082152,1,1.0,True,0.01846876017280581,0.01632770589546572
MLP,480,124,0.8350445,1,1.0,True,0.01431370661164671,0.01440743113368083
MLP,480,124,0.8767952,1,1.0,True,0.013681646124400393,0.01639602230551581
MLP,480,124,0.8305562,1,1.0,True,0.014510511473691246,0.012157665576309871
MLP,480,124,0.16409414,0,0.0,True,-0.002862124644223913,-0.0005924140908471217
MLP,480,124,0.689797,1,1.0,True,0.015716736366502396,0.013443226033567051
MLP,480,124,0.84888417,1,1.0,True,0.014832340047999647,0.0143862729804892
MLP,480,124,0.9177159,1,1.0,True,0.013879717190963979,0.014763819264496344
MLP,480,124,0.13890722,0,0.0,True,0.0019022084131143464,0.002866460188017844
MLP,480,124,0.52436,1,1.0,True,0.011087454677711375,0.01294151448609609
MLP,480,124,0.31689364,0,1.0,False,0.012158699197968399,0.014347772558369089
MLP,480,124,0.91335696,1,1.0,True,0.013281352150845695,0.016687161322187342
MLP,480,124,0.20442463,0,0.0,True,0.001370848072602755,0.001655623124397873
MLP,480,124,0.77344954,1,1.0,True,0.006905493060882338,0.010304297756371716
MLP,480,124,0.77545637,1,1.0,True,0.016272814065002715,0.013455175920913073
MLP,480,124,0.84448045,1,1.0,True,0.01809748492193675,0.015913624001793338
MLP,480,124,0.79941404,1,1.0,True,0.012978764858896636,0.015001697777424466
MLP,480,124,0.7283806,1,1.0,True,0.023580781491825038,0.01952124340497621
MLP,480,124,0.15509416,0,0.0,True,-0.002201165109167363,-0.002251351598345656
MLP,480,124,0.18054871,0,0.0,True,-0.0041741340813395995,-0.003403578644433437
MLP,480,124,0.13998884,0,0.0,True,0.0015918535016451476,0.000683555626924474
MLP,480,124,0.20587143,0,0.0,True,-0.0009224943820361157,-0.002843561800543381
MLP,480,124,0.12340268,0,0.0,True,0.0010859330216306366,-0.001050832192122179
MLP,480,124,0.54923725,1,0.0,False,0.004882628811493904,0.0028545676494718688
MLP,480,124,0.13450311,0,0.0,True,0.002313266383254001,0.0027859399234933736
MLP,480,124,0.16641977,0,0.0,True,-0.0013561894042895407,0.0005101352279018351
MLP,480,124,0.17807288,0,0.0,True,0.0002688668228799911,0.0007777333160051522
MLP,480,124,0.1720891,0,0.0,True,-0.0019973895325462888,-0.0001838292286392491
MLP,480,124,0.18871489,0,0.0,True,0.0005116829325595087,-0.0014864889992644602
MLP,480,124,0.15667306,0,0.0,True,-0.00045996114790877236,4.978731207020895e-05
MLP,480,124,0.1686126,0,0.0,True,0.0020356977872508053,0.0017805548437140684
MLP,480,124,0.8421007,1,1.0,True,0.009046581438551346,0.012038418084178331
MLP,480,124,0.8615736,1,1.0,True,0.012520112146908144,0.011898060576475739
MLP,480,124,0.9832448,1,1.0,True,0.01478154086703651,0.014513668994887007
MLP,480,124,0.8067491,1,1.0,True,0.015205829677359629,0.014447213062484853
MLP,480,124,0.8254626,1,1.0,True,0.013132395478018387,0.015222741271740283
MLP,480,124,0.8499945,1,1.0,True,0.010986446415320036,0.015543374416230547
MLP,480,124,0.4117224,0,1.0,False,0.015926402313771834,0.016122024498512428
MLP,480,124,0.13950634,0,0.0,True,0.00022996817920534066,0.0003650058312325925
MLP,480,124,0.12558167,0,0.0,True,0.00021152134529241662,0.0008997167895338778
MLP,480,124,0.18055212,0,0.0,True,0.00040263455709403835,-9.761406730667251e-05
MLP,480,124,0.12314254,0,0.0,True,0.004488565654971306,0.0021773176026293264
MLP,480,124,0.40096745,0,0.0,True,0.0005279923429731948,0.00041519059125141807
MLP,480,124,0.32098958,0,0.0,True,0.001800619658614158,0.000687905745976769
MLP,480,124,0.1948076,0,0.0,True,-0.003687261243849551,-0.0014356432866366397
MLP,480,124,0.87682104,1,1.0,True,0.018750639492415268,0.013701596067695656
MLP,480,124,0.14949317,0,0.0,True,0.00457885869707083,0.00046895586348185515
MLP,480,124,0.13138813,0,0.0,True,-0.00017325265456133633,1.8260260572846555e-05
MLP,480,124,0.1544867,0,0.0,True,0.003589402167046508,0.0023564464813519963
MLP,480,124,0.47287512,0,1.0,False,0.012261165284893712,0.015877815566216008
MLP,480,124,0.15925576,0,0.0,True,0.00045221211835914157,0.0007053341954834681
MLP,480,124,0.21952727,0,0.0,True,-0.0056880423408015865,-0.0010006704691974291
MLP,480,124,0.24379657,0,1.0,False,0.007397172856745901,0.010483520824617683
MLP,480,124,0.76413435,1,1.0,True,0.01071623017473199,0.014001649822669819
MLP,480,124,0.19225608,0,0.0,True,-0.0008872757509304297,-0.00016111332160318478
MLP,480,124,0.70476633,1,1.0,True,0.016005603064990968,0.0131101965531841
MLP,480,124,0.95997936,1,1.0,True,0.01118547472241962,0.013173718757656638
MLP,480,124,0.17760411,0,0.0,True,-0.001440623134097232,-0.001085134007790837
MLP,480,124,0.4487602,0,1.0,False,0.014133531133731985,0.014866842413082603
MLP,480,124,0.5627881,1,1.0,True,0.010311178327520364,0.012685960785760295
MLP,480,124,0.94247955,1,1.0,True,0.01516772755545165,0.01695603862348515
MLP,480,124,0.5202274,1,1.0,True,0.016494133497141086,0.014487273624347551
MLP,480,124,0.9865449,1,1.0,True,0.009318300256554198,0.013020024972350339
MLP,480,126,0.1832998,0,0.0,True,-0.001974599418798235,0.0008011200302215575
MLP,480,126,0.7488253,1,1.0,True,0.012608959959924474,0.01616462972586207
MLP,480,126,0.8221939,1,1.0,True,0.013649930805112943,0.01763586321812463
MLP,480,126,0.63238037,1,1.0,True,0.013595431664653346,0.013526631095249162
MLP,480,126,0.13425031,0,0.0,True,-0.0033170448161222027,0.001024762469736328
MLP,480,126,0.34209314,0,0.0,True,-0.001942277525704862,-0.000538043280032172
MLP,480,126,0.19699389,0,0.0,True,0.0003771641375991778,0.00027348245606107396
MLP,480,126,0.8000204,1,1.0,True,0.012183147095365759,0.015879783512135325
MLP,480,126,0.92290777,1,1.0,True,0.009628930951948538,0.013577882046222617
MLP,480,126,0.77104867,1,1.0,True,0.01879332687088226,0.016958552863329125
MLP,480,126,0.832563,1,1.0,True,0.01512477117148738,0.015915163591913545
MLP,480,126,0.1739105,0,0.0,True,-0.0004002238963029745,0.0007487577927875629
MLP,480,126,0.94007194,1,1.0,True,0.018538225442823072,0.017818201957566445
MLP,480,126,0.88284606,1,1.0,True,0.01274910706531919,0.01563248134872783
MLP,480,126,0.97921866,1,1.0,True,0.013046840739769886,0.01186288024902019
MLP,480,126,0.9121512,1,1.0,True,0.01600853659630122,0.015713183855661984
MLP,480,126,0.17411311,0,0.0,True,0.002052118153561406,0.0013184757669381826
MLP,480,126,0.8735904,1,1.0,True,0.017621533314230758,0.016447069456939686
MLP,480,126,0.1654417,0,0.0,True,0.003571616514043657,0.0005496793823610896
MLP,480,126,0.5912603,1,1.0,True,0.01346122390281972,0.01601810998252539
MLP,480,126,0.65257597,1,1.0,True,0.013673466913878472,0.014292847103689376
MLP,480,126,0.9655033,1,1.0,True,0.014006616420256909,0.01681607106919329
MLP,480,126,0.2146306,0,0.0,True,-0.0012557616065355759,-0.0001336212141411657
MLP,480,126,0.7493833,1,1.0,True,0.012609507963394762,0.012680270860735832
MLP,480,126,0.24719326,0,0.0,True,-6.092122643809001e-07,0.00036080528310415444
MLP,480,126,0.6068064,1,1.0,True,0.016757301968302496,0.015603173798566053
MLP,480,126,0.1589601,0,0.0,True,0.002562000332118349,0.0009232753331004927
MLP,480,126,0.16545276,0,0.0,True,0.0003279616938562411,-0.0011744078335212762
MLP,480,126,0.30209154,0,1.0,False,0.014656367902054617,0.015142113460972068
MLP,480,126,0.65033656,1,1.0,True,0.01661335109834307,0.01700073900247079
MLP,480,126,0.17788246,0,0.0,True,-5.046324998448829e-05,0.002169972767033708
MLP,480,126,0.15670566,0,0.0,True,-0.0004350248053998759,0.0004831945964492456
MLP,480,126,0.14278352,0,0.0,True,0.004584040534228923,0.0016369402658691515
MLP,480,126,0.8674707,1,1.0,True,0.019322250189998228,0.013121148455684795
MLP,480,126,0.9188579,1,1.0,True,0.014585175255734021,0.014282855090558226
MLP,480,126,0.55706185,1,1.0,True,0.013566131932475455,0.015295988974939353
MLP,480,126,0.93114346,1,1.0,True,0.0186588514398513,0.014583475868663888
MLP,480,126,0.35504004,0,0.0,True,-0.003392848294961175,-0.0017546432419248098
MLP,480,126,0.79893756,1,1.0,True,0.011998125293310668,0.015062126224188264
MLP,480,126,0.15240705,0,0.0,True,0.0019130420963002395,0.0008615086384423783
MLP,480,126,0.18936776,0,0.0,True,0.00307039783060006,0.002568528996649498
MLP,480,126,0.8802871,1,1.0,True,0.013274343717867395,0.013030865746724197
MLP,480,126,0.69510585,1,1.0,True,0.01609137560845444,0.015311537881536733
MLP,480,126,0.20905134,0,0.0,True,-0.0015278917433275794,0.0006605514616838191
MLP,480,126,0.89194536,1,1.0,True,0.018518981444522454,0.015516758468282247
MLP,480,126,0.18366504,0,0.0,True,-0.0029507084109886366,-0.0013472133956877257
MLP,480,126,0.98133713,1,1.0,True,0.014476303104265079,0.01237964579512694
MLP,480,126,0.17762762,0,0.0,True,-6.961059688101856e-05,-0.0005442476820581793
MLP,480,126,0.12273527,0,0.0,True,-0.002431680406697315,-0.0019555465007598054
MLP,480,126,0.8233667,1,1.0,True,0.009159728591595823,0.0132009555439438
MLP,480,126,0.5626786,1,1.0,True,0.012535890175805345,0.014525756456207205
MLP,480,126,0.1870382,0,0.0,True,0.0004237199998401397,0.0009073920510540302
MLP,480,126,0.2636266,0,0.0,True,8.12178980227693e-06,0.0007308933962629552
MLP,480,126,0.13769689,0,0.0,True,-0.0007498938078013254,0.001347625719961039
MLP,480,126,0.7865536,1,1.0,True,0.013897943120107994,0.015413580008087381
MLP,480,126,0.18082264,0,0.0,True,0.0017223110122983674,0.0007575580118810799
MLP,480,126,0.68820286,1,1.0,True,0.014650218705659463,0.015331244036430198
MLP,480,126,0.6392682,1,1.0,True,0.013068040499576584,0.014439764732150528
MLP,480,126,0.15188335,0,0.0,True,0.0014758428130820305,0.00016688339814321964
MLP,480,126,0.30250692,0,0.0,True,0.0024181657071550362,0.0013888180617597338
MLP,480,126,0.18642293,0,0.0,True,-0.0018618567895902203,-0.0012977764392396135
MLP,480,126,0.15946876,0,0.0,True,0.0015981092923298941,0.0016521471481386284
MLP,480,126,0.3537636,0,0.0,True,0.0014629787339681425,0.0016649430275863734
MLP,480,126,0.7442402,1,1.0,True,0.01544858715344333,0.013087499418082009
MLP,480,126,0.25204343,0,0.0,True,-0.0030541625864981933,-0.002090698754766001
MLP,480,126,0.12521711,0,0.0,True,0.0010437763660463867,-0.0009446400751014552
MLP,480,126,0.32808527,0,1.0,False,0.012115324743790186,0.012157826206396737
MLP,480,126,0.94426495,1,1.0,True,0.02027393291796218,0.01652484487223561
MLP,480,126,0.4998383,0,1.0,False,0.011833496241973744,0.013338442581190593
MLP,480,126,0.82659763,1,1.0,True,0.014978859207760646,0.01776360937282999
MLP,480,126,0.97097147,1,1.0,True,0.015096018024098492,0.013240433405824469
MLP,480,126,0.14009118,0,0.0,True,0.0008686788640743547,-0.0028181234309121524
MLP,480,126,0.8909182,1,1.0,True,0.016639918480081072,0.012403404547840993
MLP,480,126,0.8671505,1,1.0,True,0.012345927933321458,0.014782968583729033
MLP,480,126,0.1614276,0,0.0,True,0.002809549754107305,0.0008619502677376727
MLP,480,126,0.9476123,1,1.0,True,0.011626569945887094,0.013193594002829993
MLP,480,126,0.83019006,1,1.0,True,0.018709107731085303,0.015872655933828254
MLP,480,126,0.6754259,1,1.0,True,0.014876829018570379,0.01619009627325994
MLP,480,126,0.13062344,0,0.0,True,0.00019547345424429747,0.0007135754017503577
MLP,480,126,0.80994076,1,1.0,True,0.01666660993776099,0.016710126920836076
MLP,480,126,0.14547282,0,0.0,True,-0.0035614464583486423,-0.00275112961618745
MLP,480,126,0.7089604,1,1.0,True,0.01205637352080702,0.013906300242340063
MLP,480,126,0.16566329,0,0.0,True,-0.002167068163464393,-0.0008719267256926701
MLP,480,126,0.76957136,1,1.0,True,0.013462439328501368,0.012161065590233486
MLP,480,126,0.8129021,1,1.0,True,0.007741069031957272,0.010574919259416239
MLP,480,126,0.30184668,0,0.0,True,-0.0013008922967682368,-0.0021472483946043063
MLP,480,126,0.1492657,0,0.0,True,-0.004070008997950073,-0.0012050037462978552
MLP,480,126,0.7146393,1,1.0,True,0.007657797944432465,0.01000853806561145
MLP,480,126,0.20572972,0,0.0,True,-0.0012713673497941815,0.00012946788625400603
MLP,480,126,0.14064443,0,0.0,True,-0.0014222307288782612,-0.0006573134721471798
MLP,480,126,0.5947494,1,1.0,True,0.016152511758937574,0.013901135049169839
MLP,480,126,0.4827158,0,0.0,True,0.0008255106019035599,0.0007174504728308516
MLP,480,126,0.67158544,1,1.0,True,0.018854035022935377,0.018890761972701932
MLP,480,126,0.85177666,1,1.0,True,0.01632058756746664,0.01513555212277876
MLP,480,126,0.13852689,0,0.0,True,-0.0007682974641689755,0.000972482776582434
MLP,480,126,0.5990891,1,1.0,True,0.019380578282473845,0.01658823769813376
MLP,480,126,0.5840311,1,1.0,True,0.009853486719336063,0.011174043009497502
MLP,480,126,0.80407786,1,1.0,True,0.019427343933047056,0.01756635630660103
MLP,480,126,0.3932789,0,0.0,True,0.0005731176064380423,0.001849952148460897
MLP,480,126,0.55499303,1,1.0,True,0.017007011535135456,0.013899558157507739
MLP,480,128,0.27817184,0,0.0,True,0.0024937923607318913,0.0024921786230635277
MLP,480,128,0.63704485,1,1.0,True,0.017364261084499632,0.015223147802020925
MLP,480,128,0.18580246,0,0.0,True,0.003507298914790883,0.0004978377698606571
MLP,480,128,0.9259314,1,1.0,True,0.020773407553720875,0.01575384160578312
MLP,480,128,0.20286997,0,0.0,True,-0.0024078224667709244,-0.00035148732594786006
MLP,480,128,0.9050002,1,1.0,True,0.008086709171766786,0.011464598258887886
MLP,480,128,0.41257903,0,0.0,True,-0.00015795143085877878,-0.0014119797608783456
MLP,480,128,0.6902707,1,0.0,False,0.0007132915796798886,-0.0004092650644374782
MLP,480,128,0.20700309,0,0.0,True,-0.0011572244321073999,-0.0008493925568375894
MLP,480,128,0.33473065,0,0.0,True,-0.0006215095553822879,2.646289551465914e-05
MLP,480,128,0.25498977,0,0.0,True,-0.002092381270160759,-0.0008145827602065168
MLP,480,128,0.18206519,0,0.0,True,-0.0018166566503586546,-0.000764891286850081
MLP,480,128,0.14354527,0,0.0,True,-0.0013236970296308524,-0.0010203555929304735
MLP,480,128,0.14626938,0,0.0,True,0.0007679377466325727,0.001461150796478004
MLP,480,128,0.88959783,1,1.0,True,0.010299568497497467,0.015230411265945787
MLP,480,128,0.23855741,0,0.0,True,0.0005236531365804549,-0.000551327117578885
MLP,480,128,0.12670386,0,0.0,True,-0.00034040291614433386,-0.00031895757586110005
MLP,480,128,0.1422767,0,0.0,True,0.0008004197102671277,0.0016940739141133318
MLP,480,128,0.15356791,0,0.0,True,0.0028947276982087765,0.0012475534190531615
MLP,480,128,0.72789633,1,1.0,True,0.017735084342085743,0.015002528871769887
MLP,480,128,0.16473505,0,0.0,True,-0.0039874253813439765,-2.1279728444436275e-05
MLP,480,128,0.92287624,1,1.0,True,0.02103482489657254,0.017846877560142957
MLP,480,128,0.65504473,1,1.0,True,0.016726868870168343,0.013778214248543112
MLP,480,128,0.18561988,0,0.0,True,-0.00021194868370503112,0.0009762323644806367
MLP,480,128,0.9848044,1,1.0,True,0.017010595848123224,0.013397407469213066
MLP,480,128,0.1791651,0,0.0,True,0.003808879559607412,0.00300278061821319
MLP,480,128,0.1283762,0,0.0,True,0.000994670523134975,0.0004562091804049651
MLP,480,128,0.1323974,0,0.0,True,-0.003013963336635503,-2.1565410978071952e-05
MLP,480,128,0.119789615,0,0.0,True,-0.0031021807691224146,-0.003771545411845424
MLP,480,128,0.96633106,1,1.0,True,0.007374491901056857,0.010942834786974977
MLP,480,128,0.14165336,0,0.0,True,0.005164059097494942,0.0009726781849224043
MLP,480,128,0.35812995,0,0.0,True,0.003930102854598621,0.002101179250455283
MLP,480,128,0.8155364,1,1.0,True,0.01623286383390761,0.014708169689455292
MLP,480,128,0.15366404,0,0.0,True,0.0015656017115465068,0.0006094170108731865
MLP,480,128,0.900642,1,1.0,True,0.018506638270867126,0.017313356001320862
MLP,480,128,0.927239,1,1.0,True,0.016823916042003954,0.017130692544214045
MLP,480,128,0.74176985,1,1.0,True,0.017257886509889762,0.015965504413722353
MLP,480,128,0.7589846,1,1.0,True,0.01930961114567357,0.018785155814167384
MLP,480,128,0.17854825,0,0.0,True,-0.0013163367582787215,0.0006810572581667652
MLP,480,128,0.24873146,0,0.0,True,-0.0004444432581408361,0.001157352794187308
MLP,480,128,0.13955976,0,0.0,True,0.004388681204952472,0.002176550532391877
MLP,480,128,0.115257315,0,0.0,True,-0.00047227783895051757,-0.0008168775678941707
MLP,480,128,0.85384005,1,1.0,True,0.016517109313572496,0.013121026192179882
MLP,480,128,0.8331157,1,1.0,True,0.013213179978637508,0.014755241390054429
MLP,480,128,0.18980987,0,0.0,True,0.0026355635228471194,0.0018458862711024286
MLP,480,128,0.9731516,1,1.0,True,0.011760503100212587,0.01598305169153025
MLP,480,128,0.78392434,1,1.0,True,0.02201259479678071,0.02124344309297984
MLP,480,128,0.95548064,1,1.0,True,0.012160668872984183,0.010205453678668187
MLP,480,128,0.4853076,0,0.0,True,0.001309580763238006,0.0016244954667761502
MLP,480,128,0.81152827,1,1.0,True,0.02079399788721181,0.019741333975969604
MLP,480,128,0.39325976,0,1.0,False,0.010351434169490564,0.010710998823485732
MLP,480,128,0.84757197,1,1.0,True,0.017910499380708666,0.018051155063181258
MLP,480,128,0.77992606,1,1.0,True,0.011606565614050178,0.013738468549424569
MLP,480,128,0.9606748,1,1.0,True,0.012072175163649805,0.013739080847049074
MLP,480,128,0.9075877,1,1.0,True,0.014004838470242434,0.015060005039930982
MLP,480,128,0.31342512,0,0.0,True,0.004024554133982012,0.002409215274849696
MLP,480,128,0.27049544,0,0.0,True,-0.001215079139320688,0.0006738357940308967
MLP,480,128,0.14895318,0,0.0,True,0.001778737616790407,0.0006832909681514086
MLP,480,128,0.16329071,0,0.0,True,0.0006847384999372701,0.0006029562629635793
MLP,480,128,0.13112222,0,0.0,True,-0.0005295272924692641,-0.0006519030845725698
MLP,480,128,0.47812885,0,1.0,False,0.01572552377215516,0.014605450419716523
MLP,480,128,0.20846368,0,0.0,True,-0.0006753003033384855,-0.000988942308940636
MLP,480,128,0.34955078,0,1.0,False,0.01407459969451663,0.014102239830002436
MLP,480,128,0.22320776,0,0.0,True,0.00040882033040168497,-0.0005355449425092037
MLP,480,128,0.83322716,1,1.0,True,0.018901398042691208,0.01511583146961455
MLP,480,128,0.7328258,1,1.0,True,0.014822389868905373,0.015085883790403768
MLP,480,128,0.21765886,0,1.0,False,0.01341314335334037,0.014759606419864417
MLP,480,128,0.23459865,0,0.0,True,-0.006584294696082074,-0.003565369998633411
MLP,480,128,0.22501858,0,0.0,True,0.0024608577412914448,0.0022893106994674698
MLP,480,128,0.98887056,1,1.0,True,0.01611215310795182,0.013268631235321784
MLP,480,128,0.42159906,0,0.0,True,0.0013129984223034807,0.00036953016640211005
MLP,480,128,0.9250183,1,1.0,True,0.01620435723845836,0.01376577895558974
MLP,480,128,0.85547113,1,1.0,True,0.014081617444673976,0.016416973241893278
MLP,480,128,0.80118966,1,1.0,True,0.01582626515063231,0.015240823912064341
MLP,480,128,0.9355889,1,1.0,True,0.023014106190469022,0.01742696210547748
MLP,480,128,0.78213805,1,1.0,True,0.013314535614908887,0.015078883893718002
MLP,480,128,0.18002723,0,0.0,True,-0.0003269772291963918,0.00011705360234194415
MLP,480,128,0.24069995,0,0.0,True,0.0009347707096543049,0.0006396007821523671
MLP,480,128,0.18289025,0,0.0,True,0.00024290945162955626,-4.422787423511204e-05
MLP,480,128,0.8414651,1,1.0,True,0.018589169969360685,0.01589616690618796
MLP,480,128,0.1666949,0,0.0,True,-0.00021376461615469058,-0.0019508101888847907
MLP,480,128,0.15734424,0,0.0,True,-0.002177371132992462,0.0005676443841312814
MLP,480,128,0.91776097,1,1.0,True,0.013667147636782655,0.015343287510482476
MLP,480,128,0.7594603,1,1.0,True,0.02172067523969963,0.02226628507577267
MLP,480,128,0.83606964,1,1.0,True,0.011296494262642004,0.009958472987507036
MLP,480,128,0.20964715,0,0.0,True,0.0008522526224167544,0.0007834535157591029
MLP,480,128,0.1985816,0,0.0,True,-0.0021734709662844668,-0.002410909642060738
MLP,480,128,0.8946229,1,1.0,True,0.022290515852761077,0.016080159380545623
MLP,480,128,0.3096377,0,0.0,True,0.004149312816392779,0.0016323665019557325
MLP,480,128,0.9075633,1,1.0,True,0.013549316235274266,0.014104621159508139
MLP,480,128,0.13132918,0,0.0,True,0.0017057401487254795,0.0017904201232225331
MLP,480,128,0.6331306,1,1.0,True,0.012656429621508442,0.015072955079427788
MLP,480,128,0.16931392,0,0.0,True,0.002385146377999541,0.0014519615987631062
MLP,480,128,0.17074202,0,0.0,True,-0.0017407908320792608,0.0005828069484039487
MLP,480,128,0.15557855,0,0.0,True,0.0025661908974400635,-0.00010893380174774358
MLP,480,128,0.76509774,1,0.0,False,0.00036321259970629007,0.0005943892149770879
MLP,480,128,0.17880489,0,0.0,True,-0.0008895844834710536,-0.0011169455639420218
MLP,480,128,0.8574818,1,1.0,True,0.009307295934159163,0.012064332262570818
MLP,480,128,0.6762828,1,1.0,True,0.018313925975717505,0.016971001840503607
MLP,480,128,0.7126465,1,1.0,True,0.02064040174849562,0.018607722626552903
MLP,480,129,0.89477295,1,1.0,True,0.021607429986838057,0.01864328884241072
MLP,480,129,0.6218698,1,1.0,True,0.01714665870601655,0.01770823051294346
MLP,480,129,0.8395388,1,1.0,True,0.018500729439999662,0.014453644406010878
MLP,480,129,0.65852547,1,1.0,True,0.014911655497196745,0.01722135288225065
MLP,480,129,0.7273008,1,1.0,True,0.016513338609732447,0.016954376953943487
MLP,480,129,0.13964377,0,0.0,True,-0.0012674563737614536,-0.002844989160376211
MLP,480,129,0.1669195,0,0.0,True,-0.0018393788931984683,-0.0007962826688440755
MLP,480,129,0.2186351,0,0.0,True,-0.0055881659578554226,-0.0032385915240575004
MLP,480,129,0.8980514,1,1.0,True,0.019676330783655237,0.019918963069995126
MLP,480,129,0.6919225,1,1.0,True,0.01658565177461495,0.012697238895912805
MLP,480,129,0.19583416,0,0.0,True,-0.0005581861178506568,0.001287285464247142
MLP,480,129,0.5232713,1,1.0,True,0.016515713852266425,0.01823673197588006
MLP,480,129,0.90281534,1,1.0,True,0.017341421059678938,0.019892750475432645
MLP,480,129,0.1803854,0,0.0,True,-0.0009136529882911616,-0.00021800760065420453
MLP,480,129,0.16165854,0,0.0,True,-0.0007895496807608853,-0.0008423012002093418
MLP,480,129,0.22801669,0,0.0,True,-0.000959881922179696,-0.0021667743685427144
MLP,480,129,0.5326594,1,1.0,True,0.016132524402489388,0.016571946722392553
MLP,480,129,0.1962375,0,0.0,True,0.00028777923582267736,5.728511332261769e-05
MLP,480,129,0.60405636,1,1.0,True,0.017586722924835676,0.014156982315243614
MLP,480,129,0.18305452,0,0.0,True,-0.003133102712657999,-0.002117911189695144
MLP,480,129,0.961723,1,1.0,True,0.010726108235928183,0.012697207326429675
MLP,480,129,0.70859766,1,1.0,True,0.01835345458284729,0.015268175274354647
MLP,480,129,0.61417794,1,0.0,False,-0.0024405618130062335,-0.001415829599358022
MLP,480,129,0.18238778,0,0.0,True,0.002643830489395035,0.0017409480874655567
MLP,480,129,0.14441665,0,0.0,True,-0.0005322331952209811,-0.0003321654966377443
MLP,480,129,0.28338206,0,0.0,True,0.0016169912859042678,0.001662334670456913
MLP,480,129,0.7865722,1,1.0,True,0.01330819864202934,0.015202548326958186
MLP,480,129,0.17290379,0,0.0,True,-0.00045165171730489936,-0.0015931016549712454
MLP,480,129,0.77895284,1,1.0,True,0.016207059411215478,0.018239415709114092
MLP,480,129,0.9633628,1,1.0,True,0.020006847690526127,0.016858195221965827
MLP,480,129,0.62678695,1,1.0,True,0.016714574512699167,0.014136701377535645
MLP,480,129,0.18368638,0,0.0,True,0.0023566396497288764,0.0014012311451600944
MLP,480,129,0.89789045,1,1.0,True,0.011760879666597852,0.014867977803174726
MLP,480,129,0.14972381,0,0.0,True,-0.002439234498712222,-0.003173242267226909
MLP,480,129,0.75513387,1,1.0,True,0.016543894155403645,0.014179121471333735
MLP,480,129,0.19495487,0,0.0,True,-0.0018490257775030717,-0.0006796379337330421
MLP,480,129,0.9370622,1,1.0,True,0.01600545318575827,0.014102816046888664
MLP,480,129,0.21818842,0,0.0,True,-0.0020485276511240853,-0.0011366347778748208
MLP,480,129,0.94960195,1,1.0,True,0.017510561053705805,0.016315148333994462
MLP,480,129,0.30970386,0,0.0,True,0.0033591327303136693,0.003767208869006655
MLP,480,129,0.7839943,1,1.0,True,0.019291819088038058,0.01463073050586702
MLP,480,129,0.8069214,1,1.0,True,0.010187655074871254,0.015265547977717623
MLP,480,129,0.33698228,0,0.0,True,0.001006609863019481,0.0004889195548740614
MLP,480,129,0.80987304,1,1.0,True,0.015952762370877494,0.015425453173633278
MLP,480,129,0.21582308,0,0.0,True,-0.003984442612020887,-0.0024604172195911863
MLP,480,129,0.28485012,0,0.0,True,0.0014406811834690846,-0.0003952481809492602
MLP,480,129,0.93449205,1,1.0,True,0.01518047773830742,0.01567616845528746
MLP,480,129,0.18374796,0,0.0,True,-0.0042751233036202275,-0.001845965586077195
MLP,480,129,0.6395003,1,1.0,True,0.01964758593654733,0.021061671907412472
MLP,480,129,0.8277015,1,1.0,True,0.015785202114028268,0.016551886991683806
MLP,480,129,0.9005501,1,1.0,True,0.012133941528069486,0.012725526728310337
MLP,480,129,0.3106067,0,0.0,True,0.0006771796992929748,-0.0007066802724130181
MLP,480,129,0.16111322,0,0.0,True,-0.0008356708450696137,0.00039120043085727767
MLP,480,129,0.85210854,1,1.0,True,0.01906837711922856,0.01747569968143703
MLP,480,129,0.15638208,0,0.0,True,0.0015657196881059734,-0.00047024927928470257
MLP,480,129,0.16634451,0,0.0,True,0.0008778885287317753,-0.001598593774054596
MLP,480,129,0.14252669,0,0.0,True,-0.0006092968321358172,-0.0006753161745978898
MLP,480,129,0.8341587,1,1.0,True,0.014782760448443835,0.01498504625662292
MLP,480,129,0.5361594,1,1.0,True,0.014261782963780171,0.01209997602962937
MLP,480,129,0.95291585,1,1.0,True,0.018521199250042857,0.01746474635567252
MLP,480,129,0.15720522,0,0.0,True,-0.000521095357417718,0.000379559850840881
MLP,480,129,0.29994828,0,0.0,True,-0.0003164770127182489,-0.0003040005036551561
MLP,480,129,0.19326425,0,0.0,True,0.00013726954291587787,5.8965455814293525e-05
MLP,480,129,0.13671447,0,0.0,True,-0.0017580767084024878,-0.0014292141516469238
MLP,480,129,0.7802295,1,1.0,True,0.01865065445126782,0.01589202659778111
MLP,480,129,0.9599809,1,1.0,True,0.014153935401879893,0.01457868265258356
MLP,480,129,0.603365,1,1.0,True,0.010967950141580755,0.010200034373672121
MLP,480,129,0.17598696,0,0.0,True,-0.002818749793552064,0.0008182344689391018
MLP,480,129,0.8318554,1,1.0,True,0.016045226676203332,0.015029761895194638
MLP,480,129,0.87807345,1,1.0,True,0.013477774936237209,0.017080733272564333
MLP,480,129,0.12858298,0,0.0,True,-0.0032992176266605396,-0.0025929492112550558
MLP,480,129,0.122529015,0,0.0,True,0.00010849986197429777,0.0015713349278788996
MLP,480,129,0.7776368,1,1.0,True,0.02055023041081904,0.018051031997345545
MLP,480,129,0.20794818,0,0.0,True,-0.0012893845422577122,-0.0022833819249936317
MLP,480,129,0.7659358,1,1.0,True,0.01779705483507173,0.016746375590597815
MLP,480,129,0.9516881,1,1.0,True,0.02137317468061373,0.018012015706045444
MLP,480,129,0.77127254,1,1.0,True,0.011351740546436255,0.01179963289381536
MLP,480,129,0.18525106,0,0.0,True,-0.003166989267314457,-0.0018206524602305514
MLP,480,129,0.6606356,1,1.0,True,0.012429714676300404,0.014063188835535798
MLP,480,129,0.18045077,0,0.0,True,0.0018602952276405443,0.001971034593022205
MLP,480,129,0.8368708,1,1.0,True,0.012077863572865064,0.015313752067212607
MLP,480,129,0.263284,0,0.0,True,0.00448602273076342,0.0006113947558401984
MLP,480,129,0.22528431,0,0.0,True,-7.088799700629126e-05,-2.2965893427159526e-05
MLP,480,129,0.47672102,0,1.0,False,0.01886586508487495,0.019874492117436023
MLP,480,129,0.1675359,0,0.0,True,-0.002430416849689529,0.00025343440770583185
MLP,480,129,0.22023295,0,0.0,True,0.0007973505948868353,0.0006719393425951967
MLP,480,129,0.1578876,0,0.0,True,-0.001583615281637587,0.0003304179170075676
MLP,480,129,0.17751738,0,0.0,True,0.0010415027984164926,-0.0004464683332829361
MLP,480,129,0.14424396,0,0.0,True,0.005574539044784773,0.0029506234267761638
MLP,480,129,0.81050795,1,1.0,True,0.01848295369458522,0.018240822429723778
MLP,480,129,0.93117774,1,1.0,True,0.014906698106976627,0.01403384021837847
MLP,480,129,0.15558882,0,0.0,True,0.0007735132622847476,-0.0005055829905491322
MLP,480,129,0.14754678,0,0.0,True,-0.0015795039326457448,-0.0005669682076682714
MLP,480,129,0.90356916,1,1.0,True,0.02182891330928009,0.017872539767961406
MLP,480,129,0.14406063,0,0.0,True,-0.0006765947775273944,0.0014212610164588179
MLP,480,129,0.60162884,1,0.0,False,0.0003962248342510208,0.002512691655553089
MLP,480,129,0.9733561,1,1.0,True,0.013021769284796533,0.01438509945924206
MLP,480,129,0.82042557,1,1.0,True,0.01817324202651008,0.018104446426401837
MLP,480,129,0.20912173,0,0.0,True,0.0010086339454214652,-0.0009408795440935045
MLP,480,129,0.7828029,1,1.0,True,0.018200859895793623,0.016440447511570602
MLP,480,131,0.65975285,1,1.0,True,0.019705413813386915,0.018384995895921293
MLP,480,131,0.16283377,0,0.0,True,0.003138422155557511,0.0015612429520237908
MLP,480,131,0.14236344,0,0.0,True,-0.001426646162164532,0.00014361806707389356
MLP,480,131,0.17868519,0,0.0,True,-0.0005567789864714265,0.0005267641891395552
MLP,480,131,0.73949885,1,1.0,True,0.01914154506119826,0.015377877985321269
MLP,480,131,0.17945698,0,0.0,True,-0.0012024298966169511,-0.00015860370264774375
MLP,480,131,0.4130566,0,0.0,True,0.0019393399404663615,-0.00032262444684720814
MLP,480,131,0.81020516,1,1.0,True,0.01648413991049928,0.016383748518148
MLP,480,131,0.14914846,0,0.0,True,-0.0011917196148134206,-0.00090996191380288
MLP,480,131,0.13393922,0,0.0,True,0.0011735637123259609,0.0006436569191864616
MLP,480,131,0.97416854,1,1.0,True,0.024271180496792142,0.020856689850770573
MLP,480,131,0.91012335,1,1.0,True,0.012674800458460159,0.015309862769407412
MLP,480,131,0.16135745,0,0.0,True,-0.0028088317292893367,-0.0030508978266076668
MLP,480,131,0.9536191,1,1.0,True,0.01107984420771405,0.01938188196235311
MLP,480,131,0.13593602,0,0.0,True,-0.0008006381262234764,0.00010852930786536438
MLP,480,131,0.20318684,0,0.0,True,-0.0008619922240370332,-0.00038841752484325686
MLP,480,131,0.9586026,1,1.0,True,0.018292872237047477,0.01779965819387117
MLP,480,131,0.9459528,1,1.0,True,0.013017581725619669,0.013349311779522413
MLP,480,131,0.11168421,0,0.0,True,0.0019393035413033542,0.001336179604949351
MLP,480,131,0.8401172,1,1.0,True,0.01800321168468678,0.021352874220699862
MLP,480,131,0.13059147,0,0.0,True,-0.0022122969671787515,0.001033259258586733
MLP,480,131,0.2518047,0,0.0,True,-0.0036914545345031087,-0.00245447062577622
MLP,480,131,0.73750776,1,1.0,True,0.016353367110275945,0.015952524679427604
MLP,480,131,0.20638247,0,0.0,True,-0.0013836151688925516,-0.0010758710337130906
MLP,480,131,0.2443283,0,0.0,True,0.0031403069775863147,0.0008229773854841292
MLP,480,131,0.16741168,0,0.0,True,-0.001412091059319224,-0.0029678034094546826
MLP,480,131,0.34747505,0,0.0,True,0.0023343000515097328,0.00141375408509669
MLP,480,131,0.13801171,0,0.0,True,0.002016570876142786,-0.000868000240801668
MLP,480,131,0.9461536,1,1.0,True,0.018319193897983758,0.015856570697532834
MLP,480,131,0.14525853,0,0.0,True,0.0005388225762942876,0.00016057054631973556
MLP,480,131,0.53031915,1,0.0,False,-0.0025545548724494765,-0.0016122877130391356
MLP,480,131,0.3477854,0,0.0,True,-0.001138614725772222,0.0012331366627750505
MLP,480,131,0.1609536,0,0.0,True,0.000144471275475504,0.0020868582295513333
MLP,480,131,0.81979346,1,1.0,True,0.014013389635012407,0.016888453352229185
MLP,480,131,0.95395577,1,1.0,True,0.013342225190290071,0.01183284115324983
MLP,480,131,0.90434164,1,1.0,True,0.016055967841170873,0.014892399612259554
MLP,480,131,0.708298,1,1.0,True,0.015412314773887454,0.015572210826899153
MLP,480,131,0.17937757,0,0.0,True,-0.0004123170207817057,0.00030571262683059283
MLP,480,131,0.8570325,1,1.0,True,0.01824047218536202,0.019861910947372864
MLP,480,131,0.9207859,1,1.0,True,0.018083073419099763,0.017544697366847484
MLP,480,131,0.93479985,1,1.0,True,0.018623056631312144,0.01760264073651446
MLP,480,131,0.85253227,1,1.0,True,0.017121828190567037,0.017735806889636968
MLP,480,131,0.27821687,0,0.0,True,-0.00046413351377904886,0.0023435253158973547
MLP,480,131,0.27916577,0,0.0,True,-0.0006629467802021799,-0.0012649845226883753
MLP,480,131,0.8524442,1,1.0,True,0.019101053767014334,0.018011049515914392
MLP,480,131,0.92373914,1,1.0,True,0.01551460593607039,0.01551855521323933
MLP,480,131,0.1686281,0,0.0,True,-0.0024619811879446974,-0.0011585332531473891
MLP,480,131,0.7377565,1,1.0,True,0.019352831183914822,0.015779018306832926
MLP,480,131,0.9214252,1,1.0,True,0.016448826383848734,0.016152497883522143
MLP,480,131,0.98766994,1,1.0,True,0.0214336015672302,0.021782342904512742
MLP,480,131,0.97560126,1,1.0,True,0.018135323412085198,0.015446743710286865
MLP,480,131,0.59335774,1,1.0,True,0.013855517725918162,0.015958558122654308
MLP,480,131,0.85396105,1,1.0,True,0.014352977773283745,0.014015377884199733
MLP,480,131,0.30295232,0,1.0,False,0.0190198734001128,0.018539278416095404
MLP,480,131,0.70154464,1,1.0,True,0.013447098337777198,0.01273361958052239
MLP,480,131,0.9214828,1,1.0,True,0.01567102026588131,0.01910942571837323
MLP,480,131,0.15608114,0,0.0,True,-0.004769143134728388,-0.0008163722306464801
MLP,480,131,0.9788103,1,1.0,True,0.021964161447459985,0.02025426680599094
MLP,480,131,0.29995036,0,0.0,True,-0.0010383389815586941,0.0005503954736382608
MLP,480,131,0.14923939,0,0.0,True,-0.0010571875865541555,-0.0006534962411517746
MLP,480,131,0.14105567,0,0.0,True,-0.0007579414441670552,0.0014400694631274808
MLP,480,131,0.6526099,1,1.0,True,0.015218783751716917,0.0137363525800644
MLP,480,131,0.77152896,1,1.0,True,0.020641103651998942,0.016882396715313244
MLP,480,131,0.1526612,0,0.0,True,0.006724006677440269,0.003931479651090477
MLP,480,131,0.21456984,0,0.0,True,-0.004471547220975031,-0.0015548123835533423
MLP,480,131,0.8601628,1,1.0,True,0.018820953913593338,0.01767797388272053
MLP,480,131,0.38142183,0,1.0,False,0.018122653320325595,0.017239164261588426
MLP,480,131,0.9453675,1,1.0,True,0.014170181333555626,0.012926304457806136
MLP,480,131,0.8597021,1,1.0,True,0.01732449128743587,0.02003318761717693
MLP,480,131,0.18581307,0,0.0,True,-0.0018905699384587132,0.0002973480960960583
MLP,480,131,0.89826745,1,1.0,True,0.01086468412902051,0.014537664127663002
MLP,480,131,0.15426554,0,0.0,True,-0.0004553493588305916,0.00014945130828303302
MLP,480,131,0.19770162,0,0.0,True,0.00030248861446288065,-1.930773697717339e-05
MLP,480,131,0.71956086,1,1.0,True,0.018865996552744627,0.017958440185351466
MLP,480,131,0.17010646,0,0.0,True,-0.0025675336442756006,-0.0009809970602236216
MLP,480,131,0.9110534,1,1.0,True,0.013728314649587547,0.014082106300464867
MLP,480,131,0.1958385,0,0.0,True,-0.0012830087592516158,-0.0012059138216808987
MLP,480,131,0.8934554,1,1.0,True,0.01617617753021076,0.017695682853815623
MLP,480,131,0.26641193,0,0.0,True,-0.0021734151672234744,-0.002550281459407482
MLP,480,131,0.4184831,0,1.0,False,0.018300404893661883,0.02033553041786978
MLP,480,131,0.89700663,1,1.0,True,0.011646042673683145,0.014910825449683461
MLP,480,131,0.44409913,0,1.0,False,0.020453826745746962,0.01835827129779792
MLP,480,131,0.9203594,1,1.0,True,0.010043089748280614,0.013066313211327151
MLP,480,131,0.1191812,0,0.0,True,-0.0031354861599432876,-0.001928472017191908
MLP,480,131,0.79659635,1,1.0,True,0.007940291948740063,0.013713309561835937
MLP,480,131,0.18455426,0,0.0,True,-0.0014179220018214183,-0.0019157427732446148
MLP,480,131,0.13187881,0,0.0,True,1.5672643579686348e-05,-0.0019348445735626598
MLP,480,131,0.1858643,0,0.0,True,-0.000515270527174922,0.0008556211655195969
MLP,480,131,0.15264934,0,0.0,True,3.378605271763815e-05,-0.0009893385059021372
MLP,480,131,0.15918249,0,0.0,True,0.0026900678630274264,0.0011075331523094133
MLP,480,131,0.18059088,0,0.0,True,0.0013983326640990463,0.00029388372608102445
MLP,480,131,0.91275835,1,1.0,True,0.013955418112506161,0.015833935165692557
MLP,480,131,0.7799904,1,1.0,True,0.018621937486561265,0.016125291214432406
MLP,480,131,0.29123637,0,0.0,True,0.0014475745359718954,-0.002217235363004891
MLP,480,131,0.49827352,0,1.0,False,0.017488148557630912,0.015577958321025926
MLP,480,131,0.9444686,1,1.0,True,0.017650186476258194,0.013729725074724152
MLP,480,131,0.12901464,0,0.0,True,-0.0006103787172543763,0.0013395604181385143
MLP,480,131,0.24772674,0,0.0,True,0.0033322788644106305,0.0025693627045936204
MLP,480,131,0.6832879,1,1.0,True,0.0175357755122317,0.016095385349683765
MLP,480,131,0.8411288,1,1.0,True,0.019634335002086563,0.02037366577322648
MLP,480,133,0.16726539,0,0.0,True,-0.0022009721942600133,-0.0007751886437843506
MLP,480,133,0.24279454,0,0.0,True,-0.0008055153221026656,-0.00030976159798779327
MLP,480,133,0.9374855,1,1.0,True,0.017794556963815978,0.017407723243712158
MLP,480,133,0.16250779,0,0.0,True,-0.00047086905553315675,0.0006217160291736404
MLP,480,133,0.72013134,1,1.0,True,0.026694156710843287,0.021309993761749794
MLP,480,133,0.1766017,0,0.0,True,-0.0037149709958029893,-0.001241559629832751
MLP,480,133,0.13382311,0,0.0,True,0.0008082592978211262,-0.000505777669199786
MLP,480,133,0.43790752,0,0.0,True,-0.0003090156008740799,0.0019328333691190742
MLP,480,133,0.886321,1,1.0,True,0.018859510438854577,0.021117621233079822
MLP,480,133,0.398488,0,1.0,False,0.018878988973122218,0.016613102899329147
MLP,480,133,0.84064835,1,1.0,True,0.016877909579191917,0.012667743112971183
MLP,480,133,0.24022569,0,0.0,True,-0.00356686037020097,-0.0009234565109374952
MLP,480,133,0.12882023,0,0.0,True,-0.0037767811223544247,-0.002818561174018914
MLP,480,133,0.27774876,0,0.0,True,0.0005119155964874078,-0.0021739985677774157
MLP,480,133,0.48760194,0,1.0,False,0.01572692608574366,0.013792703435005212
MLP,480,133,0.82996416,1,1.0,True,0.01589887808282363,0.01660789651121121
MLP,480,133,0.19613379,0,0.0,True,0.0010612477416988184,0.0006617957324787341
MLP,480,133,0.17829128,0,0.0,True,0.00572372700003786,0.0026950520951230937
MLP,480,133,0.9464684,1,1.0,True,0.015132587609046707,0.018400452467963617
MLP,480,133,0.27822676,0,0.0,True,-0.0026096397263566063,-0.00243821734936078
MLP,480,133,0.19212097,0,0.0,True,-0.001332350414287476,-0.00036279985144104833
MLP,480,133,0.24918993,0,0.0,True,0.002249638845460327,0.001795037575762555
MLP,480,133,0.81703836,1,1.0,True,0.02386012636859483,0.02365417959637311
MLP,480,133,0.98723143,1,1.0,True,0.009986072436420718,0.012639277230180965
MLP,480,133,0.23445357,0,0.0,True,-0.0028562825803781786,-0.0011658150925465708
MLP,480,133,0.9854623,1,1.0,True,0.017126464856522604,0.014409911411920556
MLP,480,133,0.3512117,0,0.0,True,-0.00038913318069785675,0.0007339311595278189
MLP,480,133,0.17910065,0,0.0,True,-0.0020990130399580055,-0.002911078542558445
MLP,480,133,0.42741224,0,0.0,True,0.00023194714257412233,-0.00020303387632642373
MLP,480,133,0.3069304,0,0.0,True,0.000753817495474526,0.0016557192159742816
MLP,480,133,0.8266747,1,1.0,True,0.01701610163321135,0.017226031215492755
MLP,480,133,0.9791822,1,1.0,True,0.01909025415698103,0.018827397862971853
MLP,480,133,0.24964924,0,0.0,True,-0.0026110610862741675,-0.0011554134819864671
MLP,480,133,0.73537403,1,1.0,True,0.008399886240905406,0.0119911879117394
MLP,480,133,0.23097415,0,0.0,True,-0.0018234065066057921,0.0014266277070771243
MLP,480,133,0.7495641,1,1.0,True,0.01872531450098294,0.020077321677080588
MLP,480,133,0.13021041,0,0.0,True,0.001115590560458468,0.0012517639961612459
MLP,480,133,0.96092004,1,1.0,True,0.0170614869889986,0.01736705055456529
MLP,480,133,0.16624752,0,0.0,True,0.0034009337191427793,0.0033826805101497773
MLP,480,133,0.9164235,1,1.0,True,0.025355833642252093,0.02142861233186235
MLP,480,133,0.87926745,1,1.0,True,0.015329720963189096,0.013362798506550894
MLP,480,133,0.8767786,1,1.0,True,0.01865138709622749,0.021335786647483212
MLP,480,133,0.1626188,0,0.0,True,-0.002122527505132262,-0.00214216781185179
MLP,480,133,0.19261913,0,0.0,True,0.002649365068121663,0.0026567974433025945
MLP,480,133,0.97929025,1,1.0,True,0.01920877436104203,0.015367465570437276
MLP,480,133,0.15810056,0,0.0,True,0.002597907573891008,0.0014382226196041823
MLP,480,133,0.21012296,0,0.0,True,-0.0012091494635631166,-0.0004399873625999966
MLP,480,133,0.9271545,1,1.0,True,0.016705689472980408,0.01647892686405283
MLP,480,133,0.1274769,0,0.0,True,0.0018795633001419127,0.001219911569533687
MLP,480,133,0.94550526,1,1.0,True,0.025434821099333937,0.020284587327790485
MLP,480,133,0.86291337,1,1.0,True,0.020866517554079533,0.02036175417031469
MLP,480,133,0.14531533,0,0.0,True,-0.0013923619436143732,-0.000596968390816718
MLP,480,133,0.8222096,1,1.0,True,0.01722086750768727,0.017973873123054804
MLP,480,133,0.25512472,0,0.0,True,-0.0021068079601286494,-0.0001324453936859437
MLP,480,133,0.114290476,0,0.0,True,0.0006627603083997684,0.0014906890432945506
MLP,480,133,0.80135256,1,1.0,True,0.015281388316405731,0.013794057874240007
MLP,480,133,0.12839958,0,0.0,True,-0.0011431259729451312,0.001580883538831369
MLP,480,133,0.2135069,0,0.0,True,-0.0021313782616306405,-0.0012361178450139803
MLP,480,133,0.9889004,1,1.0,True,0.014975864817944636,0.010774006090213277
MLP,480,133,0.14853716,0,0.0,True,0.002412195905623679,0.0010346143657745182
MLP,480,133,0.9637667,1,1.0,True,0.010041816096034861,0.014689866525488227
MLP,480,133,0.98080796,1,1.0,True,0.018663620162306667,0.017110887085187782
MLP,480,133,0.2123723,0,0.0,True,0.0011124040541289734,-0.00040175915379018606
MLP,480,133,0.14991005,0,0.0,True,-0.0022883431110324623,-0.0008059112545413147
MLP,480,133,0.2453494,0,0.0,True,-0.002637377800635668,-0.004263856042140924
MLP,480,133,0.7020527,1,1.0,True,0.026750991377841263,0.020234521879129958
MLP,480,133,0.9399106,1,1.0,True,0.020526524786895928,0.019809019565843286
MLP,480,133,0.9305592,1,1.0,True,0.016718931857379406,0.016797341821237044
MLP,480,133,0.13786279,0,0.0,True,0.0012419186459468182,0.0006640584227711563
MLP,480,133,0.97014725,1,1.0,True,0.01369830848293685,0.01795285763484242
MLP,480,133,0.30458125,0,0.0,True,0.004356557745723896,0.0011395297540551417
MLP,480,133,0.92432976,1,1.0,True,0.014749828234073713,0.01634548805896719
MLP,480,133,0.6914413,1,1.0,True,0.012848177598634585,0.015686592738456295
MLP,480,133,0.18831953,0,0.0,True,-0.0019012729434538988,-0.0009537953043776648
MLP,480,133,0.33325794,0,0.0,True,-0.003946965260690758,-0.002527868950500415
MLP,480,133,0.16827656,0,0.0,True,-0.0011365872702658732,0.00020284333293744792
MLP,480,133,0.17288843,0,0.0,True,-0.0025935293180103865,-0.0022781544587470526
MLP,480,133,0.29541776,0,0.0,True,0.0006848711032277429,-0.0005726460842719708
MLP,480,133,0.23395225,0,0.0,True,0.0008010174825156491,0.0005755636732399718
MLP,480,133,0.15393525,0,0.0,True,-0.002374867237301685,-0.002790988311633401
MLP,480,133,0.59901273,1,1.0,True,0.02588559757122779,0.026444954694061145
MLP,480,133,0.14016129,0,0.0,True,-0.004445094512845212,-0.004545531192109365
MLP,480,133,0.25704408,0,0.0,True,-0.00396457554400999,-0.001622110932341992
MLP,480,133,0.13480102,0,0.0,True,-0.0013201557751583784,0.00046781210502404855
MLP,480,133,0.13209674,0,0.0,True,-0.0019320912889423708,0.00013382889550174926
MLP,480,133,0.83133495,1,1.0,True,0.024072606114509287,0.022887951898017643
MLP,480,133,0.17918652,0,0.0,True,0.003983323510989165,0.004518024897450892
MLP,480,133,0.16259585,0,0.0,True,-0.002455049912394967,-0.0010860774153073685
MLP,480,133,0.16383794,0,0.0,True,0.0012854774658792381,0.0003288835330215561
MLP,480,133,0.91165924,1,1.0,True,0.014872047292051263,0.018231074144142538
MLP,480,133,0.9785968,1,1.0,True,0.01676300104551428,0.016440407753202338
MLP,480,133,0.8915385,1,1.0,True,0.01618494436441759,0.019170470224107398
MLP,480,133,0.94501966,1,1.0,True,0.018084438742268127,0.01575232194664074
MLP,480,133,0.26937404,0,0.0,True,-0.0015976974031487376,-0.0020734090119876583
MLP,480,133,0.95197505,1,1.0,True,0.014793269901066296,0.01823564210729689
MLP,480,133,0.315713,0,1.0,False,0.008984200203648294,0.012472178710248116
MLP,480,133,0.95220315,1,1.0,True,0.025410589474897306,0.018539991746161718
MLP,480,133,0.1803248,0,0.0,True,-0.0009786142605585004,-0.0011672278754609213
MLP,480,133,0.8780784,1,1.0,True,0.013550728381137678,0.016399517419380637
MLP,480,133,0.20169458,0,0.0,True,0.0005500767742461005,0.0013428435723118913
MLP,480,135,0.25790632,0,0.0,True,0.0006224613040107902,-0.0002603442621258152
MLP,480,135,0.83077806,1,1.0,True,0.01570260198262058,0.015978938850849653
MLP,480,135,0.15143374,0,0.0,True,-0.0036966094937416353,-0.0007918630658593557
MLP,480,135,0.9467396,1,1.0,True,0.022508578782697696,0.018279199650180294
MLP,480,135,0.9247191,1,1.0,True,0.018649512438504066,0.023867453330002755
MLP,480,135,0.40238923,0,1.0,False,0.014491690878394133,0.01596911111755355
MLP,480,135,0.19692272,0,0.0,True,9.566905935960495e-05,0.00026119842689987686
MLP,480,135,0.11390716,0,0.0,True,0.0014594980808089613,-0.00037621205149783286
MLP,480,135,0.27492294,0,0.0,True,-0.001026595374683645,-0.001062523484855525
MLP,480,135,0.16692287,0,0.0,True,0.00227856194568069,0.0001736227392255768
MLP,480,135,0.8337227,1,1.0,True,0.017567790110928752,0.017269352521591133
MLP,480,135,0.8803387,1,1.0,True,0.0198066710017353,0.01671876675533002
MLP,480,135,0.19140087,0,0.0,True,-0.004906259882021065,-0.002063899139637936
MLP,480,135,0.65853465,1,0.0,False,0.003784759040060001,0.0016817989686623456
MLP,480,135,0.3877439,0,0.0,True,-0.00038274303437983243,-5.224963134567867e-05
MLP,480,135,0.14713363,0,0.0,True,0.002894597252819369,0.003537648018811265
MLP,480,135,0.91447556,1,1.0,True,0.01502933827568456,0.017204478077732746
MLP,480,135,0.95767045,1,1.0,True,0.01697264538433773,0.01920181075594748
MLP,480,135,0.8723041,1,1.0,True,0.014721226659124415,0.014083403339614586
MLP,480,135,0.8175722,1,1.0,True,0.01885871234238507,0.01646197957355886
MLP,480,135,0.7885182,1,1.0,True,0.014158568309575195,0.016703265612694862
MLP,480,135,0.13264638,0,0.0,True,-0.00018462173813264858,-0.000502620556234268
MLP,480,135,0.2097269,0,0.0,True,0.0022902177666063593,0.000634219448451039
MLP,480,135,0.17448717,0,0.0,True,0.001965871276851439,0.0020636992442171135
MLP,480,135,0.16942541,0,0.0,True,-0.002725585618463265,-0.0017227819720647623
MLP,480,135,0.7463206,1,1.0,True,0.018726470436119757,0.01950039468126054
MLP,480,135,0.6617482,1,1.0,True,0.0180992099384931,0.017685988403206638
MLP,480,135,0.775708,1,1.0,True,0.01850724421096841,0.02184393593613164
MLP,480,135,0.12679519,0,0.0,True,-0.0034895779999401496,-0.0018082518268811366
MLP,480,135,0.80294937,1,1.0,True,0.028983933516488505,0.025352615696973543
MLP,480,135,0.13763003,0,0.0,True,0.0006715113272531274,0.0009073446644130315
MLP,480,135,0.5295336,1,1.0,True,0.015109598113549332,0.015247257972305783
MLP,480,135,0.19518287,0,0.0,True,-0.0005918411437384736,-0.0012455429056096145
MLP,480,135,0.6913387,1,1.0,True,0.022145815304669185,0.019162590338767493
MLP,480,135,0.16901766,0,0.0,True,-0.0019830792556525595,-0.0009575626303922132
MLP,480,135,0.8971871,1,1.0,True,0.020859152008141726,0.02131948335961438
MLP,480,135,0.7955074,1,1.0,True,0.016834563470714898,0.019092496307940757
MLP,480,135,0.28807703,0,1.0,False,0.013436925846010455,0.011591622665910822
MLP,480,135,0.13402101,0,0.0,True,0.0032544503206641726,-0.0011528500456392263
MLP,480,135,0.67127985,1,1.0,True,0.021236831655926342,0.021103241118463584
MLP,480,135,0.7244902,1,1.0,True,0.024829598688813955,0.02285622823321375
MLP,480,135,0.14241253,0,0.0,True,-0.001509290577049244,-0.00013500272658856368
MLP,480,135,0.50840884,1,1.0,True,0.01786452263472097,0.014683697018778674
MLP,480,135,0.19074877,0,0.0,True,-0.000267908067770636,-0.0010344611449515531
MLP,480,135,0.15644582,0,0.0,True,0.00038865775939814044,0.0003457305997462656
MLP,480,135,0.7212108,1,1.0,True,0.022962516539263077,0.019494421671599
MLP,480,135,0.95184183,1,1.0,True,0.01591045751962964,0.01717138061631394
MLP,480,135,0.14513236,0,0.0,True,0.0027631931205391023,0.001054600137786915
MLP,480,135,0.9569268,1,1.0,True,0.017002507023745363,0.018501425156625843
MLP,480,135,0.16484953,0,0.0,True,-0.0023236831844697216,-0.0017948934104558719
MLP,480,135,0.19309801,0,0.0,True,-4.539087719085921e-05,-0.0004504266937691411
MLP,480,135,0.13760749,0,0.0,True,0.0015395736704174753,0.0007444127721378497
MLP,480,135,0.15820028,0,0.0,True,-6.484167076014935e-05,-0.00030862855413773757
MLP,480,135,0.17801863,0,0.0,True,0.0011663650730753935,-1.701508011748088e-05
MLP,480,135,0.92187804,1,1.0,True,0.01612120458209732,0.01821576945801486
MLP,480,135,0.93443406,1,1.0,True,0.01704618994192771,0.018714805556887266
MLP,480,135,0.9648766,1,1.0,True,0.021782414775543026,0.019302281777333695
MLP,480,135,0.9617966,1,1.0,True,0.014757767411704342,0.015065217111331899
MLP,480,135,0.94901043,1,1.0,True,0.01865325908785312,0.017039757369165073
MLP,480,135,0.46336883,0,1.0,False,0.014629458099693574,0.020514077204798403
MLP,480,135,0.89771664,1,1.0,True,0.01685741274841261,0.02220411413287629
MLP,480,135,0.9198981,1,1.0,True,0.020542607525168868,0.01936713783649431
MLP,480,135,0.13042085,0,0.0,True,0.002496165101513608,0.0020158747699486625
MLP,480,135,0.47942564,0,0.0,True,-0.0006681834329679226,0.0007333075112842424
MLP,480,135,0.9054505,1,1.0,True,0.01666329898293441,0.018623148196154297
MLP,480,135,0.33317122,0,0.0,True,0.003456691959796247,0.001683672291165523
MLP,480,135,0.18442702,0,0.0,True,0.0001245724478941934,-0.00029747100347666167
MLP,480,135,0.8335248,1,1.0,True,0.013088232026028192,0.015207936928635679
MLP,480,135,0.25153664,0,0.0,True,0.0007844415408076562,0.0008640590685223947
MLP,480,135,0.8571393,1,1.0,True,0.0227471101670033,0.0213781708575451
MLP,480,135,0.2709862,0,0.0,True,-0.0002174493932612144,-4.353113735060725e-05
MLP,480,135,0.93781257,1,1.0,True,0.018437167338591787,0.017798668147161658
MLP,480,135,0.6741992,1,1.0,True,0.02090891190693496,0.021615334037345182
MLP,480,135,0.87691605,1,1.0,True,0.025200594084261365,0.023019282065860985
MLP,480,135,0.94939053,1,1.0,True,0.01568299687608092,0.018929741828106895
MLP,480,135,0.9506653,1,1.0,True,0.018419108603560438,0.020680223628173178
MLP,480,135,0.6884004,1,1.0,True,0.01886353873600507,0.019183006706233064
MLP,480,135,0.95098186,1,1.0,True,0.017535449502283112,0.018089087498601764
MLP,480,135,0.13702066,0,0.0,True,0.0003652217386905968,0.0013583205900361648
MLP,480,135,0.2099849,0,0.0,True,0.0009677293493033601,-0.00013281552665226373
MLP,480,135,0.47824562,0,0.0,True,-0.0014918356472304326,0.0004220986971746429
MLP,480,135,0.9368661,1,1.0,True,0.015516066006347225,0.01675547918112222
MLP,480,135,0.14960182,0,0.0,True,0.001044619063424335,-0.00022559080054103525
MLP,480,135,0.20924407,0,0.0,True,-0.002877668816011829,-0.002362626024640677
MLP,480,135,0.13465117,0,0.0,True,0.00014765262303851028,0.00019578660751678464
MLP,480,135,0.9277743,1,1.0,True,0.01669416752028805,0.01606230961887217
MLP,480,135,0.8001594,1,1.0,True,0.01867610694024856,0.018517129357859142
MLP,480,135,0.27939436,0,0.0,True,-0.0005234671808763768,-5.964410948111004e-06
MLP,480,135,0.2774437,0,0.0,True,-0.0005193856638063464,-0.0005155254371917261
MLP,480,135,0.37548727,0,0.0,True,0.0011625878502798475,0.0009201177629167502
MLP,480,135,0.113124415,0,0.0,True,0.0003724970388892973,-0.0015433250777461232
MLP,480,135,0.15420112,0,0.0,True,-0.00025392243596849347,-0.0005809283925631459
MLP,480,135,0.9570644,1,1.0,True,0.017140694312457745,0.015198771699406128
MLP,480,135,0.88431865,1,1.0,True,0.01780561729558032,0.019600655254649504
MLP,480,135,0.21063635,0,0.0,True,0.0033496256725468777,0.0015241513072831714
MLP,480,135,0.489258,0,0.0,True,0.001425830343450113,0.0013097752643258926
MLP,480,135,0.23021634,0,0.0,True,0.0034620340963528763,0.000256830491053566
MLP,480,135,0.8194412,1,1.0,True,0.01657973189111467,0.0184300218981739
MLP,480,135,0.90766793,1,1.0,True,0.01767369063254162,0.02083017463936739
MLP,480,135,0.46917585,0,0.0,True,-0.0016198934163607454,-0.0001323958272549649
MLP,480,137,0.3422153,0,0.0,True,0.001462315401947907,0.0010104716305805222
MLP,480,137,0.9744417,1,1.0,True,0.012681413689958683,0.01862854310475842
MLP,480,137,0.12688106,0,0.0,True,0.0014732825076760722,-0.001124415801837228
MLP,480,137,0.80511004,1,1.0,True,0.026331787411429424,0.02451749514845224
MLP,480,137,0.8283826,1,1.0,True,0.019619982262120243,0.02129230120463585
MLP,480,137,0.9944634,1,1.0,True,0.019036040324132357,0.01798944276742809
MLP,480,137,0.9635745,1,1.0,True,0.015596162709223964,0.018660001736428754
MLP,480,137,0.18377511,0,0.0,True,-0.001788980815000628,-0.0027531004979823317
MLP,480,137,0.86697227,1,1.0,True,0.016033093204130423,0.01934978487137852
MLP,480,137,0.14197254,0,0.0,True,0.00020400230659966246,-0.000657673499903066
MLP,480,137,0.16349973,0,0.0,True,-0.0010540727682131362,-0.0013777719076382992
MLP,480,137,0.9404092,1,1.0,True,0.023822699222601534,0.021470816065348158
MLP,480,137,0.15719366,0,0.0,True,-0.0023424428150790786,4.109611476289804e-05
MLP,480,137,0.17650034,0,0.0,True,0.0019531234249594504,-0.00044389863785711204
MLP,480,137,0.1250518,0,0.0,True,7.179593452390582e-06,-0.0004283593139797568
MLP,480,137,0.27815017,0,0.0,True,0.0028786580049373384,0.0010095010539092769
MLP,480,137,0.13486227,0,0.0,True,0.0028226979860827054,0.0019067676973665176
MLP,480,137,0.14637186,0,0.0,True,0.005504023807335171,0.0023359470574113037
MLP,480,137,0.2018111,0,0.0,True,-0.00106124050487049,6.530802728427557e-05
MLP,480,137,0.8469444,1,1.0,True,0.02819668128452596,0.027368936095027534
MLP,480,137,0.16671924,0,0.0,True,0.002700297236208836,0.002202291305239954
MLP,480,137,0.10462241,0,0.0,True,-0.0015997290895629318,0.0026654327016703665
MLP,480,137,0.682498,1,1.0,True,0.019646620176474044,0.018417314600548206
MLP,480,137,0.1553142,0,0.0,True,0.0006198626522008048,0.0022406444622314688
MLP,480,137,0.18959147,0,0.0,True,0.0009124551541252054,0.00015145609393395023
MLP,480,137,0.11852899,0,0.0,True,-0.00473908558294812,-0.0029376700041043955
MLP,480,137,0.18360412,0,0.0,True,0.00023472035877588018,-0.00027860377566362875
MLP,480,137,0.26103428,0,0.0,True,-0.0002523265624592868,-9.585832108146575e-05
MLP,480,137,0.15330781,0,0.0,True,-0.00032841580524391563,-0.00044169910755557885
MLP,480,137,0.86401904,1,1.0,True,0.019949252404161275,0.02085016315685461
MLP,480,137,0.8505583,1,1.0,True,0.01909732938152145,0.01654400854900609
MLP,480,137,0.15325917,0,0.0,True,-0.0010728602058560446,-0.002114543491279424
MLP,480,137,0.9767006,1,1.0,True,0.020206225988624295,0.019574918499063197
MLP,480,137,0.14326881,0,0.0,True,-0.004065616547573003,-0.004126398168568419
MLP,480,137,0.25519222,0,0.0,True,0.001669440064412459,-0.001298122789318091
MLP,480,137,0.13754813,0,0.0,True,-0.0001594833041535303,0.0012117570161475355
MLP,480,137,0.75024503,1,1.0,True,0.02344478693518677,0.025188496815797982
MLP,480,137,0.18186773,0,0.0,True,0.0014786165755662842,0.0013669573255426647
MLP,480,137,0.13535923,0,0.0,True,0.0011303650648013285,-0.0017557577545776074
MLP,480,137,0.17588837,0,0.0,True,-0.0010882404054040492,-0.000614698562167621
MLP,480,137,0.13598141,0,0.0,True,-0.006290251693492637,-0.0041676376266870045
MLP,480,137,0.15672463,0,0.0,True,-0.00062760235294031,-0.0014081309556032505
MLP,480,137,0.81432915,1,1.0,True,0.019037848725283805,0.01867003681970664
MLP,480,137,0.8792813,1,1.0,True,0.019854165678712364,0.018403120426189475
MLP,480,137,0.14406483,0,0.0,True,-0.0008870217803314686,-0.0008139682843536044
MLP,480,137,0.24261242,0,0.0,True,-0.001081145001251907,-0.0004291375412610096
MLP,480,137,0.32192934,0,0.0,True,0.001937947936820075,0.0028240160942609276
MLP,480,137,0.98515356,1,1.0,True,0.015686380421181437,0.016987448563602577
MLP,480,137,0.18166436,0,0.0,True,-0.004684504312793846,-0.002081193488656683
MLP,480,137,0.1996407,0,0.0,True,-0.0013662712070372622,-0.001676731590723904
MLP,480,137,0.9186108,1,1.0,True,0.022044858064705096,0.01792670649627179
MLP,480,137,0.1761535,0,0.0,True,-0.0013832535750265907,0.001014275487073585
MLP,480,137,0.14839894,0,0.0,True,0.00036481101550483986,-0.0006101243525523309
MLP,480,137,0.121762834,0,0.0,True,0.00024103011118461445,-0.0007513806970756501
MLP,480,137,0.6296364,1,1.0,True,0.019421339612664575,0.01806616245583025
MLP,480,137,0.78460974,1,1.0,True,0.021727673061525,0.02574693936271859
MLP,480,137,0.7136499,1,1.0,True,0.01475687257649709,0.01632634999559752
MLP,480,137,0.68676233,1,1.0,True,0.02002614436905281,0.017035094032501884
MLP,480,137,0.23820981,0,0.0,True,0.0004552229484862993,0.00033810948571930035
MLP,480,137,0.6106835,1,1.0,True,0.012930817595404718,0.01816181908175048
MLP,480,137,0.91775596,1,1.0,True,0.025542107484347692,0.023375354485557987
MLP,480,137,0.86189336,1,1.0,True,0.021061255120897,0.018293012890108977
MLP,480,137,0.22956535,0,0.0,True,-0.0005719796182920303,-0.0004941473864728587
MLP,480,137,0.7413109,1,1.0,True,0.013753105433237458,0.01683820539978473
MLP,480,137,0.6964751,1,1.0,True,0.01636898841601222,0.02189847468421773
MLP,480,137,0.82710165,1,1.0,True,0.023660709140805734,0.01870599682983592
MLP,480,137,0.861539,1,1.0,True,0.01125204269365406,0.013219070596103567
MLP,480,137,0.26440752,0,0.0,True,0.0007165799751271797,0.0017973572698613055
MLP,480,137,0.17901075,0,0.0,True,0.0020789850515716534,-0.0006530817948675418
MLP,480,137,0.6299195,1,1.0,True,0.019700355089014895,0.021497158558095125
MLP,480,137,0.1847109,0,0.0,True,0.0028966348445450115,-0.0012191376094886845
MLP,480,137,0.19037381,0,0.0,True,0.0008974458274562555,-6.81460506100109e-05
MLP,480,137,0.8826164,1,1.0,True,0.02109390421440733,0.02170816099077606
MLP,480,137,0.9868384,1,1.0,True,0.01981439339364321,0.02052314882405274
MLP,480,137,0.7659302,1,1.0,True,0.022837288690120545,0.02210960362164756
MLP,480,137,0.1667613,0,0.0,True,-0.005010683911578925,-0.002407949998037286
MLP,480,137,0.9498197,1,1.0,True,0.01725673178150812,0.016170692079216967
MLP,480,137,0.29893827,0,0.0,True,-0.004093796131432232,-0.0008540641120750168
MLP,480,137,0.12971283,0,0.0,True,7.729055358419732e-05,0.0005258017627893223
MLP,480,137,0.18458308,0,0.0,True,0.00044816053001244,-0.0017632800169446498
MLP,480,137,0.12901123,0,0.0,True,0.0037230356212983465,0.001793796280128396
MLP,480,137,0.22758923,0,0.0,True,0.0020266016296067828,0.003478564763001556
MLP,480,137,0.1826256,0,0.0,True,-0.0021663512125978564,-0.000923366624712931
MLP,480,137,0.15001528,0,0.0,True,0.00177252532059559,0.001691481008283893
MLP,480,137,0.1277592,0,0.0,True,0.00121897352909336,0.0002188902004246914
MLP,480,137,0.15965778,0,0.0,True,0.0005385483288612591,-0.0013069380459951653
MLP,480,137,0.89200616,1,1.0,True,0.02476505180491281,0.021947864214292595
MLP,480,137,0.12294439,0,0.0,True,0.0017010838002401115,0.0002837462002264117
MLP,480,137,0.9511246,1,1.0,True,0.021373306915756778,0.015749117338912624
MLP,480,137,0.96962,1,1.0,True,0.022291273003494143,0.02104400124617167
MLP,480,137,0.4275283,0,0.0,True,-0.0004961492162486653,0.0007397821471339047
MLP,480,137,0.9947488,1,1.0,True,0.019687918102326202,0.02216450645966853
MLP,480,137,0.94048256,1,1.0,True,0.02014534261882234,0.01894292780771663
MLP,480,137,0.8191045,1,1.0,True,0.024757218877779187,0.02160832174613214
MLP,480,137,0.916217,1,1.0,True,0.019933475782191703,0.017328775458050873
MLP,480,137,0.16550782,0,0.0,True,-0.004925324718423975,-0.003280458943814646
MLP,480,137,0.20211484,0,0.0,True,0.0005044264696122138,0.00042222812366834366
MLP,480,137,0.91724044,1,1.0,True,0.01710700045889593,0.016921128392882987
MLP,480,137,0.13465731,0,0.0,True,0.0014738139622101209,0.00029451057783766557
MLP,480,137,0.21084923,0,0.0,True,-0.004571451011795282,-0.0013416727786723169
MLP,480,138,0.98655474,1,1.0,True,0.026530851252194253,0.019897160992001336
MLP,480,138,0.14866923,0,0.0,True,-0.002220470355991337,-0.000515630204072056
MLP,480,138,0.15145431,0,0.0,True,0.0014421092230427002,-0.0006549017268452053
MLP,480,138,0.8983705,1,1.0,True,0.020235660158996676,0.02138399877690425
MLP,480,138,0.12658922,0,0.0,True,-0.0019359202794531315,-0.0033659905375963296
MLP,480,138,0.12774788,0,0.0,True,-0.0019277865052178683,-0.0012461338968042255
MLP,480,138,0.17022358,0,0.0,True,-0.00044262942431222505,0.0008281691128184857
MLP,480,138,0.99797755,1,1.0,True,0.0176583215228101,0.020114893792297906
MLP,480,138,0.19293478,0,0.0,True,-0.0024878329930002993,-0.0014062306152512274
MLP,480,138,0.120711915,0,0.0,True,0.0018552151754204676,-0.00027576006654879155
MLP,480,138,0.87702215,1,1.0,True,0.01888196602523019,0.02173154265973277
MLP,480,138,0.2724391,0,0.0,True,-0.0003566391597711244,-0.0003700542712104405
MLP,480,138,0.88769674,1,1.0,True,0.02151767596181084,0.02057063523035126
MLP,480,138,0.21860518,0,0.0,True,0.003258850428073301,0.0006846690940401852
MLP,480,138,0.994266,1,1.0,True,0.011860376293764695,0.017070855800225788
MLP,480,138,0.73203766,1,1.0,True,0.019058834606084547,0.019196292820678616
MLP,480,138,0.24301402,0,0.0,True,0.0004973787317435096,0.0029055093277685962
MLP,480,138,0.17118089,0,0.0,True,0.00026954476276996403,0.0005005776823123761
MLP,480,138,0.9610974,1,1.0,True,0.018256786604878974,0.01829387156665561
MLP,480,138,0.89340556,1,1.0,True,0.013829138951486852,0.018968420210270974
MLP,480,138,0.13169265,0,0.0,True,-0.002320148881302129,-0.002731231688345538
MLP,480,138,0.97056985,1,1.0,True,0.015720305943135063,0.019556530200027615
MLP,480,138,0.94608206,1,1.0,True,0.022497993778775635,0.021842268937596
MLP,480,138,0.154776,0,0.0,True,0.0004192849354623119,0.0015823385814955604
MLP,480,138,0.111204155,0,0.0,True,-0.00044895115797757596,-0.0013377668704322445
MLP,480,138,0.12175135,0,0.0,True,-0.0016799981108520177,-0.0004103504911018441
MLP,480,138,0.8379364,1,1.0,True,0.019239035604243036,0.020814672000420732
MLP,480,138,0.50018865,1,0.0,False,0.004839580463829791,0.001265805180967457
MLP,480,138,0.7528351,1,1.0,True,0.025772093673485104,0.02560717940103668
MLP,480,138,0.15525565,0,0.0,True,0.0010943405262526591,0.00030314857393117596
MLP,480,138,0.75389767,1,1.0,True,0.019586815897905254,0.0164591047299726
MLP,480,138,0.2803098,0,0.0,True,-0.0028683251495853043,0.0006813793641501398
MLP,480,138,0.86549354,1,1.0,True,0.01519093563954202,0.017438627282089038
MLP,480,138,0.6530466,1,1.0,True,0.014718165875062613,0.01786834371593241
MLP,480,138,0.9582053,1,1.0,True,0.02510650442018338,0.019118254568796466
MLP,480,138,0.7511441,1,1.0,True,0.019437805056937433,0.01794399167855256
MLP,480,138,0.91726655,1,1.0,True,0.0230075235914416,0.023092416741423687
MLP,480,138,0.14805849,0,0.0,True,-0.003795157534123669,-0.003493858201433955
MLP,480,138,0.19449763,0,0.0,True,-0.00011378359651839051,-0.00022708545998621966
MLP,480,138,0.58289456,1,0.0,False,0.003536186051001573,0.0021728246082529717
MLP,480,138,0.14789586,0,0.0,True,-0.0004788251587609817,0.0008965345227626134
MLP,480,138,0.1246167,0,0.0,True,-0.0019419386508651483,-0.0013212371870469385
MLP,480,138,0.93219227,1,1.0,True,0.022990281552829513,0.02179973766500979
MLP,480,138,0.291922,0,0.0,True,0.0008255646964379847,-0.0003709348150754795
MLP,480,138,0.23020354,0,0.0,True,-0.00012296380867708677,0.0007345428973213065
MLP,480,138,0.6208239,1,1.0,True,0.021389894634359315,0.02296231791081401
MLP,480,138,0.14458016,0,0.0,True,-0.0001481556663372065,1.7066006107278707e-05
MLP,480,138,0.869323,1,1.0,True,0.023024497633638893,0.02038893839761986
MLP,480,138,0.1519195,0,0.0,True,-0.004133008184856522,-0.0043854864253113305
MLP,480,138,0.5166075,1,1.0,True,0.02353867380246496,0.02293621646346983
MLP,480,138,0.871195,1,1.0,True,0.02026322211873308,0.018847745140005905
MLP,480,138,0.9371917,1,1.0,True,0.024827881220303927,0.02194428454453484
MLP,480,138,0.7866859,1,1.0,True,0.015463674063365023,0.01773641407824327
MLP,480,138,0.1345508,0,0.0,True,-0.002455080587238456,-0.0012647376926752962
MLP,480,138,0.9225711,1,1.0,True,0.018944196805278316,0.015232036770774638
MLP,480,138,0.45233223,0,0.0,True,-0.0038369197863838862,-0.0020816109046645254
MLP,480,138,0.76287454,1,1.0,True,0.02369320876801373,0.02359580521941609
MLP,480,138,0.82040125,1,1.0,True,0.010207903398250095,0.019193375681955595
MLP,480,138,0.137439,0,0.0,True,0.002451026278440446,6.6100744172042276e-06
MLP,480,138,0.96632653,1,1.0,True,0.02571179124161471,0.023318221933485456
MLP,480,138,0.40998057,0,1.0,False,0.023770432160996825,0.024935729916016836
MLP,480,138,0.1562465,0,0.0,True,0.0016725978738666204,0.0019483008127464275
MLP,480,138,0.75695974,1,1.0,True,0.015787596060059438,0.017021577605832585
MLP,480,138,0.8557943,1,1.0,True,0.024344443303260792,0.020680414470733155
MLP,480,138,0.971882,1,1.0,True,0.022251003262466568,0.023650245436214672
MLP,480,138,0.32068092,0,0.0,True,-0.0009543725889535149,-0.00015000012423493193
MLP,480,138,0.35461584,0,0.0,True,-1.1135433386480062e-05,0.0002326544640184379
MLP,480,138,0.13533755,0,0.0,True,0.0033228677738378416,0.0010797298279513914
MLP,480,138,0.1921418,0,0.0,True,-0.0011482953584155613,-0.0005922147872413403
MLP,480,138,0.8539077,1,1.0,True,0.01974764632773267,0.021158815807672936
MLP,480,138,0.92138594,1,1.0,True,0.023494818701257195,0.02336681799562535
MLP,480,138,0.95461994,1,1.0,True,0.017413661121384292,0.018890993848919242
MLP,480,138,0.22927482,0,0.0,True,0.0012003178040155891,0.0005267279067677833
MLP,480,138,0.16569218,0,0.0,True,0.0009390859029510126,-0.0019249601536307523
MLP,480,138,0.14302395,0,0.0,True,-0.003584629896320849,-0.0009585592253836125
MLP,480,138,0.14200722,0,0.0,True,0.00011169620859083106,0.0018229637504991764
MLP,480,138,0.12556595,0,0.0,True,0.00356956843375091,0.0020181909164916196
MLP,480,138,0.9131266,1,1.0,True,0.013623725408145135,0.014678845576617252
MLP,480,138,0.76199394,1,1.0,True,0.009819411152665039,0.014183314118932923
MLP,480,138,0.19122636,0,0.0,True,0.0018528084018451048,0.00011754439502954628
MLP,480,138,0.9148478,1,1.0,True,0.020109970729451705,0.01809395047352155
MLP,480,138,0.27578577,0,0.0,True,0.0005638039042268612,-0.00142514356739817
MLP,480,138,0.15406255,0,0.0,True,-0.00377083531256186,-0.002734151630083609
MLP,480,138,0.8433316,1,1.0,True,0.022873993601779413,0.02524480121910645
MLP,480,138,0.9534469,1,1.0,True,0.016071971031402447,0.014525175127806305
MLP,480,138,0.84840083,1,1.0,True,0.015058318626664804,0.013010982326887976
MLP,480,138,0.74024177,1,1.0,True,0.02194744842159899,0.019615379007922814
MLP,480,138,0.21397823,0,0.0,True,0.0010233295916317008,-0.0009304655279896692
MLP,480,138,0.15829645,0,0.0,True,0.004180524861527497,0.0018509577315627297
MLP,480,138,0.19682941,0,0.0,True,0.0021210469753807338,0.0018271201782173064
MLP,480,138,0.14651777,0,0.0,True,-0.0026382206199864386,-0.001369642722483876
MLP,480,138,0.71550816,1,1.0,True,0.015779401530967293,0.016135492859630788
MLP,480,138,0.75616103,1,1.0,True,0.016768784833760514,0.015527341786548136
MLP,480,138,0.16093798,0,0.0,True,0.0010773474358738457,0.00042081340312961224
MLP,480,138,0.2971712,0,0.0,True,-0.0015599005288281435,-0.0018227816800163582
MLP,480,138,0.14675632,0,0.0,True,0.0021746664305171653,0.001615288938260714
MLP,480,138,0.71567446,1,1.0,True,0.01837623741192942,0.01998407949789079
MLP,480,138,0.1568935,0,0.0,True,7.088729758650276e-05,-0.0007296333575063584
MLP,480,138,0.17932145,0,0.0,True,0.002301161900410554,0.0012629504783370187
MLP,480,138,0.25717574,0,0.0,True,0.0026438163071825357,0.001309932324934858
MLP,480,140,0.9390169,1,1.0,True,0.022564209510579688,0.02034405507738895
MLP,480,140,0.8583822,1,1.0,True,0.028279675681652735,0.022879082282851793
MLP,480,140,0.12058874,0,0.0,True,0.002475600159411469,0.0024786865725948295
MLP,480,140,0.8630755,1,1.0,True,0.018812334900495175,0.022972637500873243
MLP,480,140,0.17090136,0,0.0,True,-0.0038940968728163046,-0.0014992924995849044
MLP,480,140,0.97862715,1,1.0,True,0.018615006475948676,0.017715750379491683
MLP,480,140,0.14878179,0,0.0,True,-0.001412696294058421,-0.0017537206399908544
MLP,480,140,0.122539416,0,0.0,True,-0.0011168665116970773,-0.001444476215292767
MLP,480,140,0.1500131,0,0.0,True,-0.0034598666945856605,-0.0027798905268161716
MLP,480,140,0.20246686,0,0.0,True,-0.002012656991436081,-0.000551572634651808
MLP,480,140,0.9150381,1,1.0,True,0.026869636477920067,0.02281400208827308
MLP,480,140,0.15869054,0,0.0,True,8.288609962423628e-05,-0.000491366940626878
MLP,480,140,0.8899794,1,1.0,True,0.01849323677609159,0.023175247991036287
MLP,480,140,0.14212616,0,0.0,True,0.00036117342999544876,-0.0006534166534291932
MLP,480,140,0.19866069,0,0.0,True,-0.0016440101210431215,-0.0022160365798236043
MLP,480,140,0.23835336,0,0.0,True,0.0013558047735297704,0.0006737896716775374
MLP,480,140,0.20668544,0,0.0,True,0.0009531113181132595,0.001311153260610773
MLP,480,140,0.78950936,1,1.0,True,0.02271104135342864,0.020832782732834728
MLP,480,140,0.83314383,1,1.0,True,0.023607925730429007,0.027202871622885955
MLP,480,140,0.98691934,1,1.0,True,0.02191110085850286,0.021050379618967448
MLP,480,140,0.81991965,1,1.0,True,0.01620417112776471,0.019569414679696747
MLP,480,140,0.8651173,1,1.0,True,0.02239214962687442,0.027975725822344834
MLP,480,140,0.23084515,0,0.0,True,-0.002469975821974593,-0.00222871733651282
MLP,480,140,0.5088059,1,1.0,True,0.02512390135035763,0.020381789442602435
MLP,480,140,0.7908164,1,1.0,True,0.015665063159596166,0.017753711078342324
MLP,480,140,0.98571384,1,1.0,True,0.02326705704015576,0.02503368943353434
MLP,480,140,0.8554434,1,1.0,True,0.019226511529084826,0.01892060346832352
MLP,480,140,0.121456124,0,0.0,True,-0.003818778234731438,-0.0024733806506567996
MLP,480,140,0.27127463,0,0.0,True,-0.00016911062657503042,0.0016324712943085805
MLP,480,140,0.93140906,1,1.0,True,0.025312968417207628,0.02471272663128337
MLP,480,140,0.1389761,0,0.0,True,-0.0005586902096340719,-0.0006464759569162194
MLP,480,140,0.8077206,1,1.0,True,0.018187277210552574,0.020879813985579906
MLP,480,140,0.7110322,1,1.0,True,0.016289049442311358,0.018971754934335665
MLP,480,140,0.98459953,1,1.0,True,0.023077657950335954,0.02168910161243495
MLP,480,140,0.9916443,1,1.0,True,0.0201773068834192,0.021116765830904726
MLP,480,140,0.17558542,0,0.0,True,0.00012565207243809206,0.0013406903696977874
MLP,480,140,0.58008754,1,1.0,True,0.019758597581200913,0.02184270837786073
MLP,480,140,0.1842559,0,0.0,True,-0.004523448279351378,-0.003805435149827319
MLP,480,140,0.5307889,1,1.0,True,0.024671493743970895,0.021901723240574593
MLP,480,140,0.20607606,0,0.0,True,0.0016238038870542391,-1.5870399645331316e-05
MLP,480,140,0.12605838,0,0.0,True,-0.00019185502443482772,-0.00023561348275908767
MLP,480,140,0.92076004,1,1.0,True,0.021796240719566637,0.02428923277041072
MLP,480,140,0.9250948,1,1.0,True,0.013412607339953423,0.018964492335692317
MLP,480,140,0.88118565,1,1.0,True,0.02246836955344474,0.01938304021089871
MLP,480,140,0.16932143,0,0.0,True,9.106337833936088e-05,-0.0008058676672913074
MLP,480,140,0.90570205,1,1.0,True,0.0249369545629099,0.023308949572486762
MLP,480,140,0.123250246,0,0.0,True,-0.000953126215479119,0.0008179335213052979
MLP,480,140,0.22642036,0,0.0,True,-0.0008536943778484112,0.0007257542931217674
MLP,480,140,0.9246628,1,1.0,True,0.019519734448796917,0.018665116190187635
MLP,480,140,0.12898187,0,0.0,True,-0.0006161774380236858,-0.00224987922699161
MLP,480,140,0.19006205,0,0.0,True,-0.004682499138733116,-0.002911126273526102
MLP,480,140,0.8339974,1,1.0,True,0.016378541841006334,0.01930824745566524
MLP,480,140,0.9512239,1,1.0,True,0.018580829598734666,0.019045316608554536
MLP,480,140,0.8588329,1,1.0,True,0.02818963781664514,0.024614461618719517
MLP,480,140,0.854897,1,1.0,True,0.014055437418850205,0.018977780454436276
MLP,480,140,0.81691676,1,1.0,True,0.02755733756784875,0.023936317394157514
MLP,480,140,0.9436513,1,1.0,True,0.026547954117597753,0.020332236395823666
MLP,480,140,0.9263984,1,1.0,True,0.02535486712251874,0.025193973399876446
MLP,480,140,0.987558,1,1.0,True,0.016491450591041384,0.01643591694435953
MLP,480,140,0.83274215,1,1.0,True,0.022181441953010646,0.02420776804428936
MLP,480,140,0.39951774,0,0.0,True,-0.0001841219386960103,-0.0006981512345375357
MLP,480,140,0.4192554,0,0.0,True,0.0015906523689737796,-0.0016862689096617115
MLP,480,140,0.3035145,0,0.0,True,0.0008908424181124144,0.0021066682557242165
MLP,480,140,0.7169069,1,1.0,True,0.01711902163408763,0.021120696653121912
MLP,480,140,0.9612181,1,1.0,True,0.019082024376012443,0.018580508427648836
MLP,480,140,0.91672385,1,1.0,True,0.026400504675997364,0.02098574963134324
MLP,480,140,0.13619599,0,0.0,True,-0.000398638302230487,0.0008462252639227805
MLP,480,140,0.92415047,1,1.0,True,0.017476653663180502,0.016527704447353807
MLP,480,140,0.85004425,1,1.0,True,0.021356590498458745,0.020578310282738516
MLP,480,140,0.8645497,1,1.0,True,0.021196758385964645,0.017353133212818856
MLP,480,140,0.10938308,0,0.0,True,0.0015214380594435399,0.0006264803009174167
MLP,480,140,0.653968,1,0.0,False,-0.00043254832703624725,0.000903700613354324
MLP,480,140,0.15075569,0,0.0,True,-0.000412643850334149,-0.0007526342109140422
MLP,480,140,0.8081676,1,1.0,True,0.025420284793749328,0.022952965272696305
MLP,480,140,0.4377513,0,0.0,True,-0.0011321196857066729,-0.0014772132926746896
MLP,480,140,0.18544699,0,0.0,True,0.0007824557694105633,0.00014766308320673227
MLP,480,140,0.92241114,1,1.0,True,0.018673419856590906,0.025285320822467938
MLP,480,140,0.462167,0,0.0,True,0.0010279954698721074,0.0013296789815166496
MLP,480,140,0.9936644,1,1.0,True,0.020391340225910444,0.022441436402910228
MLP,480,140,0.99557436,1,1.0,True,0.025138606065622043,0.022996573317370088
MLP,480,140,0.14577924,0,0.0,True,0.0005700192479648388,0.00022671681830258432
MLP,480,140,0.9965475,1,1.0,True,0.0188820813785092,0.020853575762800867
MLP,480,140,0.9494031,1,1.0,True,0.015264948828839931,0.01874623562076296
MLP,480,140,0.1093827,0,0.0,True,0.0026866115131509594,0.0023672434890945836
MLP,480,140,0.2098435,0,0.0,True,0.0006652555849087913,0.0006355132069551602
MLP,480,140,0.9031922,1,1.0,True,0.017073293474690013,0.01826266977196979
MLP,480,140,0.91804093,1,1.0,True,0.01832030925511866,0.01953168987406871
MLP,480,140,0.8688367,1,1.0,True,0.020139734480777455,0.02033098018262929
MLP,480,140,0.1432954,0,0.0,True,0.002189931229003616,0.0012080014977894067
MLP,480,140,0.9469426,1,1.0,True,0.019791292758990754,0.021419087355802748
MLP,480,140,0.13029811,0,0.0,True,-0.0007158148131035116,0.0014556325938088024
MLP,480,140,0.19063841,0,0.0,True,0.001078498208416914,0.0012842619151212124
MLP,480,140,0.9744801,1,1.0,True,0.025832384923905397,0.026190866881199974
MLP,480,140,0.7826561,1,1.0,True,0.021408245851796227,0.019701258509163395
MLP,480,140,0.19923347,0,0.0,True,0.0014654921721823113,0.0009142175259979241
MLP,480,140,0.53841746,1,0.0,False,-0.0011644007115643336,-0.0017400906855108316
MLP,480,140,0.16026944,0,0.0,True,-0.0002262922120313078,-0.0012235666660687817
MLP,480,140,0.22920296,0,0.0,True,-0.00013006821256832931,-0.0020244484101317704
MLP,480,140,0.8558765,1,1.0,True,0.018202627953659397,0.02067693163708179
MLP,480,140,0.9231807,1,1.0,True,0.018683933372044367,0.021689907353877314
MLP,480,142,0.21191831,0,0.0,True,0.00046955140608105096,-0.0006264916423997528
MLP,480,142,0.1372728,0,0.0,True,-0.0007570265646128354,-0.0018942146761539308
MLP,480,142,0.18383302,0,0.0,True,0.0009986826234226918,0.0006819830622914422
MLP,480,142,0.14350663,0,0.0,True,-0.001384583654173126,6.382879449761703e-05
MLP,480,142,0.95120895,1,1.0,True,0.02191120766548164,0.02024502252459603
MLP,480,142,0.13291295,0,0.0,True,0.0015256636733924597,0.00198432424031798
MLP,480,142,0.9221252,1,1.0,True,0.020495113598335734,0.020716569588894743
MLP,480,142,0.19748265,0,0.0,True,0.0038050296883776345,0.0013226768430511311
MLP,480,142,0.779645,1,1.0,True,0.01813334075165702,0.019466804023362372
MLP,480,142,0.12667735,0,0.0,True,0.0006711832134603062,-0.0005472902296417429
MLP,480,142,0.91897804,1,1.0,True,0.02267676966418159,0.02258303660307754
MLP,480,142,0.962608,1,1.0,True,0.02422536508903459,0.021276370505724233
MLP,480,142,0.23384355,0,0.0,True,0.0016800893704359858,0.00021080990582936863
MLP,480,142,0.20062535,0,0.0,True,-0.002406012347746419,-0.0014285514271260178
MLP,480,142,0.69923484,1,1.0,True,0.02372067611004602,0.02330974066447918
MLP,480,142,0.9213754,1,1.0,True,0.015083145434733327,0.017575539709553792
MLP,480,142,0.7230225,1,1.0,True,0.02727031812021335,0.022357251038683194
MLP,480,142,0.96660644,1,1.0,True,0.02038409239683214,0.022782043746337834
MLP,480,142,0.9098575,1,1.0,True,0.025512874182391995,0.023824945468470488
MLP,480,142,0.18369596,0,0.0,True,0.0009567774400477514,0.001210335800993639
MLP,480,142,0.90953493,1,1.0,True,0.020006396391605778,0.021032984501592203
MLP,480,142,0.850308,1,1.0,True,0.019397920460706073,0.017872441261193788
MLP,480,142,0.28176463,0,0.0,True,-0.0011050977523333267,-0.0011280402844303487
MLP,480,142,0.9065048,1,1.0,True,0.02026902853122449,0.020420367729343473
MLP,480,142,0.19699934,0,0.0,True,-0.00023720400239235305,0.0001279254413334684
MLP,480,142,0.9757805,1,1.0,True,0.02171879039512272,0.021689549193348014
MLP,480,142,0.22660773,0,0.0,True,0.0006645153601540303,-0.0019341908463432285
MLP,480,142,0.92858094,1,1.0,True,0.01719666191902999,0.021760334868445124
MLP,480,142,0.990836,1,1.0,True,0.021079691379995824,0.01996168929468656
MLP,480,142,0.91501015,1,1.0,True,0.021394224830566723,0.020895326749917873
MLP,480,142,0.9255098,1,1.0,True,0.01929214876363944,0.02168083489486714
MLP,480,142,0.24692191,0,0.0,True,-0.0010271410136734917,-0.0013330174151228848
MLP,480,142,0.12816247,0,0.0,True,0.002452765077154219,0.0009488648173294636
MLP,480,142,0.16732997,0,0.0,True,-0.00407989405261383,-0.0010236133304648012
MLP,480,142,0.99611205,1,1.0,True,0.019779260964191494,0.02498958334836925
MLP,480,142,0.14657778,0,0.0,True,3.196569300899941e-05,0.0012905904680606086
MLP,480,142,0.25794676,0,0.0,True,0.0011132855162238392,0.0006442199066404162
MLP,480,142,0.17504488,0,0.0,True,-0.004726023507151811,-0.0023973499026764236
MLP,480,142,0.52945954,1,1.0,True,0.0287923068625888,0.027442386602940506
MLP,480,142,0.13088892,0,0.0,True,0.00022502122823935921,0.0007650728156251547
MLP,480,142,0.8996032,1,1.0,True,0.021980736321209084,0.022003491527300495
MLP,480,142,0.9426147,1,1.0,True,0.02328020836563259,0.023324793241694525
MLP,480,142,0.9130242,1,1.0,True,0.020306496831723895,0.019844012369810985
MLP,480,142,0.14613277,0,0.0,True,-0.002900620947595804,-0.0022767455094964235
MLP,480,142,0.7773742,1,1.0,True,0.027679035928756805,0.02355430792018694
MLP,480,142,0.9835474,1,1.0,True,0.017770973882623078,0.022290904534190803
MLP,480,142,0.88300776,1,1.0,True,0.028446529413343514,0.02241271671601054
MLP,480,142,0.21102244,0,0.0,True,-0.001417896299045262,-0.0008882031958574383
MLP,480,142,0.6584119,1,1.0,True,0.01967288547686513,0.022302377262425
MLP,480,142,0.90819967,1,1.0,True,0.0228902505371887,0.02128618457592986
MLP,480,142,0.9920318,1,1.0,True,0.022627658222017594,0.023247166396758914
MLP,480,142,0.954504,1,1.0,True,0.02065921038346306,0.01962202455664324
MLP,480,142,0.88225293,1,1.0,True,0.022497660433541233,0.023817051894924196
MLP,480,142,0.8966967,1,1.0,True,0.023782074186017264,0.02326264648286575
MLP,480,142,0.16419922,0,0.0,True,-0.00168294605490612,-0.001014321058647516
MLP,480,142,0.866856,1,1.0,True,0.01957673043512737,0.021129213089221877
MLP,480,142,0.9385247,1,1.0,True,0.024643766871973404,0.023032836929190538
MLP,480,142,0.1540115,0,0.0,True,-0.001264353046809965,-0.002349713874882709
MLP,480,142,0.7738551,1,1.0,True,0.022380895439431142,0.024777399434485783
MLP,480,142,0.13238192,0,0.0,True,-0.0004432690561766673,5.258186982498465e-05
MLP,480,142,0.955853,1,1.0,True,0.019403335674798405,0.01821708666084922
MLP,480,142,0.80590886,1,1.0,True,0.023258406505302177,0.02078678189524368
MLP,480,142,0.76781386,1,1.0,True,0.021059508915307987,0.021795559148996953
MLP,480,142,0.9386566,1,1.0,True,0.020965105429422044,0.022476162504329617
MLP,480,142,0.94710153,1,1.0,True,0.023848069717627318,0.020638592801109152
MLP,480,142,0.12793852,0,0.0,True,9.062941937814282e-06,-0.0010493771260196765
MLP,480,142,0.91639024,1,1.0,True,0.019602093778885034,0.0168004100099114
MLP,480,142,0.99913895,1,1.0,True,0.01694419888488984,0.019726599108784926
MLP,480,142,0.9789185,1,1.0,True,0.019777759107828047,0.0218971789211389
MLP,480,142,0.1612159,0,0.0,True,-0.00013625791402274002,0.00014647679088985747
MLP,480,142,0.84772235,1,1.0,True,0.026243752492894276,0.02613177629320212
MLP,480,142,0.18306474,0,0.0,True,-0.0021680112148767293,0.0005848856648059316
MLP,480,142,0.25326535,0,0.0,True,7.876378283200373e-06,0.00022563727111017657
MLP,480,142,0.20467763,0,0.0,True,-0.003112905205467426,-0.001918682105541552
MLP,480,142,0.9037005,1,1.0,True,0.02637381667479375,0.022809118133241515
MLP,480,142,0.60110956,1,1.0,True,0.018498991197529686,0.019405420431536233
MLP,480,142,0.93934286,1,1.0,True,0.029465296706285508,0.026971632227564622
MLP,480,142,0.20176932,0,0.0,True,6.562779340169666e-06,0.0006161715105353734
MLP,480,142,0.16357528,0,0.0,True,-0.0017503944409611267,-0.0006376850725952492
MLP,480,142,0.97511715,1,1.0,True,0.02112010350986733,0.01852269415394332
MLP,480,142,0.11667114,0,0.0,True,-0.00018336142145421514,0.0001256035427517806
MLP,480,142,0.12265067,0,0.0,True,0.0011567353204171664,0.0009406373828278713
MLP,480,142,0.79008955,1,1.0,True,0.022390380985197116,0.021686722468196556
MLP,480,142,0.2444837,0,0.0,True,0.0023386993189923456,0.0016489813745632583
MLP,480,142,0.2596667,0,0.0,True,0.0016898491633247543,0.001821841544388477
MLP,480,142,0.7646653,1,1.0,True,0.019878735631234063,0.01995646746774208
MLP,480,142,0.9486554,1,1.0,True,0.022674456611922373,0.021191094671052145
MLP,480,142,0.1534092,0,0.0,True,0.0034890271905437587,0.0034967520502948383
MLP,480,142,0.9674837,1,1.0,True,0.018893372161299143,0.019387678191580993
MLP,480,142,0.9080163,1,1.0,True,0.027269341887225212,0.024076099879274653
MLP,480,142,0.74028003,1,1.0,True,0.019166774123425986,0.021201590063736103
MLP,480,142,0.16002907,0,0.0,True,0.005172494133554663,0.004663783824560127
MLP,480,142,0.92838436,1,1.0,True,0.025617663201750275,0.02279259604663462
MLP,480,142,0.8763503,1,1.0,True,0.017188961514963033,0.018592401424879723
MLP,480,142,0.46650982,0,1.0,False,0.022739431034322168,0.02193509115160035
MLP,480,142,0.98751986,1,1.0,True,0.019065522574976037,0.020304874569845283
MLP,480,142,0.8269206,1,1.0,True,0.021055365281355418,0.02415094990282688
MLP,480,142,0.8568868,1,1.0,True,0.025442786167636497,0.02619659023418837
MLP,480,142,0.19000976,0,0.0,True,0.000661091951178887,-0.00022641180234368296
MLP,480,142,0.14651935,0,0.0,True,0.0034082006630616287,0.002162707723182847
MLP,480,144,0.7104906,1,1.0,True,0.023181364809869355,0.021437988142814418
MLP,480,144,0.87317103,1,1.0,True,0.021436051404465275,0.018171582781754434
MLP,480,144,0.20123482,0,0.0,True,-0.0003002579627030712,-0.0006399834535588984
MLP,480,144,0.97986674,1,1.0,True,0.019240887990666058,0.01981867563891467
MLP,480,144,0.13189787,0,0.0,True,-0.0013324531303576732,0.00019008645670548136
MLP,480,144,0.44349048,0,0.0,True,0.0010081319774181213,0.00027777290521519194
MLP,480,144,0.19035964,0,0.0,True,0.0017530676684386708,0.001162712645093771
MLP,480,144,0.8202963,1,1.0,True,0.020267720225120706,0.018826069931254706
MLP,480,144,0.37122548,0,0.0,True,0.00044172371177508563,0.0017831426698844386
MLP,480,144,0.8566913,1,1.0,True,0.021754922679453576,0.02170812153310848
MLP,480,144,0.94625676,1,1.0,True,0.02624456201267073,0.021402988339662424
MLP,480,144,0.16116166,0,0.0,True,-0.00016544960431762114,-0.00013515337387866238
MLP,480,144,0.92517704,1,1.0,True,0.028964010274921622,0.026884404006227776
MLP,480,144,0.9735301,1,1.0,True,0.02035635419736514,0.019699050442784537
MLP,480,144,0.8482408,1,1.0,True,0.01667525125345119,0.017972739182488304
MLP,480,144,0.99096584,1,1.0,True,0.018300185473591163,0.022438445102548287
MLP,480,144,0.20400177,0,0.0,True,-0.0002510195673817542,-0.001522447197306
MLP,480,144,0.8823148,1,1.0,True,0.0181447220987282,0.015700256816562005
MLP,480,144,0.86909765,1,1.0,True,0.021477836889204332,0.02290322663231542
MLP,480,144,0.83520925,1,1.0,True,0.023364280209724003,0.022235024619938492
MLP,480,144,0.14326908,0,0.0,True,-0.0018926071258638009,-0.0005705516650998893
MLP,480,144,0.4946689,0,1.0,False,0.02366885813294721,0.023880831374914906
MLP,480,144,0.95146865,1,1.0,True,0.024802347693163144,0.021292638670709577
MLP,480,144,0.8932171,1,1.0,True,0.020700112794986625,0.023655815073056616
MLP,480,144,0.89229536,1,1.0,True,0.01909298563046118,0.018403345414155118
MLP,480,144,0.96621454,1,1.0,True,0.024525155220771963,0.021749948822974832
MLP,480,144,0.16760628,0,0.0,True,0.0031160637503779374,0.0011381277685428475
MLP,480,144,0.24750601,0,0.0,True,0.0009021647830961114,0.0005155641914946672
MLP,480,144,0.16196197,0,0.0,True,-0.0003266001214289053,-0.0008013781064218685
MLP,480,144,0.21596864,0,0.0,True,0.0003475777531631157,-0.0004880003437655805
MLP,480,144,0.92826,1,1.0,True,0.020783007376811765,0.020461736078551875
MLP,480,144,0.16202609,0,0.0,True,0.004628456220881702,0.0012762151963352458
MLP,480,144,0.14028,0,0.0,True,0.00042563078588227557,-0.00027496839161280143
MLP,480,144,0.79893786,1,1.0,True,0.02217075279935227,0.021823943335819065
MLP,480,144,0.17675602,0,0.0,True,0.000833340215857014,-0.0006202702055139089
MLP,480,144,0.75512683,1,1.0,True,0.020942883873642678,0.02121245364716798
MLP,480,144,0.9812201,1,1.0,True,0.02701748036789026,0.02834286855738919
MLP,480,144,0.24330416,0,0.0,True,-0.0038362230477279593,-0.0005442995909171964
MLP,480,144,0.2056792,0,0.0,True,0.0028739454688179707,0.001296272256186358
MLP,480,144,0.16039324,0,0.0,True,-0.0004990577109221034,-5.949819433151229e-05
MLP,480,144,0.940282,1,1.0,True,0.02133781022477124,0.0231234354194408
MLP,480,144,0.97314465,1,1.0,True,0.0188568988158877,0.018618858144658267
MLP,480,144,0.15413141,0,0.0,True,-0.0016087009290507096,0.00019222784643133412
MLP,480,144,0.15598775,0,0.0,True,0.0008739357937029159,0.001885025431910556
MLP,480,144,0.14852704,0,0.0,True,-0.001543553320199547,0.000461986668812736
MLP,480,144,0.9503739,1,1.0,True,0.02004975968811105,0.023519158269934275
MLP,480,144,0.1851782,0,0.0,True,-0.00015639306634994865,0.0007056160163975662
MLP,480,144,0.34257674,0,0.0,True,-0.0008398287387331808,-0.0015551196002404084
MLP,480,144,0.13566425,0,0.0,True,0.0034098355185003693,0.0021507763278274896
MLP,480,144,0.7160162,1,1.0,True,0.025091105576550764,0.026369345986073146
MLP,480,144,0.2607713,0,0.0,True,0.0036581833351196427,0.0028243651327200686
MLP,480,144,0.90222543,1,1.0,True,0.020835456528580227,0.024109354741044756
MLP,480,144,0.15947866,0,0.0,True,0.00136300798022994,0.0007811059912243924
MLP,480,144,0.17906705,0,0.0,True,0.005570645606761604,0.0001854202204707851
MLP,480,144,0.15397175,0,0.0,True,-0.00036578335590958257,0.0007614780977591238
MLP,480,144,0.884773,1,1.0,True,0.0188736788264279,0.01743303912003756
MLP,480,144,0.15798917,0,0.0,True,0.00116274621628126,0.0015992733120032921
MLP,480,144,0.24843784,0,0.0,True,-0.0024555577909206616,-0.002858595536326112
MLP,480,144,0.8247996,1,1.0,True,0.02273715242636747,0.02316577173638722
MLP,480,144,0.31560555,0,0.0,True,-0.0014965151543390378,-0.00020489054505978441
MLP,480,144,0.19503884,0,0.0,True,0.001935711636976043,0.0011845765600692149
MLP,480,144,0.18015021,0,0.0,True,-0.006059154721085984,-0.004010519619911781
MLP,480,144,0.16437434,0,0.0,True,0.0021276778666911703,0.0017859475321671818
MLP,480,144,0.9767478,1,1.0,True,0.014981287371411817,0.017164581190435343
MLP,480,144,0.22518408,0,0.0,True,-0.002184542891284466,-8.8174960820683e-05
MLP,480,144,0.8602138,1,1.0,True,0.01723111200845583,0.017588913142246584
MLP,480,144,0.11070843,0,0.0,True,0.00024403590440442158,-0.00041745658966913516
MLP,480,144,0.2651189,0,0.0,True,0.0012091142508509874,0.00046151257467551813
MLP,480,144,0.18024202,0,0.0,True,-0.0009912718383581084,0.0006882616876205604
MLP,480,144,0.9781229,1,1.0,True,0.01530403735392658,0.02072294746721636
MLP,480,144,0.585826,1,1.0,True,0.025113129139022507,0.0226010317282455
MLP,480,144,0.24746744,0,0.0,True,0.00027764669654875264,0.001971573127232573
MLP,480,144,0.75622666,1,1.0,True,0.022596648242954553,0.02445352248862613
MLP,480,144,0.93928903,1,1.0,True,0.01817072150716508,0.021324443661048763
MLP,480,144,0.18424329,0,0.0,True,0.001094535618240244,0.000891194320946446
MLP,480,144,0.14252323,0,0.0,True,0.004634850621422884,0.002244992283363612
MLP,480,144,0.16578642,0,0.0,True,-0.000934019166819206,0.00016229269567186348
MLP,480,144,0.20326854,0,0.0,True,-0.004239056139549793,-0.0019187636454387742
MLP,480,144,0.8458175,1,1.0,True,0.01420583203747543,0.012501411756886642
MLP,480,144,0.15188128,0,0.0,True,0.00021401888319420954,0.0012462491130548232
MLP,480,144,0.97240645,1,1.0,True,0.024808371242195495,0.021172255971370558
MLP,480,144,0.1478045,0,0.0,True,0.0017050538928886187,0.0005265848377745313
MLP,480,144,0.17748499,0,0.0,True,0.003174706725380004,0.002746991413448814
MLP,480,144,0.77944046,1,1.0,True,0.023564093589036522,0.02496488009400076
MLP,480,144,0.13702825,0,0.0,True,0.002722766331784888,0.0011974647340842904
MLP,480,144,0.9980165,1,1.0,True,0.01918052358846271,0.018590946319840665
MLP,480,144,0.18707946,0,0.0,True,0.001635334798009802,-0.000226412050789572
MLP,480,144,0.14274275,0,0.0,True,-0.0009250290155568362,-0.0016443542053963165
MLP,480,144,0.85283667,1,1.0,True,0.017256661004785616,0.020922806312694327
MLP,480,144,0.12650028,0,0.0,True,-0.0002835112843317652,0.00044308628576033616
MLP,480,144,0.15921822,0,0.0,True,0.0006089997425709338,-0.0008925901971205056
MLP,480,144,0.16574626,0,0.0,True,-0.0038497836930969803,-0.002382136047012901
MLP,480,144,0.94293755,1,1.0,True,0.02400866683473118,0.024760931016011446
MLP,480,144,0.27982,0,0.0,True,1.6414237906074594e-05,-0.002029835689132353
MLP,480,144,0.90468127,1,1.0,True,0.028163405521039426,0.025510745721001107
MLP,480,144,0.18149216,0,0.0,True,0.004279761601815832,0.002338054258186724
MLP,480,144,0.9932361,1,1.0,True,0.022822908629356424,0.01904181533366082
MLP,480,144,0.8666907,1,1.0,True,0.01333076909322623,0.016964676428594172
MLP,480,144,0.6928785,1,1.0,True,0.03224973388077707,0.027067055571724306
MLP,480,144,0.6558542,1,1.0,True,0.03055743316951152,0.025808409369084167
MLP,480,146,0.9877412,1,1.0,True,0.02154595267495733,0.01896035957380333
MLP,480,146,0.8703995,1,1.0,True,0.02336248571249947,0.023703889413552413
MLP,480,146,0.9244673,1,1.0,True,0.024279731132067515,0.02406714235838344
MLP,480,146,0.20892784,0,0.0,True,-0.0008085926404500831,0.00045304362257245337
MLP,480,146,0.9443152,1,1.0,True,0.02506470030732448,0.022988488952092993
MLP,480,146,0.16550006,0,0.0,True,0.0017051413210827037,0.00034429912793537676
MLP,480,146,0.97494274,1,1.0,True,0.016597100268771984,0.01832985755597882
MLP,480,146,0.29022422,0,0.0,True,0.0028150140689482835,0.0015423147326159275
MLP,480,146,0.1795464,0,0.0,True,0.0007271087109912514,0.0009412554200650187
MLP,480,146,0.12950377,0,0.0,True,-0.0015748347760300133,-0.00027942174640034715
MLP,480,146,0.19126533,0,0.0,True,-0.0010124452263874132,0.0009631797424691394
MLP,480,146,0.24261896,0,0.0,True,-0.004758058433400162,-0.0023986973737587054
MLP,480,146,0.9765158,1,1.0,True,0.017287375559065437,0.022350894933530676
MLP,480,146,0.21699621,0,0.0,True,0.001537691437269331,0.001478222023972633
MLP,480,146,0.91724616,1,1.0,True,0.01956278889438987,0.022848501085684664
MLP,480,146,0.6533612,1,0.0,False,3.608819852559362e-06,-0.001955214972770623
MLP,480,146,0.28329778,0,0.0,True,0.0024529963638538596,0.002085498618738299
MLP,480,146,0.96821654,1,1.0,True,0.018304332677205902,0.01746200104687729
MLP,480,146,0.45232305,0,0.0,True,-0.003008332716975608,-0.0015138710201662885
MLP,480,146,0.9080284,1,1.0,True,0.02952969908463388,0.02277312958846819
MLP,480,146,0.42899546,0,0.0,True,0.00038099450718872885,0.0006992655708443665
MLP,480,146,0.29162627,0,0.0,True,-0.00028649430374229264,0.0007761983942464078
MLP,480,146,0.16883524,0,0.0,True,-0.0024998894781975752,-0.0013532226067105376
MLP,480,146,0.30324176,0,0.0,True,0.0037320290012114086,0.0034219946595914295
MLP,480,146,0.15399781,0,0.0,True,-0.0004545913943271466,-0.0016217889400962373
MLP,480,146,0.9765589,1,1.0,True,0.02516048153497993,0.024324626984848285
MLP,480,146,0.18620008,0,0.0,True,-0.0014701937843030137,-0.001876659046965653
MLP,480,146,0.9980603,1,1.0,True,0.020215382136370922,0.02245229414624231
MLP,480,146,0.9927424,1,1.0,True,0.017292359645435098,0.019290934191393147
MLP,480,146,0.97238207,1,1.0,True,0.022546857321844162,0.02361103120519321
MLP,480,146,0.20158899,0,0.0,True,0.004591207539652169,0.0018530464001365273
MLP,480,146,0.866608,1,1.0,True,0.026504157182864085,0.022987214415659853
MLP,480,146,0.9275286,1,1.0,True,0.016257807620003974,0.01808149312533
MLP,480,146,0.95325035,1,1.0,True,0.022866872268266576,0.0218581982916399
MLP,480,146,0.7698326,1,1.0,True,0.0207550418407353,0.024229408967183654
MLP,480,146,0.94834334,1,1.0,True,0.02549555315243507,0.02230016752209741
MLP,480,146,0.28006488,0,0.0,True,-0.0007889447852771448,-0.001773568389630828
MLP,480,146,0.8768838,1,1.0,True,0.029348987729994554,0.02766001181345565
MLP,480,146,0.9464483,1,1.0,True,0.02146788934535004,0.0214731298256586
MLP,480,146,0.8512663,1,1.0,True,0.0171506996214305,0.018145446414277934
MLP,480,146,0.16499999,0,0.0,True,-0.0010713014738288115,0.000394876640166881
MLP,480,146,0.23048905,0,0.0,True,0.0016272829591034647,0.0007537069220323715
MLP,480,146,0.7622265,1,1.0,True,0.023778168802071273,0.02520431272147568
MLP,480,146,0.9485872,1,1.0,True,0.023686421596903304,0.025239308916772073
MLP,480,146,0.15874076,0,0.0,True,-0.0020582591979894215,-0.0004881302002553441
MLP,480,146,0.81084144,1,1.0,True,0.019598952114464725,0.021501560967474714
MLP,480,146,0.22622994,0,0.0,True,-0.0020002786484965007,-0.0017018945795793227
MLP,480,146,0.9839558,1,1.0,True,0.023766090045655025,0.022916654146363586
MLP,480,146,0.1910716,0,0.0,True,-0.0043348234036813815,-0.0030540805182532613
MLP,480,146,0.8226353,1,1.0,True,0.028483974381035306,0.025021076611178132
MLP,480,146,0.9782874,1,1.0,True,0.03310530976794716,0.02855553993605026
MLP,480,146,0.18344004,0,0.0,True,-0.0012341256441044278,-0.001165803978522377
MLP,480,146,0.7515207,1,1.0,True,0.023116355730116927,0.02237895139974074
MLP,480,146,0.18168193,0,0.0,True,2.4942350138687696e-05,0.0020234640625693885
MLP,480,146,0.44844243,0,0.0,True,-0.002280145515244876,-0.0003233163252066091
MLP,480,146,0.9828005,1,1.0,True,0.01618736623385902,0.02684142097607676
MLP,480,146,0.15178415,0,0.0,True,-0.003226974147123594,-0.0021373258697413616
MLP,480,146,0.9401419,1,1.0,True,0.025602609102353468,0.025978237378176092
MLP,480,146,0.83064044,1,1.0,True,0.027608660712373608,0.02229898250537159
MLP,480,146,0.1668106,0,0.0,True,0.00042532935375771475,0.0011745694223617006
MLP,480,146,0.13879102,0,0.0,True,0.0031048270851183205,0.002337806724392385
MLP,480,146,0.99025786,1,1.0,True,0.02041207210538647,0.022829534046175767
MLP,480,146,0.8878207,1,1.0,True,0.013004365071745343,0.015116563502021322
MLP,480,146,0.116329014,0,0.0,True,0.004133515165233952,0.0027792658368057874
MLP,480,146,0.22130546,0,0.0,True,-0.0032330697205285885,0.00017276326523372744
MLP,480,146,0.84150344,1,1.0,True,0.02595583424730139,0.026152945343621968
MLP,480,146,0.99442863,1,1.0,True,0.026799166193284138,0.02373536367654439
MLP,480,146,0.93809605,1,1.0,True,0.02065862964497251,0.02248849987013658
MLP,480,146,0.21954177,0,0.0,True,0.0011212037964427946,0.0008047087732793707
MLP,480,146,0.14956635,0,0.0,True,0.005315066088826546,0.0021380657084798943
MLP,480,146,0.9869571,1,1.0,True,0.023181980725467722,0.021538669068639365
MLP,480,146,0.92075515,1,1.0,True,0.02756027907837263,0.025154074161077292
MLP,480,146,0.93217105,1,1.0,True,0.024736346272143567,0.022438226500169987
MLP,480,146,0.32424495,0,0.0,True,0.004864885995770132,0.003607134708357408
MLP,480,146,0.17001532,0,0.0,True,0.0022615692548683345,0.00045271177879597574
MLP,480,146,0.20698524,0,0.0,True,0.002724983557808469,0.0013395621191507417
MLP,480,146,0.19968443,0,0.0,True,-8.397718355157884e-05,4.636860859743286e-05
MLP,480,146,0.892399,1,1.0,True,0.02085935989875816,0.02446012928897916
MLP,480,146,0.12250521,0,0.0,True,-0.00040015278928364097,-0.0013192316970687232
MLP,480,146,0.17919284,0,0.0,True,0.0029380497477264657,0.002353155634512936
MLP,480,146,0.1297379,0,0.0,True,-0.002471414221229477,-0.0007152327388828255
MLP,480,146,0.90296954,1,1.0,True,0.026590172976052387,0.021903701682690374
MLP,480,146,0.9933502,1,1.0,True,0.025668051203697934,0.0232039492905714
MLP,480,146,0.8346955,1,1.0,True,0.021459479696616473,0.021359696083654425
MLP,480,146,0.2568595,0,0.0,True,0.00243571898514385,0.0009581977631280209
MLP,480,146,0.16172472,0,0.0,True,0.0022050332753541816,-0.0013758832989868785
MLP,480,146,0.19727604,0,0.0,True,0.003992677268018214,0.0024250946764893715
MLP,480,146,0.14139363,0,0.0,True,0.0030760233828422776,0.0015026655237064105
MLP,480,146,0.2178388,0,0.0,True,0.001896400040142579,0.0035356196238594765
MLP,480,146,0.5434136,1,1.0,True,0.026521899538875054,0.020349710552821434
MLP,480,146,0.99696225,1,1.0,True,0.01736091241173298,0.020484871491003354
MLP,480,146,0.8839961,1,1.0,True,0.014211144561580506,0.019072595313961452
MLP,480,146,0.90635633,1,1.0,True,0.025023972692762842,0.027354058621971183
MLP,480,146,0.9773207,1,1.0,True,0.023730030046607422,0.023467429646493267
MLP,480,146,0.1724725,0,0.0,True,0.002847466090838343,0.0001423460636127203
MLP,480,146,0.8943868,1,1.0,True,0.022676516030686763,0.022270372433812507
MLP,480,146,0.9701882,1,1.0,True,0.02434540115501115,0.022612182953505068
MLP,480,146,0.9730393,1,1.0,True,0.021057227778553286,0.0213838196873199
MLP,480,146,0.8896512,1,1.0,True,0.026664248669149758,0.023626691303241572
MLP,480,146,0.94803727,1,1.0,True,0.022653598754515638,0.023252809215432095
MLP,480,147,0.1721103,0,0.0,True,0.0005157845141574871,-0.0008163123723399945
MLP,480,147,0.14007236,0,0.0,True,-0.0010796724520933648,-0.0014595492423929866
MLP,480,147,0.23676765,0,0.0,True,0.00027049959468124804,0.00034939585946768887
MLP,480,147,0.15275232,0,0.0,True,-0.0008918236212924419,-0.000709500431676969
MLP,480,147,0.9819927,1,1.0,True,0.017377043573962508,0.0228729087770264
MLP,480,147,0.98731345,1,1.0,True,0.022819707000387462,0.022145849320009688
MLP,480,147,0.13113886,0,0.0,True,-0.0005432527642790751,-0.00026513990677887156
MLP,480,147,0.92243576,1,1.0,True,0.027175644795028306,0.026868396101906184
MLP,480,147,0.13819332,0,0.0,True,0.0014655766907182917,0.0009314512132342916
MLP,480,147,0.94364524,1,1.0,True,0.01959970449335018,0.018514503979840367
MLP,480,147,0.6837298,1,0.0,False,0.0018590146166666969,0.0005371298244272241
MLP,480,147,0.9519084,1,1.0,True,0.028009452982587335,0.024612245617241953
MLP,480,147,0.15400118,0,0.0,True,0.0018327944523951374,0.000497998650262015
MLP,480,147,0.5887416,1,0.0,False,-0.0015576215678806387,-0.0012849519688356683
MLP,480,147,0.19657636,0,0.0,True,0.0035123632684750175,0.002784623335761807
MLP,480,147,0.22500433,0,0.0,True,-0.001723211108282799,-0.0016641297520012786
MLP,480,147,0.31668976,0,0.0,True,0.003592527525670892,0.0012887220231883338
MLP,480,147,0.98318017,1,1.0,True,0.019927921535678517,0.023222382311656794
MLP,480,147,0.18110356,0,0.0,True,0.002038203749621286,0.0004112373434117772
MLP,480,147,0.73165977,1,1.0,True,0.026372544031448626,0.02834565567140533
MLP,480,147,0.18568754,0,0.0,True,-0.0009185297234371557,-0.00017455082015018243
MLP,480,147,0.85180545,1,1.0,True,0.02360922120155226,0.02147055327071501
MLP,480,147,0.16211864,0,0.0,True,0.0004996856451136325,-0.0005665339509184611
MLP,480,147,0.16738166,0,0.0,True,-0.0015285938773629331,-0.0007028732104103717
MLP,480,147,0.22420575,0,0.0,True,0.0025402390465180764,0.0027214417295687637
MLP,480,147,0.14212947,0,0.0,True,6.735124656810842e-05,-0.0023446378125918043
MLP,480,147,0.1742816,0,0.0,True,-0.001217638985543297,0.0005527620939223447
MLP,480,147,0.2767397,0,0.0,True,-0.00042627304269998717,-0.000635695852165119
MLP,480,147,0.9238298,1,1.0,True,0.023726613031654232,0.021037870416339175
MLP,480,147,0.17767318,0,0.0,True,0.004393694866219726,0.0025873747737740088
MLP,480,147,0.94607556,1,1.0,True,0.02463479235945206,0.025413389610423314
MLP,480,147,0.91283,1,1.0,True,0.022191672199151035,0.02227965345849249
MLP,480,147,0.17352732,0,0.0,True,-0.0005882695156419385,0.0005650474760094362
MLP,480,147,0.31991813,0,0.0,True,0.0004831421465526551,-0.0028649015899580572
MLP,480,147,0.7054128,1,0.0,False,0.0007784866432181104,-0.0014841900934065755
MLP,480,147,0.86526245,1,1.0,True,0.02093765007656097,0.020519761259830512
MLP,480,147,0.99248743,1,1.0,True,0.018710691939609773,0.020898361649676074
MLP,480,147,0.9129251,1,1.0,True,0.02979901436838255,0.026978153394813967
MLP,480,147,0.90200835,1,1.0,True,0.031930343960133924,0.027439842569380403
MLP,480,147,0.9600252,1,1.0,True,0.023542104501089033,0.023506452709260012
MLP,480,147,0.13163407,0,0.0,True,-0.0014493447296796548,-0.0011465008923316278
MLP,480,147,0.3241893,0,0.0,True,-0.0023409349770777996,-0.0025174395507083576
MLP,480,147,0.10496882,0,0.0,True,0.001551545627079341,-0.0013643146690752808
MLP,480,147,0.7787323,1,1.0,True,0.018686796872611256,0.01868062713148313
MLP,480,147,0.13436568,0,0.0,True,-0.0011047216056384568,-0.0010144542629551812
MLP,480,147,0.9190278,1,1.0,True,0.026930297009815897,0.027589953110020833
MLP,480,147,0.20297039,0,0.0,True,-0.001728600552360152,-0.000458677753710817
MLP,480,147,0.14929032,0,0.0,True,-0.001587408540208086,-0.0003134251561958445
MLP,480,147,0.86115533,1,1.0,True,0.020609191923205733,0.021371276295106528
MLP,480,147,0.97535455,1,1.0,True,0.02006764579883128,0.018608015528272993
MLP,480,147,0.8737406,1,1.0,True,0.025502327329118547,0.02492055026889942
MLP,480,147,0.98042583,1,1.0,True,0.021600832249278584,0.026087070092637454
MLP,480,147,0.15824306,0,0.0,True,0.001464135803598133,0.0007256902722382411
MLP,480,147,0.14882712,0,0.0,True,-0.0040343069191638775,-0.0005461795295594645
MLP,480,147,0.8878401,1,1.0,True,0.017656399618146097,0.0227417238283904
MLP,480,147,0.2625843,0,0.0,True,-0.0005261306052162687,0.00030504989203208665
MLP,480,147,0.97684675,1,1.0,True,0.019171409842149646,0.023419091931313356
MLP,480,147,0.90807885,1,1.0,True,0.02167492604102069,0.02259014762002505
MLP,480,147,0.9834313,1,1.0,True,0.026938270293994843,0.027158326275675736
MLP,480,147,0.21946777,0,0.0,True,0.0013640553906380192,-0.0005154846551911973
MLP,480,147,0.94983935,1,1.0,True,0.02267470845479542,0.024239392688450757
MLP,480,147,0.17004593,0,0.0,True,0.0011811590458775962,0.0012779686700179185
MLP,480,147,0.93836147,1,1.0,True,0.0262586062216538,0.022557528074940134
MLP,480,147,0.96582186,1,1.0,True,0.025451862479893856,0.021485725866299526
MLP,480,147,0.9761906,1,1.0,True,0.026460482026302277,0.024145569487620012
MLP,480,147,0.2573907,0,0.0,True,-0.006302411071322792,-0.0022903819401461868
MLP,480,147,0.17237729,0,0.0,True,-0.000265355356670648,8.698401182601572e-05
MLP,480,147,0.3122827,0,0.0,True,-0.00042181776563508837,-0.0006966999161267114
MLP,480,147,0.97965074,1,1.0,True,0.028348257955018937,0.030876811538436185
MLP,480,147,0.14554542,0,0.0,True,-0.0002844618847986568,-0.0005064630729136881
MLP,480,147,0.9798356,1,1.0,True,0.016518578718038194,0.01938352220772504
MLP,480,147,0.92676985,1,1.0,True,0.017856798601880823,0.023635777751936007
MLP,480,147,0.21032493,0,0.0,True,-0.001462073213048983,-0.002125378733028761
MLP,480,147,0.7782503,1,1.0,True,0.026469999671298594,0.025091425970601912
MLP,480,147,0.9839851,1,1.0,True,0.016788020370030483,0.021093956026336576
MLP,480,147,0.24534711,0,0.0,True,-0.0010019238872021577,-0.0006809860279913344
MLP,480,147,0.93773335,1,1.0,True,0.02249321811700575,0.02027371024391231
MLP,480,147,0.24318968,0,0.0,True,0.00041312763793660914,0.0023857426126241824
MLP,480,147,0.92459846,1,1.0,True,0.020053989101440885,0.02449916652376489
MLP,480,147,0.23449378,0,0.0,True,0.0021216472309084655,0.0008046553983651004
MLP,480,147,0.200476,0,0.0,True,0.002085276464077844,0.0014303062527319694
MLP,480,147,0.22580984,0,0.0,True,-0.00048817206212668296,-0.0017469524902845924
MLP,480,147,0.96600646,1,1.0,True,0.014588075424753988,0.018126704510103356
MLP,480,147,0.8812559,1,1.0,True,0.01666667526193717,0.01985807308812616
MLP,480,147,0.11394169,0,0.0,True,0.0020131116510794436,-0.0006144495762909412
MLP,480,147,0.90781015,1,1.0,True,0.029314472749050705,0.02635408413480726
MLP,480,147,0.91331714,1,1.0,True,0.028137536141797457,0.028215163787496934
MLP,480,147,0.9933462,1,1.0,True,0.022440411066333016,0.021461960935207018
MLP,480,147,0.9758034,1,1.0,True,0.025808048541791667,0.029004574380937276
MLP,480,147,0.8734085,1,1.0,True,0.02615406359945623,0.024699771424055224
MLP,480,147,0.97664726,1,1.0,True,0.027893650033261726,0.02447030975041164
MLP,480,147,0.88780034,1,1.0,True,0.020137443590236524,0.024325222212687094
MLP,480,147,0.2160026,0,0.0,True,-0.001397727179824716,-0.0025051490937110328
MLP,480,147,0.18444547,0,0.0,True,0.00215003024873996,-0.00042090952148729943
MLP,480,147,0.152473,0,0.0,True,0.0053489424757759965,0.0022284549028966714
MLP,480,147,0.88476235,1,1.0,True,0.02616287940508237,0.023320455327318943
MLP,480,147,0.22968389,0,0.0,True,0.0006824146775824579,0.0014016412527065815
MLP,480,147,0.15373896,0,0.0,True,-0.0021547101127069998,-0.0034678677663108537
MLP,480,147,0.397353,0,0.0,True,-0.0005616712021109467,0.0005742316676821148
MLP,480,147,0.20047751,0,0.0,True,-0.0015845786328261664,0.0013135094322193007
MLP,480,149,0.18587905,0,0.0,True,-0.0014532593586145625,-0.0012109475946749499
MLP,480,149,0.14464866,0,0.0,True,-0.0015226581963621872,-0.0010360743140020664
MLP,480,149,0.14883594,0,0.0,True,-0.002905099484374477,5.224599649520405e-05
MLP,480,149,0.13447401,0,0.0,True,0.0004888679634368286,0.0004496370220800308
MLP,480,149,0.25029978,0,0.0,True,0.0007727111762477331,0.000494815997115415
MLP,480,149,0.9409653,1,1.0,True,0.023119387812659164,0.023909445095038024
MLP,480,149,0.9865693,1,1.0,True,0.02272093648253546,0.023128371307857557
MLP,480,149,0.49635008,0,0.0,True,-0.0004887174911811748,-0.00021496191285525404
MLP,480,149,0.90835416,1,1.0,True,0.029141727400289426,0.028363459324696052
MLP,480,149,0.920228,1,1.0,True,0.022504698196647348,0.02252066781029081
MLP,480,149,0.9532677,1,1.0,True,0.023199356486928006,0.02003654478244238
MLP,480,149,0.14059137,0,0.0,True,-0.0002966508895012275,0.000782723400296312
MLP,480,149,0.86548424,1,1.0,True,0.013585397457868631,0.02022724038573997
MLP,480,149,0.9435876,1,1.0,True,0.026051650793439168,0.024990251116046833
MLP,480,149,0.15758762,0,0.0,True,-0.004594402453049238,-0.002866445155571097
MLP,480,149,0.1146762,0,0.0,True,0.0032617811163213983,0.002485885466861558
MLP,480,149,0.97294486,1,1.0,True,0.024881715003443747,0.028984853909058788
MLP,480,149,0.12429972,0,0.0,True,-0.002477668095763821,-0.0032897916803841494
MLP,480,149,0.9949663,1,1.0,True,0.021044209797728614,0.02197357859487012
MLP,480,149,0.18961515,0,0.0,True,-0.001635340593618155,-0.0004005609636967639
MLP,480,149,0.47947046,0,0.0,True,0.0017103773667620393,0.0020039421678029433
MLP,480,149,0.24478582,0,0.0,True,-0.004449908569909724,-0.0034011507406384667
MLP,480,149,0.85458845,1,1.0,True,0.02223179237898231,0.026665227918546495
MLP,480,149,0.24970882,0,0.0,True,-6.193525533035798e-05,-0.00151165724589786
MLP,480,149,0.17286536,0,0.0,True,0.00034513613486470476,0.0006895561119463739
MLP,480,149,0.27782613,0,0.0,True,0.0005781067468120976,-0.00023525202170053363
MLP,480,149,0.9897147,1,1.0,True,0.030308117876110763,0.027481067420451335
MLP,480,149,0.9499467,1,1.0,True,0.009881239456491903,0.017957459766286356
MLP,480,149,0.93979704,1,1.0,True,0.028661278837974015,0.028264753854699693
MLP,480,149,0.91789937,1,1.0,True,0.022161948262550343,0.02303359492705764
MLP,480,149,0.1580246,0,0.0,True,0.0003664698356857486,0.00011875689194943323
MLP,480,149,0.13423692,0,0.0,True,-5.941583956357043e-05,0.0006675589482856611
MLP,480,149,0.22689272,0,0.0,True,0.0017076856916338943,0.0025635940808993616
MLP,480,149,0.9537703,1,1.0,True,0.024666609268801546,0.02286114990801431
MLP,480,149,0.15659614,0,0.0,True,0.0009591205900211523,0.0013041907554281196
MLP,480,149,0.22808875,0,0.0,True,0.0011430373193572923,9.056120990372702e-05
MLP,480,149,0.21527484,0,0.0,True,0.001161585875539203,0.0007230840859957057
MLP,480,149,0.91611755,1,1.0,True,0.02558230136462545,0.023562291504616813
MLP,480,149,0.9432152,1,1.0,True,0.022945679179732687,0.02386682755638445
MLP,480,149,0.16826575,0,0.0,True,0.0011436945477934929,-0.0017548160659790267
MLP,480,149,0.9835587,1,1.0,True,0.02628716723276217,0.027720533072769827
MLP,480,149,0.15704335,0,0.0,True,0.00028293464222362984,-8.234635608679814e-05
MLP,480,149,0.2189279,0,0.0,True,-0.002294464616126264,-0.0012695034257544833
MLP,480,149,0.15804008,0,0.0,True,-0.00013080511919982574,-0.0005837699729197319
MLP,480,149,0.6252856,1,0.0,False,0.001282921541620955,0.001166958855651748
MLP,480,149,0.9413372,1,1.0,True,0.01583529344437589,0.019043368091296056
MLP,480,149,0.26207536,0,0.0,True,-0.0031320723969043107,-0.0005187154967348399
MLP,480,149,0.23104437,0,0.0,True,-0.0024373578832181863,0.0001723693571716409
MLP,480,149,0.22062558,0,0.0,True,-0.0027278771989135246,-0.0028481707682055744
MLP,480,149,0.9634281,1,1.0,True,0.026456773422075284,0.025640279169613797
MLP,480,149,0.9905849,1,1.0,True,0.019674314418128423,0.020452767655264308
MLP,480,149,0.95637465,1,1.0,True,0.024466971976564222,0.021018190370583976
MLP,480,149,0.9804534,1,1.0,True,0.027576160294827307,0.022325207251070647
MLP,480,149,0.89776516,1,1.0,True,0.027016760043672317,0.020940315467470882
MLP,480,149,0.31445965,0,0.0,True,0.002497050410068532,0.0009449284837211532
MLP,480,149,0.9936546,1,1.0,True,0.018796197734945237,0.019843174050296217
MLP,480,149,0.9407779,1,1.0,True,0.03175209117270896,0.02772206637004589
MLP,480,149,0.9765801,1,1.0,True,0.023203468047571434,0.02297208684116897
MLP,480,149,0.32735556,0,0.0,True,-0.0029750593483502813,-0.0014586541819782807
MLP,480,149,0.14658557,0,0.0,True,-0.00039180592413216197,0.0009749299481334549
MLP,480,149,0.87599033,1,1.0,True,0.029822542431288495,0.027246157652542135
MLP,480,149,0.9083209,1,1.0,True,0.020239394621560197,0.023164274745005486
MLP,480,149,0.87353826,1,1.0,True,0.024693089462664783,0.022271224995433016
MLP,480,149,0.831044,1,1.0,True,0.027184726750235796,0.025235805609921846
MLP,480,149,0.9029182,1,1.0,True,0.030862226430083878,0.027106778136273605
MLP,480,149,0.13334295,0,0.0,True,-0.00022738578177319333,0.0008869610957948347
MLP,480,149,0.1701388,0,0.0,True,0.00032613910015147856,0.0014404978666664506
MLP,480,149,0.8807341,1,1.0,True,0.02574911335012341,0.02519997239065519
MLP,480,149,0.9324388,1,1.0,True,0.026247039420411674,0.024637988091394402
MLP,480,149,0.25161645,0,0.0,True,0.0018536820466256419,0.0015990784842300713
MLP,480,149,0.9815429,1,1.0,True,0.024212976576790023,0.02739010225225563
MLP,480,149,0.8993696,1,1.0,True,0.02897554580344647,0.027146095497840445
MLP,480,149,0.9820226,1,1.0,True,0.02802547067733864,0.024053234208276524
MLP,480,149,0.9874851,1,1.0,True,0.020392268935899557,0.022167988815118906
MLP,480,149,0.16037546,0,0.0,True,-0.0013657407156924292,-0.0014150713912679694
MLP,480,149,0.5650682,1,0.0,False,0.004009107262944464,0.0017926855321922929
MLP,480,149,0.9793839,1,1.0,True,0.02681763484403926,0.02631460576847167
MLP,480,149,0.8187339,1,1.0,True,0.027165979713074564,0.024917301423408023
MLP,480,149,0.14004885,0,0.0,True,-0.0023051728303981663,-0.0022030625432720324
MLP,480,149,0.9512684,1,1.0,True,0.022439974444775322,0.024478477254611483
MLP,480,149,0.18630572,0,0.0,True,0.00029884575363476544,-0.000654303321628623
MLP,480,149,0.14741662,0,0.0,True,0.0001937100606019656,0.00017630642614918632
MLP,480,149,0.88196385,1,1.0,True,0.01168915345748277,0.019564025404019636
MLP,480,149,0.27794155,0,0.0,True,0.00030416860067801493,0.002516250865169628
MLP,480,149,0.13592461,0,0.0,True,-0.002818384920795884,0.0010100804398395678
MLP,480,149,0.94916445,1,1.0,True,0.02450738383616774,0.02595285972046277
MLP,480,149,0.98800886,1,1.0,True,0.02270822449716489,0.02012771447418477
MLP,480,149,0.34157467,0,0.0,True,8.509839221050499e-05,-0.0007724310264067047
MLP,480,149,0.23473483,0,0.0,True,-0.000872190939856477,-0.002880347708446615
MLP,480,149,0.37109748,0,0.0,True,0.0026095617423199623,0.0018590681350168156
MLP,480,149,0.15955265,0,0.0,True,0.0013631756918061888,0.0014864790423934915
MLP,480,149,0.9743903,1,1.0,True,0.023086285151396137,0.02351096181533435
MLP,480,149,0.98161626,1,1.0,True,0.02240918298586345,0.021806056114202377
MLP,480,149,0.9620987,1,1.0,True,0.02727807207797003,0.026566337088101383
MLP,480,149,0.913892,1,1.0,True,0.022999190865563447,0.020036426230192392
MLP,480,149,0.31520125,0,0.0,True,-0.004853027893609749,-0.0021929506572305143
MLP,480,149,0.3483989,0,0.0,True,0.00033428946496106296,-0.0015593259283573813
MLP,480,149,0.867776,1,1.0,True,0.027157831404403372,0.027957901672223617
MLP,480,149,0.21137147,0,0.0,True,-0.0026971695053876967,-0.0006405444151551577
MLP,480,149,0.14340533,0,0.0,True,0.0020091702834586487,0.002860219608636988
MLP,480,151,0.855708,1,1.0,True,0.024826840559193337,0.028326937441751247
MLP,480,151,0.20846848,0,0.0,True,-9.905472989841043e-05,0.0011892662792926838
MLP,480,151,0.88277507,1,1.0,True,0.034666656783237146,0.03046881407471898
MLP,480,151,0.4102552,0,0.0,True,0.0003736355171508505,0.0015713519415744975
MLP,480,151,0.9813704,1,1.0,True,0.025496115844104373,0.026956524978087096
MLP,480,151,0.9849444,1,1.0,True,0.027860982984478394,0.026783995256984515
MLP,480,151,0.55197436,1,0.0,False,0.002012305200763348,-0.0009638120805384631
MLP,480,151,0.17536071,0,0.0,True,-0.0011141284825113853,-0.0005885192771485451
MLP,480,151,0.17272627,0,0.0,True,-0.0019136925343045974,-0.0009012339180250055
MLP,480,151,0.9351652,1,1.0,True,0.028230066017528647,0.025069502305444916
MLP,480,151,0.9668342,1,1.0,True,0.02358735020506245,0.027773434470664795
MLP,480,151,0.18200606,0,0.0,True,-0.00027807719992441557,-0.0008746995280273968
MLP,480,151,0.8415693,1,1.0,True,0.02686687730857771,0.030614279811787173
MLP,480,151,0.22489469,0,0.0,True,0.0002658151434484804,0.0007757493988612341
MLP,480,151,0.9146022,1,1.0,True,0.026307120820569702,0.023508444574537164
MLP,480,151,0.27062714,0,0.0,True,-0.0021399130455168644,-0.0027822007962882258
MLP,480,151,0.9480084,1,1.0,True,0.024765094197103977,0.025378686209436844
MLP,480,151,0.9929876,1,1.0,True,0.02753059405689423,0.02537831447204773
MLP,480,151,0.9792388,1,1.0,True,0.03143038742370353,0.028386781964799945
MLP,480,151,0.92005706,1,1.0,True,0.03260229648525953,0.0329327309317852
MLP,480,151,0.22549255,0,0.0,True,0.0030496689451940807,0.0025520274258725296
MLP,480,151,0.15020965,0,0.0,True,0.0010874544269047516,-0.00033603194389630463
MLP,480,151,0.13650706,0,0.0,True,0.0036014648300660237,0.0007752721481751538
MLP,480,151,0.9302251,1,1.0,True,0.02684915092222631,0.027172649913324447
MLP,480,151,0.9624377,1,1.0,True,0.028318123577609634,0.03069788767938405
MLP,480,151,0.19912522,0,0.0,True,-0.001621169300731982,-8.610042571938395e-05
MLP,480,151,0.9342154,1,1.0,True,0.024522786589372514,0.027705408506769825
MLP,480,151,0.17023946,0,0.0,True,-0.0023401506692267,0.0003790466907732104
MLP,480,151,0.24532874,0,0.0,True,0.0022012615475883583,0.0015460706954843128
MLP,480,151,0.92921466,1,1.0,True,0.024186440412161756,0.022610542508762304
MLP,480,151,0.9005175,1,1.0,True,0.026058460939736617,0.026355065014293726
MLP,480,151,0.16204055,0,0.0,True,0.005094495685759591,0.0043461427349031434
MLP,480,151,0.88855857,1,1.0,True,0.027382745120282413,0.025191137296794463
MLP,480,151,0.2405344,0,0.0,True,0.002809667496530874,0.0009099595586296756
MLP,480,151,0.9859161,1,1.0,True,0.014411729002818674,0.021958574811065452
MLP,480,151,0.9564488,1,1.0,True,0.029499771026716318,0.027906001031659168
MLP,480,151,0.34601232,0,0.0,True,-0.00208768086498806,-0.00256469548606526
MLP,480,151,0.9553053,1,1.0,True,0.027783634314405063,0.02795201551350026
MLP,480,151,0.1450535,0,0.0,True,-0.0007592433655550312,0.00016316477279760817
MLP,480,151,0.12735973,0,0.0,True,-0.00424508368441598,-0.0038707304027746307
MLP,480,151,0.21068244,0,0.0,True,0.0021300806206261606,0.0018537031869441428
MLP,480,151,0.11404624,0,0.0,True,-0.0026705176228843867,-1.7453817341693256e-05
MLP,480,151,0.13154393,0,0.0,True,0.003036536195962679,-0.001301149201397628
MLP,480,151,0.13229154,0,0.0,True,0.002727986565017002,-0.000451721956560995
MLP,480,151,0.12461984,0,0.0,True,0.0011875911443529367,0.000470149507328037
MLP,480,151,0.9826555,1,1.0,True,0.018419654600632333,0.021917056737283974
MLP,480,151,0.13326165,0,0.0,True,0.0022442123681548267,0.0012886986602517608
MLP,480,151,0.19927303,0,0.0,True,0.0015766304214824265,0.0003158163928930587
MLP,480,151,0.17089352,0,0.0,True,0.00016752385747767148,-0.00011984520337313606
MLP,480,151,0.1660087,0,0.0,True,-0.0002961684191672863,0.00040448837337214613
MLP,480,151,0.6633292,1,1.0,True,0.031814916927941105,0.027995883603146286
MLP,480,151,0.25081837,0,0.0,True,0.0025398834725831572,0.0021114750651856254
MLP,480,151,0.8262341,1,1.0,True,0.022125099967315705,0.02384663984842373
MLP,480,151,0.90131074,1,1.0,True,0.023300339781433206,0.02356016331628823
MLP,480,151,0.43114275,0,0.0,True,-0.001671687810150985,-0.0009333214945460829
MLP,480,151,0.20873976,0,0.0,True,0.00044928898979232037,-0.0012134323058334516
MLP,480,151,0.98387134,1,1.0,True,0.037298155229641576,0.030705964352838573
MLP,480,151,0.90569925,1,1.0,True,0.022517919955575224,0.02621071744829896
MLP,480,151,0.9971155,1,1.0,True,0.022328849331974293,0.02088919720747749
MLP,480,151,0.8999396,1,1.0,True,0.02777877249088877,0.026937473832789917
MLP,480,151,0.17490852,0,0.0,True,0.0005296715937086573,-0.0003576559509314108
MLP,480,151,0.63390106,1,1.0,True,0.01934546751807006,0.022143029944982493
MLP,480,151,0.20672423,0,0.0,True,-0.0009897859589038701,-0.0025106201080861627
MLP,480,151,0.93468386,1,1.0,True,0.027633628873275647,0.02729250758821244
MLP,480,151,0.9258407,1,1.0,True,0.016603528353959087,0.019157750817530936
MLP,480,151,0.12907413,0,0.0,True,0.0012953943562660465,2.140447272331215e-05
MLP,480,151,0.87430406,1,1.0,True,0.02304379472117744,0.026126195862661093
MLP,480,151,0.20490402,0,0.0,True,-0.0009455216114028022,-0.0002148613134847215
MLP,480,151,0.262455,0,0.0,True,-0.0010798536747428516,-0.0003190753908338718
MLP,480,151,0.96776676,1,1.0,True,0.02684458787574756,0.02615533215422138
MLP,480,151,0.21454701,0,0.0,True,0.0021693122715672054,0.0025380688202484643
MLP,480,151,0.9129036,1,1.0,True,0.03359203253679793,0.03005264791729917
MLP,480,151,0.9623072,1,1.0,True,0.030006916918858716,0.029377377606636848
MLP,480,151,0.88533056,1,1.0,True,0.02585643528861275,0.026402020800814982
MLP,480,151,0.9706489,1,1.0,True,0.026452701929243434,0.025774970776715915
MLP,480,151,0.23614013,0,0.0,True,-0.0013244114410609679,-0.0008686591617319755
MLP,480,151,0.90030617,1,1.0,True,0.031138410612754762,0.02811027141806348
MLP,480,151,0.1693962,0,0.0,True,0.00020999293810516117,0.0003535436143965496
MLP,480,151,0.15431696,0,0.0,True,-0.0010318566578795833,-0.0009762643740425311
MLP,480,151,0.9861012,1,1.0,True,0.016108402834869834,0.021889628014824337
MLP,480,151,0.9968641,1,1.0,True,0.013372408444095086,0.020014064298546505
MLP,480,151,0.9738777,1,1.0,True,0.020879805405345387,0.024054133393836802
MLP,480,151,0.28562433,0,0.0,True,-0.001132863089325605,-0.0005242279532606576
MLP,480,151,0.97434163,1,1.0,True,0.01900869109643667,0.018564228944839348
MLP,480,151,0.13996632,0,0.0,True,-0.003629847152241812,-0.00041605513102088167
MLP,480,151,0.9580366,1,1.0,True,0.02815717122885855,0.024516332688174967
MLP,480,151,0.17919293,0,0.0,True,0.0006045174503427455,-0.0008187149804594283
MLP,480,151,0.73309696,1,1.0,True,0.027913850273548837,0.027642672358182338
MLP,480,151,0.14379245,0,0.0,True,-0.00013578472213282488,-0.000931924063923718
MLP,480,151,0.87212884,1,1.0,True,0.023408323978562667,0.02538311178820783
MLP,480,151,0.82025295,1,1.0,True,0.03288363642470895,0.02920012334306223
MLP,480,151,0.14654277,0,0.0,True,-0.003723106981833275,-0.002377297954495081
MLP,480,151,0.17022797,0,0.0,True,0.0008843837921963156,0.001660253623219016
MLP,480,151,0.18174793,0,0.0,True,0.0019107030804251096,-1.622620423216633e-05
MLP,480,151,0.91639555,1,1.0,True,0.025792045916104667,0.02693395128405504
MLP,480,151,0.18734905,0,0.0,True,0.0036850095757791903,0.0016076785459682337
MLP,480,151,0.14028513,0,0.0,True,0.0003797769125657491,0.0005411685910258808
MLP,480,151,0.9941823,1,1.0,True,0.03260920229921619,0.028445225081997236
MLP,480,151,0.9308647,1,1.0,True,0.02481013255395345,0.02226663575381463
MLP,480,151,0.97551155,1,1.0,True,0.029198697756290994,0.02508022764186365
MLP,480,153,0.1631118,0,0.0,True,-0.003121733435209097,-0.00014267619095904675
MLP,480,153,0.9654856,1,1.0,True,0.02916594062272564,0.027006011641272514
MLP,480,153,0.9945792,1,1.0,True,0.0283130163639353,0.029671684827305398
MLP,480,153,0.13390806,0,0.0,True,0.0003104999892537734,0.0001020637336244841
MLP,480,153,0.16101891,0,0.0,True,0.0011790562814422154,-0.0015932346661137965
MLP,480,153,0.9813472,1,1.0,True,0.03406611734180879,0.031327011189122296
MLP,480,153,0.79861027,1,1.0,True,0.027441927940023248,0.025280766593986127
MLP,480,153,0.9083986,1,1.0,True,0.027194963587058953,0.024667056450294444
MLP,480,153,0.22470418,0,0.0,True,0.004609124499474207,0.002053842709669498
MLP,480,153,0.18105955,0,0.0,True,-0.0029440272904567044,-0.0014624024654789614
MLP,480,153,0.96925944,1,1.0,True,0.019368777355093,0.022671077258645922
MLP,480,153,0.9743448,1,1.0,True,0.027694875440860436,0.024658410055982835
MLP,480,153,0.9920427,1,1.0,True,0.029979784840221624,0.028621915941265366
MLP,480,153,0.92740303,1,1.0,True,0.020392883034395255,0.022082176072096345
MLP,480,153,0.9359415,1,1.0,True,0.017318990048721238,0.02604062154781375
MLP,480,153,0.15968783,0,0.0,True,0.00013521684135242904,0.00021814078171400998
MLP,480,153,0.91349477,1,1.0,True,0.0281221717731448,0.02864333114091824
MLP,480,153,0.15907834,0,0.0,True,0.007204587712636718,0.005574511237664798
MLP,480,153,0.13209933,0,0.0,True,0.0004577104013880724,0.000832588697529992
MLP,480,153,0.9408908,1,1.0,True,0.022911746634467666,0.024729229487191366
MLP,480,153,0.77329826,1,1.0,True,0.029861331400394844,0.0248946559165205
MLP,480,153,0.9424989,1,1.0,True,0.024342624820685315,0.02426331282080916
MLP,480,153,0.19250269,0,0.0,True,-0.0021334728203773468,-0.0010863664426888203
MLP,480,153,0.9487395,1,1.0,True,0.02566678050802657,0.02497867788574191
MLP,480,153,0.2631027,0,0.0,True,0.0007860537666531046,0.00039522877006062905
MLP,480,153,0.15860501,0,0.0,True,-0.0030710735309330177,-0.0016288159763795937
MLP,480,153,0.86805975,1,1.0,True,0.027594454375883183,0.02293122112824534
MLP,480,153,0.14966704,0,0.0,True,-0.0005227519261771118,-0.003070319272219729
MLP,480,153,0.15931374,0,0.0,True,0.0015940986398234936,-0.0019746642353259806
MLP,480,153,0.24320276,0,0.0,True,-0.0001845390013238269,0.0005119110665816715
MLP,480,153,0.9501028,1,1.0,True,0.023679779108623285,0.02435681619854371
MLP,480,153,0.86790514,1,1.0,True,0.03224410095403952,0.029338130196845322
MLP,480,153,0.9593718,1,1.0,True,0.031769635449229755,0.03251608333515036
MLP,480,153,0.15718271,0,0.0,True,-0.001017792212126066,0.0012059735609514248
MLP,480,153,0.21793306,0,0.0,True,-0.001083254902960293,0.0007007819075983842
MLP,480,153,0.28625304,0,0.0,True,-0.0012480042153224637,0.0009756773699002797
MLP,480,153,0.15521283,0,0.0,True,0.00059981040299478,0.0006091118259968127
MLP,480,153,0.2536188,0,0.0,True,0.002522493406485927,0.0020505647281543592
MLP,480,153,0.9575548,1,1.0,True,0.03395172047417836,0.029715468213691337
MLP,480,153,0.98848385,1,1.0,True,0.03140817706187365,0.02665062801439372
MLP,480,153,0.66864824,1,1.0,True,0.030847088340447543,0.025576089363087067
MLP,480,153,0.13579042,0,0.0,True,-0.0026770228384658382,-0.0011950200526454856
MLP,480,153,0.2979897,0,0.0,True,0.0005446826461644275,0.001306986581795221
MLP,480,153,0.48772275,0,0.0,True,-0.0023233069939811936,0.0011486382050284758
MLP,480,153,0.99747026,1,1.0,True,0.027165990072939388,0.024538486749656394
MLP,480,153,0.14779365,0,0.0,True,-0.00022774211814126938,-0.0003803917325929963
MLP,480,153,0.95334995,1,1.0,True,0.0251431205366662,0.024084548413285695
MLP,480,153,0.9515914,1,1.0,True,0.03215419361132581,0.03231077918954085
MLP,480,153,0.18081278,0,0.0,True,-0.005197905656626548,-0.0031568037955367295
MLP,480,153,0.17105682,0,0.0,True,-0.0023052655292336833,-0.0004921086750285351
MLP,480,153,0.13613948,0,0.0,True,0.0015721776994878094,0.002192469895031326
MLP,480,153,0.9599694,1,1.0,True,0.028883610638123357,0.029545250051114625
MLP,480,153,0.963323,1,1.0,True,0.029784650040235495,0.026831694675536366
MLP,480,153,0.98052853,1,1.0,True,0.02963636602664451,0.030368294543840244
MLP,480,153,0.25913608,0,0.0,True,-0.0035166746289175886,-0.0016786326533724174
MLP,480,153,0.50505555,1,0.0,False,0.002129303509496058,2.5034879343322244e-06
MLP,480,153,0.1440757,0,0.0,True,0.0013830064823417384,-0.0007489545834674954
MLP,480,153,0.9620387,1,1.0,True,0.028834624451847028,0.027688828403915185
MLP,480,153,0.8494101,1,1.0,True,0.03046955442582,0.029643746687455307
MLP,480,153,0.95232606,1,1.0,True,0.028404432935879267,0.027358337267905184
MLP,480,153,0.31117532,0,0.0,True,0.0015643598784960372,0.0011786834475090914
MLP,480,153,0.13863347,0,0.0,True,0.0014088369955143137,0.0011668057621700746
MLP,480,153,0.2674247,0,0.0,True,-0.0032644266206872242,-0.001778888837729504
MLP,480,153,0.9682396,1,1.0,True,0.0293265010303677,0.028791453525852096
MLP,480,153,0.20291822,0,0.0,True,0.0038990740470849668,0.0008983965723060126
MLP,480,153,0.9929854,1,1.0,True,0.02799983826282762,0.02766795082312169
MLP,480,153,0.94031346,1,1.0,True,0.027910207609836875,0.0249304122169359
MLP,480,153,0.95588195,1,1.0,True,0.020589642488885684,0.02352393617808443
MLP,480,153,0.22425833,0,0.0,True,-0.0014602581312321758,-0.0012039711359606653
MLP,480,153,0.13598496,0,0.0,True,-0.0008120960624777269,-0.0009004401429569599
MLP,480,153,0.6675596,1,1.0,True,0.03164117643474382,0.030903355631160173
MLP,480,153,0.13768256,0,0.0,True,0.0041728972404309,0.0025575930951996528
MLP,480,153,0.87813824,1,1.0,True,0.024397681620843287,0.0233611038090675
MLP,480,153,0.17714116,0,0.0,True,-0.00020124813637571027,-0.0003107135443249466
MLP,480,153,0.96043223,1,1.0,True,0.030019093128636782,0.030773197867566018
MLP,480,153,0.109532595,0,0.0,True,0.00041595951646490755,-0.00014971260213159212
MLP,480,153,0.18473022,0,0.0,True,-0.0006714442655064307,0.0009691371722027367
MLP,480,153,0.9812469,1,1.0,True,0.018917544629780497,0.022386451871870217
MLP,480,153,0.9859211,1,1.0,True,0.02536318911631349,0.02602512677942105
MLP,480,153,0.95366204,1,1.0,True,0.020358131650399954,0.02366851654950561
MLP,480,153,0.26820543,0,0.0,True,0.0006651380580060163,0.00163656205826738
MLP,480,153,0.3132185,0,0.0,True,-0.0011609967638525423,-0.0019111168774588745
MLP,480,153,0.9493293,1,1.0,True,0.022823547175122198,0.026087064349832153
MLP,480,153,0.16687347,0,0.0,True,0.0007881026860732923,-0.00022988943545549796
MLP,480,153,0.25960392,0,0.0,True,0.0030117782527669837,0.003015138309286611
MLP,480,153,0.9861101,1,1.0,True,0.028678697027224295,0.02713771849590251
MLP,480,153,0.19022276,0,0.0,True,0.003165254420578661,0.0031859666777724555
MLP,480,153,0.8391306,1,1.0,True,0.032927462532337595,0.027077468966636924
MLP,480,153,0.1179205,0,0.0,True,-0.000978432252073474,0.00017876578544254534
MLP,480,153,0.23171234,0,0.0,True,-0.0006415247588884213,-0.0016437146719219175
MLP,480,153,0.584466,1,1.0,True,0.02397118193373775,0.02193700050025975
MLP,480,153,0.9860576,1,1.0,True,0.028482627434599117,0.022656654238808457
MLP,480,153,0.9101269,1,1.0,True,0.025446252967617607,0.024506754304584523
MLP,480,153,0.7878193,1,1.0,True,0.029738992737352227,0.030637154871840374
MLP,480,153,0.1326122,0,0.0,True,0.0017341065734492048,-0.0004060435597106304
MLP,480,153,0.15749632,0,0.0,True,-0.0019148597212417622,-9.249419133868426e-05
MLP,480,153,0.14703645,0,0.0,True,-0.0020013477362163137,-0.0009061207083215241
MLP,480,153,0.32817826,0,0.0,True,0.0007729713207028942,-0.0006631680527086106
MLP,480,153,0.32426205,0,0.0,True,0.00011285215641920257,0.000909646426233432
MLP,480,153,0.19725356,0,0.0,True,-0.002592324732870206,-0.001110396457637141
MLP,480,155,0.99679476,1,1.0,True,0.024215469307039644,0.0253112812871366
MLP,480,155,0.96124077,1,1.0,True,0.02835764988929398,0.025391813959680737
MLP,480,155,0.19226025,0,0.0,True,-0.00037085295861567444,-0.0016818268623817792
MLP,480,155,0.9040288,1,1.0,True,0.029673210238753713,0.03082245407483037
MLP,480,155,0.174448,0,0.0,True,-0.0017958230865526778,-0.0034522333957814314
MLP,480,155,0.11964885,0,0.0,True,-0.0015942385351634298,0.0008118182055044529
MLP,480,155,0.99490803,1,1.0,True,0.026527078133832024,0.028514316198415476
MLP,480,155,0.6230923,1,0.0,False,-0.0027885476028050777,-0.0005362201090266242
MLP,480,155,0.12310643,0,0.0,True,-0.0018673925145870247,-0.001826089689071779
MLP,480,155,0.16637032,0,0.0,True,-0.0018603469204667945,-7.25932404514532e-05
MLP,480,155,0.2027632,0,0.0,True,0.0014975829688328285,0.00032331908208101665
MLP,480,155,0.17539138,0,0.0,True,0.0013478421507742222,0.001209942568964963
MLP,480,155,0.9798876,1,1.0,True,0.01894369358499381,0.02405570187122962
MLP,480,155,0.98775524,1,1.0,True,0.026724650671273303,0.02782851217419821
MLP,480,155,0.9641216,1,1.0,True,0.028530111797973344,0.025625029381561755
MLP,480,155,0.9425792,1,1.0,True,0.02643329271755518,0.028842783385021036
MLP,480,155,0.8905266,1,1.0,True,0.03742171763069987,0.029876590113896755
MLP,480,155,0.15240896,0,0.0,True,-0.00041866843959401334,0.00048644355243957296
MLP,480,155,0.93030566,1,1.0,True,0.02071861652174346,0.021257956093884305
MLP,480,155,0.13596867,0,0.0,True,0.00034652365568341116,0.0020443953554009865
MLP,480,155,0.9762664,1,1.0,True,0.027367895195833082,0.029146159330873684
MLP,480,155,0.98982435,1,1.0,True,0.03468157841192158,0.033424701240242764
MLP,480,155,0.9752534,1,1.0,True,0.035551210616472734,0.02804078453588004
MLP,480,155,0.15611361,0,0.0,True,0.0005416558869190105,0.0012130520521250626
MLP,480,155,0.9976488,1,1.0,True,0.026485529989745935,0.027662851364439023
MLP,480,155,0.174064,0,0.0,True,0.0019286873593141818,0.001551890638597717
MLP,480,155,0.15238975,0,0.0,True,0.000998876926980257,-0.0010769340534830627
MLP,480,155,0.13305877,0,0.0,True,0.0003281832682772469,-0.0009992446019629804
MLP,480,155,0.34151804,0,0.0,True,-0.0003132668054605966,0.00103608804825867
MLP,480,155,0.9724229,1,1.0,True,0.023054851176910904,0.026491825305798297
MLP,480,155,0.9808827,1,1.0,True,0.031787944107364824,0.028556799339874636
MLP,480,155,0.97317964,1,1.0,True,0.02254020689789808,0.02183650553674171
MLP,480,155,0.81527746,1,1.0,True,0.021063973200327397,0.02271839591094336
MLP,480,155,0.22657137,0,0.0,True,-0.0008832763801563654,-0.0018421808068178976
MLP,480,155,0.83137196,1,1.0,True,0.02051692466681946,0.022362251422797727
MLP,480,155,0.9901967,1,1.0,True,0.023538401320687626,0.024438167408378845
MLP,480,155,0.96558136,1,1.0,True,0.027600497175635577,0.026959297614438382
MLP,480,155,0.34803826,0,0.0,True,0.001643112431494182,0.0011092869268191229
MLP,480,155,0.960536,1,1.0,True,0.023727531652793992,0.025148220452899765
MLP,480,155,0.9740452,1,1.0,True,0.01780823559254937,0.023301075295727506
MLP,480,155,0.9977533,1,1.0,True,0.027127430759437753,0.025122194220197958
MLP,480,155,0.15028617,0,0.0,True,0.0004834354203571478,0.001054443969208461
MLP,480,155,0.9802193,1,1.0,True,0.03277505364175238,0.029452388170014457
MLP,480,155,0.6814232,1,1.0,True,0.030507867985369072,0.03288269727610986
MLP,480,155,0.99876213,1,1.0,True,0.027162227503747728,0.02936741003339469
MLP,480,155,0.9852798,1,1.0,True,0.027389951364982984,0.026796385462107674
MLP,480,155,0.9768515,1,1.0,True,0.024717275089113065,0.025231027665917515
MLP,480,155,0.22996525,0,0.0,True,-0.0024071501282304196,-0.0019874768668152374
MLP,480,155,0.977769,1,1.0,True,0.027233858335583613,0.027918965489182337
MLP,480,155,0.18617743,0,0.0,True,0.0049751469245942126,0.004775896960164571
MLP,480,155,0.9441861,1,1.0,True,0.02859229019231714,0.025296781625619685
MLP,480,155,0.9670793,1,1.0,True,0.025992304875339604,0.029232365723383103
MLP,480,155,0.19026619,0,0.0,True,-0.002799417821061581,-0.0019363480876807527
MLP,480,155,0.8456718,1,1.0,True,0.02688505574479179,0.024866668787974333
MLP,480,155,0.9910048,1,1.0,True,0.027076421807249094,0.023896225528312345
MLP,480,155,0.23678471,0,0.0,True,0.0020518718708287835,-7.504954482956184e-05
MLP,480,155,0.9904039,1,1.0,True,0.03217222541668869,0.02765996082971327
MLP,480,155,0.15589459,0,0.0,True,0.0011119406729408975,0.002088074944546751
MLP,480,155,0.19653982,0,0.0,True,0.000792804275424829,0.0020437091995376745
MLP,480,155,0.12458718,0,0.0,True,-0.004352402528624237,-0.001909563922333333
MLP,480,155,0.12814052,0,0.0,True,-0.003037033698624932,-0.0019170502400873393
MLP,480,155,0.9178844,1,1.0,True,0.033965699421553947,0.03231540863322648
MLP,480,155,0.99687386,1,1.0,True,0.018483437180451676,0.02505942598530859
MLP,480,155,0.1196442,0,0.0,True,-0.0025757442069338607,-0.00041010670678815945
MLP,480,155,0.18202579,0,0.0,True,0.0037925318019120507,-0.0007837370240218371
MLP,480,155,0.98759764,1,1.0,True,0.030392205810739634,0.028713073164021233
MLP,480,155,0.9163177,1,1.0,True,0.02477829217081123,0.024778242386899796
MLP,480,155,0.87517613,1,1.0,True,0.03248074727537353,0.031248015984266762
MLP,480,155,0.979965,1,1.0,True,0.034846641228035116,0.03235773075794121
MLP,480,155,0.9905906,1,1.0,True,0.025417092554063152,0.028673807315974277
MLP,480,155,0.25079295,0,0.0,True,0.00020290627069978156,0.0009567054328584601
MLP,480,155,0.92011786,1,1.0,True,0.03236152896946258,0.02839008864615827
MLP,480,155,0.92063874,1,1.0,True,0.037893414225145264,0.03231994684160936
MLP,480,155,0.929319,1,1.0,True,0.025755960994742942,0.027412730042985826
MLP,480,155,0.18273805,0,0.0,True,-0.0024705191587470914,-0.0011060295374016136
MLP,480,155,0.14550942,0,0.0,True,-0.0004443319384253614,0.0006043872664748587
MLP,480,155,0.17596364,0,0.0,True,0.00024609675940917943,0.0013830484963286897
MLP,480,155,0.112098515,0,0.0,True,-0.0014027608610809395,-0.0020307754475737483
MLP,480,155,0.19204079,0,0.0,True,7.446765128108377e-05,-0.0019676743007032206
MLP,480,155,0.12743162,0,0.0,True,0.001802626952977864,0.0016345014993579183
MLP,480,155,0.8751414,1,1.0,True,0.024216844512726255,0.020280226361175945
MLP,480,155,0.124664135,0,0.0,True,0.001394754858632139,0.0009216233052479518
MLP,480,155,0.1512643,0,0.0,True,0.0009741702880895446,-0.0007968573521952038
MLP,480,155,0.89343005,1,1.0,True,0.02727901087500207,0.02774701290781992
MLP,480,155,0.9571134,1,1.0,True,0.020452573784316936,0.025222319048296762
MLP,480,155,0.1310347,0,0.0,True,0.0001805086425028153,0.0008208059693752269
MLP,480,155,0.15381168,0,0.0,True,0.0002255290421698278,0.00023051372498268487
MLP,480,155,0.16917941,0,0.0,True,0.0036348996822394603,0.0004210919551280946
MLP,480,155,0.9673141,1,1.0,True,0.024169013286232326,0.025077801221951676
MLP,480,155,0.96655947,1,1.0,True,0.03680225593216379,0.03387624088464628
MLP,480,155,0.9472612,1,1.0,True,0.024390665000909983,0.024736980400870464
MLP,480,155,0.9676183,1,1.0,True,0.02780730540826072,0.02686963118875609
MLP,480,155,0.754491,1,1.0,True,0.025215705867550283,0.025820986395300654
MLP,480,155,0.27013946,0,0.0,True,-0.00041840316815446857,0.0013356978157411372
MLP,480,155,0.9831792,1,1.0,True,0.02601234745457992,0.026512938032933173
MLP,480,155,0.17379746,0,0.0,True,-0.0005090775127423895,0.0002740255878593385
MLP,480,155,0.21829458,0,0.0,True,-0.0006877932470717458,-0.0010891689561183546
MLP,480,155,0.19966823,0,0.0,True,0.001943516455212775,0.0003301348160096561
MLP,480,155,0.14785479,0,0.0,True,-0.0041842717047850956,-0.0044107013419377415
MLP,480,155,0.91133153,1,1.0,True,0.024325747219526572,0.024127174489147474
MLP,480,156,0.9952213,1,1.0,True,0.02770957444816175,0.030547476435030727
MLP,480,156,0.15524478,0,0.0,True,-0.0017684035942920808,-0.0004120228214450849
MLP,480,156,0.17946123,0,0.0,True,0.0009129220259950122,-0.00048369778024936084
MLP,480,156,0.9495067,1,1.0,True,0.033236910917500806,0.030350195119880543
MLP,480,156,0.98396957,1,1.0,True,0.025399134277831855,0.029143535215551866
MLP,480,156,0.92925745,1,1.0,True,0.02755441897418847,0.029402580581435366
MLP,480,156,0.31284547,0,0.0,True,-0.0006615116962621858,0.0012404041899321397
MLP,480,156,0.18218032,0,0.0,True,-0.0021772511730833812,0.0008198847507078112
MLP,480,156,0.16459092,0,0.0,True,-0.00038697594661818457,-0.000626201354267462
MLP,480,156,0.16080296,0,0.0,True,0.005237596354401688,0.0027004857114343
MLP,480,156,0.9881715,1,1.0,True,0.024300109272204724,0.02827421635303144
MLP,480,156,0.1694315,0,0.0,True,0.0021869628791275604,0.0012621065027938825
MLP,480,156,0.90768963,1,1.0,True,0.028265790547052562,0.030691235162225553
MLP,480,156,0.9916215,1,1.0,True,0.027120960894180653,0.025943213287835356
MLP,480,156,0.7228578,1,1.0,True,0.02866796718914838,0.029994811745727015
MLP,480,156,0.99174255,1,1.0,True,0.02501231249837155,0.022766327877696023
MLP,480,156,0.97519046,1,1.0,True,0.022511964273551305,0.02640180093687239
MLP,480,156,0.11859329,0,0.0,True,-0.0005915146282964762,-0.0012843977338228732
MLP,480,156,0.22835086,0,0.0,True,-0.0017074730130268957,-0.00014172917205243442
MLP,480,156,0.19528657,0,0.0,True,-0.0005324993018196967,-0.002165708485369716
MLP,480,156,0.13694753,0,0.0,True,0.0013713696802040744,0.0021389927991807235
MLP,480,156,0.11811262,0,0.0,True,-0.0026834164740224035,-1.7397176827121718e-05
MLP,480,156,0.15217417,0,0.0,True,0.004244763856568267,0.0027599651982155
MLP,480,156,0.13855481,0,0.0,True,0.0009740711177605086,0.0021289081305005844
MLP,480,156,0.12975548,0,0.0,True,-0.0003406552455328533,0.0005688569551882501
MLP,480,156,0.9442754,1,1.0,True,0.028867100159164643,0.026675314690706428
MLP,480,156,0.95692366,1,1.0,True,0.025677611727637065,0.02586497856439867
MLP,480,156,0.83936423,1,1.0,True,0.017605168256757373,0.022885770264506732
MLP,480,156,0.9951316,1,1.0,True,0.0331904815377911,0.03278938351776947
MLP,480,156,0.29248708,0,0.0,True,0.0035223745861897083,0.0015367164945277287
MLP,480,156,0.15853038,0,0.0,True,0.00037366881153442393,-0.00018752490080026162
MLP,480,156,0.8652365,1,1.0,True,0.03198073178402115,0.032803661831203874
MLP,480,156,0.15688938,0,0.0,True,-0.0020724931971866385,-9.364181290953524e-05
MLP,480,156,0.13634752,0,0.0,True,0.005314847497072479,0.0017589326914287616
MLP,480,156,0.9631856,1,1.0,True,0.031157864427941225,0.031172906028271823
MLP,480,156,0.16420361,0,0.0,True,0.004424579433408501,0.00045857934356048543
MLP,480,156,0.14561146,0,0.0,True,-0.0014790948163567676,-0.0019595475439897975
MLP,480,156,0.99782664,1,1.0,True,0.02070701090467895,0.02756686817238825
MLP,480,156,0.32957274,0,0.0,True,0.00052158180790007,-3.3979296390676317e-07
MLP,480,156,0.14215615,0,0.0,True,0.0010941968411971937,0.0008950481046042102
MLP,480,156,0.79622704,1,1.0,True,0.02986605592753037,0.03363409808378045
MLP,480,156,0.19448036,0,0.0,True,-0.005163674175660263,-0.0009064442203865165
MLP,480,156,0.80700725,1,1.0,True,0.0289333792292056,0.027173677201688128
MLP,480,156,0.9529384,1,1.0,True,0.03210946383679167,0.031737205407666925
MLP,480,156,0.21978477,0,0.0,True,0.0023325334668963782,0.0007283850800070042
MLP,480,156,0.12758727,0,0.0,True,-0.0015501385048051466,-0.00018018671133318022
MLP,480,156,0.22333935,0,0.0,True,-0.0019189291979800416,-0.00245646755128873
MLP,480,156,0.9355649,1,1.0,True,0.03564239848290111,0.030606192352131262
MLP,480,156,0.9856942,1,1.0,True,0.030697378216053017,0.028321658759696652
MLP,480,156,0.660478,1,1.0,True,0.027553842578795024,0.02536605314189566
MLP,480,156,0.9409802,1,1.0,True,0.022938050780953033,0.023028138087460317
MLP,480,156,0.16813682,0,0.0,True,-0.0013963604762088268,-0.0008008810031364605
MLP,480,156,0.9570513,1,1.0,True,0.03366915088543573,0.033547416185487615
MLP,480,156,0.9965036,1,1.0,True,0.02848319660319651,0.02808128017855389
MLP,480,156,0.17981185,0,0.0,True,0.0006738294969972869,0.0002524101838620794
MLP,480,156,0.1480892,0,0.0,True,4.186072425891346e-05,-0.0005635925071313214
MLP,480,156,0.93478495,1,1.0,True,0.03577387602920086,0.028993445581507567
MLP,480,156,0.16261455,0,0.0,True,-0.0024823573234519724,-0.0015968547131327232
MLP,480,156,0.98937947,1,1.0,True,0.035707571845768206,0.03342019271844378
MLP,480,156,0.17012982,0,0.0,True,0.0007813710545048182,0.00025075189487013216
MLP,480,156,0.83828455,1,1.0,True,0.027408419887909447,0.026840721024504494
MLP,480,156,0.98076296,1,1.0,True,0.027804754734422142,0.030183768542219103
MLP,480,156,0.96520853,1,1.0,True,0.030475637329463064,0.02643618460567383
MLP,480,156,0.14411615,0,0.0,True,0.0024559165535531983,0.0007168480170476213
MLP,480,156,0.8640476,1,1.0,True,0.02894749137966604,0.026535612006678377
MLP,480,156,0.9976434,1,1.0,True,0.02765138030270148,0.023349094585634146
MLP,480,156,0.17580843,0,0.0,True,0.0011039950308334118,-0.001263634096170255
MLP,480,156,0.95369536,1,1.0,True,0.02478575648270088,0.024885058193150806
MLP,480,156,0.98936135,1,1.0,True,0.024486342824473685,0.02569224308511198
MLP,480,156,0.1708113,0,0.0,True,8.16736739657736e-05,-0.0012156906607984294
MLP,480,156,0.9947968,1,1.0,True,0.027512813443213692,0.03203438305238596
MLP,480,156,0.29947427,0,0.0,True,-0.0015311064824771196,-0.0008051556015611699
MLP,480,156,0.12645437,0,0.0,True,-0.0008086390825693375,0.0008061203765030067
MLP,480,156,0.9886119,1,1.0,True,0.028432051575856602,0.02354156232186625
MLP,480,156,0.26384568,0,0.0,True,0.00012145192507189006,-0.0008668307519034568
MLP,480,156,0.9688653,1,1.0,True,0.026638864448623407,0.025741707354605983
MLP,480,156,0.21678911,0,0.0,True,0.0029799049265254117,0.0030740216059595795
MLP,480,156,0.99707043,1,1.0,True,0.03432332953549701,0.0326485034321973
MLP,480,156,0.26574534,0,0.0,True,-0.0024750498753982166,-0.0008715822855072958
MLP,480,156,0.98596513,1,1.0,True,0.01866583259870041,0.020753157818822494
MLP,480,156,0.35540396,0,0.0,True,-0.0023299533181580295,-0.0017533838102519494
MLP,480,156,0.32670653,0,0.0,True,0.0006705991118270257,0.0006020069369072458
MLP,480,156,0.9532002,1,1.0,True,0.02688194647899873,0.027932524963810323
MLP,480,156,0.96654683,1,1.0,True,0.02427075043486043,0.024742084940183092
MLP,480,156,0.16928723,0,0.0,True,-0.002335153821453212,-0.001693013875032051
MLP,480,156,0.98836076,1,1.0,True,0.039239718388973895,0.03460466861072043
MLP,480,156,0.9536084,1,1.0,True,0.026149057510017344,0.029216451108032768
MLP,480,156,0.9944536,1,1.0,True,0.024590908807474148,0.024255049922690123
MLP,480,156,0.9650854,1,1.0,True,0.025435753978011313,0.031041262507744576
MLP,480,156,0.32484722,0,0.0,True,0.00012693576235550807,-0.0009743832985495797
MLP,480,156,0.31559438,0,0.0,True,3.6042050403553454e-05,-0.001322440490686702
MLP,480,156,0.20463273,0,0.0,True,0.001528268577063531,0.0021437403953586467
MLP,480,156,0.18513812,0,0.0,True,0.0023054964231897066,-0.000426325160311502
MLP,480,156,0.23682709,0,0.0,True,0.002043268786577521,0.00019506896010709586
MLP,480,156,0.12856011,0,0.0,True,0.0029113447554561266,0.0019916304699594675
MLP,480,156,0.97144926,1,1.0,True,0.03264108061055137,0.03238680838919976
MLP,480,156,0.98990345,1,1.0,True,0.026413627627034572,0.02836603595102365
MLP,480,156,0.68988454,1,0.0,False,4.4518381200278784e-05,0.0006147872339547774
MLP,480,156,0.28544202,0,0.0,True,0.003696940785712486,0.0008446573586912881
MLP,480,156,0.17914768,0,0.0,True,3.5121521353549116e-05,0.00023968545691245934
MLP,480,158,0.910743,1,1.0,True,0.038691455148396274,0.03350223382969948
MLP,480,158,0.9984668,1,1.0,True,0.02967945622676502,0.03293638465873886
MLP,480,158,0.12936084,0,0.0,True,0.0013371746454896658,-0.000850959968517898
MLP,480,158,0.15822272,0,0.0,True,-0.0008369404458083853,-0.0004198436233537785
MLP,480,158,0.20472287,0,0.0,True,-0.00023522707447704765,0.0006134613212614827
MLP,480,158,0.117207825,0,0.0,True,-0.0005593613310894452,-0.0004424298252772406
MLP,480,158,0.1597202,0,0.0,True,0.001452542881234768,-0.0009318747103692261
MLP,480,158,0.1908093,0,0.0,True,0.000975201239322434,0.000575948844599366
MLP,480,158,0.9680342,1,1.0,True,0.0299571590644251,0.03018466325977794
MLP,480,158,0.9821907,1,1.0,True,0.023512313757294113,0.030964091117985735
MLP,480,158,0.13980645,0,0.0,True,-0.0028010945718985303,-0.0010929434853194113
MLP,480,158,0.9914916,1,1.0,True,0.029736643078227726,0.028421912459032594
MLP,480,158,0.16136982,0,0.0,True,0.0002883523727753025,-0.0011571492843345885
MLP,480,158,0.9984641,1,1.0,True,0.027435416278463128,0.027970465412898934
MLP,480,158,0.2540153,0,0.0,True,-0.0002582128319874752,-0.0001018307047956937
MLP,480,158,0.9738023,1,1.0,True,0.025085579985023056,0.02969349689477494
MLP,480,158,0.9970488,1,1.0,True,0.023712430158988242,0.020537039299372284
MLP,480,158,0.1688631,0,0.0,True,-0.0022855078695220854,-0.002109057565532475
MLP,480,158,0.9980641,1,1.0,True,0.0361084740583489,0.03452675737382655
MLP,480,158,0.17369308,0,0.0,True,-0.0012040531718890753,-0.0026469201956856253
MLP,480,158,0.23010974,0,0.0,True,-0.0015100794714686457,0.00012529226151987527
MLP,480,158,0.9962914,1,1.0,True,0.027472699994645734,0.028776642645006
MLP,480,158,0.9853704,1,1.0,True,0.03033930391596532,0.0283465273649584
MLP,480,158,0.25332922,0,0.0,True,-0.0004944811721350897,-0.0002690630762050962
MLP,480,158,0.16955848,0,0.0,True,-0.0013137955275027233,-0.001763628502774336
MLP,480,158,0.97804433,1,1.0,True,0.03283479746988103,0.03023529153143879
MLP,480,158,0.996314,1,1.0,True,0.01791799472205335,0.021433074969140518
MLP,480,158,0.9344304,1,1.0,True,0.03270373554142803,0.03202801317531254
MLP,480,158,0.11723255,0,0.0,True,0.006534982638583569,0.003241266314390907
MLP,480,158,0.12876345,0,0.0,True,-0.0023406387907380787,-0.002930651315420645
MLP,480,158,0.86305445,1,1.0,True,0.02849670053243704,0.029280600039777272
MLP,480,158,0.14938453,0,0.0,True,0.0019183098863997583,0.0004961579189772414
MLP,480,158,0.87085706,1,1.0,True,0.029282287474602233,0.029936715446058203
MLP,480,158,0.13388567,0,0.0,True,-0.0012744433793805481,-0.0002481316281583252
MLP,480,158,0.13516082,0,0.0,True,0.0038024118318212285,0.003362646234807543
MLP,480,158,0.97308415,1,1.0,True,0.029566242048461158,0.02819079482549984
MLP,480,158,0.9383419,1,1.0,True,0.028060456435853205,0.026745960483836616
MLP,480,158,0.96806777,1,1.0,True,0.02979233005410498,0.029814844284238872
MLP,480,158,0.13387029,0,0.0,True,-0.0020542427278331184,-0.0005544891762021985
MLP,480,158,0.98387194,1,1.0,True,0.031364943273153124,0.03252033097424932
MLP,480,158,0.1950113,0,0.0,True,0.0012047360312989355,0.00026549869220851433
MLP,480,158,0.369221,0,0.0,True,-0.00312319444348653,-0.0028653140267005267
MLP,480,158,0.96558195,1,1.0,True,0.026461366944053318,0.030067067070926833
MLP,480,158,0.9221073,1,1.0,True,0.027883832038379523,0.026416389099225217
MLP,480,158,0.9949279,1,1.0,True,0.03451268406506079,0.036499190969719604
MLP,480,158,0.79219204,1,1.0,True,0.02851195939233216,0.027136934825271405
MLP,480,158,0.99364704,1,1.0,True,0.030458386193020413,0.029684584712945175
MLP,480,158,0.1365698,0,0.0,True,0.001611481069444317,-0.0005552536894546512
MLP,480,158,0.17845267,0,0.0,True,0.0016345958784962286,0.0007517986639616905
MLP,480,158,0.13758947,0,0.0,True,0.0006069140683444515,0.0015648523858869977
MLP,480,158,0.17070824,0,0.0,True,0.00024063429668513063,-0.0003549685195073156
MLP,480,158,0.90037054,1,1.0,True,0.02718025619397197,0.026708101686015413
MLP,480,158,0.99870586,1,1.0,True,0.03010532775756622,0.026122235698146
MLP,480,158,0.32304797,0,0.0,True,0.0006732253380995208,0.0017196999565325618
MLP,480,158,0.16041031,0,0.0,True,-0.0013577424270417454,-0.002552917754093679
MLP,480,158,0.183019,0,0.0,True,-0.00020335900499528057,0.0010938710668390004
MLP,480,158,0.3681284,0,0.0,True,0.0004118064615598607,-0.0005455694730737593
MLP,480,158,0.15813544,0,0.0,True,-0.0039053660087608154,-0.002564188365123719
MLP,480,158,0.97362965,1,1.0,True,0.028253143207965712,0.0252479759407637
MLP,480,158,0.16172133,0,0.0,True,-0.0007385014131265235,-8.615680386529045e-05
MLP,480,158,0.21055603,0,0.0,True,0.0028618151836652963,0.0017371685486969567
MLP,480,158,0.7735713,1,1.0,True,0.04120431843354367,0.034189413345873935
MLP,480,158,0.99549675,1,1.0,True,0.025648616153074514,0.024439637630782916
MLP,480,158,0.17082736,0,0.0,True,-0.0005580178656735934,0.0003907335935968818
MLP,480,158,0.9995665,1,1.0,True,0.024013467438208234,0.03260693400433081
MLP,480,158,0.19813688,0,0.0,True,-0.002574900748752241,-0.0021509164529554064
MLP,480,158,0.9620163,1,1.0,True,0.03248095929332821,0.031500489411747136
MLP,480,158,0.9948428,1,1.0,True,0.022041025484207097,0.025220573324497036
MLP,480,158,0.92349315,1,1.0,True,0.026956904528499494,0.02836521097036848
MLP,480,158,0.9646215,1,1.0,True,0.02273849473670648,0.028492003433690547
MLP,480,158,0.9775235,1,1.0,True,0.03430717535249695,0.028784437063453253
MLP,480,158,0.9404153,1,1.0,True,0.021952124656954623,0.028153985913562125
MLP,480,158,0.92159486,1,1.0,True,0.03641872981915748,0.031215469903501363
MLP,480,158,0.92169625,1,1.0,True,0.02772792885395639,0.029315342060659427
MLP,480,158,0.89239544,1,1.0,True,0.019035359162295137,0.024806417136474596
MLP,480,158,0.93884736,1,1.0,True,0.03361069273309552,0.03292762259383235
MLP,480,158,0.98183894,1,1.0,True,0.035340036924174416,0.03158881874222107
MLP,480,158,0.13304068,0,0.0,True,0.003731798256189881,0.0008663652233908735
MLP,480,158,0.9840883,1,1.0,True,0.024251300466331498,0.027097448788482935
MLP,480,158,0.16904157,0,0.0,True,-0.0007055511325869145,0.0005648821417442142
MLP,480,158,0.98338115,1,1.0,True,0.03127185449709751,0.03114339011540139
MLP,480,158,0.123238206,0,0.0,True,0.0001983652416854551,0.0009556893260482001
MLP,480,158,0.14191972,0,0.0,True,0.00264445753588624,0.00048320305110219564
MLP,480,158,0.93411785,1,1.0,True,0.033257899884371715,0.02802920410310085
MLP,480,158,0.98877037,1,1.0,True,0.02840352755237527,0.030531722330597342
MLP,480,158,0.9852533,1,1.0,True,0.02028980237051633,0.023436240350603574
MLP,480,158,0.3086074,0,0.0,True,-0.0014121794538601113,-0.0009694169680433883
MLP,480,158,0.24943729,0,0.0,True,-0.0021647926716671026,-0.0012826104225377886
MLP,480,158,0.34761813,0,0.0,True,0.0015187990746652372,0.0001967626638954196
MLP,480,158,0.14531793,0,0.0,True,-0.002114962229327767,-0.0016122163716417344
MLP,480,158,0.20116536,0,0.0,True,0.002609384461392776,0.00033936807558038477
MLP,480,158,0.916901,1,1.0,True,0.027592213341318932,0.0265673693206022
MLP,480,158,0.21024184,0,0.0,True,0.00022595783055385138,0.002237968754302779
MLP,480,158,0.20832594,0,0.0,True,0.0007471887088611432,9.498163139977879e-05
MLP,480,158,0.13627583,0,0.0,True,-0.00318407786865663,-0.0022775022796206966
MLP,480,158,0.96830964,1,1.0,True,0.026400024677665734,0.0264887009399188
MLP,480,158,0.17142552,0,0.0,True,-0.0015750213907028822,-0.001790011982666579
MLP,480,158,0.9891311,1,1.0,True,0.027137319565405122,0.028062713973079027
MLP,480,158,0.91549426,1,1.0,True,0.02153947207101035,0.029180854179354523
MLP,480,158,0.23972969,0,0.0,True,-0.0006977118216818023,0.0016657991032766977
MLP,480,160,0.97329324,1,1.0,True,0.024799591121809295,0.026636705641198893
MLP,480,160,0.13809884,0,0.0,True,-0.0010814854047813047,-0.0002942336675094026
MLP,480,160,0.9842743,1,1.0,True,0.028253539481136673,0.032828539095885935
MLP,480,160,0.3869414,0,0.0,True,-0.0004240348400273981,-0.0015653217488658733
MLP,480,160,0.99751425,1,1.0,True,0.029209527199902892,0.03128666149231925
MLP,480,160,0.9823167,1,1.0,True,0.03773567469082958,0.031112960810798937
MLP,480,160,0.9557775,1,1.0,True,0.03031339614919422,0.029505265677411015
MLP,480,160,0.1140438,0,0.0,True,-0.0021211516568516707,-0.0006995058814102353
MLP,480,160,0.97371924,1,1.0,True,0.02848183988013772,0.031037279740251385
MLP,480,160,0.96756893,1,1.0,True,0.03110238682111465,0.028813923814313514
MLP,480,160,0.104660064,0,0.0,True,-0.0034788742641599516,-0.0021934897026595354
MLP,480,160,0.12797943,0,0.0,True,0.0022437865856825144,0.0012447296882640503
MLP,480,160,0.9977738,1,1.0,True,0.03258423406489217,0.029374524062131903
MLP,480,160,0.18200675,0,0.0,True,-0.00013297313888287258,-0.0008123497559926103
MLP,480,160,0.9961068,1,1.0,True,0.02339290171685437,0.024483583121915526
MLP,480,160,0.41067398,0,0.0,True,-0.0009064797922057578,0.0002551451725651215
MLP,480,160,0.9915514,1,1.0,True,0.03692340403326463,0.03197605097672159
MLP,480,160,0.9381904,1,1.0,True,0.025182059784315855,0.023061782907942353
MLP,480,160,0.22064123,0,0.0,True,-0.001772904041373905,-0.0012829811451258956
MLP,480,160,0.96498245,1,1.0,True,0.03363193986283812,0.03168245355768945
MLP,480,160,0.9912445,1,1.0,True,0.03257657155325484,0.033307260908529854
MLP,480,160,0.16364323,0,0.0,True,-0.0008818246645766449,0.0004931146201869429
MLP,480,160,0.9995436,1,1.0,True,0.03032449228836969,0.031135232512051553
MLP,480,160,0.9890426,1,1.0,True,0.03180846534543667,0.03277781256628673
MLP,480,160,0.34891286,0,0.0,True,-0.0004804973534157408,-0.0015436412756552526
MLP,480,160,0.14643633,0,0.0,True,-0.0005518563274018366,-0.001162361482089517
MLP,480,160,0.98513806,1,1.0,True,0.027491173545714516,0.029256017728810653
MLP,480,160,0.33609462,0,0.0,True,0.001353635424081788,0.001276592731075599
MLP,480,160,0.9781814,1,1.0,True,0.024207541111856704,0.026553801835588843
MLP,480,160,0.9830104,1,1.0,True,0.027266498464124826,0.029541218857438115
MLP,480,160,0.12817016,0,0.0,True,0.0007131487664925096,0.0013142088787705805
MLP,480,160,0.28207743,0,0.0,True,0.0007740189959995536,-0.001240971893450245
MLP,480,160,0.18494189,0,0.0,True,-0.004368880617098577,-0.0016566576707301606
MLP,480,160,0.9899775,1,1.0,True,0.023564345175517327,0.02589650359105153
MLP,480,160,0.81784266,1,1.0,True,0.0313930300652503,0.028926600391285657
MLP,480,160,0.9879192,1,1.0,True,0.03278274353161845,0.032290766220759805
MLP,480,160,0.98758626,1,1.0,True,0.033684580307115956,0.033297146131318386
MLP,480,160,0.97894007,1,1.0,True,0.029766269023675813,0.028935409251871085
MLP,480,160,0.26917553,0,0.0,True,-0.00320986325960061,-0.0011407372005230983
MLP,480,160,0.18663424,0,0.0,True,-0.0014677021623258947,-0.0034632898145737175
MLP,480,160,0.2871555,0,0.0,True,0.0010829636627417833,-0.0005704110598260933
MLP,480,160,0.17930205,0,0.0,True,-6.123248054541615e-05,-0.0001614949931965149
MLP,480,160,0.20608412,0,0.0,True,-0.0017425587722316388,-0.0006862625007291056
MLP,480,160,0.12745757,0,0.0,True,0.0012430539071016065,0.00237640346090258
MLP,480,160,0.96902937,1,1.0,True,0.028721242198636716,0.026887581677797465
MLP,480,160,0.16454643,0,0.0,True,9.992777558711091e-05,-6.997227707987003e-05
MLP,480,160,0.9869571,1,1.0,True,0.0367141203420746,0.03272171499246089
MLP,480,160,0.9957704,1,1.0,True,0.0346114209812551,0.031695557701717586
MLP,480,160,0.9077559,1,1.0,True,0.022336578181070675,0.028320216010576812
MLP,480,160,0.973809,1,1.0,True,0.02507546065980844,0.02791784037221876
MLP,480,160,0.20167452,0,0.0,True,-0.0006875044588967847,-0.0002748373149035841
MLP,480,160,0.99586076,1,1.0,True,0.02956391200666472,0.028092309895332877
MLP,480,160,0.9346699,1,1.0,True,0.03229809012594921,0.035458185083955505
MLP,480,160,0.9957396,1,1.0,True,0.027617935775947677,0.03121787326573559
MLP,480,160,0.1131813,0,0.0,True,0.0022777991406648266,0.0009608888724436608
MLP,480,160,0.92098635,1,1.0,True,0.0321552068305884,0.03138459486371287
MLP,480,160,0.8917158,1,1.0,True,0.028588193985000485,0.025880646231982486
MLP,480,160,0.9559154,1,1.0,True,0.02878197230965404,0.030113743267047396
MLP,480,160,0.97143555,1,1.0,True,0.026434451890674882,0.030319431298561936
MLP,480,160,0.1647004,0,0.0,True,-0.0023653207334566545,-0.003417134208403828
MLP,480,160,0.9737771,1,1.0,True,0.03172861477129966,0.030963798597809122
MLP,480,160,0.13290179,0,0.0,True,2.7278962934574087e-05,-0.002737410134064699
MLP,480,160,0.3906667,0,0.0,True,0.0007654815127231328,-0.001166830303172979
MLP,480,160,0.9948133,1,1.0,True,0.03852187507446257,0.034660781434414936
MLP,480,160,0.98033273,1,1.0,True,0.031677242181950824,0.02981598556304933
MLP,480,160,0.20372048,0,0.0,True,-9.637114706704824e-05,-0.0006885876784288745
MLP,480,160,0.24824196,0,0.0,True,0.0013858918607253955,0.0017049456589870885
MLP,480,160,0.97147447,1,1.0,True,0.03495225705700452,0.034463331380992356
MLP,480,160,0.94509983,1,1.0,True,0.026224614754142964,0.02705358583775693
MLP,480,160,0.18047938,0,0.0,True,-0.002545435568826428,-0.0011726178246972826
MLP,480,160,0.2387195,0,0.0,True,0.0017332067952837886,0.0015739497822063076
MLP,480,160,0.49586958,0,0.0,True,0.002795354495707095,0.00039056797053326967
MLP,480,160,0.19538878,0,0.0,True,0.0015724256752429099,-0.0002545920288134309
MLP,480,160,0.17308581,0,0.0,True,0.0011881438017256984,0.0007322630835516256
MLP,480,160,0.13459243,0,0.0,True,-0.0011437843266632946,0.00040054455183246196
MLP,480,160,0.32099965,0,0.0,True,0.0022453991033246482,-0.0007039989304327539
MLP,480,160,0.12425743,0,0.0,True,-1.189298727142863e-05,0.0005802824469701268
MLP,480,160,0.19968829,0,0.0,True,0.00021529457951900837,0.002044152313991542
MLP,480,160,0.9961979,1,1.0,True,0.03122958194738038,0.03256017784851299
MLP,480,160,0.30136624,0,0.0,True,-0.0011174727174269377,-0.0010190238983696683
MLP,480,160,0.99593395,1,1.0,True,0.0287573051010982,0.029013658994068416
MLP,480,160,0.15340716,0,0.0,True,0.0018241948640682984,0.0016910134479339132
MLP,480,160,0.15689513,0,0.0,True,0.004081369239453961,0.0011557096076468835
MLP,480,160,0.9492454,1,1.0,True,0.028505626575870094,0.029885144621549873
MLP,480,160,0.98578703,1,1.0,True,0.030975924519741332,0.027759995835062126
MLP,480,160,0.96112204,1,1.0,True,0.026628151860289752,0.026084936097920935
MLP,480,160,0.1709793,0,0.0,True,0.00048710962946218756,-0.0010188160789707577
MLP,480,160,0.22270477,0,0.0,True,0.002881660193689307,8.052480576747709e-05
MLP,480,160,0.41211453,0,0.0,True,0.0014396576362180607,-3.4136248066035534e-05
MLP,480,160,0.9973992,1,1.0,True,0.02772579718316147,0.03353623970624965
MLP,480,160,0.2701882,0,0.0,True,-0.0024545169796271154,-0.0003321516728397877
MLP,480,160,0.98664606,1,1.0,True,0.03382623444994377,0.03397120447486301
MLP,480,160,0.95798683,1,1.0,True,0.030273456298148396,0.027932543595014906
MLP,480,160,0.981316,1,1.0,True,0.023768094096875622,0.02683247968234336
MLP,480,160,0.99983597,1,1.0,True,0.025699651347100144,0.026692912903774117
MLP,480,160,0.13587634,0,0.0,True,0.0018757404568217333,0.002996513411796814
MLP,480,160,0.12563397,0,0.0,True,0.002032510099013992,0.0005842883327924289
MLP,480,160,0.9883547,1,1.0,True,0.02962772442040345,0.029619379570100052
MLP,480,160,0.209665,0,0.0,True,0.003191091983146616,0.002550175368691175
MLP,480,160,0.18076777,0,0.0,True,-0.0014692348163707722,-0.0008529138144033653
MLP,480,162,0.19729134,0,0.0,True,-0.0028116008892053444,-0.00203518792290118
MLP,480,162,0.15122366,0,0.0,True,-0.0026880062817066877,-0.0032307008935676066
MLP,480,162,0.9829481,1,1.0,True,0.03807982641371061,0.034479868319933465
MLP,480,162,0.12530245,0,0.0,True,-0.003476840878992875,-8.911610438343891e-05
MLP,480,162,0.11186005,0,0.0,True,-0.0002138922932406504,-0.0004104375382958989
MLP,480,162,0.9850604,1,1.0,True,0.03104995944239566,0.0354684850636025
MLP,480,162,0.23061822,0,0.0,True,-0.0011144127381567425,5.56871367316133e-05
MLP,480,162,0.99635637,1,1.0,True,0.038211683428025695,0.032417205932869925
MLP,480,162,0.23643042,0,0.0,True,-0.0011351939147308348,-0.0006355689497620821
MLP,480,162,0.21673642,0,0.0,True,-0.0005635872841741967,-7.023929694097128e-06
MLP,480,162,0.96831256,1,1.0,True,0.03579006997011091,0.03107364671067629
MLP,480,162,0.9877365,1,1.0,True,0.03546551618874366,0.03483771982238545
MLP,480,162,0.14467308,0,0.0,True,-0.002540012715340074,-6.095437516327961e-05
MLP,480,162,0.15899137,0,0.0,True,-0.0027141771519068334,-0.0020465417248214145
MLP,480,162,0.12809572,0,0.0,True,-0.0014467718146626988,-0.001365570129054519
MLP,480,162,0.133385,0,0.0,True,0.0022969582510211513,0.0016762790803892158
MLP,480,162,0.14506584,0,0.0,True,-6.117330130831589e-06,0.0018927835069045625
MLP,480,162,0.3372488,0,0.0,True,-0.003263161694279233,7.713075977381495e-05
MLP,480,162,0.9912362,1,1.0,True,0.040944278336252436,0.03995515159028079
MLP,480,162,0.9961302,1,1.0,True,0.03521973528747568,0.03590449661214836
MLP,480,162,0.15917552,0,0.0,True,0.00026174263743709614,0.0011417703776140564
MLP,480,162,0.13103282,0,0.0,True,-0.0007397167954777307,0.0017368550743305335
MLP,480,162,0.9923145,1,1.0,True,0.028154335549116977,0.02835806964201635
MLP,480,162,0.18630071,0,0.0,True,-0.002479240507745122,-0.0018548692176810371
MLP,480,162,0.17359893,0,0.0,True,-0.0011395326137186893,0.0012844671665852335
MLP,480,162,0.21090284,0,0.0,True,0.0002673442289336313,-0.0006205308550979217
MLP,480,162,0.15348962,0,0.0,True,-0.0014367280851408262,-0.0009462321941481009
MLP,480,162,0.9942009,1,1.0,True,0.03918955863134747,0.03803283816577191
MLP,480,162,0.98279184,1,1.0,True,0.03332436257253486,0.03808300692660624
MLP,480,162,0.9737046,1,1.0,True,0.03290636453212224,0.03351546185350139
MLP,480,162,0.17619102,0,0.0,True,-0.0023560220239682724,0.00011448583003706519
MLP,480,162,0.9965712,1,1.0,True,0.034202297125127554,0.028399801387421812
MLP,480,162,0.15777192,0,0.0,True,-0.0013586676315849202,-0.0006374279392336787
MLP,480,162,0.99342453,1,1.0,True,0.019778363032308253,0.02600427099351386
MLP,480,162,0.11600333,0,0.0,True,0.00026171860289426585,-0.0002124461949034474
MLP,480,162,0.9995728,1,1.0,True,0.03171790441931395,0.03276008736994915
MLP,480,162,0.9984212,1,1.0,True,0.03783913774280025,0.03439993067216948
MLP,480,162,0.94412243,1,1.0,True,0.04114979825350473,0.03160515281035472
MLP,480,162,0.34901816,0,0.0,True,0.0015819718872467094,-0.00036700916579792824
MLP,480,162,0.20869726,0,0.0,True,-0.0015144170553064446,-0.0012721742005255762
MLP,480,162,0.99188304,1,1.0,True,0.02673269580185056,0.029250816265242622
MLP,480,162,0.99732697,1,1.0,True,0.038360045259660136,0.03605673336321896
MLP,480,162,0.1890055,0,0.0,True,0.00015530656708126386,4.2327712753570225e-05
MLP,480,162,0.96644664,1,1.0,True,0.027884333479265465,0.03027736719290245
MLP,480,162,0.11585146,0,0.0,True,0.003566069853993517,0.0016932974876682516
MLP,480,162,0.90898716,1,1.0,True,0.028836053393971935,0.026397579568238422
MLP,480,162,0.9674521,1,1.0,True,0.041410437281555974,0.03544675265540676
MLP,480,162,0.9742366,1,1.0,True,0.026844165995502826,0.028870825796024728
MLP,480,162,0.16396478,0,0.0,True,0.002576305464418312,0.0005192655030858763
MLP,480,162,0.2580078,0,0.0,True,0.0015817623147855624,0.0016357855027651468
MLP,480,162,0.9757472,1,1.0,True,0.0316223685100872,0.036001677706571214
MLP,480,162,0.9810637,1,1.0,True,0.02833455070149585,0.029757065204630936
MLP,480,162,0.94781446,1,1.0,True,0.03272671997087947,0.03151185181405756
MLP,480,162,0.98983675,1,1.0,True,0.026463909769380657,0.032381763753329955
MLP,480,162,0.97844666,1,1.0,True,0.026616434624255995,0.030510062713242324
MLP,480,162,0.19017312,0,0.0,True,0.0016078487185605353,-0.00039751551008135625
MLP,480,162,0.12191247,0,0.0,True,-0.00011522758634476744,-0.0004069615399890807
MLP,480,162,0.3021984,0,0.0,True,-0.0008872651356993737,0.00010884709160571228
MLP,480,162,0.9736144,1,1.0,True,0.029027013750304875,0.03139117337392175
MLP,480,162,0.9796398,1,1.0,True,0.03970249473327479,0.0348339340344139
MLP,480,162,0.20600556,0,0.0,True,-0.0007198808887955626,-0.0009513862233102852
MLP,480,162,0.97522074,1,1.0,True,0.029043731951310943,0.027014626290100544
MLP,480,162,0.9984749,1,1.0,True,0.03299890007601226,0.031750170778552245
MLP,480,162,0.15209554,0,0.0,True,0.00029013805879029393,0.0009044470601414296
MLP,480,162,0.20492592,0,0.0,True,0.00024355011106952566,0.0008316624528376288
MLP,480,162,0.99327457,1,1.0,True,0.029352254576687897,0.029478318145989064
MLP,480,162,0.9018129,1,1.0,True,0.03070768687560565,0.032820621479137856
MLP,480,162,0.99608564,1,1.0,True,0.02828871314841159,0.02834834318116338
MLP,480,162,0.9457333,1,1.0,True,0.027937436685303425,0.029433754198299893
MLP,480,162,0.9985434,1,1.0,True,0.029253423106665163,0.031661127051042855
MLP,480,162,0.16018549,0,0.0,True,0.0009567971369000283,-0.0003440015114091624
MLP,480,162,0.15615353,0,0.0,True,-6.497743212376715e-07,-0.001454808302165055
MLP,480,162,0.97826004,1,1.0,True,0.03164549685929345,0.03491794028514808
MLP,480,162,0.99982905,1,1.0,True,0.026628482385943612,0.035890791434105646
MLP,480,162,0.14321198,0,0.0,True,0.001260229290406458,0.00014260023207338522
MLP,480,162,0.19136958,0,0.0,True,-0.0008914086770640771,-9.555454886229441e-05
MLP,480,162,0.17890029,0,0.0,True,-0.0013403356508945522,-0.0002707048442074162
MLP,480,162,0.9608441,1,1.0,True,0.03462073764787752,0.028857540926506442
MLP,480,162,0.2206402,0,0.0,True,0.0011811253945397632,0.0007162015024342873
MLP,480,162,0.13728118,0,0.0,True,0.0027821190520769816,0.003882277954228469
MLP,480,162,0.14490293,0,0.0,True,-0.004615839626497959,-0.002247736489817297
MLP,480,162,0.1709368,0,0.0,True,-0.00031460187573083287,0.0001509928231952926
MLP,480,162,0.9774089,1,1.0,True,0.03466988369454525,0.033063704474185905
MLP,480,162,0.92024595,1,1.0,True,0.03602769994766166,0.03363997394335107
MLP,480,162,0.17204174,0,0.0,True,0.00415850777621923,0.002952223998339218
MLP,480,162,0.24328054,0,0.0,True,0.003434776280659211,0.0008390617995824612
MLP,480,162,0.9900624,1,1.0,True,0.028376877856434092,0.02869893756746479
MLP,480,162,0.12426716,0,0.0,True,-0.003601643069476486,-0.002085583144470061
MLP,480,162,0.984786,1,1.0,True,0.026861220727953394,0.023886251690513727
MLP,480,162,0.17347394,0,0.0,True,-0.0015504466661896412,0.0007260353836670818
MLP,480,162,0.16313724,0,0.0,True,0.0020766862208008705,0.0018132985845234597
MLP,480,162,0.18228473,0,0.0,True,-0.0018651138586714335,-0.0010137657087329324
MLP,480,162,0.2095622,0,0.0,True,0.001650436013053629,-0.001395593084239949
MLP,480,162,0.22515965,0,0.0,True,-0.0017489872491903528,-0.0026259433122772236
MLP,480,162,0.15888262,0,0.0,True,-0.0014798571222197816,-0.0005974395701193841
MLP,480,162,0.15762845,0,0.0,True,0.0032252454809504963,0.0015132986230360617
MLP,480,162,0.9472011,1,1.0,True,0.03588096405503143,0.03253183853366533
MLP,480,162,0.21132146,0,0.0,True,-0.00017800652821619998,0.00030520403424487863
MLP,480,162,0.203043,0,0.0,True,6.951322138286314e-05,0.001754541584991461
MLP,480,162,0.20073542,0,0.0,True,0.000194744382927303,-0.00041470075915615054
MLP,480,164,0.18094623,0,0.0,True,-0.0054239401677342695,-0.0018332846669842225
MLP,480,164,0.39245853,0,0.0,True,0.0014636573733139118,0.0004115773720728869
MLP,480,164,0.15855081,0,0.0,True,-0.0028883610691554117,-0.0021816985316261968
MLP,480,164,0.9986206,1,1.0,True,0.03578639096833905,0.03316045403262429
MLP,480,164,0.98248094,1,1.0,True,0.02364031582341871,0.02751422147909607
MLP,480,164,0.99673223,1,1.0,True,0.038404823943247575,0.03501416989074018
MLP,480,164,0.94145924,1,1.0,True,0.03439025266943761,0.03196247689731971
MLP,480,164,0.7594552,1,1.0,True,0.03377392774936292,0.030691301372864604
MLP,480,164,0.18385816,0,0.0,True,0.0030550268666370973,0.0005544991743831112
MLP,480,164,0.99627614,1,1.0,True,0.040376009000035726,0.03918563236776555
MLP,480,164,0.9982528,1,1.0,True,0.03756710995472229,0.03241627478365403
MLP,480,164,0.9965707,1,1.0,True,0.03687359949108252,0.03599339551069354
MLP,480,164,0.9922764,1,1.0,True,0.03465509570100472,0.03378117231549549
MLP,480,164,0.97418517,1,1.0,True,0.024790137582616976,0.03112041736416965
MLP,480,164,0.24511655,0,0.0,True,0.0017242061536245042,0.000903580658465113
MLP,480,164,0.996967,1,1.0,True,0.03615109038363333,0.03634139792504496
MLP,480,164,0.9994387,1,1.0,True,0.03553175346094203,0.033021988034053026
MLP,480,164,0.15235598,0,0.0,True,0.0008239151590789311,0.002087218198675258
MLP,480,164,0.113900974,0,0.0,True,-0.000592373031136687,0.0005521495577175214
MLP,480,164,0.15936062,0,0.0,True,0.0021477331976957905,0.0008219898838017698
MLP,480,164,0.17645586,0,0.0,True,0.0049215021262731,0.00260556161091182
MLP,480,164,0.14852412,0,0.0,True,0.00014677910098640008,0.0007739558064892913
MLP,480,164,0.1297544,0,0.0,True,0.0002585103726133215,-4.16756772868378e-05
MLP,480,164,0.9924521,1,1.0,True,0.025555087172258302,0.03306571691191601
MLP,480,164,0.19607422,0,0.0,True,0.00014420093537507916,-0.0011443571720725035
MLP,480,164,0.16537637,0,0.0,True,-0.00036861706232916154,-0.0009089216373051267
MLP,480,164,0.35709,0,0.0,True,-0.00040328262115009575,-0.00033409377879049774
MLP,480,164,0.93187964,1,1.0,True,0.03094483790139905,0.033485578874324726
MLP,480,164,0.29069123,0,0.0,True,-0.0003497472421011534,-0.0003631712017704575
MLP,480,164,0.12159887,0,0.0,True,-0.0001395514793154452,-0.00044015004592698936
MLP,480,164,0.9889425,1,1.0,True,0.03417732169263893,0.035315459614583225
MLP,480,164,0.9988164,1,1.0,True,0.027323832937027347,0.030834752963784857
MLP,480,164,0.9881728,1,1.0,True,0.03259155580649697,0.032777488065419226
MLP,480,164,0.30570373,0,0.0,True,-0.00023238119736153218,-0.0018132526271866477
MLP,480,164,0.9951208,1,1.0,True,0.03822269179387462,0.036330656035418345
MLP,480,164,0.9987249,1,1.0,True,0.036278070745603255,0.03222448233196401
MLP,480,164,0.9313187,1,1.0,True,0.031460790352263186,0.0316159390182569
MLP,480,164,0.9960846,1,1.0,True,0.03300861781264788,0.03552127810472482
MLP,480,164,0.9669439,1,1.0,True,0.033712421627710445,0.03697422760631768
MLP,480,164,0.9913305,1,1.0,True,0.03742425540313166,0.03822833086698651
MLP,480,164,0.9272386,1,1.0,True,0.03964776491989022,0.036167948785395046
MLP,480,164,0.9906701,1,1.0,True,0.03378468339579091,0.03666294069083785
MLP,480,164,0.98410654,1,1.0,True,0.037280829427956436,0.03653752297587446
MLP,480,164,0.2883882,0,0.0,True,-0.002123160861367395,-0.0010107990660438838
MLP,480,164,0.9777209,1,1.0,True,0.04179791519582721,0.03333889377322867
MLP,480,164,0.3162369,0,0.0,True,0.00040013071365434824,-0.0013453636797446438
MLP,480,164,0.99482036,1,1.0,True,0.027564623967996152,0.027528567404093193
MLP,480,164,0.12485807,0,0.0,True,0.001631829665618265,0.0007496185924197438
MLP,480,164,0.19170532,0,0.0,True,-0.0006207389460680217,0.000989757617181349
MLP,480,164,0.97290784,1,1.0,True,0.02801843501309156,0.02842650002649629
MLP,480,164,0.108083,0,0.0,True,0.00018937303376721974,0.0008688025208216815
MLP,480,164,0.15557882,0,0.0,True,0.0017698736537366518,0.001205349406187765
MLP,480,164,0.99487126,1,1.0,True,0.029292225137012507,0.029040286189600018
MLP,480,164,0.24153598,0,0.0,True,-0.001850605945538783,-8.887325635955269e-05
MLP,480,164,0.9913839,1,1.0,True,0.03268910100945546,0.03369370814605056
MLP,480,164,0.1624616,0,0.0,True,0.0015612920178399805,-0.0002006101751819077
MLP,480,164,0.9920088,1,1.0,True,0.029614800032601692,0.032275044342105486
MLP,480,164,0.22944193,0,0.0,True,0.0008993775816297942,0.001017807055328464
MLP,480,164,0.115806974,0,0.0,True,-0.001708157664984113,-0.0010177922406052044
MLP,480,164,0.17630127,0,0.0,True,-0.0005083140124227537,-0.0010051446831920718
MLP,480,164,0.99395037,1,1.0,True,0.03627016195875721,0.03839758546198271
MLP,480,164,0.8665772,1,1.0,True,0.02804515918992324,0.03106039442897908
MLP,480,164,0.38529,0,0.0,True,0.002606678225138632,0.0005108202430811885
MLP,480,164,0.18082085,0,0.0,True,0.0017107824139938107,-2.452839738727901e-05
MLP,480,164,0.17951122,0,0.0,True,-0.0010223390339861736,-0.0008400999759122152
MLP,480,164,0.3023899,0,0.0,True,-0.001847957426504029,0.00078874204712386
MLP,480,164,0.9867193,1,1.0,True,0.030126682486700924,0.031128448339399966
MLP,480,164,0.17432484,0,0.0,True,0.0018549559321642346,0.002766734260599968
MLP,480,164,0.40808305,0,0.0,True,-0.001513737236273018,-0.0016415383386244387
MLP,480,164,0.9931692,1,1.0,True,0.02845651745082761,0.0314988574172024
MLP,480,164,0.1690584,0,0.0,True,-0.00018483592518874934,-0.000655275237988132
MLP,480,164,0.16738236,0,0.0,True,0.0014084494206172192,0.0018277843854607367
MLP,480,164,0.17945865,0,0.0,True,-0.0012563646807769997,0.001385541698816658
MLP,480,164,0.995497,1,1.0,True,0.02935821829473392,0.03144978311199509
MLP,480,164,0.18860376,0,0.0,True,-0.0006527635665923669,0.0006788371214303639
MLP,480,164,0.9967039,1,1.0,True,0.03179610719303487,0.033591969178191045
MLP,480,164,0.9918407,1,1.0,True,0.031834103091309185,0.03447907387591332
MLP,480,164,0.9990644,1,1.0,True,0.03408141962421712,0.03340299547196099
MLP,480,164,0.18293563,0,0.0,True,-0.0007884109789754214,-0.0006498572303473097
MLP,480,164,0.9528003,1,1.0,True,0.03165401381746172,0.029010582041418854
MLP,480,164,0.23897453,0,0.0,True,-0.000304094941065787,0.001153872312527927
MLP,480,164,0.13545816,0,0.0,True,0.00018913428197418826,-0.0009903297481151459
MLP,480,164,0.96968096,1,1.0,True,0.031342959912162634,0.03019732821328537
MLP,480,164,0.14545777,0,0.0,True,-0.00015733261661609045,-0.0007712958122950316
MLP,480,164,0.1742688,0,0.0,True,0.0042510083478600495,0.003010315679202678
MLP,480,164,0.13844307,0,0.0,True,-0.00032207575984535423,0.0007878386250288266
MLP,480,164,0.96183926,1,1.0,True,0.042681254216200795,0.04193884957150218
MLP,480,164,0.9556973,1,1.0,True,0.029259944406530555,0.032137401212298126
MLP,480,164,0.17841162,0,0.0,True,0.0010479472468429801,0.0009970530353717556
MLP,480,164,0.95589656,1,1.0,True,0.03322894919972164,0.032532218739115285
MLP,480,164,0.96868515,1,1.0,True,0.03048942199175379,0.029821357635768063
MLP,480,164,0.99157727,1,1.0,True,0.03786439682874658,0.03473446290728296
MLP,480,164,0.9878891,1,1.0,True,0.04677275945315743,0.03818809827683087
MLP,480,164,0.99202406,1,1.0,True,0.03755324664041738,0.036225151285893986
MLP,480,164,0.98101854,1,1.0,True,0.02988635213114331,0.028573365586410184
MLP,480,164,0.11916202,0,0.0,True,0.0027798013560949636,0.0015853403964881153
MLP,480,164,0.11311059,0,0.0,True,-0.001507580846198185,-0.001278541546130987
MLP,480,164,0.16896309,0,0.0,True,5.953445701316197e-06,-0.0020578193345902876
MLP,480,164,0.924871,1,1.0,True,0.031997342520171584,0.029461688372538822
MLP,480,164,0.9556227,1,1.0,True,0.033843071575565854,0.03430920341509171
MLP,480,166,0.9709062,1,1.0,True,0.03341875014996093,0.03521685178885553
MLP,480,166,0.96848863,1,1.0,True,0.03547759310484953,0.03775173386036471
MLP,480,166,0.2325655,0,0.0,True,-0.0016279954669951608,7.717162179569863e-05
MLP,480,166,0.1259864,0,0.0,True,0.001363822330941915,0.00043342227115433004
MLP,480,166,0.1752995,0,0.0,True,0.0010985374700587392,0.00021159279115482522
MLP,480,166,0.99898034,1,1.0,True,0.028096187314224422,0.03089481152313046
MLP,480,166,0.99876356,1,1.0,True,0.03641147357242786,0.034289208953227825
MLP,480,166,0.310921,0,0.0,True,-0.006985166670348278,-0.0032699088600213816
MLP,480,166,0.17296423,0,0.0,True,-0.0011714198449211564,0.001622564986420164
MLP,480,166,0.99982905,1,1.0,True,0.03076639046330503,0.032910467295911405
MLP,480,166,0.99566996,1,1.0,True,0.03510419575401874,0.03686032896817599
MLP,480,166,0.9993456,1,1.0,True,0.02625197251096281,0.030764085818133266
MLP,480,166,0.3346142,0,0.0,True,0.002909762645224078,0.0010798908233882005
MLP,480,166,0.9691056,1,1.0,True,0.04194516782805736,0.040523326306541554
MLP,480,166,0.9979481,1,1.0,True,0.029946456209365115,0.030687679052608538
MLP,480,166,0.16586205,0,0.0,True,0.0028984457451102803,0.000480901748997881
MLP,480,166,0.9778913,1,1.0,True,0.027816411763939692,0.030304804370116054
MLP,480,166,0.17675988,0,0.0,True,-0.002357619184855004,0.0002130559217235137
MLP,480,166,0.15943491,0,0.0,True,-0.003745839275808706,-0.001250384581339889
MLP,480,166,0.9883102,1,1.0,True,0.03736936081660996,0.03406028997553379
MLP,480,166,0.40840423,0,0.0,True,-0.0008628826182365645,-0.0017083855583701537
MLP,480,166,0.9869826,1,1.0,True,0.03519636587895401,0.03431036270601718
MLP,480,166,0.97376186,1,1.0,True,0.02783242899489599,0.031175447386795226
MLP,480,166,0.22409487,0,0.0,True,0.0025622684515396463,0.0010933437144956236
MLP,480,166,0.9402547,1,1.0,True,0.03055127369310493,0.032689984906892074
MLP,480,166,0.32069826,0,0.0,True,0.0012211309056767837,0.0011484164131263792
MLP,480,166,0.22293574,0,0.0,True,-0.0008525149496772238,-0.0005315516161382219
MLP,480,166,0.9794831,1,1.0,True,0.03169630558455365,0.03605439929431655
MLP,480,166,0.15746647,0,0.0,True,0.0007730926217704602,-0.0005240684262832097
MLP,480,166,0.99871206,1,1.0,True,0.0348156876728518,0.030778530955265514
MLP,480,166,0.14164981,0,0.0,True,0.0009299868259285521,-0.00017936716483107578
MLP,480,166,0.99435186,1,1.0,True,0.03497705110413452,0.03551902637582555
MLP,480,166,0.9621708,1,1.0,True,0.0467120031185415,0.04109211898026276
MLP,480,166,0.15939711,0,0.0,True,-0.0023530999872768588,0.001162911826217875
MLP,480,166,0.25009584,0,0.0,True,0.0016469133782624423,0.001309229247660618
MLP,480,166,0.9896135,1,1.0,True,0.02674980127940209,0.029844583326537517
MLP,480,166,0.9978064,1,1.0,True,0.03886989318235442,0.039946492474798256
MLP,480,166,0.23828007,0,0.0,True,-0.00192443444136801,-0.0016564689386160012
MLP,480,166,0.99749905,1,1.0,True,0.031332635944174646,0.03252787288439121
MLP,480,166,0.9157811,1,1.0,True,0.037482006212406514,0.038792766839521216
MLP,480,166,0.9951981,1,1.0,True,0.026383136506291042,0.03464401821855224
MLP,480,166,0.15940656,0,0.0,True,-0.004547876602746249,-0.003332851840012406
MLP,480,166,0.15710165,0,0.0,True,-0.0015576286241515461,0.0011183427519204797
MLP,480,166,0.98424757,1,1.0,True,0.03467492022558197,0.034340634588551924
MLP,480,166,0.1370103,0,0.0,True,0.0002778503431673582,-0.001802981771426938
MLP,480,166,0.999798,1,1.0,True,0.03303694069636655,0.03253390675705895
MLP,480,166,0.16276446,0,0.0,True,-0.0016572982329004417,-0.0008055581035897461
MLP,480,166,0.25562456,0,0.0,True,0.0013924817269920368,0.002438844062070266
MLP,480,166,0.99291754,1,1.0,True,0.04591010414669416,0.03781997299309348
MLP,480,166,0.13483596,0,0.0,True,0.002456918759304293,0.00144530775454574
MLP,480,166,0.24690525,0,0.0,True,-0.0011922089970868054,-0.0010628324013100144
MLP,480,166,0.9989968,1,1.0,True,0.031097660136590252,0.03239721362990066
MLP,480,166,0.9896309,1,1.0,True,0.03220176889455767,0.03336756158931017
MLP,480,166,0.9792422,1,1.0,True,0.038811267860316835,0.038556530727723276
MLP,480,166,0.9966935,1,1.0,True,0.03128002150708401,0.033846166470349055
MLP,480,166,0.9926893,1,1.0,True,0.03406274560040676,0.031965208475855655
MLP,480,166,0.99682885,1,1.0,True,0.033069566821608415,0.03189396258191942
MLP,480,166,0.30298612,0,0.0,True,0.0009381071112374507,0.0009172890725943571
MLP,480,166,0.93004066,1,1.0,True,0.03671708085876443,0.029967786838558812
MLP,480,166,0.14024395,0,0.0,True,0.003716367354535599,0.002584068340843334
MLP,480,166,0.9757062,1,1.0,True,0.032115975130297895,0.033977964081835656
MLP,480,166,0.9993741,1,1.0,True,0.03298009172748314,0.037402785460758016
MLP,480,166,0.19384275,0,0.0,True,-0.0012906497293223675,1.4290908261276534e-05
MLP,480,166,0.9962255,1,1.0,True,0.033737548119668795,0.029933423441287733
MLP,480,166,0.9999162,1,1.0,True,0.03554352964451676,0.034296824791987715
MLP,480,166,0.40397578,0,0.0,True,0.002950484279668266,0.0014251207601860087
MLP,480,166,0.4778989,0,0.0,True,-0.0017268879726398652,5.6496198181381925e-05
MLP,480,166,0.39788026,0,0.0,True,-0.0014704204486737963,-0.0013544323744534505
MLP,480,166,0.345422,0,0.0,True,-0.0023082968929559185,-0.0010789502676731328
MLP,480,166,0.27028695,0,0.0,True,0.001804492279548008,0.0012491483008029267
MLP,480,166,0.86434776,1,1.0,True,0.026941750731682465,0.03213355139401525
MLP,480,166,0.13671257,0,0.0,True,-0.0005134698888938628,-0.000792690629561407
MLP,480,166,0.99377596,1,1.0,True,0.032248627675780545,0.03193912064113599
MLP,480,166,0.18404192,0,0.0,True,0.00024325808885406332,0.0007615586979652601
MLP,480,166,0.9515834,1,1.0,True,0.041753649881913844,0.03762120437327044
MLP,480,166,0.9883581,1,1.0,True,0.033020372410541225,0.03412987161224824
MLP,480,166,0.99444664,1,1.0,True,0.03195811641874473,0.02960664492845134
MLP,480,166,0.3476577,0,0.0,True,-0.00025135844134212395,-0.0013094724204601106
MLP,480,166,0.9747993,1,1.0,True,0.04502345876516291,0.044970763832675155
MLP,480,166,0.99694854,1,1.0,True,0.03649595726556979,0.0328461350674951
MLP,480,166,0.9962108,1,1.0,True,0.028312234428357924,0.02748834955957429
MLP,480,166,0.12633935,0,0.0,True,0.002817570143631064,0.0016536857469857517
MLP,480,166,0.16396087,0,0.0,True,0.000559249868972769,-8.891566699208984e-05
MLP,480,166,0.22119603,0,0.0,True,-0.0005181275157751107,-0.0004057436189811226
MLP,480,166,0.6249071,1,0.0,False,0.0003166283391981885,-0.0002536983501530485
MLP,480,166,0.99839336,1,1.0,True,0.03124622966952913,0.02872423632822862
MLP,480,166,0.99409145,1,1.0,True,0.033356874857010485,0.034297011352557145
MLP,480,166,0.9935853,1,1.0,True,0.04138168636803144,0.03868708640505581
MLP,480,166,0.50814116,1,0.0,False,-0.0021950787755166024,0.00041494780517847515
MLP,480,166,0.15745406,0,0.0,True,0.00037624850040444616,0.0006551969981270845
MLP,480,166,0.99673635,1,1.0,True,0.03616036095679138,0.034317048577798576
MLP,480,166,0.14680363,0,0.0,True,-0.0004506458577660031,-6.389894159866574e-05
MLP,480,166,0.9900053,1,1.0,True,0.035619802860177616,0.03259174850679729
MLP,480,166,0.111486875,0,0.0,True,0.0025363621695965143,0.0013939582097165979
MLP,480,166,0.97728014,1,1.0,True,0.03382910919123567,0.03305026180086642
MLP,480,166,0.17593047,0,0.0,True,0.003633552984303351,0.0013906233783985654
MLP,480,166,0.1262705,0,0.0,True,-0.003199406921629751,-0.0023841290324229077
MLP,480,166,0.2937452,0,0.0,True,0.0033853444745229264,0.0032278581597589536
MLP,480,166,0.9943901,1,1.0,True,0.035671641685949385,0.0341979063265869
MLP,480,166,0.17624019,0,0.0,True,-0.003294446332951453,-0.002039009981392453
MLP,480,167,0.8585719,1,1.0,True,0.03358097929333626,0.031160273556598273
MLP,480,167,0.99703014,1,1.0,True,0.03996727573080862,0.03732277114610359
MLP,480,167,0.9843556,1,1.0,True,0.03049949237495482,0.03719225003940093
MLP,480,167,0.9894371,1,1.0,True,0.027986074921542814,0.0269319298337592
MLP,480,167,0.9938319,1,1.0,True,0.034392966234267415,0.03726358504209595
MLP,480,167,0.99925715,1,1.0,True,0.03533059276775397,0.033691112205753895
MLP,480,167,0.9996836,1,1.0,True,0.0219400056498278,0.027173752263600883
MLP,480,167,0.7951409,1,1.0,True,0.03480342551851487,0.03210972105221707
MLP,480,167,0.9611214,1,1.0,True,0.028782170726382988,0.0313154273932008
MLP,480,167,0.2027936,0,0.0,True,-0.003227376108367619,-0.0012322972757916617
MLP,480,167,0.19133443,0,0.0,True,-0.0021638565605546388,3.7578053172102855e-05
MLP,480,167,0.9761545,1,1.0,True,0.031043226702043035,0.03538919743877151
MLP,480,167,0.9996296,1,1.0,True,0.0357694896402605,0.03625294726402074
MLP,480,167,0.19774957,0,0.0,True,-0.004731786698082426,-0.002411520725907349
MLP,480,167,0.2239017,0,0.0,True,-0.002114180535207382,0.00041757137401423515
MLP,480,167,0.9998988,1,1.0,True,0.03581085783179917,0.036858633159003854
MLP,480,167,0.16261229,0,0.0,True,0.0007314293147832257,0.00011436212551909471
MLP,480,167,0.14381965,0,0.0,True,-0.0009929095482030534,-0.0004801023768494118
MLP,480,167,0.99396956,1,1.0,True,0.02988475573513747,0.03404370383909777
MLP,480,167,0.3127947,0,0.0,True,-0.0009351982696125924,0.00025698355118522676
MLP,480,167,0.9892602,1,1.0,True,0.028127590506765145,0.025553622700116397
MLP,480,167,0.25834268,0,0.0,True,-0.0027071374138853957,-0.002914322295230505
MLP,480,167,0.16973229,0,0.0,True,-0.0008709212823921901,0.0012092155563418246
MLP,480,167,0.9893952,1,1.0,True,0.03999122089542843,0.036008772228109935
MLP,480,167,0.99931777,1,1.0,True,0.03811554926078819,0.035481077504672484
MLP,480,167,0.9172929,1,1.0,True,0.03677819605787773,0.03398663111988605
MLP,480,167,0.30753317,0,0.0,True,-0.003031767812864449,-0.0018243057476845176
MLP,480,167,0.25408697,0,0.0,True,-0.002188340141339427,-0.0012322800479426833
MLP,480,167,0.9582276,1,1.0,True,0.029198881686902805,0.030636682734467943
MLP,480,167,0.9995028,1,1.0,True,0.029413762241330015,0.03574644921246919
MLP,480,167,0.99333316,1,1.0,True,0.03736426134993214,0.03766950573367018
MLP,480,167,0.9699112,1,1.0,True,0.03985960841585306,0.035963587648660256
MLP,480,167,0.13695525,0,0.0,True,-0.002724674177701874,-0.0011858955205039342
MLP,480,167,0.18790652,0,0.0,True,0.004422400231542647,0.0013141655639215492
MLP,480,167,0.9991099,1,1.0,True,0.034597425857381923,0.03152108697629551
MLP,480,167,0.98064435,1,1.0,True,0.036477124076566725,0.03320181611101015
MLP,480,167,0.17547195,0,0.0,True,0.0018865064556120477,0.001588052998650294
MLP,480,167,0.20218016,0,0.0,True,-0.0003032465519205707,0.0005196758167775813
MLP,480,167,0.9652196,1,1.0,True,0.038108685407969536,0.03558388100649619
MLP,480,167,0.92923784,1,1.0,True,0.03743023212119389,0.03277156710769779
MLP,480,167,0.9950589,1,1.0,True,0.03551669693268342,0.03563657060919174
MLP,480,167,0.19403724,0,0.0,True,-0.0013160701455481763,0.0004764484953342189
MLP,480,167,0.99993455,1,1.0,True,0.028314018734421433,0.03406456054757797
MLP,480,167,0.21492551,0,0.0,True,0.0008673895959099986,-0.0009428933281025989
MLP,480,167,0.12607566,0,0.0,True,0.0004319687300967637,-0.0003904469724088434
MLP,480,167,0.36326584,0,0.0,True,0.001965918089930055,0.0015456804604729955
MLP,480,167,0.2565304,0,0.0,True,0.002568027183773899,0.0005419669328959341
MLP,480,167,0.99690574,1,1.0,True,0.03789333571482498,0.039292291546742276
MLP,480,167,0.9964772,1,1.0,True,0.0371987479602545,0.03472974208604567
MLP,480,167,0.17980142,0,0.0,True,-1.855044959749824e-05,0.0005386546357190148
MLP,480,167,0.9975025,1,1.0,True,0.034221281407234995,0.03334353623475032
MLP,480,167,0.9424676,1,1.0,True,0.029005788158959534,0.03248481523516856
MLP,480,167,0.94142425,1,1.0,True,0.03568648609001684,0.03828141310970882
MLP,480,167,0.9885147,1,1.0,True,0.03468672825183396,0.037792796972555866
MLP,480,167,0.9989711,1,1.0,True,0.028033641565782457,0.030526539324856466
MLP,480,167,0.99870956,1,1.0,True,0.03469879711109733,0.033080696797132624
MLP,480,167,0.9882681,1,1.0,True,0.03376202013542551,0.035944886764718575
MLP,480,167,0.13369945,0,0.0,True,0.0008913796809103485,0.0007222987868081694
MLP,480,167,0.11230978,0,0.0,True,-0.0013930454065043574,-0.0008721516032256509
MLP,480,167,0.9295454,1,1.0,True,0.031625959594800586,0.03266736932908249
MLP,480,167,0.9934663,1,1.0,True,0.028705433518116958,0.027990828198791316
MLP,480,167,0.25911316,0,0.0,True,3.461500147315284e-05,0.0007660736487035772
MLP,480,167,0.85420775,1,1.0,True,0.03678769968872006,0.03284075019404395
MLP,480,167,0.9787426,1,1.0,True,0.030872759516749216,0.031036743482953127
MLP,480,167,0.98467654,1,1.0,True,0.031519035288967955,0.031561137770039445
MLP,480,167,0.1438982,0,0.0,True,-0.0022878321280822723,0.0009360132646336713
MLP,480,167,0.15396701,0,0.0,True,0.002576517634267541,0.001081081954115891
MLP,480,167,0.9876358,1,1.0,True,0.03897452971749441,0.03427366255017127
MLP,480,167,0.9743192,1,1.0,True,0.035812650937122596,0.03200095742386001
MLP,480,167,0.1662768,0,0.0,True,-0.0019527343263758862,-0.0010058683630966873
MLP,480,167,0.118866436,0,0.0,True,-0.002656665239935179,-0.00012959363329653645
MLP,480,167,0.20484827,0,0.0,True,0.002672379826924687,0.004900148733934421
MLP,480,167,0.9882941,1,1.0,True,0.0342677124807774,0.032748994163280344
MLP,480,167,0.14795487,0,0.0,True,-0.0021474652109746742,-6.878421575238244e-05
MLP,480,167,0.9972792,1,1.0,True,0.040095797511489534,0.03583154895135074
MLP,480,167,0.19630505,0,0.0,True,-0.000910057047663649,-0.0007716293720788625
MLP,480,167,0.9998764,1,1.0,True,0.032052622178158234,0.027615158090067652
MLP,480,167,0.24152742,0,0.0,True,0.000469714099058004,0.0002394488539632817
MLP,480,167,0.11779707,0,0.0,True,-0.002330356371038807,-0.0020800676755619494
MLP,480,167,0.99048585,1,1.0,True,0.024903144375691612,0.02775557963155442
MLP,480,167,0.99423814,1,1.0,True,0.034760382891441705,0.03303634028317775
MLP,480,167,0.23550141,0,0.0,True,-0.0010753545167904322,0.0017231000343592526
MLP,480,167,0.15779331,0,0.0,True,0.0013735852534506497,0.0005868915806611165
MLP,480,167,0.22455929,0,0.0,True,0.0021917998259608305,0.0006266600118082574
MLP,480,167,0.16399986,0,0.0,True,-0.000932858067939481,-6.309833964830865e-06
MLP,480,167,0.98190606,1,1.0,True,0.032501306116587254,0.028798755441169933
MLP,480,167,0.98005795,1,1.0,True,0.03068714242354345,0.030331336293445622
MLP,480,167,0.97923535,1,1.0,True,0.038600338703775244,0.0406428307696081
MLP,480,167,0.23127794,0,0.0,True,-0.0016601562266741377,-0.0013667603225957512
MLP,480,167,0.99696213,1,1.0,True,0.03434383449400917,0.036514725838714394
MLP,480,167,0.99334747,1,1.0,True,0.030451434158104744,0.033929400940622426
MLP,480,167,0.89802456,1,1.0,True,0.039957571402052174,0.03535045815441193
MLP,480,167,0.9851815,1,1.0,True,0.03467466002735745,0.034551063299355124
MLP,480,167,0.20152783,0,0.0,True,-0.00011352233351206221,0.0003783185917692795
MLP,480,167,0.93905646,1,1.0,True,0.03707628025546703,0.03463731368761272
MLP,480,167,0.9784239,1,1.0,True,0.03538583055527666,0.0355465307640645
MLP,480,167,0.9991947,1,1.0,True,0.03818176100615166,0.030846339248285788
MLP,480,167,0.15792318,0,0.0,True,0.0009920965619621704,-0.0013186227068332438
MLP,480,167,0.9558045,1,1.0,True,0.038917209324813046,0.035386047827874606
MLP,480,167,0.99937844,1,1.0,True,0.03310535070714629,0.036186902294159294
MLP,480,169,0.9986343,1,1.0,True,0.03554071497775915,0.03623951251564616
MLP,480,169,0.9937225,1,1.0,True,0.03550720510161341,0.030804776415587595
MLP,480,169,0.1674402,0,0.0,True,-0.0014290646378436506,-0.00160917097505166
MLP,480,169,0.98470217,1,1.0,True,0.03609472672999344,0.0359092364517213
MLP,480,169,0.16165586,0,0.0,True,-0.0007003966175009416,-0.002059675146389958
MLP,480,169,0.2706512,0,0.0,True,0.004434496788794162,0.0024625071143531
MLP,480,169,0.1725717,0,0.0,True,0.0025701299617326688,0.0012099908439687644
MLP,480,169,0.44298232,0,0.0,True,-0.00029598394879796374,0.00019563411379316283
MLP,480,169,0.9948462,1,1.0,True,0.039946751396700404,0.0379089136612252
MLP,480,169,0.16115683,0,0.0,True,0.00043616710936283986,-0.002444508033751983
MLP,480,169,0.25129214,0,0.0,True,0.0013622368925466253,-0.00018225244920546394
MLP,480,169,0.96135736,1,1.0,True,0.04413305720829496,0.04029524147059487
MLP,480,169,0.46232888,0,0.0,True,-0.0009224858216419946,-0.002730286867342451
MLP,480,169,0.99479806,1,1.0,True,0.026408919929983735,0.035148483410885834
MLP,480,169,0.17318846,0,0.0,True,-0.0008308918740344732,-0.0010668131004477643
MLP,480,169,0.9590761,1,1.0,True,0.03378424837229303,0.03466115600675004
MLP,480,169,0.8319573,1,1.0,True,0.0359932820415524,0.037085708284637954
MLP,480,169,0.99387133,1,1.0,True,0.0340967224969587,0.031031303450896365
MLP,480,169,0.20633419,0,0.0,True,-0.00042767509531439546,-0.00037984234504385544
MLP,480,169,0.16347617,0,0.0,True,0.0007190487837821765,0.0010809894489167682
MLP,480,169,0.15328354,0,0.0,True,0.0026085168540459416,0.001953764220160291
MLP,480,169,0.9674374,1,1.0,True,0.034953518206544285,0.036342697455381136
MLP,480,169,0.9998437,1,1.0,True,0.03654207675931375,0.04128256174923387
MLP,480,169,0.9956458,1,1.0,True,0.035176624071479964,0.035974918691137024
MLP,480,169,0.9996631,1,1.0,True,0.034731555442378347,0.026612622673238176
MLP,480,169,0.9777753,1,1.0,True,0.02685205154612794,0.02953590844470271
MLP,480,169,0.99988437,1,1.0,True,0.03166317822092966,0.03817916939080024
MLP,480,169,0.99777585,1,1.0,True,0.032699052155780006,0.0323493391178786
MLP,480,169,0.17164467,0,0.0,True,-0.001189144672932943,-0.0026750800570047896
MLP,480,169,0.18599735,0,0.0,True,0.0012776998687094063,0.0022455305625735493
MLP,480,169,0.22339173,0,0.0,True,-0.0015398063464447025,-0.0007664089804528917
MLP,480,169,0.19950676,0,0.0,True,-0.002373420334110525,-0.002663194433788527
MLP,480,169,0.9403294,1,1.0,True,0.03561346830828349,0.03353317055301243
MLP,480,169,0.13758057,0,0.0,True,-0.0004732942377167286,-0.0010135066355310754
MLP,480,169,0.16870254,0,0.0,True,0.0007592143715226934,0.0012779607455495718
MLP,480,169,0.21644907,0,0.0,True,0.00034620794463779514,-4.469336775359711e-05
MLP,480,169,0.35511544,0,0.0,True,0.0003259372539961364,0.0016676254622403563
MLP,480,169,0.19897123,0,0.0,True,0.00020350109515994975,-0.0008280992168979986
MLP,480,169,0.99703133,1,1.0,True,0.039906127671630126,0.029785588168604275
MLP,480,169,0.9666332,1,1.0,True,0.03995921271968312,0.034785325826531335
MLP,480,169,0.18621129,0,0.0,True,-0.002159803736497255,-0.002075014956181768
MLP,480,169,0.31775132,0,0.0,True,-0.0006413074741348909,-0.0018042403333475745
MLP,480,169,0.12046837,0,0.0,True,0.0038327159611298324,0.0006106273628280891
MLP,480,169,0.2969242,0,0.0,True,0.002127766496473583,0.0010893324979133075
MLP,480,169,0.98143137,1,1.0,True,0.042385908053188544,0.03638392379028893
MLP,480,169,0.8699735,1,1.0,True,0.03687081977051952,0.038154253784411125
MLP,480,169,0.9866323,1,1.0,True,0.04472411299359839,0.04126675295053986
MLP,480,169,0.19467859,0,0.0,True,0.0022506988390003065,0.0009776364566500052
MLP,480,169,0.14348109,0,0.0,True,-0.0001659918422207369,-0.0014332338397874751
MLP,480,169,0.2748077,0,0.0,True,0.0011448285841517932,-0.0012572024103521923
MLP,480,169,0.88837576,1,1.0,True,0.040169208778247575,0.03555909574655265
MLP,480,169,0.984945,1,1.0,True,0.03568133455074391,0.0354924768214886
MLP,480,169,0.34429774,0,0.0,True,0.002998510240751173,0.0013082946072071277
MLP,480,169,0.9994863,1,1.0,True,0.033055055916609455,0.03549727309474185
MLP,480,169,0.9768837,1,1.0,True,0.03667125681200178,0.03566446394572795
MLP,480,169,0.20536512,0,0.0,True,-0.0003619382480255964,0.0016142021256092477
MLP,480,169,0.31393635,0,0.0,True,-3.79946886850747e-05,-0.00044299783821099366
MLP,480,169,0.23351094,0,0.0,True,0.0006419911549558573,0.0009779048002628036
MLP,480,169,0.24582891,0,0.0,True,0.0005592728721655211,0.002410523993644218
MLP,480,169,0.15123877,0,0.0,True,0.00019974808820505865,-0.0016809384015356835
MLP,480,169,0.63752097,1,0.0,False,-0.0010787721083368555,-0.0007315888233953746
MLP,480,169,0.13088521,0,0.0,True,-0.0016533269605627972,0.0010013229089711703
MLP,480,169,0.9638378,1,1.0,True,0.02488643307941988,0.03307637989580029
MLP,480,169,0.97112346,1,1.0,True,0.033093250668671415,0.032658249036486196
MLP,480,169,0.188836,0,0.0,True,-0.001957496363693343,-0.0005448977817421182
MLP,480,169,0.15804622,0,0.0,True,-0.0010724830681961243,-0.0023579050812783447
MLP,480,169,0.9938281,1,1.0,True,0.03928557310133812,0.040520957317571556
MLP,480,169,0.97071296,1,1.0,True,0.047863981512016575,0.0344958794005081
MLP,480,169,0.9991775,1,1.0,True,0.037395733335155446,0.04029935366154095
MLP,480,169,0.97340006,1,1.0,True,0.04117040713812897,0.03767794450033949
MLP,480,169,0.99526167,1,1.0,True,0.03452324550747809,0.039919167858488085
MLP,480,169,0.21257363,0,0.0,True,0.0016490936792836557,0.000989053963952653
MLP,480,169,0.9955112,1,1.0,True,0.036834535847275064,0.033577308778598124
MLP,480,169,0.94016784,1,1.0,True,0.03396300393762599,0.03549320817023295
MLP,480,169,0.96821856,1,1.0,True,0.0432498752411046,0.04494523654713572
MLP,480,169,0.19747286,0,0.0,True,-0.0015275171880245791,-0.0014510924164005872
MLP,480,169,0.22648525,0,0.0,True,0.0003997585192681252,0.0015278349397119637
MLP,480,169,0.9977108,1,1.0,True,0.036237367873106476,0.03256237718872593
MLP,480,169,0.1777563,0,0.0,True,0.0009677984415890349,-0.0016950674591350637
MLP,480,169,0.99218845,1,1.0,True,0.04077180072043908,0.042559643142619265
MLP,480,169,0.9934796,1,1.0,True,0.03523865573838943,0.03162260288610914
MLP,480,169,0.6727664,1,0.0,False,-0.001032812342386499,-0.0025226759719450234
MLP,480,169,0.99885285,1,1.0,True,0.03760867689124731,0.034190750095870144
MLP,480,169,0.16317242,0,0.0,True,0.002730989839080873,0.0004257491661033765
MLP,480,169,0.13780397,0,0.0,True,0.0008089089521813805,0.002629683096769717
MLP,480,169,0.16402368,0,0.0,True,0.0032901738195611216,0.0006513665188305684
MLP,480,169,0.99756336,1,1.0,True,0.04080343651602258,0.03677065195614417
MLP,480,169,0.9995302,1,1.0,True,0.03742966616427774,0.03978024962848165
MLP,480,169,0.98030454,1,1.0,True,0.022924704260797065,0.031017440700678908
MLP,480,169,0.15110376,0,0.0,True,0.004181229868468868,0.0034364471394754586
MLP,480,169,0.9911595,1,1.0,True,0.03804350390231397,0.03540974935529881
MLP,480,169,0.99618405,1,1.0,True,0.03170578102026965,0.0317347035577073
MLP,480,169,0.93746305,1,1.0,True,0.04257213911502634,0.03836222200893827
MLP,480,169,0.99785346,1,1.0,True,0.03129576862697521,0.02933358916310394
MLP,480,169,0.17553127,0,0.0,True,0.003644708290856555,0.0027124370071287445
MLP,480,169,0.16115275,0,0.0,True,0.003185223375965273,0.0025266990283299125
MLP,480,169,0.14777216,0,0.0,True,0.0003262298736299879,0.000335327696877505
MLP,480,169,0.1990631,0,0.0,True,-6.1446285076619865e-06,-0.0005503198554887456
MLP,480,169,0.99517137,1,1.0,True,0.02948846443487563,0.032401454300235596
MLP,480,169,0.2890434,0,0.0,True,0.0011287952711443916,0.0003026463195514825
MLP,480,171,0.24576119,0,0.0,True,0.0014726062566615505,0.00038973635087008636
MLP,480,171,0.33845755,0,0.0,True,0.0008049999195954694,0.0014197818219076582
MLP,480,171,0.12918842,0,0.0,True,0.00020581799741609949,0.0019869333042396666
MLP,480,171,0.12618767,0,0.0,True,0.0007654246595151617,0.0007923159621147952
MLP,480,171,0.9846816,1,1.0,True,0.03677567766625758,0.03948353293016365
MLP,480,171,0.18943791,0,0.0,True,-0.004909068397832895,-0.0026718579292296487
MLP,480,171,0.2519315,0,0.0,True,0.0003822092421871984,0.0010835670647070326
MLP,480,171,0.98570156,1,1.0,True,0.03582089298321162,0.03873552822631397
MLP,480,171,0.3481596,0,0.0,True,0.0001957570171397456,-0.0004050656595706938
MLP,480,171,0.14037436,0,0.0,True,0.004765203666720815,0.0023059015538440778
MLP,480,171,0.98648816,1,1.0,True,0.043161963035128974,0.04216628054718023
MLP,480,171,0.1736706,0,0.0,True,0.0017058824135097984,0.0005020523781728576
MLP,480,171,0.15801696,0,0.0,True,-0.0024608342965959907,-0.0019280090321374766
MLP,480,171,0.20600206,0,0.0,True,-0.0006303992913586593,-0.001727968717191848
MLP,480,171,0.9991924,1,1.0,True,0.04725974358835874,0.042014760246739724
MLP,480,171,0.13971792,0,0.0,True,0.000441695700375539,0.0016916240528753869
MLP,480,171,0.7184225,1,1.0,True,0.042440469440634745,0.040651570241277066
MLP,480,171,0.9987098,1,1.0,True,0.027729769271134175,0.03463385346286107
MLP,480,171,0.9961069,1,1.0,True,0.030128710174898234,0.02951576740355075
MLP,480,171,0.9956392,1,1.0,True,0.029592874799787495,0.02868340183082728
MLP,480,171,0.12950052,0,0.0,True,0.0010589784297865361,0.0014999729087731388
MLP,480,171,0.99488443,1,1.0,True,0.03253307313464653,0.03734326038058463
MLP,480,171,0.98997974,1,1.0,True,0.03713163907390342,0.041692622391909046
MLP,480,171,0.9892474,1,1.0,True,0.04436409224305026,0.03962402480991763
MLP,480,171,0.9516075,1,1.0,True,0.04404683439629484,0.03859480921896837
MLP,480,171,0.15775171,0,0.0,True,-0.0010259561526638802,-2.166453382021476e-05
MLP,480,171,0.9989937,1,1.0,True,0.04574766111333513,0.040727066284888876
MLP,480,171,0.24085766,0,0.0,True,0.002936959318365777,-0.0007216126303190155
MLP,480,171,0.14409839,0,0.0,True,-0.0008537224007109151,-0.0009113209696654895
MLP,480,171,0.98410505,1,1.0,True,0.03873797885528284,0.04073736390047108
MLP,480,171,0.9726961,1,1.0,True,0.038499423966416035,0.04118267726447557
MLP,480,171,0.94988734,1,1.0,True,0.029975663411691233,0.02939738368529359
MLP,480,171,0.11802922,0,0.0,True,0.0005934638501171261,0.0009287378727001462
MLP,480,171,0.9591854,1,1.0,True,0.037864162630684164,0.03532167010073484
MLP,480,171,0.99517375,1,1.0,True,0.0360965623678662,0.03534589273866141
MLP,480,171,0.14451624,0,0.0,True,0.0002124375680813119,0.0025069298763402046
MLP,480,171,0.24800429,0,0.0,True,0.0010725852817916968,0.0018527739215223927
MLP,480,171,0.1305347,0,0.0,True,0.001037440967581304,-2.0778676548832354e-06
MLP,480,171,0.1375983,0,0.0,True,0.0025032869688698077,0.0011561216136595693
MLP,480,171,0.9907036,1,1.0,True,0.04342572161288074,0.037497743218215696
MLP,480,171,0.17588174,0,0.0,True,-0.0008201016866986198,-0.0018832702397221447
MLP,480,171,0.997563,1,1.0,True,0.04279667926572152,0.04363106196544081
MLP,480,171,0.9790429,1,1.0,True,0.03914897407991969,0.03606429137694507
MLP,480,171,0.9996408,1,1.0,True,0.03404130801336042,0.03251362754641591
MLP,480,171,0.23043697,0,0.0,True,0.00035342288883674703,-0.00034303048900267454
MLP,480,171,0.9788801,1,1.0,True,0.046100012190325945,0.043478727167474925
MLP,480,171,0.9959078,1,1.0,True,0.034049993495935175,0.04210979364988107
MLP,480,171,0.13564178,0,0.0,True,-0.0011889529191425347,-0.0013208616000130742
MLP,480,171,0.99175644,1,1.0,True,0.03003687709195143,0.0353663244922841
MLP,480,171,0.98589087,1,1.0,True,0.033362050741218174,0.03431217561202815
MLP,480,171,0.2453133,0,0.0,True,-0.00037332230232220225,0.00043658951191881336
MLP,480,171,0.46903864,0,0.0,True,-0.0009527943203623696,0.0010401409476961405
MLP,480,171,0.9802229,1,1.0,True,0.04359766741055919,0.0422192322991565
MLP,480,171,0.51592934,1,0.0,False,-0.0017200793473020964,-0.0006030486116476704
MLP,480,171,0.87641114,1,1.0,True,0.03636191380184675,0.03373931802305547
MLP,480,171,0.19066761,0,0.0,True,-0.0021321966450785134,-0.0006408262897659418
MLP,480,171,0.19027169,0,0.0,True,0.0002953419424642345,0.0001780214642867039
MLP,480,171,0.23388578,0,0.0,True,-0.0013639035977748744,-0.0027803463196257694
MLP,480,171,0.21802472,0,0.0,True,0.0027467779280118424,0.0023359356566294382
MLP,480,171,0.9978695,1,1.0,True,0.02865891381407005,0.0363956573207892
MLP,480,171,0.9723609,1,1.0,True,0.03851768806736193,0.033925256025381836
MLP,480,171,0.24989314,0,0.0,True,0.00014414476181202508,-0.0008745770918029632
MLP,480,171,0.17026974,0,0.0,True,0.0027224062463378808,0.001014171032746792
MLP,480,171,0.9804812,1,1.0,True,0.0348156337338526,0.03702005257950637
MLP,480,171,0.20399843,0,0.0,True,0.001975429036275541,0.002103572235333084
MLP,480,171,0.15926026,0,0.0,True,-0.00033063697938631655,0.00010877740606727105
MLP,480,171,0.19270441,0,0.0,True,0.0035962558717381804,0.0021978451312850244
MLP,480,171,0.99891424,1,1.0,True,0.035038574047990774,0.029806816051975514
MLP,480,171,0.99465287,1,1.0,True,0.04024431478002783,0.03925789993500106
MLP,480,171,0.98066413,1,1.0,True,0.038917864758969946,0.03830099940459087
MLP,480,171,0.99770856,1,1.0,True,0.03574142028232691,0.0331443153217166
MLP,480,171,0.99948967,1,1.0,True,0.040239390450387325,0.039332225124330836
MLP,480,171,0.17911787,0,0.0,True,-0.0022181669284322735,-0.0006530893628536431
MLP,480,171,0.9999505,1,1.0,True,0.03583695142500193,0.03513915471332186
MLP,480,171,0.35280988,0,0.0,True,0.0025181527704949127,0.0012230210601419517
MLP,480,171,0.13336258,0,0.0,True,0.0006346945603835174,0.0013019102436046376
MLP,480,171,0.2769017,0,0.0,True,0.004244542518403614,0.0019544997390551115
MLP,480,171,0.18075752,0,0.0,True,0.002200675795034632,-0.0008491026833560975
MLP,480,171,0.1657258,0,0.0,True,-0.0023949913622174964,-0.0005729766151672183
MLP,480,171,0.9965429,1,1.0,True,0.037480003914144466,0.03620037143352396
MLP,480,171,0.15232685,0,0.0,True,0.0006294609625986483,0.0008000238103430582
MLP,480,171,0.3011895,0,0.0,True,-0.0013326108848522487,0.0006169656462171493
MLP,480,171,0.93596375,1,1.0,True,0.02371930350705552,0.03381916471662884
MLP,480,171,0.26903751,0,0.0,True,-0.002454917345479692,-0.002078862445102427
MLP,480,171,0.16137104,0,0.0,True,0.0027298424496993027,0.0013482222576220882
MLP,480,171,0.91762275,1,1.0,True,0.03166820796712466,0.03608544401642299
MLP,480,171,0.97081864,1,1.0,True,0.03119370859179382,0.03768757428412475
MLP,480,171,0.99732983,1,1.0,True,0.033536832593519146,0.037316295698522656
MLP,480,171,0.16479622,0,0.0,True,0.00011593850391555849,0.000616634017677467
MLP,480,171,0.9949261,1,1.0,True,0.03496910283860747,0.0370948714911531
MLP,480,171,0.14819743,0,0.0,True,-0.002801570998649187,-0.001153798785396583
MLP,480,171,0.2809548,0,0.0,True,-0.0004742231906827175,0.0016325112633625775
MLP,480,171,0.9968342,1,1.0,True,0.03495294426424709,0.03802081669489952
MLP,480,171,0.9991658,1,1.0,True,0.040534849545587046,0.034472248808847014
MLP,480,171,0.9985208,1,1.0,True,0.04432870813878872,0.04042716471671012
MLP,480,171,0.99710244,1,1.0,True,0.03979180163374953,0.03759011900128707
MLP,480,171,0.9445199,1,1.0,True,0.04407895633851218,0.04047570201641579
MLP,480,171,0.98553526,1,1.0,True,0.040213311117143276,0.042079419428522766
MLP,480,171,0.1100062,0,0.0,True,-0.0004563381171059881,0.00017926474455719682
MLP,480,171,0.17070608,0,0.0,True,-0.0007455255151588274,-0.0015864581487943122
MLP,480,173,0.13068676,0,0.0,True,0.0005554082207254406,-0.0014588584406035666
MLP,480,173,0.99989676,1,1.0,True,0.035732136603039796,0.03221274809815219
MLP,480,173,0.13123569,0,0.0,True,0.0019832858519232472,0.0020942012506207277
MLP,480,173,0.9007391,1,1.0,True,0.0329580367824015,0.0378115328998938
MLP,480,173,0.9941757,1,1.0,True,0.036924299339179706,0.03851647986258294
MLP,480,173,0.22215739,0,0.0,True,0.0009473462811272599,0.0017016002438999904
MLP,480,173,0.25893235,0,0.0,True,0.002893889735645697,0.00327585226555005
MLP,480,173,0.18520568,0,0.0,True,-0.0007701623154266167,-0.001549762303104675
MLP,480,173,0.9954437,1,1.0,True,0.03123612787673586,0.03502112431523656
MLP,480,173,0.9617299,1,1.0,True,0.02642605502445885,0.034316578029485956
MLP,480,173,0.14791253,0,0.0,True,-0.0024128892547969423,-0.0016710013833653738
MLP,480,173,0.1454443,0,0.0,True,0.0020930079107333954,0.0034708227767034946
MLP,480,173,0.9974336,1,1.0,True,0.04141948914106711,0.03502431439796388
MLP,480,173,0.99841964,1,1.0,True,0.037268045653669646,0.03662972491479822
MLP,480,173,0.15668239,0,0.0,True,-0.0025883438568568527,0.00016953148303718797
MLP,480,173,0.15742283,0,0.0,True,-0.0026725212046360748,-0.00023266933147922037
MLP,480,173,0.9995535,1,1.0,True,0.03606263228327894,0.03627875457820324
MLP,480,173,0.99487066,1,1.0,True,0.04049792415454786,0.03550142699965913
MLP,480,173,0.99431473,1,1.0,True,0.044511374665460325,0.04106228563162553
MLP,480,173,0.9996025,1,1.0,True,0.038105786631479684,0.038085670943538916
MLP,480,173,0.13638207,0,0.0,True,-0.000561194799623188,-0.0010630335062910266
MLP,480,173,0.9063097,1,1.0,True,0.030392431509172615,0.037076833334885
MLP,480,173,0.9534791,1,1.0,True,0.05087849911173589,0.04199701132805217
MLP,480,173,0.99153966,1,1.0,True,0.036253197881829416,0.042221671684864466
MLP,480,173,0.18339281,0,0.0,True,0.0008490424902529854,-0.0023981129714297253
MLP,480,173,0.124462426,0,0.0,True,0.00208084329167343,0.0014869386568476045
MLP,480,173,0.13840954,0,0.0,True,0.0036360061562779543,0.002420879939733489
MLP,480,173,0.98265934,1,1.0,True,0.040805622279820965,0.038015353813598274
MLP,480,173,0.17533153,0,0.0,True,0.0011386736640226502,-0.00036664306514938566
MLP,480,173,0.99952006,1,1.0,True,0.03117140724296778,0.03610302572177676
MLP,480,173,0.16759698,0,0.0,True,-0.002110238391707361,-0.00032271337160878424
MLP,480,173,0.15560262,0,0.0,True,-0.00027040810993185575,-0.0009672170151390634
MLP,480,173,0.9909643,1,1.0,True,0.033688504042776964,0.03904861301253572
MLP,480,173,0.8489017,1,1.0,True,0.032448627286637076,0.03306964604596729
MLP,480,173,0.99946445,1,1.0,True,0.036639873706504525,0.036207663904571884
MLP,480,173,0.30339697,0,0.0,True,0.0013258916355745685,0.0013671567623332165
MLP,480,173,0.9919511,1,1.0,True,0.03009743730667205,0.03549285785574206
MLP,480,173,0.99679345,1,1.0,True,0.0500072404014778,0.04308382771644876
MLP,480,173,0.350667,0,0.0,True,0.001766151792313955,-0.0006222176254787063
MLP,480,173,0.15315405,0,0.0,True,0.0035472254806910553,0.002706998854060528
MLP,480,173,0.99318177,1,1.0,True,0.03893555644338612,0.03839724539668012
MLP,480,173,0.99328846,1,1.0,True,0.040130557407076106,0.04017222382752391
MLP,480,173,0.22501366,0,0.0,True,-0.0023312624238833995,-0.001184254851246625
MLP,480,173,0.9483503,1,1.0,True,0.034020511990359034,0.03763934893007554
MLP,480,173,0.1316997,0,0.0,True,-0.0005233743291918169,-0.0014380469292893377
MLP,480,173,0.9998306,1,1.0,True,0.04619295754953744,0.04206948928208104
MLP,480,173,0.9923356,1,1.0,True,0.03796480289207309,0.032239087069457224
MLP,480,173,0.9942796,1,1.0,True,0.039325719766899976,0.040106570035126514
MLP,480,173,0.9728697,1,1.0,True,0.040788131838247754,0.04187602549714004
MLP,480,173,0.99792516,1,1.0,True,0.03916662030200532,0.04276443530543802
MLP,480,173,0.97727203,1,1.0,True,0.0428230322353634,0.0380634400439559
MLP,480,173,0.28505278,0,0.0,True,0.0006955871421022973,-0.0006751734909725058
MLP,480,173,0.9977143,1,1.0,True,0.02873059794332041,0.03120278970017648
MLP,480,173,0.9978492,1,1.0,True,0.03869385451819117,0.038234982788124344
MLP,480,173,0.99335253,1,1.0,True,0.033972589237175624,0.035776224945287365
MLP,480,173,0.9977703,1,1.0,True,0.03788369326281495,0.037666954968628305
MLP,480,173,0.98380417,1,1.0,True,0.039652695639932414,0.039123577189938634
MLP,480,173,0.99441385,1,1.0,True,0.04240334421431501,0.04124130200818108
MLP,480,173,0.20796016,0,0.0,True,0.00029423012786452483,0.0005470299134603075
MLP,480,173,0.99930406,1,1.0,True,0.047297497902835856,0.042269665078064594
MLP,480,173,0.99980325,1,1.0,True,0.04058807843944221,0.03757400760542913
MLP,480,173,0.14206599,0,0.0,True,0.0026250248212163103,0.0026408101399337473
MLP,480,173,0.9974337,1,1.0,True,0.04230784515023953,0.04052799034632856
MLP,480,173,0.29125318,0,0.0,True,0.00022360249897674064,0.0010285269389748682
MLP,480,173,0.14417678,0,0.0,True,0.0014775354232930272,-6.68690767338102e-05
MLP,480,173,0.16369863,0,0.0,True,-0.0027058016276798025,-0.003805820111734853
MLP,480,173,0.22174002,0,0.0,True,0.0029484085150545724,0.0021721910208776555
MLP,480,173,0.99946135,1,1.0,True,0.03266297113047749,0.03777282061363268
MLP,480,173,0.14346592,0,0.0,True,5.1128594340759804e-05,0.0006265502050334484
MLP,480,173,0.9976457,1,1.0,True,0.042640501400647256,0.035405248361145954
MLP,480,173,0.9961702,1,1.0,True,0.04245153717368574,0.03965374399853037
MLP,480,173,0.998779,1,1.0,True,0.03217616262841968,0.034896173209869714
MLP,480,173,0.9988167,1,1.0,True,0.04281248870503767,0.04135139344159543
MLP,480,173,0.8790082,1,1.0,True,0.03984961536993113,0.03866084043418782
MLP,480,173,0.9919653,1,1.0,True,0.039361487800496704,0.03820955587133372
MLP,480,173,0.24102859,0,0.0,True,0.0010005674745191793,0.0007578098599653992
MLP,480,173,0.21803121,0,0.0,True,-0.0012013509206555931,-0.0017380550093531618
MLP,480,173,0.16561283,0,0.0,True,-0.002392197483995554,-0.0009274511259445214
MLP,480,173,0.15699562,0,0.0,True,-0.0041495941467185075,-0.002460205990083218
MLP,480,173,0.9958358,1,1.0,True,0.03163839028221548,0.03234764609526965
MLP,480,173,0.9982059,1,1.0,True,0.04276823237267995,0.0433131746005008
MLP,480,173,0.24270345,0,0.0,True,-0.0006058060221705539,0.0001424687430949565
MLP,480,173,0.9894286,1,1.0,True,0.04595013075303723,0.04113647395463054
MLP,480,173,0.9969567,1,1.0,True,0.043466571303390523,0.04129478022889195
MLP,480,173,0.99971014,1,1.0,True,0.03806738942105321,0.039971924646666615
MLP,480,173,0.9983961,1,1.0,True,0.034234151994373636,0.03717812883128217
MLP,480,173,0.19396558,0,0.0,True,0.0002829209766765489,-0.001628485479988548
MLP,480,173,0.89840597,1,1.0,True,0.040961334288758075,0.03987330952874098
MLP,480,173,0.1473911,0,0.0,True,-0.004823857586946926,-0.002242549404542873
MLP,480,173,0.9766781,1,1.0,True,0.02542450590848014,0.02905155544892845
MLP,480,173,0.9652488,1,1.0,True,0.039679326974726724,0.03997443688035945
MLP,480,173,0.2199666,0,0.0,True,-0.001287499685231724,0.0016717733101814021
MLP,480,173,0.1514062,0,0.0,True,-0.0016510309651250942,-0.0019749757947594413
MLP,480,173,0.9842179,1,1.0,True,0.04606827211726947,0.0461120256981576
MLP,480,173,0.9990126,1,1.0,True,0.03125801152198351,0.03345354381656291
MLP,480,173,0.99286616,1,1.0,True,0.028157125253421227,0.03560981401818028
MLP,480,173,0.9989126,1,1.0,True,0.045493029552211385,0.044933197877188684
MLP,480,173,0.20372415,0,0.0,True,-0.001435759419464792,-0.001210864524617632
MLP,480,173,0.13409793,0,0.0,True,-0.0004963961764930644,0.0027859073586910263
MLP,480,173,0.16034622,0,0.0,True,-0.0019760563839538023,0.0003383226600233411
MLP,480,175,0.1475657,0,0.0,True,0.0022944096770926114,0.0028326664127164016
MLP,480,175,0.20640175,0,0.0,True,0.0043202443409153125,0.00243940617129754
MLP,480,175,0.9997172,1,1.0,True,0.03503584855227318,0.03901349762249717
MLP,480,175,0.99767476,1,1.0,True,0.04376522721695272,0.045592787335532244
MLP,480,175,0.18788922,0,0.0,True,-0.0036117173199123834,-0.002222247770133411
MLP,480,175,0.97987044,1,1.0,True,0.04332996284376542,0.039283465064421125
MLP,480,175,0.142577,0,0.0,True,-0.0021813085913220853,-0.0014345559314529414
MLP,480,175,0.98507047,1,1.0,True,0.03916976914525264,0.03717264995965243
MLP,480,175,0.98397946,1,1.0,True,0.04356299635874519,0.03840964444353328
MLP,480,175,0.19306415,0,0.0,True,8.659567472791927e-05,-2.2193028347207603e-05
MLP,480,175,0.9990133,1,1.0,True,0.0465753258818711,0.04197782521424629
MLP,480,175,0.99924624,1,1.0,True,0.03966587331988887,0.04029931046357814
MLP,480,175,0.21805874,0,0.0,True,0.0006482562085499082,0.0002880743968271807
MLP,480,175,0.14731102,0,0.0,True,-0.002025880057477164,-0.0012057516015544858
MLP,480,175,0.9813178,1,1.0,True,0.038812985271321175,0.04050358708637374
MLP,480,175,0.9947083,1,1.0,True,0.0385433817462123,0.0364806543629424
MLP,480,175,0.95530164,1,1.0,True,0.037650624645238884,0.035133820566138785
MLP,480,175,0.1527334,0,0.0,True,0.0007588315848875149,0.0005421544746136855
MLP,480,175,0.88900024,1,1.0,True,0.03181196391380325,0.03637287509474342
MLP,480,175,0.17911854,0,0.0,True,0.00076301333550929,-0.00015028862198179741
MLP,480,175,0.9997452,1,1.0,True,0.039239735560194854,0.040678335074886794
MLP,480,175,0.9977831,1,1.0,True,0.03608050211779722,0.04018457316124723
MLP,480,175,0.955858,1,1.0,True,0.04253466218924652,0.038539098770916276
MLP,480,175,0.16871202,0,0.0,True,0.001761005387998577,0.0019848538291532187
MLP,480,175,0.16928184,0,0.0,True,0.0002503940597028272,0.0010172063649404582
MLP,480,175,0.9996208,1,1.0,True,0.047372617814019455,0.04703030179070907
MLP,480,175,0.2877954,0,0.0,True,-0.0020108700372564316,0.0017618763647547595
MLP,480,175,0.98365396,1,1.0,True,0.038204491880287725,0.036324069335255095
MLP,480,175,0.93902403,1,1.0,True,0.03516810175181354,0.03772526996414046
MLP,480,175,0.979285,1,1.0,True,0.03835253714782141,0.043921996781388785
MLP,480,175,0.13773505,0,0.0,True,-0.002647553465775085,-0.0006517016626994801
MLP,480,175,0.9970119,1,1.0,True,0.03730767263361427,0.03644149113624627
MLP,480,175,0.9986541,1,1.0,True,0.041777983843397676,0.042391538717553016
MLP,480,175,0.2802226,0,0.0,True,0.004088116870672119,0.0030518586654203535
MLP,480,175,0.99566025,1,1.0,True,0.043237865196307,0.043427076718835486
MLP,480,175,0.11943326,0,0.0,True,-0.0008394075222026777,0.00059712460759216
MLP,480,175,0.99837035,1,1.0,True,0.03484584808159478,0.036828980351796374
MLP,480,175,0.97401625,1,1.0,True,0.03761509913647948,0.040165791289529365
MLP,480,175,0.9719963,1,1.0,True,0.04949547329190371,0.04102227876385254
MLP,480,175,0.99978596,1,1.0,True,0.038453581713992636,0.035367992001771306
MLP,480,175,0.2204192,0,0.0,True,0.003766014614561838,0.0031168536927434157
MLP,480,175,0.99842215,1,1.0,True,0.04897268547396869,0.04496951907208661
MLP,480,175,0.99890506,1,1.0,True,0.048042380464216314,0.0425934410014238
MLP,480,175,0.12822303,0,0.0,True,0.003476813185150586,0.0018868512247529779
MLP,480,175,0.9752294,1,1.0,True,0.03710340614275723,0.038377315699645136
MLP,480,175,0.9987012,1,1.0,True,0.04218829335463724,0.03607560563895842
MLP,480,175,0.113635264,0,0.0,True,0.003077872435812791,0.0009345687081388761
MLP,480,175,0.99652714,1,1.0,True,0.036676446587745305,0.03684994514940001
MLP,480,175,0.1884366,0,0.0,True,8.495707388243257e-06,-0.0032438687575180756
MLP,480,175,0.9987778,1,1.0,True,0.03577731693891032,0.038117753067657065
MLP,480,175,0.96449506,1,1.0,True,0.03147757783760194,0.04052491596466383
MLP,480,175,0.17886037,0,0.0,True,-0.0037719562545673966,-0.00185597793682553
MLP,480,175,0.99533564,1,1.0,True,0.042643110999695276,0.03827949514990342
MLP,480,175,0.9888192,1,1.0,True,0.0370295806074168,0.038853281474704536
MLP,480,175,0.18976514,0,0.0,True,-0.0010091495873906908,-0.0017242565743300327
MLP,480,175,0.98035735,1,1.0,True,0.03829533252079582,0.04168348268827241
MLP,480,175,0.21934043,0,0.0,True,-0.0030005092068647854,-0.0020720375474260395
MLP,480,175,0.15315355,0,0.0,True,-0.0010267440198334084,-0.000514033855428347
MLP,480,175,0.9968888,1,1.0,True,0.049121617354949104,0.04466300629170869
MLP,480,175,0.9988772,1,1.0,True,0.03615862989263497,0.03441232243212142
MLP,480,175,0.9838499,1,1.0,True,0.04193119850403837,0.04245323506639131
MLP,480,175,0.92710567,1,1.0,True,0.03579919776072407,0.04147896096563442
MLP,480,175,0.19152643,0,0.0,True,-0.0030401195362532068,-0.0024816382889544823
MLP,480,175,0.18658552,0,0.0,True,-0.0008370094628967324,-0.000350338101454081
MLP,480,175,0.98686373,1,1.0,True,0.046436920622950364,0.046952277859791496
MLP,480,175,0.1765723,0,0.0,True,-0.0008655756110060953,0.0006880037912029691
MLP,480,175,0.99890625,1,1.0,True,0.04707632029987091,0.045244720766742914
MLP,480,175,0.1906377,0,0.0,True,0.0027896832017044884,0.0009029653506235055
MLP,480,175,0.16238149,0,0.0,True,0.0023012446133873995,0.0014154498112330606
MLP,480,175,0.99945945,1,1.0,True,0.04145577475206693,0.037275111697246316
MLP,480,175,0.8347283,1,1.0,True,0.03966582834305864,0.03948518860289685
MLP,480,175,0.14440902,0,0.0,True,-0.0008035938498503746,0.000323244011718704
MLP,480,175,0.43340045,0,0.0,True,0.001980936373527269,0.0008422197876565672
MLP,480,175,0.11905671,0,0.0,True,-0.002094506953930077,-0.0012911944975345052
MLP,480,175,0.16891621,0,0.0,True,0.0010873268673141326,0.0007662829087795156
MLP,480,175,0.15342669,0,0.0,True,-0.0036814246471673076,-0.0018392830200913046
MLP,480,175,0.17440128,0,0.0,True,-0.0017668949399030156,-0.0020165428947855907
MLP,480,175,0.11772954,0,0.0,True,-0.0029488934883751703,-0.002590593416401518
MLP,480,175,0.5692671,1,0.0,False,0.002276872067848451,0.001630665013397391
MLP,480,175,0.99776626,1,1.0,True,0.04910176621311406,0.04506887302217433
MLP,480,175,0.9988262,1,1.0,True,0.04228566756221212,0.039810385914531725
MLP,480,175,0.99881953,1,1.0,True,0.04568530634225753,0.039907590269529926
MLP,480,175,0.95901215,1,1.0,True,0.0389927626347376,0.04050911649221146
MLP,480,175,0.15564135,0,0.0,True,-0.002779715523437517,-0.0005358554268848969
MLP,480,175,0.9968906,1,1.0,True,0.03509877760487309,0.041531594647757575
MLP,480,175,0.9996824,1,1.0,True,0.040021531833466295,0.03732732552763163
MLP,480,175,0.98596454,1,1.0,True,0.037176057768942,0.04447717015590075
MLP,480,175,0.3612184,0,0.0,True,-0.0020729714872575805,-0.001953446963358414
MLP,480,175,0.1156765,0,0.0,True,-0.0030800633960789284,-0.0038319777410184505
MLP,480,175,0.1703569,0,0.0,True,-0.00020014930522716196,-0.0019245271356745637
MLP,480,175,0.99908197,1,1.0,True,0.04115900974292321,0.04597415960894606
MLP,480,175,0.1285298,0,0.0,True,0.002500871661176575,0.0005400063711425842
MLP,480,175,0.22681783,0,0.0,True,0.00033963012242300733,-0.000848778789244755
MLP,480,175,0.9995622,1,1.0,True,0.03489031600378538,0.04025147438757713
MLP,480,175,0.9994055,1,1.0,True,0.0341504143053534,0.03930705407778467
MLP,480,175,0.9220863,1,1.0,True,0.03849196269149903,0.039816459738693986
MLP,480,175,0.1279385,0,0.0,True,-0.0029669364583102616,-0.0022995625098242126
MLP,480,175,0.14395635,0,0.0,True,0.001436675913908471,0.0009462126331968532
MLP,480,175,0.9999498,1,1.0,True,0.042065845725231414,0.035907923700604714
MLP,480,175,0.9289006,1,1.0,True,0.044496238848264445,0.04096926083655035
MLP,480,176,0.26358828,0,0.0,True,0.001982742722847459,-0.0008277828448287815
MLP,480,176,0.15997462,0,0.0,True,-0.0009253020446094957,-0.0005868301899952112
MLP,480,176,0.18835028,0,0.0,True,0.0007785678813930283,-5.1965973957264287e-05
MLP,480,176,0.9997236,1,1.0,True,0.043257489776546365,0.04361157059927856
MLP,480,176,0.952907,1,1.0,True,0.038259419336730625,0.03673603852828616
MLP,480,176,0.67886573,1,0.0,False,-0.0014937651267125955,-0.001428979551528852
MLP,480,176,0.9865329,1,1.0,True,0.042624259727255386,0.038468419367667255
MLP,480,176,0.17534918,0,0.0,True,0.0022496127118450567,0.00024058496665559215
MLP,480,176,0.9980835,1,1.0,True,0.03291578456864331,0.035366602242698386
MLP,480,176,0.9905223,1,1.0,True,0.04673800284342077,0.04386924179612293
MLP,480,176,0.15993,0,0.0,True,0.0025388510190381694,0.001827471337218517
MLP,480,176,0.98691756,1,1.0,True,0.0504685896422556,0.046515624649924314
MLP,480,176,0.9984499,1,1.0,True,0.03739536228424684,0.039459103849160924
MLP,480,176,0.9951047,1,1.0,True,0.034602158401980415,0.03659764454890928
MLP,480,176,0.99778444,1,1.0,True,0.03476551576946149,0.03789792354954974
MLP,480,176,0.99553704,1,1.0,True,0.03506379564889652,0.03796544575123682
MLP,480,176,0.9921165,1,1.0,True,0.04273547707159816,0.0406679593436811
MLP,480,176,0.9799027,1,1.0,True,0.03949859920518998,0.0400878126825119
MLP,480,176,0.17085382,0,0.0,True,-0.00041221636754926107,-0.0011573025140132042
MLP,480,176,0.15322572,0,0.0,True,0.0026091215155019504,0.00012582184652462232
MLP,480,176,0.14777423,0,0.0,True,-0.0005273832427043715,-0.00019691858682983738
MLP,480,176,0.9993968,1,1.0,True,0.04015968067921973,0.046200685342886544
MLP,480,176,0.1439615,0,0.0,True,0.00046972890279839186,-0.0009622092736583324
MLP,480,176,0.96463305,1,1.0,True,0.039873942963757174,0.038052211399229895
MLP,480,176,0.99919695,1,1.0,True,0.04289935479030892,0.041026443370280816
MLP,480,176,0.99381,1,1.0,True,0.03552691826501826,0.03825577987066268
MLP,480,176,0.99157083,1,1.0,True,0.041198220282589924,0.04151955070212883
MLP,480,176,0.14000264,0,0.0,True,0.0020637498531358486,0.0015831677173331847
MLP,480,176,0.15002507,0,0.0,True,0.0038433008264771207,0.0026367972733424695
MLP,480,176,0.9996306,1,1.0,True,0.040932036945328105,0.03523134477796712
MLP,480,176,0.99953914,1,1.0,True,0.04403671272527664,0.04189892314431733
MLP,480,176,0.31046432,0,0.0,True,0.003824267776365888,0.002635363478292708
MLP,480,176,0.9992235,1,1.0,True,0.03766667957079375,0.0372093303468027
MLP,480,176,0.90270245,1,1.0,True,0.04902441054437393,0.047873802065471475
MLP,480,176,0.15792632,0,0.0,True,-0.0011319328942100797,-0.0007327672404217541
MLP,480,176,0.5324179,1,0.0,False,0.0017482607883000244,0.0006659594842279127
MLP,480,176,0.9970618,1,1.0,True,0.0417302434442468,0.04424594282835048
MLP,480,176,0.9941847,1,1.0,True,0.03638521872269199,0.03891644508632433
MLP,480,176,0.9898527,1,1.0,True,0.04669151242778981,0.04226931930036835
MLP,480,176,0.9998429,1,1.0,True,0.043524842362827644,0.04383222869054294
MLP,480,176,0.16602312,0,0.0,True,-0.0005906221379663569,-0.0017971419494023874
MLP,480,176,0.9981323,1,1.0,True,0.039461145545984774,0.040468311243977956
MLP,480,176,0.15872073,0,0.0,True,0.0018002923080588434,0.001210004864977119
MLP,480,176,0.21467544,0,0.0,True,0.0015221321701099687,0.0016630436770141363
MLP,480,176,0.99956554,1,1.0,True,0.038660888441105226,0.04016909456109013
MLP,480,176,0.99527943,1,1.0,True,0.03825556327453032,0.04129112715899462
MLP,480,176,0.22999221,0,0.0,True,-0.0010014295726137594,-0.00024937689421440363
MLP,480,176,0.15073554,0,0.0,True,0.0016023883016158137,0.0016955217940659657
MLP,480,176,0.15998948,0,0.0,True,-0.0013588371896965058,-0.0008115638620552979
MLP,480,176,0.996161,1,1.0,True,0.04546367413921572,0.04526598044761243
MLP,480,176,0.14399198,0,0.0,True,-0.0027882217040762916,0.001127932564159549
MLP,480,176,0.18965611,0,0.0,True,-0.003473786047496877,-0.0020580775484964602
MLP,480,176,0.14876294,0,0.0,True,0.0013905031905024126,0.00044289929538020756
MLP,480,176,0.14948139,0,0.0,True,-0.0007370237885003374,-0.0022442305517293695
MLP,480,176,0.9856236,1,1.0,True,0.04369852911868228,0.0475037453988639
MLP,480,176,0.33328906,0,0.0,True,-0.0036475810553074826,-0.0012174776144885766
MLP,480,176,0.17906393,0,0.0,True,0.003944375403412132,0.0010359680023590953
MLP,480,176,0.99917275,1,1.0,True,0.047861262397726076,0.04905174096045471
MLP,480,176,0.2718102,0,0.0,True,-0.0038793593318321136,-0.0019588636370220405
MLP,480,176,0.14004472,0,0.0,True,0.0009423147886864394,0.0022935587251784947
MLP,480,176,0.21482708,0,0.0,True,0.0012157072766563776,0.0008035375728560508
MLP,480,176,0.9839362,1,1.0,True,0.0501258840360742,0.04635528765625509
MLP,480,176,0.12329265,0,0.0,True,0.0005403456917312523,0.0005238450791216144
MLP,480,176,0.19333582,0,0.0,True,0.0024495057259672727,0.0009672932666433063
MLP,480,176,0.9999341,1,1.0,True,0.04007287036977964,0.038659630314419775
MLP,480,176,0.15340312,0,0.0,True,-0.00011326515803939438,-0.0023469329563166174
MLP,480,176,0.18873234,0,0.0,True,0.0008086832819354197,0.002673017021532528
MLP,480,176,0.17279163,0,0.0,True,0.004279363130626918,0.004070441368894471
MLP,480,176,0.9958972,1,1.0,True,0.03116727516786675,0.03423023611895655
MLP,480,176,0.99244624,1,1.0,True,0.034681220371697755,0.03360628115354197
MLP,480,176,0.9998994,1,1.0,True,0.05165853710680736,0.04892799481064588
MLP,480,176,0.2960596,0,0.0,True,-0.0019768018471031054,-0.0017568273863729877
MLP,480,176,0.9887601,1,1.0,True,0.043476101159970464,0.04393062884928107
MLP,480,176,0.1995485,0,0.0,True,-0.000224905336709671,0.0009071311359113507
MLP,480,176,0.17062186,0,0.0,True,0.003624946360093081,0.00016295158502752576
MLP,480,176,0.13095348,0,0.0,True,0.0031249053959459807,0.001665386233965593
MLP,480,176,0.98214287,1,1.0,True,0.04361873086878011,0.03975521902280966
MLP,480,176,0.9901288,1,1.0,True,0.041659461763928846,0.04059237983157698
MLP,480,176,0.99884206,1,1.0,True,0.044448903605101876,0.04219254876732965
MLP,480,176,0.2135863,0,0.0,True,-0.001184074821229888,-0.0014596580896022238
MLP,480,176,0.5937096,1,0.0,False,0.004042129996658064,0.0036720235829540257
MLP,480,176,0.18439667,0,0.0,True,0.00018264092643258527,0.0011885754977965031
MLP,480,176,0.98893845,1,1.0,True,0.03855156681952802,0.03895316361877044
MLP,480,176,0.9993187,1,1.0,True,0.03758741662497097,0.04120556971821947
MLP,480,176,0.25218907,0,0.0,True,-0.001339629150172853,-0.0004441343855800643
MLP,480,176,0.99319386,1,1.0,True,0.03853210290377435,0.0448242629949257
MLP,480,176,0.9814781,1,1.0,True,0.04156129615790938,0.0399449365738523
MLP,480,176,0.16128072,0,0.0,True,-0.003147234323518554,-0.0019488827018365063
MLP,480,176,0.9991487,1,1.0,True,0.0486064102378056,0.04521318600924575
MLP,480,176,0.12925526,0,0.0,True,0.00011494720214054013,0.0016042372497741787
MLP,480,176,0.13296302,0,0.0,True,-0.002213958694037175,0.0009269694433632314
MLP,480,176,0.15504004,0,0.0,True,-0.0020703701327259003,-0.0023381173351431947
MLP,480,176,0.9986129,1,1.0,True,0.03688218450567158,0.037734795349628925
MLP,480,176,0.15562654,0,0.0,True,-0.002490162841955182,-0.0008947229044947831
MLP,480,176,0.9966569,1,1.0,True,0.041135361441239214,0.03975929989793235
MLP,480,176,0.1515364,0,0.0,True,0.002536842148955574,4.030570708610987e-05
MLP,480,176,0.20914753,0,0.0,True,0.001014410080387905,0.0002756796381946605
MLP,480,176,0.99426126,1,1.0,True,0.037814135208519256,0.0409071674968819
MLP,480,176,0.943897,1,1.0,True,0.03659537091137345,0.04057809880695099
MLP,480,176,0.9852963,1,1.0,True,0.04342462544049135,0.04047955334091375
MLP,480,178,0.11256051,0,0.0,True,-0.0017058177947254943,-0.0007236231129823205
MLP,480,178,0.15358837,0,0.0,True,-0.0009234563905851372,-0.0025742755564208035
MLP,480,178,0.19785137,0,0.0,True,0.0021208476398784184,0.0022186867768620375
MLP,480,178,0.2940567,0,0.0,True,-0.001328531910409889,0.00036848388257231104
MLP,480,178,0.92435426,1,1.0,True,0.03650940555513355,0.04247726381288161
MLP,480,178,0.9996977,1,1.0,True,0.03519427274718052,0.03764306962333022
MLP,480,178,0.16752195,0,0.0,True,0.001904244338312654,0.0021287013500611075
MLP,480,178,0.14195034,0,0.0,True,-0.001914167924522998,-0.0009714547658083861
MLP,480,178,0.12065756,0,0.0,True,0.00031141135930447966,0.0011914163718507334
MLP,480,178,0.12593052,0,0.0,True,-0.0027598445525921778,-0.0027757858522449077
MLP,480,178,0.99565446,1,1.0,True,0.03922532796919387,0.03393716040672602
MLP,480,178,0.20970778,0,0.0,True,0.00021395864291082168,0.0023781766838031587
MLP,480,178,0.18930812,0,0.0,True,0.001156674444608672,-0.00028325510595698277
MLP,480,178,0.1348933,0,0.0,True,0.0006468281290818055,-0.0007412215075193617
MLP,480,178,0.9848162,1,1.0,True,0.033368108119644566,0.035571215184868735
MLP,480,178,0.17192358,0,0.0,True,-0.004333014762463942,-0.0018206314163416173
MLP,480,178,0.99576294,1,1.0,True,0.0418665033214909,0.03712537263679877
MLP,480,178,0.17602478,0,0.0,True,-0.0051950769309267895,-0.0016390225879554048
MLP,480,178,0.1863492,0,0.0,True,-0.0008459463129419366,0.0008686277287387185
MLP,480,178,0.16742,0,0.0,True,-0.003220856177639101,-2.5236013354518956e-06
MLP,480,178,0.99926573,1,1.0,True,0.03900158741168302,0.04499782534044604
MLP,480,178,0.99888486,1,1.0,True,0.04059927633078804,0.04269060197376804
MLP,480,178,0.11685045,0,0.0,True,-0.0015298133167256595,-2.908346796350272e-05
MLP,480,178,0.97008497,1,1.0,True,0.04340619650995193,0.04127009911438519
MLP,480,178,0.25422493,0,0.0,True,0.005015056618047201,0.003222153280119377
MLP,480,178,0.99784577,1,1.0,True,0.03035709835518071,0.03580911892807385
MLP,480,178,0.995201,1,1.0,True,0.04246636073255255,0.04355585503602446
MLP,480,178,0.9947324,1,1.0,True,0.05368530644795904,0.04839820726453784
MLP,480,178,0.99868447,1,1.0,True,0.047241659060229715,0.0441705477391436
MLP,480,178,0.97779536,1,1.0,True,0.03522832638650012,0.03604875530224942
MLP,480,178,0.996296,1,1.0,True,0.0433628856309045,0.04059122252512937
MLP,480,178,0.99528897,1,1.0,True,0.04790186887948068,0.05073016049663422
MLP,480,178,0.14033917,0,0.0,True,0.0024001611417445085,0.0017236104497554046
MLP,480,178,0.12788805,0,0.0,True,-0.0018047213780462723,-0.0007093457207953927
MLP,480,178,0.14174926,0,0.0,True,-0.0012442937292251365,-0.0006099076923987935
MLP,480,178,0.9994703,1,1.0,True,0.04438937560182429,0.041505633446153156
MLP,480,178,0.98841536,1,1.0,True,0.035191196526263936,0.036709687311546245
MLP,480,178,0.98078144,1,1.0,True,0.045697234094273884,0.03555657118436527
MLP,480,178,0.11463977,0,0.0,True,-0.0024966601929944,-0.0038092540179538864
MLP,480,178,0.99781275,1,1.0,True,0.04986673446496318,0.04545254698607352
MLP,480,178,0.98476464,1,1.0,True,0.05238316141711842,0.04766626388247183
MLP,480,178,0.9957004,1,1.0,True,0.03680416275103459,0.0383361759846226
MLP,480,178,0.9895936,1,1.0,True,0.04133547276400003,0.044182134176749335
MLP,480,178,0.9938776,1,1.0,True,0.040207767274894696,0.03862360518795316
MLP,480,178,0.9948003,1,1.0,True,0.04317816276542216,0.040173439475200565
MLP,480,178,0.16321765,0,0.0,True,-0.001409209993106874,-0.0013671482280381685
MLP,480,178,0.12688372,0,0.0,True,-0.003210522951684551,-0.00297869391816819
MLP,480,178,0.9999827,1,1.0,True,0.037896675089882495,0.038132871564859096
MLP,480,178,0.99678,1,1.0,True,0.032371983477851765,0.03298883221872769
MLP,480,178,0.18874414,0,0.0,True,0.0017831399660236053,-0.0004485495035383965
MLP,480,178,0.99998903,1,1.0,True,0.047015831414240025,0.04624244108479597
MLP,480,178,0.5346492,1,0.0,False,0.0038965379970483213,0.0021677191211308816
MLP,480,178,0.1148426,0,0.0,True,-0.0028145646737667454,-0.0016287636464952
MLP,480,178,0.99705696,1,1.0,True,0.04857478543196025,0.04587320406821862
MLP,480,178,0.9975986,1,1.0,True,0.04044950423181739,0.04369605777552392
MLP,480,178,0.3489621,0,0.0,True,0.004256036651409158,0.0016132782064111522
MLP,480,178,0.13579193,0,0.0,True,0.0001931139967448248,0.000363416039614927
MLP,480,178,0.9947442,1,1.0,True,0.030756824975521697,0.030967531968632455
MLP,480,178,0.9973008,1,1.0,True,0.045963033555257334,0.04712543580359829
MLP,480,178,0.15424284,0,0.0,True,-0.0009919944273814095,-0.0008275881888180061
MLP,480,178,0.23585083,0,0.0,True,0.0002603359103955731,-0.0014373692103966651
MLP,480,178,0.22392905,0,0.0,True,0.001634686679940113,0.000743810950004345
MLP,480,178,0.12962039,0,0.0,True,-0.0008132483540136369,0.00011786830591295266
MLP,480,178,0.13282473,0,0.0,True,0.004249237458531156,0.0024728188216106765
MLP,480,178,0.16501994,0,0.0,True,-0.0026570893408512687,-0.0028422774956022427
MLP,480,178,0.9921216,1,1.0,True,0.03241963153836122,0.0377741090489807
MLP,480,178,0.119878635,0,0.0,True,0.0003413430239846741,-0.001129945339808004
MLP,480,178,0.20327649,0,0.0,True,-0.004569681484622358,-0.0012788044948144693
MLP,480,178,0.2577439,0,0.0,True,0.00025706784594865643,0.0007929244533789496
MLP,480,178,0.99152184,1,1.0,True,0.04708594527479172,0.04799379839900587
MLP,480,178,0.9966832,1,1.0,True,0.03567113799031273,0.04450979994324049
MLP,480,178,0.99640167,1,1.0,True,0.04479776928599697,0.04439130441870103
MLP,480,178,0.20984711,0,0.0,True,0.0003987402038913626,-0.0009114733456019261
MLP,480,178,0.1319829,0,0.0,True,0.0015654452876025249,0.0004177934230024423
MLP,480,178,0.9991405,1,1.0,True,0.04521264939498028,0.041298215772154936
MLP,480,178,0.15082653,0,0.0,True,-0.00036200817877527576,-0.0015687214462344742
MLP,480,178,0.9994592,1,1.0,True,0.04407397778437022,0.04749618737122706
MLP,480,178,0.6498378,1,0.0,False,-4.4433914274684416e-05,-0.0012244056330010468
MLP,480,178,0.29441717,0,0.0,True,-2.041434969124819e-05,-0.0007432917223822125
MLP,480,178,0.99964905,1,1.0,True,0.03706440888719759,0.04207490164226343
MLP,480,178,0.98061556,1,1.0,True,0.037593688456798384,0.0357293865544926
MLP,480,178,0.9984664,1,1.0,True,0.044062585477471515,0.04472588294963511
MLP,480,178,0.17723407,0,0.0,True,-0.002167438807365834,-0.0025310925084359214
MLP,480,178,0.18163267,0,0.0,True,-0.0020442044050113426,0.0006138749080234552
MLP,480,178,0.14172879,0,0.0,True,0.002607949305603899,0.0004340135086649666
MLP,480,178,0.99919647,1,1.0,True,0.044569404233618916,0.03998029530753622
MLP,480,178,0.9908648,1,1.0,True,0.04485060259738741,0.04396155646344568
MLP,480,178,0.16929576,0,0.0,True,-0.0038334847021546953,-0.0009727177609306334
MLP,480,178,0.99994254,1,1.0,True,0.05011130000924344,0.04378993745791707
MLP,480,178,0.9999938,1,1.0,True,0.0381571285246932,0.041963097483165984
MLP,480,178,0.99935454,1,1.0,True,0.04203192793175721,0.042709653586409116
MLP,480,178,0.11779217,0,0.0,True,0.00268250376635956,0.003747655867096175
MLP,480,178,0.99745923,1,1.0,True,0.05342709354467502,0.05002578043699802
MLP,480,178,0.9231285,1,1.0,True,0.04797312464114129,0.04017338362992456
MLP,480,178,0.3032839,0,0.0,True,-0.0009910287628759084,-0.0014229639267103816
MLP,480,178,0.997331,1,1.0,True,0.05464324024635452,0.04615085614770359
MLP,480,178,0.19435075,0,0.0,True,-0.0011121289749694723,-0.0013095627351160945
MLP,480,178,0.2348913,0,0.0,True,0.0004788906726909782,0.0013197267779859983
MLP,480,178,0.99894327,1,1.0,True,0.03368941474450888,0.038165157705558415
MLP,480,178,0.9996264,1,1.0,True,0.053065332008229334,0.04634987074701319
MLP,480,180,0.9858133,1,1.0,True,0.0460893847094264,0.044410541023118644
MLP,480,180,0.23689339,0,0.0,True,-0.001782684807522777,-0.002015201091915771
MLP,480,180,0.1405043,0,0.0,True,0.0009978557850126803,0.0007899230118002886
MLP,480,180,0.9958488,1,1.0,True,0.03660330713347237,0.04495345212086246
MLP,480,180,0.9992981,1,1.0,True,0.03843668639468103,0.042283546557194206
MLP,480,180,0.9920142,1,1.0,True,0.045944819165546054,0.04221742122279497
MLP,480,180,0.15257433,0,0.0,True,0.0007732452534682917,-0.0001574794691335687
MLP,480,180,0.23292133,0,0.0,True,-0.0007843295216403906,-0.0011594176154956738
MLP,480,180,0.9999912,1,1.0,True,0.0471466120621268,0.04930859752770011
MLP,480,180,0.1892683,0,0.0,True,-0.0023051483653673097,-0.002246583693313688
MLP,480,180,0.99938476,1,1.0,True,0.05560149386484992,0.055237152389820666
MLP,480,180,0.998934,1,1.0,True,0.045649061701715746,0.047743302387255736
MLP,480,180,0.36520183,0,0.0,True,-0.004532167412512611,-0.000252697136984232
MLP,480,180,0.9997197,1,1.0,True,0.049303537144899365,0.04865845871410917
MLP,480,180,0.9999485,1,1.0,True,0.026225646319554718,0.033685085767030214
MLP,480,180,0.93330324,1,1.0,True,0.04163537864425525,0.043537354512170175
MLP,480,180,0.16556431,0,0.0,True,0.0011171724170183654,0.0004395621380334982
MLP,480,180,0.9973617,1,1.0,True,0.03858722708815232,0.040255790940903736
MLP,480,180,0.9995478,1,1.0,True,0.04176073025809492,0.04500831572871185
MLP,480,180,0.15764327,0,0.0,True,-0.003167046201966182,-0.0015855628527776113
MLP,480,180,0.99939597,1,1.0,True,0.04888390493018502,0.047271869071779854
MLP,480,180,0.997113,1,1.0,True,0.04486666727319921,0.04184392183038835
MLP,480,180,0.2815706,0,0.0,True,0.0003043809921870486,0.0005267303696029947
MLP,480,180,0.98580766,1,1.0,True,0.04514604485678379,0.044091532032774695
MLP,480,180,0.19902879,0,0.0,True,-0.0002491769758593427,0.001432038830902442
MLP,480,180,0.185405,0,0.0,True,-0.0005389239550775461,0.0003090767057136696
MLP,480,180,0.1276976,0,0.0,True,0.0005386203237804355,0.0017802975027201347
MLP,480,180,0.15580459,0,0.0,True,0.0006954913664127917,0.0010053843780648798
MLP,480,180,0.99535227,1,1.0,True,0.04808606162859251,0.04448355296562469
MLP,480,180,0.31647566,0,0.0,True,0.002102267617387743,0.0013864458008633143
MLP,480,180,0.12657765,0,0.0,True,0.0012749421619366935,-0.0005001933412804355
MLP,480,180,0.18541521,0,0.0,True,0.0024526026340822987,0.00023908606287505885
MLP,480,180,0.99984384,1,1.0,True,0.047849547644319694,0.04216939428608373
MLP,480,180,0.14132673,0,0.0,True,-0.0002995814399118814,0.0026998067703756317
MLP,480,180,0.1232268,0,0.0,True,-0.0023201827695885223,-0.0009681857323331677
MLP,480,180,0.9998267,1,1.0,True,0.044582089031150095,0.04600687005867056
MLP,480,180,0.99457175,1,1.0,True,0.03956864464617702,0.04270809380915507
MLP,480,180,0.99960643,1,1.0,True,0.04234752852187764,0.04603015921514169
MLP,480,180,0.12180606,0,0.0,True,0.0009716092593955733,0.0008115347069192506
MLP,480,180,0.99987686,1,1.0,True,0.04083842824105732,0.04193091550386458
MLP,480,180,0.4336111,0,0.0,True,0.0013826010009511766,0.00046531490846459954
MLP,480,180,0.15313224,0,0.0,True,0.003418566652720792,0.0014149957628197699
MLP,480,180,0.17090404,0,0.0,True,-0.002762513493208975,-0.000805512496839419
MLP,480,180,0.1866666,0,0.0,True,0.0005536621729443988,0.0014163684098395491
MLP,480,180,0.98338056,1,1.0,True,0.05459289408953824,0.04777080224495505
MLP,480,180,0.17219722,0,0.0,True,0.0018051538882177072,0.0004141941366641008
MLP,480,180,0.15818211,0,0.0,True,-0.001265388790236909,0.0006746626546887265
MLP,480,180,0.1963643,0,0.0,True,0.00031163753905154605,0.00032522598143153983
MLP,480,180,0.27108133,0,0.0,True,-0.002162048275153665,-0.0007664186155161784
MLP,480,180,0.91493976,1,1.0,True,0.05069657195355829,0.04537167303777163
MLP,480,180,0.15058523,0,0.0,True,1.7075043359420487e-05,0.0010056890918482332
MLP,480,180,0.2380038,0,0.0,True,0.0006168471968397485,-0.0004930496129125214
MLP,480,180,0.9959097,1,1.0,True,0.04804783222102299,0.04251176389801233
MLP,480,180,0.19743896,0,0.0,True,-0.0008626511866644921,-0.0007154872349483871
MLP,480,180,0.99758637,1,1.0,True,0.046725315147208554,0.04167110090864677
MLP,480,180,0.14848927,0,0.0,True,0.0004458868181623959,-0.0013257694968302999
MLP,480,180,0.99752265,1,1.0,True,0.04308485027627676,0.04230149215471715
MLP,480,180,0.18350996,0,0.0,True,-0.001130819077256918,-0.001227792958539025
MLP,480,180,0.9992354,1,1.0,True,0.05356944676923993,0.050311022735056686
MLP,480,180,0.38074157,0,0.0,True,0.001996358374840074,0.00046178633274183615
MLP,480,180,0.99506336,1,1.0,True,0.03612480829202108,0.04276505984006049
MLP,480,180,0.36124122,0,0.0,True,0.003120859551021657,0.0017179554222516466
MLP,480,180,0.9995413,1,1.0,True,0.03553371346769987,0.0358453097077667
MLP,480,180,0.9941286,1,1.0,True,0.03921782346176196,0.04337302917662845
MLP,480,180,0.99265337,1,1.0,True,0.034358386905477344,0.04533993615118351
MLP,480,180,0.15136023,0,0.0,True,0.00258179625619398,0.0023064026529902837
MLP,480,180,0.99756646,1,1.0,True,0.0420886630551636,0.04801897271803257
MLP,480,180,0.18335432,0,0.0,True,0.0007125203480414063,0.0002604296184260635
MLP,480,180,0.994001,1,1.0,True,0.04713155585050629,0.04463280815341517
MLP,480,180,0.9900232,1,1.0,True,0.0354741142545454,0.036109976457252745
MLP,480,180,0.17381953,0,0.0,True,0.00034034601335618757,0.00032332609661912424
MLP,480,180,0.44048265,0,0.0,True,-0.0012440291217966897,-4.36813257541181e-05
MLP,480,180,0.14864023,0,0.0,True,0.002347078835493546,0.002162339012049647
MLP,480,180,0.98586816,1,1.0,True,0.03698279662687385,0.03620848488457866
MLP,480,180,0.6360665,1,0.0,False,-0.0021326667202789663,-0.0021044043919297797
MLP,480,180,0.28343794,0,0.0,True,0.0008241468019136875,-0.0025363517145797266
MLP,480,180,0.9986998,1,1.0,True,0.04327638365631642,0.04322121961680049
MLP,480,180,0.24163859,0,0.0,True,0.0012292026721930052,0.0011825138522496908
MLP,480,180,0.999838,1,1.0,True,0.034513501166494126,0.041838984232059506
MLP,480,180,0.9998116,1,1.0,True,0.04129055441769402,0.04679711235299443
MLP,480,180,0.19576533,0,0.0,True,-0.0009427931847302903,-0.0007043917748058235
MLP,480,180,0.28399962,0,0.0,True,-0.0002705117088553229,-0.0013157501900054908
MLP,480,180,0.9981603,1,1.0,True,0.04484930760111214,0.043362676872706764
MLP,480,180,0.15718322,0,0.0,True,-0.001200453880145755,-0.0011146291167393543
MLP,480,180,0.9986731,1,1.0,True,0.03594112662874889,0.04617583402455237
MLP,480,180,0.1799845,0,0.0,True,0.004236213444640103,0.0027778913609212345
MLP,480,180,0.1529612,0,0.0,True,-0.0008116558802831522,-0.0023587449593163844
MLP,480,180,0.9995127,1,1.0,True,0.044284774421630285,0.04090474178588327
MLP,480,180,0.1787691,0,0.0,True,-0.0025145455847442695,-0.0020643385218338506
MLP,480,180,0.9997147,1,1.0,True,0.04439800631714477,0.04184948310502429
MLP,480,180,0.34965232,0,0.0,True,0.0026251536996750534,0.003002202008411486
MLP,480,180,0.99855024,1,1.0,True,0.045966945817844246,0.04542678906651799
MLP,480,180,0.133662,0,0.0,True,0.0025400093907259917,0.0020680830162764442
MLP,480,180,0.3197373,0,0.0,True,0.0005851073810372831,-0.00031114250881057563
MLP,480,180,0.9961499,1,1.0,True,0.05633074594113305,0.051359780576377904
MLP,480,180,0.99883336,1,1.0,True,0.056756326285800705,0.05563653723223555
MLP,480,180,0.9975973,1,1.0,True,0.03980368704373586,0.03547858425197993
MLP,480,180,0.2856377,0,0.0,True,0.002060107829550839,-0.0012814985440133494
MLP,480,180,0.99905974,1,1.0,True,0.05046530907594569,0.04765264262113554
MLP,480,180,0.25302473,0,0.0,True,0.000448593912482047,-0.0007432266100604723
