TP,FP,TN,FN,precision,recall,F1,AUC_ROC,total_params
5109,0,7934,2957,0.9999999999999805,0.6333994545003641,0.7755597722485221,0.958582501333997,0
