TP,FP,TN,FN,precision,recall,F1,AUC_ROC,total_params
7595,275,7728,402,0.96505717916136,0.9497311491809309,0.957332829092236,0.9964726870039715,0
