TP,FP,TN,FN,precision,recall,F1,AUC_ROC,total_params
7440,2340,5742,478,0.7607361963190106,0.93963122000504,0.8407729686475718,0.958189154123005,0
