TP,FP,TN,FN,precision,recall,F1,AUC_ROC,total_params
2800,0,5657,2743,0.9999999999999643,0.5051416200613295,0.6712213831508818,0.9049416184731639,0
