TP,FP,TN,FN,precision,recall,F1,AUC_ROC,total_params
4688,0,7988,3324,0.9999999999999787,0.5851223165252049,0.7382677164888467,0.9409433593100585,0
