TP,FP,TN,FN,precision,recall,F1,AUC_ROC,total_params
7140,2186,5755,919,0.7656015440703328,0.8859660007444983,0.821397756637055,0.920611408567394,0
