TP,FP,TN,FN,precision,recall,F1,AUC_ROC,total_params
4375,0,8026,3599,0.9999999999999771,0.5486581389515858,0.708559397476302,0.9290447349100124,0
