TP,FP,TN,FN,precision,recall,F1,AUC_ROC,total_params
4737,1227,4369,867,0.7942655935613548,0.845289079229107,0.8189834024396607,0.9025318858581051,0
