TP,FP,TN,FN,precision,recall,F1,AUC_ROC,total_params
7207,445,7545,803,0.9418452692106516,0.8997503121098515,0.92031669002791,0.9875993946865541,0
