TP,FP,TN,FN,precision,recall,F1,AUC_ROC,total_params
5098,2475,3123,504,0.6731810378977859,0.9100321313816332,0.7738899430251112,0.9118710984529461,0
