TP,FP,TN,FN,precision,recall,F1,AUC_ROC,total_params
7569,2946,5145,340,0.7198288159771686,0.9570110001264261,0.8216456794994066,0.9637741408384419,0
