TP,FP,TN,FN,precision,recall,F1,AUC_ROC,total_params
4975,0,7984,3041,0.9999999999999799,0.6206337325349224,0.7659148640894381,0.9529486321070284,0
