TP,FP,TN,FN,precision,recall,F1,AUC_ROC,total_params
7531,288,7730,451,0.9631666453510556,0.9434978702079561,0.9532308081266908,0.9957442128300774,0
