TP,FP,TN,FN,precision,recall,F1,AUC_ROC,total_params
4852,0,7927,3221,0.9999999999999793,0.6010157314505066,0.7507930367035771,0.9471150261871024,0
