TP,FP,TN,FN,precision,recall,F1,AUC_ROC,total_params
2847,0,5643,2710,0.9999999999999648,0.5123267950332822,0.6775345073326224,0.9032520603654214,0
