TP,FP,TN,FN,precision,recall,F1,AUC_ROC,total_params
7118,594,7383,905,0.9229771784232246,0.8871993020067196,0.9047346678877265,0.9820988676609529,0
