TP,FP,TN,FN,precision,recall,F1,AUC_ROC,total_params
7553,2696,5341,410,0.7369499463362207,0.9485118673866514,0.8294531077917625,0.9609297345751037,0
