TP,FP,TN,FN,precision,recall,F1,AUC_ROC,total_params
7638,229,7815,318,0.9708910639379564,0.9600301659125068,0.9654300701010354,0.9977301578997766,0
