TP,FP,TN,FN,precision,recall,F1,AUC_ROC,total_params
4683,1261,4368,888,0.7878532974427862,0.8406031233171631,0.813373860132409,0.900907004553279,0
