TP,FP,TN,FN,precision,recall,F1,AUC_ROC,total_params
5146,0,8034,2820,0.9999999999999806,0.6459954807933637,0.7849298352177064,0.9650087351577787,0
