TP,FP,TN,FN,precision,recall,F1,AUC_ROC,total_params
7453,286,7711,550,0.9630443209716893,0.9312757715856438,0.9468936602218861,0.9943117179500853,0
