TP,FP,TN,FN,precision,recall,F1,AUC_ROC,total_params
805,0,5590,4805,0.9999999999998758,0.1434937611408174,0.25097427901155933,0.5718360071301247,0
