TP,FP,TN,FN,precision,recall,F1,AUC_ROC,total_params
4298,0,7984,3718,0.9999999999999767,0.5361776447105722,0.6980672404937704,0.9180794066926268,0
