TP,FP,TN,FN,precision,recall,F1,AUC_ROC,total_params
4862,0,7979,3159,0.9999999999999795,0.6061588330632015,0.7547931381971924,0.9474328409044193,0
