TP,FP,TN,FN,precision,recall,F1,AUC_ROC,total_params
4903,492,5073,732,0.9088044485634679,0.8700976042590794,0.8890299183543594,0.9754297481326997,0
