model,N,K,soft_output,hard_output,label,correct,morans_I_lambda_1,morans_I_lambda_2
MLP,200,1,0.28223807,0,1.0,False,-0.004501674786414002,-0.0017702719737704535
MLP,200,1,0.16176485,0,0.0,True,-0.0018744918778565724,0.0007165231653202171
MLP,200,1,0.12396429,0,0.0,True,0.0028604406586758575,0.002332923093671536
MLP,200,1,0.278976,0,1.0,False,-0.000157078191397086,-0.002399900443993494
MLP,200,1,0.12450578,0,1.0,False,0.009982275578341597,0.004593314391963323
MLP,200,1,0.085698426,0,1.0,False,0.0022754514586606897,-0.003411205413687046
MLP,200,1,0.12438652,0,1.0,False,0.005000622597088983,0.005189375600634933
MLP,200,1,0.116228126,0,0.0,True,-0.008229151483109307,-0.004446151914866161
MLP,200,1,0.22755578,0,1.0,False,-1.6383497591937793e-05,-0.0011503400450140464
MLP,200,1,0.091476634,0,0.0,True,0.004861156107398322,0.0034395317132188447
MLP,200,1,0.3457852,0,0.0,True,0.0038291098040517664,0.004671017538806275
MLP,200,1,0.048925873,0,0.0,True,0.005124924818721663,0.0012076449866315127
MLP,200,1,0.113479964,0,1.0,False,-0.005584772979692241,-0.006481673299410149
MLP,200,1,0.22624497,0,0.0,True,0.0002520274247170516,0.004204394932230404
MLP,200,1,0.0990592,0,0.0,True,-0.0035428026046012986,-0.001989769558202859
MLP,200,1,0.085998416,0,1.0,False,-0.003447481539518256,-0.0017706883357538651
MLP,200,1,0.08774054,0,1.0,False,-0.00911113378573535,-0.003693649337337405
MLP,200,1,0.26534635,0,0.0,True,0.003026753306546923,0.004317566694148222
MLP,200,1,0.10171958,0,0.0,True,0.0014656074664402194,-0.0017535231741632976
MLP,200,1,0.27369946,0,0.0,True,0.008308042650774922,0.003645297994130016
MLP,200,1,0.13401589,0,1.0,False,-0.006729087036038979,-0.003415891135229029
MLP,200,1,0.09143519,0,0.0,True,0.004313149791176455,0.00402362267997702
MLP,200,1,0.11799999,0,0.0,True,-0.002871836915473699,-0.0017174440433270252
MLP,200,1,0.0709868,0,0.0,True,0.00408898938533003,0.002260824077714827
MLP,200,1,0.10172479,0,0.0,True,-0.0014434489490837384,-0.0020272971640557373
MLP,200,1,0.28322315,0,1.0,False,0.0006402089342077001,0.0014719862702684977
MLP,200,1,0.41292518,0,1.0,False,0.0007627088014838771,-0.005556677011068455
MLP,200,1,0.17971858,0,1.0,False,-0.0024786920225143825,-0.0007721014917752788
MLP,200,1,0.118215546,0,1.0,False,-0.0043754109310097265,0.003220166457483748
MLP,200,1,0.18698089,0,0.0,True,-0.003910553411835014,-0.0015799704061409143
MLP,200,1,0.15894885,0,0.0,True,-0.0009329331203306142,0.002918503308431133
MLP,200,1,0.16609855,0,0.0,True,0.007264516804831163,0.006754372705354308
MLP,200,1,0.52595836,1,0.0,False,-0.006680153590691092,-0.0015086185279304708
MLP,200,1,0.13137859,0,0.0,True,-0.0010054309952373325,-0.0006045392282174636
MLP,200,1,0.21193959,0,0.0,True,-0.0002177791031436921,-0.0033490246305787853
MLP,200,1,0.09013694,0,1.0,False,0.00712298367847945,0.005857035248503123
MLP,200,1,0.0767039,0,1.0,False,-0.0020188573656980072,-0.005020491028245704
MLP,200,1,0.18605249,0,1.0,False,-0.0010797998456020003,0.002116859314447349
MLP,200,1,0.07488393,0,0.0,True,0.002963451251083373,-0.00022799122003157635
MLP,200,1,0.1329787,0,0.0,True,-0.01041073200379582,-0.005321606268792515
MLP,200,1,0.10384435,0,0.0,True,0.005325728943816272,0.0015604977821578995
MLP,200,1,0.088722624,0,1.0,False,-0.0027331217801051287,-0.0011268735808173849
MLP,200,1,0.07243296,0,1.0,False,-0.0005667640489232219,0.00298419069510829
MLP,200,1,0.06051635,0,1.0,False,0.00291265569056604,0.004002679865291201
MLP,200,1,0.06518171,0,1.0,False,-0.00573589436637649,-0.0007370608046423878
MLP,200,1,0.21056935,0,0.0,True,-0.002764599937381799,-0.003023403148797564
MLP,200,1,0.18871194,0,1.0,False,0.0029452162930036466,0.002271757508140812
MLP,200,1,0.06323298,0,0.0,True,-0.0006495573313735644,0.0002839829337997823
MLP,200,1,0.2346322,0,0.0,True,0.0003415801811959689,-0.0033603133012971172
MLP,200,1,0.2517699,0,1.0,False,0.0014444082664136523,-0.00301020763291807
MLP,200,1,0.26007858,0,0.0,True,-0.0006765458114944875,0.00010189065198529799
MLP,200,1,0.2610134,0,1.0,False,-0.002581732174921917,-0.0007723182080757977
MLP,200,1,0.07048436,0,0.0,True,-0.007135739787943104,-0.006423091938281905
MLP,200,1,0.24021086,0,1.0,False,-0.01483612206006587,-0.008676040876244757
MLP,200,1,0.30938876,0,1.0,False,-0.0021102392440484927,-0.004859787246245301
MLP,200,1,0.25191087,0,1.0,False,0.00244888034643447,0.0025274363151197585
MLP,200,1,0.09035719,0,1.0,False,-0.0010223161547295446,-0.003645747621780772
MLP,200,1,0.079221085,0,0.0,True,-0.00045741078801838687,-0.0005050618187891403
MLP,200,1,0.10160944,0,1.0,False,0.004742779599979266,0.0028686902540707403
MLP,200,1,0.13911952,0,1.0,False,-0.002939953651216039,0.0014318437276248008
MLP,200,1,0.12103273,0,1.0,False,-0.006293736421974743,-0.003060757971086045
MLP,200,1,0.13920797,0,0.0,True,-0.008143058460082555,-0.00780858096899551
MLP,200,1,0.09975686,0,1.0,False,-0.0017861704673033329,-2.6862462476258388e-05
MLP,200,1,0.1381598,0,1.0,False,-4.5226345349728924e-10,0.004357689888412033
MLP,200,1,0.082599334,0,1.0,False,-0.0042542711741528245,0.0009207685760077736
MLP,200,1,0.0679949,0,1.0,False,0.0018701823313099994,-0.0023301581133083637
MLP,200,1,0.067134574,0,1.0,False,-0.000145004344846254,-0.0022100187874009437
MLP,200,1,0.07352079,0,1.0,False,-0.0004211153115071339,0.0006345953442557315
MLP,200,1,0.13286373,0,1.0,False,-0.010913154187232304,-0.005123500411745473
MLP,200,1,0.13547908,0,0.0,True,-0.000409633646024591,-0.00038454789399765136
MLP,200,1,0.12874818,0,0.0,True,-0.005572170266348257,-0.005485195560090274
MLP,200,1,0.05880294,0,1.0,False,0.0038626533042120685,0.0021330681853984064
MLP,200,1,0.26584575,0,0.0,True,0.002021242584924206,0.00016091049232725565
MLP,200,1,0.11172365,0,0.0,True,-0.005215680890948051,-0.0019016593657717482
MLP,200,1,0.27971956,0,1.0,False,-0.0035322206094991516,-0.0026582536058421683
MLP,200,1,0.17823423,0,0.0,True,-0.0034612128191699337,-0.004374912170026022
MLP,200,1,0.23718137,0,0.0,True,-0.0010624994609887792,-0.005020560068382848
MLP,200,1,0.054415103,0,1.0,False,-0.0020022174882141,-0.0015773615356792549
MLP,200,1,0.20186651,0,0.0,True,0.0032161004844195925,0.0038287304413019163
MLP,200,1,0.102663025,0,0.0,True,-0.0067100455805678355,-0.0038804685604844256
MLP,200,1,0.3274776,0,1.0,False,0.005325668774492325,0.001586379312096921
MLP,200,1,0.07105806,0,0.0,True,-0.0008714507362379339,-0.002662896768446256
MLP,200,1,0.16297093,0,1.0,False,0.003340900560350488,0.0012826190942530453
MLP,200,1,0.11179633,0,1.0,False,0.0012429827431415178,0.0027119950158099606
MLP,200,1,0.21285732,0,1.0,False,-0.00021111553801429303,-0.0036128603942694923
MLP,200,1,0.562517,1,0.0,False,0.002001297574181646,0.002661232551777803
MLP,200,1,0.08486689,0,0.0,True,-0.002484916749985945,0.00015523501236821484
MLP,200,1,0.08407018,0,0.0,True,0.00010046152361349443,-0.00045336148311520723
MLP,200,1,0.13010077,0,0.0,True,-0.0028388458076117583,-0.002795947441207366
MLP,200,1,0.10692794,0,1.0,False,-0.008418666386545492,-0.0072796475986548655
MLP,200,1,0.16499346,0,0.0,True,0.004610890230605076,0.006359967594586406
MLP,200,1,0.11052252,0,1.0,False,-0.0013358374160366768,0.0002726138682423984
MLP,200,1,0.15136765,0,0.0,True,0.001452867120622064,0.00044919991077711546
MLP,200,1,0.11910411,0,0.0,True,-0.01170147232920333,-0.0094145730207186
MLP,200,1,0.23589517,0,1.0,False,0.0014028626357299122,0.0030942777332672246
MLP,200,1,0.10213768,0,0.0,True,0.00847453060076211,0.00794460360788833
MLP,200,1,0.07398861,0,1.0,False,0.004652503247270604,0.0022214031421398327
MLP,200,1,0.09713869,0,1.0,False,0.00868663812087455,-0.001292752188355399
MLP,200,1,0.09109045,0,0.0,True,-0.00334188830526327,-0.0005535212303551682
MLP,200,1,0.12695706,0,0.0,True,-0.0055808875339377504,-0.0014883324005863772
MLP,200,2,0.06545006,0,1.0,False,-0.0025158090582098015,-0.001212629535656656
MLP,200,2,0.07829151,0,0.0,True,-0.0018595232326852928,0.0006798658798230829
MLP,200,2,0.36456922,0,1.0,False,0.0001949121599643352,-0.0011138675661894553
MLP,200,2,0.14095409,0,0.0,True,-0.006138045312277234,0.0023851186926684823
MLP,200,2,0.06868251,0,1.0,False,0.0016972300908757643,0.0007462835174553312
MLP,200,2,0.34654993,0,1.0,False,0.004215784663306333,0.006746106543322214
MLP,200,2,0.1123365,0,0.0,True,-0.010756644434191729,0.00108188878946404
MLP,200,2,0.21048118,0,1.0,False,0.006821449515094617,0.002052258502578582
MLP,200,2,0.11721897,0,0.0,True,0.0015854129404900082,0.0053911485506399496
MLP,200,2,0.15064377,0,1.0,False,-0.0004540295637445762,-0.0025463331204716422
MLP,200,2,0.17589009,0,0.0,True,-0.0027447770008535675,0.002111161151772768
MLP,200,2,0.13911258,0,1.0,False,0.006626782147771425,0.0027123105089398828
MLP,200,2,0.13225251,0,1.0,False,-0.0006035814918212994,-0.004433982485097575
MLP,200,2,0.1734977,0,1.0,False,-0.0009582826682389465,0.002540197020906611
MLP,200,2,0.08772891,0,0.0,True,-0.0006162244003374602,-0.002359968011314468
MLP,200,2,0.4812261,0,0.0,True,0.0022108535677880037,0.000402743803457218
MLP,200,2,0.12887831,0,1.0,False,5.037564073845917e-05,-0.0013097503274396402
MLP,200,2,0.23733035,0,1.0,False,-0.0011688674465886385,0.0024808346732719602
MLP,200,2,0.10589843,0,0.0,True,-0.004070775324684513,-0.003703105076119965
MLP,200,2,0.33611304,0,1.0,False,-0.002572640593995606,-0.0016967568437279293
MLP,200,2,0.1974613,0,0.0,True,0.00029016733330427906,0.0025585175810597938
MLP,200,2,0.12732917,0,0.0,True,-0.0021215448331470253,-0.004317765109240107
MLP,200,2,0.10159308,0,1.0,False,-0.006988771497327561,-0.00463969701068458
MLP,200,2,0.26946336,0,0.0,True,0.00474697797093246,0.0009806920235971173
MLP,200,2,0.2818438,0,1.0,False,-0.0018795309134381182,0.0035563771315824315
MLP,200,2,0.09991483,0,1.0,False,0.0091457186341598,0.004735556646847341
MLP,200,2,0.08540864,0,0.0,True,-0.002755346215118306,-0.0001930153586730007
MLP,200,2,0.06442174,0,1.0,False,0.011203492853502984,0.0066978272639105114
MLP,200,2,0.092169024,0,1.0,False,0.007185433910650654,0.005918872728794399
MLP,200,2,0.1337538,0,0.0,True,-0.0041087127865779395,-0.004924925460307722
MLP,200,2,0.07460511,0,0.0,True,-0.001260010313584476,-0.002370964155481042
MLP,200,2,0.13862419,0,0.0,True,-0.002716842018851732,-0.001061220027476883
MLP,200,2,0.117953,0,1.0,False,0.0077329633961536305,0.00039711972675320637
MLP,200,2,0.07701329,0,0.0,True,0.004163014212053151,-0.000764745266166611
MLP,200,2,0.10726848,0,1.0,False,0.0038659962444103123,0.0016084442037985643
MLP,200,2,0.13910784,0,0.0,True,0.007373022092452684,0.006911565475753119
MLP,200,2,0.2648071,0,1.0,False,0.008811146548410857,0.005030907490936284
MLP,200,2,0.08481993,0,0.0,True,0.0006795479478122642,0.0025473574705733573
MLP,200,2,0.1937124,0,1.0,False,-0.006383362259710237,0.0012899003992068953
MLP,200,2,0.09424667,0,1.0,False,0.0009196674578910592,-0.002253187545972679
MLP,200,2,0.077122055,0,0.0,True,-0.003551665548397453,-0.0013186570434392893
MLP,200,2,0.1351202,0,0.0,True,-0.0023653606285963997,0.0004752566531759048
MLP,200,2,0.074712105,0,0.0,True,-0.00315310279824458,-0.0006862330497478354
MLP,200,2,0.38287264,0,0.0,True,-0.002814355600144524,-0.003955212189946898
MLP,200,2,0.12790592,0,0.0,True,8.167666871393324e-06,-0.005836010835435785
MLP,200,2,0.09270069,0,1.0,False,-0.0021892135175012773,-0.0012877134594405373
MLP,200,2,0.11581281,0,1.0,False,-0.005082991270070997,-0.0029530135476587625
MLP,200,2,0.17050293,0,1.0,False,-0.0008324231740531571,0.0023173908400765278
MLP,200,2,0.25287643,0,0.0,True,0.006461460215957945,0.004923735724982921
MLP,200,2,0.21453358,0,0.0,True,-0.004854932943280699,-0.0009408563381699631
MLP,200,2,0.26637134,0,0.0,True,-0.006834312032154816,0.0005540652110839384
MLP,200,2,0.4928818,0,0.0,True,-0.011488644776347975,-0.002399544153831859
MLP,200,2,0.08294427,0,1.0,False,-0.004216762081708521,-0.001376369187467982
MLP,200,2,0.12510228,0,0.0,True,-0.009446093856124965,-0.0018880757241983006
MLP,200,2,0.048768222,0,0.0,True,0.007336743811055378,0.000629717607054525
MLP,200,2,0.062279794,0,0.0,True,-0.005033365290717478,0.0007736798188054346
MLP,200,2,0.19840765,0,1.0,False,0.007278364737455018,0.0008984200867397697
MLP,200,2,0.09709647,0,1.0,False,0.004823969798945535,0.0033752634382702203
MLP,200,2,0.15383843,0,0.0,True,0.005774918891673227,0.00017283404338274818
MLP,200,2,0.10698626,0,0.0,True,-0.003015197266350834,-0.004458651796506501
MLP,200,2,0.079596095,0,1.0,False,0.005922392681864983,0.0027143627787016445
MLP,200,2,0.07024947,0,1.0,False,-0.005250970429605325,-0.003905714975088954
MLP,200,2,0.12955008,0,0.0,True,-0.0013154226635426459,0.0004465208913948981
MLP,200,2,0.080770686,0,1.0,False,0.0017583384417527307,0.002770524181100577
MLP,200,2,0.07480228,0,0.0,True,-0.0032529234058865466,-0.0006631641015360443
MLP,200,2,0.116045035,0,0.0,True,-0.004411990339268246,-0.007268122565537606
MLP,200,2,0.14724022,0,1.0,False,0.001045202502237059,0.00014099228132071403
MLP,200,2,0.13746503,0,0.0,True,0.00485954638219049,0.0035621177620512407
MLP,200,2,0.09198284,0,0.0,True,-0.0003212217577743988,0.001044485749173972
MLP,200,2,0.12147174,0,0.0,True,0.0072825139437898605,0.0027424963907734757
MLP,200,2,0.13182214,0,1.0,False,-0.00035418497042947247,-0.002722319638503502
MLP,200,2,0.27786243,0,0.0,True,0.0007812649390764679,0.0007816912369217967
MLP,200,2,0.18730444,0,1.0,False,0.007001117844967162,0.006135769058246007
MLP,200,2,0.17541227,0,0.0,True,-0.004546776745585157,-0.0010317608175853202
MLP,200,2,0.08021568,0,0.0,True,-0.0018178505315128621,-0.0035347093942569244
MLP,200,2,0.3355894,0,1.0,False,-0.0016285266962587513,-0.0002444274937368198
MLP,200,2,0.07778609,0,0.0,True,-0.005177642832686613,-0.003276509302553774
MLP,200,2,0.08844844,0,1.0,False,0.00803952969899391,0.005110309711881478
MLP,200,2,0.1442017,0,1.0,False,-0.005186813615047133,-0.004393269919867313
MLP,200,2,0.12700136,0,0.0,True,-0.003773293345538372,-0.00020690520002964884
MLP,200,2,0.08271999,0,0.0,True,-0.0005631478009087344,0.0006950445745261686
MLP,200,2,0.13189885,0,0.0,True,-0.0005067335378476087,0.00037402696736763273
MLP,200,2,0.18026555,0,1.0,False,-0.0046746244327892095,-0.0018411317513173456
MLP,200,2,0.30891627,0,1.0,False,0.0006532813633199485,0.0045844432952064
MLP,200,2,0.10852912,0,0.0,True,-0.005307354929772271,-0.0037341115265839167
MLP,200,2,0.05474332,0,0.0,True,0.012338694234465937,0.00640045802502617
MLP,200,2,0.24424994,0,1.0,False,0.0012557855047111894,-0.0006778921013959306
MLP,200,2,0.1051349,0,1.0,False,0.002822799764709144,0.002755649201718148
MLP,200,2,0.08136394,0,1.0,False,-1.136042872685377e-05,0.0010484301301725992
MLP,200,2,0.14674397,0,0.0,True,-0.002260639000575194,-1.1575411193468178e-06
MLP,200,2,0.10176521,0,0.0,True,-0.004773225380333108,-0.0043478732289432874
MLP,200,2,0.14535022,0,1.0,False,-0.005534193337818734,-0.0015931095176819256
MLP,200,2,0.07972616,0,1.0,False,-0.0006446153030578636,0.002098147042485653
MLP,200,2,0.19942187,0,0.0,True,-0.009557478562954221,-0.002830685044680151
MLP,200,2,0.35456842,0,1.0,False,-0.003770989958331325,-0.0017903144660439093
MLP,200,2,0.14789326,0,1.0,False,-0.004707801114746051,-0.00333445720596275
MLP,200,2,0.16936986,0,0.0,True,0.0006830779026783711,-0.0005467006172877196
MLP,200,2,0.08214641,0,1.0,False,-0.00030321503504420106,0.001812282483410194
MLP,200,2,0.1510696,0,0.0,True,-0.005874750601976654,-0.0013064230533906432
MLP,200,2,0.07241454,0,1.0,False,9.646269740830782e-05,0.0026901064783096135
MLP,200,3,0.17386308,0,0.0,True,-0.010862256522551243,-0.005953660203203294
MLP,200,3,0.090496734,0,1.0,False,0.012045844463804009,0.004517543177509713
MLP,200,3,0.23008358,0,1.0,False,-0.005043894718901185,-0.0028142496929073717
MLP,200,3,0.11098855,0,0.0,True,-0.00112860501909752,-0.001105661461052646
MLP,200,3,0.14548604,0,0.0,True,-0.0023134256566262955,-0.003100824525086064
MLP,200,3,0.07530776,0,1.0,False,-0.0016875460422846678,-0.0005269128832224594
MLP,200,3,0.08694295,0,0.0,True,-0.00030870158278692195,0.002864096083052502
MLP,200,3,0.10496303,0,0.0,True,0.0022961079581387176,0.0019977823913442435
MLP,200,3,0.18419941,0,1.0,False,-0.006588649809922337,-0.00630190350299601
MLP,200,3,0.107164726,0,0.0,True,0.009173881026569145,0.006828574770606232
MLP,200,3,0.2559797,0,0.0,True,0.0010084068426022734,-0.00405892414897086
MLP,200,3,0.14158054,0,1.0,False,0.0018077915097443485,-0.0032036883371360336
MLP,200,3,0.050635956,0,0.0,True,-0.007342049806878394,-0.003608331116717209
MLP,200,3,0.36552897,0,1.0,False,0.003654000301438598,-0.0009473318658839578
MLP,200,3,0.11857596,0,1.0,False,-7.822434915015634e-05,-0.0006100631626855668
MLP,200,3,0.11424048,0,0.0,True,0.0009590124696535186,0.0024228375535882006
MLP,200,3,0.19577387,0,1.0,False,-0.007507358206794227,-0.007071134579794836
MLP,200,3,0.08627251,0,1.0,False,0.008572934945715564,0.003128061691759441
MLP,200,3,0.11376556,0,0.0,True,-0.0037702568853048334,0.002844994465658856
MLP,200,3,0.10204009,0,1.0,False,-0.0012935283048203195,0.00230854255305308
MLP,200,3,0.07433873,0,1.0,False,0.005274211692926795,0.001837285106462402
MLP,200,3,0.17761284,0,1.0,False,-0.0015224290937529078,0.0010917776823364386
MLP,200,3,0.08743088,0,1.0,False,0.001941435805817564,0.0008656725580992514
MLP,200,3,0.15298082,0,1.0,False,-0.002290554631312431,-0.003403405807188653
MLP,200,3,0.12151725,0,1.0,False,-0.003536745606202822,-0.005488226119163794
MLP,200,3,0.16497721,0,0.0,True,0.006625386886032536,0.004098152187740695
MLP,200,3,0.128827,0,1.0,False,0.001685801212117495,0.004736873917791067
MLP,200,3,0.14265774,0,0.0,True,0.002560769039208227,0.0034982540102297456
MLP,200,3,0.14029147,0,1.0,False,0.008483297455219769,0.005102975397819358
MLP,200,3,0.09388024,0,0.0,True,0.0017577641392241287,0.002844678353266462
MLP,200,3,0.0919513,0,1.0,False,-0.0018602939360367165,-0.0040311074461680104
MLP,200,3,0.099741064,0,0.0,True,0.011433247814072026,0.008561671306859638
MLP,200,3,0.18572918,0,1.0,False,-0.0017724260855836638,-0.0015484592644922522
MLP,200,3,0.085953094,0,0.0,True,0.007733622368145297,0.00510899208953476
MLP,200,3,0.15721543,0,1.0,False,0.005326030584055985,0.005767443267333823
MLP,200,3,0.20886487,0,1.0,False,-0.00522629144956186,-0.005365299886265407
MLP,200,3,0.07868413,0,0.0,True,0.00371527004220458,0.0031189709648337264
MLP,200,3,0.13326858,0,1.0,False,-0.003966135336325907,-0.003095032419541517
MLP,200,3,0.6998211,1,1.0,True,0.003998349177802712,0.005115754644295321
MLP,200,3,0.06524014,0,0.0,True,-0.00020948828094393207,-0.0011143345906642183
MLP,200,3,0.24071844,0,0.0,True,0.0026561975829624044,0.0007966768829223626
MLP,200,3,0.07715509,0,1.0,False,-0.005135422714428186,-0.001468029901963074
MLP,200,3,0.20481305,0,0.0,True,-0.0034811410107389454,-0.00515061206264418
MLP,200,3,0.6416579,1,0.0,False,0.003308971469976091,0.00334226418824033
MLP,200,3,0.08375019,0,1.0,False,0.0004474151469639766,-0.001289684639595498
MLP,200,3,0.11672507,0,1.0,False,0.005485863969845768,0.0052475534326729524
MLP,200,3,0.09967581,0,1.0,False,0.0021788102289269566,0.0022079981142568636
MLP,200,3,0.18149412,0,0.0,True,-0.0036932837982603926,0.001206978319861406
MLP,200,3,0.07966515,0,0.0,True,-0.0029160196590279287,0.0009558408794972609
MLP,200,3,0.17376468,0,0.0,True,-0.002385835975171764,-0.0031734302235258637
MLP,200,3,0.15194067,0,0.0,True,0.00793967850855179,0.0015113045440865087
MLP,200,3,0.2890537,0,0.0,True,-0.0028845756834759827,-0.0016829438539222978
MLP,200,3,0.11500157,0,1.0,False,0.006210355383935395,0.005843296416674278
MLP,200,3,0.07230548,0,1.0,False,0.0003638693764522618,-0.00031625194612190834
MLP,200,3,0.122374564,0,0.0,True,-0.007894485430179976,-0.006529623634918164
MLP,200,3,0.07404796,0,1.0,False,-0.009275378974140087,-0.0011326026353787536
MLP,200,3,0.09178361,0,1.0,False,-0.00643683503496217,-0.002018175067011184
MLP,200,3,0.076736435,0,1.0,False,-0.002572379935342682,-0.00013440171339707482
MLP,200,3,0.10644133,0,0.0,True,-0.002871812911087664,-0.004238323596503705
MLP,200,3,0.10531037,0,0.0,True,-0.0007490275180914559,-0.001105683144566751
MLP,200,3,0.35579947,0,1.0,False,0.0014545536758059428,0.0011801042497577101
MLP,200,3,0.05898892,0,0.0,True,-0.005350520476054546,-0.004984117225336922
MLP,200,3,0.09213085,0,1.0,False,-0.0003710103070262228,-0.0007499305660271232
MLP,200,3,0.115637235,0,0.0,True,0.004512996549954946,0.00021967227163078928
MLP,200,3,0.062360696,0,0.0,True,-0.0009150920605983532,-0.00048821509301035784
MLP,200,3,0.17118862,0,1.0,False,-0.0022496534436516093,-0.0016744331551270062
MLP,200,3,0.072609246,0,1.0,False,0.005903539478848243,0.00010297336770350452
MLP,200,3,0.35996887,0,1.0,False,0.0038407986679868467,0.00375657716564107
MLP,200,3,0.12187932,0,0.0,True,-0.011917032160857457,-0.008973191597600612
MLP,200,3,0.090176836,0,0.0,True,-0.0008998815941898628,0.00048407923870330603
MLP,200,3,0.10255812,0,1.0,False,-0.0019884959744953137,0.0022892066021318624
MLP,200,3,0.30120417,0,1.0,False,0.006693278694894709,0.00791848427425829
MLP,200,3,0.34282246,0,0.0,True,0.00435943893687528,0.0039903128986132855
MLP,200,3,0.06665896,0,0.0,True,0.014752626070934187,0.00917441137671261
MLP,200,3,0.13549413,0,1.0,False,-0.016741859095376357,-0.008774052466153377
MLP,200,3,0.17163038,0,1.0,False,0.007135077486833511,0.007354558991836598
MLP,200,3,0.24644195,0,1.0,False,0.015152978124429272,0.012144444684239126
MLP,200,3,0.13855825,0,1.0,False,-0.007693177716132633,-0.006476293132811238
MLP,200,3,0.16035526,0,1.0,False,0.007981376620867632,0.00515472287263215
MLP,200,3,0.12084353,0,0.0,True,0.010895574369898811,0.004925014604503502
MLP,200,3,0.1435705,0,1.0,False,-0.00041036251161821464,0.005033812695298629
MLP,200,3,0.21216898,0,1.0,False,-0.008034641529329022,-0.004553407601456626
MLP,200,3,0.10881534,0,1.0,False,0.0034277300555945202,0.0027070846521070257
MLP,200,3,0.12197589,0,0.0,True,0.00230868735535642,0.004757714105366863
MLP,200,3,0.15537952,0,0.0,True,-0.001961022909671843,0.0028957059520454648
MLP,200,3,0.29718506,0,1.0,False,0.0023319213479572032,0.0010268995012014035
MLP,200,3,0.32130057,0,1.0,False,0.0013749947871014954,-0.0030804573007100263
MLP,200,3,0.1206633,0,1.0,False,0.0005453531203662894,-0.00041183890682537774
MLP,200,3,0.5776255,1,1.0,True,-0.001973788777325916,-0.001039336101478012
MLP,200,3,0.15616345,0,1.0,False,0.006848663061622486,0.001070894263424026
MLP,200,3,0.10981923,0,0.0,True,-0.00192573935454435,-0.003391409426282611
MLP,200,3,0.1385448,0,1.0,False,0.003666952818100993,0.004910535232380153
MLP,200,3,0.0890708,0,0.0,True,-0.0029532681490314315,0.0021513988307776386
MLP,200,3,0.20225105,0,1.0,False,-0.0003044156536795469,-0.0016394391591835306
MLP,200,3,0.11470116,0,0.0,True,-0.005544443878237296,0.0018503512807882276
MLP,200,3,0.06372149,0,1.0,False,-0.007625225027438628,-0.005450483612330954
MLP,200,3,0.15084004,0,0.0,True,0.007226980227286629,0.002886480017576367
MLP,200,3,0.17474298,0,0.0,True,-0.004192806954041531,0.0003875301305059115
MLP,200,3,0.06547289,0,1.0,False,-0.0040178638933756365,-0.0028943707161903373
MLP,200,3,0.1087083,0,0.0,True,0.0013635536185471267,0.001292202690193787
MLP,200,4,0.07764065,0,0.0,True,-0.006145304355032939,-0.0025831345291514245
MLP,200,4,0.066275775,0,0.0,True,0.0016373363593317164,0.0012890212132542528
MLP,200,4,0.28069186,0,0.0,True,0.0008669859853697456,0.0049244896241905185
MLP,200,4,0.26522776,0,0.0,True,0.0022171376684776757,-0.0007998638497786296
MLP,200,4,0.26717508,0,1.0,False,0.004462547003018891,0.004120952223747855
MLP,200,4,0.5547287,1,0.0,False,0.008578283787091552,0.0008144982272475384
MLP,200,4,0.13716449,0,0.0,True,0.006533472339592281,0.0010311056529042038
MLP,200,4,0.09043496,0,1.0,False,-0.0024834975237796823,-0.002314074468028608
MLP,200,4,0.13713346,0,0.0,True,-0.006432658880646578,-0.0044338194773574525
MLP,200,4,0.0959581,0,0.0,True,0.007470466410335448,0.0066833924669572374
MLP,200,4,0.10744774,0,1.0,False,-0.002169356571001261,-0.0015215342173639176
MLP,200,4,0.063233286,0,1.0,False,0.005625819822319287,0.0024405202578157872
MLP,200,4,0.20268765,0,0.0,True,0.0024852399168471856,0.005567219695191608
MLP,200,4,0.128665,0,1.0,False,-0.00936202793326478,-0.004509418832176619
MLP,200,4,0.18155369,0,1.0,False,-0.004665987338977286,-0.004628449330327338
MLP,200,4,0.16018064,0,0.0,True,0.005271679812113633,0.0019352220284917048
MLP,200,4,0.15694213,0,0.0,True,-0.0012091999543172906,0.0016325308756219594
MLP,200,4,0.44546965,0,0.0,True,0.0025809310882405215,0.0023349050137490075
MLP,200,4,0.31061155,0,0.0,True,0.0042070220862172715,0.0070145001413118606
MLP,200,4,0.25212717,0,0.0,True,-0.006633652438379041,-0.002166673525600284
MLP,200,4,0.117050454,0,0.0,True,-0.013168043612842881,-0.007662934625616206
MLP,200,4,0.29800892,0,0.0,True,-0.002425916638278978,-0.0027850964384615023
MLP,200,4,0.109076366,0,1.0,False,-0.004244458688415452,-0.00682280947967025
MLP,200,4,0.18457627,0,1.0,False,0.007998647386088712,0.006004233775083577
MLP,200,4,0.1443938,0,1.0,False,0.005954398015921688,0.0005547175395855167
MLP,200,4,0.3119701,0,1.0,False,0.002729739567320247,0.0010488389198417387
MLP,200,4,0.07834163,0,1.0,False,0.004321688414078076,0.0009068611949643022
MLP,200,4,0.14139819,0,1.0,False,8.139172650216235e-05,0.0011392813008171457
MLP,200,4,0.116953775,0,1.0,False,0.0008784172756426255,0.0025433496063545272
MLP,200,4,0.11921161,0,0.0,True,-0.0047723210455645985,-0.0024903926595594627
MLP,200,4,0.20697285,0,0.0,True,0.0009839421179539906,-0.0017846557683261993
MLP,200,4,0.13025844,0,0.0,True,0.0005492216789795667,0.0026414198428343556
MLP,200,4,0.07937543,0,1.0,False,-0.0022056285010075825,0.0004922353172175425
MLP,200,4,0.12936981,0,1.0,False,-0.008764929460204959,-0.0040474275089412
MLP,200,4,0.17235143,0,0.0,True,0.0047206017969764385,0.0005008281997840879
MLP,200,4,0.28222296,0,1.0,False,0.0015380992928785916,0.0029525333925123224
MLP,200,4,0.27880025,0,0.0,True,0.0031399009226097665,0.004105313519416792
MLP,200,4,0.1288311,0,0.0,True,-0.004185265095293339,-0.002182151404101
MLP,200,4,0.063599035,0,1.0,False,-0.0004592230038392346,0.0015557780737419482
MLP,200,4,0.074145295,0,0.0,True,0.0026436541062440345,-0.000299284001890039
MLP,200,4,0.13980861,0,0.0,True,0.0012037714046188872,0.0016350463281172814
MLP,200,4,0.10912079,0,0.0,True,-0.004210160518357574,-0.0025304431788842306
MLP,200,4,0.13988739,0,0.0,True,0.0021536719026392214,-0.0010648758566082486
MLP,200,4,0.42705807,0,1.0,False,0.003756770931654168,-0.0017255157045384887
MLP,200,4,0.071957394,0,0.0,True,-0.005779183927481079,-0.0014364164232017792
MLP,200,4,0.0801294,0,0.0,True,0.0037605413825529187,0.003391473848197505
MLP,200,4,0.082384355,0,0.0,True,0.0016480799395709165,0.001804841765796201
MLP,200,4,0.088894844,0,1.0,False,-0.003831447385850336,0.0012229608879586024
MLP,200,4,0.093411915,0,0.0,True,0.004893724222881271,0.0028156541140755198
MLP,200,4,0.079452544,0,0.0,True,-0.0012283651859555111,0.004057793441175824
MLP,200,4,0.13043784,0,0.0,True,-0.011791781127434075,-0.007358894581624496
MLP,200,4,0.08281785,0,0.0,True,0.001420693625197638,0.002657146827770544
MLP,200,4,0.13707604,0,0.0,True,-0.002780846481604385,-0.0015268374756356635
MLP,200,4,0.19934134,0,1.0,False,-0.004835162495064579,-0.005451673276557795
MLP,200,4,0.17465913,0,1.0,False,-0.0020689375206733003,-0.003384634113228448
MLP,200,4,0.12602489,0,0.0,True,-0.003146943060669779,0.0014551043007089643
MLP,200,4,0.11871934,0,0.0,True,0.007115045153856243,0.0051165106811826766
MLP,200,4,0.089536645,0,0.0,True,-0.006620996247670014,-0.0050292442970789625
MLP,200,4,0.07526108,0,0.0,True,-0.0004232866707902261,-0.000146991307288166
MLP,200,4,0.2262067,0,0.0,True,0.005219056215005036,0.0013035868635121693
MLP,200,4,0.15874809,0,1.0,False,-0.004629132153745261,-0.0006609364986829994
MLP,200,4,0.18393911,0,1.0,False,-0.004306736651357082,-3.1759237946433816e-05
MLP,200,4,0.61443454,1,0.0,False,-0.002944549786458905,-0.0031034596166425116
MLP,200,4,0.4470294,0,0.0,True,0.005215278846302114,0.0029611696613967104
MLP,200,4,0.13631845,0,1.0,False,-0.0028273015798320417,0.002231706167234185
MLP,200,4,0.12431118,0,0.0,True,-0.011659836536134057,-0.005568480413209258
MLP,200,4,0.32086992,0,0.0,True,-0.008190512633071773,-0.0035994068768182255
MLP,200,4,0.09945559,0,1.0,False,-0.00951580574487201,-0.00850650457733768
MLP,200,4,0.10970901,0,1.0,False,0.004153327053611178,-0.0026887868357768716
MLP,200,4,0.3690454,0,1.0,False,0.01455107189046133,0.006526482020797954
MLP,200,4,0.10769897,0,1.0,False,-0.0037360467727960665,-0.0025366180309792192
MLP,200,4,0.77832127,1,1.0,True,0.004444527486729841,0.002581576424578013
MLP,200,4,0.42287335,0,0.0,True,-0.002123021803612275,0.0005385612259995182
MLP,200,4,0.08563248,0,1.0,False,-0.003944775031115191,-0.002849168548928276
MLP,200,4,0.13541426,0,0.0,True,-0.0015075679045195446,-0.0022166147073030577
MLP,200,4,0.12297128,0,0.0,True,-0.00033839054389078776,-0.0005668617073219101
MLP,200,4,0.079648875,0,1.0,False,0.001959118119549529,0.004482763253200318
MLP,200,4,0.1058465,0,1.0,False,-0.0014748477196824467,0.0011887208860114908
MLP,200,4,0.33082485,0,0.0,True,0.014908955312716427,0.007339581292300842
MLP,200,4,0.107926466,0,1.0,False,0.005403024522860051,0.007455539033333291
MLP,200,4,0.09729975,0,0.0,True,-0.0018106012360469444,-0.0024959592669597016
MLP,200,4,0.15038778,0,1.0,False,-0.0003030830495014835,-0.00010215712443217907
MLP,200,4,0.069634736,0,0.0,True,-0.01233531669390019,-0.011028470465057285
MLP,200,4,0.22976449,0,1.0,False,0.008153980746301012,0.003314167073304989
MLP,200,4,0.0784546,0,1.0,False,-0.0036189031163915797,-0.0025448211846208833
MLP,200,4,0.08787961,0,0.0,True,-0.0043924569990020715,-0.006621596503728696
MLP,200,4,0.10129547,0,0.0,True,0.011935423035362394,0.00987376542491176
MLP,200,4,0.06525635,0,1.0,False,0.0056341377039488315,-0.0017772283529235702
MLP,200,4,0.22286928,0,0.0,True,-0.0019319315329717705,-0.002994142462952794
MLP,200,4,0.11248818,0,1.0,False,0.0001468277329366001,0.004026296773601691
MLP,200,4,0.09698037,0,1.0,False,0.0034626012540553224,0.005211589770469277
MLP,200,4,0.13490804,0,1.0,False,0.0028626276298322597,-1.470230467616696e-06
MLP,200,4,0.11867151,0,1.0,False,0.0008431152619268252,-0.0007908390152603851
MLP,200,4,0.14193153,0,1.0,False,-0.0004698366631164423,0.002929598510853796
MLP,200,4,0.24603637,0,1.0,False,-0.011175866372728327,-0.008408657886834899
MLP,200,4,0.07195586,0,0.0,True,0.005502687292525613,0.008613849466988
MLP,200,4,0.108678654,0,1.0,False,0.003360930894895729,0.003016157340856903
MLP,200,4,0.34407756,0,0.0,True,-0.000380285636865643,-3.5280482192583396e-05
MLP,200,4,0.17623115,0,1.0,False,-0.002972614999692123,0.002863900080364374
MLP,200,4,0.11909408,0,1.0,False,0.0004404834510075358,0.0010694979246268707
MLP,200,5,0.10789876,0,1.0,False,0.007688537715061202,0.0030227455465922873
MLP,200,5,0.12962615,0,1.0,False,0.007738512807011225,0.005012541332736239
MLP,200,5,0.25610587,0,0.0,True,0.006054910389718036,0.0036740616644186986
MLP,200,5,0.121638395,0,0.0,True,0.008488764991031942,0.005689061959007691
MLP,200,5,0.2200033,0,1.0,False,-0.0015079809447936013,0.0010323919032220609
MLP,200,5,0.12139205,0,1.0,False,-0.0035954855286193426,0.002417370105019787
MLP,200,5,0.13775697,0,1.0,False,0.003567844206528428,0.0019899117831217697
MLP,200,5,0.13611303,0,1.0,False,-0.008472107074149342,-0.0047168751413723545
MLP,200,5,0.12223485,0,1.0,False,-0.005031203659179077,-0.0026755956185130904
MLP,200,5,0.10543985,0,0.0,True,-0.00011565389448281476,0.0055050421866355325
MLP,200,5,0.30762604,0,0.0,True,-0.0029740722983782972,-0.0023782145347885546
MLP,200,5,0.09607504,0,0.0,True,0.002305511256786345,-0.00013018706620155228
MLP,200,5,0.20055741,0,1.0,False,-0.0025640225340827463,-0.003651980392245676
MLP,200,5,0.4385853,0,0.0,True,-0.0009432848149539088,0.0023314056113635196
MLP,200,5,0.0907535,0,1.0,False,0.007297289821248384,0.0037891882743881517
MLP,200,5,0.17954397,0,0.0,True,-0.0006051366634526475,-0.0017905825523613055
MLP,200,5,0.21642432,0,1.0,False,-0.002665698877934863,-0.0023480219350970745
MLP,200,5,0.19387165,0,0.0,True,-0.004477200843960774,-5.546832914990647e-05
MLP,200,5,0.10657622,0,1.0,False,0.004124781449237247,0.004863285669009275
MLP,200,5,0.088180885,0,1.0,False,0.004171982937601748,0.004004888105313866
MLP,200,5,0.19818944,0,0.0,True,-0.0016028177190448372,-0.001708048865316291
MLP,200,5,0.21629913,0,0.0,True,-8.925554274462897e-05,0.002428454054621452
MLP,200,5,0.26543996,0,0.0,True,-0.0029023096147831142,-0.002960734816354055
MLP,200,5,0.1363598,0,1.0,False,-0.007200782458124072,-0.004373962553252705
MLP,200,5,0.29361916,0,1.0,False,-0.004345433126295829,-0.0036016973700554356
MLP,200,5,0.08753055,0,1.0,False,0.0013367523335410792,0.004715497675088798
MLP,200,5,0.16439253,0,1.0,False,-0.00246901668763064,-0.004591133858319424
MLP,200,5,0.1674782,0,0.0,True,0.004520701696613307,0.0035241365760368087
MLP,200,5,0.16789958,0,0.0,True,0.004164515865886577,0.0025884245249877137
MLP,200,5,0.13339727,0,0.0,True,0.0033938920646105863,0.000605985951833526
MLP,200,5,0.07139278,0,1.0,False,-1.1484390298214641e-05,0.004448088207833855
MLP,200,5,0.11429002,0,0.0,True,0.0004909660951983755,0.0015020810198348535
MLP,200,5,0.118769564,0,0.0,True,-0.0007216351469270798,-0.0015058330548552807
MLP,200,5,0.48106226,0,0.0,True,-0.002304729151687839,0.0031573572122769898
MLP,200,5,0.57764363,1,0.0,False,-0.00196049497713415,-0.0018143006027716132
MLP,200,5,0.08255227,0,1.0,False,-0.005227416328132737,-0.0016897885323699975
MLP,200,5,0.13834642,0,0.0,True,-0.01023622471495085,-0.0042925610865262795
MLP,200,5,0.09959858,0,1.0,False,0.00301406834069903,0.006523097203205895
MLP,200,5,0.11398548,0,0.0,True,0.0005691054627563055,0.0004396508896203514
MLP,200,5,0.22176212,0,0.0,True,0.0025826021428468236,0.0005744059688191862
MLP,200,5,0.08983522,0,1.0,False,-0.00017089686063455822,-0.003094077402191031
MLP,200,5,0.0894595,0,1.0,False,-0.00340994229890093,0.0019696841570537656
MLP,200,5,0.12157558,0,1.0,False,-0.004640633422134813,-0.0023317103685424577
MLP,200,5,0.17805684,0,1.0,False,-0.0005616236419749361,-0.0027044702697498336
MLP,200,5,0.08531822,0,0.0,True,-0.006881167639331672,-0.002037103208783731
MLP,200,5,0.3263209,0,0.0,True,0.00190047439070378,-0.000814735292324129
MLP,200,5,0.13550536,0,1.0,False,-0.0013226995654967522,0.00552443760351681
MLP,200,5,0.081151135,0,1.0,False,2.6866576564472106e-05,-0.002670879784387649
MLP,200,5,0.0712061,0,1.0,False,0.0015087996733401208,-0.000934884184218143
MLP,200,5,0.09228214,0,0.0,True,-0.009494111777238811,-0.007761204290601326
MLP,200,5,0.1519179,0,0.0,True,0.004028406329157956,-0.0003955507637548165
MLP,200,5,0.54475164,1,0.0,False,-0.0019212461292020565,0.0022815964508139264
MLP,200,5,0.17336616,0,1.0,False,-0.0016093763878569165,2.418058897385843e-05
MLP,200,5,0.09271567,0,0.0,True,-0.005231196804190354,-0.0028760115040499562
MLP,200,5,0.082909904,0,0.0,True,0.0032740821996848327,-0.0044022673155072675
MLP,200,5,0.1430827,0,0.0,True,-0.006519277617431346,-0.00605580959011355
MLP,200,5,0.07078466,0,0.0,True,-0.008007273249120334,-0.00878334681345038
MLP,200,5,0.0999475,0,1.0,False,-0.00731803331431829,-0.004967252539179269
MLP,200,5,0.065304406,0,0.0,True,-0.004589997682417205,-0.004598459966927455
MLP,200,5,0.07893857,0,1.0,False,-0.005982444740408373,0.0013056836241712349
MLP,200,5,0.13874012,0,1.0,False,0.006078744772210534,0.004230122618029642
MLP,200,5,0.067072906,0,1.0,False,0.008893946619349346,0.0038534616614992463
MLP,200,5,0.3341938,0,1.0,False,0.001607737463208527,0.001964280102608016
MLP,200,5,0.12432653,0,1.0,False,-0.0026051321207848166,0.0007132812389213704
MLP,200,5,0.22218512,0,0.0,True,0.004135541897903166,-0.004067487760535399
MLP,200,5,0.18132159,0,1.0,False,0.004867665841594499,0.003772313511560975
MLP,200,5,0.07501941,0,0.0,True,-0.00025931579893647197,0.0010746684082393579
MLP,200,5,0.23593244,0,1.0,False,-0.002773596182812551,0.003117264990245078
MLP,200,5,0.17659795,0,0.0,True,-0.004979455457347697,-0.00018073770096950235
MLP,200,5,0.06410196,0,1.0,False,0.001187476286048889,0.002928590938056011
MLP,200,5,0.08704607,0,1.0,False,-0.009289298251758544,-0.003192456669720181
MLP,200,5,0.13819273,0,0.0,True,0.000284533375968493,0.0005638396292753543
MLP,200,5,0.06758428,0,0.0,True,0.0016045547694989208,-0.0016668044597188919
MLP,200,5,0.24739304,0,1.0,False,0.0022084752014337474,-0.002420015464750269
MLP,200,5,0.115792796,0,0.0,True,0.0009548070507653827,-0.0002013388140242175
MLP,200,5,0.0803913,0,1.0,False,0.0006294492313439284,0.002345196009117719
MLP,200,5,0.07279071,0,0.0,True,-0.006978307678343168,-0.005531262580493804
MLP,200,5,0.096813545,0,0.0,True,0.0066806184291238035,0.0029943378628663558
MLP,200,5,0.4685192,0,0.0,True,0.004064239226282945,0.0014551998527284516
MLP,200,5,0.08788938,0,0.0,True,-0.008434010859577831,-0.0034970287318331246
MLP,200,5,0.05541741,0,1.0,False,-0.004926190358852029,-0.005341133592048557
MLP,200,5,0.086630024,0,0.0,True,0.001153014093826364,-0.0003545188592958659
MLP,200,5,0.092221364,0,1.0,False,-0.0029249306713909707,-0.005124325894637586
MLP,200,5,0.19236797,0,0.0,True,-0.00507537688442211,-0.0012342569269521411
MLP,200,5,0.061282203,0,0.0,True,0.0006767757133617921,-0.0004534748129414517
MLP,200,5,0.07407037,0,1.0,False,-0.004508557429552486,-0.006588392602898834
MLP,200,5,0.07301621,0,1.0,False,-0.0043447712519639956,-0.0038960820070214923
MLP,200,5,0.26324698,0,0.0,True,0.004707934623436182,0.0008407993469948834
MLP,200,5,0.11818612,0,0.0,True,-0.0018094003338452109,0.0019141080663800435
MLP,200,5,0.1301373,0,0.0,True,-0.003729287130663485,-0.0025033253616174762
MLP,200,5,0.11114074,0,0.0,True,-0.0021040592910153383,0.0006367413888453973
MLP,200,5,0.13847393,0,0.0,True,-0.004231819401097389,-0.005880219375640167
MLP,200,5,0.050764296,0,1.0,False,0.00015077884572907356,-0.005793420788427923
MLP,200,5,0.05993571,0,0.0,True,-0.0011877507535774442,-0.002828563523739517
MLP,200,5,0.21726845,0,1.0,False,-0.002255783830022464,5.799059469062192e-05
MLP,200,5,0.10573741,0,1.0,False,0.014822634648240384,0.003273242131272922
MLP,200,5,0.15913287,0,0.0,True,0.003515533325718148,0.0023911765074777517
MLP,200,5,0.10357236,0,1.0,False,0.0013778797188512052,0.004302856993064917
MLP,200,5,0.20638408,0,0.0,True,-0.013731661931438576,-0.004974624541158435
MLP,200,5,0.10963084,0,1.0,False,0.005977414202953631,0.004557033553076752
MLP,200,6,0.11903488,0,0.0,True,-0.0084045874082975,-0.00494899091311063
MLP,200,6,0.14709054,0,1.0,False,0.001799522822036562,0.0036131255286638323
MLP,200,6,0.14569785,0,1.0,False,0.0043009649649455636,-0.0009255853931404101
MLP,200,6,0.09560266,0,1.0,False,-0.011103136057960272,-0.0034240747898348542
MLP,200,6,0.16915083,0,0.0,True,-0.005030957719302844,-0.0015672069555174176
MLP,200,6,0.049156412,0,0.0,True,-0.006444261102979983,-0.0027063599790950413
MLP,200,6,0.108279824,0,1.0,False,-0.002231022470812275,-0.0021355059826655845
MLP,200,6,0.16847795,0,1.0,False,0.004019767627750258,-0.0024187576622026574
MLP,200,6,0.26454732,0,1.0,False,0.005535820940244898,0.0073373403460694035
MLP,200,6,0.122721,0,1.0,False,-0.0013712441622586522,-0.000495468378268052
MLP,200,6,0.088187516,0,0.0,True,0.0037125546104760654,0.0001956718778380548
MLP,200,6,0.20954908,0,1.0,False,0.0055943923528963095,0.000770133518258773
MLP,200,6,0.08440424,0,1.0,False,-0.0009478862189556605,0.0008889928791852314
MLP,200,6,0.77692163,1,1.0,True,-0.0038510900521147346,-0.005369459062498337
MLP,200,6,0.15475869,0,1.0,False,0.0025061035414414875,0.003927876843670091
MLP,200,6,0.06713218,0,1.0,False,-0.0006559106762135587,0.0009031148238635954
MLP,200,6,0.20780492,0,1.0,False,0.002763637829121682,0.0021661452332365667
MLP,200,6,0.0872712,0,1.0,False,0.0002492919870462575,0.00289227466484117
MLP,200,6,0.20640197,0,1.0,False,-0.00015156535064963792,-0.004005942693392242
MLP,200,6,0.10875007,0,0.0,True,0.0029600662699671887,-0.00025700171272731795
MLP,200,6,0.3446703,0,0.0,True,0.0017040392736951424,-0.003381832423192801
MLP,200,6,0.06938347,0,1.0,False,0.0028056081650408107,0.005659554714326923
MLP,200,6,0.11852894,0,1.0,False,0.0026625512517704907,0.00299620866820361
MLP,200,6,0.12378012,0,1.0,False,0.002184766603328968,0.002090821306389262
MLP,200,6,0.16615956,0,0.0,True,0.0037783915691083306,0.003664814395146709
MLP,200,6,0.072348125,0,0.0,True,-0.0022116098493826664,0.0012085878336356454
MLP,200,6,0.14959712,0,0.0,True,6.653090890443722e-05,0.0006988821870285422
MLP,200,6,0.106949575,0,0.0,True,-0.0015676446595913414,-0.00036353713272362716
MLP,200,6,0.10845311,0,0.0,True,-0.002969462958901866,0.00047211404941627943
MLP,200,6,0.09995601,0,1.0,False,0.0015025490517091044,-0.0018438973010197189
MLP,200,6,0.06141879,0,0.0,True,0.009539914933836309,0.0034181044322126736
MLP,200,6,0.081235856,0,1.0,False,0.0053321414398172255,0.002540375505448563
MLP,200,6,0.24959062,0,1.0,False,0.002508130635537193,0.0014570033091213359
MLP,200,6,0.16151945,0,0.0,True,-0.0008589868543309653,-0.0015912531377593553
MLP,200,6,0.105529346,0,0.0,True,-0.0034444903249439855,-0.003125900947529588
MLP,200,6,0.058505647,0,1.0,False,0.0070232818528035935,0.004724499319488031
MLP,200,6,0.079048805,0,0.0,True,-0.0035225001646875726,-0.0005590307767199035
MLP,200,6,0.10235238,0,0.0,True,-0.0059050212268043,-0.006148019226044156
MLP,200,6,0.1527725,0,1.0,False,-0.0032723136642578195,-0.0017965172185920287
MLP,200,6,0.14305876,0,1.0,False,0.004465664264833057,0.001960081320337085
MLP,200,6,0.13447285,0,0.0,True,0.0005860596282101824,-0.0017792929523164293
MLP,200,6,0.08766687,0,0.0,True,0.010992340208096505,0.0036328600182023475
MLP,200,6,0.28870952,0,1.0,False,0.001571752204613817,-0.0016417495834384883
MLP,200,6,0.46879172,0,0.0,True,0.006699356754720221,0.005406270192474029
MLP,200,6,0.05583083,0,0.0,True,0.005079168255123083,-0.003318588946265542
MLP,200,6,0.23883648,0,0.0,True,-0.0026284780493602824,0.0004899969200363562
MLP,200,6,0.097451866,0,1.0,False,0.006515831718868869,0.004062672297024959
MLP,200,6,0.056631938,0,0.0,True,-0.002463273820058977,-0.0003035343085741225
MLP,200,6,0.20939922,0,1.0,False,0.0002895064655811501,0.0030088277097815265
MLP,200,6,0.06884529,0,0.0,True,-0.0026153085130098726,-0.004939890019353435
MLP,200,6,0.08479302,0,0.0,True,-0.0008592050396657753,0.0033224529046213423
MLP,200,6,0.19141504,0,0.0,True,-0.0044516740768748096,-0.0004312026409095253
MLP,200,6,0.18924567,0,0.0,True,0.0046494520309297615,0.0008588117247807946
MLP,200,6,0.08773629,0,0.0,True,0.005962891502689915,0.003308928119794849
MLP,200,6,0.1238768,0,1.0,False,0.0013739074875342783,0.000973996452759956
MLP,200,6,0.1131009,0,1.0,False,-0.006338267771312665,-0.005069541272614991
MLP,200,6,0.20637217,0,0.0,True,0.0012939331983097498,-0.0024806514082929883
MLP,200,6,0.093644716,0,0.0,True,0.0006199286516667183,-0.002125242651318191
MLP,200,6,0.094722815,0,1.0,False,0.011346024427955468,0.0008695803874035261
MLP,200,6,0.15915,0,1.0,False,0.005725931918841121,0.0035235335321153484
MLP,200,6,0.42290255,0,0.0,True,0.0007108182608442207,-0.0017866194771654087
MLP,200,6,0.13138376,0,0.0,True,0.0039430816449791874,-7.516124875284446e-05
MLP,200,6,0.076947115,0,1.0,False,0.005719738613306482,0.0013766405223132317
MLP,200,6,0.15190065,0,1.0,False,0.0013352083535107214,0.002597527306246648
MLP,200,6,0.4353202,0,0.0,True,-0.0025420717595124515,-0.006322378956853007
MLP,200,6,0.17452319,0,1.0,False,0.0059798393487395865,0.0017379436533910815
MLP,200,6,0.17239004,0,0.0,True,-0.0021674900117684614,-0.003982261155850286
MLP,200,6,0.12900278,0,1.0,False,0.007259924079670501,0.008333437802024916
MLP,200,6,0.08679524,0,1.0,False,0.005553251900595178,0.00224309139237703
MLP,200,6,0.10353985,0,1.0,False,-0.00848590934273054,-0.0010300604443113043
MLP,200,6,0.07762762,0,0.0,True,0.009144166735438079,0.0018622185002327494
MLP,200,6,0.084803104,0,1.0,False,-0.0019127441638496958,0.003094461429944385
MLP,200,6,0.14794937,0,0.0,True,-0.0014225426255842966,0.0033080751749309453
MLP,200,6,0.079264894,0,1.0,False,0.00636956559563918,-0.00011372239835852715
MLP,200,6,0.10565178,0,1.0,False,0.0037059599666551322,0.003638898300829047
MLP,200,6,0.07488674,0,0.0,True,0.00599680586110492,0.0028371622532841925
MLP,200,6,0.14620665,0,0.0,True,0.00781402516214038,0.0020177243336392523
MLP,200,6,0.11816203,0,0.0,True,-0.0004565897535312904,0.00014555289767507868
MLP,200,6,0.057964053,0,0.0,True,0.008496327019611337,0.003956566941316771
MLP,200,6,0.20653294,0,0.0,True,0.0027080289862540397,-0.0009624291417858528
MLP,200,6,0.16943714,0,1.0,False,-0.002194564478412334,0.0022314682152108005
MLP,200,6,0.1468605,0,1.0,False,0.0011314274367926539,0.00017722396473988743
MLP,200,6,0.07015906,0,0.0,True,0.006402263200396931,-0.002271782000048983
MLP,200,6,0.08975831,0,1.0,False,0.0037612390187983192,0.0026686225882162425
MLP,200,6,0.1836002,0,0.0,True,0.0025433022204676696,-1.9189453180387072e-05
MLP,200,6,0.08231451,0,0.0,True,-0.006434216691646946,-0.004082565448652608
MLP,200,6,0.18716961,0,0.0,True,0.004711537719318976,0.002784984284335425
MLP,200,6,0.06140605,0,1.0,False,-0.002962099916772578,-0.0027970564512397526
MLP,200,6,0.24847549,0,1.0,False,-0.0037788190184681607,-0.003058162949375373
MLP,200,6,0.083990596,0,0.0,True,-0.004824555951797529,-0.004026631329988434
MLP,200,6,0.33784905,0,0.0,True,0.005750950036646486,-0.00020364116108733565
MLP,200,6,0.14192767,0,0.0,True,-0.006511159355240419,-0.00415826440330022
MLP,200,6,0.4772526,0,0.0,True,0.005749932277665747,0.003647272867138325
MLP,200,6,0.16992234,0,1.0,False,-0.008254786276807903,-0.008804973117692254
MLP,200,6,0.07173589,0,0.0,True,0.00974854290250662,0.0003020450498673822
MLP,200,6,0.0627632,0,0.0,True,0.0017690584110541712,-0.0012230535631912393
MLP,200,6,0.14559506,0,1.0,False,0.0071179866667921065,0.004339112007922145
MLP,200,6,0.1221799,0,0.0,True,0.003105690092721979,0.0024571740752456967
MLP,200,6,0.098561324,0,0.0,True,0.003952344644550334,0.0029803801797861403
MLP,200,6,0.13868819,0,0.0,True,0.0035107929806160827,0.0016816977255692614
MLP,200,7,0.5196129,1,0.0,False,0.006288435975806845,0.003312184737927258
MLP,200,7,0.17431188,0,1.0,False,0.00586946281632818,0.003312877230701828
MLP,200,7,0.12270412,0,1.0,False,-0.0029796443656175857,0.0012957788271883582
MLP,200,7,0.2894733,0,1.0,False,-0.00043038338894291206,0.002364739430137897
MLP,200,7,0.08791719,0,0.0,True,-0.00388179521469962,-0.0006184497543048124
MLP,200,7,0.11463918,0,0.0,True,0.0008949778802978367,-0.0005645163372923382
MLP,200,7,0.078048326,0,1.0,False,-0.0038666285092839583,0.00022836240608476363
MLP,200,7,0.13124897,0,1.0,False,5.800184502168437e-05,0.00176850387872131
MLP,200,7,0.1333118,0,1.0,False,0.00853787787893667,0.004604747608480887
MLP,200,7,0.08226923,0,1.0,False,-0.0032160000824242563,-0.004735405664496389
MLP,200,7,0.12352111,0,1.0,False,-0.0014224196752052481,-0.001374679926512076
MLP,200,7,0.13235901,0,0.0,True,-0.004974633115337935,-0.0048362340553787025
MLP,200,7,0.107183665,0,1.0,False,-0.01314293651854889,-0.0045846367960891855
MLP,200,7,0.16570441,0,0.0,True,0.0068312789827715695,0.00924152383676222
MLP,200,7,0.065827645,0,1.0,False,-0.006374571536237063,-0.0033141800871180492
MLP,200,7,0.17729867,0,1.0,False,0.0017904370101180377,-0.002938902711767481
MLP,200,7,0.15464564,0,1.0,False,0.0037279468675491434,0.003689111105980999
MLP,200,7,0.16441175,0,1.0,False,0.005150276113511276,0.001831825001504574
MLP,200,7,0.09673133,0,1.0,False,-0.006239719333776593,-0.005550421259758253
MLP,200,7,0.067182675,0,0.0,True,0.009526646047157465,0.0067304683506308905
MLP,200,7,0.16259298,0,1.0,False,-0.0065829145728643216,-0.007758186397984887
MLP,200,7,0.53706896,1,0.0,False,-0.003971416031718844,-0.001638774938524847
MLP,200,7,0.26497906,0,0.0,True,-0.0018784536050714727,0.0005083482003331425
MLP,200,7,0.08353694,0,0.0,True,-0.006856059700888554,-0.003096577731299854
MLP,200,7,0.09284489,0,1.0,False,9.35301481741673e-05,-0.00016232605288319068
MLP,200,7,0.108903304,0,1.0,False,0.0005252052555287948,0.0025680185588159536
MLP,200,7,0.08133043,0,0.0,True,0.004064162205593304,0.005360005418881909
MLP,200,7,0.14539681,0,1.0,False,0.0020499016371563917,0.0007907093745320247
MLP,200,7,0.19542421,0,0.0,True,0.0003011851738185721,0.0038535107425073127
MLP,200,7,0.07422572,0,0.0,True,-0.004925839096694372,-0.0006559276080708544
MLP,200,7,0.2552047,0,1.0,False,-0.007840544203053804,-0.006833340362195235
MLP,200,7,0.16582331,0,0.0,True,0.0039856947005708,0.0007470302827566253
MLP,200,7,0.06324689,0,1.0,False,4.255679864476918e-05,-0.004264746427969129
MLP,200,7,0.13603325,0,1.0,False,0.00032472726229291034,0.0008553911060223743
MLP,200,7,0.14751479,0,1.0,False,0.006502880513244768,-0.0007360182452621617
MLP,200,7,0.15364452,0,1.0,False,0.0038712718773715733,0.003528338607833495
MLP,200,7,0.13493024,0,0.0,True,-0.007639512831638019,-0.009571153294377344
MLP,200,7,0.09676175,0,1.0,False,0.0013707371123400185,0.0030375202700791823
MLP,200,7,0.19856271,0,0.0,True,-0.0018276187138094226,-0.003316207436386555
MLP,200,7,0.13482329,0,0.0,True,0.0009317738994677599,0.0008075259742664708
MLP,200,7,0.0860578,0,0.0,True,0.0014813112104417562,0.001836318873205519
MLP,200,7,0.069934055,0,1.0,False,-0.0005006947982660017,-0.0029900871938896164
MLP,200,7,0.27623972,0,0.0,True,-0.0004521728260980171,-0.0005541590911875186
MLP,200,7,0.12452146,0,0.0,True,0.0001404413630586472,0.0005244765892877102
MLP,200,7,0.65899295,1,1.0,True,-0.0032185225376245787,-0.0005059493023708502
MLP,200,7,0.4319447,0,1.0,False,0.0020327381818455695,-0.0008525305311170861
MLP,200,7,0.07664264,0,0.0,True,0.001191475155518108,-0.0038685065366735544
MLP,200,7,0.068924986,0,0.0,True,-0.0017609821965605189,-0.0030255182743013686
MLP,200,7,0.1348767,0,0.0,True,0.0025241003241746923,-0.0033657440132928013
MLP,200,7,0.293826,0,0.0,True,0.00892068649725703,0.004811767847935058
MLP,200,7,0.3476437,0,0.0,True,-0.005427257222124924,0.002846203606285684
MLP,200,7,0.10640018,0,1.0,False,0.007479299594305441,0.0016778270729647512
MLP,200,7,0.050424296,0,1.0,False,0.012860332848356946,0.005034347593305201
MLP,200,7,0.33288163,0,0.0,True,-0.001135811694757829,-0.0021955279829563475
MLP,200,7,0.1129867,0,0.0,True,0.00561729176164745,0.0040958630592317765
MLP,200,7,0.10119336,0,1.0,False,0.0010460620134608888,0.0006456496868405124
MLP,200,7,0.08899206,0,1.0,False,0.003145880589063377,0.005395808316731345
MLP,200,7,0.16296111,0,1.0,False,-0.004533430389529246,-0.0008640308694142746
MLP,200,7,0.3112449,0,0.0,True,-0.003819521921814069,0.002191062862035872
MLP,200,7,0.10131658,0,0.0,True,0.0028636617597446045,0.0037530704700797597
MLP,200,7,0.09734251,0,0.0,True,0.004623085423115826,0.0008563878423180019
MLP,200,7,0.14151037,0,1.0,False,0.0003917700787048188,0.004474397251850979
MLP,200,7,0.085600495,0,0.0,True,-0.004575518543284286,-0.001967577458079215
MLP,200,7,0.15110709,0,1.0,False,0.00022729602599919375,-0.0012071583285935563
MLP,200,7,0.32535234,0,1.0,False,-0.008794884799204416,-0.0023444374859063854
MLP,200,7,0.101501286,0,1.0,False,-0.004071580232662598,-0.0020158465446778063
MLP,200,7,0.32463476,0,0.0,True,0.0023649693421026944,0.003125023097589973
MLP,200,7,0.11606838,0,1.0,False,-0.000768135382169742,-0.0014744948777151465
MLP,200,7,0.09913007,0,0.0,True,0.0042512211981148695,0.0042634324644819765
MLP,200,7,0.07796418,0,1.0,False,0.002071806072392221,0.0018494380445450913
MLP,200,7,0.12369054,0,1.0,False,-0.006166627500418874,-0.0030590196951424415
MLP,200,7,0.33453837,0,1.0,False,-0.002627505549863678,0.0025555089371321173
MLP,200,7,0.1593562,0,0.0,True,0.007166846305588995,0.002194249302200874
MLP,200,7,0.07385045,0,0.0,True,0.0051336194290988605,0.001998627636857414
MLP,200,7,0.08644458,0,1.0,False,-0.005779779163748243,-0.0034266854826015365
MLP,200,7,0.15868889,0,0.0,True,0.001761725265368775,-0.0025220561073547054
MLP,200,7,0.07980494,0,0.0,True,0.005672486140857524,0.0037216504543394788
MLP,200,7,0.29176825,0,1.0,False,0.00466225711175046,0.0019038439731622406
MLP,200,7,0.102793425,0,1.0,False,-0.0003535316358995905,-0.00042505145664551537
MLP,200,7,0.08463236,0,1.0,False,-0.0006660359214300522,-0.00028709729907668995
MLP,200,7,0.23809114,0,1.0,False,-0.0025776556586110493,-0.0021317679756597476
MLP,200,7,0.2817267,0,0.0,True,-0.014057454345548894,-0.006865331509870116
MLP,200,7,0.06990438,0,0.0,True,-0.0025125655276383337,-0.002292331001560856
MLP,200,7,0.2342066,0,1.0,False,-0.007014825639429833,-0.0016182652807554025
MLP,200,7,0.464096,0,0.0,True,0.0018083807515203094,0.007606418153926204
MLP,200,7,0.09193882,0,1.0,False,-0.006666185869029512,-0.0020702116862424784
MLP,200,7,0.10450962,0,0.0,True,-0.0033551009836780507,-0.003287057924534306
MLP,200,7,0.14577791,0,1.0,False,-0.004747088418538399,-0.0033744082159305622
MLP,200,7,0.17315803,0,1.0,False,0.0021972829652710944,-0.0011722684720274575
MLP,200,7,0.100218005,0,1.0,False,-0.006476221006233661,-0.007045246436391732
MLP,200,7,0.07277742,0,1.0,False,-0.003365441979212696,-0.004706235620598596
MLP,200,7,0.062135037,0,1.0,False,0.00959852200221029,0.0025167937985329375
MLP,200,7,0.16114564,0,0.0,True,0.0053819789712125955,0.003731648114621685
MLP,200,7,0.15198426,0,0.0,True,-0.0033234221725468452,-0.00345703973258053
MLP,200,7,0.09366096,0,0.0,True,-0.0033235148427397834,-0.000332144974895633
MLP,200,7,0.16039693,0,0.0,True,-0.00036768306884134283,0.002728685615119539
MLP,200,7,0.07653411,0,0.0,True,0.008743219798499378,0.0037024394707024007
MLP,200,7,0.09758447,0,1.0,False,0.0022290647013506557,0.005734383951744942
MLP,200,7,0.21206376,0,0.0,True,0.003957321969489182,0.0009442828405890439
MLP,200,7,0.7841471,1,0.0,False,0.0067427683338452974,0.0022001636657754953
MLP,200,8,0.08775249,0,1.0,False,0.0010089704685706002,0.00025738518122856373
MLP,200,8,0.17488906,0,0.0,True,0.001697900473025662,0.0036917716129924263
MLP,200,8,0.17008808,0,0.0,True,-0.009796484825334698,-0.006373397725963978
MLP,200,8,0.25465542,0,0.0,True,0.012662276244595766,0.003600984873921467
MLP,200,8,0.08139121,0,0.0,True,0.004568957787297884,0.003924905898256964
MLP,200,8,0.0964406,0,1.0,False,-0.008043055751938682,-0.0016122506186387043
MLP,200,8,0.21162413,0,1.0,False,0.016167661995203125,0.004244279489493698
MLP,200,8,0.12284072,0,0.0,True,0.005671393136453951,0.005082858328908354
MLP,200,8,0.19898939,0,1.0,False,-0.004737442633259094,-0.002481571191288606
MLP,200,8,0.37640882,0,1.0,False,0.0010965978022972193,-0.002805081998543365
MLP,200,8,0.08275386,0,0.0,True,0.0004830453940920645,0.002829550489659069
MLP,200,8,0.09993856,0,1.0,False,0.015728343421049045,0.007354619615022253
MLP,200,8,0.11889822,0,0.0,True,0.0003127896481471764,0.0031055462448566
MLP,200,8,0.15668446,0,0.0,True,0.010488289124850685,0.00817393130281778
MLP,200,8,0.10613817,0,1.0,False,-0.009504646917057545,-0.0037862142524365604
MLP,200,8,0.076017216,0,0.0,True,0.002579208429392415,0.0038457102339832477
MLP,200,8,0.11610493,0,1.0,False,0.010114603795376221,0.004212826642669497
MLP,200,8,0.0942366,0,1.0,False,-0.0044735270865935315,-0.0019657525954769163
MLP,200,8,0.103452,0,1.0,False,-0.0037851150136391717,-0.001350296637764715
MLP,200,8,0.41732183,0,0.0,True,-0.009748948417134836,-0.007984928318653375
MLP,200,8,0.13643804,0,1.0,False,0.0032468057177362426,0.0006834164762245307
MLP,200,8,0.24865158,0,0.0,True,-0.0026339506615456784,0.0009875057400917972
MLP,200,8,0.05897533,0,0.0,True,-0.00036600221026028426,-0.0034848190380254314
MLP,200,8,0.086997114,0,1.0,False,0.0001975739880766773,-0.0027745789757149973
MLP,200,8,0.16816185,0,0.0,True,0.006550031197326063,0.003720148017320468
MLP,200,8,0.07553092,0,1.0,False,-0.0016602040580170063,0.0003504443140767088
MLP,200,8,0.10335296,0,1.0,False,-0.0027198195143362885,-0.004364899510481627
MLP,200,8,0.32740477,0,1.0,False,-0.000778218476853437,-0.0028964148910157845
MLP,200,8,0.081445344,0,0.0,True,0.0012965800135884224,-0.00038794574410389645
MLP,200,8,0.08673978,0,1.0,False,-0.00028639905785291344,-0.002076172397979508
MLP,200,8,0.120437875,0,1.0,False,-1.641263820264815e-05,-0.001072125924245074
MLP,200,8,0.06325473,0,0.0,True,-0.0020663057132297973,-0.005424888221644156
MLP,200,8,0.16857232,0,1.0,False,0.0021111215378657186,0.0010583393154490702
MLP,200,8,0.0557427,0,0.0,True,0.0005343162943225493,-0.0014035642244068977
MLP,200,8,0.5298518,1,0.0,False,-0.0009155259603612786,-0.0004904154425001459
MLP,200,8,0.110623226,0,1.0,False,-0.008251888303140444,-0.00428795113996246
MLP,200,8,0.3353343,0,0.0,True,-0.0027638964196170695,-0.0027456574874214126
MLP,200,8,0.10077711,0,0.0,True,-0.0017692585046654797,-0.0027052927223995883
MLP,200,8,0.067936905,0,0.0,True,0.0005777927170266477,0.0008052761860683885
MLP,200,8,0.11455448,0,0.0,True,-0.000654528292721172,0.0004018064471445934
MLP,200,8,0.06381175,0,1.0,False,-0.003202454250299107,0.0042139625790680105
MLP,200,8,0.13772957,0,1.0,False,0.004453191390812713,0.0029521795253860624
MLP,200,8,0.09690909,0,0.0,True,-0.005932940026765511,-0.004058672394437843
MLP,200,8,0.079501666,0,1.0,False,-0.0010191974721591136,-0.0008632894094436355
MLP,200,8,0.17469098,0,1.0,False,-0.005669851976858703,-0.00567351292631398
MLP,200,8,0.08801638,0,1.0,False,-0.001976996456064777,-0.0013018042041828385
MLP,200,8,0.15630536,0,1.0,False,-0.0029722755711351313,-0.00387998377892189
MLP,200,8,0.1903678,0,1.0,False,0.0014537408761459611,-0.0012879689568714664
MLP,200,8,0.16323017,0,1.0,False,0.0033815144382627637,0.004219632133615753
MLP,200,8,0.06540807,0,1.0,False,-0.002459027373618349,0.005900493677124783
MLP,200,8,0.10971252,0,1.0,False,0.005313269861440669,-3.947592437270099e-05
MLP,200,8,0.058753688,0,1.0,False,-0.001359024268547936,0.0031463412561753158
MLP,200,8,0.07691394,0,1.0,False,0.0024088375234034877,-0.002875190433536983
MLP,200,8,0.060744192,0,0.0,True,0.006423487580982484,-0.00048660523502183444
MLP,200,8,0.074853644,0,0.0,True,-0.005840834885521353,-0.0028330333427534497
MLP,200,8,0.07086174,0,1.0,False,-0.0013505877133060513,-0.0018846127362838808
MLP,200,8,0.1589588,0,1.0,False,0.002987135087691967,0.0010562951323485094
MLP,200,8,0.13607748,0,0.0,True,-0.0008736626489301913,-0.0024145483785399107
MLP,200,8,0.106592715,0,1.0,False,-0.0038708642804662643,-0.0009080596454622171
MLP,200,8,0.14965346,0,0.0,True,-0.0032315885272922065,-0.003236243237898185
MLP,200,8,0.12530045,0,1.0,False,-0.00689988291315124,-0.0029377154114023155
MLP,200,8,0.13885468,0,1.0,False,-0.0015798996738554893,-0.0018100482207425348
MLP,200,8,0.24209379,0,0.0,True,0.0010447833618974106,-0.00509844696881018
MLP,200,8,0.4502995,0,1.0,False,0.004723316507448141,0.003777883186279198
MLP,200,8,0.0860495,0,0.0,True,-0.011513414643523946,-0.007487151985605786
MLP,200,8,0.17504846,0,1.0,False,0.0070287148631835925,0.005832408949546593
MLP,200,8,0.2551855,0,1.0,False,-0.00019787477730568258,0.005249884418822374
MLP,200,8,0.2419252,0,0.0,True,-0.004200941852077549,0.0011078191609383671
MLP,200,8,0.060064513,0,1.0,False,0.002709931340641329,0.002263441848606448
MLP,200,8,0.2203446,0,1.0,False,0.0026592025142973584,-0.00030631553904559677
MLP,200,8,0.11151747,0,1.0,False,-0.0008831103399641419,-0.0024946980595029725
MLP,200,8,0.23995769,0,0.0,True,-0.0017309619917897567,-0.0001465395030427226
MLP,200,8,0.24211562,0,1.0,False,-0.011112621615980025,-0.007668670105899897
MLP,200,8,0.10795484,0,0.0,True,-0.001246315784044458,-0.002106929903779137
MLP,200,8,0.10360119,0,0.0,True,0.004522532582907977,-0.0011839510206706975
MLP,200,8,0.09869838,0,1.0,False,0.0016465509612142058,0.0009228243764728237
MLP,200,8,0.06492991,0,0.0,True,0.007272890068368277,0.0037393961041677975
MLP,200,8,0.26966736,0,0.0,True,0.0005843941363442577,0.0017728086686552883
MLP,200,8,0.09203921,0,0.0,True,0.0059167105035820315,0.004171943769916019
MLP,200,8,0.07052786,0,0.0,True,0.003886097465351383,0.0009254617308418679
MLP,200,8,0.056309935,0,0.0,True,-0.00871381684714124,-0.0029688520477375584
MLP,200,8,0.114637434,0,0.0,True,-0.0040326827661049105,0.0004947752546164666
MLP,200,8,0.12997702,0,0.0,True,-0.00010515297762102967,0.0049078068862222985
MLP,200,8,0.11476638,0,0.0,True,-0.001641340122784649,-0.00048736806555737074
MLP,200,8,0.09858831,0,1.0,False,0.006159437117248868,0.004716511568098557
MLP,200,8,0.5975327,1,0.0,False,0.0007566928121611441,0.005242989337648735
MLP,200,8,0.06280975,0,0.0,True,0.0005513764963102154,0.00047733400326590306
MLP,200,8,0.092071936,0,0.0,True,0.0036679531316886715,0.00395451705196869
MLP,200,8,0.06325583,0,0.0,True,0.006456227592944476,0.001005963607128771
MLP,200,8,0.15861659,0,1.0,False,-0.0006932382998885889,0.0010196663521517457
MLP,200,8,0.12878664,0,1.0,False,0.006028976570869349,0.006976051915457591
MLP,200,8,0.05829773,0,0.0,True,-0.002527964128723142,-0.0028109612181946436
MLP,200,8,0.10471826,0,1.0,False,-0.00188285262716052,-0.003976567992926986
MLP,200,8,0.05565527,0,1.0,False,0.005066588391228462,0.0043991318612062675
MLP,200,8,0.42198908,0,0.0,True,0.0007267425101014392,0.004732174217762325
MLP,200,8,0.15553392,0,1.0,False,0.0031001783109043573,0.0018245197919317844
MLP,200,8,0.09161263,0,0.0,True,0.00015575893427448664,0.0003554403026985734
MLP,200,8,0.07235932,0,0.0,True,-0.0018966751312678735,-0.0007156496530441248
MLP,200,8,0.053672932,0,1.0,False,0.011808474803815349,0.0072032139785483335
MLP,200,8,0.13506992,0,1.0,False,0.0043447220478355555,0.0007300588475494669
MLP,200,9,0.0831478,0,0.0,True,0.0014372661650977928,0.0047470428099779605
MLP,200,9,0.08123751,0,1.0,False,-0.0014097874411117886,-0.0003546374732581087
MLP,200,9,0.09985414,0,0.0,True,-0.0013189889910068258,0.0002647301616005604
MLP,200,9,0.6071755,1,0.0,False,0.008220355797784644,0.007158735810137421
MLP,200,9,0.13898183,0,0.0,True,-0.002512670854381106,-0.00020141833744071578
MLP,200,9,0.07890245,0,1.0,False,0.0012714170720971932,0.003341878471841825
MLP,200,9,0.053832736,0,1.0,False,-0.008230678820576333,-0.00480021024230108
MLP,200,9,0.10487212,0,0.0,True,-0.003686700346059084,-0.002763922719361282
MLP,200,9,0.10575375,0,0.0,True,0.0018773922182531984,0.0031927395274789633
MLP,200,9,0.36494395,0,0.0,True,-0.004786954080432399,0.0006153929910678363
MLP,200,9,0.07067885,0,0.0,True,-0.006059591889174693,-0.005898763094136078
MLP,200,9,0.28531846,0,1.0,False,0.004225217625097235,0.001115897777877779
MLP,200,9,0.1110894,0,0.0,True,0.00838397297152874,0.006137756328859077
MLP,200,9,0.100968726,0,0.0,True,0.00017877331355320577,-0.006295938254866136
MLP,200,9,0.08889278,0,1.0,False,0.004664474353858645,0.0005700092522163145
MLP,200,9,0.07999375,0,1.0,False,0.006131784675504022,0.004383100751495045
MLP,200,9,0.34031245,0,0.0,True,-0.005967405027936174,-0.0026802379437600413
MLP,200,9,0.06734362,0,0.0,True,0.004804334545604313,0.0009316763449926
MLP,200,9,0.119016536,0,1.0,False,0.003393174989973699,0.0014886283023727727
MLP,200,9,0.12266388,0,0.0,True,0.005013849123430277,0.001954699699777813
MLP,200,9,0.07064286,0,0.0,True,-0.0015540888546707267,-0.001528466966050221
MLP,200,9,0.6119117,1,0.0,False,0.0023020285805951573,-0.0015418741740750104
MLP,200,9,0.32853147,0,0.0,True,-0.00010168254466809983,-0.003048933023802931
MLP,200,9,0.18811534,0,1.0,False,-0.0030224294889861962,-0.0010918888553300735
MLP,200,9,0.11014195,0,1.0,False,-0.0011333640244920102,-0.002822985688256743
MLP,200,9,0.13604544,0,1.0,False,-0.0019112144231243954,-0.004435258842730034
MLP,200,9,0.087757766,0,1.0,False,0.0016864055837400266,-0.0025937305008265116
MLP,200,9,0.26162988,0,0.0,True,0.007237820622878245,0.001434014064229323
MLP,200,9,0.22229668,0,0.0,True,-0.016706017945074692,-0.00999874340652913
MLP,200,9,0.11742204,0,0.0,True,-0.006583927027770639,-0.002797044409749621
MLP,200,9,0.08792193,0,0.0,True,0.007078793865705432,0.003520434051865505
MLP,200,9,0.08302471,0,0.0,True,5.259125979959719e-05,0.002440471811926742
MLP,200,9,0.0659443,0,0.0,True,-0.005203019522710871,-0.0045351889464677955
MLP,200,9,0.11077905,0,0.0,True,0.00041440687844633626,-0.003238222369453431
MLP,200,9,0.09606353,0,1.0,False,0.0020006160928930238,0.002708724604146555
MLP,200,9,0.11744837,0,1.0,False,-0.00595134830716867,0.0015181554500005405
MLP,200,9,0.09410048,0,0.0,True,0.001403912255119584,-0.0009116879089168409
MLP,200,9,0.14646871,0,0.0,True,-0.006232619226220814,-0.005290900112592478
MLP,200,9,0.09472298,0,0.0,True,0.0006030250814090922,-0.0015868590334984257
MLP,200,9,0.08648364,0,1.0,False,-0.00016536923841995222,0.00041251683132593765
MLP,200,9,0.06626102,0,0.0,True,0.0012768995105148838,0.0026635677587821603
MLP,200,9,0.11408805,0,0.0,True,0.0027155696908705775,0.0046888082891759966
MLP,200,9,0.07415221,0,0.0,True,0.005925671259458204,0.002893128466929153
MLP,200,9,0.13514507,0,0.0,True,-0.010359197578869843,-0.007187722096241538
MLP,200,9,0.19634974,0,1.0,False,0.003167315110652564,0.0008654631071055051
MLP,200,9,0.14795628,0,0.0,True,-0.0017907039264026157,-0.0011175265708315446
MLP,200,9,0.0709676,0,0.0,True,0.004484582236592838,0.00444571416781521
MLP,200,9,0.1049121,0,0.0,True,-0.00016842813567538554,0.004567234863504096
MLP,200,9,0.19015887,0,0.0,True,-0.0051263366324991715,0.00015053037603203798
MLP,200,9,0.36280608,0,1.0,False,0.0007345054685520771,-0.002034367823633201
MLP,200,9,0.18833734,0,1.0,False,-0.009831491754797046,-0.005697904468066176
MLP,200,9,0.074883796,0,1.0,False,0.005607199953209625,0.0018427514974112627
MLP,200,9,0.4103562,0,1.0,False,0.003869030046701518,0.00486124157100912
MLP,200,9,0.1063921,0,0.0,True,-0.0016062890634867127,-0.0014293018495964284
MLP,200,9,0.061581917,0,0.0,True,-0.005027012772317441,1.3167511209443026e-06
MLP,200,9,0.20127258,0,1.0,False,-0.005106622246051308,-0.0012331844615312872
MLP,200,9,0.4508737,0,0.0,True,-0.002221048589887743,-0.0019489914975892619
MLP,200,9,0.2691739,0,0.0,True,-0.011712800028805337,-0.0069531164296836034
MLP,200,9,0.19067086,0,1.0,False,0.005476432612107373,-0.004131850479446364
MLP,200,9,0.059042074,0,1.0,False,-0.004595994822209199,-0.001153581929245401
MLP,200,9,0.10947394,0,1.0,False,-0.001966769563887212,-0.0032311970315074363
MLP,200,9,0.12655489,0,1.0,False,0.006084025487955918,0.002097942791744617
MLP,200,9,0.23156191,0,0.0,True,-0.0036520343876775795,0.002052830180834168
MLP,200,9,0.13540326,0,0.0,True,-0.004625364573326851,-0.0017654778226294096
MLP,200,9,0.059503134,0,1.0,False,0.010858099816058755,0.003478735871041748
MLP,200,9,0.21224856,0,0.0,True,-0.007541743858849419,-0.005546586345588705
MLP,200,9,0.07916898,0,1.0,False,-0.006734836955561261,-0.006395276208324653
MLP,200,9,0.072736196,0,1.0,False,0.002543835660918115,-0.00037311405547729536
MLP,200,9,0.067372374,0,0.0,True,-0.010080009176672443,-0.005066155889888805
MLP,200,9,0.23126806,0,1.0,False,-0.0009914084263503173,0.0002911258640085822
MLP,200,9,0.17987463,0,0.0,True,0.004123637233629505,0.0027245261151804287
MLP,200,9,0.10785557,0,1.0,False,-6.734651864420526e-05,-4.420636222690842e-05
MLP,200,9,0.099100254,0,0.0,True,0.006756610166357641,0.005716972056797576
MLP,200,9,0.09437452,0,1.0,False,0.00471734496085705,0.0016817596113721698
MLP,200,9,0.1643145,0,1.0,False,0.004266407690085033,0.005008045773296417
MLP,200,9,0.21307139,0,0.0,True,0.009351765715096922,0.0019703433225583063
MLP,200,9,0.25935033,0,1.0,False,0.0026014275961301113,0.0028335063729205035
MLP,200,9,0.09680831,0,1.0,False,-0.0013609276599868543,-0.0010623100500287224
MLP,200,9,0.056469046,0,1.0,False,-0.00810201937401035,-0.004999900768476743
MLP,200,9,0.19717526,0,0.0,True,0.010218071533905797,0.005888918896979791
MLP,200,9,0.08425429,0,1.0,False,-0.0030440794129806934,-0.0014584170860403587
MLP,200,9,0.07478189,0,0.0,True,0.005487985687765702,0.001999480273384062
MLP,200,9,0.08175309,0,1.0,False,0.006074016091860135,-0.0005104746783695002
MLP,200,9,0.15325093,0,1.0,False,-0.0006647705056831725,-0.0017230884621674907
MLP,200,9,0.33149162,0,0.0,True,-0.015001792090535298,-0.0034778318421834287
MLP,200,9,0.19302963,0,1.0,False,0.0010942084485926393,0.0014500846327309335
MLP,200,9,0.093323134,0,1.0,False,0.0070537875518649415,0.004258716148319106
MLP,200,9,0.115714185,0,0.0,True,-0.002713779590975157,-0.0039550614894594905
MLP,200,9,0.28328148,0,0.0,True,-0.006311662417515219,-0.006551966825303421
MLP,200,9,0.09971944,0,0.0,True,-0.00046031219542049564,-0.001469646456148573
MLP,200,9,0.076388225,0,1.0,False,0.004271135557759421,0.0025691276654721392
MLP,200,9,0.08097925,0,0.0,True,0.0049565146102714145,0.004035790835393748
MLP,200,9,0.08711006,0,0.0,True,-0.002618639678116527,-0.005098496523642072
MLP,200,9,0.089367256,0,0.0,True,0.006880107922434337,0.004957319577385068
MLP,200,9,0.55206275,1,1.0,True,0.002492441440727659,0.0020031183870252546
MLP,200,9,0.0803525,0,0.0,True,0.007468690523480079,0.0004603865453101763
MLP,200,9,0.29553056,0,1.0,False,-0.004503384874669218,0.0014850497600728458
MLP,200,9,0.1394732,0,1.0,False,-0.0032524350673682314,-0.0004562870152432749
MLP,200,9,0.12629105,0,1.0,False,0.0006895836901852844,-0.0040188609682426275
MLP,200,9,0.06791924,0,1.0,False,-0.00031933045710894086,0.001342106999706009
MLP,200,10,0.17912312,0,0.0,True,0.001232675431024611,-0.0018100801323035559
MLP,200,10,0.15523201,0,1.0,False,0.0009541995394920193,0.0013597761066486329
MLP,200,10,0.04835329,0,1.0,False,0.014027453434168132,0.012176846561069666
MLP,200,10,0.16630395,0,1.0,False,0.0015424000391096356,0.002124552370630454
MLP,200,10,0.10154543,0,1.0,False,0.0018422925949904984,0.0023765417151674446
MLP,200,10,0.077937774,0,1.0,False,0.007964208419986489,0.004206028594554644
MLP,200,10,0.15440118,0,1.0,False,-0.004848429162098133,-0.0030477657382432196
MLP,200,10,0.16454075,0,0.0,True,-0.0011374105550405371,4.3288138625022624e-05
MLP,200,10,0.22924945,0,0.0,True,0.009335890524392342,0.005405892295920448
MLP,200,10,0.14031035,0,0.0,True,0.0013216563876137948,-0.00016265840216368372
MLP,200,10,0.18417586,0,0.0,True,-0.0006420487597160562,0.0020506736956475424
MLP,200,10,0.18395635,0,1.0,False,0.008035975177895203,0.006190921642647153
MLP,200,10,0.16321225,0,0.0,True,0.0038148886148095845,0.0029171261591882775
MLP,200,10,0.096140355,0,0.0,True,0.0042181228239628835,0.0038766855054420965
MLP,200,10,0.09198442,0,1.0,False,-5.67513924513825e-05,-0.0011134745951773557
MLP,200,10,0.15816648,0,0.0,True,-0.0022857989777699604,2.0523372517527736e-05
MLP,200,10,0.07302919,0,1.0,False,3.993232599354815e-05,0.0032860138512803483
MLP,200,10,0.1349098,0,0.0,True,-0.002980666569136528,-0.0030635028767953573
MLP,200,10,0.0528724,0,0.0,True,-0.006114873401770261,-0.0036373299363195843
MLP,200,10,0.07995793,0,0.0,True,-0.009103542745988248,-0.0012413239581072011
MLP,200,10,0.21754414,0,1.0,False,0.0005836475293154654,-0.0031178534121072132
MLP,200,10,0.14092095,0,1.0,False,0.005679154355251728,0.0006817762663423508
MLP,200,10,0.06262979,0,1.0,False,0.001456876506699399,0.0007301783496301738
MLP,200,10,0.077838585,0,1.0,False,-0.006231442701644999,-0.0022418360355220207
MLP,200,10,0.112564944,0,1.0,False,-0.009659783284779165,-0.003913263423596232
MLP,200,10,0.26270586,0,0.0,True,-0.00040661439330701165,0.0007259757444412657
MLP,200,10,0.11248411,0,0.0,True,0.006048072280601793,0.003366659533098012
MLP,200,10,0.18634377,0,1.0,False,-0.0007898764176378916,0.000724047049311998
MLP,200,10,0.23387004,0,1.0,False,0.007468823395070417,0.008191396440943391
MLP,200,10,0.12870143,0,0.0,True,0.00851020592619841,0.005937167634589494
MLP,200,10,0.30382887,0,0.0,True,0.0013475804323885062,-0.003033095844796943
MLP,200,10,0.071024105,0,1.0,False,0.0018425948258077895,0.0016684281118197347
MLP,200,10,0.20771137,0,0.0,True,-0.0065325445627920685,-0.009672244570237307
MLP,200,10,0.14562273,0,1.0,False,-0.0006932690964492539,0.003741718326043771
MLP,200,10,0.8046635,1,1.0,True,-0.0020639217340015334,4.605568486533178e-05
MLP,200,10,0.16215385,0,1.0,False,0.0023114063567531177,-0.0031487810138899194
MLP,200,10,0.22244127,0,1.0,False,0.0005895841919805486,-0.0006942904285823586
MLP,200,10,0.08832123,0,1.0,False,0.0009021682275227975,0.0027710955293128374
MLP,200,10,0.09065835,0,0.0,True,-0.002036371847410869,0.00443176436891498
MLP,200,10,0.055981778,0,1.0,False,-0.004495013313863147,-0.0023882996611923773
MLP,200,10,0.37939382,0,1.0,False,0.002899318772261448,0.005881516249362864
MLP,200,10,0.12646656,0,0.0,True,0.007667996802140407,0.00010373564017471972
MLP,200,10,0.12358434,0,0.0,True,-0.009813080762261511,-0.003894175142557251
MLP,200,10,0.117721476,0,1.0,False,-0.0026877547949842534,-0.00034969535230572975
MLP,200,10,0.1557474,0,0.0,True,0.0008560529226557907,-0.003375736634543488
MLP,200,10,0.6031492,1,1.0,True,-0.0017986241139826367,-0.001148626823238261
MLP,200,10,0.07916516,0,1.0,False,-0.0021173854471171795,9.761026220071509e-05
MLP,200,10,0.28598565,0,1.0,False,0.008164278572331162,0.00685085417912868
MLP,200,10,0.20506325,0,1.0,False,0.005933127413128702,0.0014905104325324602
MLP,200,10,0.13600495,0,1.0,False,0.007906545696423364,0.004075520073589464
MLP,200,10,0.080415346,0,0.0,True,0.005583400350380876,-0.001257783568307281
MLP,200,10,0.16671671,0,0.0,True,0.0046628086057778715,0.001323378818420617
MLP,200,10,0.1305704,0,0.0,True,0.004900981943919938,-0.000729926921021404
MLP,200,10,0.2125601,0,0.0,True,0.0013337957932761958,0.001161632349228956
MLP,200,10,0.23980826,0,0.0,True,0.0019090421100445302,-0.0006053482124030636
MLP,200,10,0.19949839,0,1.0,False,-0.001225608451398364,0.0020978086740263153
MLP,200,10,0.3678868,0,0.0,True,0.0030275458222728457,0.003864151666383893
MLP,200,10,0.10675137,0,0.0,True,-0.0011229183045130468,-0.0011996758473243798
MLP,200,10,0.09347899,0,0.0,True,-0.0008564240328533842,-0.006954067124971361
MLP,200,10,0.12596145,0,1.0,False,0.004861988279227139,0.0046471037072515296
MLP,200,10,0.12099681,0,1.0,False,-0.00881164118861345,-0.0063890981161295705
MLP,200,10,0.09207849,0,1.0,False,-0.005176086930775504,-0.003854173549789947
MLP,200,10,0.121560216,0,0.0,True,0.0013670768362990778,-0.004395608802695857
MLP,200,10,0.1532983,0,1.0,False,-0.0033394410546763783,-0.005765387483347318
MLP,200,10,0.17115147,0,1.0,False,8.901533810116672e-05,-0.0001605501237016998
MLP,200,10,0.25566602,0,0.0,True,0.003963984813820696,-0.002146480212649102
MLP,200,10,0.10021656,0,0.0,True,-0.005245629193320322,-0.000959282287862294
MLP,200,10,0.1999722,0,1.0,False,0.004878390899393054,-0.005338594989305044
MLP,200,10,0.15649016,0,0.0,True,0.0005515390899673727,-0.001840045394716155
MLP,200,10,0.20020305,0,0.0,True,-0.015629518142069178,-0.005240566953409061
MLP,200,10,0.11729362,0,0.0,True,-0.0031572472663994986,-0.005529019646113689
MLP,200,10,0.12664558,0,1.0,False,0.005359669120073114,0.006508773391397235
MLP,200,10,0.17382367,0,0.0,True,-0.001037302495928991,-0.003354581206975434
MLP,200,10,0.080620825,0,1.0,False,0.004382353055494336,0.004192433362067043
MLP,200,10,0.33622062,0,1.0,False,-0.012678433316488156,-0.004697981368267368
MLP,200,10,0.08467304,0,0.0,True,0.008248850174198179,0.00214443229329011
MLP,200,10,0.05488833,0,0.0,True,0.0016765251557616927,0.00165174407270615
MLP,200,10,0.1975656,0,0.0,True,-0.005897005321587178,-0.006238867260932919
MLP,200,10,0.066451535,0,0.0,True,0.00021409325772340238,-0.008353617186434716
MLP,200,10,0.19864391,0,0.0,True,-0.0033787210375737877,-8.650420829210315e-05
MLP,200,10,0.101740494,0,1.0,False,0.005278183164187422,-0.0003007043536175149
MLP,200,10,0.27985853,0,0.0,True,0.0034578673546676033,0.002334283178530244
MLP,200,10,0.11566443,0,0.0,True,-0.004523218467490267,-0.004434008035464728
MLP,200,10,0.19195952,0,0.0,True,-0.0035546807323128433,-0.0035368729193576585
MLP,200,10,0.08568017,0,1.0,False,-0.0005139371878123694,0.003644504494332414
MLP,200,10,0.09813063,0,1.0,False,-0.005197028203603877,-0.004153727860362111
MLP,200,10,0.1150135,0,1.0,False,-0.007575915080755637,-0.0034643507103288853
MLP,200,10,0.16638426,0,0.0,True,0.009491862087958712,0.00795226947498064
MLP,200,10,0.14371198,0,1.0,False,0.0036636271939198667,0.003493940033446385
MLP,200,10,0.08264831,0,1.0,False,-0.004652103806411184,-0.0011057498824093008
MLP,200,10,0.1546505,0,0.0,True,0.008844251600001962,0.005365246654154822
MLP,200,10,0.31783623,0,1.0,False,-0.003488517762386212,-0.00022031016411428367
MLP,200,10,0.15496875,0,1.0,False,-0.000537084661675666,-0.0006902717011654654
MLP,200,10,0.1155724,0,1.0,False,-0.007064769121819272,-0.006025717393852063
MLP,200,10,0.13507454,0,0.0,True,0.004001530191441492,0.0002563703122775598
MLP,200,10,0.12670223,0,0.0,True,-0.0019615483833342884,-0.00010198196749367193
MLP,200,10,0.113032565,0,1.0,False,-0.007976938162466687,-0.010416315363104812
MLP,200,10,0.103970505,0,1.0,False,-0.001472023901551106,-0.004953693620512079
MLP,200,10,0.17187278,0,0.0,True,0.0015963824742802287,-0.0016993261429526334
MLP,200,10,0.08250181,0,1.0,False,-0.00045229380659916115,-0.0005045712370934987
MLP,200,11,0.08590057,0,1.0,False,-0.004669082871210355,-0.0005545755462137281
MLP,200,11,0.26966918,0,1.0,False,-0.0013345458035165542,0.0038564451984375837
MLP,200,11,0.27307078,0,0.0,True,-0.005146647395530468,-0.003069751303549673
MLP,200,11,0.05785821,0,0.0,True,0.00139338781927837,-0.0006478419565951499
MLP,200,11,0.056994013,0,0.0,True,-0.007288002262874277,-0.007583214132330413
MLP,200,11,0.09387005,0,1.0,False,0.0033909390203219485,0.003800307581874988
MLP,200,11,0.2611956,0,1.0,False,-0.0027873960809068786,-0.004155675394125359
MLP,200,11,0.06482269,0,1.0,False,-0.0030761532301665437,0.00021624431992679755
MLP,200,11,0.1655911,0,1.0,False,-0.0005225093477550979,0.0018202463753547908
MLP,200,11,0.13355558,0,1.0,False,-0.005131445542839283,-0.004237450005362102
MLP,200,11,0.10534639,0,1.0,False,-0.0013327858192826029,0.00014911433590286533
MLP,200,11,0.15769811,0,1.0,False,-0.0011091656037427412,-0.0023965612157546704
MLP,200,11,0.11037105,0,1.0,False,-0.00201142587334153,-0.0006778555140802346
MLP,200,11,0.2515526,0,1.0,False,0.013330140887888526,0.008327270235746293
MLP,200,11,0.11386639,0,0.0,True,0.01004664124325644,0.005235744770059845
MLP,200,11,0.19321828,0,1.0,False,0.002309724054177268,-0.0013872065509364787
MLP,200,11,0.48373666,0,0.0,True,-0.000757154015424115,-0.0031534402934144472
MLP,200,11,0.10916609,0,0.0,True,-0.002376237528951816,0.0024270745431691615
MLP,200,11,0.08896631,0,0.0,True,-0.0023035007030944568,-0.0026066507035073096
MLP,200,11,0.11725675,0,1.0,False,-0.004192976743614293,-0.0035982999523730993
MLP,200,11,0.14806254,0,0.0,True,-0.001088758685196506,-0.0015959988636800185
MLP,200,11,0.17559916,0,1.0,False,0.0003320112464630218,0.0011901625138134285
MLP,200,11,0.12465729,0,0.0,True,0.00736304127842597,0.004481165199540039
MLP,200,11,0.16139625,0,1.0,False,-0.007120421085353443,-0.002981710836428977
MLP,200,11,0.30380982,0,0.0,True,0.010476769456952209,0.007353017578603632
MLP,200,11,0.12303888,0,0.0,True,0.0064161898979381415,0.004391334500240165
MLP,200,11,0.12354962,0,0.0,True,0.0012242865286715878,0.0032421406570150957
MLP,200,11,0.06855506,0,0.0,True,0.0037368839541020212,0.00100086831868627
MLP,200,11,0.08281442,0,0.0,True,-0.0038188966833704913,-0.003753038091915314
MLP,200,11,0.4784264,0,1.0,False,0.001685533202587494,-0.00435362628506485
MLP,200,11,0.15065274,0,0.0,True,0.01095485450854683,0.007909390442328348
MLP,200,11,0.09327922,0,0.0,True,0.002793219104516368,0.0006334454440072056
MLP,200,11,0.09455792,0,0.0,True,0.0033029946988943687,0.005207384029351023
MLP,200,11,0.20704739,0,1.0,False,5.0054828624104776e-05,0.0014606694765447387
MLP,200,11,0.092403464,0,1.0,False,0.0006889758477335124,-6.359799489834586e-05
MLP,200,11,0.14259861,0,0.0,True,-0.0029148147849506244,-0.004357857495486516
MLP,200,11,0.12321173,0,1.0,False,-0.0014298096145887887,0.0019935636929970407
MLP,200,11,0.058687374,0,1.0,False,-0.0026655079750269113,-0.000582510725927277
MLP,200,11,0.18146835,0,1.0,False,0.006314392487562941,0.003129500953625719
MLP,200,11,0.23967227,0,1.0,False,-0.003940604602393107,-0.0015587138171529187
MLP,200,11,0.07964077,0,1.0,False,-0.0005772142079513958,-0.0012076318906970506
MLP,200,11,0.23202921,0,1.0,False,0.0037530844184961217,-0.0006981605513019759
MLP,200,11,0.07468277,0,1.0,False,-0.005980054213125329,-0.0009321894539779992
MLP,200,11,0.084404215,0,0.0,True,0.01193055934012936,0.0037254579333796086
MLP,200,11,0.11111116,0,0.0,True,-0.008225501027458936,-0.002880739023923921
MLP,200,11,0.459448,0,0.0,True,0.0007495734141339998,-0.0015154245789521818
MLP,200,11,0.1371336,0,1.0,False,0.008554166491493757,0.001597569193652411
MLP,200,11,0.10853818,0,1.0,False,-0.006536982587197158,-0.001030077128788484
MLP,200,11,0.060896367,0,0.0,True,0.0001998900168294157,0.0016633201160816398
MLP,200,11,0.12797363,0,0.0,True,0.0010548875018165562,0.001737274226577379
MLP,200,11,0.22719254,0,1.0,False,-0.005297078132377073,-0.005414264697810069
MLP,200,11,0.08408371,0,1.0,False,0.0006153121845635432,0.002508633009224011
MLP,200,11,0.109587505,0,1.0,False,0.00032487772585180916,0.0034010182932218557
MLP,200,11,0.13992317,0,1.0,False,0.001311848398565169,0.0023733623387352876
MLP,200,11,0.5179066,1,1.0,True,-0.0030891107785242515,0.0015367025790781487
MLP,200,11,0.16329655,0,0.0,True,0.0066695346829629045,0.007213826020104864
MLP,200,11,0.102441415,0,0.0,True,0.0004337326590087653,-0.002517553822309842
MLP,200,11,0.06861579,0,0.0,True,0.005200380942478922,-0.003531350939411496
MLP,200,11,0.24702094,0,0.0,True,-0.006095147985214087,-0.007169518265807788
MLP,200,11,0.16553356,0,0.0,True,0.0008529990172643851,-0.0007817450048042612
MLP,200,11,0.28069285,0,1.0,False,0.001236087448241763,0.0023969781939121872
MLP,200,11,0.1632256,0,1.0,False,-0.004693021241951253,-0.00319608584587104
MLP,200,11,0.2735988,0,1.0,False,0.003944961854694044,0.0024710893863876117
MLP,200,11,0.11250027,0,1.0,False,0.0032542068453479964,0.0017764635018587833
MLP,200,11,0.09414351,0,1.0,False,-0.0037834783235247684,-0.002102381403798508
MLP,200,11,0.081843875,0,0.0,True,-0.010858354991214651,-0.006804591450106778
MLP,200,11,0.06729871,0,1.0,False,-0.00010046313164787946,0.0013098226780893765
MLP,200,11,0.11122879,0,0.0,True,0.0041041244570480615,0.004163950227896114
MLP,200,11,0.1220608,0,1.0,False,-0.001522854208630653,-0.0027052876354323645
MLP,200,11,0.17781511,0,0.0,True,0.013707392351805976,0.008177391370695184
MLP,200,11,0.3152293,0,0.0,True,-0.004695403199388522,0.0014163766192488128
MLP,200,11,0.053806294,0,0.0,True,-0.0014090176360454854,-0.0025462515397708615
MLP,200,11,0.1009378,0,0.0,True,-0.003899314588408379,-0.0008812688405928147
MLP,200,11,0.07849546,0,1.0,False,0.013182268874777813,0.010544078802602271
MLP,200,11,0.05951223,0,0.0,True,0.0033788958389901983,-0.00018993527007419515
MLP,200,11,0.18127808,0,0.0,True,-0.0030496725163463917,0.0006198037738804081
MLP,200,11,0.06124966,0,1.0,False,0.002809104634809843,0.003315943896004807
MLP,200,11,0.10566416,0,1.0,False,0.007035226150741459,-0.00518884143731507
MLP,200,11,0.1152563,0,1.0,False,0.007128367091415651,0.006089042197677018
MLP,200,11,0.23641749,0,0.0,True,-0.0023268226858870634,-0.0068206360286694225
MLP,200,11,0.16950625,0,1.0,False,0.00601820311998078,0.00537911690174738
MLP,200,11,0.11294447,0,0.0,True,-0.0049293087487352226,-0.002373135360611779
MLP,200,11,0.08701386,0,0.0,True,-0.0019906242080909224,0.0005237873328341374
MLP,200,11,0.22878048,0,0.0,True,0.005842333037457167,0.003598720935641636
MLP,200,11,0.22020243,0,0.0,True,-0.0003727480121692512,0.003052532232708779
MLP,200,11,0.09409288,0,1.0,False,0.00949221107255224,0.003998351481573735
MLP,200,11,0.10882574,0,1.0,False,0.00721604255366955,0.006628375696416793
MLP,200,11,0.08948943,0,0.0,True,0.006656617061558859,-3.7507953475783485e-06
MLP,200,11,0.2496556,0,1.0,False,0.004299864050447128,0.001337359583162238
MLP,200,11,0.07986474,0,1.0,False,0.0015466405112565889,0.0012494023465454227
MLP,200,11,0.11928568,0,1.0,False,-0.01390800503845476,-0.010643454255973395
MLP,200,11,0.14922231,0,1.0,False,0.0010937090473832661,-0.0020537104056943217
MLP,200,11,0.09789359,0,0.0,True,0.00031470051227657755,0.0028852459098110844
MLP,200,11,0.09131442,0,0.0,True,-0.012123412631596628,-0.00547594886712617
MLP,200,11,0.096177585,0,0.0,True,-0.0006880688614252912,-0.0004611595909524502
MLP,200,11,0.106849305,0,1.0,False,-0.005732629772858616,0.001004277680378539
MLP,200,11,0.57136834,1,1.0,True,0.006066233140734877,0.003562905973092786
MLP,200,11,0.101882555,0,0.0,True,-0.0006658015268811395,0.0038405259521146623
MLP,200,11,0.1233942,0,1.0,False,-0.004322856458683046,-0.001793109377963815
MLP,200,11,0.5550652,1,0.0,False,0.0071034677739978454,0.005935439185279645
MLP,200,12,0.3697556,0,1.0,False,-0.002114206677508077,-0.004739389476951717
MLP,200,12,0.057999276,0,1.0,False,-0.004075637546077943,-0.002853419320962506
MLP,200,12,0.11035565,0,0.0,True,0.005092206682765049,0.0006443821979382582
MLP,200,12,0.10759593,0,1.0,False,-0.0018554834137193105,-0.001302702060701311
MLP,200,12,0.11362802,0,1.0,False,0.004817184829640468,0.0010758473285096479
MLP,200,12,0.057725813,0,0.0,True,-0.006182189440240353,-0.0003288785591471526
MLP,200,12,0.1222434,0,1.0,False,0.014758536035681972,0.007439004291614287
MLP,200,12,0.20949835,0,1.0,False,-0.006814812614252072,0.0015311620071488863
MLP,200,12,0.12002488,0,0.0,True,-0.003913029551244487,-0.004428891230701762
MLP,200,12,0.2957526,0,0.0,True,0.001959055522868215,-0.004081552757364082
MLP,200,12,0.060520694,0,1.0,False,0.0029604883823864496,0.003321109784633665
MLP,200,12,0.124005586,0,1.0,False,-0.0007545610865637168,0.002517856723954122
MLP,200,12,0.103539586,0,1.0,False,0.004152090851930961,0.001945225570783363
MLP,200,12,0.21806777,0,0.0,True,0.003613882616813167,0.004982849003632281
MLP,200,12,0.18755068,0,1.0,False,0.0005873362315897229,0.0017733288864401565
MLP,200,12,0.11416228,0,0.0,True,-0.00440822460260721,-0.003080149847687945
MLP,200,12,0.23066287,0,1.0,False,-0.006386196382482181,-0.0017667841817134919
MLP,200,12,0.09163085,0,1.0,False,0.006082897543391542,0.003050974378965419
MLP,200,12,0.48677585,0,1.0,False,-0.01133179907517102,-0.007508105084657682
MLP,200,12,0.18805957,0,0.0,True,0.0005851290375681121,-0.0005432580574563533
MLP,200,12,0.4349365,0,0.0,True,0.005495158931879742,-0.0003345289687076234
MLP,200,12,0.12159797,0,0.0,True,-0.00877611153398594,-0.009981773512476706
MLP,200,12,0.13981804,0,0.0,True,0.013201729332793675,0.008572760243556226
MLP,200,12,0.35087198,0,1.0,False,0.0007994142143678164,0.00503556218907839
MLP,200,12,0.26295504,0,1.0,False,-0.0028643487060322406,-0.002166551549190772
MLP,200,12,0.11863029,0,0.0,True,-0.008544304339362657,-0.005971400696196597
MLP,200,12,0.14196035,0,0.0,True,0.001557361840589758,0.002216133367553496
MLP,200,12,0.061508074,0,0.0,True,0.0060830169327177105,0.0015850062294443022
MLP,200,12,0.37189895,0,1.0,False,-0.0029239808963391527,0.0007460864308592842
MLP,200,12,0.16612685,0,1.0,False,0.005115679206939709,0.007242616820830648
MLP,200,12,0.07157165,0,1.0,False,0.010625221035364951,0.007779023415527006
MLP,200,12,0.1550092,0,1.0,False,0.004169089005543947,-5.294485019284669e-05
MLP,200,12,0.069293275,0,0.0,True,0.0015536544558231468,-0.0005834582532298405
MLP,200,12,0.308525,0,0.0,True,-0.01000306101997445,-0.004966305409780514
MLP,200,12,0.069444135,0,0.0,True,-0.001682325393943705,0.0007834006188183741
MLP,200,12,0.1369625,0,0.0,True,-0.0005525644091775067,0.0024271723034936282
MLP,200,12,0.2867342,0,0.0,True,0.0038539833707085785,-0.0005188747577204197
MLP,200,12,0.42086005,0,0.0,True,-0.0008623376149956573,0.0024100553683858174
MLP,200,12,0.17512998,0,1.0,False,0.0023099470335622165,0.004204505463954506
MLP,200,12,0.10733078,0,1.0,False,-0.00032294631812085123,0.0006853654264134967
MLP,200,12,0.08828146,0,1.0,False,-0.003221393151070106,-0.004966662280820408
MLP,200,12,0.08764636,0,1.0,False,-0.0023301688793086186,-2.0376158007759515e-05
MLP,200,12,0.08249526,0,1.0,False,-0.013855507604540322,-0.008750720308326741
MLP,200,12,0.22841434,0,0.0,True,1.154626245439904e-06,-0.0002248132165242374
MLP,200,12,0.21447633,0,1.0,False,0.0036334448702682646,0.004396214444461779
MLP,200,12,0.27143076,0,0.0,True,-0.005025167437190146,-0.00649870250075072
MLP,200,12,0.16410743,0,1.0,False,-0.003381368779878376,-0.002306679619530371
MLP,200,12,0.09162593,0,0.0,True,-0.008473794173308928,-0.004967460004723582
MLP,200,12,0.08002597,0,1.0,False,0.0010716164676450206,-0.0009400539930717689
MLP,200,12,0.11480623,0,1.0,False,-0.01063268992817296,-0.006324621567108608
MLP,200,12,0.14521359,0,0.0,True,-0.00019849716355371214,0.0025717960431885156
MLP,200,12,0.16265817,0,1.0,False,-0.002190521330488025,-0.0012389730170567295
MLP,200,12,0.10174287,0,0.0,True,0.0012022143222149629,-0.001086297153188281
MLP,200,12,0.06582461,0,1.0,False,0.0032638402582113525,-0.0033018506281553696
MLP,200,12,0.13441281,0,1.0,False,0.00032339528676603765,-0.0025482102215189984
MLP,200,12,0.14970756,0,0.0,True,0.005389752261218265,0.0038939946940288015
MLP,200,12,0.2719873,0,1.0,False,0.0007538507194055073,0.0005544695841110729
MLP,200,12,0.06018975,0,0.0,True,-6.581009818805188e-05,-0.00029322383515908724
MLP,200,12,0.14113452,0,1.0,False,-0.0020341753989710897,-0.006644500843720336
MLP,200,12,0.14215173,0,0.0,True,-0.004192598171888075,-0.0024367639581563175
MLP,200,12,0.0897985,0,1.0,False,0.006835002459482957,0.00181267255157481
MLP,200,12,0.12333437,0,1.0,False,-0.005227868827133319,-0.002469313609868706
MLP,200,12,0.053638887,0,1.0,False,0.001487583437063454,-0.0027900023110198884
MLP,200,12,0.10967416,0,1.0,False,-0.007175482877227448,-0.003040935539048389
MLP,200,12,0.09484535,0,0.0,True,0.004371844214564412,0.0014861284027661548
MLP,200,12,0.089407034,0,0.0,True,-0.00306696058410717,-0.002495520961749937
MLP,200,12,0.18157494,0,0.0,True,-0.004290983495300609,-0.002789690091068897
MLP,200,12,0.2201371,0,1.0,False,-0.006458866746716399,-0.004785957787298778
MLP,200,12,0.7262479,1,1.0,True,0.0055073372852319225,0.00715953530779315
MLP,200,12,0.10357744,0,1.0,False,0.0019298710986064987,0.0007495262611637317
MLP,200,12,0.057074245,0,0.0,True,-0.0021119595272152776,0.0005731113304958275
MLP,200,12,0.09770743,0,0.0,True,-0.0013218108995135954,-0.002912367416823787
MLP,200,12,0.06848707,0,0.0,True,0.0011323497896667308,-0.0005255009936582613
MLP,200,12,0.07610173,0,1.0,False,0.0047380695448071015,-0.0009614072382193739
MLP,200,12,0.13451123,0,0.0,True,-0.00020782906531549745,-0.00040819123620274234
MLP,200,12,0.08193937,0,0.0,True,0.0042208943999740515,-0.0038539582058018823
MLP,200,12,0.09304402,0,1.0,False,-0.004428602118918966,-0.0020727308573603763
MLP,200,12,0.38698617,0,0.0,True,-0.0012464119809801916,0.0021321744826165953
MLP,200,12,0.18761665,0,0.0,True,0.007435143404764957,0.0030980534884615728
MLP,200,12,0.17667402,0,0.0,True,0.0006429356202430754,0.0005142092318099512
MLP,200,12,0.26130623,0,1.0,False,0.012596682141318752,0.005250441328348689
MLP,200,12,0.19283967,0,1.0,False,0.012022067377055764,0.007656315850251557
MLP,200,12,0.21554677,0,0.0,True,-0.005293561431177529,-0.0014760535945111007
MLP,200,12,0.1788526,0,0.0,True,-0.0021608794688421753,-0.00027716128740639274
MLP,200,12,0.07458812,0,0.0,True,-0.004997477898526668,-0.002792407155371026
MLP,200,12,0.10420654,0,0.0,True,0.003169179979993037,0.0014151357694625348
MLP,200,12,0.10024682,0,1.0,False,0.010436667584025753,0.007669193069195487
MLP,200,12,0.081860974,0,1.0,False,0.0007084182038666822,-0.00228959523671448
MLP,200,12,0.10554019,0,0.0,True,-0.0033554775811098017,-0.0031866336104964805
MLP,200,12,0.08314757,0,1.0,False,0.007392694277570776,-0.002239984887126996
MLP,200,12,0.07038747,0,0.0,True,-0.005780494241078794,-0.00012290178154245843
MLP,200,12,0.08868073,0,1.0,False,-0.001279299230777177,0.0001547300247165329
MLP,200,12,0.13774474,0,0.0,True,-0.0009387111114378874,0.001601296478066681
MLP,200,12,0.22798394,0,1.0,False,0.0008662843882784075,0.0015797184822897313
MLP,200,12,0.10945063,0,1.0,False,0.007034906150544852,0.0038032740378353704
MLP,200,12,0.09880033,0,0.0,True,0.004508856866677572,0.00227938475309485
MLP,200,12,0.12184429,0,1.0,False,-0.007839525821283421,-0.006096210249165589
MLP,200,12,0.28206822,0,0.0,True,-0.0005427123014008418,-0.0018024709371658165
MLP,200,12,0.109847605,0,1.0,False,-0.0009748833482479885,0.000531860665312132
MLP,200,12,0.0970886,0,1.0,False,-0.0018098536206204484,-0.000328488673711075
MLP,200,13,0.0761572,0,1.0,False,-0.007693277388514465,0.0009779484582455018
MLP,200,13,0.09457551,0,0.0,True,-0.002092956433568267,-0.001760920201387682
MLP,200,13,0.10417011,0,1.0,False,0.0014918055546817724,-0.00016795124471264905
MLP,200,13,0.08805896,0,0.0,True,-0.0006228061714462029,-0.0009234909996447757
MLP,200,13,0.061104447,0,1.0,False,-0.0076198997104567285,-0.0038847325494779975
MLP,200,13,0.12089993,0,1.0,False,0.008442060609029323,0.005717861295461535
MLP,200,13,0.14340405,0,0.0,True,-0.001268854732886107,0.0005425571881505096
MLP,200,13,0.14985044,0,1.0,False,0.0042906302325484225,0.004149656380069302
MLP,200,13,0.20465854,0,0.0,True,0.011472305265592182,0.011310001209846064
MLP,200,13,0.0783471,0,1.0,False,-0.006654570628738033,-0.002284841572749063
MLP,200,13,0.11099608,0,0.0,True,-0.005621986331438488,-0.00376735804953762
MLP,200,13,0.3198943,0,1.0,False,0.0068798984243220816,0.005890097727206048
MLP,200,13,0.07219302,0,1.0,False,0.004407179200216458,0.0017224276489265003
MLP,200,13,0.10501099,0,0.0,True,0.007923038647601943,0.0003580915641743402
MLP,200,13,0.15904686,0,1.0,False,0.004210243922333542,0.0014243024912559599
MLP,200,13,0.08219594,0,1.0,False,0.0018016829264237218,-0.0026249427154495736
MLP,200,13,0.13513333,0,0.0,True,0.0006532175642857572,0.0005794981268274596
MLP,200,13,0.12054316,0,1.0,False,0.0028123681197334467,0.00019940318333670645
MLP,200,13,0.1455453,0,1.0,False,0.0010842252117092552,-0.0012797882023961903
MLP,200,13,0.42573184,0,1.0,False,0.0020603015075376886,0.0005289672544080605
MLP,200,13,0.07113846,0,1.0,False,-0.005108276332947975,-0.002679887992054786
MLP,200,13,0.10115587,0,1.0,False,0.0061151576518829855,0.002959856297416723
MLP,200,13,0.32869235,0,0.0,True,-0.002299909715057821,-0.0003666471417688497
MLP,200,13,0.5227346,1,1.0,True,0.0017071992267666796,0.0015107283411325409
MLP,200,13,0.13667375,0,1.0,False,-0.004503471755390904,0.0007274290496141634
MLP,200,13,0.12069698,0,1.0,False,0.007811481994447733,0.0031232122100264084
MLP,200,13,0.08564819,0,1.0,False,0.0038530642870912178,0.0005610326094149476
MLP,200,13,0.1345589,0,0.0,True,0.0026150292608055088,-0.0006028546468331452
MLP,200,13,0.122223765,0,1.0,False,0.0035154303879476913,0.004630601770866877
MLP,200,13,0.19679685,0,0.0,True,0.0032979795833978733,-0.0002209029395477283
MLP,200,13,0.41284144,0,0.0,True,-0.004554462300021606,-0.004917707297819033
MLP,200,13,0.14752318,0,1.0,False,0.0013060094551948392,0.001460371820563188
MLP,200,13,0.07758492,0,1.0,False,-0.006207081094410816,-0.006826046638662885
MLP,200,13,0.13515177,0,0.0,True,-0.0012585784586542472,0.001735634998709357
MLP,200,13,0.26142326,0,0.0,True,0.003863189287144271,0.0054335394080180675
MLP,200,13,0.2536616,0,0.0,True,0.004013388476211253,0.003192454480782353
MLP,200,13,0.153904,0,1.0,False,0.0012449408527119015,0.0012966187224664465
MLP,200,13,0.16742449,0,0.0,True,0.007097763057153315,0.004240283632576008
MLP,200,13,0.079250194,0,1.0,False,0.0035100833454342092,0.002411934577829253
MLP,200,13,0.19452912,0,0.0,True,0.0007818851198827348,-0.004702431486505557
MLP,200,13,0.14865048,0,1.0,False,-0.0028648531123240907,-0.0007313113659013702
MLP,200,13,0.23678167,0,1.0,False,0.0021513543540600823,0.0017034906349676826
MLP,200,13,0.17204428,0,0.0,True,0.003416420164025361,0.0017372801121868049
MLP,200,13,0.06455739,0,1.0,False,0.0062135028914812,0.004545058222656511
MLP,200,13,0.120784424,0,1.0,False,-0.0020698615973948676,-0.00036223726094807327
MLP,200,13,0.07960037,0,1.0,False,0.007069062057411775,0.004337410740703712
MLP,200,13,0.10143825,0,0.0,True,-0.004371749119578524,-0.001410388267995812
MLP,200,13,0.05719891,0,0.0,True,0.0062386759778270745,0.005371134016972163
MLP,200,13,0.09164502,0,0.0,True,-0.004774083929732581,-0.005390644459535118
MLP,200,13,0.2342279,0,1.0,False,0.00244592244059707,-0.0008513597392286931
MLP,200,13,0.06378951,0,1.0,False,0.0032548964457185465,0.002380722816889583
MLP,200,13,0.23424524,0,1.0,False,-0.0022708686808332206,6.71877912757689e-05
MLP,200,13,0.26451465,0,1.0,False,-0.004324427400200271,-0.0035803848613120766
MLP,200,13,0.16040239,0,0.0,True,0.0033550689957674877,-0.0006389124269222219
MLP,200,13,0.26485416,0,1.0,False,-0.00396126892461069,-0.004320944748981722
MLP,200,13,0.091299824,0,1.0,False,-0.0006013839786649823,0.00245055112258565
MLP,200,13,0.14316197,0,1.0,False,0.005864004747569769,0.005325411522117989
MLP,200,13,0.08394422,0,0.0,True,0.0007966981072646199,0.00359416566773806
MLP,200,13,0.08331386,0,0.0,True,0.008874067895328628,0.007109306969878151
MLP,200,13,0.24400991,0,0.0,True,0.0005826053823113326,-0.0023623223852128968
MLP,200,13,0.11530044,0,0.0,True,-0.002181081738058597,0.0025475668711152904
MLP,200,13,0.15633023,0,0.0,True,-0.003985137233563045,-0.0004917240409670357
MLP,200,13,0.2694437,0,1.0,False,0.001045840593175147,-0.00031363212225000504
MLP,200,13,0.28004828,0,0.0,True,-0.004938929156794426,-0.007471390007753148
MLP,200,13,0.10594382,0,0.0,True,0.0035046489852308387,0.007797748814329234
MLP,200,13,0.11452131,0,1.0,False,-0.0016099794037981495,-0.002848690046697792
MLP,200,13,0.3598163,0,1.0,False,-0.004930576567966076,-0.0007362809044314816
MLP,200,13,0.3122357,0,0.0,True,-0.0022766482180467686,0.0020764250826381093
MLP,200,13,0.26801464,0,0.0,True,0.002756882961986455,-0.000257522960473962
MLP,200,13,0.10991198,0,1.0,False,0.0018946305103574414,0.0015710691905584967
MLP,200,13,0.12432673,0,1.0,False,0.0006528033205316913,-0.004156606408135519
MLP,200,13,0.081651025,0,1.0,False,0.0005451601553035258,-0.0018722980640146953
MLP,200,13,0.18832828,0,1.0,False,0.002555637832023502,-0.002904662360700871
MLP,200,13,0.11361879,0,0.0,True,0.012036905994499336,0.009976554124938383
MLP,200,13,0.054469034,0,0.0,True,-0.0003517587939698492,-0.0033501259445843827
MLP,200,13,0.12812081,0,1.0,False,0.003964007339817123,0.003973701839818479
MLP,200,13,0.09403206,0,0.0,True,-0.0005255596976045806,-0.00027227321400485953
MLP,200,13,0.16461165,0,1.0,False,-0.0016424544584064335,-0.0020783453662483187
MLP,200,13,0.17136507,0,1.0,False,0.0011374075545813685,-0.0035622265144418298
MLP,200,13,0.058533598,0,1.0,False,0.00920907641475276,0.004571766775168558
MLP,200,13,0.096450545,0,0.0,True,0.009915275724881009,0.00260824373724511
MLP,200,13,0.08960839,0,1.0,False,-0.011932289346284245,-0.0078058364632378665
MLP,200,13,0.13256545,0,0.0,True,-0.005371135319185005,-0.001129630401194687
MLP,200,13,0.097734615,0,1.0,False,0.0023935800601138616,-0.0011501495125957187
MLP,200,13,0.13097207,0,0.0,True,-0.0032166260826079515,-0.003149207884347523
MLP,200,13,0.2394178,0,0.0,True,-0.004305479904566369,-0.0010961530165555407
MLP,200,13,0.20088334,0,1.0,False,-0.0032330873677243123,-0.0003199592409815135
MLP,200,13,0.16271959,0,1.0,False,0.008368499794860674,0.004512504789153125
MLP,200,13,0.17222828,0,1.0,False,0.00833682449135703,0.0026904142501933486
MLP,200,13,0.10899494,0,1.0,False,0.004468710874790501,0.006243187597376794
MLP,200,13,0.31541294,0,1.0,False,-0.003038416939810268,-0.0022646494571273755
MLP,200,13,0.60193396,1,0.0,False,-0.004868875650211648,-0.004703816058135232
MLP,200,13,0.14489684,0,1.0,False,-0.015335312177420447,-0.007817708988751153
MLP,200,13,0.10182391,0,1.0,False,-0.0016758885255996336,-0.00044731868527546033
MLP,200,13,0.106431596,0,0.0,True,0.00045028785297046743,-0.00045676318915090913
MLP,200,13,0.19848979,0,1.0,False,0.0014130383440870103,-0.0006247159408513343
MLP,200,13,0.080933325,0,0.0,True,-0.0043729507383676695,-0.007179838146712728
MLP,200,13,0.19707769,0,1.0,False,0.009704156633746821,0.0053160383512384805
MLP,200,13,0.4606763,0,1.0,False,0.0037528152312942156,0.0028322548138204656
MLP,200,13,0.07693486,0,0.0,True,-0.002572982306487441,-0.003157730911429024
MLP,200,14,0.393739,0,0.0,True,-0.0014173609073072015,-6.091425580485731e-05
MLP,200,14,0.46446183,0,1.0,False,0.0028959943600554657,0.006779926489463063
MLP,200,14,0.3174782,0,0.0,True,-0.0063885633258104245,-0.005170190156363446
MLP,200,14,0.09992179,0,1.0,False,0.004726702620408263,0.006804566586900415
MLP,200,14,0.14562684,0,1.0,False,0.007182745016808189,0.0029919447245743127
MLP,200,14,0.11009468,0,1.0,False,-0.01457760241487978,-0.007359225845347607
MLP,200,14,0.0961929,0,1.0,False,-0.007376514488773869,0.0022772363030296307
MLP,200,14,0.067320205,0,0.0,True,0.005791164182663873,0.0006186990167269286
MLP,200,14,0.16539137,0,0.0,True,0.004755495012883347,0.0028520251958036036
MLP,200,14,0.12148572,0,0.0,True,0.002610752211024452,0.002641448726338154
MLP,200,14,0.13543664,0,0.0,True,0.0016044266503038266,-0.0008596423596144042
MLP,200,14,0.31674123,0,1.0,False,0.004517315115342016,0.0011780798026401575
MLP,200,14,0.113876306,0,0.0,True,0.0015621177317334811,0.0012142096398402758
MLP,200,14,0.17198642,0,0.0,True,0.003406622949096188,0.0040214886053455984
MLP,200,14,0.11963736,0,1.0,False,0.0008473367342319427,0.0006201128571735173
MLP,200,14,0.74505216,1,1.0,True,0.009200867248384963,0.0035061254418900026
MLP,200,14,0.13776521,0,1.0,False,-0.002135342022656237,0.002669779692862712
MLP,200,14,0.14188358,0,1.0,False,0.006988636596771518,0.002477937399438623
MLP,200,14,0.21263412,0,1.0,False,0.01238059579308161,0.004001424871087606
MLP,200,14,0.118691444,0,1.0,False,0.00034079287421023813,0.0019266071068379674
MLP,200,14,0.5133044,1,1.0,True,0.005866216333517984,0.005956441354324317
MLP,200,14,0.11353452,0,1.0,False,-0.010015705097654946,-0.0033151122257642045
MLP,200,14,0.1844476,0,0.0,True,0.003650449549765955,0.0005356512751635257
MLP,200,14,0.283859,0,1.0,False,0.005387416280230852,-0.00031779148417370974
MLP,200,14,0.27055582,0,1.0,False,0.004469757705451548,0.0026423228615746904
MLP,200,14,0.11528651,0,1.0,False,0.002660673071946107,-0.003604118310772584
MLP,200,14,0.14834958,0,1.0,False,0.008783895204378344,0.008301378386909006
MLP,200,14,0.505589,1,0.0,False,-0.002101660037739455,0.0006700947383025187
MLP,200,14,0.12802133,0,1.0,False,-0.007225952459144274,0.0013249171035745997
MLP,200,14,0.129057,0,0.0,True,-0.001792318283939332,-0.0021007496283432596
MLP,200,14,0.14451498,0,0.0,True,-0.004641268499574562,-0.003899997075472866
MLP,200,14,0.25757483,0,0.0,True,0.0006166455357797598,-0.0004151162889938662
MLP,200,14,0.07462948,0,0.0,True,0.0014053725045174294,0.0009552867226455075
MLP,200,14,0.10104102,0,0.0,True,0.0006789687434499201,0.00035245995027406257
MLP,200,14,0.0962835,0,0.0,True,0.0017184575236956913,0.00038874418492619936
MLP,200,14,0.11678551,0,1.0,False,-0.0029662094852529117,-0.0024190042644367453
MLP,200,14,0.11870026,0,0.0,True,-0.0035029149515509736,0.0002398183480678916
MLP,200,14,0.1356726,0,0.0,True,-0.005480864919345227,-0.00536901470139589
MLP,200,14,0.06928116,0,0.0,True,-0.004587280355672048,-0.0025575416595908364
MLP,200,14,0.29823005,0,1.0,False,-0.003569116848335719,-0.002421522537833654
MLP,200,14,0.07690737,0,1.0,False,-0.0005589189868350973,-0.0009888436944621402
MLP,200,14,0.11370241,0,0.0,True,0.002359153099361059,-0.0017156136986767288
MLP,200,14,0.083435126,0,0.0,True,-0.004690080331825565,-0.007548185752739336
MLP,200,14,0.27141958,0,1.0,False,0.0015608914185604257,1.2734389101813723e-06
MLP,200,14,0.057045087,0,1.0,False,-0.00012002846945253365,-0.0007249309062906857
MLP,200,14,0.17693667,0,1.0,False,-0.007327044431570249,-0.0020805297073425186
MLP,200,14,0.13285738,0,1.0,False,0.005924242580186031,0.0031935010176119263
MLP,200,14,0.21263838,0,0.0,True,-0.0039031354877485883,-0.0034611523092879866
MLP,200,14,0.12103105,0,0.0,True,0.003064284843873751,-0.0004291928665499463
MLP,200,14,0.06929143,0,1.0,False,0.003391438162100454,0.003676634799930938
MLP,200,14,0.11170602,0,1.0,False,0.002393916567257803,0.004389746952835835
MLP,200,14,0.17136896,0,0.0,True,-0.001961075386759616,0.0034747951296519755
MLP,200,14,0.28635797,0,1.0,False,-0.01284644496892508,-0.007261718225410399
MLP,200,14,0.14157486,0,0.0,True,0.0031082721294576417,0.00014356109785320333
MLP,200,14,0.10894648,0,0.0,True,-0.004080773829986555,-0.0020218215876832406
MLP,200,14,0.119957075,0,0.0,True,-0.0014096887075630094,-0.006676234374067648
MLP,200,14,0.47383446,0,1.0,False,-0.011406615694429792,-0.007581634663955194
MLP,200,14,0.09675162,0,1.0,False,0.003528285679105988,0.003972169006778992
MLP,200,14,0.11082681,0,0.0,True,-0.0005698972643634983,-0.004727300790076402
MLP,200,14,0.13456123,0,0.0,True,-0.005885755077093167,-0.0047181007119740746
MLP,200,14,0.11212323,0,0.0,True,0.0036681154557568997,-0.0032244845975102966
MLP,200,14,0.11558097,0,0.0,True,-0.00901913755605334,-0.005988877181052053
MLP,200,14,0.08292178,0,1.0,False,-0.0055947111309098945,-0.00016753360015648363
MLP,200,14,0.1439851,0,1.0,False,0.005513132674956433,0.007971013539724769
MLP,200,14,0.25435713,0,0.0,True,-0.00020663621912042737,0.0026903955775652876
MLP,200,14,0.059866287,0,0.0,True,-0.0023484411557148674,0.0007442619944394061
MLP,200,14,0.31941143,0,0.0,True,-0.003436094444011089,0.00046041080936396107
MLP,200,14,0.17079017,0,0.0,True,-0.0025936498782809336,-0.001617250032655179
MLP,200,14,0.2511489,0,0.0,True,-0.0025259034205274184,-0.0018564590102198425
MLP,200,14,0.30900043,0,0.0,True,0.0017941016098926305,-0.0021299659736069994
MLP,200,14,0.09618938,0,0.0,True,0.004894813565340125,0.003719109812133039
MLP,200,14,0.22499318,0,1.0,False,0.003636323868650547,0.0006464034969351686
MLP,200,14,0.32021737,0,1.0,False,0.00660057201905838,-0.000586008503175882
MLP,200,14,0.09069202,0,0.0,True,-0.006657678130509258,-0.008213221757177635
MLP,200,14,0.22410493,0,0.0,True,0.00571472107753559,0.0028841229194343497
MLP,200,14,0.31305847,0,1.0,False,-0.004659582074974208,-0.0009671935439429095
MLP,200,14,0.1801179,0,1.0,False,-0.004552179741289992,-0.003128899331356849
MLP,200,14,0.17986734,0,1.0,False,0.0009524555666722085,0.006194157271381069
MLP,200,14,0.07772557,0,0.0,True,0.0036683006391721013,0.0014356232865577825
MLP,200,14,0.10511007,0,0.0,True,-0.010050188291428917,-0.010025197531994778
MLP,200,14,0.1618191,0,0.0,True,-4.725097014400114e-05,0.0025458613307238233
MLP,200,14,0.12973586,0,0.0,True,-0.011949134247920417,-0.005885001160196991
MLP,200,14,0.110127546,0,0.0,True,0.0016307675705910427,0.0023183272540631844
MLP,200,14,0.16243294,0,1.0,False,0.004068455669652186,0.004431672300599867
MLP,200,14,0.09969738,0,0.0,True,0.008370804094103188,-0.0010540592023919437
MLP,200,14,0.3322684,0,1.0,False,0.002390328698327664,0.0015931867914595432
MLP,200,14,0.092579745,0,1.0,False,-0.006096095249251979,-0.005377741103814321
MLP,200,14,0.086096965,0,0.0,True,0.0076701791904858554,0.003055274085929329
MLP,200,14,0.10710913,0,0.0,True,-0.0012327600915315237,0.002443557572511826
MLP,200,14,0.053010967,0,1.0,False,-0.0024864667193174265,0.0033503567548403787
MLP,200,14,0.10476751,0,1.0,False,0.0048322060839582955,0.003335390948518059
MLP,200,14,0.10904845,0,0.0,True,-0.00938041307980636,-0.0068043622364665195
MLP,200,14,0.22015454,0,1.0,False,0.009246272032164412,0.005189057555690385
MLP,200,14,0.054326512,0,1.0,False,0.010077041786224072,0.007558060493798736
MLP,200,14,0.08962851,0,0.0,True,0.0005549017520766899,0.0038054888197779366
MLP,200,14,0.16512728,0,1.0,False,-0.0023617538427221016,-0.0030226096775886253
MLP,200,14,0.13262403,0,0.0,True,0.002113439842966544,0.0028732059015299945
MLP,200,14,0.09835033,0,0.0,True,0.00029387505691838773,0.004903998294224024
MLP,200,14,0.2049714,0,1.0,False,-0.002614356410210588,0.00047725162186147517
MLP,200,14,0.091037035,0,1.0,False,-0.007237391382702562,-0.002337561014528148
MLP,200,15,0.08367954,0,1.0,False,-0.005548575482611277,-0.0033444531718607776
MLP,200,15,0.1815616,0,0.0,True,-0.006001340841543808,-0.003167336031310607
MLP,200,15,0.19089514,0,1.0,False,0.00735903368780017,-5.519796117627014e-05
MLP,200,15,0.11456459,0,0.0,True,0.005052346451487918,0.003279567099272255
MLP,200,15,0.08360239,0,0.0,True,0.0004219964337362128,-0.0011123403233564636
MLP,200,15,0.13803712,0,0.0,True,-3.7583019326110207e-05,-0.0037393406852255767
MLP,200,15,0.07707296,0,1.0,False,0.007429925762788986,0.006068620131227031
MLP,200,15,0.1651012,0,1.0,False,-0.002784108668877767,-0.007325222128683694
MLP,200,15,0.097524524,0,1.0,False,0.0022318037742472814,0.0010266513290213134
MLP,200,15,0.3389674,0,0.0,True,-0.0031163499766131064,0.002518275817256916
MLP,200,15,0.07276122,0,1.0,False,0.00045094549779685215,0.002517547734972352
MLP,200,15,0.38369447,0,1.0,False,0.009312490951717736,0.00600872697233872
MLP,200,15,0.060744997,0,0.0,True,-0.0028199044838559755,-0.003456809029607831
MLP,200,15,0.09834511,0,0.0,True,-0.0006018883338283068,0.0039053324213647366
MLP,200,15,0.10193524,0,1.0,False,-0.0007060290313198621,-0.0014390108662544101
MLP,200,15,0.1070311,0,0.0,True,0.003905107707849676,0.002857154026805467
MLP,200,15,0.069971345,0,0.0,True,0.003978582468793656,0.0017455516276250252
MLP,200,15,0.07665163,0,0.0,True,-0.0028772296879106536,-0.0018780908979756147
MLP,200,15,0.08839034,0,0.0,True,-0.0045740298292132235,0.0005527068955136694
MLP,200,15,0.15060478,0,1.0,False,0.006491878345986957,0.005727793059935862
MLP,200,15,0.10834587,0,0.0,True,-0.00400303858174584,0.0020073065199613296
MLP,200,15,0.07734475,0,1.0,False,0.00583122473441478,0.004615029069627725
MLP,200,15,0.17188564,0,0.0,True,0.005484840484237753,-0.0003943951659572243
MLP,200,15,0.13911597,0,0.0,True,-0.0018454552453274133,0.000717681330087955
MLP,200,15,0.20997128,0,0.0,True,-0.004029391149332463,0.0034196087712382106
MLP,200,15,0.08581576,0,1.0,False,-0.000991021769525969,0.0014500322521448785
MLP,200,15,0.21665068,0,0.0,True,-0.005417469954843667,-0.0058853109737207
MLP,200,15,0.12547816,0,0.0,True,0.007807772617289394,0.005183139787464115
MLP,200,15,0.13858487,0,1.0,False,-0.005929609792959497,-0.0020148529168344423
MLP,200,15,0.124273084,0,1.0,False,-6.529240581907744e-05,0.00013588702186816142
MLP,200,15,0.3372459,0,1.0,False,-5.284747720941868e-05,-0.0017406053515948987
MLP,200,15,0.12163729,0,0.0,True,0.0032994408714432234,0.002373487301076079
MLP,200,15,0.1170353,0,0.0,True,-0.004198234529359347,-0.0033484399893823806
MLP,200,15,0.093529046,0,0.0,True,0.0042709797109581876,0.005616536038888687
MLP,200,15,0.635135,1,0.0,False,0.0013061633422212656,0.0014338817110753515
MLP,200,15,0.1284888,0,1.0,False,-0.017092098031653204,-0.007814957533663656
MLP,200,15,0.213495,0,1.0,False,0.006232598547123672,0.006677611745064062
MLP,200,15,0.36546573,0,0.0,True,0.0060082555457880845,0.003358193714772494
MLP,200,15,0.12275324,0,0.0,True,0.005778316771209908,0.005389621624482914
MLP,200,15,0.11821818,0,1.0,False,-0.0040865703488770794,-0.0011756698462491995
MLP,200,15,0.13899496,0,1.0,False,0.00020091066524641503,-0.00035265124282802087
MLP,200,15,0.063995235,0,0.0,True,0.01009934784834974,0.0077571337438158095
MLP,200,15,0.062413298,0,1.0,False,-0.0006748641685116797,-0.00014888399726887408
MLP,200,15,0.17189918,0,0.0,True,0.0016549338042022442,-0.004184844087849828
MLP,200,15,0.08826151,0,0.0,True,-0.007757513803567664,-0.0040490710348542345
MLP,200,15,0.096151724,0,0.0,True,-0.007897992670507637,-0.002450764427707515
MLP,200,15,0.09875177,0,1.0,False,-0.0030846891779200527,-0.003618578749108549
MLP,200,15,0.08654075,0,1.0,False,0.002811813429389101,0.0012828857023153898
MLP,200,15,0.10935776,0,0.0,True,-0.008802982134335597,-0.005676300972417617
MLP,200,15,0.20712306,0,1.0,False,0.0010551374878262716,0.0007053294630040718
MLP,200,15,0.09505826,0,0.0,True,-0.003281940420824185,-0.0012504034770744687
MLP,200,15,0.15452677,0,0.0,True,0.0105020365451315,0.00556638489287025
MLP,200,15,0.27431917,0,0.0,True,-0.0025394084676617005,-0.0018427023156638396
MLP,200,15,0.08993161,0,1.0,False,0.0006911529389847773,0.0007442994199342684
MLP,200,15,0.12009583,0,0.0,True,-0.0015621323848443124,0.0020100990991546728
MLP,200,15,0.09259902,0,0.0,True,-0.0008321712299636143,0.0009295875398204465
MLP,200,15,0.1984511,0,0.0,True,0.0006688101077746167,0.001553575931215079
MLP,200,15,0.052681766,0,0.0,True,0.008952361864609036,0.002500185833294047
MLP,200,15,0.10257673,0,1.0,False,-0.001332343749265348,-0.0064481025252904
MLP,200,15,0.0904766,0,0.0,True,-7.098136461637482e-05,0.0020708692177642918
MLP,200,15,0.12858075,0,0.0,True,-0.00011517411510703852,-0.002179287572687781
MLP,200,15,0.1183699,0,0.0,True,-0.003768849334174387,-0.002443332593703521
MLP,200,15,0.26392567,0,0.0,True,0.004672345496491333,0.0008835503767822044
MLP,200,15,0.051910203,0,1.0,False,0.009032615675010337,0.004770873332991766
MLP,200,15,0.13237774,0,0.0,True,-0.0010776731120160743,-0.002313713208670252
MLP,200,15,0.52117175,1,1.0,True,0.005240682363176381,0.005211329289171825
MLP,200,15,0.111416675,0,0.0,True,-0.005908201589523007,-0.009070655978615791
MLP,200,15,0.09305879,0,0.0,True,0.002994858667043312,0.00426115717249836
MLP,200,15,0.23431008,0,0.0,True,0.006478513947132945,0.004781756024573382
MLP,200,15,0.25125146,0,1.0,False,0.004661442315970594,0.005252050701057506
MLP,200,15,0.16659051,0,1.0,False,4.433043550940615e-05,-0.000962322143584283
MLP,200,15,0.07021249,0,0.0,True,0.004208212733989915,0.0019285501341837134
MLP,200,15,0.25534612,0,1.0,False,-0.01232730174453003,-0.008151259012574522
MLP,200,15,0.081553586,0,0.0,True,0.007632658235475173,0.0013039841356362264
MLP,200,15,0.093524314,0,0.0,True,0.001413629825566603,-0.0009036950724420926
MLP,200,15,0.13656354,0,0.0,True,0.003386633852710777,0.0005991724070815913
MLP,200,15,0.11714811,0,1.0,False,0.008018499571651627,0.00038051826828070764
MLP,200,15,0.21919535,0,1.0,False,-0.00758999026418389,-0.001009597674873142
MLP,200,15,0.24053946,0,0.0,True,-0.003259518760348758,-0.0033158276815634952
MLP,200,15,0.5292514,1,1.0,True,-0.003915491822727524,-0.008484981446732936
MLP,200,15,0.14101915,0,1.0,False,0.0005221597727144607,0.0004738013765492891
MLP,200,15,0.115615815,0,0.0,True,-0.00302135914882435,0.003670840904889829
MLP,200,15,0.17605358,0,0.0,True,-0.002512866206104796,0.0011834870716872638
MLP,200,15,0.1491158,0,0.0,True,-0.0007258834274374883,-0.0031024963927073082
MLP,200,15,0.067660905,0,0.0,True,0.0020592945842787804,0.0032484204165230857
MLP,200,15,0.17286853,0,0.0,True,0.00663256307126328,0.00010033130069031645
MLP,200,15,0.18330894,0,1.0,False,0.006029658783691267,0.00030134657083897166
MLP,200,15,0.08545475,0,1.0,False,0.0025536453239235137,0.005504993827357308
MLP,200,15,0.25988406,0,0.0,True,0.0020041881005664576,0.002036182379020652
MLP,200,15,0.2691888,0,1.0,False,-0.003780384249397767,-0.0028087038020845052
MLP,200,15,0.07571854,0,1.0,False,0.004718128577970624,0.002588334172203963
MLP,200,15,0.17085212,0,1.0,False,0.0020012975741802194,-0.0010672314903473112
MLP,200,15,0.061065316,0,1.0,False,0.004002441602217211,0.0029558766071368283
MLP,200,15,0.09748861,0,1.0,False,-0.0037779289682898496,-0.002476917309829681
MLP,200,15,0.35293597,0,1.0,False,0.0019613616718905714,0.001589199515696583
MLP,200,15,0.05280107,0,0.0,True,-0.011687635140667316,-0.003456458814471982
MLP,200,15,0.25175837,0,1.0,False,-0.0011733956544315455,0.002603040155097824
MLP,200,15,0.14623357,0,0.0,True,-0.006634532057379617,-0.002696287901871361
MLP,200,15,0.0829505,0,0.0,True,0.001288323508204496,0.0003124046626615831
MLP,200,15,0.15037972,0,1.0,False,-0.003835748149785823,0.00016276304279612297
MLP,200,16,0.14906009,0,0.0,True,-0.008545832914630038,-0.006603622705568362
MLP,200,16,0.2513786,0,1.0,False,0.0022106504518539473,-0.0017888002774630847
MLP,200,16,0.10782083,0,1.0,False,0.0119592587776909,0.007505360183035759
MLP,200,16,0.14616704,0,1.0,False,-0.0019137726450668276,-0.003809395595894834
MLP,200,16,0.18353766,0,1.0,False,0.0019023580878871264,0.00384664106947965
MLP,200,16,0.18802409,0,0.0,True,-0.00026870960881201014,0.0013942183189041906
MLP,200,16,0.5150662,1,1.0,True,0.00041899039632840575,-0.004269289883820323
MLP,200,16,0.24708451,0,0.0,True,-0.00839794666362909,-0.003330077821043942
MLP,200,16,0.1025165,0,0.0,True,-0.0017999040512581394,-0.001981978085367076
MLP,200,16,0.09863076,0,0.0,True,-0.002513168542932659,0.0013847081055453447
MLP,200,16,0.119625516,0,0.0,True,0.0020868676058117836,0.003168578020580073
MLP,200,16,0.17404456,0,0.0,True,-0.00039024520460175606,0.003713564418800829
MLP,200,16,0.2896054,0,0.0,True,0.0011041915301227615,0.00029697383326658265
MLP,200,16,0.07278199,0,1.0,False,-0.00172549966193631,-0.0030901065219305236
MLP,200,16,0.06823495,0,0.0,True,-0.01342441087903633,-0.00607749737800892
MLP,200,16,0.10055048,0,1.0,False,-0.00625644144512603,-0.0049366038951440885
MLP,200,16,0.07785623,0,0.0,True,-0.005383938048059076,-0.003105766100722975
MLP,200,16,0.08377158,0,0.0,True,0.0006751935676143571,-0.00241713048837476
MLP,200,16,0.13520189,0,1.0,False,0.003844312634315735,0.001479293151578846
MLP,200,16,0.13855097,0,0.0,True,0.004521878629339477,0.00047021256789397476
MLP,200,16,0.11012855,0,0.0,True,-0.0018614849664106883,0.0023659715984423735
MLP,200,16,0.10052814,0,1.0,False,0.005229358616287925,0.004864146589523496
MLP,200,16,0.12971736,0,0.0,True,0.0006547607264899217,-0.0044296553402563416
MLP,200,16,0.11593899,0,0.0,True,0.0023564981336411544,0.005536514240276498
MLP,200,16,0.1047331,0,1.0,False,0.0005283753897528417,0.0014600215779271024
MLP,200,16,0.251927,0,0.0,True,-0.0005639409149340061,-0.0018481099710115877
MLP,200,16,0.092550226,0,1.0,False,0.0024614656959444227,-0.0015878950212884616
MLP,200,16,0.24767442,0,1.0,False,0.0012347322891980725,-0.0027944156184187465
MLP,200,16,0.2768398,0,1.0,False,0.0009224739729161892,0.0005231516345660025
MLP,200,16,0.42063686,0,0.0,True,0.0026025705227823606,-0.00035590554703647276
MLP,200,16,0.11108442,0,1.0,False,0.009837730713085724,0.006058630459402561
MLP,200,16,0.14128758,0,1.0,False,-0.007439039505149793,-0.0003543530371070393
MLP,200,16,0.14445736,0,0.0,True,0.002964452059791546,0.0016129899486446836
MLP,200,16,0.12771149,0,0.0,True,0.001242664547142764,0.0036628412235745044
MLP,200,16,0.114006646,0,1.0,False,0.0028693948531096193,-4.52032352423193e-05
MLP,200,16,0.08676374,0,0.0,True,-0.0039850328968085045,-0.0045749242679950395
MLP,200,16,0.2585354,0,1.0,False,0.0018404942050356111,-0.0001696462522611647
MLP,200,16,0.17206971,0,0.0,True,-0.007391409261644192,-0.0039342028003578056
MLP,200,16,0.1222897,0,1.0,False,-0.000499330827751911,-0.000624428672069628
MLP,200,16,0.19788718,0,1.0,False,-0.004762012362958253,0.0015801973217051634
MLP,200,16,0.7479137,1,1.0,True,-0.0005078458750592391,-0.005547277528929059
MLP,200,16,0.22709708,0,0.0,True,0.009396965523604441,0.0054407855556603095
MLP,200,16,0.17513655,0,0.0,True,-0.0018466979116132747,0.0001903178373942021
MLP,200,16,0.4389709,0,1.0,False,-0.0065384568572706666,-0.0023973205347349023
MLP,200,16,0.17068386,0,0.0,True,0.009243338823793574,0.005891289897362502
MLP,200,16,0.20616823,0,1.0,False,0.010702837804623102,0.003979282345244718
MLP,200,16,0.09819441,0,1.0,False,0.004014666000571954,0.0023868565185656675
MLP,200,16,0.18620881,0,0.0,True,3.095965008061549e-05,0.004489864577320166
MLP,200,16,0.08858078,0,1.0,False,-0.0029332861150217727,-0.001479313047219828
MLP,200,16,0.063547365,0,1.0,False,0.007032068852499105,0.0044632025566037365
MLP,200,16,0.17568909,0,1.0,False,0.004220220017351273,0.004001740217281398
MLP,200,16,0.1313089,0,1.0,False,0.0013528160372906538,0.0019086651399439355
MLP,200,16,0.09231881,0,0.0,True,0.007977876376569545,0.007116738282140896
MLP,200,16,0.32970634,0,1.0,False,-0.002064833154783769,-0.005217353010716917
MLP,200,16,0.18894435,0,0.0,True,-0.003116244136922734,-0.0010838973171543032
MLP,200,16,0.136415,0,1.0,False,-0.0020342035038665818,0.00461212982586707
MLP,200,16,0.16785207,0,1.0,False,0.000989335843846408,0.0015457377957831388
MLP,200,16,0.5335927,1,0.0,False,0.0037103671254070728,-0.00011609415603231289
MLP,200,16,0.4476369,0,1.0,False,0.0025550623952499208,-0.0032320131583616182
MLP,200,16,0.18578766,0,1.0,False,-0.0010554552407854663,-0.0022924254809697604
MLP,200,16,0.10879063,0,0.0,True,-0.00035526493355389667,0.0005995310318380136
MLP,200,16,0.15197042,0,1.0,False,-0.0006334796418506924,-0.0007865429809672442
MLP,200,16,0.14820397,0,0.0,True,-0.0012715834125314874,-4.0435521002162e-05
MLP,200,16,0.20101422,0,1.0,False,-0.007808877979004463,-4.3592192544954995e-05
MLP,200,16,0.15188421,0,1.0,False,0.001454489453510301,0.0002987746017158235
MLP,200,16,0.07210426,0,1.0,False,0.004638769068052711,-0.0009152022332692536
MLP,200,16,0.13489816,0,1.0,False,0.005094440855699622,0.002137677923610684
MLP,200,16,0.11072928,0,1.0,False,0.00860825462842224,0.004852461326647995
MLP,200,16,0.16297916,0,1.0,False,0.002847636201967382,0.003839853684376433
MLP,200,16,0.27788308,0,1.0,False,0.003010676144922717,-0.0014905339198704635
MLP,200,16,0.14820084,0,0.0,True,-0.0074668567285438876,-0.0013400075381036066
MLP,200,16,0.25357768,0,0.0,True,0.00558881956924911,0.0018764346592945764
MLP,200,16,0.26485673,0,0.0,True,0.002610668634497167,-0.0007333512610472422
MLP,200,16,0.25167048,0,1.0,False,0.008920667297673417,0.0060221427054014355
MLP,200,16,0.15930006,0,0.0,True,-0.0013893514613985932,-0.0012939299761643049
MLP,200,16,0.089556046,0,1.0,False,0.005254422150590759,0.0005319808446581025
MLP,200,16,0.07609891,0,1.0,False,0.0028781901426784507,0.0017500072641938133
MLP,200,16,0.114322245,0,0.0,True,-0.004088017513538079,0.001088994552858048
MLP,200,16,0.23369986,0,0.0,True,0.005293237797503667,0.003712761690883748
MLP,200,16,0.109984376,0,0.0,True,0.006684829944951243,0.001364136237021474
MLP,200,16,0.091361254,0,1.0,False,-0.0008592723344962751,0.0016322079542761374
MLP,200,16,0.08327871,0,1.0,False,0.002248268411988289,-0.00026020025235806677
MLP,200,16,0.12764122,0,1.0,False,0.005080605733595319,0.0035283164643291546
MLP,200,16,0.1707191,0,1.0,False,0.006642665193304125,0.007289828533361245
MLP,200,16,0.073336154,0,0.0,True,-0.005994002283101141,-0.0001641092875206241
MLP,200,16,0.18949956,0,1.0,False,0.002647185262291125,-0.0015768841139978365
MLP,200,16,0.07878779,0,0.0,True,0.007133852809968956,0.0020633861823307715
MLP,200,16,0.19432801,0,0.0,True,0.0047524168309008,0.005519799356999579
MLP,200,16,0.2958926,0,1.0,False,0.0006650651094212794,-0.0036894285949027623
MLP,200,16,0.1596596,0,1.0,False,-0.003235023053563304,0.0005368364510733479
MLP,200,16,0.17089188,0,0.0,True,-0.009195995117114145,-0.004030236891701973
MLP,200,16,0.3275154,0,1.0,False,0.0019010774111948648,-0.004140306784178671
MLP,200,16,0.06918329,0,0.0,True,-0.0034919214688929672,-0.0037774873842843695
MLP,200,16,0.11266908,0,1.0,False,0.007376084199083282,0.003742085975260909
MLP,200,16,0.07173071,0,0.0,True,-0.005122551401074485,-0.0012283559172994022
MLP,200,16,0.14572471,0,0.0,True,-0.015329498438428521,-0.008491138945126884
MLP,200,16,0.1548608,0,0.0,True,0.0009428276795913023,0.004197643910638963
MLP,200,16,0.08277944,0,0.0,True,-0.0029699132842006316,0.0010531251367938603
MLP,200,16,0.053785324,0,0.0,True,-0.006968302956417009,-0.003808815584471653
MLP,200,16,0.67583215,1,1.0,True,0.005908411471585178,0.003178651400289048
MLP,200,17,0.14936073,0,1.0,False,0.0006840086444771795,0.0023723285863833615
MLP,200,17,0.13795878,0,0.0,True,0.0022078319837034233,0.003195958609856484
MLP,200,17,0.30970424,0,1.0,False,0.0023873722363872032,0.007206561606056144
MLP,200,17,0.0621379,0,1.0,False,0.005569358068037579,-0.003336447826583844
MLP,200,17,0.11620709,0,1.0,False,-0.006664646054816503,-0.0055470535600846
MLP,200,17,0.19761024,0,0.0,True,-0.004469253567809347,0.003019856084072376
MLP,200,17,0.10362001,0,0.0,True,0.0016993745028486959,-0.0034843970557906015
MLP,200,17,0.14686623,0,1.0,False,-0.004028332285641573,-0.002148398505911029
MLP,200,17,0.23578633,0,1.0,False,-0.003948965654455597,0.00029733168512215613
MLP,200,17,0.117120646,0,0.0,True,0.006480515415369366,0.004632991750684754
MLP,200,17,0.30787554,0,0.0,True,-0.007487412185454476,-0.003249337639559458
MLP,200,17,0.20125763,0,0.0,True,0.004904730190966613,0.0010128818678627237
MLP,200,17,0.17098361,0,1.0,False,-0.002366272912055489,0.0011543684663477406
MLP,200,17,0.19435355,0,1.0,False,-0.0010633649073162111,-0.0007639147540041221
MLP,200,17,0.37037563,0,0.0,True,0.0021095026102855054,0.0026687071045705876
MLP,200,17,0.18192388,0,1.0,False,0.0027064956599984523,0.002235313852112076
MLP,200,17,0.24089247,0,0.0,True,-0.0030559113183756367,-0.00014081657677753482
MLP,200,17,0.16250771,0,0.0,True,-0.003370134377222815,0.001256843510686844
MLP,200,17,0.345662,0,0.0,True,0.004404912063811395,0.004288762540152992
MLP,200,17,0.07070684,0,0.0,True,-0.005879499232169132,-0.005591941650371933
MLP,200,17,0.15771855,0,0.0,True,-0.0021784952369597894,0.0007622169412845576
MLP,200,17,0.17383789,0,1.0,False,-0.004185565092259509,-0.003970229365783692
MLP,200,17,0.101398446,0,1.0,False,0.00962002598084078,0.006347544809620337
MLP,200,17,0.18000793,0,1.0,False,0.004186270971018587,0.003112346746396968
MLP,200,17,0.13952285,0,0.0,True,0.008989237108787376,0.0076778951569163945
MLP,200,17,0.073761284,0,0.0,True,-0.0038693991643519964,0.0010577478844847532
MLP,200,17,0.16350478,0,1.0,False,0.006193064401752775,0.0027092331591186633
MLP,200,17,0.1886515,0,0.0,True,-0.005378879313804778,-0.0031758899591771803
MLP,200,17,0.19708501,0,1.0,False,-0.0020076057762722257,0.0002800538404327728
MLP,200,17,0.15958194,0,0.0,True,-0.00509883665075741,-0.0014296253616099873
MLP,200,17,0.4318505,0,1.0,False,0.0006751935676159339,0.0057132632855359635
MLP,200,17,0.12806375,0,1.0,False,-0.0032167921615173355,-0.004282530730894679
MLP,200,17,0.37770373,0,0.0,True,0.0017054754532483693,0.0007518142253843165
MLP,200,17,0.08151497,0,1.0,False,0.010326418421928654,0.0034026434315218646
MLP,200,17,0.31410852,0,0.0,True,-0.008009854244069005,-0.003548015866113893
MLP,200,17,0.106814824,0,1.0,False,0.003073033101969549,0.005097175683118523
MLP,200,17,0.2725783,0,1.0,False,-0.004566514303646743,-0.0026372647306735406
MLP,200,17,0.10874188,0,1.0,False,0.003840717677070774,0.00012140052903490484
MLP,200,17,0.6485337,1,1.0,True,-0.005880174662450879,-0.0003534673644085739
MLP,200,17,0.19656499,0,1.0,False,-0.009617067392475493,-0.00898685932566706
MLP,200,17,0.12455821,0,0.0,True,-0.00010587403122095574,0.0033206872073920255
MLP,200,17,0.13988025,0,1.0,False,0.0018512832497068344,-0.001671168503255939
MLP,200,17,0.07849322,0,1.0,False,0.0028963845595632105,0.005623875225296863
MLP,200,17,0.27444994,0,0.0,True,0.0019599794090757803,0.0013351022791092224
MLP,200,17,0.1583256,0,0.0,True,-0.006562098725818891,-0.0025253150220367372
MLP,200,17,0.14293265,0,1.0,False,-0.0013261129097252792,-0.0025898589054111523
MLP,200,17,0.1659201,0,1.0,False,0.0025072803737621443,0.0069447777130701
MLP,200,17,0.25129324,0,0.0,True,-0.009509087925813524,-0.0029085598102301237
MLP,200,17,0.08273486,0,1.0,False,0.007125747548811008,0.003919161217035453
MLP,200,17,0.14365415,0,1.0,False,-0.008332160268913527,-0.005984924900174792
MLP,200,17,0.18090037,0,1.0,False,-0.006384931440942519,-0.004235040724045784
MLP,200,17,0.16720681,0,1.0,False,0.0028597341056752056,-0.00048342462814573615
MLP,200,17,0.2043626,0,1.0,False,0.0071884477113384835,0.0024692721278393786
MLP,200,17,0.14045258,0,0.0,True,-0.00336768376335614,-0.0009832397224725361
MLP,200,17,0.23857988,0,1.0,False,-0.004007434038949195,-0.005653963853562912
MLP,200,17,0.095842876,0,1.0,False,0.003763119782833661,0.004221583860905731
MLP,200,17,0.06411909,0,0.0,True,-0.0015909461827393965,-0.0010137744560126218
MLP,200,17,0.10414181,0,0.0,True,-0.0028143725648540935,0.0013598382332118365
MLP,200,17,0.15703407,0,0.0,True,-0.002784555130962977,0.0004563423643566426
MLP,200,17,0.108710214,0,0.0,True,0.00038968821355368056,0.0013228918118330948
MLP,200,17,0.23914479,0,1.0,False,0.0025125426884435894,0.005667498721658882
MLP,200,17,0.06232263,0,0.0,True,-0.007759836780293186,-0.003293501104793668
MLP,200,17,0.25098136,0,1.0,False,-0.0014981962855867062,0.006938708012116097
MLP,200,17,0.12651221,0,0.0,True,-0.005441373494146066,-0.00016435527452623568
MLP,200,17,0.06346005,0,0.0,True,-0.004739530824605862,-0.00021278992718958703
MLP,200,17,0.2629808,0,1.0,False,-0.00517783620707743,-0.0006802290722942181
MLP,200,17,0.16922872,0,1.0,False,-0.011680329635926122,0.002197052487247612
MLP,200,17,0.6686311,1,0.0,False,0.008968649646803365,0.009320804253362723
MLP,200,17,0.18904832,0,1.0,False,-0.002401662370147542,-0.002685678350822368
MLP,200,17,0.06262786,0,0.0,True,-0.0031267040235994415,-0.005807231378859226
MLP,200,17,0.1302955,0,0.0,True,-0.007190905495932681,0.00017167928457232352
MLP,200,17,0.44886565,0,1.0,False,-0.005214299967460845,-0.002277796843757611
MLP,200,17,0.16005789,0,0.0,True,0.006135724752402262,0.001034874905765466
MLP,200,17,0.10300379,0,0.0,True,0.0022577960225151324,0.003548499751383244
MLP,200,17,0.25894824,0,1.0,False,-0.006002995384129263,-0.0016364809275845335
MLP,200,17,0.08708392,0,1.0,False,0.005692680900721476,0.003488483722613889
MLP,200,17,0.15084612,0,0.0,True,-0.011155242005844085,-0.007203793726875264
MLP,200,17,0.1548724,0,0.0,True,-0.004236140863872636,-0.0010486926004941032
MLP,200,17,0.28964782,0,1.0,False,-0.0015766914757425908,0.0034571713931164888
MLP,200,17,0.18372442,0,0.0,True,0.007950326902990435,0.004670686316124415
MLP,200,17,0.28039077,0,0.0,True,-0.0027756376687616898,-0.002506944361288087
MLP,200,17,0.12911391,0,0.0,True,0.0028240445738989353,0.006410577791847398
MLP,200,17,0.100815795,0,1.0,False,-0.008393019298151266,-0.004840103663824656
MLP,200,17,0.16502419,0,1.0,False,0.003569254976916212,0.0015372699062022662
MLP,200,17,0.13088344,0,1.0,False,-0.0022606587336791496,-0.006421608927408569
MLP,200,17,0.4174311,0,1.0,False,-0.0022450977637641168,-0.0024793078838813696
MLP,200,17,0.10343314,0,0.0,True,0.001654503934016519,0.0037245644970930712
MLP,200,17,0.13736923,0,1.0,False,0.0006705296323131042,0.002407543208664244
MLP,200,17,0.116967686,0,1.0,False,0.0034590311312694202,-0.0023018771400771
MLP,200,17,0.1358471,0,0.0,True,0.007011092909198461,0.007380111629734831
MLP,200,17,0.052577026,0,1.0,False,-0.0034869121671812038,-0.0034437988634689045
MLP,200,17,0.16458753,0,1.0,False,0.004994762966209425,-0.001113137741597261
MLP,200,17,0.19385876,0,1.0,False,0.003163147607020224,0.0003754966799259412
MLP,200,17,0.11555519,0,0.0,True,-0.0011793109478549877,0.00043308122746095744
MLP,200,17,0.2728821,0,0.0,True,-0.004070337502013905,-0.0030227918841454534
MLP,200,17,0.15351881,0,1.0,False,-0.0005843137919723622,0.0019081368845131406
MLP,200,17,0.195529,0,1.0,False,-0.0034625001733110928,-0.001703773809280441
MLP,200,17,0.49806848,0,1.0,False,0.005605407778889755,0.0056193494484077814
MLP,200,17,0.12593973,0,0.0,True,-0.007245954801608778,-0.0025040425683568158
MLP,200,17,0.09404867,0,0.0,True,-0.006588565074260225,-0.0051673062171900715
MLP,200,18,0.20783454,0,0.0,True,-0.010876798796301707,-0.0029165289177959484
MLP,200,18,0.14315814,0,1.0,False,0.0024220039288986683,-0.00014169567791149035
MLP,200,18,0.3918939,0,0.0,True,-0.006784875133630631,-0.009950635782614223
MLP,200,18,0.1855274,0,0.0,True,-0.0026098451905808796,-0.0013323277014237454
MLP,200,18,0.19041768,0,1.0,False,0.0028108177212554366,0.005009204224708855
MLP,200,18,0.10985167,0,0.0,True,-0.004526084731125009,0.0015068144320479235
MLP,200,18,0.10188937,0,1.0,False,-0.0013078455289531386,-0.0010593537041919414
MLP,200,18,0.1413531,0,1.0,False,-0.0040310996734830035,0.0022078741169062857
MLP,200,18,0.15220377,0,1.0,False,0.004197429034919745,0.005419939912082977
MLP,200,18,0.14199084,0,0.0,True,0.006020512705330965,0.0008973826904598759
MLP,200,18,0.13314328,0,1.0,False,0.002559950337309383,0.001963908062079772
MLP,200,18,0.44524953,0,1.0,False,0.003155062430706763,0.0008959611794614489
MLP,200,18,0.40334648,0,1.0,False,0.003737021336353103,0.00724647676260117
MLP,200,18,0.17121649,0,1.0,False,-0.004314399212339436,-0.0006460785380278839
MLP,200,18,0.058914296,0,0.0,True,0.0020206181750794193,0.005851350064443359
MLP,200,18,0.25483304,0,1.0,False,-0.004232151063001799,-0.0015219074299967384
MLP,200,18,0.15258121,0,0.0,True,0.002061937334240036,0.0012602614346000542
MLP,200,18,0.098324396,0,0.0,True,-0.0023072301691470496,0.0005063467626297192
MLP,200,18,0.20106861,0,1.0,False,0.004321608040201005,0.009168765743073048
MLP,200,18,0.08697717,0,0.0,True,0.009644577006388723,0.0030935170637647062
MLP,200,18,0.18083087,0,0.0,True,0.0038796630793012355,0.00043879305800987174
MLP,200,18,0.09112308,0,0.0,True,-0.003149641025258727,-0.006962688943962299
MLP,200,18,0.4650322,0,1.0,False,0.008941204883458018,0.007830152457119231
MLP,200,18,0.15567389,0,1.0,False,0.003987551222994048,0.0032148540057479877
MLP,200,18,0.14875917,0,0.0,True,0.0010069502773760218,0.0031987136910162643
MLP,200,18,0.15904634,0,1.0,False,0.004392785581065437,0.004428830706423431
MLP,200,18,0.17820734,0,1.0,False,-0.005552939768393457,-0.00019681201693660597
MLP,200,18,0.10751164,0,1.0,False,-0.005520588136316367,-0.004026973915083694
MLP,200,18,0.15698913,0,1.0,False,0.002846164418875182,-0.002035223045891068
MLP,200,18,0.14624628,0,0.0,True,0.0006102240520226341,0.0035355313214953414
MLP,200,18,0.07995202,0,0.0,True,-0.0016016508686132558,-0.004601996254562646
MLP,200,18,0.25221506,0,0.0,True,0.003429641904945181,0.006838140328954406
MLP,200,18,0.23240945,0,0.0,True,0.00036556017835439204,-0.006590651824637805
MLP,200,18,0.15159377,0,0.0,True,-0.012069383542171717,-0.0047189479515441736
MLP,200,18,0.05829568,0,1.0,False,0.0003148106001749127,-0.005731968867245496
MLP,200,18,0.08257159,0,1.0,False,0.007683364703352315,0.005510661231917618
MLP,200,18,0.12368943,0,1.0,False,-0.00045073827384235,0.0006834219382568134
MLP,200,18,0.11159485,0,0.0,True,-0.002885964219672365,-0.000600253339011627
MLP,200,18,0.1305379,0,1.0,False,-0.002457491925809866,0.00040439499632800646
MLP,200,18,0.266684,0,0.0,True,0.0022316491656807404,-0.002522962339757514
MLP,200,18,0.08408059,0,1.0,False,0.0018461761608351136,8.707463274817569e-05
MLP,200,18,0.14478834,0,1.0,False,0.008788648301567179,2.5013258901379857e-05
MLP,200,18,0.12617947,0,1.0,False,-0.003910339990375772,-0.0025603909934087095
MLP,200,18,0.1336619,0,0.0,True,-0.004790201772582897,0.0018753123843329002
MLP,200,18,0.06791376,0,1.0,False,-0.004846520441824781,-0.004507519761994505
MLP,200,18,0.07648311,0,1.0,False,0.0024359604461196708,-0.001662036076700006
MLP,200,18,0.09063956,0,0.0,True,0.00038779542629107186,0.000744633587553377
MLP,200,18,0.09887646,0,1.0,False,-0.0019113897474093693,0.004784638172363514
MLP,200,18,0.19575123,0,1.0,False,0.0028957813342195848,0.008269763501322006
MLP,200,18,0.1091548,0,1.0,False,-0.0008753402553916784,-0.002842363562857984
MLP,200,18,0.08407079,0,0.0,True,0.00321334209549216,0.0007278414602474759
MLP,200,18,0.44764358,0,1.0,False,-0.003015360723757896,-0.00594487311449826
MLP,200,18,0.594874,1,0.0,False,0.00305148943623826,0.0030566548332473208
MLP,200,18,0.17382315,0,0.0,True,-0.00020088463115053567,-0.0011585998448325671
MLP,200,18,0.1505885,0,0.0,True,-0.00021633967272012352,-0.0017543699091580039
MLP,200,18,0.10072652,0,0.0,True,0.008847845316269413,0.005016098186714693
MLP,200,18,0.08496193,0,0.0,True,-0.0008872903527571054,-0.0011922046390101817
MLP,200,18,0.15650754,0,0.0,True,-0.004992967399094556,-0.001353648523083378
MLP,200,18,0.08819342,0,0.0,True,0.0018449289523257547,0.0013708477043575392
MLP,200,18,0.22916158,0,1.0,False,-0.004418952411126158,-0.003826776273824689
MLP,200,18,0.10749943,0,0.0,True,-0.0025949305930517376,-0.002074081277859233
MLP,200,18,0.071787834,0,0.0,True,0.005308919343452056,0.002426404944046036
MLP,200,18,0.109345466,0,1.0,False,0.002304788350960626,-0.00015698145836826643
MLP,200,18,0.08514749,0,0.0,True,0.007384306886400595,0.001936400907283485
MLP,200,18,0.2907499,0,1.0,False,0.0008462346456171475,0.0029122787899121994
MLP,200,18,0.16056888,0,1.0,False,-0.0026999828001992234,-0.0016255761807315256
MLP,200,18,0.40043268,0,1.0,False,0.007578150162707577,0.008277712218840735
MLP,200,18,0.104123086,0,0.0,True,0.004411619027029816,0.005229473225324062
MLP,200,18,0.19479716,0,1.0,False,-0.000909094511089987,0.004776693643557813
MLP,200,18,0.47593352,0,0.0,True,0.006113135745618664,0.004440782143024647
MLP,200,18,0.42094877,0,1.0,False,0.0018382017964470741,-0.0011817638551523874
MLP,200,18,0.20188434,0,1.0,False,0.0008156018742847047,0.00011521288375151063
MLP,200,18,0.0875126,0,0.0,True,0.004244421100794962,0.002038621572688933
MLP,200,18,0.07189933,0,1.0,False,-0.00226608743064084,-0.0026743020455688342
MLP,200,18,0.16289458,0,1.0,False,0.0012427870166450401,-0.0021543625819893265
MLP,200,18,0.17447829,0,1.0,False,-0.0005929771091975053,-0.0010262121530049534
MLP,200,18,0.11872886,0,0.0,True,-5.74792632426512e-05,-0.00010706846314724852
MLP,200,18,0.07476267,0,1.0,False,-0.0041541285750751914,-0.0020740758006013308
MLP,200,18,0.08510881,0,0.0,True,-0.004316998929631016,-0.005664784205565198
MLP,200,18,0.20518914,0,0.0,True,0.008542262185830105,0.006951485994800933
MLP,200,18,0.13456306,0,0.0,True,0.00858169030054663,0.003188600485817938
MLP,200,18,0.09017923,0,0.0,True,-0.004032848428798094,-0.004269139225322244
MLP,200,18,0.37127098,0,0.0,True,0.005409955305662649,0.007238131420362538
MLP,200,18,0.12104855,0,1.0,False,-0.0018158526282441142,0.0004977985626929049
MLP,200,18,0.19455037,0,1.0,False,0.00018392075086730574,0.0036606530780569097
MLP,200,18,0.19676735,0,0.0,True,0.0005734853739068932,4.6980629031649266e-05
MLP,200,18,0.2144314,0,1.0,False,0.007479833621520337,-0.0005398294577434395
MLP,200,18,0.059627917,0,1.0,False,0.0018466833865536968,0.005255539905101649
MLP,200,18,0.17272134,0,1.0,False,-0.002330715273405972,0.0010134451114784488
MLP,200,18,0.12483883,0,0.0,True,-0.0004123506714032753,-0.0037899321287794612
MLP,200,18,0.13205014,0,1.0,False,-0.0027376948855589636,-0.0016114576949912325
MLP,200,18,0.07985444,0,0.0,True,-0.001629568994675699,0.0014618849158006893
MLP,200,18,0.15971123,0,1.0,False,0.0034318070162419213,0.0024086932776597146
MLP,200,18,0.2927318,0,0.0,True,-0.00017776980688558432,0.0015367816387466923
MLP,200,18,0.110213235,0,0.0,True,-0.00041853281404701583,-0.0014507736006210592
MLP,200,18,0.10084016,0,0.0,True,0.0007006950417043174,0.0009293320985695529
MLP,200,18,0.4503461,0,1.0,False,-0.002813969927636333,-0.0035011713952116334
MLP,200,18,0.119278364,0,1.0,False,0.002683665265267193,0.003975444367667691
MLP,200,18,0.13308635,0,0.0,True,-0.0072152984325677405,-0.003959172220095927
MLP,200,18,0.13609737,0,1.0,False,0.005157543083351337,0.0034799375875686454
MLP,200,19,0.3471725,0,0.0,True,0.001155916289456114,0.003579044881957649
MLP,200,19,0.11021303,0,1.0,False,0.002706028329857869,0.00036979303333791494
MLP,200,19,0.13225962,0,0.0,True,0.0005523007918874288,-0.004987729966803702
MLP,200,19,0.15210393,0,1.0,False,-0.0022789152755730733,0.0018217227244708783
MLP,200,19,0.14030999,0,0.0,True,0.001140725449033575,0.001193933101285545
MLP,200,19,0.12423692,0,1.0,False,0.005468717247695439,0.002611948546676275
MLP,200,19,0.06563668,0,0.0,True,-0.0005263933846382731,-0.0024386569727694535
MLP,200,19,0.33423412,0,0.0,True,-0.0014747072107446771,-0.0036955260356854856
MLP,200,19,0.05740509,0,0.0,True,-0.0016665609851832437,-8.362483616779275e-05
MLP,200,19,0.243612,0,0.0,True,-0.000918743207297543,-0.00014016726509234788
MLP,200,19,0.08535615,0,1.0,False,-0.0024251819831210366,-0.004973714031110247
MLP,200,19,0.1348236,0,0.0,True,0.004018689441588347,0.006396670422950307
MLP,200,19,0.13639072,0,0.0,True,-0.009402493407544116,-0.005068195249048857
MLP,200,19,0.20651464,0,1.0,False,-0.006775870715725636,-0.00349362880390503
MLP,200,19,0.16252406,0,0.0,True,-0.0019108612073450914,0.0015604977821577527
MLP,200,19,0.09680421,0,0.0,True,-0.0035097411586824017,-0.0008728361936671683
MLP,200,19,0.13431321,0,0.0,True,-0.000963682596976984,0.0030657355655462184
MLP,200,19,0.105100445,0,1.0,False,-0.0021819758697651714,-0.002669446995980694
MLP,200,19,0.34679633,0,1.0,False,0.002204910955363988,0.0006736877060166564
MLP,200,19,0.076477975,0,0.0,True,-0.0030727864490629714,0.003192378857347977
MLP,200,19,0.09120453,0,1.0,False,0.003340900560350611,0.003103287755944807
MLP,200,19,0.09526012,0,1.0,False,0.0030088194719774574,0.00047207681675229116
MLP,200,19,0.23585576,0,0.0,True,0.005275390961845238,0.003877123000006609
MLP,200,19,0.16703464,0,0.0,True,0.00752930044703104,0.008554871053621751
MLP,200,19,0.08246895,0,1.0,False,0.005974044793769045,0.0033185991350650553
MLP,200,19,0.16029865,0,0.0,True,-0.005947300599997989,-0.0022555061186636054
MLP,200,19,0.09242622,0,0.0,True,0.0027670965376427373,0.000932503706711592
MLP,200,19,0.04460924,0,0.0,True,-0.00019243833236379538,0.0009683679251775118
MLP,200,19,0.10178373,0,0.0,True,-0.0004256316513563046,-0.0011075400317696583
MLP,200,19,0.15008533,0,0.0,True,0.0061169480482025805,0.0035126456747507154
MLP,200,19,0.35101068,0,0.0,True,0.0015446891544563593,-0.0005130775454576629
MLP,200,19,0.16006738,0,1.0,False,0.001361126996721657,0.0011600895899766758
MLP,200,19,0.11302059,0,0.0,True,0.0010857345609501657,0.0031043112347647543
MLP,200,19,0.18955079,0,0.0,True,0.0009486916588489375,-0.0008118943249485487
MLP,200,19,0.16753235,0,1.0,False,0.0008921946764587216,0.002985395857466173
MLP,200,19,0.09712217,0,0.0,True,-0.005940658144992256,-0.002328407338204336
MLP,200,19,0.091343194,0,1.0,False,0.0025031799222453694,0.003262937310673701
MLP,200,19,0.23150025,0,0.0,True,-0.0016080804683393471,-0.0013854031120885508
MLP,200,19,0.10368158,0,0.0,True,0.009799537160512451,0.0014856057961964491
MLP,200,19,0.089621246,0,0.0,True,-0.0034558399962201316,-0.001876102369149237
MLP,200,19,0.076884925,0,0.0,True,-0.0021685881373246733,0.00047173638543701217
MLP,200,19,0.15592818,0,1.0,False,-0.001622395662542606,0.0005952523876172981
MLP,200,19,0.14541271,0,0.0,True,0.0004367361720737364,-0.001801488031872228
MLP,200,19,0.10328452,0,1.0,False,0.007319080117178896,0.00972997008351593
MLP,200,19,0.31262738,0,0.0,True,0.00537152997988215,0.00042351349267306005
MLP,200,19,0.31484523,0,0.0,True,-0.0034955268808550344,-2.7449407218420206e-05
MLP,200,19,0.17477399,0,0.0,True,-0.0018795309134369087,0.0012340612039617143
MLP,200,19,0.15312874,0,0.0,True,-0.008244841913079195,-0.007912331088792923
MLP,200,19,0.27384356,0,0.0,True,-0.00020478913188149827,0.004480619872592071
MLP,200,19,0.06111151,0,0.0,True,0.0018208938802991542,-0.0009686111604588785
MLP,200,19,0.11867261,0,1.0,False,0.000829812887728463,-0.0001236631010910547
MLP,200,19,0.27022594,0,0.0,True,0.002426101440161047,-0.0001888676717817632
MLP,200,19,0.12249817,0,1.0,False,0.020724789260729883,0.012414751186810718
MLP,200,19,0.13278376,0,1.0,False,-0.006930812697635512,-0.003721437868374131
MLP,200,19,0.12779492,0,1.0,False,-0.0060320435299227645,-0.0009596274331836469
MLP,200,19,0.059914745,0,0.0,True,0.0015940731886025545,0.0024037826759335844
MLP,200,19,0.13081092,0,0.0,True,0.0006999171483912072,0.0035984495179041493
MLP,200,19,0.10795769,0,0.0,True,0.0012430779540696917,0.006684939688927184
MLP,200,19,0.093234286,0,0.0,True,0.005517692875308124,0.0038188580473004813
MLP,200,19,0.08245066,0,1.0,False,-0.0007040623640148442,0.0033496861429122646
MLP,200,19,0.060347266,0,0.0,True,-0.00201043020115196,-0.0011363599772770004
MLP,200,19,0.32335645,0,1.0,False,-0.00026247292610520135,0.0001687910396188626
MLP,200,19,0.07692328,0,1.0,False,-0.0038515528061436803,0.001542083081315175
MLP,200,19,0.097379796,0,1.0,False,0.0022656412456570326,-0.0003745833660750442
MLP,200,19,0.087404154,0,0.0,True,-0.004760096918200376,0.0047261571781481776
MLP,200,19,0.15090682,0,1.0,False,0.0002000332528721946,-0.0003031851217247905
MLP,200,19,0.13338925,0,1.0,False,0.0021254865278288945,-0.0010175235468494492
MLP,200,19,0.26363888,0,1.0,False,0.005878637023277522,0.0028562015190011078
MLP,200,19,0.11524528,0,0.0,True,-0.001805192000998035,0.003452370334870547
MLP,200,19,0.0782692,0,1.0,False,-0.00512578935074864,-0.0008313303103271211
MLP,200,19,0.18003182,0,0.0,True,0.0014398132176404118,0.0017916585716894911
MLP,200,19,0.19413534,0,1.0,False,-0.004822457874721136,0.0007884116165856765
MLP,200,19,0.2168829,0,0.0,True,0.0019483291434125164,-0.0015732856455434809
MLP,200,19,0.5030803,1,1.0,True,0.008891801730600384,0.006319739137119894
MLP,200,19,0.2937079,0,1.0,False,-0.0015579680498380777,-0.0008815985931941765
MLP,200,19,0.13087454,0,1.0,False,-0.0003063147285319952,0.0005233187619306659
MLP,200,19,0.12839885,0,1.0,False,0.006569762317398295,0.006233491285909548
MLP,200,19,0.16264151,0,0.0,True,0.00010590780112106143,0.003910302332448389
MLP,200,19,0.09744662,0,0.0,True,-0.00480942002691567,0.0020564736913923245
MLP,200,19,0.10016024,0,0.0,True,0.007336593172853572,0.004307236483366782
MLP,200,19,0.10135085,0,0.0,True,0.0054516418245485546,0.005343031206382382
MLP,200,19,0.25794283,0,0.0,True,0.0003495209053246064,0.0024913680208230784
MLP,200,19,0.101310514,0,1.0,False,0.003968318902602888,0.0020389581668310104
MLP,200,19,0.109398626,0,1.0,False,-0.002464251063035002,0.001333425988614959
MLP,200,19,0.17014813,0,1.0,False,-0.0011662557508446327,-0.004241396267250615
MLP,200,19,0.32767066,0,1.0,False,0.0024345640338615743,-0.0004816586617048238
MLP,200,19,0.19908734,0,0.0,True,-0.0005317869199900797,-0.0028499891323978035
MLP,200,19,0.29732054,0,0.0,True,0.0013335939549529322,-1.975836677522201e-05
MLP,200,19,0.11380408,0,0.0,True,-0.001963039495891652,-0.0006068831424087807
MLP,200,19,0.1472655,0,0.0,True,4.8606054843478095e-05,0.003579837480089346
MLP,200,19,0.08091309,0,0.0,True,-0.002016938606206154,0.0010516964755959205
MLP,200,19,0.09622145,0,1.0,False,0.002611100096082945,0.00286910784088614
MLP,200,19,0.10932882,0,0.0,True,-0.00030163005833451533,0.0007556348312226757
MLP,200,19,0.15520997,0,0.0,True,-0.012887515172216922,-0.007906572195042521
MLP,200,19,0.1086867,0,0.0,True,-0.011912757493202386,-0.003604745102854372
MLP,200,19,0.12939833,0,1.0,False,-0.0005319091912763789,-0.0032276274600821124
MLP,200,19,0.11331914,0,1.0,False,-0.001566649673881844,-0.006986216306590648
MLP,200,19,0.2408772,0,1.0,False,0.008844221105527638,0.004030226700251889
MLP,200,19,0.14070809,0,0.0,True,-0.0006511698013161132,-0.00017352068612722015
MLP,200,19,0.058976263,0,0.0,True,0.0006835340372404901,-0.0028681615225729234
MLP,200,20,0.09705466,0,0.0,True,0.0015014855149445467,0.0052069752388098495
MLP,200,20,0.20038308,0,1.0,False,0.006413603562407411,0.004112288958140042
MLP,200,20,0.06205638,0,0.0,True,0.002801028031184471,0.002858607436075604
MLP,200,20,0.08473822,0,0.0,True,0.003460919871941222,0.003167352919378176
MLP,200,20,0.5805571,1,1.0,True,0.009456966184126642,0.006439206119952711
MLP,200,20,0.06957321,0,1.0,False,0.0006641303552020339,0.001599764383767297
MLP,200,20,0.31906614,0,1.0,False,0.00628139197234905,0.007581826196709496
MLP,200,20,0.08469444,0,0.0,True,-0.002522727342894657,-0.0037601899127373056
MLP,200,20,0.35503536,0,1.0,False,0.004485824041332715,0.001495049197676875
MLP,200,20,0.088415,0,0.0,True,-0.001512302403694347,-0.005744828814131927
MLP,200,20,0.3377019,0,1.0,False,0.00276798332212746,0.00021661739198203218
MLP,200,20,0.11651717,0,1.0,False,-0.002616874832602902,-0.0032512045128714217
MLP,200,20,0.14836304,0,1.0,False,-0.0034189935072473938,-0.0015132783750466316
MLP,200,20,0.10646222,0,1.0,False,-0.0124689516524382,-0.0020965313290610093
MLP,200,20,0.6068268,1,1.0,True,0.0019107519182968212,0.005669655646874734
MLP,200,20,0.16025603,0,0.0,True,-0.002616310559879053,-0.003581181311360762
MLP,200,20,0.14837143,0,0.0,True,0.00924162188540504,0.00430161266798195
MLP,200,20,0.29166767,0,0.0,True,0.0011010898314951314,0.0013556427021679438
MLP,200,20,0.10139179,0,0.0,True,0.010779541099318736,0.008314154377082055
MLP,200,20,0.104382694,0,0.0,True,-0.002214262573384093,-0.0015796159517072605
MLP,200,20,0.096555114,0,1.0,False,0.0021724586523985483,0.007618199153536838
MLP,200,20,0.16540088,0,0.0,True,0.0028726728779573892,0.0029821996755092484
MLP,200,20,0.34810698,0,1.0,False,0.00910665964193069,0.001622568022089281
MLP,200,20,0.07570999,0,1.0,False,0.004665547069944165,0.0029119130787538926
MLP,200,20,0.17663866,0,0.0,True,-0.0016143298086651481,-0.0049932098765769605
MLP,200,20,0.28130218,0,0.0,True,-0.0029145728643216076,-0.001889168765743073
MLP,200,20,0.117571734,0,0.0,True,-0.003280129526278505,-0.0014760440889884313
MLP,200,20,0.2175737,0,1.0,False,0.0013396395246824506,0.002300772328728888
MLP,200,20,0.14354539,0,0.0,True,0.00019791400807193252,0.0008534996922884819
MLP,200,20,0.22490169,0,1.0,False,0.0020076523772122046,0.0011058311850629357
MLP,200,20,0.08659433,0,1.0,False,1.4191465665868975e-05,-0.0016755464657646022
MLP,200,20,0.21822537,0,0.0,True,0.0033164923085306813,0.0013600951601890929
MLP,200,20,0.10178304,0,0.0,True,0.0006502637385610756,0.0008034565537269089
MLP,200,20,0.40252697,0,0.0,True,0.0036717649150459766,0.001965139403245719
MLP,200,20,0.09372878,0,1.0,False,-0.0012400970785639942,-0.0010462364006657522
MLP,200,20,0.14800912,0,0.0,True,-0.0008713119419216695,-0.004276702525136815
MLP,200,20,0.057354063,0,1.0,False,0.003371286909226021,0.002825492802759092
MLP,200,20,0.113353744,0,1.0,False,-0.0013231217894201265,-0.0018833476036545674
MLP,200,20,0.06720491,0,1.0,False,-0.00201824230093199,-0.0007126950444155453
MLP,200,20,0.28114745,0,0.0,True,-0.0021463888277830395,-0.0012667660065974814
MLP,200,20,0.14962,0,1.0,False,-0.0018827395524932376,-0.004429996663684516
MLP,200,20,0.118142165,0,0.0,True,-0.0006212654314798658,-0.0027621719488947604
MLP,200,20,0.114648305,0,1.0,False,0.0023674564916201135,-0.0013845620973532062
MLP,200,20,0.07238948,0,0.0,True,0.0033622135507037675,0.000599411640889146
MLP,200,20,0.12830336,0,1.0,False,-0.0033481767671754933,-0.00010357489128074049
MLP,200,20,0.20054607,0,1.0,False,0.000244299339904893,-0.0008627672428824359
MLP,200,20,0.07842223,0,0.0,True,0.005786726642671833,0.0031066928086435235
MLP,200,20,0.080143265,0,0.0,True,-0.006096053575235784,-0.0023083540773156806
MLP,200,20,0.117663115,0,1.0,False,0.004914908206712258,0.004552158952857301
MLP,200,20,0.16987936,0,0.0,True,0.002051892624850923,0.0006381613119995021
MLP,200,20,0.54621506,1,1.0,True,-0.007387968026422507,-0.004054752274220181
MLP,200,20,0.093881674,0,0.0,True,0.0028761211336082266,-0.0014510735181845517
MLP,200,20,0.121944174,0,0.0,True,0.0012512882672901327,-0.002096323798602219
MLP,200,20,0.08272254,0,0.0,True,0.009168132127402763,0.0062691641781478565
MLP,200,20,0.1970354,0,0.0,True,-0.010561752093477502,-0.006184537935890348
MLP,200,20,0.07895256,0,1.0,False,0.0007034090132168988,-0.0017628818309794875
MLP,200,20,0.17081477,0,1.0,False,-0.000384037605327418,0.0044171627145115615
MLP,200,20,0.10353522,0,0.0,True,-0.0021160528014661957,0.0008018429891087956
MLP,200,20,0.5921364,1,1.0,True,-0.0037909574201535497,0.0031768004763136353
MLP,200,20,0.1648165,0,0.0,True,-0.00126223764735293,-0.00040490727857424487
MLP,200,20,0.15025614,0,0.0,True,-0.0008557167494841739,-0.004284258380137438
MLP,200,20,0.34279242,0,0.0,True,-0.002163139717138994,-0.0019925174569728654
MLP,200,20,0.080525786,0,1.0,False,-0.0017396647534753092,-0.0029281965397933334
MLP,200,20,0.19227459,0,1.0,False,-0.0028337449569126017,0.0041083881326815725
MLP,200,20,0.12458559,0,0.0,True,-0.0020068046367421833,-0.001508493834620874
MLP,200,20,0.14014134,0,0.0,True,-0.0033914131363796817,-0.002493193438404253
MLP,200,20,0.15123625,0,1.0,False,-0.001192462665410229,-0.0010205630572911082
MLP,200,20,0.08007004,0,0.0,True,0.004971574957016364,0.003702050885518112
MLP,200,20,0.08015916,0,1.0,False,-0.007442864692289582,-0.00486482516026728
MLP,200,20,0.07923982,0,0.0,True,-0.018847839950231732,-0.008543456106350334
MLP,200,20,0.060076475,0,0.0,True,-0.006231064912006447,-0.0013607064521586876
MLP,200,20,0.13136344,0,0.0,True,0.004417253065755007,0.005083281626071515
MLP,200,20,0.13601772,0,0.0,True,-0.004502847336830745,-0.007814129423696557
MLP,200,20,0.07500729,0,0.0,True,0.0006751606261490137,0.0002227872274549501
MLP,200,20,0.2964974,0,0.0,True,0.0016536157162952481,0.0037187238717785935
MLP,200,20,0.13668801,0,1.0,False,-0.0080591210760032,-0.004150418621917803
MLP,200,20,0.12099914,0,1.0,False,-0.0004396103779991408,0.001879113674969972
MLP,200,20,0.09229942,0,0.0,True,0.0041182483180040395,0.003725226880822841
MLP,200,20,0.3626382,0,1.0,False,0.009666120731674279,0.004021036730109612
MLP,200,20,0.11414146,0,0.0,True,0.0005006933376180293,-0.0031510946214497308
MLP,200,20,0.09503097,0,1.0,False,0.0036097434516007888,0.00036592006560597355
MLP,200,20,0.18655813,0,1.0,False,0.0037591935558808384,0.006793056216729984
MLP,200,20,0.07683718,0,1.0,False,-0.003448055154048558,0.0019343136136439924
MLP,200,20,0.110256284,0,0.0,True,-0.0010583805220590271,0.0027175205980502037
MLP,200,20,0.18935442,0,1.0,False,0.004813988294429867,0.0021062343466299
MLP,200,20,0.37963894,0,1.0,False,0.0050144455674440485,0.006087301896602466
MLP,200,20,0.09240272,0,0.0,True,-0.0020445354652914353,-0.0016238923217360955
MLP,200,20,0.09500774,0,0.0,True,0.005927951274505105,0.00458293703986073
MLP,200,20,0.072032355,0,1.0,False,0.008388106729071433,0.0016583392102284078
MLP,200,20,0.16805892,0,1.0,False,0.004111910246673846,0.0013503042049531724
MLP,200,20,0.13160886,0,0.0,True,0.001993149863546403,0.0028037967263543732
MLP,200,20,0.1488823,0,0.0,True,-0.0025872774401610506,0.0025959564675661954
MLP,200,20,0.09466517,0,1.0,False,0.00552969869850003,0.003907695555436001
MLP,200,20,0.18130298,0,1.0,False,0.005238073250407484,0.0005145591215451435
MLP,200,20,0.07362859,0,0.0,True,-0.00039747778289192016,-0.002513294240086593
MLP,200,20,0.3244729,0,1.0,False,0.0009206196056968986,0.002637963033658208
MLP,200,20,0.09904198,0,1.0,False,-0.004170960626646959,0.0009571782473509181
MLP,200,20,0.12914221,0,0.0,True,-0.01186561986061868,-0.002802751243082812
MLP,200,20,0.14774248,0,0.0,True,-0.002540473824220957,-0.003051003259356346
MLP,200,20,0.1409558,0,1.0,False,-0.0006132634992541419,0.0014260013377605687
MLP,200,21,0.057774793,0,0.0,True,0.004003217624439477,0.0008416558978038219
MLP,200,21,0.07659954,0,0.0,True,0.003208021593861396,0.0021341510224720758
MLP,200,21,0.09953951,0,0.0,True,0.0018731074901636225,0.0029130695795876204
MLP,200,21,0.2478968,0,1.0,False,0.016400720996165692,0.00732190725594895
MLP,200,21,0.21270505,0,1.0,False,-0.0009625228885595524,-0.0017714081459988392
MLP,200,21,0.10023591,0,1.0,False,0.0007495037349265727,0.0010787044521833559
MLP,200,21,0.103711985,0,0.0,True,-0.007745038380264998,-0.00328139240207936
MLP,200,21,0.100824334,0,0.0,True,-0.003609037072389093,-0.006084266541541522
MLP,200,21,0.14520578,0,1.0,False,-0.0016687814608100026,0.0033206334034917547
MLP,200,21,0.23345214,0,0.0,True,-0.004269910108278752,0.00018382704815302666
MLP,200,21,0.06474611,0,1.0,False,0.0027415205902161397,0.0008824156357667396
MLP,200,21,0.11522974,0,0.0,True,-0.010614270700217735,-0.004772357987351604
MLP,200,21,0.05582906,0,0.0,True,-0.006436628761593261,-0.0005832567410919687
MLP,200,21,0.097200625,0,0.0,True,0.004030931691775158,-0.0003175269413732004
MLP,200,21,0.10053693,0,1.0,False,-0.00316643114953801,-0.0061215306317929374
MLP,200,21,0.5065601,1,0.0,False,-9.796177242764995e-05,0.002550032249891198
MLP,200,21,0.24828021,0,0.0,True,-0.008693489632181337,-0.0017883440644768803
MLP,200,21,0.08625522,0,1.0,False,-0.007132416918833201,-0.0034477212970461506
MLP,200,21,0.647125,1,0.0,False,0.008090633656305794,0.00229252308720563
MLP,200,21,0.068577506,0,0.0,True,-0.011207542254592247,-0.008666558672928567
MLP,200,21,0.12339266,0,0.0,True,-0.0074431504624917315,-0.0022479399637984647
MLP,200,21,0.08445555,0,0.0,True,0.004163928395239509,0.002737191566218109
MLP,200,21,0.08953338,0,1.0,False,0.0003005553528851831,0.0031960080612638414
MLP,200,21,0.3133617,0,1.0,False,-0.0039046566112548083,-0.0020486000724841656
MLP,200,21,0.10994222,0,0.0,True,-0.0024801451788079845,-0.0010288534217916482
MLP,200,21,0.06872345,0,0.0,True,0.005967495944002841,0.0030119271517111937
MLP,200,21,0.17366992,0,1.0,False,-0.0010184750808211777,-0.0003145389429128869
MLP,200,21,0.15129744,0,0.0,True,-0.005228891701148232,-0.0022188679060581064
MLP,200,21,0.16070028,0,1.0,False,-0.007939718722621034,-0.00942065508163058
MLP,200,21,0.15721986,0,0.0,True,0.003654798252802393,0.003915858980873151
MLP,200,21,0.34716794,0,0.0,True,-0.0006851626804337944,0.0013740691057592845
MLP,200,21,0.11274082,0,0.0,True,-0.003496641015585325,-0.00046011612058511367
MLP,200,21,0.10501898,0,1.0,False,-0.0032710829620422426,-0.0016922447095468677
MLP,200,21,0.26377764,0,0.0,True,0.0021067408987651627,-0.00018042958663033103
MLP,200,21,0.13388726,0,0.0,True,-0.0017275595781890472,0.0030807720881486323
MLP,200,21,0.15753992,0,0.0,True,0.0032830083260911107,-0.0002823561908147712
MLP,200,21,0.20468214,0,1.0,False,0.0010928818009798096,0.0022546425127546355
MLP,200,21,0.14544496,0,1.0,False,-0.004020100502512562,-0.004181360201511335
MLP,200,21,0.19493318,0,1.0,False,-0.008450758917258322,-0.005751358743039237
MLP,200,21,0.12021304,0,1.0,False,0.008155512781917312,0.0022792112651611055
MLP,200,21,0.15054764,0,0.0,True,-0.004321412931673536,-0.003576821327439633
MLP,200,21,0.08850789,0,0.0,True,-0.002264483601924309,7.290749241195507e-05
MLP,200,21,0.11557262,0,0.0,True,0.005726982695618395,0.0012775358552189417
MLP,200,21,0.07995325,0,1.0,False,-0.005699011799349939,-0.0026153421064834576
MLP,200,21,0.1485996,0,1.0,False,0.00046639030800748764,-0.006408914983210286
MLP,200,21,0.19716236,0,1.0,False,0.009294995116293617,0.006799233340430902
MLP,200,21,0.14877526,0,0.0,True,0.0009041199436549934,0.0016874046024804822
MLP,200,21,0.17053585,0,1.0,False,-0.0008056430674744956,0.0019630285014145326
MLP,200,21,0.13546802,0,0.0,True,-0.007592975644474845,-0.005293946327990562
MLP,200,21,0.16905001,0,1.0,False,0.002290713466191149,0.004210827853468301
MLP,200,21,0.06976933,0,0.0,True,0.005704095400457408,0.005111492585420589
MLP,200,21,0.06180656,0,0.0,True,-0.0034375909738704313,-0.005057312216867792
MLP,200,21,0.16843307,0,1.0,False,0.0019219988401993281,0.007920113839456563
MLP,200,21,0.11225439,0,1.0,False,0.006632455255806839,0.0005811095026719382
MLP,200,21,0.2819899,0,0.0,True,0.008175488212292957,0.007185808816106321
MLP,200,21,0.29550934,0,0.0,True,-0.0028847136373472563,-0.0031436491392680507
MLP,200,21,0.2377311,0,1.0,False,-0.00849223956022522,-0.007682510107014621
MLP,200,21,0.071036026,0,0.0,True,0.005352018222576497,0.0025945862752411587
MLP,200,21,0.083404645,0,1.0,False,-0.007595741728511244,-0.0003859908794539945
MLP,200,21,0.7111205,1,1.0,True,0.00619846322116307,1.8272585409045306e-05
MLP,200,21,0.21020919,0,1.0,False,-0.0027832064456862157,0.002271807004844495
MLP,200,21,0.089957796,0,1.0,False,-0.0006035814918212848,0.0032489443463295446
MLP,200,21,0.17696741,0,0.0,True,0.0018656454064340257,0.0038627028717373325
MLP,200,21,0.2470086,0,0.0,True,0.0052040497732058575,-0.0016881985500987776
MLP,200,21,0.11127973,0,0.0,True,0.004371456315991739,0.0038260793132907024
MLP,200,21,0.12337074,0,0.0,True,0.0008406942480102059,0.0013155988753191644
MLP,200,21,0.6044934,1,1.0,True,-0.009390361095392413,-0.0028656882227959023
MLP,200,21,0.076745756,0,0.0,True,-0.0015040712086534526,4.735403266835199e-05
MLP,200,21,0.09305376,0,1.0,False,-0.0009694452927776974,0.001598264540963713
MLP,200,21,0.22751977,0,0.0,True,0.0028713634685477154,0.003458022974045134
MLP,200,21,0.2836754,0,1.0,False,-0.00783199104166728,-0.004122151696719712
MLP,200,21,0.21859027,0,1.0,False,-0.000805561306778905,-0.0023935666362981086
MLP,200,21,0.062269393,0,0.0,True,-0.003420730882183885,-0.0023459111775839705
MLP,200,21,0.24044532,0,0.0,True,0.007611827783433518,-0.000379849686886185
MLP,200,21,0.14995727,0,0.0,True,-0.00022429154286939483,-0.002946172585446434
MLP,200,21,0.33912235,0,0.0,True,-0.005270987774625511,-0.0023369797197674473
MLP,200,21,0.10151131,0,1.0,False,-0.0025014820478617846,-0.0010493689366342322
MLP,200,21,0.24055514,0,1.0,False,0.0012411775978616842,-9.149632394955393e-05
MLP,200,21,0.2074098,0,0.0,True,0.00043837458020059894,-0.003859640269351223
MLP,200,21,0.34038925,0,1.0,False,-0.0018776983848834692,-0.002662632022768707
MLP,200,21,0.3727297,0,0.0,True,0.010236371956587886,0.004420034992031683
MLP,200,21,0.11771685,0,0.0,True,0.0016063552984383119,-0.0014542915229835128
MLP,200,21,0.1372852,0,0.0,True,0.0021863328704782104,0.002041819356397635
MLP,200,21,0.2536974,0,1.0,False,0.0013994107544674477,-0.002501325211998486
MLP,200,21,0.08758859,0,1.0,False,0.0011540125131219272,0.004884105592992303
MLP,200,21,0.21039693,0,1.0,False,0.007753291585434257,0.007972567198552776
MLP,200,21,0.14947523,0,1.0,False,0.004541916189321078,0.00254022736634031
MLP,200,21,0.12638582,0,0.0,True,0.005975887169801205,-0.0011889144435261534
MLP,200,21,0.34283513,0,0.0,True,-0.0045195059579967506,-0.0014983650455793925
MLP,200,21,0.088126376,0,1.0,False,4.76120135626533e-05,0.001231198649031891
MLP,200,21,0.09644695,0,1.0,False,0.0032735206080009107,0.003586446880651964
MLP,200,21,0.0959582,0,0.0,True,0.00492076355191937,0.005033585480426593
MLP,200,21,0.059949804,0,0.0,True,0.0006504410621133295,0.002390314230029489
MLP,200,21,0.15969092,0,1.0,False,-0.00483138115318212,0.0017829697036128613
MLP,200,21,0.30667934,0,1.0,False,0.0042953680253246685,0.004228823643034735
MLP,200,21,0.11798069,0,1.0,False,-0.0007765496949200164,0.0007336213115325885
MLP,200,21,0.18038413,0,0.0,True,0.006483084746025986,0.005136865838305815
MLP,200,21,0.16894126,0,0.0,True,0.00021212654610713064,0.0014698718167377803
MLP,200,21,0.060707677,0,0.0,True,-0.007720037931781896,-0.0031313184280676496
MLP,200,21,0.14326414,0,1.0,False,0.005741474436427684,0.0025067565912031326
MLP,200,22,0.70301366,1,0.0,False,0.005156457529600877,0.004263333748794407
MLP,200,22,0.114650115,0,0.0,True,-0.0022394904952272856,-0.00400740795851856
MLP,200,22,0.07180274,0,0.0,True,0.0039123046026617965,0.00011827844704432146
MLP,200,22,0.08867984,0,0.0,True,0.011329336431026701,0.006145058054256723
MLP,200,22,0.1131397,0,1.0,False,0.004618008721257919,0.005158150792531014
MLP,200,22,0.24614911,0,0.0,True,-0.005240725332746276,-0.004699803008712573
MLP,200,22,0.17983171,0,1.0,False,-0.0009373664073748817,-0.0003349657266838741
MLP,200,22,0.1901603,0,0.0,True,-0.005022161768428162,0.0008877001223554491
MLP,200,22,0.13949412,0,0.0,True,0.005566861292252197,0.00046589299012183107
MLP,200,22,0.12367707,0,1.0,False,0.00027968966012698716,0.0001299246055509647
MLP,200,22,0.40290296,0,1.0,False,0.0021029774996159088,0.0010977933753310587
MLP,200,22,0.1380599,0,0.0,True,0.0034159779524276807,0.005111379912734906
MLP,200,22,0.18172304,0,0.0,True,-0.0024625977569684536,0.0028461632321395425
MLP,200,22,0.108718045,0,1.0,False,0.010085996345600692,0.005877288254326447
MLP,200,22,0.082082875,0,0.0,True,-0.0003206107637252214,-0.0005476074366575084
MLP,200,22,0.0985105,0,0.0,True,0.004006608606163037,0.003981172315953711
MLP,200,22,0.22170918,0,1.0,False,0.0025057816387149866,0.0034923265546696757
MLP,200,22,0.06919427,0,1.0,False,0.00833260333067892,-0.001595565515443903
MLP,200,22,0.17979231,0,0.0,True,-0.00011725454140757854,0.003308393733563651
MLP,200,22,0.08050425,0,0.0,True,0.0050659528404711435,0.0021095921284117877
MLP,200,22,0.14723732,0,1.0,False,-0.004575689592214315,4.781098759412329e-05
MLP,200,22,0.60977626,1,1.0,True,-0.004071751792968928,-0.001261030329735873
MLP,200,22,0.107427984,0,0.0,True,-0.0012793412348185691,-0.0013079322002529285
MLP,200,22,0.12552115,0,1.0,False,0.004026861038203834,0.0019446270757109807
MLP,200,22,0.123769216,0,1.0,False,0.00010025953358181619,-0.00209084982071911
MLP,200,22,0.09384161,0,0.0,True,-0.0011413201816236123,0.00036710489478364414
MLP,200,22,0.11034154,0,1.0,False,0.0014552368864629219,0.002013000848827004
MLP,200,22,0.12881102,0,0.0,True,-0.005579468709335069,-0.003579987436328297
MLP,200,22,0.18393461,0,1.0,False,0.004753336683168825,0.005368941916575787
MLP,200,22,0.1786098,0,0.0,True,-0.004712680267569181,-0.003365041811963219
MLP,200,22,0.051888753,0,0.0,True,0.0038691656441963243,0.0033499741380136993
MLP,200,22,0.15841275,0,0.0,True,0.0007909030971857344,-0.00036522000742217244
MLP,200,22,0.15336557,0,1.0,False,0.0019526371904083654,0.0033934545182248903
MLP,200,22,0.0757202,0,0.0,True,0.0007520235130432102,-0.00014764010874635325
MLP,200,22,0.09065876,0,1.0,False,0.00780448217194893,0.005657390612354474
MLP,200,22,0.38101593,0,0.0,True,-0.0040218142843090375,-0.0005556106870960566
MLP,200,22,0.0959343,0,0.0,True,0.0009927627287040835,-0.0010953833074065402
MLP,200,22,0.09034017,0,0.0,True,0.003011834825205565,-0.0008878060058965926
MLP,200,22,0.26213712,0,1.0,False,0.005020160786097631,-0.00038250473096732316
MLP,200,22,0.061436635,0,0.0,True,0.010093612152403605,0.0030395110256745636
MLP,200,22,0.23823546,0,1.0,False,0.004686940921820962,0.002407164390903606
MLP,200,22,0.08474991,0,0.0,True,-0.004612186525022246,-0.0006911031729623005
MLP,200,22,0.097109854,0,0.0,True,0.00011162017007729232,0.0012936987977942946
MLP,200,22,0.16254213,0,0.0,True,0.006614649835487256,0.002096774717817557
MLP,200,22,0.11391062,0,1.0,False,0.0052026178647008765,0.000983540146555093
MLP,200,22,0.13377616,0,0.0,True,-0.012272065723483704,-0.007970310423388671
MLP,200,22,0.16412488,0,0.0,True,-0.0036890989658628684,-0.0038990333347847855
MLP,200,22,0.15899919,0,0.0,True,0.004722491869150415,0.005665563044049938
MLP,200,22,0.48491508,0,1.0,False,-0.009309102508478521,-0.005899255299045628
MLP,200,22,0.3604864,0,0.0,True,0.004734365163305121,0.001848824090394549
MLP,200,22,0.27659157,0,1.0,False,-0.003929016313531183,-0.0025029140933182786
MLP,200,22,0.7204538,1,1.0,True,-0.003430479395372387,0.0036406926945645713
MLP,200,22,0.15854926,0,0.0,True,0.0030909087987463437,0.001916335200619103
MLP,200,22,0.117266156,0,0.0,True,0.004553372110341837,0.002221977257065745
MLP,200,22,0.08623812,0,0.0,True,-0.00020201527739407613,-0.004434571185192787
MLP,200,22,0.09633785,0,1.0,False,-0.0011954500959163463,-0.0004188643191920015
MLP,200,22,0.09890313,0,1.0,False,0.0016554626234849383,-0.0027484907391084946
MLP,200,22,0.07451908,0,0.0,True,-0.007839803626364958,-0.0019651621180505796
MLP,200,22,0.17889649,0,0.0,True,-0.004565363029052405,-0.004174030988415938
MLP,200,22,0.48954728,0,1.0,False,-0.006488476262115024,0.0010271073510251516
MLP,200,22,0.06703395,0,1.0,False,-0.0024318570687766523,0.0016140164546785951
MLP,200,22,0.08361573,0,1.0,False,-0.005364509902182528,-0.003087436480338326
MLP,200,22,0.21399105,0,1.0,False,-0.002864326712059432,0.0006044986710321515
MLP,200,22,0.20884748,0,1.0,False,-0.007057085974878016,-0.0048068582067150095
MLP,200,22,0.11776506,0,1.0,False,0.0007287211438229356,0.0007792072527780642
MLP,200,22,0.33597657,0,1.0,False,-0.007787808550449488,-0.0019641278993538605
MLP,200,22,0.18924339,0,1.0,False,0.002053618103570571,0.0003196135459821665
MLP,200,22,0.20418414,0,0.0,True,0.0031920625166251123,0.0034274014221520846
MLP,200,22,0.18390863,0,0.0,True,-0.002020735466202339,-0.0025050098326627945
MLP,200,22,0.17029496,0,1.0,False,-2.2901927368671848e-05,0.0019193518699524245
MLP,200,22,0.05068292,0,0.0,True,0.005509107919865095,0.0037598857618292413
MLP,200,22,0.16449474,0,1.0,False,0.0004483098913826125,-0.0021698989554558784
MLP,200,22,0.11602318,0,1.0,False,-0.006197294366517204,-0.003266405993981733
MLP,200,22,0.27043816,0,0.0,True,0.003079240871326317,0.0009176114282047103
MLP,200,22,0.107299894,0,1.0,False,0.003728120931030667,0.000814660541438796
MLP,200,22,0.26240793,0,1.0,False,0.01252493081533798,0.00756949480210662
MLP,200,22,0.3199672,0,0.0,True,0.004100599003278606,0.0036090684203789374
MLP,200,22,0.08208584,0,1.0,False,-0.003969849246231156,-0.0039042821158690177
MLP,200,22,0.107609235,0,1.0,False,0.00311690733430184,0.008390993767036605
MLP,200,22,0.070478365,0,1.0,False,-0.0057864147945565275,-0.004339385203260778
MLP,200,22,0.07526862,0,0.0,True,0.011355279133270769,0.0051625228432612465
MLP,200,22,0.10084338,0,0.0,True,0.0013831288255345198,0.0030769937233713273
MLP,200,22,0.18809456,0,1.0,False,0.005115015995861021,0.005481006452971416
MLP,200,22,0.1453267,0,1.0,False,0.010433397445729633,0.005195373404765049
MLP,200,22,0.27593333,0,0.0,True,0.00467323112410185,-5.046919850319257e-05
MLP,200,22,0.09482944,0,1.0,False,-0.001768651873685641,-0.004544776621075321
MLP,200,22,0.088483736,0,1.0,False,-0.002822574088778235,0.0010248656671873306
MLP,200,22,0.2987559,0,0.0,True,0.0021434628705915516,0.001996780123901351
MLP,200,22,0.17984943,0,1.0,False,0.007496630757346793,0.0035363593253500266
MLP,200,22,0.09268088,0,1.0,False,0.007725552931899251,0.008449858843153626
MLP,200,22,0.11606538,0,1.0,False,-0.004680899902662058,-0.0005368474148838365
MLP,200,22,0.15311077,0,0.0,True,0.0058831306456463076,-1.9938007285503002e-05
MLP,200,22,0.06903385,0,0.0,True,0.00365827493694619,-0.0020766754749146177
MLP,200,22,0.11619862,0,1.0,False,0.010676549197962602,0.009546842958615
MLP,200,22,0.32955575,0,1.0,False,-0.0010054822717274535,-0.0018395919938439277
MLP,200,22,0.5081483,1,0.0,False,0.0030710654231576764,-0.0017588388098124532
MLP,200,22,0.07833612,0,0.0,True,-0.00317332548449123,-0.005397831965588968
MLP,200,22,0.06678145,0,0.0,True,0.001010317262693864,-0.0004983162485078857
MLP,200,22,0.096968316,0,1.0,False,0.005224770582817526,0.007050853851059075
MLP,200,22,0.08351905,0,1.0,False,0.0008529434935623872,0.0017871812086622037
MLP,200,23,0.1926282,0,1.0,False,0.004823566247382766,0.004128708801681674
MLP,200,23,0.21589942,0,0.0,True,-0.0026878603067123125,-0.007956717952854374
MLP,200,23,0.090005025,0,1.0,False,0.00888834361891952,0.007699109202898732
MLP,200,23,0.11914908,0,1.0,False,-0.0015832747711094094,-0.003952559482601442
MLP,200,23,0.23095828,0,1.0,False,0.0016081344368321648,0.0012354732693961995
MLP,200,23,0.38219318,0,1.0,False,-0.003883413415191489,-0.004270975522560442
MLP,200,23,0.1452249,0,1.0,False,-0.0016421868381500566,0.00012208998832630608
MLP,200,23,0.48680368,0,1.0,False,0.004865314735483317,0.004551023189161169
MLP,200,23,0.14523694,0,0.0,True,0.003053624269955827,0.0003171571284890591
MLP,200,23,0.12090671,0,0.0,True,-0.003452096727620177,-0.0019490694803517325
MLP,200,23,0.1847084,0,0.0,True,0.007884148995415435,0.005237491931438064
MLP,200,23,0.107814655,0,0.0,True,-0.006949895310955314,-0.00200564363478571
MLP,200,23,0.4633244,0,0.0,True,0.005204527098108104,0.0014143300685807588
MLP,200,23,0.14752895,0,0.0,True,-0.0028530061503897488,-0.003438549750601552
MLP,200,23,0.19330879,0,0.0,True,-0.0006972245420269787,-0.004226486866763376
MLP,200,23,0.18984662,0,1.0,False,-0.0019521246830671549,0.004089635814516311
MLP,200,23,0.095397,0,0.0,True,0.0035759934215305526,-0.0019316132283282946
MLP,200,23,0.1519171,0,1.0,False,-0.0032873727631225346,0.004385682098932
MLP,200,23,0.14320444,0,0.0,True,-0.0014293627076279545,-0.00511113958748847
MLP,200,23,0.061834846,0,1.0,False,0.007073890315481018,0.0014211954213664776
MLP,200,23,0.15631491,0,0.0,True,0.000877808712477797,0.0017614481396441863
MLP,200,23,0.09981471,0,0.0,True,0.0034620037977633146,-0.0006100074778147575
MLP,200,23,0.24564509,0,1.0,False,-0.004260900562518084,-0.001272218398673953
MLP,200,23,0.08623213,0,1.0,False,-0.0004056577960809821,-0.00043269131012467076
MLP,200,23,0.27492124,0,1.0,False,0.0005384142140287588,0.0022782489719488817
MLP,200,23,0.27479106,0,0.0,True,0.008728804045136734,0.008902180581196732
MLP,200,23,0.24673718,0,0.0,True,0.00042476033643730374,0.0016610181299298566
MLP,200,23,0.2883861,0,0.0,True,0.006848286901317882,0.004191046707163462
MLP,200,23,0.13173383,0,0.0,True,0.0016078530694280222,0.003503428838780019
MLP,200,23,0.108997434,0,0.0,True,-0.0006952975063019194,-0.004978928819267723
MLP,200,23,0.19420083,0,0.0,True,-0.0011564142856549781,-0.0035019435277082664
MLP,200,23,0.21906348,0,1.0,False,-0.008260013244335828,-0.005734728163129839
MLP,200,23,0.07912731,0,0.0,True,0.0014363337415384948,0.0015879666504503061
MLP,200,23,0.10545441,0,1.0,False,0.006426418842551279,0.0001459993968086408
MLP,200,23,0.10802649,0,0.0,True,0.007612117538918819,0.005288467452287065
MLP,200,23,0.16538358,0,0.0,True,0.007396559410802108,0.004747629463598715
MLP,200,23,0.09016633,0,1.0,False,0.006224380601856227,0.005887393372489826
MLP,200,23,0.22190177,0,1.0,False,-0.0013318135851896863,0.002342700656572748
MLP,200,23,0.06155489,0,0.0,True,-0.002075690000068117,-0.00019184554910155083
MLP,200,23,0.08318094,0,1.0,False,0.00039473219580387866,0.0019320148692374356
MLP,200,23,0.12298021,0,1.0,False,0.002750593277838923,0.006287426814642827
MLP,200,23,0.13131146,0,0.0,True,-0.003092454153472732,-2.3911754818211484e-06
MLP,200,23,0.1461795,0,0.0,True,0.0006408395270199912,-0.0023052697520548693
MLP,200,23,0.12679687,0,1.0,False,-0.004169988104162977,-0.003745883734633364
MLP,200,23,0.10683989,0,0.0,True,-0.0018171554920874125,-0.0009154318425335115
MLP,200,23,0.06320931,0,0.0,True,-0.0033781832091081153,-0.0008144695317228665
MLP,200,23,0.11016574,0,1.0,False,0.0035486701205303317,0.0034895658926460864
MLP,200,23,0.264925,0,1.0,False,0.0075356506539281665,0.0044305772998021985
MLP,200,23,0.102952406,0,1.0,False,-0.004047419749247985,-0.0021227989647745614
MLP,200,23,0.7648612,1,0.0,False,0.0004483234013328891,-0.005041158703680872
MLP,200,23,0.062292084,0,0.0,True,-0.005698115608511084,-0.002436602794594268
MLP,200,23,0.07638581,0,0.0,True,0.007256373792891713,0.004250222537742293
MLP,200,23,0.1334379,0,1.0,False,0.0049710745282732765,0.0015581355426528818
MLP,200,23,0.5397757,1,0.0,False,-0.004846520441823929,-0.004607582332717722
MLP,200,23,0.08441327,0,0.0,True,0.005446358040426764,0.004174878793070013
MLP,200,23,0.08946765,0,0.0,True,0.002344852754301995,-0.0009478569811980803
MLP,200,23,0.08454144,0,0.0,True,0.005798055555123005,0.005690185302262496
MLP,200,23,0.6355463,1,0.0,False,0.004080518374564745,-0.0011329374209796887
MLP,200,23,0.09966077,0,0.0,True,0.0036061142494796155,-0.0007419649499319115
MLP,200,23,0.13965857,0,1.0,False,0.0034349314304944196,0.004150273317970143
MLP,200,23,0.11985694,0,0.0,True,0.00509128688584332,0.003567939214188164
MLP,200,23,0.15263328,0,1.0,False,0.011934846109878307,0.0017135818823914204
MLP,200,23,0.13899915,0,1.0,False,-0.0024460260302276416,-0.002175550877474756
MLP,200,23,0.26982418,0,0.0,True,0.001657936331300391,0.0011081043826610426
MLP,200,23,0.22345348,0,1.0,False,-1.3115591025600334e-06,-0.002847441134596274
MLP,200,23,0.14923915,0,1.0,False,0.010995073131860475,0.007747609391848405
MLP,200,23,0.11447064,0,0.0,True,0.002009978422072096,0.0034256554065291355
MLP,200,23,0.1353859,0,0.0,True,-0.0008528390217657143,-0.003576012080371459
MLP,200,23,0.31961167,0,0.0,True,-0.006896703831340416,-0.0026321147370998435
MLP,200,23,0.20248769,0,0.0,True,-0.0018649680214180735,-0.004614451855361204
MLP,200,23,0.12612806,0,1.0,False,0.004821899154026632,0.003373212073520935
MLP,200,23,0.30107749,0,1.0,False,0.0011081741676036798,-0.0022903396038518624
MLP,200,23,0.11091483,0,1.0,False,0.002511454244890136,-0.0011604740238203364
MLP,200,23,0.14547175,0,0.0,True,0.0005130532113120068,0.0017768176770895246
MLP,200,23,0.45674306,0,0.0,True,-0.002613311421248506,-0.0007304637420497896
MLP,200,23,0.8139309,1,1.0,True,-0.005495900476536554,-0.0054343216532111455
MLP,200,23,0.19772613,0,1.0,False,-0.0019869909779478495,-0.00415858938286631
MLP,200,23,0.3907065,0,0.0,True,-0.008573821045273218,-0.0031294744202941126
MLP,200,23,0.20137376,0,1.0,False,0.0001977413671126556,-0.0014898638922615955
MLP,200,23,0.13538575,0,0.0,True,-0.002723612153805901,0.00016774007546374971
MLP,200,23,0.2186838,0,0.0,True,0.005419757066041413,0.004151845986624096
MLP,200,23,0.28050002,0,0.0,True,-0.006951565761578969,-0.0020843395685025325
MLP,200,23,0.7126286,1,0.0,False,0.004875916413472286,0.0022906591047506526
MLP,200,23,0.3762467,0,1.0,False,0.0012355698657975733,-0.0002792232176232809
MLP,200,23,0.09152206,0,1.0,False,0.0018081374865271688,0.0035761169262399656
MLP,200,23,0.26384625,0,0.0,True,0.004731479908553243,0.0022797906515931296
MLP,200,23,0.18191473,0,0.0,True,0.003404039292226208,0.00341149287793228
MLP,200,23,0.15583344,0,0.0,True,-0.0013306465142936509,-0.0022440505617167027
MLP,200,23,0.10681554,0,0.0,True,-0.004526039765625787,-0.003558748668283047
MLP,200,23,0.102900915,0,1.0,False,0.011216040460605054,0.008220405876363704
MLP,200,23,0.11281673,0,0.0,True,-0.003436488145968767,-0.0030430910447042767
MLP,200,23,0.09100647,0,1.0,False,0.0005011455999385877,-0.0024703500167274576
MLP,200,23,0.165658,0,1.0,False,0.0006967388875889007,-0.0017954191073572695
MLP,200,23,0.11989289,0,0.0,True,-0.006676685550416674,-0.004226895901520854
MLP,200,23,0.20712787,0,1.0,False,-0.0009873710241365928,-0.0038401618707544797
MLP,200,23,0.2346102,0,1.0,False,0.0022621391121706745,-0.003428289352454068
MLP,200,23,0.122494176,0,0.0,True,-0.0020504459619264956,0.0028805689558511842
MLP,200,23,0.43645543,0,0.0,True,0.00011133507582095401,0.0017774472840199529
MLP,200,23,0.22730239,0,1.0,False,-0.006096837506776457,-0.00658974917215862
MLP,200,23,0.14728066,0,0.0,True,0.008711350158946418,0.0010974199042163386
MLP,200,24,0.113285474,0,1.0,False,-0.002138157070875595,-0.005644148828438805
MLP,200,24,0.20055696,0,0.0,True,0.004817061605880018,-0.00121550810559855
MLP,200,24,0.26646292,0,1.0,False,-0.0039081772716102236,0.004820090520540304
MLP,200,24,0.0677666,0,0.0,True,-0.00039544742502184053,0.002122448173403135
MLP,200,24,0.5956483,1,0.0,False,0.004219536326981391,0.0025674928277171225
MLP,200,24,0.3118934,0,0.0,True,0.001504571079871996,0.0005246097877594278
MLP,200,24,0.5253806,1,1.0,True,0.00831586547099774,0.006393916306400268
MLP,200,24,0.21291791,0,0.0,True,0.004102041609052907,-0.001732303970833123
MLP,200,24,0.101563096,0,0.0,True,-0.004760766143087377,-0.001196507066107135
MLP,200,24,0.11871797,0,0.0,True,0.007302307024453322,0.003943375977417819
MLP,200,24,0.06272152,0,1.0,False,-0.011273656237162802,-0.00329190134521159
MLP,200,24,0.07887674,0,1.0,False,0.0027638641180933875,-0.0019394341040212045
MLP,200,24,0.08903942,0,0.0,True,-0.0013484415842391583,0.001397697794011858
MLP,200,24,0.061831564,0,1.0,False,0.00429366673254036,0.0013104738404241748
MLP,200,24,0.15100779,0,0.0,True,0.004663188316239629,0.0035401142960907288
MLP,200,24,0.11950712,0,1.0,False,-0.0007298102246439994,-0.0016400257121128208
MLP,200,24,0.17405373,0,0.0,True,0.006626140659606344,0.0056348746386145065
MLP,200,24,0.19581963,0,1.0,False,0.0011057682171260288,-0.0016119510891411477
MLP,200,24,0.17540434,0,1.0,False,-0.005593095531928417,-0.004900251524950591
MLP,200,24,0.08251834,0,0.0,True,-0.0027198549410682995,-0.002246938051670025
MLP,200,24,0.15931472,0,0.0,True,-0.003930294479439191,0.0016265057545286287
MLP,200,24,0.12281429,0,1.0,False,0.005291428605729029,0.002963381091809662
MLP,200,24,0.08422774,0,1.0,False,-0.014522643998002446,-0.010201537234263688
MLP,200,24,0.15733212,0,0.0,True,0.004622150173487721,0.0008052497237958297
MLP,200,24,0.14083251,0,1.0,False,-0.005453491486121441,0.001359501910080878
MLP,200,24,0.11386931,0,0.0,True,0.0002931177596723364,-0.008977429337042021
MLP,200,24,0.19475982,0,0.0,True,-0.002666424341161718,-0.0016905119900483335
MLP,200,24,0.24280661,0,1.0,False,0.000446600955514862,-0.0005351575523798467
MLP,200,24,0.102200836,0,1.0,False,-0.0060526056710236455,-0.0020883836797024116
MLP,200,24,0.17464794,0,0.0,True,-0.002007852942079662,0.0011086930024549878
MLP,200,24,0.06829248,0,1.0,False,0.0008968097959451762,-0.00040926401970254293
MLP,200,24,0.11353848,0,1.0,False,0.0011414012054505132,0.00046384216387555197
MLP,200,24,0.0896987,0,1.0,False,0.0049587615275839825,0.0009413613417643706
MLP,200,24,0.10926724,0,1.0,False,0.004244095909665227,0.0035241626748060985
MLP,200,24,0.1325711,0,1.0,False,0.0035175878793944028,0.00224181842720177
MLP,200,24,0.47257644,0,0.0,True,-0.0005635662701377555,-0.0012709311808967734
MLP,200,24,0.33279487,0,1.0,False,-0.004774733417950815,-0.0009081192960308298
MLP,200,24,0.0941714,0,0.0,True,0.002209482678745018,-0.0024454703041375506
MLP,200,24,0.3337421,0,1.0,False,0.005124573088082232,0.0010061061680219135
MLP,200,24,0.38467586,0,1.0,False,-0.0006512538871083731,-0.0001763158753911449
MLP,200,24,0.06295778,0,0.0,True,-0.0011659729445893479,3.933863960227703e-05
MLP,200,24,0.23171732,0,1.0,False,-0.005856996776247219,-0.0077355850067427154
MLP,200,24,0.08767479,0,1.0,False,-0.0008552644871593985,-0.004081159686390507
MLP,200,24,0.13885608,0,1.0,False,-0.0021135839012929843,-0.0020697445813582342
MLP,200,24,0.061820168,0,0.0,True,0.00028490009773612826,-0.0025659411723935005
MLP,200,24,0.12479381,0,1.0,False,0.013580123467451665,0.008125685052513059
MLP,200,24,0.08082162,0,0.0,True,-0.0039531261489931125,-0.006383138960526998
MLP,200,24,0.08199048,0,0.0,True,-0.007646620407337888,-0.00940437866051252
MLP,200,24,0.17816716,0,0.0,True,0.0056250875929953455,0.0032204327088841325
MLP,200,24,0.11138302,0,0.0,True,0.002507697440853375,-0.00035754623673182374
MLP,200,24,0.32950726,0,0.0,True,-0.004377282670655797,-0.004513894541040393
MLP,200,24,0.2584341,0,1.0,False,0.009995460735131993,0.0034715895132798364
MLP,200,24,0.3171443,0,0.0,True,0.0017981096918993722,0.004874911255960378
MLP,200,24,0.09312747,0,0.0,True,0.008755867034786367,0.0011927832002435802
MLP,200,24,0.19802578,0,1.0,False,0.00270295255829338,0.005479919588982014
MLP,200,24,0.057189986,0,0.0,True,0.004139638553929759,0.0035477643845842816
MLP,200,24,0.31531858,0,1.0,False,-0.0026992835872500604,0.0026132497614218164
MLP,200,24,0.06241683,0,0.0,True,-0.003319771226808135,0.0036788651249445247
MLP,200,24,0.1874913,0,0.0,True,0.0080361929487875,0.006973146280491953
MLP,200,24,0.49868625,0,1.0,False,-0.00034375296826298266,0.0002592198766434158
MLP,200,24,0.12502375,0,1.0,False,0.00395709215653638,-0.0013451166407522242
MLP,200,24,0.09814043,0,0.0,True,-0.004592662120088265,0.00010814568601408566
MLP,200,24,0.16356814,0,0.0,True,8.015833494294045e-05,0.0036827592987730565
MLP,200,24,0.13377284,0,0.0,True,-0.0006123063747509754,-0.0013946576335779099
MLP,200,24,0.18816721,0,0.0,True,0.004819004390050414,0.002741493454033244
MLP,200,24,0.17677327,0,0.0,True,0.00323675566258112,0.001379762447319329
MLP,200,24,0.20752081,0,1.0,False,0.013000868938581343,0.010967293581820978
MLP,200,24,0.1317081,0,1.0,False,0.0013060859522223468,-0.0006050980369552083
MLP,200,24,0.23202613,0,1.0,False,-0.002426202449479433,0.00270680522573001
MLP,200,24,0.27635902,0,0.0,True,-0.0075621775055015545,-0.004756740916928834
MLP,200,24,0.15713994,0,0.0,True,0.0026663696143963238,0.003908118146943616
MLP,200,24,0.39727578,0,1.0,False,0.003726660382696964,-0.0019829801649426486
MLP,200,24,0.09527249,0,0.0,True,0.0056106373705012294,0.0012908155028771018
MLP,200,24,0.19793375,0,1.0,False,-0.004213110431660308,-0.0015238493487578172
MLP,200,24,0.09482007,0,0.0,True,-0.00934783979254083,-0.002469314185533832
MLP,200,24,0.1568967,0,1.0,False,-0.007047873215811703,-0.0013216009704306551
MLP,200,24,0.20188528,0,1.0,False,0.0006084528429572972,0.002525271336326227
MLP,200,24,0.121774204,0,1.0,False,-0.004482578806217718,0.001400212876705422
MLP,200,24,0.17992121,0,1.0,False,0.000592776794298529,-0.0049219512928548636
MLP,200,24,0.085176,0,0.0,True,-0.004493132443216116,-0.0035459427121418636
MLP,200,24,0.2210172,0,1.0,False,-0.0015549687472659634,0.00038282909955962194
MLP,200,24,0.24846348,0,0.0,True,0.005475509717542294,0.0005018600612421897
MLP,200,24,0.08150553,0,1.0,False,7.485062485382458e-05,0.0021181839828754282
MLP,200,24,0.086931854,0,0.0,True,-0.0032759040980227805,0.0007198493863780744
MLP,200,24,0.28190845,0,1.0,False,0.011118634225576294,0.007721930185770942
MLP,200,24,0.07639334,0,0.0,True,0.0039005674460433183,0.002602876660918167
MLP,200,24,0.17670298,0,1.0,False,-0.0008117266612075605,0.002988147812338061
MLP,200,24,0.13917257,0,1.0,False,0.0062808645225316045,0.0033745686003878216
MLP,200,24,0.22902758,0,1.0,False,0.003652436393017675,0.00615610975404658
MLP,200,24,0.118987486,0,0.0,True,0.0008351857420330066,0.0006875813754304501
MLP,200,24,0.11259081,0,0.0,True,-0.004028337446161771,-0.0014188361893403248
MLP,200,24,0.16183399,0,0.0,True,0.0021586258275894973,0.0010316407266425516
MLP,200,24,0.12959692,0,1.0,False,-0.000983941379644872,0.0011544969102905939
MLP,200,24,0.65949297,1,0.0,False,0.002655099326115846,0.0013997835266299006
MLP,200,24,0.0739678,0,0.0,True,-0.008325072784593263,-0.004037036120298923
MLP,200,24,0.16275093,0,1.0,False,0.0015822588666066363,0.003127579318573767
MLP,200,24,0.11424577,0,1.0,False,-0.005513061624165645,-0.001875649755979123
MLP,200,24,0.64904284,1,0.0,False,0.003394498066789758,0.0025336925087431914
MLP,200,24,0.1852116,0,0.0,True,-0.007392779482377674,-0.007935977474086073
MLP,200,24,0.24602003,0,0.0,True,-0.00393045696417294,-0.0012703081728675442
MLP,200,25,0.08703092,0,0.0,True,0.0058611533687346635,-0.0005979408136454635
MLP,200,25,0.061619937,0,1.0,False,-0.004549025792846995,-0.0031023437767667304
MLP,200,25,0.25063398,0,1.0,False,-0.008492387069875436,-0.0031484711398119774
MLP,200,25,0.2253285,0,0.0,True,-0.008574632498205554,-0.0017474854810781662
MLP,200,25,0.23127416,0,0.0,True,-0.002406672078539567,-0.0015289871788364835
MLP,200,25,0.2444341,0,1.0,False,0.0025820366493238,-0.0005119443276253414
MLP,200,25,0.10889247,0,0.0,True,0.003736679555473282,0.002886674626692556
MLP,200,25,0.38824177,0,0.0,True,0.00045446201934339883,0.00010351430791176089
MLP,200,25,0.104468755,0,1.0,False,0.001094205814845787,-0.00260630891987156
MLP,200,25,0.18343106,0,1.0,False,0.007840816118810448,0.0059967280184753165
MLP,200,25,0.1955483,0,1.0,False,0.0001414967557961656,-0.0022762981910960933
MLP,200,25,0.1399197,0,1.0,False,0.001483985815786074,-0.0002778300296440905
MLP,200,25,0.20316015,0,1.0,False,-0.00025239120946127014,-0.0016387605969146787
MLP,200,25,0.096735746,0,1.0,False,0.0032943439684486203,-0.002815061838536502
MLP,200,25,0.08922292,0,1.0,False,-0.00781721342620596,-0.007157236613106258
MLP,200,25,0.24926752,0,0.0,True,-0.0072053869462299315,-0.001380079598290677
MLP,200,25,0.69516414,1,1.0,True,0.011407085571419213,0.00639780258776501
MLP,200,25,0.06362286,0,1.0,False,-0.01819873483891057,-0.0064560897089572114
MLP,200,25,0.066194706,0,1.0,False,-0.0007022935329690776,-0.004458486665619299
MLP,200,25,0.13422364,0,1.0,False,-0.0001507537688442211,-0.002115869017632242
MLP,200,25,0.09004273,0,0.0,True,0.0025469434105641025,0.003204981763856227
MLP,200,25,0.12377266,0,0.0,True,-0.008747293953691004,-0.005796232499933595
MLP,200,25,0.12126075,0,1.0,False,0.010753049865760101,0.005792315951227726
MLP,200,25,0.07045675,0,0.0,True,-4.4522822392445374e-05,0.0019676018472601577
MLP,200,25,0.37307367,0,0.0,True,0.00025096941956941006,0.002946868602745292
MLP,200,25,0.11181792,0,0.0,True,0.0019594213441334646,-0.005315355862824435
MLP,200,25,0.17197742,0,0.0,True,-0.0035834525445140666,-0.0012492246178359382
MLP,200,25,0.20476033,0,1.0,False,0.0024464250751135568,0.0010189635299488308
MLP,200,25,0.7785021,1,0.0,False,0.0019333270505533793,-0.003648682651536621
MLP,200,25,0.08361169,0,0.0,True,-0.004046806324855067,0.0006527561386554791
MLP,200,25,0.19297998,0,1.0,False,0.0008379229545046772,0.0033334336875793426
MLP,200,25,0.6289108,1,1.0,True,0.00622229394123385,0.009433660795312368
MLP,200,25,0.15671547,0,1.0,False,0.0055461558967645624,0.002814516630499733
MLP,200,25,0.065422036,0,0.0,True,-0.0029655764172211206,-0.006850358462952441
MLP,200,25,0.1097041,0,1.0,False,-0.0029331387051739237,-0.0003405054248530607
MLP,200,25,0.08945004,0,0.0,True,0.009998845214181885,0.0013343123701879721
MLP,200,25,0.3527322,0,1.0,False,0.005352867346582907,0.004737463544971849
MLP,200,25,0.12709491,0,1.0,False,0.005859734750999708,0.0007619943995657493
MLP,200,25,0.07001617,0,0.0,True,0.0027552020154699734,0.0004435522693184613
MLP,200,25,0.096191145,0,0.0,True,0.008367226048786165,0.004305161449351399
MLP,200,25,0.53915405,1,0.0,False,-0.0032700670774245605,-0.0007595936953355686
MLP,200,25,0.18797265,0,0.0,True,0.0008336097999874864,-0.0004734998933136519
MLP,200,25,0.07441456,0,0.0,True,-0.0018090754452233498,-0.003576891798998626
MLP,200,25,0.13845505,0,1.0,False,0.006020587174798757,0.003368052746917102
MLP,200,25,0.06707362,0,1.0,False,0.006708593183909778,0.007633981705029961
MLP,200,25,0.082224526,0,0.0,True,-0.012987683773300748,-0.006999962833001295
MLP,200,25,0.13924445,0,0.0,True,-0.0024418707657471984,-0.0008574174324153708
MLP,200,25,0.093626946,0,1.0,False,0.005202510913728681,0.001765377777616641
MLP,200,25,0.27466726,0,0.0,True,-0.001748030923627987,0.004092440365346386
MLP,200,25,0.11997749,0,0.0,True,0.0018464456665189927,0.0030847392364095577
MLP,200,25,0.19789791,0,0.0,True,-0.00011459280428279622,0.001123327604681707
MLP,200,25,0.09419066,0,1.0,False,-0.003234383874108489,0.0003589626321835095
MLP,200,25,0.12499365,0,0.0,True,0.0011507852682855484,0.001758652038319906
MLP,200,25,0.24840502,0,0.0,True,-0.0015163402802257516,-0.0010666267281096626
MLP,200,25,0.092321634,0,0.0,True,0.0007012465526797713,0.002517444581129189
MLP,200,25,0.117618054,0,1.0,False,0.00566681597064586,0.0010728869412223235
MLP,200,25,0.41847983,0,0.0,True,-0.007204090439817134,-0.004550475750388666
MLP,200,25,0.08550343,0,0.0,True,0.0031495177289625207,0.0038137436395387337
MLP,200,25,0.13903785,0,0.0,True,-0.0021610307975095345,-0.0021160059083263844
MLP,200,25,0.088893645,0,0.0,True,0.0001424505649323705,-0.003032298233578969
MLP,200,25,0.07051869,0,0.0,True,-2.2784875178881054e-05,0.00461314908329805
MLP,200,25,0.06193156,0,1.0,False,0.011399073705413793,0.005230363307258147
MLP,200,25,0.24998522,0,0.0,True,0.0020353603765409815,0.001007286074106811
MLP,200,25,0.25741327,0,1.0,False,0.004027629997979753,0.006101999497892701
MLP,200,25,0.14187609,0,1.0,False,0.011599948023114606,0.003566859307950844
MLP,200,25,0.081661575,0,0.0,True,-0.0031951025611368423,-0.0020248507535462765
MLP,200,25,0.14111908,0,0.0,True,-0.004931208260074947,-0.0024501308841288617
MLP,200,25,0.19115356,0,1.0,False,0.0009471015137114737,-0.0042652395531765416
MLP,200,25,0.29631326,0,1.0,False,0.00811730439875339,0.007306482322349687
MLP,200,25,0.07003039,0,1.0,False,-0.0013255707221191731,0.00159834973627848
MLP,200,25,0.082490794,0,1.0,False,0.016985497771232937,0.01007604596674953
MLP,200,25,0.50013095,1,0.0,False,-0.0007726151425076828,0.0006868370019844011
MLP,200,25,0.2321299,0,0.0,True,-0.0058332036641367754,-0.0018425880502541173
MLP,200,25,0.111752555,0,0.0,True,-0.0006510621965886847,-0.00029901579320595217
MLP,200,25,0.12922406,0,0.0,True,-0.005400039190781647,-0.005163013464654242
MLP,200,25,0.10086518,0,1.0,False,-0.0025904571816446277,0.0008026284537028633
MLP,200,25,0.15132321,0,0.0,True,0.0038004503161562244,0.0034059778340799996
MLP,200,25,0.34704047,0,0.0,True,0.008975281239922438,-0.0012290371197349569
MLP,200,25,0.12673311,0,0.0,True,0.0017134812197487632,0.0005510317444828377
MLP,200,25,0.352619,0,1.0,False,0.0026346733156104394,0.003522993751771728
MLP,200,25,0.3489937,0,0.0,True,0.007076771616738579,0.006440295289617924
MLP,200,25,0.07039284,0,0.0,True,-0.005115600281581071,-0.0030120662611088805
MLP,200,25,0.3112225,0,1.0,False,9.904818282894506e-05,0.002517554456512247
MLP,200,25,0.2183113,0,1.0,False,0.0017024914432326444,0.00036940510102807903
MLP,200,25,0.24076918,0,0.0,True,-0.0026863585436663977,0.00020597532224295176
MLP,200,25,0.1452946,0,0.0,True,-0.0025965097317169963,-0.003158549847030295
MLP,200,25,0.0962414,0,0.0,True,-0.007889047004568465,-0.006323973200232273
MLP,200,25,0.21210442,0,1.0,False,-0.004730714240354138,-0.00028386512429555926
MLP,200,25,0.11549975,0,0.0,True,-0.0006803351801848664,0.0005008772213048951
MLP,200,25,0.15556328,0,1.0,False,0.0014352539727667936,0.003932450502890524
MLP,200,25,0.2354421,0,0.0,True,-0.007307657919164628,-0.004581331735803562
MLP,200,25,0.7096005,1,1.0,True,0.0026109686941220255,0.004405916367297885
MLP,200,25,0.5243906,1,1.0,True,-0.0011111819378291355,-0.0009159343501510403
MLP,200,25,0.07598525,0,1.0,False,0.00489081944539266,0.006188176543915881
MLP,200,25,0.14731285,0,0.0,True,-0.00348618298968112,-0.000573041046387526
MLP,200,25,0.09396262,0,0.0,True,0.005813538431554776,0.000612945242598119
MLP,200,25,0.2811616,0,1.0,False,0.015955047117387964,0.012946860195446351
MLP,200,25,0.35810727,0,1.0,False,0.006818992949542378,0.006336114284214199
MLP,200,25,0.16642627,0,0.0,True,-0.0021033303253326307,-0.002386206008462582
MLP,200,25,0.15947886,0,0.0,True,-4.5389091827399395e-06,-0.0008857653887712416
MLP,200,26,0.2618871,0,1.0,False,0.0029523643623027306,0.003237270342035013
MLP,200,26,0.12099159,0,1.0,False,-0.003482690763794698,-0.0027308417562091503
MLP,200,26,0.17970036,0,1.0,False,-0.004245922147656929,-0.002896200531991386
MLP,200,26,0.07464986,0,1.0,False,0.003361988757193659,0.005108290753702458
MLP,200,26,0.15512818,0,0.0,True,-0.003240050619429359,-0.0013061503069925326
MLP,200,26,0.17220522,0,0.0,True,-0.0057888142523311,-0.001017961859694743
MLP,200,26,0.2887148,0,0.0,True,-0.013020124041130341,-0.009577086096002517
MLP,200,26,0.23269127,0,1.0,False,-0.005274458900548917,-7.225107290905071e-05
MLP,200,26,0.31457937,0,0.0,True,-0.0028786646606116903,-0.00198107401625569
MLP,200,26,0.23555925,0,1.0,False,-0.0071430903736756,-0.0026026489186144397
MLP,200,26,0.11119776,0,0.0,True,-0.00873133049941059,-0.005829031785201335
MLP,200,26,0.7769442,1,1.0,True,0.002508214662227009,2.0776677862183068e-05
MLP,200,26,0.34143835,0,1.0,False,0.0036629757164776803,0.007701522389731626
MLP,200,26,0.06935105,0,0.0,True,-0.012231693850221223,-0.0045257872216840755
MLP,200,26,0.11842247,0,0.0,True,0.0026348195123649725,0.00332276898793124
MLP,200,26,0.09538651,0,0.0,True,-0.005455033691149274,-0.0014365885608820948
MLP,200,26,0.51851445,1,1.0,True,0.00767098862049488,0.0005364797683711823
MLP,200,26,0.1842898,0,1.0,False,0.0074047880218533505,0.009084329646985566
MLP,200,26,0.21266422,0,0.0,True,-0.008849172302922618,-0.00048344182467894686
MLP,200,26,0.3198103,0,0.0,True,-0.007002202487515216,-0.00011941752782066803
MLP,200,26,0.07488845,0,0.0,True,0.0044084168241547116,-0.0024332952404467023
MLP,200,26,0.27449724,0,1.0,False,-0.004849473039309888,-0.00042602945435491266
MLP,200,26,0.19373222,0,0.0,True,0.001206235551428393,-0.002792205721210311
MLP,200,26,0.15158513,0,1.0,False,0.004227283622789724,-0.00027139284544119873
MLP,200,26,0.061145164,0,0.0,True,-0.003083676098694539,-0.000797192553511572
MLP,200,26,0.07924229,0,1.0,False,0.008118014739539502,0.00196932644671983
MLP,200,26,0.077865385,0,1.0,False,0.008362516720884748,0.0017069601297615856
MLP,200,26,0.5128185,1,1.0,True,-0.005075487584951888,-0.0037452154056995353
MLP,200,26,0.1879291,0,0.0,True,0.0010552914175925106,0.005566793430975589
MLP,200,26,0.11512482,0,1.0,False,0.0011917979595828475,0.003993773874460261
MLP,200,26,0.12978101,0,1.0,False,0.0007029637435836514,0.0010826558122296612
MLP,200,26,0.11589569,0,0.0,True,0.004132807395162592,0.004663872667049674
MLP,200,26,0.09856939,0,0.0,True,0.002447959693474217,0.005502271623329108
MLP,200,26,0.10445617,0,1.0,False,0.0009359635110186913,0.002797746146063983
MLP,200,26,0.24402082,0,0.0,True,-0.002110553905524973,0.0028715559254463875
MLP,200,26,0.07436465,0,0.0,True,-0.007990989548432808,-0.005315013584279636
MLP,200,26,0.36943823,0,1.0,False,-0.0035450456664367445,4.910562345271525e-05
MLP,200,26,0.07739152,0,1.0,False,0.0013453766979171565,0.000568111681219136
MLP,200,26,0.05765606,0,0.0,True,-0.006594439990336756,-0.0052732347583637415
MLP,200,26,0.25846186,0,1.0,False,0.009273665725568656,0.0035540034963309846
MLP,200,26,0.19943108,0,1.0,False,0.0027070195054839656,0.005080809459621566
MLP,200,26,0.06747303,0,1.0,False,0.004921084283646727,0.007679279309518566
MLP,200,26,0.13242151,0,1.0,False,0.00027452243079932435,-0.0009111088264367475
MLP,200,26,0.10284206,0,0.0,True,-0.00402393940386905,-0.002018964142929245
MLP,200,26,0.08889136,0,0.0,True,0.006685905940209608,0.005242633552879909
MLP,200,26,0.2353323,0,1.0,False,0.008763778896171328,0.0038744895194595683
MLP,200,26,0.22006245,0,1.0,False,-0.0027166682994900072,-0.00017956662713047568
MLP,200,26,0.20644796,0,0.0,True,-0.008493332557954198,-0.00226800795797599
MLP,200,26,0.09500795,0,1.0,False,-0.0016195095888671667,-0.0012464316802909276
MLP,200,26,0.27433798,0,1.0,False,0.003459993739466089,0.004123109691425726
MLP,200,26,0.16159937,0,1.0,False,0.002416804843287067,0.003938004034767541
MLP,200,26,0.060025975,0,0.0,True,-0.00755238262425712,-0.007420689824792141
MLP,200,26,0.09523895,0,1.0,False,0.0010472796424237977,-0.00023611817046136963
MLP,200,26,0.10349496,0,1.0,False,0.0034414797648897755,0.001308939777272514
MLP,200,26,0.0663933,0,0.0,True,-0.00874716467349488,-0.007112249727912827
MLP,200,26,0.23346964,0,1.0,False,-0.002364866686955987,0.008408992314898838
MLP,200,26,0.123959705,0,1.0,False,0.0035448298841896935,0.005599874764781216
MLP,200,26,0.0668858,0,0.0,True,-0.00016925379268539927,-0.0012511866990637921
MLP,200,26,0.53524464,1,0.0,False,0.0018580112000286858,-0.001966701735896166
MLP,200,26,0.2224974,0,1.0,False,-0.005499534732393042,0.002824148498848018
MLP,200,26,0.14023894,0,0.0,True,-0.005980554234451478,0.0016870464300280544
MLP,200,26,0.18444684,0,0.0,True,-0.0015273652126000096,-0.005082638280528011
MLP,200,26,0.14408442,0,1.0,False,-0.0006721416747003676,0.001997074168041665
MLP,200,26,0.5363795,1,1.0,True,0.004566484093678258,0.0024869328148730972
MLP,200,26,0.080393896,0,1.0,False,0.009635282139114907,0.008197098314480452
MLP,200,26,0.15079568,0,0.0,True,0.0020530954869695463,0.00022029801314698156
MLP,200,26,0.36638004,0,0.0,True,0.0014049355265301547,-0.0007560926505494294
MLP,200,26,0.103145406,0,1.0,False,0.009028405761013289,0.008296838039068598
MLP,200,26,0.20599946,0,0.0,True,-0.008294274213680834,-0.004964989787589054
MLP,200,26,0.3395537,0,1.0,False,-0.00030886017834397744,0.0022093845072309183
MLP,200,26,0.11979364,0,0.0,True,-8.937121494832385e-05,-0.002986984269114876
MLP,200,26,0.31562606,0,1.0,False,-0.013120791290507928,-0.003755200032271449
MLP,200,26,0.09313644,0,1.0,False,0.0019901147369226916,-0.0005236405889137906
MLP,200,26,0.2266442,0,1.0,False,-0.0035950524614944577,-0.0007546868214887051
MLP,200,26,0.17612694,0,0.0,True,-0.006863988717863624,-0.002847188076646946
MLP,200,26,0.11192552,0,1.0,False,-0.0030180031441333324,-0.002370784357858273
MLP,200,26,0.6124936,1,1.0,True,-0.004067411308596095,-0.0023664039123150395
MLP,200,26,0.31672707,0,1.0,False,0.005297095218039618,0.007371378719753025
MLP,200,26,0.061766718,0,0.0,True,-0.004522764678410823,0.000503747476064703
MLP,200,26,0.06337719,0,1.0,False,-0.007139441234992591,-0.0057964182449278985
MLP,200,26,0.13248476,0,1.0,False,0.002824830877012619,0.004163361528071094
MLP,200,26,0.07801133,0,1.0,False,-0.0020452474780790777,-0.0005093988617767474
MLP,200,26,0.13017923,0,0.0,True,0.009193856268716731,0.005437973725808046
MLP,200,26,0.13426223,0,1.0,False,0.011177284537825974,0.007452454654854865
MLP,200,26,0.31028512,0,1.0,False,0.0068774298609475945,0.0023602120267305128
MLP,200,26,0.6817414,1,1.0,True,0.004335881210348778,0.002761712492580857
MLP,200,26,0.06354397,0,0.0,True,0.00013556646519975304,-0.0022837532131055748
MLP,200,26,0.2676275,0,0.0,True,0.004371426783363827,0.00020768876083327784
MLP,200,26,0.14105976,0,1.0,False,0.004904608533010904,0.009099632541688588
MLP,200,26,0.10725288,0,1.0,False,0.00028918151743054227,-0.0022819888759503487
MLP,200,26,0.078536324,0,0.0,True,-0.0019150291228008391,-0.0015911648663637617
MLP,200,26,0.10945277,0,1.0,False,0.004819847963221472,0.0003985698714037549
MLP,200,26,0.49440435,0,1.0,False,0.00517641241769462,0.004460931054538929
MLP,200,26,0.1751162,0,1.0,False,-0.0010184947974631704,0.0034380569662538062
MLP,200,26,0.079670444,0,0.0,True,-0.0009757781632993915,-0.00397572911615077
MLP,200,26,0.08317338,0,0.0,True,-0.0011195396705800187,-0.00041639440144738916
MLP,200,26,0.11320945,0,1.0,False,0.0017053181344470984,0.0002496135357317154
MLP,200,26,0.13966927,0,0.0,True,-0.004725607051135521,-0.0030756077410372708
MLP,200,26,0.25516096,0,1.0,False,-0.003253132387272162,-1.2376828828053881e-05
MLP,200,26,0.24567914,0,1.0,False,0.0019556034338266822,0.0027451226394712095
MLP,200,27,0.23084144,0,1.0,False,0.0005692370629757336,-0.001039940658365648
MLP,200,27,0.5593612,1,1.0,True,0.004321697922682418,0.006272061931756914
MLP,200,27,0.12262208,0,0.0,True,0.0044922043931117815,0.003120687083889062
MLP,200,27,0.057275265,0,0.0,True,-0.005180641699796473,-0.004840333371507713
MLP,200,27,0.1138528,0,0.0,True,-0.004878474298731672,-0.003455315275836098
MLP,200,27,0.6831529,1,0.0,False,0.006993717569940477,0.0038928687427028288
MLP,200,27,0.20128053,0,0.0,True,-0.002221406322583356,0.0020301761094923616
MLP,200,27,0.29331118,0,1.0,False,0.0014866620144509187,0.005091650335146142
MLP,200,27,0.058708247,0,0.0,True,0.007821353921306297,0.005620911990931232
MLP,200,27,0.27906778,0,0.0,True,0.010949226598170027,0.007646937203461504
MLP,200,27,0.06655621,0,0.0,True,-0.0025377650542064904,0.0010343496246058195
MLP,200,27,0.13228033,0,0.0,True,0.006193204393823124,0.0014754550588396004
MLP,200,27,0.09321423,0,0.0,True,-0.004319846051725572,0.0034064180813807472
MLP,200,27,0.10598592,0,0.0,True,0.0006317340394166449,0.0006090846382274321
MLP,200,27,0.089050464,0,1.0,False,0.001016436892829636,0.0025351244996367137
MLP,200,27,0.29847434,0,1.0,False,-0.002211461917848181,0.0037527230062894103
MLP,200,27,0.17279549,0,0.0,True,0.006983971808107031,-0.0007317211347331068
MLP,200,27,0.07238753,0,0.0,True,0.006322057877062487,0.004094578556820313
MLP,200,27,0.6292481,1,1.0,True,0.0019534259617625897,0.003418950403623918
MLP,200,27,0.13636847,0,0.0,True,-0.0019096551759883588,-0.0022677680108424973
MLP,200,27,0.07735404,0,0.0,True,0.0034521124692165604,0.002981584391541661
MLP,200,27,0.2122483,0,0.0,True,-0.007461972163984711,-0.0012098425334234008
MLP,200,27,0.07612349,0,0.0,True,-0.0020603015075376886,-0.003828715365239295
MLP,200,27,0.12723465,0,1.0,False,0.004099842187994765,0.0006601520802695477
MLP,200,27,0.13754687,0,0.0,True,-0.0010859879210721624,0.001477078977533345
MLP,200,27,0.11903249,0,1.0,False,0.006883970518427402,0.0030977062033344404
MLP,200,27,0.31260037,0,0.0,True,0.00011645987160216588,0.002282501015520705
MLP,200,27,0.08835179,0,0.0,True,9.746772655373855e-05,0.0026166049248545786
MLP,200,27,0.12365376,0,1.0,False,0.0015509873949365908,-0.0005674816298682011
MLP,200,27,0.11754804,0,0.0,True,0.00013989547831473592,0.001199226496288782
MLP,200,27,0.12749922,0,0.0,True,-0.0063667654661226335,-0.0021472931117186398
MLP,200,27,0.12768048,0,1.0,False,0.002160461853213332,0.00556653872439567
MLP,200,27,0.17819373,0,1.0,False,0.007741594304095809,0.0062265826095370385
MLP,200,27,0.59044087,1,0.0,False,-0.002207770024184461,-0.00012442031204595543
MLP,200,27,0.22022557,0,1.0,False,0.0006159482976613813,-0.0003603761765849297
MLP,200,27,0.10428907,0,0.0,True,-0.0037697072872966354,-0.0005551718398088207
MLP,200,27,0.09497198,0,1.0,False,0.0016268604189231528,-0.0005606323129726772
MLP,200,27,0.07215349,0,0.0,True,0.003174936179579607,0.006281345492087309
MLP,200,27,0.5044197,1,0.0,False,0.0033539745032800123,0.0023040918271426455
MLP,200,27,0.27005133,0,1.0,False,0.0013151824412879877,-0.0006269937747651132
MLP,200,27,0.08075972,0,1.0,False,-0.004063797523290588,-0.001957709731286835
MLP,200,27,0.10581063,0,1.0,False,-0.0009183140131650946,-0.0015495951790145824
MLP,200,27,0.086424984,0,0.0,True,0.008034315049332996,0.00515799630770998
MLP,200,27,0.13538578,0,1.0,False,0.00013272863505844432,0.004063643222405836
MLP,200,27,0.19190745,0,0.0,True,0.0005816688139694305,0.0013396725943647825
MLP,200,27,0.3187711,0,0.0,True,-0.0019184887272216092,-0.0025483243146064843
MLP,200,27,0.16316171,0,1.0,False,0.0042564545398212856,0.004419355837201231
MLP,200,27,0.0878927,0,1.0,False,0.0026809486474150585,0.0009518949910552287
MLP,200,27,0.38936222,0,0.0,True,0.0006935371499686187,-0.0009631650909457108
MLP,200,27,0.16392113,0,1.0,False,0.0019173889095493236,0.0013716160301903235
MLP,200,27,0.1404422,0,1.0,False,0.0014023759834710387,-0.0033299573299541904
MLP,200,27,0.0703763,0,0.0,True,-3.516107320642598e-05,0.002659821983863926
MLP,200,27,0.20151567,0,1.0,False,0.005675284779069507,0.0034961194511628872
MLP,200,27,0.6114077,1,0.0,False,0.0025908105475851632,0.0009097045538098927
MLP,200,27,0.06890792,0,0.0,True,0.004521889125170284,0.002543412408642101
MLP,200,27,0.30825263,0,1.0,False,-0.001699299080080728,-6.51501361064461e-05
MLP,200,27,0.24918579,0,1.0,False,0.007106956568752509,0.005894042921113536
MLP,200,27,0.074215695,0,0.0,True,0.008661918745186311,0.008233264225039668
MLP,200,27,0.18909898,0,1.0,False,0.0005918271723285151,-0.0005072114735503824
MLP,200,27,0.11669334,0,0.0,True,-0.002820917360853107,-0.0007620108942626774
MLP,200,27,0.12827368,0,0.0,True,-0.005028601089744732,-4.821088159800015e-06
MLP,200,27,0.4598182,0,1.0,False,0.00881953074609438,0.008487715757921751
MLP,200,27,0.3557078,0,1.0,False,-0.004975379959728331,-0.00367840708531587
MLP,200,27,0.38107684,0,1.0,False,0.00039995313874869736,0.0016356086021306834
MLP,200,27,0.17908461,0,0.0,True,4.961629927010105e-05,0.00015070766130406991
MLP,200,27,0.07764976,0,0.0,True,-0.004482911432641513,-0.004017005164350642
MLP,200,27,0.12957452,0,0.0,True,0.0018166566827636987,-0.0029130055081179385
MLP,200,27,0.15353785,0,1.0,False,-0.0009837121409406891,0.0014809746631702665
MLP,200,27,0.37067738,0,1.0,False,-0.0029177737216569484,0.0013568945733246785
MLP,200,27,0.108521275,0,0.0,True,0.004490574357086204,0.0033433646696725194
MLP,200,27,0.1473342,0,0.0,True,0.005009507262180409,0.003561098283770173
MLP,200,27,0.17957692,0,1.0,False,0.00013137169078753357,0.0010406930706275239
MLP,200,27,0.60119456,1,0.0,False,-0.0007151698716175111,0.004798624205287994
MLP,200,27,0.07163634,0,0.0,True,-0.007945067800862344,-0.005470768342499583
MLP,200,27,0.10389781,0,1.0,False,-0.0006415449536329976,-3.3226792164809704e-05
MLP,200,27,0.19933897,0,0.0,True,-0.004425146891255061,-0.003378135434558799
MLP,200,27,0.27883977,0,1.0,False,0.0011488376108154054,0.005965502965240211
MLP,200,27,0.18193929,0,1.0,False,0.007988796933529678,0.005666673172973486
MLP,200,27,0.34811375,0,1.0,False,-0.010342314054487342,-0.004703163628010659
MLP,200,27,0.1046789,0,0.0,True,-0.005716495173111661,0.0007658430310101797
MLP,200,27,0.09383145,0,0.0,True,0.0035339731889056946,0.005937821025113156
MLP,200,27,0.07800053,0,0.0,True,0.0019912441809693798,0.003005570713018638
MLP,200,27,0.57195425,1,1.0,True,-0.006958339189255591,-0.0013065877369347885
MLP,200,27,0.15497708,0,1.0,False,-0.0024927001406604334,0.0004728098166098685
MLP,200,27,0.15328373,0,1.0,False,0.0046830819016638455,0.0044666405807053
MLP,200,27,0.17907089,0,0.0,True,-0.0014607643548388487,0.0008608976070332986
MLP,200,27,0.18805291,0,1.0,False,-0.003260856807178804,0.0016715485244931372
MLP,200,27,0.14005859,0,0.0,True,-0.000499086943894365,-9.460304349543086e-05
MLP,200,27,0.07715495,0,0.0,True,-0.0003440646723663036,-0.00019252007267671638
MLP,200,27,0.11065943,0,1.0,False,0.013679696669812372,0.007392868999936482
MLP,200,27,0.20409201,0,0.0,True,-8.639313411838721e-05,-0.0019482027160595775
MLP,200,27,0.19016956,0,0.0,True,-0.0026353236882018147,-0.0026432469223024026
MLP,200,27,0.078826666,0,0.0,True,0.004421115088625434,-0.002443990468298494
MLP,200,27,0.18344772,0,0.0,True,0.002836879967225347,-0.005770358364750741
MLP,200,27,0.09015849,0,0.0,True,0.0018054992954419679,0.0008780080915280122
MLP,200,27,0.2504319,0,0.0,True,-0.0018756408188574849,0.0007851351127752384
MLP,200,27,0.24725813,0,1.0,False,-0.009195689339023125,-0.0009005657763771316
MLP,200,27,0.3115315,0,0.0,True,-0.009241589267979683,-0.006239324384059933
MLP,200,27,0.093890905,0,0.0,True,0.008100936149263284,0.0021013275578567587
MLP,200,27,0.20992075,0,1.0,False,0.0001690711833296774,0.0018581985084679677
MLP,200,28,0.23598044,0,1.0,False,-0.0017323365964546855,-0.0015588598959821569
MLP,200,28,0.524905,1,1.0,True,0.0043721498163487825,0.005314208097611985
MLP,200,28,0.12424181,0,0.0,True,-0.008256302513031777,-0.008856393219596283
MLP,200,28,0.078069225,0,0.0,True,0.005746026832391058,0.0030148877998549973
MLP,200,28,0.20567615,0,1.0,False,0.011170820482774787,0.007923461104020691
MLP,200,28,0.07711836,0,0.0,True,0.0010958440334535092,-0.0009934018877187623
MLP,200,28,0.1816074,0,1.0,False,0.002957672650489361,0.005938951824225461
MLP,200,28,0.5312254,1,0.0,False,0.0018270517150001636,0.0007263163568106045
MLP,200,28,0.11445793,0,0.0,True,7.214763283664891e-05,-0.001034907942542396
MLP,200,28,0.12102341,0,1.0,False,-0.00297469515825082,0.0011242045095888574
MLP,200,28,0.10183156,0,0.0,True,0.012046745511732225,0.0034127296666269695
MLP,200,28,0.06733925,0,0.0,True,-0.005052530685231955,-0.0006808392657178036
MLP,200,28,0.097170584,0,1.0,False,0.0014055786736514666,0.004758562106356564
MLP,200,28,0.11308608,0,1.0,False,-8.07236697586157e-07,-0.0030741025215755757
MLP,200,28,0.71048176,1,1.0,True,0.00994722587834215,0.0055673073604413205
MLP,200,28,0.06822097,0,1.0,False,-0.0032889383141437,-0.00047753798961743004
MLP,200,28,0.12584789,0,0.0,True,0.0009578676997082361,-0.0017845805238686364
MLP,200,28,0.48056322,0,1.0,False,0.005319600298628075,0.00279036061698025
MLP,200,28,0.18427281,0,1.0,False,0.001471228843645177,-0.0003113663729105552
MLP,200,28,0.09334148,0,1.0,False,0.007864661796042128,0.004683146922010982
MLP,200,28,0.5412937,1,1.0,True,0.0018921859409779663,0.006482429413021288
MLP,200,28,0.0871302,0,1.0,False,0.0021597458783358557,0.006372165062343714
MLP,200,28,0.21552622,0,0.0,True,-0.002081725960867871,-0.0015076864124146732
MLP,200,28,0.07151461,0,0.0,True,0.011656198978377748,0.007983086158282814
MLP,200,28,0.12605287,0,1.0,False,-0.00011069972612617715,0.0020039784148916944
MLP,200,28,0.22004338,0,1.0,False,3.829729577098743e-05,-0.003138074897780264
MLP,200,28,0.11665312,0,0.0,True,-0.00222044284477982,-0.0047427785013797975
MLP,200,28,0.20215267,0,1.0,False,0.0011685391190468266,0.0006172193947210413
MLP,200,28,0.08970164,0,0.0,True,0.0015771510831146445,0.0020072046457278486
MLP,200,28,0.64316076,1,1.0,True,0.0034143471036464186,0.0067726904294913865
MLP,200,28,0.25073075,0,1.0,False,0.011152049754795078,0.00939142953510653
MLP,200,28,0.1657204,0,0.0,True,-0.0016028515287570475,-0.002564884220061059
MLP,200,28,0.120473824,0,0.0,True,-0.005578510317833287,-0.0011341490549399021
MLP,200,28,0.10747756,0,1.0,False,0.0009621969793568554,0.0015416027210110451
MLP,200,28,0.3346452,0,0.0,True,0.00066838587093877,0.00296240387576019
MLP,200,28,0.33223376,0,0.0,True,0.001630450684212771,0.003273764049259546
MLP,200,28,0.35004285,0,0.0,True,-0.005683119128517626,-0.004665758292389506
MLP,200,28,0.6108587,1,1.0,True,-0.005140641681928915,-0.0044252799019900094
MLP,200,28,0.08773831,0,1.0,False,-0.008554996193111659,-0.00686126339371211
MLP,200,28,0.4709299,0,1.0,False,-0.0032519166306527224,0.002960072070539242
MLP,200,28,0.12846534,0,0.0,True,-0.009746712218238673,-0.005585313188409844
MLP,200,28,0.271991,0,0.0,True,-0.010410440427627825,-0.003659975005267558
MLP,200,28,0.051819712,0,0.0,True,-0.0009852660559391243,0.00266211494100866
MLP,200,28,0.12951854,0,0.0,True,0.005919984091424637,0.00414288046594363
MLP,200,28,0.09354675,0,0.0,True,0.006033244534369877,0.003381898134895068
MLP,200,28,0.075287275,0,1.0,False,0.011403968984528006,0.008762601232752257
MLP,200,28,0.06894932,0,0.0,True,0.00667046785415505,0.004248461786583377
MLP,200,28,0.21978928,0,0.0,True,0.0066810987230882446,0.0057910494360961864
MLP,200,28,0.056904368,0,0.0,True,-0.0039050196920028977,-0.0029081428232326807
MLP,200,28,0.12520833,0,1.0,False,-0.002186287095014686,-0.0025148152006853495
MLP,200,28,0.12084907,0,0.0,True,-0.0016732332119186678,-0.004346334072342573
MLP,200,28,0.11002812,0,1.0,False,0.007585683485860538,0.004988206328145049
MLP,200,28,0.14469764,0,1.0,False,0.0016192083368642635,0.005976599741343951
MLP,200,28,0.30743378,0,1.0,False,-0.006200671489225803,-0.00185699672238397
MLP,200,28,0.3945722,0,1.0,False,0.006849441558138402,0.006917938572859741
MLP,200,28,0.24693166,0,1.0,False,0.003369887651034446,0.0029002543576453323
MLP,200,28,0.7058248,1,1.0,True,0.00015067834321742232,-0.0017381235186404898
MLP,200,28,0.23061572,0,1.0,False,0.002174765593110981,0.007443039860098882
MLP,200,28,0.073523834,0,0.0,True,0.0038751041544343207,0.00010455716209015524
MLP,200,28,0.21904388,0,1.0,False,-0.0004883023884284271,0.006412711693566876
MLP,200,28,0.058881216,0,1.0,False,0.005653536973109149,-0.0002528951094384763
MLP,200,28,0.423492,0,0.0,True,-0.001353870703549303,0.003685127614898264
MLP,200,28,0.24621755,0,1.0,False,0.008197076937722323,0.005264978268609388
MLP,200,28,0.22218488,0,0.0,True,0.0012800098820495494,-0.0013863053508061454
MLP,200,28,0.07137805,0,0.0,True,0.0060160925413642275,-0.0005174540718003119
MLP,200,28,0.1975336,0,0.0,True,0.003248885590752762,0.007490574900516454
MLP,200,28,0.23385008,0,1.0,False,0.006066477348657691,0.004040337133385218
MLP,200,28,0.1714188,0,1.0,False,-0.0050759527102241355,-0.001426783392569635
MLP,200,28,0.10314686,0,1.0,False,-0.0016771936057934662,0.0018699198367702686
MLP,200,28,0.27864215,0,0.0,True,-0.005662870062151125,-0.0020770763560324893
MLP,200,28,0.19930142,0,1.0,False,0.0006521061797422232,0.0034751092685600072
MLP,200,28,0.09935798,0,0.0,True,-0.0013230915312596823,0.000260561570192401
MLP,200,28,0.12517917,0,0.0,True,-0.0077649693105052865,-0.00450777341963366
MLP,200,28,0.059746448,0,0.0,True,0.007704586738363859,0.004246887326506874
MLP,200,28,0.1396654,0,1.0,False,0.0026048841683845346,0.001276911922709283
MLP,200,28,0.069384925,0,0.0,True,0.004721947183166364,0.006072599063011812
MLP,200,28,0.10765161,0,0.0,True,-0.005488848493174385,-0.0018519389075359104
MLP,200,28,0.14532419,0,1.0,False,-0.0007501285349038884,-0.0074277390086477735
MLP,200,28,0.3396077,0,0.0,True,0.0058219875573422,0.006191150605270828
MLP,200,28,0.13855161,0,1.0,False,0.00251103105773568,0.005059525947009855
MLP,200,28,0.5759826,1,1.0,True,0.0013927343126056897,0.003992447331657115
MLP,200,28,0.08145641,0,0.0,True,-0.0018579289964622272,0.00047962675288129976
MLP,200,28,0.14216393,0,1.0,False,-0.0014551740209128659,0.0005048426890168034
MLP,200,28,0.08455784,0,0.0,True,0.001381444519405246,-0.001005905514398956
MLP,200,28,0.07317788,0,1.0,False,0.006233138777993619,0.006068803378703447
MLP,200,28,0.11069289,0,0.0,True,0.0007527134233543815,-0.006575571256189171
MLP,200,28,0.28135815,0,1.0,False,-0.0025436297709601,0.00019359129397891837
MLP,200,28,0.12323593,0,0.0,True,0.00012743318053844664,0.0011340328956584227
MLP,200,28,0.123095304,0,1.0,False,0.0033661127741498914,0.002870742710490609
MLP,200,28,0.24715984,0,1.0,False,0.001005085266333371,0.002266992231739005
MLP,200,28,0.14808612,0,1.0,False,0.009569891732025113,0.0046581584450237174
MLP,200,28,0.16748874,0,1.0,False,0.00782060073928346,0.004851291932620955
MLP,200,28,0.12149436,0,0.0,True,0.005118221317032305,0.004629054464911748
MLP,200,28,0.48782587,0,1.0,False,-0.001031303475312375,0.0021353535591930014
MLP,200,28,0.09666207,0,0.0,True,0.006447298635132011,0.008756569265341853
MLP,200,28,0.23898531,0,1.0,False,-0.014042079579451475,-0.008078671758439081
MLP,200,28,0.19758299,0,0.0,True,-0.005419868240686715,0.001039336448367449
MLP,200,28,0.19630061,0,1.0,False,-0.0012888177783235764,-0.002297960168320822
MLP,200,28,0.32558855,0,1.0,False,0.0031242890588521984,0.004896015084014514
MLP,200,28,0.20149441,0,0.0,True,-0.0028151181356902235,0.002416408318423655
MLP,200,29,0.10697009,0,0.0,True,-0.002189506861095697,-0.004056953262967555
MLP,200,29,0.8051564,1,0.0,False,0.002573359629913285,0.0027804039807186403
MLP,200,29,0.47562614,0,0.0,True,0.0068304000365278575,0.0006305336221304958
MLP,200,29,0.20244999,0,1.0,False,0.001051143278759957,-0.0026493775023960827
MLP,200,29,0.5636094,1,1.0,True,0.011174065222438606,0.009744203135490091
MLP,200,29,0.37062475,0,1.0,False,0.012751677109820898,0.008198535539899503
MLP,200,29,0.14141563,0,1.0,False,0.007759599525406365,0.003825874495878387
MLP,200,29,0.07728694,0,0.0,True,-0.00036420100001957975,0.0035385276138048525
MLP,200,29,0.053796563,0,1.0,False,-0.00482814819235637,-0.007031934588717878
MLP,200,29,0.31106865,0,1.0,False,0.0038225305295286737,0.00035283481532661997
MLP,200,29,0.45246267,0,1.0,False,0.010725836335201005,0.0029690063078426036
MLP,200,29,0.12429538,0,0.0,True,0.0029061739748971424,-8.70099779507439e-05
MLP,200,29,0.110044815,0,0.0,True,0.00738083056857761,-0.00032910688322457693
MLP,200,29,0.36710393,0,1.0,False,0.004632121503594218,0.0015407082269810355
MLP,200,29,0.14636996,0,1.0,False,-0.002259710789094765,-0.00067538633272753
MLP,200,29,0.118871115,0,0.0,True,0.001402513858568014,-0.0002320612903952535
MLP,200,29,0.074715,0,0.0,True,0.0009407751928242518,0.00023800011177270108
MLP,200,29,0.1740562,0,1.0,False,0.002536947697499205,0.006171293017818322
MLP,200,29,0.09664291,0,0.0,True,-0.011969299651079717,-0.004567620374458035
MLP,200,29,0.27225763,0,0.0,True,-0.00298169316501082,-0.009638456731152172
MLP,200,29,0.11906795,0,0.0,True,-0.005714124817674098,0.0003943402273848006
MLP,200,29,0.24228922,0,1.0,False,0.004286517327012269,0.008203196963342051
MLP,200,29,0.29487696,0,1.0,False,0.0064981749566247774,0.005813560815210934
MLP,200,29,0.08974956,0,0.0,True,-0.004192333450250559,-0.0020604668756022252
MLP,200,29,0.107038826,0,0.0,True,-0.005632302592816921,-0.008039162879882067
MLP,200,29,0.11963845,0,1.0,False,0.008591640473538177,0.00629561632139552
MLP,200,29,0.10371527,0,1.0,False,-0.009482688333620901,-0.0009690179039500943
MLP,200,29,0.0670265,0,0.0,True,0.00250588800052795,-0.0007849261408750626
MLP,200,29,0.24760143,0,1.0,False,0.0015128523843080852,0.001615284928278354
MLP,200,29,0.10878479,0,0.0,True,0.0001448334797361281,0.0010525701272876954
MLP,200,29,0.18246128,0,0.0,True,-0.004533697068635256,-0.000212510063756971
MLP,200,29,0.09803198,0,1.0,False,-0.001463167902684345,0.0022605709631816837
MLP,200,29,0.08306817,0,0.0,True,0.006524536107751864,0.0016793677591415087
MLP,200,29,0.43825138,0,1.0,False,0.0033666076255614084,0.0010578321284340437
MLP,200,29,0.15986891,0,0.0,True,-0.003089901368136826,-0.007277700834194054
MLP,200,29,0.2417542,0,1.0,False,-0.0069867069602825155,-0.003855936726404195
MLP,200,29,0.10399585,0,1.0,False,-0.0012702917332000016,0.0022525792743251726
MLP,200,29,0.27746207,0,0.0,True,-0.002026938681206558,0.002203139997205355
MLP,200,29,0.100297876,0,0.0,True,-0.003469613293708202,-0.00012792113715061638
MLP,200,29,0.6601714,1,1.0,True,0.005440791282666647,0.00530551471690683
MLP,200,29,0.13071048,0,1.0,False,0.003905757381891166,0.008172137284687131
MLP,200,29,0.067545325,0,0.0,True,-0.00012327939209882325,0.004966114123059162
MLP,200,29,0.34770694,0,1.0,False,0.002702597823250448,0.005405535768051671
MLP,200,29,0.1541665,0,1.0,False,0.00313048178613352,0.00016499206578402488
MLP,200,29,0.054632466,0,0.0,True,-0.0002124261415733118,0.0014015759752245135
MLP,200,29,0.27316684,0,0.0,True,0.000879703454835428,0.00045673937239056896
MLP,200,29,0.08504667,0,0.0,True,0.003435772731282877,-0.0010388684063477583
MLP,200,29,0.3373352,0,1.0,False,0.005778869354268772,0.00838790177152039
MLP,200,29,0.12476108,0,0.0,True,0.004065552615263745,0.0013558534274447187
MLP,200,29,0.16487435,0,1.0,False,0.001654095785364897,0.003396081174876949
MLP,200,29,0.17099643,0,1.0,False,0.005310175189875351,0.005626766615866749
MLP,200,29,0.1721487,0,0.0,True,0.0007061072620397064,-0.00173110767661836
MLP,200,29,0.40140706,0,0.0,True,0.006683341857771443,0.004407977046585803
MLP,200,29,0.10221648,0,1.0,False,-0.0024712759439529447,1.5255895923981161e-05
MLP,200,29,0.102516904,0,1.0,False,-0.000730708630330297,-0.0025964106531730243
MLP,200,29,0.18714716,0,1.0,False,-0.004794969120459693,0.004059358410923744
MLP,200,29,0.14748831,0,1.0,False,0.0018088640321428917,0.0011585384669868775
MLP,200,29,0.2147132,0,0.0,True,0.00313998788703976,-0.001620732583210614
MLP,200,29,0.12889238,0,1.0,False,0.006663476184932735,0.005621123442299507
MLP,200,29,0.56136346,1,1.0,True,0.0044448956129531135,-2.302945551220663e-05
MLP,200,29,0.13376863,0,1.0,False,0.006531318784165935,0.005640278565214433
MLP,200,29,0.08395159,0,0.0,True,0.006862227060428602,0.005922512107650814
MLP,200,29,0.056294076,0,0.0,True,0.00032258649205070035,-0.00015459765668166607
MLP,200,29,0.118395,0,1.0,False,0.000835306333160636,0.00277819296343541
MLP,200,29,0.1325442,0,1.0,False,0.0027341995133423292,-0.0007326327486628719
MLP,200,29,0.25839284,0,1.0,False,-0.005488909390779519,0.00036872461596317165
MLP,200,29,0.35910302,0,0.0,True,0.003160294048206288,-0.004967153369877532
MLP,200,29,0.12199846,0,0.0,True,0.005823623081035228,0.005486762881668866
MLP,200,29,0.16239102,0,1.0,False,0.0029232022811003676,0.006475653659115329
MLP,200,29,0.090388164,0,0.0,True,-0.0024130727648330142,-0.004157518011422768
MLP,200,29,0.23739551,0,1.0,False,0.006779811758266839,0.007301399378008862
MLP,200,29,0.21084821,0,1.0,False,0.008270270335860001,0.005922446158692129
MLP,200,29,0.14184704,0,0.0,True,-0.0058682012003658185,-0.00575506990487374
MLP,200,29,0.35440823,0,0.0,True,-0.002664357891954151,-0.005794195848357568
MLP,200,29,0.19366336,0,0.0,True,-0.0017851285334641671,0.001159921371276701
MLP,200,29,0.21940596,0,1.0,False,0.0003587257234816158,0.0033779927263932826
MLP,200,29,0.09831732,0,0.0,True,0.002913121132461452,0.004861347806079155
MLP,200,29,0.28253135,0,1.0,False,0.005093146091419362,0.0034200023089648334
MLP,200,29,0.10891526,0,0.0,True,-0.011793574092292935,-0.0051209628436307
MLP,200,29,0.07734557,0,0.0,True,-0.0027430825305750713,-0.003783771953660275
MLP,200,29,0.18403889,0,1.0,False,0.0027567132526271215,0.002562272430723573
MLP,200,29,0.3100804,0,0.0,True,0.0052612867587652715,-9.238318384561112e-05
MLP,200,29,0.33320355,0,1.0,False,0.004728433110652881,0.008391573754559779
MLP,200,29,0.62100184,1,1.0,True,0.003510933805643561,0.0022679817914613336
MLP,200,29,0.08853151,0,1.0,False,0.003965532560007349,0.003975509115516075
MLP,200,29,0.2275199,0,0.0,True,-0.0033365699007190533,-0.0038235636949295764
MLP,200,29,0.37631616,0,1.0,False,0.0026053219548774716,0.0008740474389144465
MLP,200,29,0.083850235,0,1.0,False,-0.005188143233163432,-0.0025565618304461656
MLP,200,29,0.13207875,0,1.0,False,0.006429840895692758,0.006395877688641954
MLP,200,29,0.28611916,0,1.0,False,0.008685895439041044,0.0057082203799496195
MLP,200,29,0.1995247,0,1.0,False,0.00317694216067789,0.006205611894863002
MLP,200,29,0.6787585,1,1.0,True,0.005467607833706262,0.001199855207480192
MLP,200,29,0.14915782,0,0.0,True,2.2471134308086932e-05,0.0014342297903813992
MLP,200,29,0.07002611,0,1.0,False,0.002411938463204474,0.001865621231438121
MLP,200,29,0.2086973,0,1.0,False,0.00026657895927118,0.0019550350404492693
MLP,200,29,0.40566072,0,1.0,False,0.0038847286069821373,0.0017268114338655433
MLP,200,29,0.0790358,0,1.0,False,0.01043202559956041,0.010964908279539175
MLP,200,29,0.27721265,0,1.0,False,-0.0010616976392735186,0.001151706456392681
MLP,200,29,0.113170795,0,1.0,False,0.003910545948936799,0.004902809955950524
MLP,200,29,0.11097905,0,1.0,False,0.00255616668332312,0.002386086086428311
MLP,200,30,0.07884512,0,0.0,True,0.001118897506174103,-0.00013710348198118865
MLP,200,30,0.15660088,0,1.0,False,0.007175786397801105,0.0038115554548982457
MLP,200,30,0.40493253,0,0.0,True,0.007684313102319049,0.007628149061315712
MLP,200,30,0.16448498,0,1.0,False,0.0030123282566625266,0.0034481567845595653
MLP,200,30,0.1775651,0,0.0,True,0.015158387134679407,0.011092088596715117
MLP,200,30,0.20379575,0,0.0,True,-0.0014590579351290833,-0.001235720003874082
MLP,200,30,0.10238812,0,0.0,True,-0.0016641953697867408,0.0007486094896340771
MLP,200,30,0.0879274,0,0.0,True,-0.00438907586383458,-0.001578190406778308
MLP,200,30,0.1651698,0,0.0,True,-0.00031951549509052476,0.00246120537860963
MLP,200,30,0.08063686,0,0.0,True,-0.0017735761159108259,-0.0006446652264822677
MLP,200,30,0.33263892,0,1.0,False,-0.0014088769322538129,0.002743290313868248
MLP,200,30,0.077201314,0,0.0,True,-0.004080898159575595,-0.004921201375260389
MLP,200,30,0.11966882,0,0.0,True,-4.8778388568582386e-05,-0.004030866243824673
MLP,200,30,0.10103839,0,1.0,False,0.0012208885950964492,0.0064142093780191105
MLP,200,30,0.17204095,0,0.0,True,0.0018773650659475536,-0.00250042751093414
MLP,200,30,0.44033277,0,1.0,False,0.011185125320449588,0.005345610644597807
MLP,200,30,0.09339687,0,0.0,True,0.003517980588983796,0.006909848555523845
MLP,200,30,0.1749173,0,1.0,False,0.004812316446646545,0.006944635280674119
MLP,200,30,0.15728447,0,0.0,True,-0.003083409366216584,-0.0007221510762757237
MLP,200,30,0.07383134,0,0.0,True,-0.002912150274162564,0.0007858698620856167
MLP,200,30,0.14710101,0,0.0,True,0.001935638679999536,0.004786314123990745
MLP,200,30,0.16072784,0,1.0,False,0.0005767900009499876,0.0016664013924893126
MLP,200,30,0.11319758,0,1.0,False,0.011231855699611295,0.0052195906911761845
MLP,200,30,0.6590876,1,1.0,True,-0.007455017848708339,-0.0029418342391510375
MLP,200,30,0.0929118,0,1.0,False,-0.0066128189999480735,0.0018341983724307917
MLP,200,30,0.1253293,0,0.0,True,0.00022570067661477374,-0.0011332932997752858
MLP,200,30,0.07664012,0,0.0,True,0.004017021859367325,0.0010294146199373343
MLP,200,30,0.32155016,0,0.0,True,0.0016572614819359663,0.002316466005737971
MLP,200,30,0.054961186,0,0.0,True,0.004506987881564887,0.0036113061894102725
MLP,200,30,0.07245443,0,0.0,True,-0.00597350511148544,-0.005130795136240011
MLP,200,30,0.07959919,0,0.0,True,0.0005478683071833287,-0.002346431220351951
MLP,200,30,0.11806653,0,0.0,True,0.0002748884230376515,0.0009075959265461235
MLP,200,30,0.13247783,0,1.0,False,0.0035660109335629324,0.0036520080534714733
MLP,200,30,0.18330188,0,0.0,True,-0.005472756738621868,-0.006621076423709143
MLP,200,30,0.081502944,0,0.0,True,-0.0032906086810596375,-0.006520795117703052
MLP,200,30,0.11476408,0,1.0,False,0.009452233908783574,0.004463279273491765
MLP,200,30,0.089498945,0,0.0,True,-0.00616044882342431,-0.000862004375084086
MLP,200,30,0.15729041,0,0.0,True,0.0012482761312111047,0.0039702291862957146
MLP,200,30,0.17620322,0,0.0,True,-0.004488780890639972,0.0016707324440000096
MLP,200,30,0.28298151,0,0.0,True,-0.0030864473996448307,-0.0024381392536837903
MLP,200,30,0.25167722,0,1.0,False,0.003366643149739623,0.005440584298232455
MLP,200,30,0.16192959,0,1.0,False,0.007439382083844149,0.004865036973143722
MLP,200,30,0.16399692,0,1.0,False,0.005391570980978485,0.007295053553914377
MLP,200,30,0.11395299,0,0.0,True,0.010502098339103432,0.00561691408332096
MLP,200,30,0.13499337,0,0.0,True,0.005298962758971536,0.00047800013496831784
MLP,200,30,0.084179685,0,1.0,False,-0.0018613501809087937,0.004607132757933508
MLP,200,30,0.18739279,0,0.0,True,-0.0019896590580039592,0.002712829311609322
MLP,200,30,0.3012856,0,0.0,True,-0.003713496232259039,-0.003015976917518306
MLP,200,30,0.11334905,0,0.0,True,0.0020293370678603232,0.0013062328363804485
MLP,200,30,0.20115204,0,0.0,True,-0.0028213771511897186,-0.0028534690061610118
MLP,200,30,0.2126823,0,1.0,False,0.003422974011776899,0.002700119993187097
MLP,200,30,0.39904526,0,1.0,False,0.006008303871649987,0.01023249513285933
MLP,200,30,0.24064308,0,1.0,False,0.006519887257936478,0.004194432479828087
MLP,200,30,0.7325776,1,1.0,True,0.0017557947998351495,0.001915916096943045
MLP,200,30,0.12331505,0,0.0,True,-0.0005046171712241337,0.004808859464324243
MLP,200,30,0.19952214,0,0.0,True,-0.007017984152932681,-0.006679492102844894
MLP,200,30,0.1723705,0,1.0,False,0.006072242725371086,0.0037956314053101247
MLP,200,30,0.18093011,0,1.0,False,-0.005467672910941444,-0.002707165714982315
MLP,200,30,0.16757736,0,1.0,False,0.0005473108912084661,9.406280880738826e-05
MLP,200,30,0.0708151,0,0.0,True,0.0051176538282221825,0.001349177633188998
MLP,200,30,0.11408693,0,1.0,False,0.008353576234634015,0.009889352065756866
MLP,200,30,0.14002569,0,1.0,False,0.00034369228706207245,0.002966151001622693
MLP,200,30,0.12647685,0,0.0,True,0.0008748254635621031,-0.0012408204881764176
MLP,200,30,0.30422002,0,0.0,True,0.0016580142336021775,0.0011080588412507681
MLP,200,30,0.47420293,0,1.0,False,-0.0029100331771869047,-0.0033441137405041056
MLP,200,30,0.35422677,0,0.0,True,-0.005322641963168038,-0.0008502821944978403
MLP,200,30,0.1967168,0,0.0,True,-0.002560070167059921,0.0027003917650424932
MLP,200,30,0.35791692,0,0.0,True,-0.004070913618653322,-0.0015366589673910561
MLP,200,30,0.90299636,1,1.0,True,-0.0015221148060995601,0.002101272915076072
MLP,200,30,0.3547771,0,1.0,False,-0.0014128274401605705,-0.0013138131131152481
MLP,200,30,0.0967441,0,0.0,True,-0.00206151137724448,-0.0033262278796100707
MLP,200,30,0.22370571,0,1.0,False,0.00218649710324532,-0.001971896773206711
MLP,200,30,0.08882602,0,0.0,True,0.00016654157209868367,0.001255929458282985
MLP,200,30,0.40353605,0,1.0,False,-0.00413432097336133,-0.0036028547877482195
MLP,200,30,0.6396509,1,1.0,True,-0.0048472024499444065,0.003276635899343119
MLP,200,30,0.112138145,0,1.0,False,-0.001532827265405813,0.003147496823459744
MLP,200,30,0.060207598,0,0.0,True,-0.0065622852893728306,-0.002547210770296345
MLP,200,30,0.06726768,0,0.0,True,-0.005660452812401924,0.001004238687071929
MLP,200,30,0.13863188,0,0.0,True,-0.007048976834995492,-0.003641024505365128
MLP,200,30,0.32663104,0,1.0,False,-0.00046255176149420196,-0.0029597446448845865
MLP,200,30,0.13861997,0,1.0,False,0.0030883496396294247,0.0026162795099462497
MLP,200,30,0.17196344,0,0.0,True,0.0017312908864530688,-0.001688037837788647
MLP,200,30,0.28755635,0,0.0,True,4.673435617111024e-05,-0.0021191513888276898
MLP,200,30,0.28137782,0,0.0,True,3.941806745298606e-05,0.0052292945540849695
MLP,200,30,0.08683591,0,0.0,True,-0.005879431061323645,-0.005667375037746355
MLP,200,30,0.2421317,0,1.0,False,0.008762914039687944,0.008128917837510843
MLP,200,30,0.21967928,0,0.0,True,-0.0024826587024451507,-0.004503465778820542
MLP,200,30,0.08935181,0,0.0,True,-0.004224760617636692,-0.0025470933117992915
MLP,200,30,0.08321593,0,0.0,True,0.001911653568764946,-0.0001942916197622051
MLP,200,30,0.1242522,0,1.0,False,0.0037948104389903974,-0.0004302578779826138
MLP,200,30,0.17663532,0,0.0,True,-0.0016903010480471227,-0.004389795296229352
MLP,200,30,0.11329907,0,1.0,False,-0.0022143003144902197,-0.00473889049208974
MLP,200,30,0.11376773,0,0.0,True,-0.005881066182574383,-0.005921348490614563
MLP,200,30,0.10446938,0,1.0,False,0.0005922869737978949,0.00324053434871477
MLP,200,30,0.4299215,0,0.0,True,0.00146159918472832,0.002674286441169815
MLP,200,30,0.41282332,0,0.0,True,0.0021399464750165216,-0.0005985879715759127
MLP,200,30,0.0881413,0,0.0,True,-0.010582909679329476,-0.00199447443069239
MLP,200,30,0.07876336,0,0.0,True,-0.00578589288269295,-0.005245780987348514
MLP,200,30,0.16390735,0,1.0,False,-0.0031659880906126734,-0.004358072368149109
MLP,200,30,0.5065163,1,1.0,True,-0.002183789196606422,0.0001771049717640212
MLP,200,31,0.18793906,0,0.0,True,-0.002473471352212333,-0.004039186748237684
MLP,200,31,0.14558937,0,0.0,True,0.009352462305891865,0.0037572876250101684
MLP,200,31,0.33903208,0,1.0,False,0.002815559754636705,0.006726834620360259
MLP,200,31,0.8213727,1,1.0,True,0.005944656218672516,0.006213251384853184
MLP,200,31,0.7152446,1,1.0,True,2.585830697282971e-05,0.0012306669870008728
MLP,200,31,0.2938131,0,1.0,False,-0.0009206676978623702,-0.0021085181010567344
MLP,200,31,0.20334636,0,1.0,False,0.001936693364871585,0.004737848974366397
MLP,200,31,0.2799277,0,1.0,False,0.008843090618096412,0.006803898533510202
MLP,200,31,0.13878898,0,0.0,True,-0.0022135638201095623,-0.000809042794698875
MLP,200,31,0.13272761,0,0.0,True,0.001478352548999783,-0.0020758828976401387
MLP,200,31,0.16947739,0,1.0,False,-0.00013998876463950754,-0.0007389350767963109
MLP,200,31,0.09291937,0,0.0,True,-0.006490233233815601,-0.0025774775310409503
MLP,200,31,0.4130914,0,1.0,False,0.0007536354699409147,0.004304258571581227
MLP,200,31,0.26734993,0,0.0,True,-0.004436927147146743,-0.003010255215324722
MLP,200,31,0.21922301,0,1.0,False,0.006761527443868704,0.007434878805892275
MLP,200,31,0.3516302,0,0.0,True,0.005140079111708674,0.008126769152077247
MLP,200,31,0.09908248,0,1.0,False,-0.001390367214556008,-5.8121428137592885e-05
MLP,200,31,0.17239325,0,1.0,False,-0.0044949974223852315,-0.00022317419972884737
MLP,200,31,0.3106589,0,1.0,False,0.006224093739661928,0.004983750585880868
MLP,200,31,0.1159145,0,1.0,False,-0.0018609616599584617,0.002290448134275054
MLP,200,31,0.29244876,0,1.0,False,0.009045227135709382,0.006700503564302034
MLP,200,31,0.0936301,0,0.0,True,0.005764879998854308,0.003497519239063482
MLP,200,31,0.81463236,1,1.0,True,-0.00418496222689398,-0.002484446285274725
MLP,200,31,0.1727412,0,1.0,False,0.004908580858710634,0.005802210864843438
MLP,200,31,0.096661635,0,0.0,True,-0.005584865307433077,-0.00194546241103214
MLP,200,31,0.48848522,0,1.0,False,0.009049592539963184,0.007030906684055154
MLP,200,31,0.13769788,0,0.0,True,0.000988096209599813,-0.0008743422874940606
MLP,200,31,0.09073712,0,0.0,True,-0.006148069441778746,-0.006264744228818091
MLP,200,31,0.4053573,0,0.0,True,0.008570131928193917,-0.0008783807416778491
MLP,200,31,0.64219755,1,1.0,True,-0.003368222491997078,-0.0044343279261909434
MLP,200,31,0.11725389,0,0.0,True,-0.008205789893518755,0.001521501837700772
MLP,200,31,0.5907479,1,1.0,True,0.00798538716398073,0.010959914627711584
MLP,200,31,0.17547524,0,0.0,True,0.0026518888351595216,0.0006960786292192749
MLP,200,31,0.17203817,0,0.0,True,-0.0025673670533874894,0.00354754063852091
MLP,200,31,0.15431896,0,0.0,True,0.008013105920616825,-0.00012820779923593045
MLP,200,31,0.38744375,0,1.0,False,0.002298505386135026,-0.0002892081658081942
MLP,200,31,0.09315242,0,0.0,True,-0.009888376082062977,-0.005227765025746614
MLP,200,31,0.0935121,0,1.0,False,0.003045367845980437,0.0035753059763747146
MLP,200,31,0.16059935,0,0.0,True,0.002625679104895507,0.003234668037873072
MLP,200,31,0.11974362,0,1.0,False,-0.00595872422125306,-0.0016665132583687514
MLP,200,31,0.274844,0,1.0,False,0.0037668015537857973,-0.0014120075030563735
MLP,200,31,0.17674562,0,1.0,False,0.0029102069100359266,0.001784699014383393
MLP,200,31,0.20646966,0,1.0,False,-0.005271316415175833,0.0016380062392090282
MLP,200,31,0.13744155,0,1.0,False,-0.0009365346846439944,-0.0016944200348001075
MLP,200,31,0.28129596,0,0.0,True,-0.005030967373193458,-0.0027268904687635814
MLP,200,31,0.26863205,0,1.0,False,0.004802349188050517,0.0037089848970067113
MLP,200,31,0.102809235,0,0.0,True,-0.0037915693326501083,-0.0021636698645065957
MLP,200,31,0.11955036,0,1.0,False,0.00848608369756806,0.00409889350196559
MLP,200,31,0.082132205,0,0.0,True,-0.006736193212124972,-0.0020429691635289815
MLP,200,31,0.13800575,0,0.0,True,-0.006397965891491129,-0.005556240579229553
MLP,200,31,0.084131375,0,0.0,True,0.002418750787918643,-0.0006481155870811954
MLP,200,31,0.8864681,1,1.0,True,0.0030017253532135992,0.004623250724376912
MLP,200,31,0.08867702,0,0.0,True,0.00038072265873945513,0.005947888325179231
MLP,200,31,0.079113014,0,1.0,False,0.0005932734768467541,0.006407084078593586
MLP,200,31,0.21097638,0,1.0,False,0.010888857164085247,0.007163345372157149
MLP,200,31,0.4043022,0,1.0,False,0.0009530801534147359,0.006291041672531013
MLP,200,31,0.25143528,0,1.0,False,0.004909726888005145,0.0030584403979725455
MLP,200,31,0.33554336,0,0.0,True,0.00010671928408663905,0.0014642846392197094
MLP,200,31,0.24269688,0,0.0,True,-0.00480560342806003,0.0013987010935893817
MLP,200,31,0.37799755,0,1.0,False,-0.0006511324080027158,0.0019203787333135856
MLP,200,31,0.12819535,0,1.0,False,0.009397015250256638,0.005768307233250288
MLP,200,31,0.699205,1,1.0,True,-0.0004046711354903089,-0.0016401039234636156
MLP,200,31,0.15553813,0,0.0,True,-0.0005741709550424255,-0.00039508434716484687
MLP,200,31,0.12749803,0,1.0,False,0.006513868204184812,0.0054790551203972955
MLP,200,31,0.4454329,0,1.0,False,0.011065311081535675,0.0032849259057180975
MLP,200,31,0.28321576,0,0.0,True,0.0019610731577870914,0.005038300415327853
MLP,200,31,0.102295995,0,0.0,True,-0.005815690029407075,-0.001450749399130842
MLP,200,31,0.13357662,0,0.0,True,-0.005896681082998486,-0.002863149968337641
MLP,200,31,0.37462807,0,0.0,True,-0.007851158916963146,-0.001976539976909542
MLP,200,31,0.24395439,0,1.0,False,0.0036040565138364777,0.005753256838202794
MLP,200,31,0.21834633,0,1.0,False,0.001004783758779452,0.0005539644554042636
MLP,200,31,0.086421125,0,0.0,True,-0.007571910779761178,-0.004038855726268607
MLP,200,31,0.13570756,0,1.0,False,0.0032208534177405644,0.006127181417485453
MLP,200,31,0.16172548,0,0.0,True,-0.0020625230738471143,-0.0015139521404281106
MLP,200,31,0.30035597,0,1.0,False,0.006620329312926888,0.005128515994990771
MLP,200,31,0.09717639,0,0.0,True,0.0011395653884296354,-0.0002655882191811789
MLP,200,31,0.12262478,0,0.0,True,0.004069171124441819,0.002393611078780848
MLP,200,31,0.5400795,1,1.0,True,0.0014050408458250022,-0.0005060601337457515
MLP,200,31,0.20527466,0,0.0,True,-0.004991651211238961,-0.00528191102354305
MLP,200,31,0.18102714,0,1.0,False,0.008829074424818078,0.005172926285463269
MLP,200,31,0.09244631,0,0.0,True,0.0007109152034558985,0.0008404485024191159
MLP,200,31,0.13524497,0,1.0,False,0.013838165817414535,0.007800305424952143
MLP,200,31,0.08356218,0,1.0,False,0.005275774172644628,0.004558608463031072
MLP,200,31,0.0976831,0,0.0,True,0.006375143431285555,0.0030927699367596716
MLP,200,31,0.30067345,0,1.0,False,0.000720689369623548,0.0009981924708863776
MLP,200,31,0.13611901,0,1.0,False,0.014773869346733666,0.011763224181360202
MLP,200,31,0.08824929,0,0.0,True,0.012406193131993563,0.0014797125655935804
MLP,200,31,0.32081735,0,0.0,True,0.0021330770923726813,0.005138033969262068
MLP,200,31,0.12648252,0,1.0,False,0.0038699191821130767,0.0040058072859162725
MLP,200,31,0.07625654,0,0.0,True,-0.0019540270617430027,-0.0008023645150076015
MLP,200,31,0.22709477,0,1.0,False,0.0036639161132891135,0.006292550920010469
MLP,200,31,0.32476935,0,1.0,False,0.011198030270990908,0.00465491325275808
MLP,200,31,0.07759489,0,0.0,True,0.010161014386090307,0.005726433849433592
MLP,200,31,0.31627202,0,1.0,False,0.010735186102517573,0.006356635906378136
MLP,200,31,0.45099878,0,1.0,False,-0.0002254854641494034,0.0032500460468941226
MLP,200,31,0.1993747,0,1.0,False,0.001322007935636117,0.00026634837430256455
MLP,200,31,0.056448266,0,0.0,True,0.0027093161577398978,0.004709287049597792
MLP,200,31,0.09518035,0,0.0,True,-0.0016382718565358097,-0.0005363650250691896
MLP,200,31,0.2375792,0,0.0,True,0.0050159386466698055,-0.0013232836690031669
MLP,200,31,0.3070271,0,1.0,False,0.005671828741371555,-0.0015693497912419988
MLP,200,32,0.43661332,0,0.0,True,-0.002470683356386353,0.0010241952303877355
MLP,200,32,0.22434813,0,1.0,False,-0.0002732982478599916,0.0040348279269364585
MLP,200,32,0.35058624,0,1.0,False,0.009032260142684734,0.007518878630200105
MLP,200,32,0.110309154,0,0.0,True,0.00420749863373072,0.0006159319719821871
MLP,200,32,0.12308065,0,0.0,True,-0.0074275127998621815,-0.0010453186484155072
MLP,200,32,0.091778666,0,0.0,True,-0.0030680725737984335,-0.005267305703985962
MLP,200,32,0.2854766,0,1.0,False,-0.002745514946713752,-0.0012883194739649261
MLP,200,32,0.10130592,0,0.0,True,0.003682760699001477,0.002315518043269929
MLP,200,32,0.05848411,0,0.0,True,8.146463575160906e-05,0.0022989090980658276
MLP,200,32,0.5387459,1,0.0,False,0.01052586728943043,0.0052609274281928305
MLP,200,32,0.31374967,0,1.0,False,0.008077664904842194,0.007343976937027757
MLP,200,32,0.12519589,0,1.0,False,-0.0018280143959210412,0.0004593390608821555
MLP,200,32,0.1268578,0,1.0,False,0.010885358339030583,0.004996496953911197
MLP,200,32,0.10056142,0,0.0,True,-0.0020445530554593317,-0.0036617607162224984
MLP,200,32,0.07574742,0,0.0,True,-0.0004749992190159456,0.006833335678642738
MLP,200,32,0.14739592,0,1.0,False,0.008237206005135675,0.005790543117840707
MLP,200,32,0.12978004,0,1.0,False,0.0038932822059768446,0.004331807530534439
MLP,200,32,0.4669364,0,1.0,False,0.007134975908196427,0.009672016149867513
MLP,200,32,0.10797125,0,1.0,False,-0.0001963297790253086,0.001592995134369075
MLP,200,32,0.35276514,0,1.0,False,0.014876411997670416,0.007205180036942406
MLP,200,32,0.09242615,0,0.0,True,-0.0056010440790687606,-0.0013312662962025172
MLP,200,32,0.64232266,1,0.0,False,0.0033451294319242937,0.006423760226219935
MLP,200,32,0.09823789,0,0.0,True,0.004550069186686077,-0.001682518363479227
MLP,200,32,0.22687621,0,0.0,True,-0.0028749680565359126,0.0018583622564678805
MLP,200,32,0.4222359,0,0.0,True,-0.0012467737551257222,-0.0023812132466789508
MLP,200,32,0.20738834,0,0.0,True,0.008642854850183894,0.007279365194923074
MLP,200,32,0.069768496,0,0.0,True,-0.004732884865884861,-0.003533766801821419
MLP,200,32,0.07562975,0,0.0,True,-0.0077977851753504015,0.0011994633224608495
MLP,200,32,0.6552699,1,1.0,True,-0.0028574384871145383,0.005146609634168702
MLP,200,32,0.20533149,0,0.0,True,-0.0011164911817375185,-0.001623267060548266
MLP,200,32,0.13752243,0,0.0,True,-0.003417090830154468,-0.006448331381330291
MLP,200,32,0.12982418,0,1.0,False,-0.003330452312844998,-0.0007182353587301627
MLP,200,32,0.27795634,0,0.0,True,0.0010313049672968468,-0.0009306942895454697
MLP,200,32,0.29242092,0,1.0,False,0.009072853169144874,0.01043108024280961
MLP,200,32,0.4900702,0,1.0,False,-0.0009785569769326962,-0.0005020838599082977
MLP,200,32,0.4627373,0,1.0,False,-0.00040663547218455537,-0.0005274556825360916
MLP,200,32,0.2335073,0,0.0,True,5.3285968451326785e-05,-0.0024145855510751763
MLP,200,32,0.07883882,0,0.0,True,0.0005196974373974313,0.003923175784885785
MLP,200,32,0.1949092,0,0.0,True,-0.00861158380105722,-7.066495900061603e-05
MLP,200,32,0.16722067,0,1.0,False,0.014368440386335495,0.005715896357847668
MLP,200,32,0.073686115,0,0.0,True,0.001741640571786996,0.0012432538705461906
MLP,200,32,0.20582443,0,1.0,False,-0.0011488165544503509,0.0015148458497720718
MLP,200,32,0.7526607,1,1.0,True,-0.0005780920720792253,-0.0009079022171984857
MLP,200,32,0.15985037,0,0.0,True,0.00604296063857335,-0.000589989240573815
MLP,200,32,0.075788364,0,0.0,True,-0.002361819390959283,-0.003022730901768747
MLP,200,32,0.07096919,0,1.0,False,0.01764389308966441,0.009098923135814493
MLP,200,32,0.09687679,0,1.0,False,0.00794665232903975,0.004441907683607216
MLP,200,32,0.17650488,0,1.0,False,-0.001959929927644817,0.002317359991940258
MLP,200,32,0.11445899,0,0.0,True,-0.003651291031465157,-0.005290686138461494
MLP,200,32,0.395414,0,1.0,False,0.010854728340083077,0.010957657666653036
MLP,200,32,0.26586264,0,1.0,False,0.015622774610311817,0.010851545426822505
MLP,200,32,0.29472774,0,1.0,False,0.0022540953770805033,0.0030387806665637435
MLP,200,32,0.2177429,0,0.0,True,0.0012646161546867349,0.00020921508159165063
MLP,200,32,0.34194207,0,1.0,False,0.006833493169856118,0.004885386750931171
MLP,200,32,0.14276391,0,1.0,False,-0.0016533388765454767,0.0001336203849275418
MLP,200,32,0.15233842,0,0.0,True,-0.003772713867958248,-0.007383436124022513
MLP,200,32,0.13976994,0,1.0,False,0.003099086282831199,0.0038648909512422947
MLP,200,32,0.386255,0,1.0,False,-0.0010738074820819121,-0.004425991692265594
MLP,200,32,0.16974293,0,0.0,True,-0.007071174841072695,0.0009203886382150141
MLP,200,32,0.070011325,0,0.0,True,-0.0010677764237190148,-0.005175110799134065
MLP,200,32,0.18903103,0,0.0,True,-8.994140528562603e-05,0.001648664561418968
MLP,200,32,0.20300075,0,1.0,False,0.002818981110861002,0.0063022019706273314
MLP,200,32,0.31657097,0,0.0,True,-0.001163873692632557,-0.0018956957159109793
MLP,200,32,0.11870367,0,0.0,True,-0.009850524612078465,-0.0028476028858974043
MLP,200,32,0.69089574,1,1.0,True,0.011476294050204209,0.01145301196884283
MLP,200,32,0.05066473,0,0.0,True,0.002486114936803921,0.0026165846938158116
MLP,200,32,0.33724523,0,1.0,False,0.014567304932726732,0.00966564306646338
MLP,200,32,0.09428842,0,1.0,False,0.010758367563006825,0.00884441940148798
MLP,200,32,0.15700711,0,1.0,False,0.004521285706630744,0.003499893402565793
MLP,200,32,0.07121011,0,0.0,True,-0.0008329410256112616,-0.0026988744621092116
MLP,200,32,0.1961499,0,0.0,True,0.0003264665575312219,0.0005527363967617982
MLP,200,32,0.08999024,0,0.0,True,-0.008397696957970793,-0.003708445721872718
MLP,200,32,0.15647711,0,1.0,False,0.004585109787572635,0.0030372176521828724
MLP,200,32,0.16401322,0,1.0,False,0.012435657643821381,0.007050573037082099
MLP,200,32,0.06462587,0,0.0,True,0.0015026429140378272,0.001833850265334876
MLP,200,32,0.21565476,0,1.0,False,0.0004558289167273391,5.3819314803557314e-05
MLP,200,32,0.07701159,0,1.0,False,0.010642078857933793,0.007292792737221952
MLP,200,32,0.08836094,0,0.0,True,-0.004272307732295146,-0.00380484246279657
MLP,200,32,0.093669824,0,0.0,True,0.0032664823417292636,0.003224322244848267
MLP,200,32,0.27865267,0,0.0,True,-0.0023184053632795644,-0.003483478448497091
MLP,200,32,0.22736184,0,0.0,True,-0.010854359037347168,-0.005692308365968163
MLP,200,32,0.2831733,0,0.0,True,0.00792460767740084,0.00618147369995663
MLP,200,32,0.093628764,0,1.0,False,-0.0026358806998608006,0.0017424764677777531
MLP,200,32,0.8420822,1,1.0,True,0.0009423028530761333,-0.0034367632792606947
MLP,200,32,0.6913907,1,1.0,True,0.013976434009030017,0.005551081064872569
MLP,200,32,0.120657325,0,0.0,True,-0.000203712461182037,0.0007000840417966937
MLP,200,32,0.23755676,0,1.0,False,-0.0011108439418892559,0.0034710740309047547
MLP,200,32,0.18002053,0,1.0,False,-0.002434478716261132,-0.0008269100388778152
MLP,200,32,0.058285035,0,0.0,True,0.006317052621159186,0.005502075400433767
MLP,200,32,0.75316,1,1.0,True,0.0008005825708086933,-0.0003274886682703475
MLP,200,32,0.07072655,0,0.0,True,0.0050615734770092105,0.0037173611538297738
MLP,200,32,0.06479064,0,1.0,False,0.005954150719918191,0.009496988172110813
MLP,200,32,0.25316316,0,1.0,False,0.006220233343438975,0.00449709713340703
MLP,200,32,0.8194298,1,1.0,True,0.007234464101128696,0.0015347734597870944
MLP,200,32,0.20602697,0,0.0,True,0.00045029693270643903,0.004481659393503578
MLP,200,32,0.16861981,0,0.0,True,0.00673059849052833,0.004883104687746926
MLP,200,32,0.09814289,0,0.0,True,-0.005566655426710164,-0.00162857604011853
MLP,200,32,0.13011038,0,0.0,True,0.0024114250185815807,0.00425635752824375
MLP,200,32,0.21212631,0,1.0,False,-0.00476199649108126,-0.0007681011912308642
MLP,200,32,0.17649966,0,0.0,True,-0.009497402155291627,-0.0038034434385455797
MLP,200,33,0.058204614,0,0.0,True,-0.002289446560392926,-0.0058467909759257275
MLP,200,33,0.12773776,0,0.0,True,-0.0030970002715426112,-0.004619670245411297
MLP,200,33,0.25636405,0,0.0,True,-0.004206449702251136,-0.0031338116438017014
MLP,200,33,0.7185249,1,1.0,True,-0.003846860317300106,0.003173135739665443
MLP,200,33,0.11726457,0,0.0,True,0.0019791720235635764,-0.003183428908346259
MLP,200,33,0.16404834,0,0.0,True,-0.0019011047870692624,0.002222536426016389
MLP,200,33,0.24476153,0,1.0,False,-0.00567297719453527,0.001623410018101259
MLP,200,33,0.30374032,0,1.0,False,-0.0026665305868422856,-0.004487315064674126
MLP,200,33,0.28668407,0,1.0,False,0.006628951796491722,0.00480678636165504
MLP,200,33,0.13821,0,0.0,True,-0.006583426106647704,-0.003627439225473095
MLP,200,33,0.1257341,0,1.0,False,0.005763958745551543,0.0037367922022374855
MLP,200,33,0.21432091,0,0.0,True,-0.0029591292704948748,0.004166073228684509
MLP,200,33,0.08582113,0,0.0,True,0.009246291499469279,0.005818687640036098
MLP,200,33,0.10607571,0,0.0,True,0.0023517510488122555,0.0017808765490809277
MLP,200,33,0.25734273,0,1.0,False,-0.0038832075645144058,0.0015741187290547473
MLP,200,33,0.63516927,1,1.0,True,0.00026928724978075446,0.0030934720241023884
MLP,200,33,0.21579474,0,0.0,True,-0.0005881773510905576,0.00026757174126415756
MLP,200,33,0.5274321,1,1.0,True,-0.0012233063077589528,0.0016949581779628082
MLP,200,33,0.17154332,0,0.0,True,0.0020054822992894316,-0.0016125843477183483
MLP,200,33,0.082333885,0,0.0,True,0.006905433763749443,0.005261618231965085
MLP,200,33,0.23526596,0,1.0,False,0.007075453260499453,0.0013247370358140257
MLP,200,33,0.23193227,0,0.0,True,-0.004180787182163469,-0.0012454004327499754
MLP,200,33,0.1519274,0,1.0,False,0.0029373059430939466,0.0036559741721487
MLP,200,33,0.11448191,0,1.0,False,-0.005532553611727203,-0.0015922105274573154
MLP,200,33,0.06842321,0,0.0,True,0.0016691690726801196,-0.0018517103045002426
MLP,200,33,0.09441062,0,1.0,False,0.0012004786085219373,0.0010276040295809407
MLP,200,33,0.12813403,0,0.0,True,-0.0032657328852410935,0.003424381900504763
MLP,200,33,0.19751523,0,1.0,False,0.005380405980430698,0.004256897195132469
MLP,200,33,0.098633006,0,1.0,False,0.009789166882155616,0.009361411788768086
MLP,200,33,0.20165846,0,0.0,True,0.0034012840206333033,0.005580992371058574
MLP,200,33,0.43766674,0,0.0,True,-7.82705952679193e-05,-0.0010875456419563191
MLP,200,33,0.058286533,0,0.0,True,0.0006520056771293547,-0.0012605629734109142
MLP,200,33,0.12095358,0,0.0,True,-0.0020123671138880484,-0.0045369202321835925
MLP,200,33,0.1491857,0,1.0,False,0.003813958948747387,0.0023881398811672664
MLP,200,33,0.11019652,0,1.0,False,0.0012637741934453748,-0.0005049154465947444
MLP,200,33,0.12704368,0,0.0,True,0.005478129107777726,0.00297347474062536
MLP,200,33,0.09504416,0,1.0,False,0.0044238135501042,0.005943660249108861
MLP,200,33,0.6536077,1,0.0,False,4.3031647681931716e-05,-0.002576804018689446
MLP,200,33,0.07882322,0,0.0,True,-0.003238590304774442,-0.0021604458163302603
MLP,200,33,0.111471064,0,0.0,True,-0.0006319117602580096,-0.001414056170585381
MLP,200,33,0.09260641,0,0.0,True,-0.010268349007217849,-0.003974087599958279
MLP,200,33,0.13227856,0,0.0,True,-0.009297439178864858,-0.004131622855732481
MLP,200,33,0.1407217,0,0.0,True,-0.000202291067193892,-0.00022755130474953604
MLP,200,33,0.34836042,0,1.0,False,-0.006275724284112769,-0.005579955088968444
MLP,200,33,0.2485964,0,1.0,False,-0.0015182201273057105,-0.0012966560697464332
MLP,200,33,0.36100703,0,0.0,True,0.0017509109442375374,-0.0015964046441928061
MLP,200,33,0.22344853,0,0.0,True,0.005855184120364263,0.0011342125401316745
MLP,200,33,0.28454456,0,1.0,False,0.005945295546045075,0.004852131101944231
MLP,200,33,0.20851457,0,1.0,False,0.004262673175633604,-0.0005850269203951663
MLP,200,33,0.13543421,0,0.0,True,0.0007394218442137454,-0.0006200555925956218
MLP,200,33,0.1323617,0,0.0,True,-0.003224125560345937,-0.0008623891590099795
MLP,200,33,0.056869224,0,1.0,False,-0.004036271550105893,-0.002483399386744143
MLP,200,33,0.08875753,0,0.0,True,0.007739969976873763,0.003275138596969307
MLP,200,33,0.3067941,0,0.0,True,0.0031470120962123677,-0.0018834007798649581
MLP,200,33,0.18573706,0,0.0,True,-0.0041244316546223195,-0.0009615590852247129
MLP,200,33,0.11852476,0,0.0,True,0.0019020523628610266,0.0033676736043524867
MLP,200,33,0.1891915,0,1.0,False,-0.00219251436397889,-0.00252415389001643
MLP,200,33,0.6670041,1,0.0,False,0.007410109875885916,0.0033996441850700637
MLP,200,33,0.55608773,1,1.0,True,-0.004450114349427654,-0.00037563340662410727
MLP,200,33,0.07504988,0,0.0,True,0.0009850438164819698,0.0007855052011890984
MLP,200,33,0.24708067,0,1.0,False,-0.0016112352965088647,0.002037262813041884
MLP,200,33,0.11696874,0,0.0,True,0.00041104479352983,0.0005955934871931879
MLP,200,33,0.08283867,0,1.0,False,0.00315229312616748,0.004297465182575441
MLP,200,33,0.20468302,0,0.0,True,0.009810813059503962,0.004494845730395878
MLP,200,33,0.19000489,0,0.0,True,0.0024098316377796406,0.002919674256498824
MLP,200,33,0.6520029,1,1.0,True,0.0075870618349270615,0.001838574782312044
MLP,200,33,0.101241685,0,1.0,False,-0.0003668929122093613,-0.0002185799948823687
MLP,200,33,0.15279013,0,0.0,True,-0.0020170959252695506,0.0003225156710661795
MLP,200,33,0.18127431,0,0.0,True,-0.005633226639254787,-0.007686410958486489
MLP,200,33,0.096352585,0,0.0,True,0.006850016212137519,0.002178532679830097
MLP,200,33,0.79306436,1,1.0,True,-0.006252386639781102,-0.0021597345979976713
MLP,200,33,0.33035335,0,1.0,False,0.007122115652422586,0.004623557747198552
MLP,200,33,0.13274777,0,0.0,True,-0.004035086975540319,-0.0004441470882803399
MLP,200,33,0.14714292,0,1.0,False,-0.0026130656321549477,-0.004382992920905496
MLP,200,33,0.42174459,0,0.0,True,-0.002755665862644916,0.0010681923592175749
MLP,200,33,0.08684042,0,0.0,True,-0.0023846915023200913,-0.0007020079712515559
MLP,200,33,0.71718776,1,0.0,False,0.0006361562355866314,0.003157758665691012
MLP,200,33,0.10470357,0,0.0,True,0.0017072305736632663,0.00077969887436808
MLP,200,33,0.13560618,0,0.0,True,-0.0034500137469001546,0.00467677465668651
MLP,200,33,0.16907965,0,1.0,False,0.004560595582595403,-0.00026410498135082355
MLP,200,33,0.09869483,0,0.0,True,0.007330298176622353,0.004700791754981213
MLP,200,33,0.29966223,0,1.0,False,0.0006026086428078435,-0.0005040886652995925
MLP,200,33,0.25456086,0,1.0,False,-0.00929645283416987,-0.001133456266998073
MLP,200,33,0.26720047,0,1.0,False,0.01411959098547263,0.006648965947306225
MLP,200,33,0.10419461,0,0.0,True,0.012082644736354812,0.007755095622970519
MLP,200,33,0.09244781,0,1.0,False,0.0004104026721066125,0.004346454772143506
MLP,200,33,0.17566098,0,1.0,False,0.007336332236102743,0.0019139028714275962
MLP,200,33,0.4180196,0,1.0,False,0.006120373024373876,0.004473923092571346
MLP,200,33,0.24787748,0,0.0,True,0.0024418810815358383,0.004934548560581246
MLP,200,33,0.26519406,0,0.0,True,0.0074353134980955195,-0.000556063748088698
MLP,200,33,0.08181001,0,0.0,True,-0.0057706637439173345,-0.004425922210517714
MLP,200,33,0.09969719,0,0.0,True,0.0058940354184202765,0.0031109447977174963
MLP,200,33,0.22735845,0,0.0,True,0.002069313514265365,-0.00019266060486193123
MLP,200,33,0.09296207,0,0.0,True,0.0006103116315205819,-0.0007234827320945903
MLP,200,33,0.13795008,0,0.0,True,-0.009549705653256942,-0.005694905460562782
MLP,200,33,0.08582294,0,0.0,True,-0.004016989007697988,-0.0031513306638695036
MLP,200,33,0.29550081,0,1.0,False,0.007665382704750068,0.0023696304007300587
MLP,200,33,0.1406724,0,1.0,False,-0.00011217999026879101,0.0010472396123886688
MLP,200,33,0.40861,0,0.0,True,0.0024995990278127763,-0.00250328096545039
MLP,200,33,0.44032842,0,1.0,False,-0.0024555746306810437,-0.000471643951254119
MLP,200,34,0.20953973,0,1.0,False,-0.0021100749182901817,0.0016378198895190084
MLP,200,34,0.06844462,0,0.0,True,0.006510579344824105,0.006095230149999101
MLP,200,34,0.18607785,0,1.0,False,0.018107450584234554,0.014949746623904654
MLP,200,34,0.14611341,0,0.0,True,-0.010474192081964068,-0.002942998537304855
MLP,200,34,0.18109296,0,0.0,True,-0.00014667278495728394,-6.714900729984813e-05
MLP,200,34,0.16520768,0,1.0,False,0.004361506981779526,0.003213625943469343
MLP,200,34,0.6532587,1,1.0,True,0.005224653559607515,0.0045533757951083794
MLP,200,34,0.29804754,0,1.0,False,0.010814819002279867,0.009905211955490559
MLP,200,34,0.24179585,0,0.0,True,-0.0063051692961491245,-0.0062709357732880855
MLP,200,34,0.3508279,0,1.0,False,0.002783045266243886,0.0033928366764325924
MLP,200,34,0.17218377,0,0.0,True,-0.001312717252650903,0.0006486779542292212
MLP,200,34,0.068551525,0,0.0,True,0.002752051868646444,-0.0021781248463288556
MLP,200,34,0.10963601,0,0.0,True,-0.004422090830146704,-0.0017883782075550747
MLP,200,34,0.52590543,1,1.0,True,0.0023614922225793397,0.0062716547961832484
MLP,200,34,0.13186157,0,1.0,False,-5.230140904246996e-05,0.0004009633047802135
MLP,200,34,0.22422896,0,0.0,True,-0.004421757103787379,-2.538201365094633e-05
MLP,200,34,0.28755993,0,1.0,False,-0.00025791076573773524,0.005787230460049115
MLP,200,34,0.07680143,0,0.0,True,0.0039502947057619385,-0.0009007271750763046
MLP,200,34,0.39415187,0,1.0,False,0.004657220745016708,0.00612926328276596
MLP,200,34,0.116431266,0,0.0,True,0.006458363419256256,0.00032586068186478325
MLP,200,34,0.21467975,0,0.0,True,-0.002111107311694381,-0.0011086923426628843
MLP,200,34,0.3163135,0,1.0,False,0.004302996670185636,0.0008115514956802819
MLP,200,34,0.37424925,0,1.0,False,0.0023850499023322803,0.002137642575433809
MLP,200,34,0.21786527,0,1.0,False,0.00664601872822096,0.0016991276747206783
MLP,200,34,0.23267785,0,1.0,False,-0.002519146476667977,-0.002951955169321904
MLP,200,34,0.082173675,0,0.0,True,-0.0031224789063319146,-0.0011109347468016954
MLP,200,34,0.7714762,1,1.0,True,0.008360829548265595,0.007576297822813291
MLP,200,34,0.3537877,0,0.0,True,-2.3448855061368927e-06,0.001181290926407142
MLP,200,34,0.07478687,0,0.0,True,-0.005729860001217483,-0.0015629814118496904
MLP,200,34,0.16132595,0,1.0,False,0.008016408833844432,0.008489397475249722
MLP,200,34,0.0656649,0,0.0,True,-0.007256698743897814,-0.0040964781990222065
MLP,200,34,0.387718,0,1.0,False,0.013278241908657553,0.0070703818311425885
MLP,200,34,0.42493173,0,1.0,False,0.008316166001967135,0.011686104887576
MLP,200,34,0.17150524,0,1.0,False,0.0016802818314778688,-0.0003014677438197569
MLP,200,34,0.13510379,0,1.0,False,0.004452807050021663,0.005200440084154603
MLP,200,34,0.0838377,0,0.0,True,0.0066282067921457416,0.005738950616854147
MLP,200,34,0.086307235,0,0.0,True,0.0024010427083233643,0.00034377932526866747
MLP,200,34,0.30978397,0,1.0,False,0.0051245729130556346,4.928095614490935e-05
MLP,200,34,0.32724702,0,0.0,True,-0.0007410603035852989,0.0005928432249217771
MLP,200,34,0.11934933,0,0.0,True,0.00527593985903175,0.002165840378588792
MLP,200,34,0.22820199,0,1.0,False,0.0003135463585907743,-0.00024392798049108403
MLP,200,34,0.3816787,0,1.0,False,0.009796954110913159,0.004128607481670056
MLP,200,34,0.21623614,0,0.0,True,-0.007200992082515561,-0.005335016499619576
MLP,200,34,0.1526596,0,1.0,False,0.0012045019012635473,0.003930035490269296
MLP,200,34,0.25259218,0,1.0,False,0.0037579617488766467,0.001898362905045261
MLP,200,34,0.43468574,0,1.0,False,0.0004692375105793043,0.004022556152862634
MLP,200,34,0.17664625,0,1.0,False,0.010031463067653328,0.009374830974315112
MLP,200,34,0.2510936,0,0.0,True,-0.012579321775927386,-0.011831266869741574
MLP,200,34,0.082444526,0,0.0,True,-0.0020603015075376886,-0.005743073047858942
MLP,200,34,0.06381306,0,0.0,True,-0.00045231177688709925,0.0004030022327431127
MLP,200,34,0.14893432,0,0.0,True,0.0038386852658557086,0.002743144384901441
MLP,200,34,0.21346442,0,0.0,True,0.007700894032964446,-0.001927911001007722
MLP,200,34,0.21395044,0,1.0,False,0.003061889995424084,0.003120522609624472
MLP,200,34,0.065925375,0,0.0,True,-0.00010628594462028239,-0.0029278794398189052
MLP,200,34,0.55325234,1,1.0,True,0.0019476068340594883,-0.001949058366828383
MLP,200,34,0.102077916,0,0.0,True,-0.00035292483777202803,0.0013086162500815985
MLP,200,34,0.07860784,0,0.0,True,0.0007398927893517456,0.0024301228906642236
MLP,200,34,0.32536587,0,0.0,True,0.002248709758164539,-0.0006940231889354754
MLP,200,34,0.26493105,0,0.0,True,0.0011957122605685483,-0.0033376203385194108
MLP,200,34,0.28279167,0,0.0,True,-0.00062013240221928,-0.0021059228850509835
MLP,200,34,0.27233726,0,1.0,False,-0.0019410931909498628,0.0006541423908666424
MLP,200,34,0.20332114,0,1.0,False,0.006766542801417527,0.009853925612554357
MLP,200,34,0.12403453,0,1.0,False,0.0012007871145905211,0.000451913889289482
MLP,200,34,0.29375786,0,1.0,False,0.01435414440327718,0.008299114145937968
MLP,200,34,0.07407593,0,1.0,False,0.007427922341526079,0.002283265338509669
MLP,200,34,0.7611375,1,1.0,True,0.008225222278825804,0.010261045186170593
MLP,200,34,0.6513155,1,0.0,False,0.011589401802775283,0.009932002145888833
MLP,200,34,0.16948625,0,0.0,True,0.002807817416161989,-0.0005868617191154539
MLP,200,34,0.21830328,0,0.0,True,-0.0004082436026387418,0.002589411938269937
MLP,200,34,0.2798979,0,1.0,False,-0.0032710541267088047,-0.0012633252379083198
MLP,200,34,0.0851789,0,0.0,True,-0.00353257946653908,-0.0018290151399708557
MLP,200,34,0.5035213,1,0.0,False,0.006420175327078517,0.00401712470413116
MLP,200,34,0.15655977,0,1.0,False,0.006615065957119275,0.00829262885762489
MLP,200,34,0.23716795,0,1.0,False,0.009849096683406246,0.0051383621158392345
MLP,200,34,0.5810606,1,1.0,True,0.011428803308054354,0.009670959658146945
MLP,200,34,0.10321256,0,0.0,True,-0.0006038613229212988,-0.0016128496486464594
MLP,200,34,0.4744532,0,1.0,False,0.005777840671302029,0.0034502740673238437
MLP,200,34,0.06073827,0,0.0,True,0.00040192890853115403,-0.00015113473450814707
MLP,200,34,0.1046657,0,0.0,True,0.004770326278836057,-0.0027519124708569906
MLP,200,34,0.4475726,0,0.0,True,0.00025835227013613346,-0.0001718693772636827
MLP,200,34,0.5412331,1,1.0,True,-0.0027310351932112544,0.004164993827190407
MLP,200,34,0.071253166,0,0.0,True,-0.007454127058867293,-0.0030409338855285116
MLP,200,34,0.22703409,0,1.0,False,0.003108566796310515,0.004576030348392682
MLP,200,34,0.25578502,0,1.0,False,0.010449607522085106,0.0025671457157608567
MLP,200,34,0.16817012,0,0.0,True,0.0036642814581529597,0.002950378697459332
MLP,200,34,0.124942824,0,0.0,True,-0.0024704808111665607,-0.002853018397533979
MLP,200,34,0.13419591,0,1.0,False,0.006331658291457286,0.004156171284634761
MLP,200,34,0.33698425,0,0.0,True,-0.006333767940251574,-0.0037807143742942997
MLP,200,34,0.16995244,0,1.0,False,0.004703368712859428,0.002042674661332049
MLP,200,34,0.107873105,0,0.0,True,0.00027666697411885596,-0.0016093398264365804
MLP,200,34,0.117509216,0,0.0,True,0.002865633981610095,-0.002363163056178375
MLP,200,34,0.16683044,0,1.0,False,-0.002875146273364178,-0.0026054100002000013
MLP,200,34,0.09982656,0,1.0,False,0.0069304815837203035,0.006972505988729306
MLP,200,34,0.12554651,0,1.0,False,0.0037004177172089837,0.005546025795379026
MLP,200,34,0.09451518,0,1.0,False,0.0034042279849973572,0.007542729673097187
MLP,200,34,0.2929725,0,1.0,False,-0.0013166291542507779,0.0016475676017438732
MLP,200,34,0.23653793,0,1.0,False,-0.0034717197368907744,-0.0015541512662600838
MLP,200,34,0.31801668,0,1.0,False,0.005878789977664758,0.012694499919531506
MLP,200,34,0.115121104,0,0.0,True,-0.0025917990644483157,-0.0024206539479995725
MLP,200,34,0.15137433,0,1.0,False,-0.014388250312521694,-0.002584746645627688
MLP,200,35,0.066284984,0,0.0,True,0.0039041232316659614,0.001903705104683192
MLP,200,35,0.3677959,0,1.0,False,-0.0026893945302768284,-0.0016158349264362999
MLP,200,35,0.1149825,0,0.0,True,-0.00506840745796545,-0.0016084206622018844
MLP,200,35,0.11849015,0,0.0,True,-0.008236362731432583,-0.008071271598952144
MLP,200,35,0.3535901,0,1.0,False,0.005886627157812724,0.0037134822243750157
MLP,200,35,0.25050044,0,1.0,False,0.0006026305399571577,-0.0001493647732027223
MLP,200,35,0.22798613,0,0.0,True,-5.0231967834099106e-05,-0.0030226918690172333
MLP,200,35,0.09766661,0,1.0,False,0.0033950005305829123,0.008494696530447734
MLP,200,35,0.7003698,1,1.0,True,-0.0030891289684591007,0.0011099750319711857
MLP,200,35,0.08288784,0,0.0,True,-0.011220561438547978,-0.009307776128466864
MLP,200,35,0.5078613,1,1.0,True,0.01697657611138519,0.004070844207594273
MLP,200,35,0.119091,0,0.0,True,-0.0073880116771222575,-0.0018904423206413394
MLP,200,35,0.23935091,0,0.0,True,0.005048467943824618,-0.0004798160820220096
MLP,200,35,0.6565439,1,1.0,True,0.011116133635849219,0.007087060033650145
MLP,200,35,0.69348603,1,1.0,True,0.011253265676072427,0.0073052687475604955
MLP,200,35,0.10019799,0,1.0,False,0.008918685300566071,0.009240438207723087
MLP,200,35,0.2079441,0,1.0,False,-0.003015871761249395,-0.0016842107920433487
MLP,200,35,0.21186234,0,0.0,True,-0.00033374811170610647,-0.001264211092288453
MLP,200,35,0.057049807,0,1.0,False,-0.0005545205975018363,-2.619731731839924e-05
MLP,200,35,0.2478137,0,0.0,True,0.004604873157733182,0.005872967703534703
MLP,200,35,0.058344714,0,0.0,True,0.0014328418568918778,0.0009072926420528213
MLP,200,35,0.119480714,0,0.0,True,-0.00904767518947231,-0.0037555698730674485
MLP,200,35,0.30609214,0,1.0,False,0.006211299305903556,0.00904536904884812
MLP,200,35,0.20828955,0,1.0,False,-0.00016822944773382066,0.0022247331723859124
MLP,200,35,0.15191127,0,0.0,True,-0.001766287115971369,-0.0029044586265780103
MLP,200,35,0.788034,1,1.0,True,-0.004779353373237147,-0.0030787817023772575
MLP,200,35,0.5023586,1,1.0,True,0.0023115978814030732,0.006775874024182763
MLP,200,35,0.2315093,0,1.0,False,0.0003202219178761772,0.0017587495116103797
MLP,200,35,0.29955,0,1.0,False,0.004156130711382065,-0.0011700758455500618
MLP,200,35,0.26623043,0,1.0,False,0.00251630687449185,0.0031254951710908696
MLP,200,35,0.12766713,0,0.0,True,0.008596230321802824,0.0023449030010368995
MLP,200,35,0.22959661,0,0.0,True,-0.00505205138136476,-0.0002039075791680202
MLP,200,35,0.089367405,0,0.0,True,0.0009414803245770182,-0.000743613527927959
MLP,200,35,0.15958223,0,1.0,False,-0.0015106459759394388,0.0008031404154674899
MLP,200,35,0.6422959,1,1.0,True,0.008492214522374227,0.007481183803607863
MLP,200,35,0.10514959,0,0.0,True,0.003207662025764961,0.0007470555965884962
MLP,200,35,0.08313044,0,0.0,True,0.00041425723596326104,-0.0006410421109747488
MLP,200,35,0.24877472,0,0.0,True,0.005773235113272545,0.0028156877665199047
MLP,200,35,0.6583696,1,1.0,True,0.0018576477452633907,0.0005667065405157233
MLP,200,35,0.10949665,0,1.0,False,0.009037506857097116,0.011931255429881833
MLP,200,35,0.11629733,0,0.0,True,0.006428347321421711,0.004529761192086783
MLP,200,35,0.19461523,0,0.0,True,-0.0028854276731649663,0.0005563617480879455
MLP,200,35,0.35390902,0,0.0,True,-0.00021520741854885565,0.00772004505768274
MLP,200,35,0.36925137,0,1.0,False,0.008642470450599824,0.0022408570570482266
MLP,200,35,0.08990691,0,0.0,True,0.0010032459853898982,-0.000933261028955667
MLP,200,35,0.18634121,0,1.0,False,0.0025469977761379144,0.0014916196256011063
MLP,200,35,0.18023565,0,0.0,True,-0.0011411039450026437,-0.0034360430754153326
MLP,200,35,0.08453051,0,1.0,False,0.007436985527590321,0.011083124307316592
MLP,200,35,0.510632,1,0.0,False,-0.009450693813114901,-0.00985589742854678
MLP,200,35,0.20899525,0,1.0,False,-0.004310975604488851,-0.0002210206500249586
MLP,200,35,0.6597366,1,1.0,True,-0.0028217839453093464,0.002938657518365287
MLP,200,35,0.23613237,0,0.0,True,0.001968902460227253,0.0018469226681285895
MLP,200,35,0.07848137,0,0.0,True,0.002114556621575807,0.0006006419676972813
MLP,200,35,0.911081,1,1.0,True,0.002682051115828748,0.005281801942747904
MLP,200,35,0.34271583,0,1.0,False,0.006917417211331747,0.007842221193410333
MLP,200,35,0.13785082,0,0.0,True,0.0037274393502166486,0.0024531538646679085
MLP,200,35,0.515379,1,1.0,True,-0.005895747818245863,0.000988431880924321
MLP,200,35,0.099604174,0,0.0,True,0.0044146901906487014,0.007878420641465893
MLP,200,35,0.32493412,0,1.0,False,0.002557477566594077,0.004075552826139431
MLP,200,35,0.32968333,0,1.0,False,-0.0011731950304860192,0.0057763666964343475
MLP,200,35,0.05949781,0,0.0,True,-0.0005591814131197428,-0.0001564945161625622
MLP,200,35,0.2508075,0,0.0,True,0.004313762441942438,0.004349416978498962
MLP,200,35,0.27945822,0,0.0,True,-0.0012584554550489457,-0.0022197250145888922
MLP,200,35,0.47397378,0,1.0,False,-0.0012255350620197294,0.003454906873045078
MLP,200,35,0.2907527,0,0.0,True,-0.005472722504685158,-0.0028431847338374863
MLP,200,35,0.2817745,0,1.0,False,-0.0004252618878296626,-0.0019628324461267626
MLP,200,35,0.26497847,0,0.0,True,0.0025657958283324387,0.0009116524318896973
MLP,200,35,0.123435795,0,0.0,True,-0.003226350801953707,0.0013750386925383315
MLP,200,35,0.14588201,0,0.0,True,-0.0006169665731770279,-0.002305004308117362
MLP,200,35,0.09297463,0,0.0,True,0.003494405458458033,-0.0007043671133709111
MLP,200,35,0.35204455,0,0.0,True,-0.0042803256062826376,-0.003233967677919099
MLP,200,35,0.12655987,0,0.0,True,0.0018467008555868472,0.005652693134946006
MLP,200,35,0.06270232,0,0.0,True,-0.0043505598194919295,-0.0021241640009912123
MLP,200,35,0.13785516,0,1.0,False,-0.006797748215827265,-0.003038375194283313
MLP,200,35,0.14483301,0,1.0,False,0.0009619825036920502,0.003433932083821101
MLP,200,35,0.08467546,0,0.0,True,0.0013063307285975387,0.0008056910074707585
MLP,200,35,0.12646677,0,1.0,False,0.003083548193674622,0.0019584382619726305
MLP,200,35,0.28502733,0,1.0,False,0.011112621984939536,0.007503506736479668
MLP,200,35,0.24842595,0,0.0,True,0.004919057998763584,0.0034188081979905087
MLP,200,35,0.44343308,0,1.0,False,0.01185131341641541,0.0074487373307214645
MLP,200,35,0.16517657,0,1.0,False,-0.0015838087605445524,0.004787375610867886
MLP,200,35,0.17710458,0,1.0,False,0.0014818882130508025,0.004910609059826793
MLP,200,35,0.360104,0,1.0,False,0.007283757585922937,0.010324775458943957
MLP,200,35,0.50396013,1,0.0,False,-0.0021193450402665773,0.00041885080097875854
MLP,200,35,0.09292806,0,1.0,False,0.005031032731033895,0.0036004154430602097
MLP,200,35,0.12652636,0,0.0,True,0.00019877576306721485,-0.0010106492394817697
MLP,200,35,0.28780884,0,1.0,False,0.0024072257093063214,0.0016332760545151714
MLP,200,35,0.19593124,0,1.0,False,0.0005716329083718955,-0.0016429042684610834
MLP,200,35,0.11122786,0,0.0,True,0.00014935981306746755,0.0025171917355865563
MLP,200,35,0.30814698,0,0.0,True,0.002817423509322596,-0.002338033594122419
MLP,200,35,0.35243464,0,0.0,True,-0.0029201626335980187,-0.0009632491006302804
MLP,200,35,0.2221556,0,1.0,False,0.005390075447616723,0.004061672795481747
MLP,200,35,0.38682836,0,1.0,False,0.010088741077475753,0.013463921216481187
MLP,200,35,0.33241963,0,1.0,False,-0.00021215602835865084,-0.00033953467618234135
MLP,200,35,0.25467697,0,1.0,False,-0.007297157842793337,-0.006429290580333358
MLP,200,35,0.23243526,0,0.0,True,-0.007842493952370334,-0.0033025490377830693
MLP,200,35,0.28499928,0,0.0,True,0.012967628421116414,0.008770902279131607
MLP,200,35,0.2797605,0,0.0,True,-0.010874492821527281,-0.008155721198677558
MLP,200,35,0.10220443,0,0.0,True,0.0028115011403117987,0.0012064803884888967
MLP,200,35,0.11029477,0,0.0,True,0.0017327435156329427,0.0014105791395488203
MLP,200,36,0.28076315,0,0.0,True,-0.006576604169573622,-0.0029604857813280644
MLP,200,36,0.6175265,1,1.0,True,2.838270391699455e-05,-0.0007511418014804564
MLP,200,36,0.08022602,0,0.0,True,-0.007767270351530845,-0.0015358325173247538
MLP,200,36,0.109325275,0,0.0,True,-0.00812908930054102,-0.004268984320638724
MLP,200,36,0.1289919,0,0.0,True,0.010406062731241764,0.007228993644482722
MLP,200,36,0.33042818,0,1.0,False,0.00455578529174999,0.007462801790722252
MLP,200,36,0.32482103,0,0.0,True,-0.0004906435169899254,-0.003435839849108187
MLP,200,36,0.15884383,0,0.0,True,0.0014072159356894039,0.0009070627063078673
MLP,200,36,0.19232062,0,1.0,False,0.0026832591973320005,0.0003709232077463674
MLP,200,36,0.3064283,0,0.0,True,0.0047546279289881,0.006252176256218045
MLP,200,36,0.129617,0,1.0,False,-0.0024459957326138137,-0.0022547952889359056
MLP,200,36,0.09667397,0,0.0,True,0.005062548251001853,-0.0015741401142018948
MLP,200,36,0.15446723,0,0.0,True,0.004395357672656298,0.00544372485858778
MLP,200,36,0.27027658,0,1.0,False,0.0017823744028507952,-0.0014625213368068088
MLP,200,36,0.33957785,0,1.0,False,-0.0003015381678448388,0.003072926548600932
MLP,200,36,0.17559035,0,0.0,True,-0.009711090541520487,-0.0012439270793275377
MLP,200,36,0.21451043,0,1.0,False,0.003903541593254196,0.0012936526349914316
MLP,200,36,0.26952472,0,1.0,False,0.008482080163397696,0.00616193349895405
MLP,200,36,0.35346287,0,0.0,True,0.003170260870417478,-0.0020860896239365367
MLP,200,36,0.75605434,1,1.0,True,-0.0027800050321306006,-0.0021876234257762247
MLP,200,36,0.2324191,0,1.0,False,0.003895449145023221,0.009319061691917273
MLP,200,36,0.17548528,0,1.0,False,0.003358545639566203,0.005206539542567995
MLP,200,36,0.6080882,1,1.0,True,0.009617459182063656,0.009139761274730313
MLP,200,36,0.06659553,0,0.0,True,-0.002896123295312422,-0.003557217570671315
MLP,200,36,0.40945652,0,1.0,False,0.007656979612709103,0.008410983217118886
MLP,200,36,0.622434,1,1.0,True,0.00465341318572678,0.002370235675096851
MLP,200,36,0.34276414,0,0.0,True,0.002166488543091762,0.0008893065467553287
MLP,200,36,0.16601776,0,0.0,True,-0.0048387384608071776,0.00010912628012359474
MLP,200,36,0.09703613,0,0.0,True,0.003005642169199161,-0.0057279404305771746
MLP,200,36,0.21357015,0,0.0,True,-0.005585157750989903,-0.005449470129675322
MLP,200,36,0.1804179,0,0.0,True,-0.0004715642982914697,-0.002413541113911816
MLP,200,36,0.11743627,0,0.0,True,-0.003597749328457138,-0.0043375362283620995
MLP,200,36,0.18343207,0,0.0,True,-0.006777298033176216,-0.006187923651750792
MLP,200,36,0.122720905,0,1.0,False,0.00597958300046837,0.0021659289858614577
MLP,200,36,0.10997993,0,0.0,True,0.004679282755902584,0.002322165038262745
MLP,200,36,0.35928187,0,1.0,False,0.006070961137892885,0.004877975866749232
MLP,200,36,0.21192184,0,1.0,False,0.010255618742452788,0.004336475783133437
MLP,200,36,0.21447524,0,1.0,False,0.0023668253925245787,0.0023019983744942533
MLP,200,36,0.23766181,0,1.0,False,0.0040170415869449924,0.0015081544872597027
MLP,200,36,0.092821985,0,0.0,True,-0.0046005668681140715,-0.003855202171721915
MLP,200,36,0.5153636,1,0.0,False,-0.006830050648266069,-0.0029334040594089965
MLP,200,36,0.15867917,0,0.0,True,-0.003976563798265543,-0.002525755710412314
MLP,200,36,0.18056938,0,1.0,False,0.0014065521848507178,0.004281651868946503
MLP,200,36,0.7606572,1,1.0,True,0.0011042144791890438,0.0003009449166568151
MLP,200,36,0.11562231,0,0.0,True,-0.006715556160645689,-0.004113929861992217
MLP,200,36,0.11881027,0,0.0,True,-0.0004978041886238815,0.0010897947656950875
MLP,200,36,0.20769677,0,1.0,False,0.009291702265959694,0.00646778992291437
MLP,200,36,0.2992295,0,1.0,False,0.00026143301985639473,0.0040417703871800156
MLP,200,36,0.37459934,0,1.0,False,0.006427545107234452,0.0043029424854830805
MLP,200,36,0.7188048,1,1.0,True,-0.0045259381418736215,-0.0012377380454384461
MLP,200,36,0.55240524,1,1.0,True,0.006407572249615215,0.0014875057014993131
MLP,200,36,0.25861064,0,0.0,True,0.005020160786091438,0.004655296830805405
MLP,200,36,0.20999542,0,0.0,True,-0.009371214179819386,-0.005315435152865891
MLP,200,36,0.10257082,0,0.0,True,-0.001267717501937316,0.0030136113721046386
MLP,200,36,0.07329508,0,0.0,True,0.0028582089993681634,0.0009704177451597143
MLP,200,36,0.059490006,0,0.0,True,0.0039687929135135995,0.002593974886163544
MLP,200,36,0.17283429,0,0.0,True,0.0025935967900559275,0.0011393201281647313
MLP,200,36,0.16609344,0,0.0,True,0.005534348492951421,0.007491650741511756
MLP,200,36,0.13306531,0,0.0,True,0.0036044014222537707,0.005124547762758238
MLP,200,36,0.09997751,0,1.0,False,-0.001361222379213708,-0.00015526407506665345
MLP,200,36,0.15149373,0,0.0,True,0.0012984069681829238,-0.0015192553079497358
MLP,200,36,0.15059611,0,1.0,False,0.005193573903337407,0.0006229241884965942
MLP,200,36,0.17520627,0,1.0,False,0.010035890527600224,0.0035623188273226076
MLP,200,36,0.13006972,0,1.0,False,0.0033622500655005154,0.004428381875412317
MLP,200,36,0.078325756,0,0.0,True,-0.004813702971548235,-0.005353750833653166
MLP,200,36,0.26779625,0,1.0,False,0.0035188838693478624,-0.0012309996617468047
MLP,200,36,0.4428454,0,1.0,False,-0.00015347479386838923,0.004985285969744048
MLP,200,36,0.7025805,1,1.0,True,0.0032015093036933634,0.004849385194220504
MLP,200,36,0.92413455,1,1.0,True,0.017436806005960138,0.011838328140981751
MLP,200,36,0.11157273,0,0.0,True,0.0017381675202757364,-0.004932141027816342
MLP,200,36,0.1294517,0,1.0,False,0.007528787035406339,0.005930261364020647
MLP,200,36,0.32470897,0,1.0,False,0.010775685750499222,0.008859727142170912
MLP,200,36,0.0652445,0,0.0,True,-0.007751099061546791,0.002051245438627539
MLP,200,36,0.7944257,1,1.0,True,0.00425553687805133,0.003836968023658482
MLP,200,36,0.14603288,0,1.0,False,0.002962210474944589,0.0026443688687810283
MLP,200,36,0.13058025,0,1.0,False,0.004843762743179663,0.006845431993185972
MLP,200,36,0.091529176,0,0.0,True,-0.0034954397314452073,-0.002847325996377154
MLP,200,36,0.08744387,0,1.0,False,0.012742027285258492,0.005922953501115092
MLP,200,36,0.20249136,0,0.0,True,0.0019009625200754217,0.0012012245053440985
MLP,200,36,0.11970094,0,0.0,True,-0.007746087305401277,-0.0051209806745014415
MLP,200,36,0.14311047,0,1.0,False,0.00030183113086617984,-0.00027700220977014623
MLP,200,36,0.24677666,0,1.0,False,-0.00013809162079679124,0.0006641616655984194
MLP,200,36,0.28508443,0,1.0,False,0.008181787203928674,0.005029448287707208
MLP,200,36,0.118741095,0,0.0,True,-0.010384339849513117,-0.007992364130357062
MLP,200,36,0.237447,0,1.0,False,0.0023113164743601648,0.00045314833046575465
MLP,200,36,0.16258216,0,1.0,False,0.006485182021353484,0.006727292906450296
MLP,200,36,0.070720315,0,0.0,True,0.0054988876798368206,0.0042553228821468215
MLP,200,36,0.20231691,0,1.0,False,0.007577527041142472,0.005707480969801291
MLP,200,36,0.18855256,0,0.0,True,0.00782908730969703,0.0022824876176276102
MLP,200,36,0.6492775,1,1.0,True,0.013306666808769189,0.011932875423201712
MLP,200,36,0.06314893,0,0.0,True,0.005714120766746526,0.0020014229760730758
MLP,200,36,0.14649718,0,1.0,False,0.00356594225759758,0.0044061886303271725
MLP,200,36,0.7453195,1,1.0,True,-0.0020796752373848423,-0.00021872987693010652
MLP,200,36,0.11591532,0,0.0,True,0.005132441720018955,0.002526487726467329
MLP,200,36,0.4115726,0,1.0,False,0.007478422267325281,-0.0007355289381515062
MLP,200,36,0.16384305,0,0.0,True,-0.005983946389080966,-0.005016698805562439
MLP,200,36,0.20162317,0,0.0,True,-0.0011571682845970927,-0.0012859477272829532
MLP,200,36,0.08716073,0,0.0,True,0.005155409333377266,0.0033056076308167082
MLP,200,36,0.23268376,0,0.0,True,0.007309614354386664,0.00680019456571682
MLP,200,36,0.064669855,0,0.0,True,-0.00369670622608317,-0.0053192343251717185
MLP,200,37,0.08717545,0,1.0,False,0.0035713808925860605,0.0075299076563826155
MLP,200,37,0.76516426,1,1.0,True,0.013623675708620405,0.011641967800528924
MLP,200,37,0.63508755,1,1.0,True,0.010272121778272829,0.010169491305465565
MLP,200,37,0.33614388,0,1.0,False,-0.002292155701077224,0.0011324690282526473
MLP,200,37,0.19285703,0,1.0,False,0.000602921041134052,0.003476203243928778
MLP,200,37,0.54538214,1,1.0,True,0.008039900582797044,0.0018385319464982956
MLP,200,37,0.18491925,0,1.0,False,0.0036076589868342247,0.008128106059672964
MLP,200,37,0.15250558,0,0.0,True,-0.00045445956524853824,-0.00022841802023812507
MLP,200,37,0.08875652,0,0.0,True,0.0002296767615075541,-0.0016344934259488215
MLP,200,37,0.109704345,0,0.0,True,-0.006920147601602079,-0.005303602534950552
MLP,200,37,0.108307,0,1.0,False,0.01681834441907524,0.012229306539854646
MLP,200,37,0.5745324,1,1.0,True,-0.0014843770219735688,0.000777307869795352
MLP,200,37,0.6495039,1,1.0,True,0.015369958249264848,0.007654701399371436
MLP,200,37,0.57007587,1,1.0,True,-0.005489109670257816,0.0020287244840965155
MLP,200,37,0.13327712,0,0.0,True,-0.0013085149264975438,-0.004762386865768465
MLP,200,37,0.23833796,0,1.0,False,0.006582538077798927,0.004433047078038116
MLP,200,37,0.16733903,0,1.0,False,0.001262146808385949,0.0034074626705262075
MLP,200,37,0.1635278,0,1.0,False,0.009478779690067444,0.006581744349514839
MLP,200,37,0.8128141,1,1.0,True,0.0050252864321962696,0.0023173392120897133
MLP,200,37,0.15083303,0,1.0,False,0.004977987833738873,0.0038570303965068642
MLP,200,37,0.16952501,0,0.0,True,-0.0007539908744051861,-0.0013603439959911923
MLP,200,37,0.08139089,0,0.0,True,-0.0008557685826167938,0.0014594560184300527
MLP,200,37,0.10945995,0,0.0,True,0.0009549730983476626,7.502103510483803e-05
MLP,200,37,0.16152288,0,1.0,False,0.0007510697134473072,0.0012320074831739592
MLP,200,37,0.16717465,0,0.0,True,0.0028134623604453247,0.003550985949420572
MLP,200,37,0.06436756,0,0.0,True,-0.005093756923277034,-0.0014280056746264296
MLP,200,37,0.7732748,1,1.0,True,0.011992535410138106,0.005695988328200551
MLP,200,37,0.108314,0,0.0,True,-0.014070147497740843,-0.010598393599984293
MLP,200,37,0.2088699,0,1.0,False,0.005624624290596381,0.0048318233746563735
MLP,200,37,0.16493501,0,0.0,True,-0.0032715342661836545,-0.000534370468276384
MLP,200,37,0.070445195,0,0.0,True,-0.0025140873149887507,0.00040134410201782354
MLP,200,37,0.06502388,0,0.0,True,0.004198284150027927,-0.000702884611917653
MLP,200,37,0.05979129,0,0.0,True,-0.0018599321268613224,-0.007809174297454603
MLP,200,37,0.23395301,0,0.0,True,0.005335723117990936,0.00484374031975948
MLP,200,37,0.10998401,0,0.0,True,0.005023165824739623,0.0020892698142086284
MLP,200,37,0.08818659,0,0.0,True,-0.0018304040798364245,0.0002797382117054969
MLP,200,37,0.32658434,0,1.0,False,0.0030764570598638607,0.00791997191905115
MLP,200,37,0.45007426,0,1.0,False,0.0019173248954467007,0.003008632685937267
MLP,200,37,0.13644826,0,0.0,True,-0.002897941547488327,-0.0025791461685904632
MLP,200,37,0.80752254,1,1.0,True,0.010953738662576814,0.009168310028447623
MLP,200,37,0.23603044,0,0.0,True,0.013303109702170888,0.006989238879428945
MLP,200,37,0.16616747,0,1.0,False,0.004209393131421968,-0.00076667957953655
MLP,200,37,0.26020506,0,1.0,False,-0.001418845727985078,0.0020602333184820184
MLP,200,37,0.24441323,0,1.0,False,0.007198257485944138,-0.0004139927061201649
MLP,200,37,0.15613574,0,1.0,False,0.012289817641365603,0.00496241126337805
MLP,200,37,0.32996234,0,0.0,True,-0.005615351968800385,-0.003816557197042309
MLP,200,37,0.16167195,0,0.0,True,0.0009784459604493037,0.00037881772355475684
MLP,200,37,0.22607516,0,0.0,True,0.001946927708718663,0.004269209402653485
MLP,200,37,0.2552783,0,1.0,False,0.006463718882840537,0.0058507900999458995
MLP,200,37,0.100996524,0,1.0,False,0.007982452830187883,0.0073486739626419245
MLP,200,37,0.32070422,0,1.0,False,0.0027490355148865287,0.009357329432811031
MLP,200,37,0.38586614,0,1.0,False,0.0025271605661270325,0.0021342300136912252
MLP,200,37,0.14306036,0,0.0,True,-0.007224623127756834,0.003010483912826515
MLP,200,37,0.08480965,0,0.0,True,-0.0049258478537895925,-0.0022934617162650734
MLP,200,37,0.10210969,0,0.0,True,0.008434101032543417,0.009866066124575645
MLP,200,37,0.40363,0,1.0,False,0.006615949135836998,0.0072882082981889085
MLP,200,37,0.48613408,0,1.0,False,0.003463670308972662,0.0022135883385909013
MLP,200,37,0.21816182,0,1.0,False,-0.002625863606663072,0.0013252754685405617
MLP,200,37,0.15855078,0,0.0,True,0.002718319622871668,0.0026256103023111943
MLP,200,37,0.054638907,0,0.0,True,0.0008189637106966203,-0.0016473678273573353
MLP,200,37,0.08805781,0,0.0,True,-0.005229616826074749,0.0004993415001161633
MLP,200,37,0.15173225,0,1.0,False,0.015376397031904228,0.017506037620762065
MLP,200,37,0.46659452,0,1.0,False,0.007022555753590206,0.004094876858176971
MLP,200,37,0.21680337,0,1.0,False,-0.0007546977508714259,0.002642478650083951
MLP,200,37,0.45551127,0,0.0,True,0.007932935770791877,0.0005986344144120315
MLP,200,37,0.09698102,0,0.0,True,0.007524831662380365,0.003782837613864317
MLP,200,37,0.117629334,0,0.0,True,-0.002060479158334736,0.002770552959640409
MLP,200,37,0.12129342,0,0.0,True,0.0017361945355392062,-0.0014362164870428897
MLP,200,37,0.302304,0,1.0,False,-0.002435312944585801,0.004409818477523463
MLP,200,37,0.2716384,0,1.0,False,0.007286492824117889,0.0073048261561657465
MLP,200,37,0.09239698,0,0.0,True,0.0019768312965863584,-0.0002087247187872434
MLP,200,37,0.19243552,0,0.0,True,0.0076381507798773335,0.0048865893939460696
MLP,200,37,0.31618756,0,1.0,False,0.006248630721976939,0.008280386365267975
MLP,200,37,0.08468989,0,0.0,True,0.0022087302605002953,-0.003906761981591521
MLP,200,37,0.19889717,0,0.0,True,-0.006898426565555514,-0.005026334946086998
MLP,200,37,0.07788148,0,0.0,True,0.006631961405829942,0.003222917580598712
MLP,200,37,0.36933017,0,0.0,True,0.011487601435235409,-0.0006015998313906025
MLP,200,37,0.6735462,1,1.0,True,0.002738252332652895,0.004231980141864697
MLP,200,37,0.90039814,1,0.0,False,0.001875421393769755,-0.001420856471349229
MLP,200,37,0.57423663,1,1.0,True,0.001197609615524001,0.007724852199362536
MLP,200,37,0.80260587,1,1.0,True,0.0098458418718785,0.008282583831376176
MLP,200,37,0.12362417,0,0.0,True,0.006669894520285987,0.0022008663812715834
MLP,200,37,0.13103412,0,0.0,True,-0.0012562221105413352,-0.0017126261682250028
MLP,200,37,0.36459255,0,1.0,False,0.010054730929354695,0.006473620466196137
MLP,200,37,0.33040494,0,1.0,False,0.006273733026858058,0.010372042621214493
MLP,200,37,0.6323441,1,1.0,True,0.003392289996338932,0.008538094567012884
MLP,200,37,0.10727763,0,0.0,True,-0.004909972407648593,-0.006433810690315864
MLP,200,37,0.6607607,1,1.0,True,0.001836320421713146,0.0024938381390194908
MLP,200,37,0.09228805,0,0.0,True,0.002399728444372322,0.003364304181024998
MLP,200,37,0.21183944,0,1.0,False,0.001949551907002722,0.004852622910435285
MLP,200,37,0.25585562,0,0.0,True,-0.001715643557546567,-0.0006624333949234729
MLP,200,37,0.093532704,0,0.0,True,0.003561688599632748,0.005409380950284866
MLP,200,37,0.06126531,0,0.0,True,-0.007353126245426294,-0.0028125267170989467
MLP,200,37,0.084989496,0,0.0,True,-0.008040656532749763,-0.0030227986146277074
MLP,200,37,0.2556431,0,1.0,False,0.0007286487393295769,0.007132499745810302
MLP,200,37,0.17728375,0,0.0,True,0.0072109673598939605,0.003960882435779065
MLP,200,37,0.21401756,0,0.0,True,-0.0012138020668287647,-0.004618684093659345
MLP,200,37,0.2356956,0,0.0,True,0.001899638810499167,0.0006955226733115185
MLP,200,37,0.2304585,0,0.0,True,0.004249850867193554,0.002571045811527275
MLP,200,37,0.27150196,0,1.0,False,0.007001530828458935,0.003469301309321642
MLP,200,38,0.09454528,0,0.0,True,-0.005080943553187266,-0.00058469858907194
MLP,200,38,0.58354616,1,1.0,True,0.0029427438896430153,0.004913643228079568
MLP,200,38,0.11768782,0,1.0,False,0.010591758642426495,0.00580691120426857
MLP,200,38,0.09573085,0,1.0,False,0.0072858305925965336,0.008009672834015678
MLP,200,38,0.30428028,0,0.0,True,-0.0012159283268460032,0.0019048624907986376
MLP,200,38,0.14259973,0,1.0,False,0.013927157721195243,0.010482747142069529
MLP,200,38,0.12637968,0,0.0,True,0.00032746838575285585,0.0016089629000312527
MLP,200,38,0.8257458,1,1.0,True,0.004784974463634924,0.006205563311815033
MLP,200,38,0.30522785,0,1.0,False,0.010383197829848565,0.005850692701863515
MLP,200,38,0.70047337,1,1.0,True,0.0062899581679046745,0.003635264878124766
MLP,200,38,0.12592402,0,0.0,True,-0.0005231978956684685,-0.00039998586481987267
MLP,200,38,0.30883297,0,1.0,False,0.00878090481652381,0.004869062757991096
MLP,200,38,0.112512074,0,1.0,False,0.010588028704915023,0.01066322350828459
MLP,200,38,0.21074641,0,1.0,False,0.003115456980888244,0.007984695282584322
MLP,200,38,0.18209329,0,1.0,False,0.006591423818964485,0.006252450994674853
MLP,200,38,0.112226814,0,1.0,False,0.008854459072412436,0.007716398890414688
MLP,200,38,0.11868486,0,0.0,True,0.0029576695284643756,-0.0013173891402526398
MLP,200,38,0.1458389,0,0.0,True,0.007156067687022741,-0.0003052941798282583
MLP,200,38,0.63600284,1,1.0,True,-0.005953211937456769,0.001593562514117888
MLP,200,38,0.1122083,0,0.0,True,0.0012548407630939944,0.0018379090471365956
MLP,200,38,0.13135625,0,1.0,False,0.0005470825649984638,0.0021096636891693933
MLP,200,38,0.67910284,1,1.0,True,0.0033467217180310265,0.006147931097462809
MLP,200,38,0.56480694,1,1.0,True,0.008889904446529012,0.01007201817361869
MLP,200,38,0.14403175,0,0.0,True,0.008590953599200436,0.002114959021679767
MLP,200,38,0.112886034,0,0.0,True,-0.0033483419849541147,-0.0032328113210396366
MLP,200,38,0.8577213,1,1.0,True,0.005057653908914427,0.0052559517667910205
MLP,200,38,0.26420152,0,0.0,True,-0.00012910771223524056,0.0008254591892797711
MLP,200,38,0.26686233,0,1.0,False,-0.003674708166171514,0.0022092481317002874
MLP,200,38,0.13265772,0,1.0,False,0.013807067377788076,0.010718880046843196
MLP,200,38,0.12506674,0,0.0,True,-0.00644777997463288,-0.0018814949982397106
MLP,200,38,0.4588435,0,0.0,True,0.0016375473719240188,-0.0002457342041916586
MLP,200,38,0.8456794,1,1.0,True,0.008237694124869558,0.0011301592329597064
MLP,200,38,0.31363446,0,0.0,True,0.0009403136784669739,0.0026781533803207683
MLP,200,38,0.28174323,0,1.0,False,-0.002964885700511605,0.006398226514899282
MLP,200,38,0.076814815,0,1.0,False,0.0005328474881195107,0.0010095803979402055
MLP,200,38,0.24017832,0,0.0,True,0.00461276994873842,0.0004650510932579678
MLP,200,38,0.29284158,0,0.0,True,0.0055775076260573654,0.0015111123828300517
MLP,200,38,0.71751875,1,1.0,True,-0.000204484128428269,0.004052498412837769
MLP,200,38,0.57388985,1,0.0,False,0.0034157564764806534,0.005036147503944053
MLP,200,38,0.08924753,0,0.0,True,-0.0021326605875478747,0.0006065734512678239
MLP,200,38,0.27109727,0,0.0,True,0.00045274543052944077,0.0004037389909917579
MLP,200,38,0.12563121,0,1.0,False,0.001658291457286432,0.003123425692695214
MLP,200,38,0.12520923,0,1.0,False,-0.00010055281507496212,0.0014105289057929882
MLP,200,38,0.14370733,0,1.0,False,-0.00015908053611747642,0.0020041280540741336
MLP,200,38,0.22768556,0,0.0,True,-0.005904544598534839,-0.00551619583940098
MLP,200,38,0.71305454,1,1.0,True,0.00712159972656919,0.006233667534488184
MLP,200,38,0.22155571,0,1.0,False,-0.00027466137473022254,0.0025984428750609975
MLP,200,38,0.22556254,0,1.0,False,0.006942735878385437,0.0093265325256273
MLP,200,38,0.1045888,0,0.0,True,0.008576761207573924,0.008548955124078807
MLP,200,38,0.06739176,0,0.0,True,0.0028056081650421967,-0.0007389411592943037
MLP,200,38,0.1758196,0,1.0,False,-0.009453100635538513,-0.0041058610377087525
MLP,200,38,0.08622556,0,0.0,True,-0.010252130445959023,-0.007456654111277058
MLP,200,38,0.09657065,0,1.0,False,0.004758398158492049,0.0032103352237287867
MLP,200,38,0.14090572,0,0.0,True,0.0048830014950777606,0.0008674143423660404
MLP,200,38,0.17001927,0,0.0,True,0.0010548985049343453,0.004155654061609016
MLP,200,38,0.67444354,1,1.0,True,-0.0066928143396571636,0.004475626183299844
MLP,200,38,0.3709709,0,1.0,False,0.01145511932911571,0.009718841270809075
MLP,200,38,0.16264349,0,1.0,False,0.004210567253881094,0.005981166156134012
MLP,200,38,0.07600379,0,0.0,True,-0.00035938779871799763,0.0009491609331622145
MLP,200,38,0.25874117,0,1.0,False,0.00562795985324382,0.003878911507787337
MLP,200,38,0.17055272,0,1.0,False,1.8711935541088874e-05,-0.00035584351909505183
MLP,200,38,0.30117467,0,1.0,False,0.005320664746985376,-5.5623745293120336e-05
MLP,200,38,0.11805199,0,0.0,True,0.0022477086378016827,-0.0020284608275091204
MLP,200,38,0.15142591,0,0.0,True,0.0021179147214370896,0.001291358548433838
MLP,200,38,0.09456459,0,0.0,True,-0.0011021490904062708,-0.0018670523781691816
MLP,200,38,0.14279188,0,0.0,True,-0.0016616598561362756,-0.0007338152742819399
MLP,200,38,0.3473355,0,1.0,False,0.012636663572681579,0.009471582081129047
MLP,200,38,0.06780092,0,1.0,False,-0.000200944775878528,-0.0035012419241853923
MLP,200,38,0.2813481,0,0.0,True,-0.007339197089709228,-0.004559521258790121
MLP,200,38,0.11163595,0,0.0,True,-0.0048347408491925875,-0.0018251492962509516
MLP,200,38,0.3496783,0,1.0,False,0.019962092304256482,0.02167974468058168
MLP,200,38,0.17221558,0,0.0,True,0.0037533585200957348,0.0006130634622008153
MLP,200,38,0.10160131,0,0.0,True,-0.012320909883160982,-0.00844787703845339
MLP,200,38,0.69315493,1,1.0,True,0.008625895912219815,0.01207314669467714
MLP,200,38,0.08605413,0,1.0,False,0.004886727821023187,0.0048011178346268795
MLP,200,38,0.17645988,0,0.0,True,-0.005388086530782239,-0.006662432757320429
MLP,200,38,0.12591682,0,1.0,False,0.006508884873806764,0.0028773144913967273
MLP,200,38,0.5348224,1,1.0,True,0.005317308989925656,0.006162434118266621
MLP,200,38,0.064317845,0,0.0,True,0.0009791978715404756,0.0025716779521708696
MLP,200,38,0.6360415,1,1.0,True,0.0071561571191397,0.008810977144791121
MLP,200,38,0.1297467,0,0.0,True,0.001141783120504245,-0.0003925933768702136
MLP,200,38,0.18880968,0,0.0,True,-0.0011222768960026793,0.0015388155068062216
MLP,200,38,0.150008,0,1.0,False,-0.003624323270368094,-0.004314178361730976
MLP,200,38,0.17073354,0,1.0,False,0.00037093619461257984,0.003087705491372475
MLP,200,38,0.3001392,0,1.0,False,0.005861209520281001,0.006001915987376425
MLP,200,38,0.19789544,0,1.0,False,-0.0017644168765563603,0.007198421593913551
MLP,200,38,0.42761844,0,1.0,False,0.008386217305738691,0.007098051820011083
MLP,200,38,0.27985072,0,0.0,True,-0.005008712934102745,-0.004818744646674832
MLP,200,38,0.25633836,0,0.0,True,-0.007582565201924801,-0.005964250859392184
MLP,200,38,0.12067398,0,0.0,True,-0.00020112609850459292,-0.0005291266723086153
MLP,200,38,0.13052343,0,0.0,True,0.004455108011332743,0.006356076753339092
MLP,200,38,0.18067917,0,1.0,False,0.0012564070477374578,0.00309854663047131
MLP,200,38,0.16835855,0,0.0,True,0.005240661459028778,0.003443137976315758
MLP,200,38,0.09501042,0,0.0,True,-0.009383429673564824,-0.004243270206344564
MLP,200,38,0.3928444,0,1.0,False,0.009276407095763576,0.006196831833417835
MLP,200,38,0.2969017,0,0.0,True,-0.0001398856939884216,0.002331843190342748
MLP,200,38,0.32279474,0,0.0,True,0.003770757744569921,-0.0009838406474576703
MLP,200,38,0.073308796,0,0.0,True,0.0010033198363137846,0.0004770384132486725
MLP,200,38,0.6112637,1,1.0,True,0.003818934480379731,-0.0006801524513905446
MLP,200,38,0.16252449,0,1.0,False,0.000973385946918567,0.004681949421318625
MLP,200,39,0.103063844,0,0.0,True,-0.00928055813863008,-0.004517735563925217
MLP,200,39,0.67540884,1,1.0,True,0.002759299571566862,0.0025390137588351394
MLP,200,39,0.10486319,0,0.0,True,-0.001959798994974874,0.0031486146095717885
MLP,200,39,0.78784347,1,1.0,True,0.003259531848341637,0.002083754270155606
MLP,200,39,0.07559939,0,0.0,True,-0.006183744859467225,-0.0038557095202116773
MLP,200,39,0.12301883,0,0.0,True,0.001113488020520324,0.005096523917335929
MLP,200,39,0.27545375,0,0.0,True,0.008825025149768535,0.0017959887789516845
MLP,200,39,0.19147266,0,0.0,True,0.008861203041939221,0.0036665177157545192
MLP,200,39,0.15411004,0,0.0,True,0.006504517113403639,0.004280190558888929
MLP,200,39,0.21476611,0,1.0,False,0.008761798626555798,0.007835740196181391
MLP,200,39,0.20983711,0,0.0,True,-0.0013590281541227707,0.0017607653720267862
MLP,200,39,0.11340768,0,0.0,True,-0.008948337568100493,-0.005923170702900987
MLP,200,39,0.06440956,0,0.0,True,-0.010411962079728661,-0.007238606964448419
MLP,200,39,0.07687871,0,1.0,False,0.008937712895868834,0.012537184780568877
MLP,200,39,0.0570417,0,0.0,True,-0.0017660127686062752,-0.0019209425971107865
MLP,200,39,0.12533392,0,0.0,True,0.003968098980393764,-0.0004047268296574511
MLP,200,39,0.14038374,0,1.0,False,-0.0026462028085163358,0.002689759764968969
MLP,200,39,0.16370901,0,0.0,True,-0.0001590199694451428,-0.0020745940746314546
MLP,200,39,0.19819789,0,0.0,True,-4.134085479802467e-05,0.0017975274960018812
MLP,200,39,0.12443164,0,0.0,True,-0.0023134101365956303,-0.0006796771592534369
MLP,200,39,0.2860116,0,1.0,False,-0.004338318414493239,0.002930887878635136
MLP,200,39,0.2750941,0,1.0,False,0.004812821254238212,0.009787898971848239
MLP,200,39,0.23146439,0,0.0,True,0.0033024500359294974,0.00333510901646006
MLP,200,39,0.08113739,0,0.0,True,0.002309254061133068,0.005639513138305422
MLP,200,39,0.10570688,0,0.0,True,-0.008206995091919899,-0.0031639885595334343
MLP,200,39,0.19598728,0,1.0,False,0.000986576657885406,0.003289190698848517
MLP,200,39,0.48201326,0,1.0,False,0.008882426533476005,0.005551552043397926
MLP,200,39,0.10854804,0,0.0,True,-0.001922620612135004,-0.0030388912201151624
MLP,200,39,0.2696934,0,1.0,False,0.00014091666021000807,0.0008204379773902755
MLP,200,39,0.07367945,0,0.0,True,-0.009302794647162542,-0.0036833661343766526
MLP,200,39,0.11090185,0,0.0,True,0.0030198999799331146,-0.00024511267248686813
MLP,200,39,0.105666116,0,1.0,False,0.004171170777407494,0.005088599274089267
MLP,200,39,0.65582174,1,1.0,True,0.007071022279816718,0.0033355333768560844
MLP,200,39,0.24540436,0,0.0,True,0.004913013854479528,0.003112072505078791
MLP,200,39,0.086131044,0,0.0,True,-0.0018821409014525268,-0.007779971913938175
MLP,200,39,0.23551978,0,0.0,True,-0.003421943336017471,-0.0007856756867847988
MLP,200,39,0.091801,0,0.0,True,-0.0013122834441121182,0.002388095878314646
MLP,200,39,0.88003516,1,1.0,True,0.005724948425678627,0.008938191187310504
MLP,200,39,0.32262796,0,1.0,False,0.006077585956173025,0.004606779887886847
MLP,200,39,0.26774502,0,1.0,False,0.010195531494016485,0.003958190885464475
MLP,200,39,0.1702503,0,1.0,False,0.0038031357522869203,0.006153321900701494
MLP,200,39,0.16730422,0,1.0,False,0.010188667526367278,0.00797331080210827
MLP,200,39,0.65821916,1,1.0,True,0.008789529220653108,0.007550750595598308
MLP,200,39,0.55223274,1,1.0,True,-0.0004035298024122077,0.0025176712818900087
MLP,200,39,0.7709338,1,1.0,True,0.008927594040086645,0.007311880596140945
MLP,200,39,0.1583764,0,1.0,False,0.00556410566897152,0.000796145841955909
MLP,200,39,0.21386635,0,0.0,True,0.0003800091456641744,0.0031581423033928313
MLP,200,39,0.60112244,1,1.0,True,0.012392620034376826,0.0031017806845805057
MLP,200,39,0.20228903,0,0.0,True,0.011182356129464704,0.0027470184776632856
MLP,200,39,0.6098202,1,1.0,True,0.00795166015113762,0.00129653412715256
MLP,200,39,0.45455065,0,1.0,False,-0.0016949496814196894,0.006205022540493375
MLP,200,39,0.40640748,0,1.0,False,0.0029751498510510984,0.006357683345217801
MLP,200,39,0.22156166,0,0.0,True,-0.00693501949689297,-0.004861725353717756
MLP,200,39,0.7259299,1,1.0,True,-0.0014435856125390473,0.0010730300804966024
MLP,200,39,0.2599804,0,0.0,True,-0.0059954405564217805,-0.010751601222320304
MLP,200,39,0.1360163,0,0.0,True,-0.0037691790453637827,-0.005340417741201884
MLP,200,39,0.2619926,0,0.0,True,0.0034164808034121853,0.005843373601558094
MLP,200,39,0.094308436,0,0.0,True,0.0033024286775695604,-0.000996557899812705
MLP,200,39,0.1094649,0,0.0,True,-0.00047726372016195786,-0.004684804546974442
MLP,200,39,0.16341561,0,1.0,False,0.003207868929585454,0.0050796834655263455
MLP,200,39,0.5922508,1,1.0,True,-0.0026932361967144623,0.0012328148744206906
MLP,200,39,0.35524327,0,1.0,False,0.0023461759407228558,0.004616196259832669
MLP,200,39,0.20765164,0,1.0,False,-0.00362047022278636,0.001031318908214889
MLP,200,39,0.34532824,0,1.0,False,-0.003922288893714783,0.0035749141101030567
MLP,200,39,0.15729879,0,0.0,True,0.0017721851006651244,0.0011783860393055853
MLP,200,39,0.13858974,0,0.0,True,0.006308603620401845,0.0018658587371196936
MLP,200,39,0.34392592,0,1.0,False,-0.006504360831649044,-0.0014079154502289457
MLP,200,39,0.17687339,0,1.0,False,0.01226832539263551,0.006201905376998284
MLP,200,39,0.52666795,1,1.0,True,0.0033128208070551746,0.007757874997564348
MLP,200,39,0.63025093,1,1.0,True,0.0032604119458009002,0.0058386198269250395
MLP,200,39,0.09462554,0,0.0,True,-0.0006708439423117547,-0.0053333981664314455
MLP,200,39,0.1599335,0,0.0,True,-0.00851280810535508,-0.002185273327624336
MLP,200,39,0.19200496,0,0.0,True,-0.014683526083552452,-0.007918370377649342
MLP,200,39,0.12082532,0,0.0,True,-0.00913596596916146,-0.006713954357077463
MLP,200,39,0.13987096,0,0.0,True,-0.007063681264018734,-0.002622856709159181
MLP,200,39,0.11320564,0,0.0,True,-0.000914509462053242,0.003972884647697202
MLP,200,39,0.09799615,0,0.0,True,-0.007655315608443882,-0.004222782388873314
MLP,200,39,0.2723693,0,0.0,True,0.00048318039293326686,0.0011114705780295784
MLP,200,39,0.07126718,0,0.0,True,-0.0004712450470269711,0.0008394796791437075
MLP,200,39,0.17894243,0,0.0,True,0.010509355709957601,0.0035337434962951927
MLP,200,39,0.15710105,0,1.0,False,0.005010983878706793,0.004775844707626497
MLP,200,39,0.29043669,0,1.0,False,0.011136797917508523,0.0061540368735046305
MLP,200,39,0.44821197,0,1.0,False,0.005542336845958315,0.00919247713446208
MLP,200,39,0.45586395,0,1.0,False,0.0019723330757936306,0.003961347270404032
MLP,200,39,0.07798417,0,0.0,True,-0.0009164189072845429,0.0006930423528353644
MLP,200,39,0.40995768,0,1.0,False,0.007605628663271154,0.007774152915821774
MLP,200,39,0.48586586,0,1.0,False,0.025800982591111837,0.011607581434617074
MLP,200,39,0.5095843,1,1.0,True,0.005622249269202711,0.004500604770458125
MLP,200,39,0.18945503,0,0.0,True,-0.001575723514495723,-1.6815444681856463e-05
MLP,200,39,0.33469346,0,1.0,False,0.008123451639376325,0.005499303758337398
MLP,200,39,0.25486872,0,1.0,False,0.005927441553132018,0.0018626223148363002
MLP,200,39,0.054105252,0,0.0,True,0.003993293038722054,0.0046557237480429736
MLP,200,39,0.07327312,0,0.0,True,-0.0025178724818434614,-0.003506246691566775
MLP,200,39,0.45294112,0,0.0,True,0.007567756133493947,0.009603561547327099
MLP,200,39,0.35609362,0,1.0,False,0.008874667622760766,0.004742486549369862
MLP,200,39,0.07361851,0,0.0,True,-0.0004532943210852535,-0.002847541430431745
MLP,200,39,0.41331145,0,1.0,False,0.017327456614815488,0.013892122991644398
MLP,200,39,0.09204816,0,0.0,True,0.004274526249334723,0.003399840172189556
MLP,200,39,0.092749305,0,1.0,False,0.009629448443157156,0.009228150273009755
MLP,200,39,0.36523122,0,1.0,False,-0.003277833766021367,0.0035904480508133258
MLP,200,40,0.57285696,1,1.0,True,0.011835692024229688,0.008115301690218775
MLP,200,40,0.22335155,0,1.0,False,0.009123624412672358,0.008642068306962736
MLP,200,40,0.82856625,1,1.0,True,0.005637601433018994,0.005351300615837006
MLP,200,40,0.15301248,0,0.0,True,0.0026385389349999964,0.0011560132121524083
MLP,200,40,0.17712218,0,0.0,True,-0.003463928812346898,-0.0013581533352595996
MLP,200,40,0.21399778,0,1.0,False,0.007429454203159815,0.008006365262871833
MLP,200,40,0.22059485,0,0.0,True,0.001401784551446408,-0.0018438973010140981
MLP,200,40,0.08013257,0,0.0,True,-0.0008989479989137587,0.001340829373940257
MLP,200,40,0.13503827,0,0.0,True,0.003467309599269574,0.0008311119624177072
MLP,200,40,0.4920246,0,1.0,False,0.0038599409664375416,-0.0006405389095484268
MLP,200,40,0.24967968,0,0.0,True,-0.0034113184104648626,-0.0016814046218303087
MLP,200,40,0.08750533,0,0.0,True,-0.0010970924214867043,-0.0026879012689494377
MLP,200,40,0.837609,1,1.0,True,0.000977836760159714,9.740804545437162e-05
MLP,200,40,0.28716272,0,0.0,True,-0.004026620748064118,-0.0008626087697556746
MLP,200,40,0.08301743,0,0.0,True,0.008709831283247954,0.0018008422226721056
MLP,200,40,0.11218676,0,0.0,True,0.008368648117208924,0.0073815927736250115
MLP,200,40,0.59776086,1,1.0,True,0.0007316600141842362,0.0028216844865114987
MLP,200,40,0.33951595,0,1.0,False,0.00913846791942855,0.006742438235945196
MLP,200,40,0.15208803,0,0.0,True,-0.0015910018916013144,0.00011647743079615372
MLP,200,40,0.12180435,0,0.0,True,0.0021348370321508728,-0.0002511498610707286
MLP,200,40,0.1358655,0,0.0,True,-0.006834303196024953,-0.0019186182499438909
MLP,200,40,0.12622786,0,0.0,True,-0.0008186026137129142,0.00315920428225106
MLP,200,40,0.34953657,0,1.0,False,0.0011520683469476703,0.004178594674451626
MLP,200,40,0.38953882,0,1.0,False,0.011071142608605195,0.009512445722410296
MLP,200,40,0.146288,0,0.0,True,-0.00016917776850291556,-0.0029918851298592363
MLP,200,40,0.4548141,0,1.0,False,0.001143455481214947,0.001145892389692186
MLP,200,40,0.20490734,0,0.0,True,-0.0011557788944723617,0.0019143576826196474
MLP,200,40,0.39502406,0,1.0,False,-0.00529139570774878,0.0002320194037349929
MLP,200,40,0.44808653,0,1.0,False,0.0032508752079959545,0.007036859382468367
MLP,200,40,0.76986533,1,1.0,True,0.0015995671599266757,0.0048521419060569395
MLP,200,40,0.06781828,0,0.0,True,0.0009363327948694112,-0.0018545466122717263
MLP,200,40,0.056412026,0,0.0,True,0.0007747313886043639,-0.0031532973111737784
MLP,200,40,0.063439116,0,0.0,True,-0.004250130035342539,-0.0025040278919797373
MLP,200,40,0.53029525,1,1.0,True,0.014706590747970826,0.008547916103054382
MLP,200,40,0.60318786,1,1.0,True,0.005630256635306284,0.0017657383055770203
MLP,200,40,0.11678106,0,0.0,True,0.0072352785920602345,0.0016362409309494058
MLP,200,40,0.52158785,1,1.0,True,0.0009560850144851855,0.003904546640466545
MLP,200,40,0.7982778,1,1.0,True,0.005376206314538815,0.009395082093664603
MLP,200,40,0.1334124,0,0.0,True,-0.006792373277038493,-0.0005612878696821293
MLP,200,40,0.31819382,0,1.0,False,0.002856519312149134,0.0047231118837087974
MLP,200,40,0.11134232,0,0.0,True,0.0021762049162477675,0.0013511211353727194
MLP,200,40,0.06731558,0,0.0,True,0.00018014967828161056,-0.0016579251507421431
MLP,200,40,0.4916665,0,1.0,False,0.0035800904018306362,0.003710362331505641
MLP,200,40,0.14531726,0,0.0,True,0.005694425797878431,0.0012237890175371125
MLP,200,40,0.16548024,0,0.0,True,-0.004528775801052012,-0.0024498753631467174
MLP,200,40,0.15306985,0,0.0,True,-0.0029712540538963765,-0.003456354863645048
MLP,200,40,0.092119224,0,0.0,True,0.00997952243710403,0.00428694890140179
MLP,200,40,0.19085653,0,0.0,True,0.006430285467952812,0.002290506191357977
MLP,200,40,0.6654692,1,1.0,True,0.0035722362873389893,0.00541712561810129
MLP,200,40,0.30909792,0,1.0,False,0.0037469300280029393,0.007607084099335791
MLP,200,40,0.15964472,0,1.0,False,0.010417600308295727,0.00858139119918107
MLP,200,40,0.30088794,0,1.0,False,0.009765654432318343,0.010398466006079684
MLP,200,40,0.2070422,0,1.0,False,0.00758583283314724,0.009368163817612279
MLP,200,40,0.15622017,0,0.0,True,-0.00045223137487300567,0.0006044128201464587
MLP,200,40,0.104536586,0,0.0,True,0.0068576684997530835,0.0025659069637773515
MLP,200,40,0.23290864,0,1.0,False,0.006916254041036997,0.011242164330249734
MLP,200,40,0.77317756,1,1.0,True,0.010012680758604288,0.00880208958848385
MLP,200,40,0.26386875,0,0.0,True,0.004888447175490893,0.001804005086722451
MLP,200,40,0.25548574,0,0.0,True,-0.0006646454580842301,0.0029190381871221642
MLP,200,40,0.1438712,0,1.0,False,0.00472265307275431,0.006245036943941125
MLP,200,40,0.09966835,0,0.0,True,0.004220041696735224,0.0006562405649874431
MLP,200,40,0.18764497,0,0.0,True,0.007654526775570339,0.00608747444837098
MLP,200,40,0.07897232,0,0.0,True,-0.008658309387253014,-0.004952542716770218
MLP,200,40,0.11662167,0,0.0,True,-0.0037203267818929388,-0.0014375499227782323
MLP,200,40,0.12644456,0,0.0,True,0.004874356782402038,-0.0006549572609645926
MLP,200,40,0.7606818,1,1.0,True,0.02011725506699701,0.016944655795147836
MLP,200,40,0.0951037,0,0.0,True,-0.006403855400942463,-0.002616580902791568
MLP,200,40,0.1301727,0,0.0,True,-0.0038930804205602894,-0.003954652504928217
MLP,200,40,0.23611684,0,0.0,True,-0.0028661552770953085,-0.00010237198785269065
MLP,200,40,0.07552201,0,0.0,True,-0.008696436795802138,-0.0015646712460953187
MLP,200,40,0.5842258,1,1.0,True,0.002673868169887374,0.002523942758918487
MLP,200,40,0.5109867,1,1.0,True,0.00592268346737111,0.007401379986169748
MLP,200,40,0.09254472,0,0.0,True,0.0015402098828728732,0.0022995143165790988
MLP,200,40,0.11502127,0,0.0,True,-0.008557673580205554,-0.00031883090653858957
MLP,200,40,0.7141714,1,1.0,True,0.006013684959413955,0.002853074584879271
MLP,200,40,0.08198397,0,0.0,True,0.003960439953526439,0.004398175074625276
MLP,200,40,0.073812336,0,0.0,True,0.002547065315200658,0.0015722757076249922
MLP,200,40,0.13974515,0,0.0,True,-0.003672211674444295,-0.0016633017946243577
MLP,200,40,0.6595589,1,1.0,True,-0.0015755883050820967,0.004642243969097268
MLP,200,40,0.32730323,0,0.0,True,0.0003490059101831484,4.740089895186102e-05
MLP,200,40,0.19784448,0,0.0,True,-0.0033955681955807502,-0.0033015644537915164
MLP,200,40,0.7599225,1,0.0,False,0.002137835198771299,-0.0005293981768455186
MLP,200,40,0.7298651,1,1.0,True,-0.002273179845795878,0.0039437416097936355
MLP,200,40,0.05744787,0,0.0,True,-0.01120654912094923,-0.009699724920602972
MLP,200,40,0.39912853,0,0.0,True,-0.009252830426052487,0.0006793299339220495
MLP,200,40,0.2861919,0,0.0,True,-0.0036314569007887634,-0.0006184076000938741
MLP,200,40,0.20489624,0,1.0,False,0.006712900034910488,-0.00045004851548154177
MLP,200,40,0.73389375,1,1.0,True,0.007966019201234928,0.0072586871854149835
MLP,200,40,0.1992857,0,1.0,False,-0.006277004391163286,0.0026504773866258295
MLP,200,40,0.23875676,0,1.0,False,0.0048138674454019795,0.006713418103376582
MLP,200,40,0.07154735,0,0.0,True,-0.0008754313884511774,0.0019198454602006407
MLP,200,40,0.8820311,1,1.0,True,0.013276176434798824,0.010135911492301086
MLP,200,40,0.21911263,0,0.0,True,0.011759915314164603,0.007187069390033212
MLP,200,40,0.06436262,0,0.0,True,-0.009460892055423447,-0.006437906528699101
MLP,200,40,0.6644113,1,1.0,True,0.006834231173865741,0.004508813571534984
MLP,200,40,0.3895704,0,1.0,False,0.013969849246231153,0.011763224181360202
MLP,200,40,0.37051508,0,0.0,True,0.00997635114016237,0.004614689014231164
MLP,200,40,0.09017455,0,1.0,False,0.003224202129289003,0.005981828631674158
MLP,200,40,0.08969442,0,1.0,False,0.005728562926627606,0.0012846236816144675
MLP,200,40,0.3930845,0,1.0,False,0.00626225344623624,0.00645148860166089
MLP,200,41,0.096938096,0,0.0,True,0.009012194791490305,0.004426410025797236
MLP,200,41,0.91477865,1,1.0,True,0.010577570691282378,0.004958180871455172
MLP,200,41,0.7226002,1,1.0,True,0.008267707455140546,0.005746504554751102
MLP,200,41,0.7666094,1,1.0,True,0.0023194567199965044,0.005501170147534287
MLP,200,41,0.40122068,0,1.0,False,-0.010322409555244416,0.0006142305441370025
MLP,200,41,0.07585297,0,0.0,True,-0.0019171963381794002,0.0007970187321755989
MLP,200,41,0.14188832,0,0.0,True,-0.0004946301946087329,0.0014948446433313827
MLP,200,41,0.3094717,0,1.0,False,-0.003576147204985647,-0.00046942438420265637
MLP,200,41,0.11477496,0,0.0,True,-0.003718623902518823,0.0012090523254336364
MLP,200,41,0.072066434,0,0.0,True,0.0008095813446847893,-0.0011535281731333844
MLP,200,41,0.36261365,0,0.0,True,-0.001360339634443941,-0.0012127369472486836
MLP,200,41,0.4208968,0,1.0,False,0.0006374340633523857,0.0017292360448483259
MLP,200,41,0.22689724,0,1.0,False,0.010454012923513861,0.00851463543258523
MLP,200,41,0.083423875,0,0.0,True,-0.00690172310337344,-0.001728493615163087
MLP,200,41,0.12440293,0,1.0,False,0.004066761940701933,0.007326976879760468
MLP,200,41,0.15171482,0,1.0,False,0.008377652844609396,0.004268530799958753
MLP,200,41,0.34153605,0,1.0,False,0.004722170078694355,0.003071101867050024
MLP,200,41,0.10369578,0,0.0,True,-0.003552543758797337,0.00031995070853743445
MLP,200,41,0.40003395,0,1.0,False,0.009762080078095259,0.015455045046605513
MLP,200,41,0.122336626,0,1.0,False,0.006419310758873298,0.007468936129264692
MLP,200,41,0.20400889,0,1.0,False,0.0021198495137058184,-0.0012978829235569817
MLP,200,41,0.60322046,1,0.0,False,-0.005880868516366309,-0.0036542041992342544
MLP,200,41,0.49072707,0,1.0,False,0.006127639778573649,0.005135512886322279
MLP,200,41,0.050011262,0,0.0,True,0.0038357974390901975,0.0011228330919665474
MLP,200,41,0.2764618,0,1.0,False,0.007730987920691752,0.010093645687468041
MLP,200,41,0.22116764,0,1.0,False,0.018262756871718473,0.010477725468175198
MLP,200,41,0.7673477,1,1.0,True,0.011236838709934412,0.008997769024851084
MLP,200,41,0.13461047,0,0.0,True,-0.002577204053832691,-0.0011223895587660015
MLP,200,41,0.29918808,0,0.0,True,-0.008722951016692173,-0.003957271474463048
MLP,200,41,0.11239778,0,0.0,True,0.005351100620402196,0.0007537905649850787
MLP,200,41,0.14157894,0,0.0,True,-0.009298213311136016,-0.005619056244898502
MLP,200,41,0.25536257,0,1.0,False,0.0038045762554913425,0.008145559699108504
MLP,200,41,0.26861495,0,0.0,True,-0.006925830297585818,-0.005826300274168806
MLP,200,41,0.26093334,0,0.0,True,-0.0035179511156344296,-0.004609825624219145
MLP,200,41,0.2463146,0,1.0,False,0.004861841325518402,0.003491657566076399
MLP,200,41,0.3025161,0,1.0,False,0.0023513829714848513,0.006286789578588004
MLP,200,41,0.10724724,0,0.0,True,0.0034704140893004436,-0.0019377556923390858
MLP,200,41,0.28993267,0,0.0,True,-0.003067049992536758,-0.0003794781165990398
MLP,200,41,0.64671445,1,1.0,True,0.0036554857344857105,0.0011704885198501307
MLP,200,41,0.29486874,0,0.0,True,-0.010864956524135494,-0.0072388654551686265
MLP,200,41,0.092919596,0,0.0,True,0.004745379370332416,0.0018866980692136802
MLP,200,41,0.13274682,0,1.0,False,0.0044210649400353115,0.004155705631945026
MLP,200,41,0.11864111,0,1.0,False,0.006677594961074381,0.004075410389842646
MLP,200,41,0.20545511,0,0.0,True,0.000948529760900558,-0.0009386394794560124
MLP,200,41,0.12418716,0,0.0,True,-0.006819712212688097,-0.001496106686092201
MLP,200,41,0.69690734,1,1.0,True,0.012944354227771529,0.006982680527479598
MLP,200,41,0.17855433,0,0.0,True,0.00486130391150783,-0.0003676834648074643
MLP,200,41,0.67197627,1,1.0,True,0.007366442700364227,0.006075746845351453
MLP,200,41,0.68471295,1,1.0,True,0.00017145540513457264,0.0052154226148425215
MLP,200,41,0.08539583,0,0.0,True,0.0076132284786971545,0.0028684249821151623
MLP,200,41,0.71523374,1,1.0,True,0.009237307088709555,0.0032905356504720337
MLP,200,41,0.82036275,1,1.0,True,0.011792997785277676,0.00638012239992812
MLP,200,41,0.10357769,0,0.0,True,-0.007689040449218945,-0.0016631107425835983
MLP,200,41,0.11674641,0,0.0,True,0.002495617987604194,-0.0009743458174113618
MLP,200,41,0.14544538,0,0.0,True,-0.00360060947920181,-0.002776965319419632
MLP,200,41,0.099306785,0,0.0,True,0.003917485266205535,-0.0017655699088877145
MLP,200,41,0.48877916,0,1.0,False,0.0010446041741758708,0.0042510578046120896
MLP,200,41,0.55200857,1,1.0,True,0.004561764099401399,0.003920244878825228
MLP,200,41,0.07993099,0,1.0,False,0.003921075220598243,0.006623752439613036
MLP,200,41,0.49558267,0,1.0,False,0.01840319482237393,0.013974779559274477
MLP,200,41,0.42724976,0,1.0,False,0.012864127160203957,0.004537006190341789
MLP,200,41,0.33316162,0,1.0,False,0.011654920919670606,0.011605615206382192
MLP,200,41,0.30914658,0,1.0,False,0.0060271474220444715,0.001382334653512595
MLP,200,41,0.68499595,1,1.0,True,0.006733117644569585,0.0007300547120901865
MLP,200,41,0.69389397,1,1.0,True,0.0029963309188587983,0.0032253659250617646
MLP,200,41,0.25459346,0,1.0,False,0.009493872150762578,0.0065203335732281565
MLP,200,41,0.52300924,1,1.0,True,0.017248268852618733,0.008828441833829326
MLP,200,41,0.55497736,1,1.0,True,0.0050224723579914326,0.0015599510624543732
MLP,200,41,0.46565515,0,1.0,False,-0.0032650533692257246,0.002616010679972211
MLP,200,41,0.133722,0,0.0,True,-0.0009582464732093481,-0.006074150763920628
MLP,200,41,0.067925066,0,0.0,True,0.0007515795635490805,-0.006676748300537111
MLP,200,41,0.3444044,0,1.0,False,0.008705187604017893,0.007492250739652563
MLP,200,41,0.065014005,0,0.0,True,-0.0019684558009430454,-0.002200356615829686
MLP,200,41,0.35858738,0,1.0,False,0.01469415002516889,0.014374658050087277
MLP,200,41,0.1766063,0,0.0,True,0.008173907202395162,0.002174098435777894
MLP,200,41,0.25891536,0,0.0,True,-2.7915028948195555e-05,0.0015838553892552865
MLP,200,41,0.09101423,0,0.0,True,-0.0018597090943127082,-0.0027710159221096347
MLP,200,41,0.11071057,0,0.0,True,-0.0033300703977766125,0.0013990042822182214
MLP,200,41,0.20791118,0,0.0,True,0.0003309290332898056,-0.0016024813330362854
MLP,200,41,0.1634731,0,0.0,True,0.0013070035242360694,0.0037037730296137173
MLP,200,41,0.11958834,0,0.0,True,0.002041514756241287,0.0014160564624949366
MLP,200,41,0.83603776,1,1.0,True,0.01176835500157464,0.006558312392940899
MLP,200,41,0.0916073,0,0.0,True,0.0033599024333793174,0.0021842555453844485
MLP,200,41,0.21835044,0,1.0,False,0.002510598765509558,0.0034242449053493535
MLP,200,41,0.07018467,0,0.0,True,-0.001779964394790946,-0.004782879633661429
MLP,200,41,0.10196397,0,0.0,True,-0.002453235196121255,-0.002257389486534562
MLP,200,41,0.21906053,0,1.0,False,0.006557383167648629,0.0042316163395413504
MLP,200,41,0.37035137,0,1.0,False,0.003102222008917789,0.008044742939873341
MLP,200,41,0.15385747,0,0.0,True,0.004190143725711669,0.0032713242450245687
MLP,200,41,0.31995872,0,1.0,False,0.014715683709529704,0.01117520018258697
MLP,200,41,0.7484898,1,1.0,True,0.018278206605597737,0.010757079482307167
MLP,200,41,0.14096299,0,0.0,True,-0.004376400504820519,-0.005422014052483392
MLP,200,41,0.13447239,0,0.0,True,-0.001068561386242798,-0.001121664108555173
MLP,200,41,0.2087545,0,1.0,False,0.003981392694243241,0.0043760072250530625
MLP,200,41,0.69292706,1,1.0,True,0.0136819568171704,0.010514989797187905
MLP,200,41,0.17137164,0,1.0,False,-0.005386159262063311,0.0019194697554044675
MLP,200,41,0.30506405,0,1.0,False,0.021044028047627516,0.011121151502787153
MLP,200,41,0.09003526,0,0.0,True,0.0007994142143680601,-0.00101319020952172
MLP,200,41,0.8167395,1,1.0,True,0.003869497071404857,0.0037783059445632124
MLP,200,41,0.34736067,0,1.0,False,0.005223839482126956,0.003926564042160634
MLP,200,42,0.7798288,1,1.0,True,0.015895916006078144,0.009918542732054508
MLP,200,42,0.10755318,0,0.0,True,0.004412576118473379,0.004753020886824345
MLP,200,42,0.85851705,1,1.0,True,0.0075125758984081635,0.00625331286830064
MLP,200,42,0.19634365,0,0.0,True,-0.008067194802595365,-0.007408618466414913
MLP,200,42,0.5310307,1,0.0,False,-0.003411240025901765,-0.0008762345807454452
MLP,200,42,0.13858673,0,0.0,True,0.0012558181272043741,0.000501240411396583
MLP,200,42,0.58935857,1,1.0,True,0.0005231751875555313,-0.0012132471612403201
MLP,200,42,0.8732509,1,1.0,True,0.004505124191560653,0.0015412172444821352
MLP,200,42,0.684886,1,1.0,True,0.009138274948028326,0.005130424311952565
MLP,200,42,0.098469146,0,0.0,True,0.008320866257956836,0.0028056768915119164
MLP,200,42,0.10950065,0,0.0,True,0.001338835491719946,0.0026526167491723067
MLP,200,42,0.10736452,0,1.0,False,0.012340410448624826,0.007562080699874179
MLP,200,42,0.3132992,0,1.0,False,0.01687150627580069,0.011607832558391852
MLP,200,42,0.90376663,1,1.0,True,0.002208994186882654,0.006923127731359216
MLP,200,42,0.60367745,1,1.0,True,0.014709207425379322,0.010467146995173345
MLP,200,42,0.24592407,0,0.0,True,0.006630482706328987,0.002689715871331709
MLP,200,42,0.17623831,0,1.0,False,0.0008391799855032203,0.009153936706360982
MLP,200,42,0.45087942,0,1.0,False,-0.0019521884096991458,0.0006115467266355242
MLP,200,42,0.33498892,0,0.0,True,-0.010980365528355115,-0.0038265261205798966
MLP,200,42,0.8754777,1,1.0,True,0.001228076615136659,0.005508421841612182
MLP,200,42,0.39157748,0,1.0,False,0.0062549360114475296,0.004988721856604129
MLP,200,42,0.7490817,1,1.0,True,0.0023356468554425244,0.007781592501429184
MLP,200,42,0.08918747,0,0.0,True,-0.00512608263470652,-0.0021665911102337794
MLP,200,42,0.23837568,0,0.0,True,-0.0009386734343374641,-0.0029597962076750458
MLP,200,42,0.47015548,0,1.0,False,0.020011266176983324,0.013414837629567146
MLP,200,42,0.13615936,0,1.0,False,0.019178955171638076,0.011693968186205531
MLP,200,42,0.0923938,0,0.0,True,-0.003263197299736409,0.0016685349965134388
MLP,200,42,0.101452135,0,0.0,True,0.00024925945441282865,-0.0022938680890614038
MLP,200,42,0.09990089,0,0.0,True,0.008890099532951265,0.005537644811783624
MLP,200,42,0.42612094,0,0.0,True,-0.006039109970117027,-0.0008409182286913789
MLP,200,42,0.081191,0,0.0,True,0.003530099055232454,-0.0018281289893960135
MLP,200,42,0.09154425,0,0.0,True,0.008812332837695948,0.0005215132924070289
MLP,200,42,0.2802735,0,1.0,False,0.020949408429435514,0.012386265479334413
MLP,200,42,0.13219956,0,0.0,True,-0.006151959865362966,-0.002335157294623206
MLP,200,42,0.6752024,1,1.0,True,0.001922748450000546,0.0027332941699677185
MLP,200,42,0.24123505,0,1.0,False,0.012205624134310852,0.007322285316040606
MLP,200,42,0.62287855,1,1.0,True,0.013057084602917417,0.012787928666901701
MLP,200,42,0.23117295,0,0.0,True,-0.011148999939730182,-0.004605387902581235
MLP,200,42,0.32291883,0,1.0,False,0.006201205450013033,0.00971450979084371
MLP,200,42,0.15193836,0,0.0,True,-0.0021744882757645232,0.001243817437073268
MLP,200,42,0.06788387,0,0.0,True,0.0025769449486512394,0.0022297062406079152
MLP,200,42,0.29395044,0,1.0,False,0.011407687655918456,0.01564469132309366
MLP,200,42,0.99169755,1,1.0,True,0.011296197390845785,0.006027320080980691
MLP,200,42,0.22597544,0,0.0,True,0.0012765982214535186,-0.0029526478517227666
MLP,200,42,0.15105852,0,0.0,True,0.011736936788154857,0.009051699242028966
MLP,200,42,0.26772827,0,1.0,False,0.006308159659664056,0.007027425009840579
MLP,200,42,0.14313696,0,0.0,True,0.0034646165751870254,-0.00247321955010087
MLP,200,42,0.108158045,0,0.0,True,0.003084564413601954,0.0010272584045425172
MLP,200,42,0.2934995,0,1.0,False,0.012508740220591865,0.016041210918255253
MLP,200,42,0.21936232,0,1.0,False,0.008810539401634926,0.013014440526191077
MLP,200,42,0.2836271,0,1.0,False,0.003531186068380676,0.006990805699409077
MLP,200,42,0.33039787,0,0.0,True,-0.001100230794101382,-0.0028384711252454607
MLP,200,42,0.36035424,0,0.0,True,-0.002078846614022071,-0.0017339951066686697
MLP,200,42,0.36434665,0,0.0,True,0.0003467871231236863,-0.0027248148888896623
MLP,200,42,0.05798934,0,0.0,True,0.004437667293714139,-0.001823662629182814
MLP,200,42,0.15862885,0,0.0,True,0.006831461350696968,0.0029188056857059655
MLP,200,42,0.30416542,0,1.0,False,0.00889417147330949,0.006196271822634943
MLP,200,42,0.12577741,0,0.0,True,-0.007939839846203578,-0.0094418877634755
MLP,200,42,0.31546172,0,1.0,False,0.0058185619359289115,0.009939800848675332
MLP,200,42,0.14116006,0,0.0,True,0.0016072621960417117,0.0063467743546591375
MLP,200,42,0.11204938,0,0.0,True,-0.001408147136792379,-0.0018902613361066734
MLP,200,42,0.20598498,0,0.0,True,-0.0007042268348819821,-0.0025699345598601806
MLP,200,42,0.06313056,0,0.0,True,-0.0015819206109110447,-0.0044583529578691395
MLP,200,42,0.4958638,0,1.0,False,0.00904486576870712,0.012165689316660433
MLP,200,42,0.15495,0,0.0,True,0.005620942654902495,0.0058118782574333476
MLP,200,42,0.24873565,0,0.0,True,0.005599099208237683,0.0019880728469753328
MLP,200,42,0.3351705,0,1.0,False,0.008481072486107482,0.00530310841396141
MLP,200,42,0.22605772,0,1.0,False,0.018245897924762687,0.015150913469834342
MLP,200,42,0.6164966,1,1.0,True,-0.004967664431940988,0.0033326640452910816
MLP,200,42,0.09315784,0,0.0,True,0.0029292256550673417,0.00537844489512354
MLP,200,42,0.2374128,0,0.0,True,0.003868062723243648,0.0046837718735033345
MLP,200,42,0.058079533,0,0.0,True,-0.002814254078467261,-0.0003277459114433899
MLP,200,42,0.31146964,0,1.0,False,0.004392796308221972,0.0060663057425595895
MLP,200,42,0.24341583,0,0.0,True,-0.0017818569029866627,-0.0023914479224457787
MLP,200,42,0.41961274,0,1.0,False,0.0032720643401647777,0.006557891001778005
MLP,200,42,0.066749856,0,0.0,True,0.0023614817461523317,0.0019390792001387962
MLP,200,42,0.25897053,0,0.0,True,-0.004172208981549324,-0.0001521360160696236
MLP,200,42,0.07529463,0,0.0,True,0.004347517694957139,0.00748498582192306
MLP,200,42,0.16003087,0,0.0,True,0.005653605162485987,0.0008786141555785673
MLP,200,42,0.18999246,0,1.0,False,0.01050586146944927,0.008265100767715083
MLP,200,42,0.19201763,0,1.0,False,0.005111980572909117,0.01051628989822445
MLP,200,42,0.2849892,0,1.0,False,0.015197814509211708,0.012114056636434136
MLP,200,42,0.18518546,0,0.0,True,0.0038274135980933,0.000911442885410689
MLP,200,42,0.29749477,0,1.0,False,0.0031556077492495053,0.0012966011324098154
MLP,200,42,0.14189728,0,0.0,True,0.016884307162532194,0.010023952877867514
MLP,200,42,0.6806456,1,1.0,True,-0.0012629159611004688,0.0024369335028728415
MLP,200,42,0.5199935,1,1.0,True,0.015064993448768408,0.009987417879101295
MLP,200,42,0.08753085,0,0.0,True,-0.002909319573377563,-0.0030936426759728738
MLP,200,42,0.059579477,0,0.0,True,0.004766838957538638,0.0024338549581738433
MLP,200,42,0.14157422,0,0.0,True,-0.005680397325493308,-0.005140431382063106
MLP,200,42,0.10213665,0,0.0,True,0.0007033044149670762,-0.0016880322377102663
MLP,200,42,0.5033635,1,1.0,True,0.013213960967092288,0.008502319319371851
MLP,200,42,0.93945104,1,1.0,True,0.01122726683421545,0.0073796919828255396
MLP,200,42,0.11239636,0,0.0,True,0.0018425489531340691,0.00043673897725594613
MLP,200,42,0.18520497,0,1.0,False,0.005839371029039687,0.005978265402380785
MLP,200,42,0.108319,0,0.0,True,0.007280087305627264,0.0036963196290926057
MLP,200,42,0.22493362,0,0.0,True,0.002107007604983165,0.000777171561341153
MLP,200,42,0.8430074,1,1.0,True,0.0058220958397792585,0.002134668636909329
MLP,200,42,0.4765544,0,1.0,False,0.005527638190954773,0.002443324937027708
MLP,200,42,0.7763245,1,1.0,True,0.008814555279366336,0.008005558664825212
MLP,200,43,0.40635905,0,1.0,False,0.016240805774531856,0.011925749226208832
MLP,200,43,0.20287259,0,0.0,True,-0.00694228585160045,-5.773020969216832e-05
MLP,200,43,0.5775445,1,1.0,True,0.005427125632156881,0.00604536522417736
MLP,200,43,0.15535301,0,0.0,True,0.006830019598135946,0.0005750789363664644
MLP,200,43,0.4035281,0,1.0,False,0.00784002532136975,0.01015213454860523
MLP,200,43,0.09761835,0,0.0,True,-0.004866925717985906,-0.006016206543468538
MLP,200,43,0.19319263,0,1.0,False,0.004077754839382834,0.005268078819606353
MLP,200,43,0.45566645,0,1.0,False,0.0013995000399087453,0.002536796862476263
MLP,200,43,0.63382834,1,1.0,True,0.0011847367471256186,0.0029296284239893476
MLP,200,43,0.10653601,0,0.0,True,-0.00031844308472593516,0.0020251879063813627
MLP,200,43,0.8501263,1,1.0,True,0.011507873089208694,0.015275967191116985
MLP,200,43,0.051900037,0,0.0,True,-6.139932531793299e-05,9.135721634160587e-05
MLP,200,43,0.11046464,0,0.0,True,-0.0073549719509224815,-0.002284288437791828
MLP,200,43,0.098148815,0,0.0,True,-0.008403530819282353,-0.004720733422505957
MLP,200,43,0.08119029,0,0.0,True,-0.004975418685505827,-0.002443840391009579
MLP,200,43,0.801833,1,1.0,True,0.010131625408549755,0.014642571252541607
MLP,200,43,0.6097275,1,1.0,True,0.007873901908850863,0.012553161632277638
MLP,200,43,0.14847681,0,0.0,True,-0.0009846066841586421,0.00400006588803786
MLP,200,43,0.12287006,0,0.0,True,0.0005151791274877372,0.0007460939896463778
MLP,200,43,0.12012592,0,0.0,True,-0.0020116117819588037,-0.004157710617631893
MLP,200,43,0.18669555,0,1.0,False,0.0027648611525443153,0.006677115563289844
MLP,200,43,0.06491376,0,0.0,True,0.00889040055311672,0.0021160091769090268
MLP,200,43,0.6535548,1,1.0,True,0.014856028221531613,0.009504447502860528
MLP,200,43,0.16946885,0,0.0,True,-0.007976914912597022,-0.00434531859052109
MLP,200,43,0.8558493,1,1.0,True,-0.0062864366575067455,0.002162230817833955
MLP,200,43,0.19392534,0,0.0,True,-0.0007813641093214147,-0.002117785609504166
MLP,200,43,0.8437087,1,1.0,True,0.0015129026956366063,0.0069898480877496295
MLP,200,43,0.8570956,1,1.0,True,0.011943205417778985,0.01094035819215385
MLP,200,43,0.095583364,0,0.0,True,0.002723302036460745,-0.0028146840031936272
MLP,200,43,0.8721965,1,1.0,True,0.009006467163902056,0.007564232720237075
MLP,200,43,0.7535815,1,1.0,True,0.011984792173879297,0.005891051705496845
MLP,200,43,0.06594528,0,0.0,True,-0.006404850780391034,-0.005997641428877472
MLP,200,43,0.92881763,1,1.0,True,0.008943226057088152,0.001871607790308654
MLP,200,43,0.511974,1,1.0,True,0.005730880071402489,0.007692792055842859
MLP,200,43,0.9356588,1,1.0,True,-0.0023843560913150235,0.0035041808035325738
MLP,200,43,0.05920302,0,0.0,True,0.00914320312525783,0.003799356040148603
MLP,200,43,0.26318648,0,1.0,False,0.0038037470202407536,0.00832496349850778
MLP,200,43,0.22689879,0,1.0,False,0.006921308790536497,0.005352714111748137
MLP,200,43,0.45819938,0,1.0,False,0.009187452060259683,0.013492570897838759
MLP,200,43,0.2675487,0,1.0,False,0.004321565522351067,0.004811483431653246
MLP,200,43,0.11874139,0,0.0,True,-0.008551643090232725,-0.006427801740176958
MLP,200,43,0.072406195,0,0.0,True,0.01429209451848865,0.0012834638246840735
MLP,200,43,0.14892949,0,0.0,True,-0.0013570864482889567,-0.0019901375476384033
MLP,200,43,0.64047503,1,1.0,True,0.018738848824731768,0.010952809554304332
MLP,200,43,0.07267124,0,0.0,True,-0.009456286370184487,-0.008223949163465317
MLP,200,43,0.30315486,0,0.0,True,0.0007517696739794125,0.0007550330247644276
MLP,200,43,0.90383184,1,1.0,True,0.0014015317586427683,0.0006495917060087731
MLP,200,43,0.30032647,0,0.0,True,0.003223298370969443,0.0018501143701185661
MLP,200,43,0.117232,0,0.0,True,0.005746155932134358,0.0028628177717159183
MLP,200,43,0.083985604,0,0.0,True,-0.003187477863009612,-0.0041019237440484664
MLP,200,43,0.102850966,0,0.0,True,-0.0017996922168369883,0.0016684671285822391
MLP,200,43,0.18658984,0,1.0,False,0.006012456870851323,0.007131396239297883
MLP,200,43,0.7143127,1,1.0,True,0.011853128983572514,0.007883642058918507
MLP,200,43,0.14546669,0,0.0,True,-0.0018889486792935542,-0.0012130114748617779
MLP,200,43,0.30721587,0,1.0,False,0.004309587024834093,0.003716078863791431
MLP,200,43,0.08883357,0,0.0,True,0.005194628243035768,0.004978297318937338
MLP,200,43,0.7319776,1,1.0,True,0.003051740348532767,0.0060539480739192
MLP,200,43,0.6461143,1,1.0,True,0.0025851110429865706,0.0037458068902699675
MLP,200,43,0.4044992,0,1.0,False,0.019426964524641575,0.014639943994339674
MLP,200,43,0.31492564,0,0.0,True,-0.0009727477832176944,-0.000472757503330314
MLP,200,43,0.17627355,0,0.0,True,0.0024065199892581188,-0.0016684980503466182
MLP,200,43,0.117894545,0,0.0,True,-0.0035678093889455744,-0.0051637234307301315
MLP,200,43,0.60712034,1,1.0,True,0.0037465144820169696,0.006425980666206251
MLP,200,43,0.16748881,0,0.0,True,-0.0029192210551326884,-0.001793736206717357
MLP,200,43,0.08966448,0,0.0,True,0.007187744159258762,0.005919793848232035
MLP,200,43,0.0799864,0,0.0,True,0.001693857150578119,8.576871338041108e-05
MLP,200,43,0.124375306,0,0.0,True,-0.0033231563363761967,-0.000534943118886489
MLP,200,43,0.20874661,0,1.0,False,0.013667948341338974,0.008891663803512851
MLP,200,43,0.7754392,1,1.0,True,0.0063684275888553285,0.011247926801853896
MLP,200,43,0.71122193,1,1.0,True,0.011110101346341527,0.010461991369522028
MLP,200,43,0.697676,1,1.0,True,0.006557257038501539,0.007299851193491746
MLP,200,43,0.07252658,0,0.0,True,0.0032322824499116222,0.0033416609089221435
MLP,200,43,0.08604301,0,0.0,True,-0.0017816260130413826,0.0011849408386467896
MLP,200,43,0.13770258,0,0.0,True,-0.010583813602925372,-0.0068338830042349195
MLP,200,43,0.18946905,0,1.0,False,0.010627792811522955,0.006753212446911917
MLP,200,43,0.19825003,0,0.0,True,-0.00034526163999705397,0.00038561779837654656
MLP,200,43,0.8505989,1,1.0,True,0.010881501651498357,0.009223011467435429
MLP,200,43,0.8015402,1,1.0,True,-0.0003586988110527538,0.005007100608056147
MLP,200,43,0.29382312,0,0.0,True,-0.001513040961085832,0.0011285657401156578
MLP,200,43,0.4770585,0,1.0,False,0.015544637865572641,0.017959325433213696
MLP,200,43,0.3371382,0,1.0,False,0.010525214049033988,0.013196434614999062
MLP,200,43,0.20889291,0,0.0,True,-0.0033002357492429163,-0.004091351866727219
MLP,200,43,0.6820703,1,1.0,True,0.004670742570362287,0.01095487750888535
MLP,200,43,0.11033613,0,0.0,True,-0.002363193390790007,-0.0037292231034039844
MLP,200,43,0.16136059,0,0.0,True,0.0010904299965215618,0.00366777579868818
MLP,200,43,0.12938629,0,1.0,False,0.008139743178519333,0.013978679272845471
MLP,200,43,0.8049426,1,1.0,True,0.013599927689810247,0.0066537501962655315
MLP,200,43,0.26221508,0,0.0,True,-0.002756982071713415,-0.0038473587968878157
MLP,200,43,0.75229275,1,1.0,True,0.004161650520182748,0.006038374244608398
MLP,200,43,0.0839086,0,0.0,True,-0.0002116049195206664,-0.0010194222730394893
MLP,200,43,0.6505844,1,1.0,True,0.0018464238202559298,0.009156112576403521
MLP,200,43,0.6804046,1,1.0,True,0.004412605561966732,0.008401823955095256
MLP,200,43,0.22537836,0,0.0,True,0.0006475681127849784,0.003095324098238436
MLP,200,43,0.85334253,1,1.0,True,0.005435297686756912,0.009705191068042063
MLP,200,43,0.54577076,1,1.0,True,0.0038103623355484487,0.008377830115431268
MLP,200,43,0.7024337,1,0.0,False,-0.002060452544735952,-0.0004787660644944112
MLP,200,43,0.4607164,0,1.0,False,0.009791111005163482,0.006030783550884982
MLP,200,43,0.799325,1,1.0,True,0.010886686312480263,0.006476928056526041
MLP,200,43,0.8449478,1,1.0,True,-0.0006444103921772327,0.004418847275629706
MLP,200,43,0.1374022,0,0.0,True,0.0046659766671465,0.0018309560251972968
MLP,200,44,0.7749239,1,1.0,True,0.012855120444557592,0.00918474568940428
MLP,200,44,0.680869,1,1.0,True,0.010236425604826347,0.004982483462769992
MLP,200,44,0.74256265,1,1.0,True,0.010836186225864098,0.014191341068619755
MLP,200,44,0.46698767,0,1.0,False,0.0016975739660716677,0.007042735291404092
MLP,200,44,0.4504637,0,1.0,False,0.009896566021691759,0.0054125681648771636
MLP,200,44,0.09104036,0,0.0,True,0.0011521508891988391,0.0002481626504058876
MLP,200,44,0.19469205,0,0.0,True,-0.008643426300721105,-0.0030670569007706597
MLP,200,44,0.31330383,0,0.0,True,0.0008762061534795772,-0.002674377499413852
MLP,200,44,0.15575376,0,1.0,False,0.005684528704009785,0.005693601282785396
MLP,200,44,0.6734694,1,1.0,True,0.005501495872444462,0.004410374872619099
MLP,200,44,0.21543542,0,0.0,True,-0.0006004159091804478,-0.002820093314687233
MLP,200,44,0.12936372,0,0.0,True,0.007227455707539215,0.005834756299526612
MLP,200,44,0.51827615,1,1.0,True,0.004326528582120689,0.005596272729827274
MLP,200,44,0.2990917,0,0.0,True,-0.002135594933518185,-0.0059443184327161985
MLP,200,44,0.88864625,1,1.0,True,0.005861045606904321,0.007892212753196116
MLP,200,44,0.13059296,0,0.0,True,0.0035161358143945875,0.004381863769025721
MLP,200,44,0.2024646,0,1.0,False,0.00838723556505429,0.0074775032011687465
MLP,200,44,0.8076107,1,1.0,True,0.005142251563789924,0.0066173073573047355
MLP,200,44,0.6613109,1,1.0,True,0.006342405714569498,0.005101682818823075
MLP,200,44,0.4780554,0,1.0,False,0.002218218874481591,0.005324292567836035
MLP,200,44,0.4902613,0,1.0,False,0.011455150420016269,0.01331985515683963
MLP,200,44,0.69407076,1,1.0,True,0.017335463015513784,0.015163282376571312
MLP,200,44,0.83025414,1,1.0,True,0.009000512787129844,0.0056734064127855885
MLP,200,44,0.0893741,0,0.0,True,0.001856120385695984,0.0034476491552702846
MLP,200,44,0.14473821,0,0.0,True,-0.0015205150310905835,-0.0027554292445474402
MLP,200,44,0.20713083,0,1.0,False,0.0035546302276437025,0.008123596365447976
MLP,200,44,0.7491515,1,1.0,True,0.0074028767393526955,0.004978769205152585
MLP,200,44,0.13968605,0,0.0,True,0.0029710690600679257,0.0048958149799732216
MLP,200,44,0.8315606,1,1.0,True,0.003624875978121698,0.0025982735123051084
MLP,200,44,0.57742923,1,1.0,True,0.00485236107707852,0.004132907229461357
MLP,200,44,0.6484345,1,0.0,False,-0.0023797558443280574,-0.0022601367192496883
MLP,200,44,0.5714355,1,1.0,True,0.018943690208270927,0.01745435202654957
MLP,200,44,0.30281925,0,0.0,True,0.0028736753372150866,0.0042925204242802205
MLP,200,44,0.082696185,0,0.0,True,-0.00366843400087025,0.00030189641359483634
MLP,200,44,0.121369846,0,0.0,True,-0.0013847619416116996,-0.0007363452111393895
MLP,200,44,0.11963359,0,0.0,True,0.003043301727156701,0.0032278929523035472
MLP,200,44,0.077328354,0,0.0,True,-0.0034692182620044533,-0.0016392575746355382
MLP,200,44,0.6891656,1,1.0,True,0.012457115155084068,0.012488483203294137
MLP,200,44,0.5033827,1,1.0,True,0.006010832408648959,0.00802368758027762
MLP,200,44,0.15132092,0,0.0,True,-0.0004328299189179597,-0.002907102945637052
MLP,200,44,0.5032762,1,1.0,True,0.005255061053059449,0.007079900315042065
MLP,200,44,0.09398939,0,0.0,True,0.000749845467619538,-0.0005331817719884526
MLP,200,44,0.7194402,1,1.0,True,0.01186418355205071,0.008820714055057374
MLP,200,44,0.09275,0,0.0,True,-0.002462342008043661,-0.00571788969975341
MLP,200,44,0.085110106,0,0.0,True,0.002357910956196911,0.0029171839604736436
MLP,200,44,0.20489028,0,0.0,True,-0.005682555393543385,-0.006427209587936764
MLP,200,44,0.64399576,1,1.0,True,0.01057946431590637,0.010429184075236072
MLP,200,44,0.71452236,1,1.0,True,0.011984757930316621,0.012011687325791305
MLP,200,44,0.13291,0,0.0,True,-0.002153395516100641,-9.460304350733004e-05
MLP,200,44,0.73992676,1,1.0,True,0.005105851106131232,0.01017992945742012
MLP,200,44,0.83139914,1,1.0,True,0.006400183768909864,0.004453683683567505
MLP,200,44,0.19174272,0,0.0,True,0.004654941834275611,5.47982238125859e-06
MLP,200,44,0.116363816,0,0.0,True,-0.0005797883640574528,0.0004530969697405844
MLP,200,44,0.70320594,1,1.0,True,0.011476801699512552,0.008268764704125823
MLP,200,44,0.93434477,1,1.0,True,0.01244833125764704,0.010286922204583313
MLP,200,44,0.13894182,0,0.0,True,0.004234615045821169,-0.0027594665503961257
MLP,200,44,0.80114406,1,1.0,True,0.015235810436170361,0.016227645230936175
MLP,200,44,0.11046911,0,0.0,True,-0.002266314953634487,-0.0013400999606693186
MLP,200,44,0.09638961,0,0.0,True,0.004208979215067848,0.0035390817557119842
MLP,200,44,0.718742,1,1.0,True,0.015140653629089248,0.009836981140683695
MLP,200,44,0.2797374,0,0.0,True,0.008290482905382942,0.006548658246063689
MLP,200,44,0.28808293,0,1.0,False,0.002259817325683564,0.007303093036719421
MLP,200,44,0.092533104,0,0.0,True,-0.00010068526237733559,-0.007002826400116847
MLP,200,44,0.9224409,1,1.0,True,0.005778969917091481,0.007304695191425132
MLP,200,44,0.10470458,0,0.0,True,0.0018892690352151614,0.0069577577250335455
MLP,200,44,0.26686448,0,0.0,True,-0.0005748128464828093,0.00010391929610978993
MLP,200,44,0.8868819,1,1.0,True,0.014067977522966145,0.012339475369232975
MLP,200,44,0.06148402,0,0.0,True,0.010713472001613426,0.003384902432412939
MLP,200,44,0.7716346,1,1.0,True,0.006066649533155668,0.004821778781213916
MLP,200,44,0.55640256,1,1.0,True,0.007334677650988221,0.0076855865963578705
MLP,200,44,0.8958304,1,1.0,True,0.010578934900951862,0.014255203274966712
MLP,200,44,0.27096832,0,0.0,True,0.0058768695100338015,-7.469131027955537e-05
MLP,200,44,0.17209707,0,0.0,True,-0.0012773623780165755,-0.0009545343289504391
MLP,200,44,0.08377913,0,0.0,True,0.002270285618058062,0.0033585757789146922
MLP,200,44,0.13764155,0,0.0,True,-0.007470738300083822,-0.0018437708942595462
MLP,200,44,0.9048704,1,1.0,True,0.004064834640611684,0.0012025320621769154
MLP,200,44,0.7409794,1,1.0,True,-0.003289982287961948,-0.00019911653599270494
MLP,200,44,0.80155575,1,1.0,True,0.0070818143103446,0.005765315313356611
MLP,200,44,0.10339938,0,0.0,True,-0.0036390337931077573,-0.0049320761539453535
MLP,200,44,0.71479,1,1.0,True,0.0164605873941026,0.010483322536476117
MLP,200,44,0.35063404,0,1.0,False,0.0077281098375306684,0.00812463842695423
MLP,200,44,0.14051728,0,0.0,True,-0.004141470682797608,-0.0017595914197612718
MLP,200,44,0.21817519,0,0.0,True,0.0014406896225406338,-0.00016913347412518952
MLP,200,44,0.9674192,1,1.0,True,0.009844836601337188,0.01082706492897872
MLP,200,44,0.118795924,0,0.0,True,-0.00030282307458628287,0.0011574350291112603
MLP,200,44,0.4598634,0,1.0,False,0.0023444055605830218,0.006936016680330009
MLP,200,44,0.7039935,1,1.0,True,0.004287191256295475,0.0015756577406473985
MLP,200,44,0.19953056,0,0.0,True,0.0029076429782258387,-9.258187964896341e-05
MLP,200,44,0.23584716,0,0.0,True,-0.003115223220316348,0.0005843013625356294
MLP,200,44,0.44092107,0,1.0,False,0.0058827551121005675,0.0068652145996953
MLP,200,44,0.46855417,0,1.0,False,0.010910362622283138,0.0032562179795068954
MLP,200,44,0.062188555,0,0.0,True,-0.0025141196752522287,-0.007457987941044635
MLP,200,44,0.06693698,0,0.0,True,0.001607879260290892,-0.0007306048655007355
MLP,200,44,0.3979809,0,1.0,False,0.0002944092641367953,-8.241984475683315e-05
MLP,200,44,0.15257542,0,0.0,True,-0.010468836359497226,-0.005382654789452703
MLP,200,44,0.085219406,0,0.0,True,-0.006355180974248421,-0.005917930784489525
MLP,200,44,0.32318878,0,0.0,True,0.00015574787039523684,-0.002361270711006101
MLP,200,44,0.42740816,0,1.0,False,0.0058722122054044,0.006717069446019093
MLP,200,44,0.084986895,0,0.0,True,-0.0002780252605160022,-0.003372900789210214
MLP,200,44,0.8303461,1,1.0,True,0.008924091376824067,0.010034740262754816
MLP,200,45,0.15871298,0,1.0,False,0.011884521746087654,0.011514903999948948
MLP,200,45,0.7760458,1,1.0,True,0.0019804284417699303,0.005287518740792581
MLP,200,45,0.2746767,0,1.0,False,0.006069363441471594,0.006815202242219836
MLP,200,45,0.6233628,1,1.0,True,0.013876631709201857,0.009881419337993556
MLP,200,45,0.45763105,0,0.0,True,0.003889736951154198,0.0027935236338076192
MLP,200,45,0.28430882,0,0.0,True,-0.005221154991736371,-0.0006477260277150561
MLP,200,45,0.5198044,1,1.0,True,0.008364872769981978,0.0061945215473063475
MLP,200,45,0.10832691,0,0.0,True,-0.000948495459377609,-0.002562476735033723
MLP,200,45,0.74534714,1,1.0,True,0.012937494363052339,0.011183368141162046
MLP,200,45,0.10264528,0,0.0,True,0.0026605682395660626,0.0008230866411495458
MLP,200,45,0.07735024,0,0.0,True,-0.0024786951814644077,0.0011176244504152756
MLP,200,45,0.6368468,1,1.0,True,0.009136155321904682,0.008530990459184342
MLP,200,45,0.082749754,0,0.0,True,0.001348753188600504,0.00230556954399598
MLP,200,45,0.068349816,0,0.0,True,-0.0047750983904641655,-0.0023185218528309864
MLP,200,45,0.06524689,0,0.0,True,-0.012221176036756704,-0.009096420902576776
MLP,200,45,0.13313383,0,0.0,True,-0.0056516001600776505,0.0012419399226419592
MLP,200,45,0.68746734,1,1.0,True,0.00783644758697596,0.004864503709132209
MLP,200,45,0.13621807,0,0.0,True,-0.0033960831845884242,0.00022288336241479197
MLP,200,45,0.14491852,0,0.0,True,-0.004002403946277764,-0.0015170152185306764
MLP,200,45,0.83475065,1,1.0,True,0.002476223847332576,0.011222446583377137
MLP,200,45,0.13664281,0,0.0,True,0.0015886645425249664,0.004210623158843016
MLP,200,45,0.89488995,1,1.0,True,0.017477759121427353,0.017797009160882078
MLP,200,45,0.55049247,1,1.0,True,0.0059414713851012385,0.004499466358479282
MLP,200,45,0.1015778,0,0.0,True,-0.006336541065933191,9.713438217956687e-05
MLP,200,45,0.43685573,0,1.0,False,0.007274795486479467,0.0076168581475685275
MLP,200,45,0.15629539,0,0.0,True,-0.0010592203172832845,0.002540282201427507
MLP,200,45,0.40865472,0,1.0,False,0.01130657845477962,0.008941937152383566
MLP,200,45,0.30853832,0,1.0,False,0.007714920969908349,0.006419290147208826
MLP,200,45,0.06938834,0,0.0,True,-0.006602818081819647,-0.0001461541645598191
MLP,200,45,0.1880183,0,0.0,True,0.00023770345137058685,0.001849012105062958
MLP,200,45,0.52246934,1,1.0,True,0.017826251768184444,0.010692891741789157
MLP,200,45,0.29272452,0,1.0,False,0.013679632943764399,0.017038192185496782
MLP,200,45,0.36695865,0,1.0,False,0.013639235103878489,0.010645182933441282
MLP,200,45,0.9154383,1,1.0,True,0.02042366370065263,0.019213153626896184
MLP,200,45,0.5248595,1,1.0,True,0.012716540528746339,0.010478004544137066
MLP,200,45,0.87032866,1,1.0,True,0.01858142054114014,0.014949422374542274
MLP,200,45,0.58352673,1,1.0,True,0.008737324499687818,0.004251313976853347
MLP,200,45,0.065600015,0,0.0,True,-0.0012743119236980458,-0.0021617729389025596
MLP,200,45,0.11550331,0,0.0,True,-0.0029667392821462915,-0.0015383402443648695
MLP,200,45,0.18091467,0,0.0,True,0.007413733557538812,0.005770061244743167
MLP,200,45,0.07941636,0,0.0,True,0.007914041159109373,0.0032973978779080536
MLP,200,45,0.07403565,0,0.0,True,0.007550330143744496,0.0024045664764267387
MLP,200,45,0.6199619,1,1.0,True,0.012506006544347949,0.012587107736917543
MLP,200,45,0.12013405,0,0.0,True,-0.00042064430721415035,-0.006668082946891573
MLP,200,45,0.09787534,0,0.0,True,-0.007490064730787964,-0.002168593368835409
MLP,200,45,0.75926083,1,1.0,True,0.013049593159290683,0.013440677259924053
MLP,200,45,0.27027342,0,1.0,False,0.004144969303310091,0.006039037660077508
MLP,200,45,0.7695549,1,1.0,True,0.0022253308645692324,0.009035550864737023
MLP,200,45,0.36193898,0,1.0,False,0.006292507937313314,0.005425263319550403
MLP,200,45,0.7102711,1,1.0,True,0.008278465474976435,0.00764534095828966
MLP,200,45,0.26977447,0,1.0,False,0.008185854849547433,0.009089704539852306
MLP,200,45,0.30758467,0,0.0,True,0.0016757567104199577,0.002457674214020012
MLP,200,45,0.8103782,1,1.0,True,0.01713084721284519,0.011230611822721863
MLP,200,45,0.7863287,1,1.0,True,0.011253407114345852,0.00642058573974971
MLP,200,45,0.0729599,0,0.0,True,0.016604662919000462,0.007805560126683545
MLP,200,45,0.13309436,0,1.0,False,0.010004699322284101,0.004507025847453412
MLP,200,45,0.059174825,0,0.0,True,0.009489286459117549,0.004222677714060181
MLP,200,45,0.22476222,0,1.0,False,0.005977157644878153,0.009367036293894395
MLP,200,45,0.16708528,0,0.0,True,-0.0051317730644110625,-0.005722534561824882
MLP,200,45,0.5841944,1,1.0,True,0.016912032668339294,0.015063790092411327
MLP,200,45,0.2781483,0,1.0,False,0.009170401776520917,0.010378032449342676
MLP,200,45,0.36675134,0,0.0,True,-0.003289270080826037,-0.003470047566948278
MLP,200,45,0.093712136,0,0.0,True,-0.0026309019895441,0.003081414618391555
MLP,200,45,0.12021921,0,0.0,True,-0.0025348197273737097,-0.002843969618443359
MLP,200,45,0.52672654,1,1.0,True,0.006992809330386769,0.004516668584870486
MLP,200,45,0.5091865,1,0.0,False,-0.005500982326760564,-0.005641494417869377
MLP,200,45,0.8374122,1,1.0,True,-0.004564171672097372,-0.0013248171864292113
MLP,200,45,0.16980332,0,0.0,True,-0.005830054159125922,-0.0012603558189693512
MLP,200,45,0.07333087,0,0.0,True,-0.002766859493394893,0.0006019108019122034
MLP,200,45,0.20551346,0,0.0,True,-0.004004823441603647,-0.0010416801463136549
MLP,200,45,0.6951659,1,1.0,True,0.010752997781533031,0.010326293548549855
MLP,200,45,0.0810991,0,0.0,True,-0.0017088653990464176,0.0026446440503480927
MLP,200,45,0.13959548,0,0.0,True,-0.002831934221759305,-0.000598017279000238
MLP,200,45,0.13823508,0,0.0,True,-0.002965001997534693,-0.0027458086209646818
MLP,200,45,0.06094387,0,0.0,True,0.0022595916526179224,7.840261720159434e-05
MLP,200,45,0.10659111,0,0.0,True,-0.0007397738187206889,0.0008713836011947057
MLP,200,45,0.29749045,0,1.0,False,0.002526880783171068,-0.00013958383916957176
MLP,200,45,0.44035992,0,1.0,False,0.010347924518207792,0.014379610202867285
MLP,200,45,0.3115966,0,0.0,True,-0.008694561544398825,-0.006953157900888984
MLP,200,45,0.06379864,0,0.0,True,-0.0011639142296272827,0.0014285994600718697
MLP,200,45,0.40439546,0,0.0,True,0.002009884543930101,0.0022659800235943915
MLP,200,45,0.3541233,0,1.0,False,0.010417046234592789,0.01075062749254427
MLP,200,45,0.57383835,1,1.0,True,0.014220403481290509,0.012316706051268115
MLP,200,45,0.97838175,1,1.0,True,0.008942095963797215,0.012309950450171215
MLP,200,45,0.079104036,0,0.0,True,0.0021057241528981275,-0.0006866753480703859
MLP,200,45,0.3238641,0,1.0,False,0.006246871084502368,0.00890510473036834
MLP,200,45,0.32733637,0,1.0,False,0.007936959694859774,0.0023665705738047478
MLP,200,45,0.08529192,0,0.0,True,-0.0019843441648231463,-0.0027185091114436217
MLP,200,45,0.46545887,0,1.0,False,0.01597814390640127,0.012492600430905661
MLP,200,45,0.11070324,0,0.0,True,-0.007900225884542065,-0.004317831187383392
MLP,200,45,0.17215109,0,0.0,True,0.006400125075732847,0.0014308941723577672
MLP,200,45,0.18004642,0,0.0,True,-0.004445243783120733,-0.00443030425047215
MLP,200,45,0.38266844,0,0.0,True,-0.002999170257128004,0.001147345917058076
MLP,200,45,0.08603714,0,0.0,True,-0.0027104843294477594,-0.0023886525689679043
MLP,200,45,0.43247434,0,1.0,False,0.012254663815505088,0.00777848297372353
MLP,200,45,0.4852681,0,1.0,False,0.01864106789710465,0.008038041046082248
MLP,200,45,0.23268044,0,1.0,False,0.003160327088523513,0.004853893167870225
MLP,200,45,0.07032009,0,0.0,True,0.006912557880053532,-0.0020348449019643076
MLP,200,45,0.16821454,0,1.0,False,0.009690790347656091,0.01145330007095012
MLP,200,45,0.09866262,0,0.0,True,-0.010459982929989028,-0.009403099507539672
MLP,200,46,0.7887836,1,1.0,True,0.010580239110121587,0.01367726157723919
MLP,200,46,0.28870553,0,0.0,True,-0.0022228661670593577,0.0015418813471808218
MLP,200,46,0.2653307,0,1.0,False,0.014007627560206785,0.0073697681025119465
MLP,200,46,0.8266232,1,1.0,True,0.021840798759400135,0.01331954573873134
MLP,200,46,0.09563738,0,0.0,True,-0.00556636421802329,-0.0013739249159134784
MLP,200,46,0.070412375,0,0.0,True,0.007933708104224469,0.002209908440238464
MLP,200,46,0.09060294,0,0.0,True,-0.006536834587991946,-0.004234932309358284
MLP,200,46,0.47585505,0,0.0,True,0.00934313284991265,0.0035481451749463737
MLP,200,46,0.63645774,1,1.0,True,0.011198191927490659,0.009863186066905677
MLP,200,46,0.14299446,0,0.0,True,0.00012211833483747082,0.0020874173426396734
MLP,200,46,0.1927877,0,0.0,True,-0.010620445158138671,-0.006056739707980969
MLP,200,46,0.11714145,0,0.0,True,5.803456751269227e-05,0.00084461810590575
MLP,200,46,0.45612285,0,1.0,False,0.006136940661062419,0.010889400222346966
MLP,200,46,0.5889235,1,1.0,True,0.01894099036983702,0.011083258572645884
MLP,200,46,0.18269338,0,0.0,True,0.002411849523480611,-0.000400290635341861
MLP,200,46,0.3526606,0,1.0,False,0.006985230889558543,0.013484868345695056
MLP,200,46,0.46199045,0,1.0,False,0.008612182797769704,0.00944494362146781
MLP,200,46,0.8139223,1,1.0,True,0.008132842260467243,0.003192133943157655
MLP,200,46,0.9377106,1,1.0,True,0.008130480209514051,0.01190328848980924
MLP,200,46,0.75510496,1,1.0,True,0.0025627889201027374,0.004987360175813801
MLP,200,46,0.56430453,1,1.0,True,0.010184025276355762,0.010057125309101656
MLP,200,46,0.3251545,0,0.0,True,0.0001934371386353128,-0.0006370159460809209
MLP,200,46,0.7819054,1,1.0,True,0.009252544956370304,0.00808541007075191
MLP,200,46,0.15727189,0,0.0,True,0.003120792295422202,-0.0014785886075082122
MLP,200,46,0.21486637,0,0.0,True,0.007487487535699934,0.00448362708111745
MLP,200,46,0.10521608,0,0.0,True,-0.007472007685743044,-0.0008392946982354589
MLP,200,46,0.75114775,1,1.0,True,0.005162816273398371,0.004774162028908412
MLP,200,46,0.32131666,0,0.0,True,-0.003826590845576409,0.0015038553239974676
MLP,200,46,0.74422807,1,1.0,True,0.015509754619206546,0.011991832678496678
MLP,200,46,0.12252513,0,0.0,True,-0.00020252432502644596,-0.0010097673853258508
MLP,200,46,0.27613342,0,0.0,True,0.005449851242951622,0.00521367152455339
MLP,200,46,0.943227,1,1.0,True,0.008741083311857982,0.002794561334236111
MLP,200,46,0.13811685,0,0.0,True,0.0052745580907576865,0.0020383283353941303
MLP,200,46,0.733794,1,1.0,True,0.007639675851661915,0.009700432500048737
MLP,200,46,0.7749536,1,1.0,True,0.00047346296888816806,0.002365139832864323
MLP,200,46,0.35499218,0,0.0,True,0.00017366773137697796,0.0025172968144194824
MLP,200,46,0.31580758,0,0.0,True,-0.005691685615757898,-0.005201881715075039
MLP,200,46,0.1859324,0,0.0,True,0.0003657682154600324,-0.0025790119281247576
MLP,200,46,0.12750661,0,0.0,True,0.0002324861318381161,0.0033834092982728938
MLP,200,46,0.7526221,1,1.0,True,0.006130680776189878,0.008814765187341938
MLP,200,46,0.48674121,0,0.0,True,-0.006395888664885592,-0.0026093876125791843
MLP,200,46,0.32727343,0,1.0,False,0.0068165605978823835,0.0047150334584529895
MLP,200,46,0.8899008,1,1.0,True,0.010695812185576139,0.009842276472791131
MLP,200,46,0.11963253,0,0.0,True,0.00670603896519066,-0.0030997465095202194
MLP,200,46,0.24857672,0,0.0,True,-0.003467442975392282,-0.003677628215121922
MLP,200,46,0.64542687,1,1.0,True,0.013756749200230192,0.010667702353966075
MLP,200,46,0.22452128,0,1.0,False,0.010850187688669409,0.007276127652681442
MLP,200,46,0.4355271,0,1.0,False,0.006531659797987709,0.00979771004961153
MLP,200,46,0.06437436,0,0.0,True,0.0016209775262682896,-0.003919923105929953
MLP,200,46,0.7082884,1,1.0,True,0.0142038258471076,0.009654536579854604
MLP,200,46,0.07122405,0,0.0,True,-0.001447464687761753,-0.0016757462361000582
MLP,200,46,0.15809466,0,1.0,False,-0.0009548982995774551,0.007027485807438054
MLP,200,46,0.3283147,0,0.0,True,0.002412163275400791,0.0009735380879190081
MLP,200,46,0.08309217,0,0.0,True,0.004726578679847321,0.0007819387515181582
MLP,200,46,0.221837,0,1.0,False,0.002629681413087041,0.007271891837117239
MLP,200,46,0.6103799,1,0.0,False,0.003087881096850906,-0.0014146164697270668
MLP,200,46,0.084829405,0,0.0,True,0.005925766663787221,0.003672223818938248
MLP,200,46,0.14160334,0,0.0,True,0.0009069018055001828,-0.00032003865286449947
MLP,200,46,0.3851758,0,0.0,True,-0.003515849953139498,0.0012372681182844668
MLP,200,46,0.21883477,0,0.0,True,0.0023383988488153537,-0.0007812573274556703
MLP,200,46,0.071046315,0,0.0,True,0.0039492057908016446,0.002121504859437707
MLP,200,46,0.31284606,0,0.0,True,0.00809031685877883,0.0032493169926878633
MLP,200,46,0.08828799,0,0.0,True,0.00024222784166234976,0.0036941718279166307
MLP,200,46,0.5904356,1,1.0,True,0.006043121246632867,0.009681147388717013
MLP,200,46,0.39017078,0,1.0,False,0.010293123286243605,0.01356524549526884
MLP,200,46,0.32773027,0,0.0,True,-0.0005680051562634968,-0.00016777632266375107
MLP,200,46,0.32234293,0,1.0,False,0.004116902197552477,0.002867574897659806
MLP,200,46,0.78647757,1,1.0,True,0.008084232707917005,0.010859463428274745
MLP,200,46,0.28906792,0,0.0,True,0.0007531031764138089,-0.002241764564358063
MLP,200,46,0.8078787,1,1.0,True,0.016033786069905187,0.010380122989385945
MLP,200,46,0.05935029,0,0.0,True,0.00029150623982917976,-0.0011694250020416216
MLP,200,46,0.13962793,0,0.0,True,0.00010049241306765164,-0.0009068464322412258
MLP,200,46,0.7080847,1,1.0,True,0.0063551321719410945,0.013797311467814231
MLP,200,46,0.08824689,0,0.0,True,0.003560719436003752,0.0008489828407782066
MLP,200,46,0.67664915,1,1.0,True,0.0130811945410789,0.018503164854481197
MLP,200,46,0.7656637,1,1.0,True,-6.251281288258852e-06,0.0005738259728840526
MLP,200,46,0.3593665,0,1.0,False,0.008741476850544492,0.005413233807500717
MLP,200,46,0.20120162,0,0.0,True,0.006623833483836632,0.004423397493192653
MLP,200,46,0.2092044,0,1.0,False,0.011202411866580613,0.012515595344488801
MLP,200,46,0.20674837,0,0.0,True,0.0020737935584578928,0.005125313952182296
MLP,200,46,0.8650965,1,1.0,True,0.008732772786547787,0.015505996831465882
MLP,200,46,0.7790083,1,1.0,True,0.009940150832364016,0.011297851911648985
MLP,200,46,0.13733558,0,0.0,True,-0.0006547656666391719,-0.0007575062818227851
MLP,200,46,0.6028236,1,1.0,True,0.009482556630780336,0.006610876712337584
MLP,200,46,0.15772195,0,0.0,True,-0.004475675064365638,-0.0005070934957327486
MLP,200,46,0.23483932,0,0.0,True,0.007281693368548563,0.001884541736519829
MLP,200,46,0.2589975,0,0.0,True,0.0030998659431203347,0.005977546113482982
MLP,200,46,0.14851432,0,0.0,True,0.007234809882642661,0.0055667737444871634
MLP,200,46,0.120100886,0,0.0,True,0.0025853008613140145,-0.0012122774147459098
MLP,200,46,0.08207679,0,0.0,True,-0.009522725505308988,-0.006197950918540252
MLP,200,46,0.8953701,1,1.0,True,0.005532005784804564,0.0026762721831919342
MLP,200,46,0.7933208,1,1.0,True,0.015056136746011082,0.01096148071566237
MLP,200,46,0.6437649,1,1.0,True,0.014090275272420115,0.009490289060754265
MLP,200,46,0.33246064,0,1.0,False,0.014722857101408231,0.014935922853791514
MLP,200,46,0.91265917,1,1.0,True,0.00821186220083118,0.007825759866645306
MLP,200,46,0.15264031,0,0.0,True,-0.004806503436928947,-0.004744364549771542
MLP,200,46,0.08398223,0,0.0,True,0.00637036377884363,-0.002406167720586425
MLP,200,46,0.97396654,1,1.0,True,0.011454086809903606,0.015085157811986804
MLP,200,46,0.7613801,1,1.0,True,0.0029085485060101825,0.008305143598684858
MLP,200,46,0.7566862,1,1.0,True,0.009544397240140308,0.009645044080624882
MLP,200,47,0.08305571,0,0.0,True,0.0021591283318075517,0.0045578993342048025
MLP,200,47,0.12494861,0,0.0,True,0.00358930790916117,0.004707671073762307
MLP,200,47,0.058222543,0,0.0,True,-1.5078295548655424e-05,-0.0007191743771368586
MLP,200,47,0.57222766,1,1.0,True,0.009345191156925555,0.011585632079064849
MLP,200,47,0.18662055,0,0.0,True,-0.004209284671751434,-0.0034869044121383316
MLP,200,47,0.45283034,0,0.0,True,0.009085747717680663,0.007772639095859282
MLP,200,47,0.110769734,0,0.0,True,0.004705392607767733,-9.365888925210761e-05
MLP,200,47,0.2454872,0,0.0,True,-0.004622192614702897,-0.0009277360159322196
MLP,200,47,0.07196493,0,0.0,True,0.010623726025372367,0.008762191687088708
MLP,200,47,0.73219025,1,1.0,True,0.012248837789891574,0.011246506297707966
MLP,200,47,0.60159785,1,1.0,True,0.011909166930582265,0.01279578925135105
MLP,200,47,0.3700966,0,1.0,False,0.0048220193672848044,0.01047620701306245
MLP,200,47,0.082308315,0,0.0,True,-0.0081492490157265,-0.004290954346364328
MLP,200,47,0.6878319,1,1.0,True,0.012690588970572953,0.011512984990936963
MLP,200,47,0.09804287,0,0.0,True,0.009083393647234046,0.005252381422812998
MLP,200,47,0.21812364,0,1.0,False,0.01873251326008918,0.017434544404015546
MLP,200,47,0.18597032,0,0.0,True,-0.0001458240783588646,0.002705559970403028
MLP,200,47,0.12837434,0,0.0,True,-0.009200676921695076,-0.00824174098252814
MLP,200,47,0.90690917,1,1.0,True,0.007312031216697117,0.008718818052191473
MLP,200,47,0.4508827,0,1.0,False,0.015251774054997402,0.016174528859644707
MLP,200,47,0.08876692,0,0.0,True,0.0018043878065940652,-0.001793479521338786
MLP,200,47,0.7792079,1,1.0,True,0.014528172746695343,0.013182033453702726
MLP,200,47,0.7056523,1,1.0,True,0.009685222411731583,0.013417848099709223
MLP,200,47,0.6905217,1,1.0,True,0.016458047430841508,0.015020260674790918
MLP,200,47,0.58200526,1,1.0,True,0.010641071857180226,0.004778773053644517
MLP,200,47,0.35743845,0,1.0,False,0.013265890765746767,0.013375043752082715
MLP,200,47,0.1529666,0,0.0,True,-0.005602540085535419,-0.00423545671307843
MLP,200,47,0.12877433,0,0.0,True,0.004044515134523381,-0.003048243083784381
MLP,200,47,0.15426198,0,0.0,True,0.006680206402386285,0.0016592207243226332
MLP,200,47,0.13917583,0,0.0,True,-0.0012878927466363785,-0.0006072123918655499
MLP,200,47,0.11543937,0,0.0,True,-0.0036205246454349615,-0.00121118617368818
MLP,200,47,0.11334054,0,0.0,True,0.0034942468402400285,-0.0024360357531259666
MLP,200,47,0.9475298,1,1.0,True,0.005364184376484428,0.011349681157761337
MLP,200,47,0.20046836,0,1.0,False,0.006671726059537759,0.008856637443842864
MLP,200,47,0.11114979,0,0.0,True,-0.0022918987718897063,0.0029453437072523283
MLP,200,47,0.9345046,1,1.0,True,0.017750800732760297,0.012256140345192552
MLP,200,47,0.103650704,0,0.0,True,-0.004657836023792344,-0.004772232253754307
MLP,200,47,0.309945,0,0.0,True,-0.0028756413164757076,-0.001603880166644887
MLP,200,47,0.101004705,0,0.0,True,-0.002288418863764001,0.0008796380927118269
MLP,200,47,0.20189896,0,0.0,True,0.003015115557785802,-0.000705234339547393
MLP,200,47,0.9513957,1,1.0,True,0.01997399259091846,0.012899914291940762
MLP,200,47,0.9687261,1,1.0,True,0.01784268040877195,0.017268591623976277
MLP,200,47,0.70690495,1,1.0,True,-0.007328484910376614,0.0014447520178467728
MLP,200,47,0.5820115,1,1.0,True,0.003921720905047588,0.011764612081596572
MLP,200,47,0.9198995,1,1.0,True,0.00885644039910901,0.013492815158377337
MLP,200,47,0.06862079,0,0.0,True,0.001342560444625039,-0.0020036520790983735
MLP,200,47,0.55367714,1,1.0,True,0.0042215791125282415,0.009702696904138126
MLP,200,47,0.8184552,1,1.0,True,0.013769591736160188,0.013549137745189956
MLP,200,47,0.41113138,0,1.0,False,0.004906152004737338,0.006479285555573978
MLP,200,47,0.1544716,0,1.0,False,0.0006572391336209989,0.005752464651197843
MLP,200,47,0.54139954,1,1.0,True,0.002694690753868235,0.009128556357573848
MLP,200,47,0.39794385,0,1.0,False,0.0066306402461502574,0.00848597135260606
MLP,200,47,0.07074253,0,0.0,True,0.0026932556615708366,0.004087755069691508
MLP,200,47,0.12057208,0,0.0,True,-0.003161004135440075,0.0014902065213726566
MLP,200,47,0.06841537,0,0.0,True,-0.004677736256962584,-0.00456257989428322
MLP,200,47,0.4517601,0,1.0,False,0.011958988425998806,0.0066302948128330675
MLP,200,47,0.6458248,1,1.0,True,0.009542086544771402,0.012231308879678942
MLP,200,47,0.76733726,1,1.0,True,0.011665517154061679,0.012377521711940051
MLP,200,47,0.8923083,1,1.0,True,0.026217398095466398,0.017139392932156546
MLP,200,47,0.13153626,0,0.0,True,0.0058776494688391415,0.0010055522792296896
MLP,200,47,0.92491436,1,1.0,True,0.003413819332771898,0.007760165260915537
MLP,200,47,0.19324508,0,0.0,True,-0.0038699418783687627,0.0006541808069520339
MLP,200,47,0.09648114,0,0.0,True,-0.007877702014841007,-0.004218356914341021
MLP,200,47,0.0778279,0,0.0,True,-0.00010895713386381025,0.00011866221631155598
MLP,200,47,0.20893954,0,0.0,True,0.0063050571239245245,0.003196364543878404
MLP,200,47,0.70666134,1,1.0,True,0.015555037351342733,0.012244994182816587
MLP,200,47,0.1966895,0,0.0,True,0.0017462565307702744,-0.0029328888729171646
MLP,200,47,0.40311077,0,1.0,False,0.012672912607342676,0.016865052969937847
MLP,200,47,0.12695885,0,0.0,True,0.002341134757246454,-0.0022112044893845407
MLP,200,47,0.13735847,0,0.0,True,-0.006484773183933484,-0.002822958561786405
MLP,200,47,0.19721663,0,1.0,False,0.00270521616512569,0.005053237076860845
MLP,200,47,0.28369308,0,0.0,True,0.00669322995107993,0.004718586117969723
MLP,200,47,0.09465263,0,0.0,True,-0.0036955808836980353,0.0013297993486773342
MLP,200,47,0.058387905,0,0.0,True,-0.0016143564406833734,-0.00046052774792455396
MLP,200,47,0.07982614,0,0.0,True,-0.0033992126907757153,0.0006506764783944518
MLP,200,47,0.29696196,0,1.0,False,0.011955513418174427,0.011086471899990116
MLP,200,47,0.68748385,1,1.0,True,0.00444750427953583,0.004257374865725814
MLP,200,47,0.19233665,0,0.0,True,0.0034998771423762802,0.0024483274762895297
MLP,200,47,0.8430436,1,1.0,True,0.00699486229083431,0.01020998560586385
MLP,200,47,0.875919,1,1.0,True,0.004771492155419211,0.0074531484893435905
MLP,200,47,0.10560497,0,0.0,True,0.0011015772343726789,-0.0006584313672377981
MLP,200,47,0.09410849,0,1.0,False,0.007335380788750272,0.010125097539626048
MLP,200,47,0.09496858,0,0.0,True,0.0001915853640294196,9.378578708566879e-05
MLP,200,47,0.41428334,0,1.0,False,0.015186680674361502,0.012175468124581935
MLP,200,47,0.14554238,0,0.0,True,-0.010130208465246674,-0.0047876369858661704
MLP,200,47,0.827013,1,1.0,True,0.006769156844122911,0.006860610363692683
MLP,200,47,0.63608253,1,1.0,True,0.0025589214610835897,0.006299372413355192
MLP,200,47,0.8035701,1,1.0,True,0.004377757223679235,0.010457547684345297
MLP,200,47,0.6900469,1,1.0,True,0.016067265747211124,0.016743605321347367
MLP,200,47,0.09648808,0,0.0,True,0.004836496218226401,-6.564651227864953e-05
MLP,200,47,0.8511238,1,1.0,True,0.01566325152761316,0.012831941578665679
MLP,200,47,0.9685373,1,1.0,True,0.014656583276359521,0.019103239198711243
MLP,200,47,0.32796037,0,1.0,False,0.01212479271128393,0.012567360863950456
MLP,200,47,0.63599265,1,1.0,True,0.006278469454830176,0.0077804613353732515
MLP,200,47,0.30910605,0,1.0,False,0.0055953011183816894,0.012101900853101057
MLP,200,47,0.18046467,0,0.0,True,-0.004633980730577501,0.004170374543888169
MLP,200,47,0.7257037,1,1.0,True,0.005119879855592014,0.009919235616144885
MLP,200,47,0.26633143,0,0.0,True,0.0006744162387850657,-0.0017678419798398313
MLP,200,47,0.40770012,0,0.0,True,-0.00034482296816882305,0.0004628630898550856
MLP,200,47,0.11681426,0,0.0,True,0.0009213671374846515,0.002612256577278509
MLP,200,48,0.06602013,0,0.0,True,0.008063994123951772,0.0030196385763306926
MLP,200,48,0.50403,1,1.0,True,0.011958356196097438,0.011837221883164026
MLP,200,48,0.7458413,1,1.0,True,-0.008049808507011017,0.00022231142220024283
MLP,200,48,0.9526185,1,1.0,True,0.009631121786964507,0.007411489087389477
MLP,200,48,0.24174212,0,0.0,True,-0.010804091085436928,-0.007783481721918889
MLP,200,48,0.53621197,1,0.0,False,0.0012483716010986095,-0.003007426940846753
MLP,200,48,0.5554441,1,1.0,True,0.004568997374776032,0.006142160792334888
MLP,200,48,0.10467617,0,0.0,True,-0.0009588327189137094,0.001987643096050772
MLP,200,48,0.20235792,0,1.0,False,0.018337564116851227,0.014303837352335364
MLP,200,48,0.33533844,0,1.0,False,0.003667704144674604,0.00501235951460389
MLP,200,48,0.16543305,0,0.0,True,0.002449183003260673,0.00298388219220989
MLP,200,48,0.46690825,0,0.0,True,-0.0021909766355371904,0.0001454268807929124
MLP,200,48,0.8742546,1,1.0,True,0.009089445223442367,0.007048480859663625
MLP,200,48,0.48664877,0,1.0,False,0.01271118136275052,0.01014911950748024
MLP,200,48,0.9123453,1,1.0,True,0.009782881499100173,0.010952880330360733
MLP,200,48,0.14954236,0,0.0,True,-0.004935878648347332,-0.005319013877751821
MLP,200,48,0.09268056,0,0.0,True,-0.0031884876020869413,0.0022735136026372513
MLP,200,48,0.465506,0,1.0,False,0.01646812278647027,0.009860389504276463
MLP,200,48,0.8003329,1,1.0,True,0.01887867653743095,0.012555498758588982
MLP,200,48,0.09056006,0,0.0,True,0.002435960446133285,0.0035756866155485065
MLP,200,48,0.22847778,0,0.0,True,-0.0018720706272886169,0.004446396362322128
MLP,200,48,0.27288276,0,0.0,True,-0.0039502975590521485,-0.00012750892528711236
MLP,200,48,0.22156563,0,0.0,True,0.00603022159802771,-0.0002771348209268905
MLP,200,48,0.085462324,0,0.0,True,0.0056220922591559246,-0.0018451242589217565
MLP,200,48,0.7122894,1,1.0,True,0.016277911502707923,0.013674102670252106
MLP,200,48,0.0782225,0,0.0,True,-0.0009179752656159834,0.0011972985988047253
MLP,200,48,0.7815643,1,1.0,True,-0.0024374353064662993,0.0042878118179944715
MLP,200,48,0.27780256,0,1.0,False,0.006239907634720619,0.008503085220294934
MLP,200,48,0.09537425,0,0.0,True,-0.006396014167506197,-0.003186976297025321
MLP,200,48,0.23130952,0,0.0,True,0.006029949999944095,0.0038787900125196464
MLP,200,48,0.57731223,1,1.0,True,0.01879376554058739,0.013778358212347354
MLP,200,48,0.7121276,1,1.0,True,0.0024114154126525346,0.005490739231976605
MLP,200,48,0.6552142,1,1.0,True,0.013502390278663987,0.009579281703891277
MLP,200,48,0.33049297,0,1.0,False,0.010884574679711614,0.010410664351637252
MLP,200,48,0.76555896,1,1.0,True,0.01351881264815611,0.012566558952929708
MLP,200,48,0.13212493,0,0.0,True,-0.0031659321621241806,-0.00037846677336705143
MLP,200,48,0.23917718,0,0.0,True,-0.0013761334346554747,0.001239616195064971
MLP,200,48,0.9074473,1,1.0,True,0.00918071502778437,0.008675358215917623
MLP,200,48,0.08213301,0,0.0,True,-0.0031345160679494806,-0.005586892608886531
MLP,200,48,0.8015294,1,1.0,True,0.008400650020133271,0.00890471860934897
MLP,200,48,0.65070707,1,1.0,True,0.0074839133988349685,0.010578015944829574
MLP,200,48,0.61858165,1,1.0,True,0.008392105561292166,0.00952156173248045
MLP,200,48,0.30820018,0,0.0,True,-0.0034900253081333074,-0.003953684944992921
MLP,200,48,0.27616024,0,0.0,True,0.0036027230365865406,-0.0002910816015185428
MLP,200,48,0.21439697,0,1.0,False,0.010218957081560483,0.007147941969868699
MLP,200,48,0.07372059,0,0.0,True,-0.0041654577914180535,-0.0006724525289607849
MLP,200,48,0.44642377,0,0.0,True,0.0012145526467797652,0.0021721234866009555
MLP,200,48,0.19449037,0,1.0,False,0.011303389506248184,0.010778200371597482
MLP,200,48,0.731546,1,1.0,True,0.015806412218776888,0.015269754577823034
MLP,200,48,0.09332089,0,0.0,True,-0.008658308141550653,-0.0015505345307852828
MLP,200,48,0.6169742,1,1.0,True,0.013624994595119962,0.014592987079777239
MLP,200,48,0.32683167,0,1.0,False,0.012689979333916189,0.00577255833008741
MLP,200,48,0.19426355,0,1.0,False,0.008336305545534047,0.009867135231161204
MLP,200,48,0.1073462,0,0.0,True,-0.01422264078210727,-0.008993706452191899
MLP,200,48,0.13293944,0,0.0,True,0.002354223906247465,0.004499998926339574
MLP,200,48,0.95303917,1,1.0,True,0.018540128527418338,0.02438008736287516
MLP,200,48,0.21447738,0,0.0,True,0.0022741587977010026,0.0011710950536433786
MLP,200,48,0.11754717,0,0.0,True,-0.004874441447902639,-0.0005524138951106293
MLP,200,48,0.6968317,1,1.0,True,0.005353571356947188,0.009195291990703977
MLP,200,48,0.108210556,0,0.0,True,-0.0043224077571442105,0.0003516502920107253
MLP,200,48,0.2951091,0,1.0,False,0.01191921264958143,0.0045140339811640465
MLP,200,48,0.57312804,1,1.0,True,0.023453763813556298,0.019509339715882087
MLP,200,48,0.2595294,0,1.0,False,0.012260325153291386,0.013398849210272032
MLP,200,48,0.18768603,0,0.0,True,0.0034044037115817725,0.003060176945569776
MLP,200,48,0.17644328,0,0.0,True,-8.69177018986844e-05,0.0036384483644931347
MLP,200,48,0.2501573,0,0.0,True,-0.0021082510261276645,-0.0014114761602203605
MLP,200,48,0.68793625,1,1.0,True,0.009542202580227343,0.010166383444577614
MLP,200,48,0.1732958,0,0.0,True,0.01110145193854262,0.004881194046768131
MLP,200,48,0.09335785,0,0.0,True,0.004018146452279457,0.0023912964877491577
MLP,200,48,0.4110397,0,1.0,False,0.011561541843630405,0.01085991740537082
MLP,200,48,0.5943107,1,1.0,True,0.021269004196419552,0.015834373264354263
MLP,200,48,0.92780256,1,1.0,True,0.010950270453761185,0.015034044377787053
MLP,200,48,0.26594108,0,0.0,True,-0.0032216823657800365,-0.0023519174084615548
MLP,200,48,0.3562326,0,1.0,False,0.018356225553702938,0.01808615145560242
MLP,200,48,0.8728219,1,1.0,True,0.01386453144409019,0.00908902690880601
MLP,200,48,0.090427175,0,0.0,True,-0.0017139583260053148,-0.0005598407692097617
MLP,200,48,0.9625604,1,1.0,True,0.0060625743885163175,0.007819543580470281
MLP,200,48,0.4624269,0,1.0,False,0.026172276848345687,0.023265692346498706
MLP,200,48,0.94135964,1,1.0,True,0.009863391907477143,0.014466396659381653
MLP,200,48,0.29733878,0,0.0,True,0.008923196338957027,0.004564040290665604
MLP,200,48,0.30255768,0,0.0,True,0.007485615734860898,0.004305381227323679
MLP,200,48,0.7650785,1,1.0,True,0.006877933628027679,0.006695216634729907
MLP,200,48,0.90470976,1,1.0,True,-0.0018800180988928395,0.0013390776407653637
MLP,200,48,0.10288928,0,0.0,True,-0.004542280594334043,0.0001982652345112196
MLP,200,48,0.3256438,0,0.0,True,-0.0006561018458844115,-0.0022445396605222183
MLP,200,48,0.15074272,0,0.0,True,-0.003963803620863093,0.003029045193597567
MLP,200,48,0.23553798,0,0.0,True,-0.0010764018857303231,-0.005589663093142191
MLP,200,48,0.16994072,0,0.0,True,-0.002387430209368005,-0.0011921473302074583
MLP,200,48,0.14933507,0,0.0,True,-0.0007467222513378931,-0.003549601779933514
MLP,200,48,0.06056761,0,0.0,True,-0.0010382833286905874,0.0002457189668509202
MLP,200,48,0.07131239,0,0.0,True,0.0031404051433047615,0.0008814452099380666
MLP,200,48,0.77835464,1,1.0,True,0.0013676383006652898,0.003992608589230594
MLP,200,48,0.15086184,0,0.0,True,-0.006155863860223988,0.001914195992262652
MLP,200,48,0.76400286,1,1.0,True,0.009154532695173937,0.012949765701218566
MLP,200,48,0.1485282,0,1.0,False,0.013791372717732814,0.0064210876816382335
MLP,200,48,0.6810442,1,1.0,True,0.01295413328754409,0.006005749629183391
MLP,200,48,0.097317554,0,0.0,True,0.006416202395000189,0.0029587054840487805
MLP,200,48,0.092431195,0,0.0,True,0.0019564423187776467,-0.001438744510402769
MLP,200,48,0.6623934,1,1.0,True,0.0127928907921902,0.019853007839274163
MLP,200,48,0.051750593,0,0.0,True,-0.0009722643573264152,-0.001579117264528782
MLP,200,49,0.84583634,1,1.0,True,0.00828634470315916,0.015057259221469938
MLP,200,49,0.5668235,1,1.0,True,0.020854684907426896,0.02053144306265142
MLP,200,49,0.5578206,1,1.0,True,0.005627610127463451,0.007262606029216628
MLP,200,49,0.088744715,0,0.0,True,-0.004855948061433301,-0.0073360035583332475
MLP,200,49,0.8945738,1,1.0,True,0.006832257654712062,0.015285609028381112
MLP,200,49,0.15095815,0,0.0,True,0.0019300112473276875,-0.0020440975168663986
MLP,200,49,0.2099875,0,0.0,True,-0.002450610973018187,-0.005332904191299377
MLP,200,49,0.79468656,1,1.0,True,0.022085542707857387,0.02070950696224191
MLP,200,49,0.06861001,0,0.0,True,0.0012860920774977705,0.0017441553759747377
MLP,200,49,0.8548073,1,1.0,True,0.011173863089060961,0.01072346560943504
MLP,200,49,0.43755284,0,0.0,True,0.0022672689520090196,-0.00022261983178620298
MLP,200,49,0.96386236,1,1.0,True,0.015674213450613286,0.017704473840554697
MLP,200,49,0.940866,1,1.0,True,0.013662843723125016,0.012009758647260043
MLP,200,49,0.83469844,1,1.0,True,0.027994019800594027,0.01725974857729416
MLP,200,49,0.6065966,1,1.0,True,0.013918232707650949,0.015135444174872734
MLP,200,49,0.06378709,0,0.0,True,-0.007440120789403718,-0.005671221699692017
MLP,200,49,0.1539286,0,0.0,True,-0.0019198792792370102,0.0008199372366582369
MLP,200,49,0.7422306,1,1.0,True,0.015133291522205257,0.011654275115344885
MLP,200,49,0.18691446,0,0.0,True,-0.004776202627665579,-0.008241383281873835
MLP,200,49,0.20885646,0,0.0,True,0.009489263531476748,0.005885578326503931
MLP,200,49,0.08713194,0,0.0,True,0.00029846850020924217,-0.0033783410323312115
MLP,200,49,0.11884183,0,0.0,True,0.00035474566267451694,-0.0021621672172404886
MLP,200,49,0.6741577,1,1.0,True,0.01408219352084647,0.013314799942301402
MLP,200,49,0.76247567,1,1.0,True,0.008031086456991474,0.011888759071084038
MLP,200,49,0.47668546,0,1.0,False,0.015830690604105885,0.012521368106469474
MLP,200,49,0.49918237,0,1.0,False,0.012612121723369481,0.006195792348573086
MLP,200,49,0.19792807,0,0.0,True,0.001957973551975778,0.0044334496617417654
MLP,200,49,0.89502746,1,1.0,True,0.025925949850550155,0.015234221180511003
MLP,200,49,0.13666627,0,0.0,True,0.004024760735167622,0.0008591037701273465
MLP,200,49,0.724783,1,1.0,True,0.010937571632202638,0.01053717600170021
MLP,200,49,0.109768294,0,0.0,True,0.0019725872084680194,-0.0016498620412767086
MLP,200,49,0.63447374,1,1.0,True,0.010735619012831552,0.01287342300868643
MLP,200,49,0.86427444,1,1.0,True,0.010509226678127932,0.009121350742289909
MLP,200,49,0.69400907,1,1.0,True,0.003009759089846358,0.0060139925334064155
MLP,200,49,0.87453234,1,1.0,True,0.016765861421408512,0.01768375604628372
MLP,200,49,0.10254863,0,0.0,True,-0.0004926883212175639,0.003967329050909347
MLP,200,49,0.5969284,1,1.0,True,0.015221875968675427,0.012135607365389595
MLP,200,49,0.100067176,0,0.0,True,-0.006236458037851773,-0.003230934385193588
MLP,200,49,0.11443241,0,0.0,True,-0.0027660225552057984,-0.0023202741123026986
MLP,200,49,0.7354861,1,1.0,True,0.014081520365855867,0.014824947459177108
MLP,200,49,0.21388641,0,0.0,True,0.00010090137110790416,-4.993937705077905e-05
MLP,200,49,0.9493552,1,1.0,True,0.012395653668224366,0.014752940128034115
MLP,200,49,0.07404943,0,0.0,True,-0.005240789310388976,-0.004297817586427145
MLP,200,49,0.33929026,0,0.0,True,-0.001624222328304215,-0.00037095442214280005
MLP,200,49,0.10557684,0,0.0,True,0.003963984813824845,-0.00010733180412258064
MLP,200,49,0.09924543,0,0.0,True,-0.004933706217943387,-0.0007133948121585752
MLP,200,49,0.12083994,0,0.0,True,-0.003970538420541285,-0.0012850232909294435
MLP,200,49,0.30024382,0,1.0,False,0.018583784691805206,0.010571328420755694
MLP,200,49,0.8591495,1,1.0,True,0.003717734915105779,0.0087148547325087
MLP,200,49,0.080983505,0,0.0,True,0.004447478593001964,0.003273602453097615
MLP,200,49,0.6601493,1,1.0,True,0.020293714013643445,0.012463663008898887
MLP,200,49,0.15353052,0,1.0,False,0.01881647079957682,0.011035162800031754
MLP,200,49,0.072654165,0,0.0,True,0.004791583675452057,0.001026628012538426
MLP,200,49,0.2069726,0,1.0,False,0.006720322273708601,0.008146934182822809
MLP,200,49,0.116445795,0,0.0,True,0.005411483881639452,0.006509556705261501
MLP,200,49,0.06617142,0,0.0,True,0.008993800423693073,-0.0007820533797819217
MLP,200,49,0.2414402,0,0.0,True,0.00557713587710217,0.00758112343448355
MLP,200,49,0.07603689,0,0.0,True,-0.005696942906134278,-0.001933356321029308
MLP,200,49,0.1255054,0,0.0,True,-0.001107424758247427,-0.001992050265836579
MLP,200,49,0.21446916,0,0.0,True,4.20924962022372e-05,-0.0013993833975773273
MLP,200,49,0.1672689,0,0.0,True,-0.009679094290165063,-0.006880896087172288
MLP,200,49,0.23419625,0,0.0,True,0.002083260009859081,0.00020253263696857246
MLP,200,49,0.3137981,0,0.0,True,0.0018089234652821568,0.000528677570676566
MLP,200,49,0.7856943,1,1.0,True,0.009477157144543525,0.006426612665697003
MLP,200,49,0.08753665,0,0.0,True,0.0028140092542391,0.0019143254246688614
MLP,200,49,0.15432459,0,0.0,True,-0.003184836126268875,-0.0018842128079107627
MLP,200,49,0.49672356,0,1.0,False,0.005771848171266259,0.013494222845394841
MLP,200,49,0.7170124,1,0.0,False,0.0024403245421973476,0.004512860277119877
MLP,200,49,0.97679454,1,1.0,True,0.01627684933988107,0.014983421187629076
MLP,200,49,0.07280402,0,0.0,True,-0.008082966598325587,-0.006715790378923019
MLP,200,49,0.16998856,0,0.0,True,-0.008697157131431564,-0.00320135387443479
MLP,200,49,0.76547337,1,1.0,True,0.0132652476748827,0.010381122175395071
MLP,200,49,0.20621552,0,0.0,True,-0.003720040732395494,0.002693739707790807
MLP,200,49,0.9073718,1,1.0,True,0.015848279052332388,0.015816580934564915
MLP,200,49,0.09682436,0,0.0,True,0.005266585087698072,0.00472566721613512
MLP,200,49,0.2297396,0,1.0,False,0.013449369123469852,0.013761278811269987
MLP,200,49,0.7841968,1,1.0,True,0.021399024408069896,0.015224994412680718
MLP,200,49,0.11080597,0,0.0,True,0.0069338742331163565,0.001636498698245175
MLP,200,49,0.08313833,0,0.0,True,0.002745659071998637,0.0023536713442679656
MLP,200,49,0.91500145,1,1.0,True,0.010120535089830861,0.014197881765572672
MLP,200,49,0.13142918,0,0.0,True,0.005896025395442144,0.0038444358317106108
MLP,200,49,0.08719175,0,0.0,True,-0.0049695073779694255,-0.0017818020882632935
MLP,200,49,0.72687095,1,1.0,True,0.01507079805196933,0.011378263877611311
MLP,200,49,0.102979936,0,0.0,True,-0.008244867115340868,-0.0009606522812703956
MLP,200,49,0.9225262,1,1.0,True,0.02080495580669493,0.014074962973747251
MLP,200,49,0.898121,1,1.0,True,0.004273794213572652,0.008393786481901576
MLP,200,49,0.12653373,0,1.0,False,0.005162489746290207,0.009609601260332768
MLP,200,49,0.9135832,1,1.0,True,0.011484470952404654,0.012386853470471932
MLP,200,49,0.86076,1,1.0,True,0.01276481702453806,0.012544257341050944
MLP,200,49,0.93198556,1,1.0,True,0.01782231059805241,0.01597641105717177
MLP,200,49,0.83046585,1,1.0,True,0.01140351140454264,0.010459156490333623
MLP,200,49,0.58452874,1,1.0,True,0.008932951401142373,0.01517927380295025
MLP,200,49,0.45753172,0,1.0,False,0.008377652844618633,0.00947952337242616
MLP,200,49,0.3159832,0,0.0,True,0.005658283614720091,0.00040934273595475014
MLP,200,49,0.7461511,1,1.0,True,0.007588899722334816,0.012217057879161714
MLP,200,49,0.87146074,1,1.0,True,0.004725401150538077,0.006983135994003601
MLP,200,49,0.108983986,0,0.0,True,-0.0007003451477743475,-0.0013054173398250792
MLP,200,49,0.5173476,1,1.0,True,0.019641499431169884,0.014249662609931421
MLP,200,49,0.18610807,0,0.0,True,0.001375332952947207,0.0004455126305800819
MLP,200,49,0.071274,0,0.0,True,0.01125565129416455,0.0036516681117394166
MLP,200,50,0.42118484,0,0.0,True,0.0005301016122998605,0.0002794988346438798
MLP,200,50,0.8161373,1,1.0,True,0.015221237604042518,0.02236308392250387
MLP,200,50,0.13778622,0,0.0,True,0.0030818549489231247,0.0039218804296327825
MLP,200,50,0.62579185,1,1.0,True,0.011498315147920726,0.011674067270071444
MLP,200,50,0.66147053,1,1.0,True,0.01452925416631433,0.015135013354279928
MLP,200,50,0.07389874,0,0.0,True,-0.005377521332898635,-0.0014614138258595172
MLP,200,50,0.37559158,0,0.0,True,0.0032123163690184996,0.000676355430738402
MLP,200,50,0.918498,1,1.0,True,0.02376876903159683,0.018135889274513286
MLP,200,50,0.18210219,0,0.0,True,-0.008247438255430648,-0.0013655359929745637
MLP,200,50,0.09176533,0,0.0,True,0.001882879328537109,-0.0003045439115965377
MLP,200,50,0.77567613,1,1.0,True,0.019321578208690997,0.018586996833657277
MLP,200,50,0.095038705,0,0.0,True,-0.0055802632608760215,-0.003072208346097324
MLP,200,50,0.35143244,0,1.0,False,0.016872255680128477,0.010111870092084875
MLP,200,50,0.07176138,0,0.0,True,0.004691987488195297,0.0012812888994966581
MLP,200,50,0.87421966,1,1.0,True,0.025613727146939387,0.01701462043595728
MLP,200,50,0.89870995,1,1.0,True,0.013495488275267746,0.017737037101374135
MLP,200,50,0.14151752,0,0.0,True,-0.00307370127696334,-0.0016707274765120031
MLP,200,50,0.6513944,1,1.0,True,0.016704982346150768,0.01568469035276023
MLP,200,50,0.5260234,1,1.0,True,0.0051755377125125845,0.007883758238732438
MLP,200,50,0.17493251,0,0.0,True,0.001427245840942847,0.0016086184497210519
MLP,200,50,0.79409826,1,1.0,True,0.008985206380374724,0.00880791205699799
MLP,200,50,0.32814243,0,0.0,True,0.0032727354055613277,0.003559475477553859
MLP,200,50,0.09316624,0,0.0,True,0.0062729824013613876,-0.002375310031504414
MLP,200,50,0.9279396,1,1.0,True,0.013152290838650438,0.013540246870647397
MLP,200,50,0.09056372,0,0.0,True,-0.0008650278857511672,-0.000993855292302573
MLP,200,50,0.87769777,1,1.0,True,0.018684874988747373,0.015182352879722284
MLP,200,50,0.100901715,0,0.0,True,-0.0024223525381397507,-0.0032842134054103544
MLP,200,50,0.11642829,0,0.0,True,0.0022799384565261307,0.0006736237214942383
MLP,200,50,0.93785715,1,1.0,True,0.008872163329665582,0.007281203489727912
MLP,200,50,0.21088786,0,0.0,True,0.0015986626291657677,0.004121127770246802
MLP,200,50,0.13717607,0,0.0,True,0.004693368255418187,-0.0002310035650684066
MLP,200,50,0.3040551,0,0.0,True,0.0022480815591039106,0.002756439937680191
MLP,200,50,0.08568043,0,0.0,True,0.005511580447925017,0.00484080982855799
MLP,200,50,0.87605375,1,1.0,True,0.01576690710107739,0.014424414281979913
MLP,200,50,0.34218445,0,0.0,True,-0.010710548584216457,-0.004867766608873954
MLP,200,50,0.933001,1,1.0,True,0.016212183029317925,0.012043775680067275
MLP,200,50,0.09228955,0,0.0,True,-0.00720805592988386,-0.0008538958261438666
MLP,200,50,0.8421927,1,1.0,True,0.014874492856282845,0.017657547003531927
MLP,200,50,0.17953804,0,0.0,True,-0.00043541359382359723,-0.002777945343607095
MLP,200,50,0.1697396,0,0.0,True,-0.004698211972935628,-0.0008569084103110793
MLP,200,50,0.44513738,0,1.0,False,0.014069761767978143,0.015440726718242918
MLP,200,50,0.94142836,1,1.0,True,0.010186895287269902,0.004146907176006625
MLP,200,50,0.06649403,0,0.0,True,-0.008343704594883646,-0.004006929465681135
MLP,200,50,0.068992905,0,0.0,True,0.006576761980981782,0.004202660802711418
MLP,200,50,0.8053205,1,1.0,True,0.006810091376863537,0.00571981662083842
MLP,200,50,0.72549075,1,1.0,True,0.013742988603311235,0.017628476871506395
MLP,200,50,0.59529567,1,1.0,True,0.00898601007051521,0.014180788767272615
MLP,200,50,0.09422313,0,0.0,True,-0.0035325306980652374,-0.005077217008716567
MLP,200,50,0.8295549,1,1.0,True,0.007269068615378394,0.003061011390799314
MLP,200,50,0.6047568,1,1.0,True,0.017032772573083277,0.018712454280695724
MLP,200,50,0.58859736,1,1.0,True,0.019497742311643078,0.013174321303671533
MLP,200,50,0.11346366,0,0.0,True,0.00771281001065245,0.004228931508966056
MLP,200,50,0.073765695,0,0.0,True,-0.0020819278374329766,-0.0014347916489897438
MLP,200,50,0.70906705,1,1.0,True,0.013196830872493653,0.01121878528310781
MLP,200,50,0.21421565,0,0.0,True,0.004248473046019432,0.0007832059781449743
MLP,200,50,0.09888173,0,0.0,True,0.00180304488599357,0.000600772344566285
MLP,200,50,0.5892987,1,1.0,True,0.009145027144386815,0.011661923925932046
MLP,200,50,0.11802871,0,0.0,True,-0.0013609300668352019,-0.0005329794618932731
MLP,200,50,0.26352504,0,0.0,True,0.0016909935298537423,0.0005380747507843964
MLP,200,50,0.78333765,1,1.0,True,0.0061296888398459605,0.00959629796347861
MLP,200,50,0.7647414,1,1.0,True,0.011691889352700732,0.017084158854139775
MLP,200,50,0.1578465,0,0.0,True,0.007197801704024523,0.0008677738616976462
MLP,200,50,0.08846655,0,0.0,True,-0.0030660913162452483,0.0007788580658874646
MLP,200,50,0.12206867,0,0.0,True,-0.0010538657097725378,-0.0023154459505564965
MLP,200,50,0.26689672,0,0.0,True,0.0020518903202109877,0.0029691440574204195
MLP,200,50,0.6352113,1,0.0,False,-0.001014727725512067,0.002081940651817754
MLP,200,50,0.42397815,0,1.0,False,0.004815173156132363,0.007238358467367822
MLP,200,50,0.3700068,0,1.0,False,0.02372386381502279,0.023533039801753926
MLP,200,50,0.87096566,1,1.0,True,0.015257567434922637,0.01330419710415439
MLP,200,50,0.06398462,0,0.0,True,-0.0003795225030652199,-0.0030716855420512097
MLP,200,50,0.56261736,1,1.0,True,0.006379373388719542,0.012366396075023869
MLP,200,50,0.103435434,0,0.0,True,0.0004366354677768794,-0.004953059443542549
MLP,200,50,0.17358308,0,0.0,True,0.00446569209129333,0.003042058938632707
MLP,200,50,0.67367065,1,1.0,True,0.01712536462702256,0.0157383626049199
MLP,200,50,0.09952512,0,0.0,True,-0.0035745501288367227,-0.0023246614556088245
MLP,200,50,0.123803705,0,0.0,True,0.0036397348377202716,-0.004996555553561139
MLP,200,50,0.095959514,0,0.0,True,0.00038504521635631924,-0.0009225830726998628
MLP,200,50,0.17172578,0,0.0,True,0.012494911883816831,0.0009639904439532924
MLP,200,50,0.77616614,1,1.0,True,0.013352728205919493,0.014516217043301714
MLP,200,50,0.98369884,1,1.0,True,0.018378964626995266,0.010283915082624205
MLP,200,50,0.12879592,0,0.0,True,0.007134956482829759,0.004356750556674518
MLP,200,50,0.6758809,1,1.0,True,0.008410373125190522,0.006544799844532026
MLP,200,50,0.8944213,1,1.0,True,0.012798343751438854,0.012582820096412562
MLP,200,50,0.6606828,1,1.0,True,0.02035279388044376,0.019224380977346585
MLP,200,50,0.76718986,1,1.0,True,0.024659577941235626,0.01935774300919206
MLP,200,50,0.80304754,1,1.0,True,0.013004166856258395,0.019386064918575075
MLP,200,50,0.9789514,1,1.0,True,0.006582598130118943,0.013601788957150699
MLP,200,50,0.86825657,1,1.0,True,0.009246492631163639,0.009597325018651242
MLP,200,50,0.30162686,0,0.0,True,0.005602054053045018,0.002770058876866304
MLP,200,50,0.11364667,0,0.0,True,-0.000503973953496199,-0.000579970451982859
MLP,200,50,0.08541328,0,0.0,True,0.00042432713125092566,-0.0020898956450406602
MLP,200,50,0.75828654,1,1.0,True,0.01642060324023373,0.008628908885408217
MLP,200,50,0.10585458,0,0.0,True,0.00572161350066224,-0.0014177026009301302
MLP,200,50,0.06062741,0,0.0,True,-0.015530345837499699,-0.009423187610859474
MLP,200,50,0.78791046,1,1.0,True,0.0036832584945554604,0.007512260328262694
MLP,200,50,0.09565972,0,0.0,True,0.007467806084241917,0.005319170787702244
MLP,200,50,0.07661467,0,0.0,True,-0.0031173935301240913,-0.0015635338357421703
MLP,200,50,0.16781965,0,0.0,True,0.002083343540872313,0.0016353683401266216
MLP,200,50,0.1106792,0,0.0,True,0.004225163003039334,0.004212664683613551
MLP,200,50,0.63061494,1,1.0,True,0.006578241787657142,0.010876263872887176
MLP,200,51,0.49027923,0,0.0,True,-0.008023293059404923,-0.0028265747283213833
MLP,200,51,0.25784,0,0.0,True,-0.0007034977165852093,0.0003777881259415
MLP,200,51,0.22438927,0,0.0,True,0.0017520667571159058,0.004854489263805708
MLP,200,51,0.12152811,0,0.0,True,-0.00029551156851336826,-0.0012782249529674843
MLP,200,51,0.970988,1,1.0,True,0.014832869643915189,0.01188657642751686
MLP,200,51,0.74694514,1,1.0,True,0.019138696264751075,0.021382346125306977
MLP,200,51,0.09254254,0,0.0,True,-0.0028450164660734165,-0.0037826108517132334
MLP,200,51,0.8169812,1,1.0,True,0.007476878345937871,0.010490865056166825
MLP,200,51,0.6077271,1,0.0,False,0.0006496370399494718,-0.000507345580926843
MLP,200,51,0.50017905,1,1.0,True,0.020749933668048077,0.01679655208288578
MLP,200,51,0.95306796,1,1.0,True,0.01930661732735192,0.019357800210773844
MLP,200,51,0.16160129,0,0.0,True,-0.005560192454237663,-0.0007684862308787996
MLP,200,51,0.78912634,1,1.0,True,0.00836659735419566,0.007456391005590128
MLP,200,51,0.15235686,0,0.0,True,0.0005723179569912701,0.00312359038969472
MLP,200,51,0.078885786,0,0.0,True,9.999876872227114e-05,-0.0007057703275729839
MLP,200,51,0.47939724,0,1.0,False,0.017889095847001477,0.013727216585058958
MLP,200,51,0.07503432,0,0.0,True,-0.007693688548537238,-0.00869719442449253
MLP,200,51,0.77634346,1,1.0,True,0.012882442735335758,0.012598072285116882
MLP,200,51,0.09180851,0,0.0,True,0.0016199315074322978,0.0030855793581657538
MLP,200,51,0.1555692,0,0.0,True,0.001399410754469388,-0.0018724818367941878
MLP,200,51,0.11991356,0,0.0,True,-0.00025207225155647015,-0.00012668790455258767
MLP,200,51,0.6694262,1,1.0,True,0.015471862508710943,0.012665509035728557
MLP,200,51,0.3082866,0,0.0,True,0.00529520368069091,0.004676623584509492
MLP,200,51,0.081506155,0,0.0,True,-0.0022270538506074817,0.0001101531643026305
MLP,200,51,0.21489552,0,0.0,True,-0.001156337839756656,-0.002469178791598394
MLP,200,51,0.07606563,0,0.0,True,-0.0008092856717752761,0.0011026364714561054
MLP,200,51,0.19572833,0,0.0,True,0.001252975267918584,0.002012277997772918
MLP,200,51,0.8794643,1,1.0,True,0.005789243396831152,0.01285286091807403
MLP,200,51,0.64551705,1,1.0,True,0.010897490037223168,0.010623856320007619
MLP,200,51,0.2922199,0,0.0,True,0.0008261980187911755,-0.0002527149442392695
MLP,200,51,0.18380688,0,0.0,True,0.0006421322379796423,0.004144756692668785
MLP,200,51,0.29478335,0,1.0,False,0.022457492590519254,0.022212213639069858
MLP,200,51,0.8074404,1,1.0,True,0.017014915017459293,0.020507508049657078
MLP,200,51,0.12022462,0,0.0,True,-0.007557333222903122,-0.001857585794777168
MLP,200,51,0.091502436,0,0.0,True,0.0015497415972121505,0.0017044780482478742
MLP,200,51,0.08405915,0,0.0,True,0.009839815784924235,0.0038472114340660562
MLP,200,51,0.9472398,1,1.0,True,0.021889931970045046,0.017487967085465
MLP,200,51,0.782852,1,1.0,True,0.00889063931201941,0.008586212043353827
MLP,200,51,0.28285444,0,1.0,False,0.0169816004667779,0.014884513424087979
MLP,200,51,0.8679335,1,1.0,True,0.011658036417819557,0.01514154755587547
MLP,200,51,0.11843699,0,0.0,True,0.0007611194696964859,0.0009216263645584349
MLP,200,51,0.84400135,1,1.0,True,0.014274604338016802,0.009364498331006969
MLP,200,51,0.07235203,0,0.0,True,0.006737197457927155,0.0043121389875419094
MLP,200,51,0.788663,1,1.0,True,0.018136012592898328,0.014756928478564461
MLP,200,51,0.08090976,0,0.0,True,-0.009902129759943631,-0.004183499081275229
MLP,200,51,0.16110986,0,0.0,True,-0.007516258717026831,-0.0015659796740685433
MLP,200,51,0.33509097,0,0.0,True,0.00045210890647896855,0.00035267246953245697
MLP,200,51,0.13371025,0,0.0,True,-0.00020202227330358205,-0.000729638051177845
MLP,200,51,0.06688639,0,0.0,True,-0.006741080750535297,-0.006177845716612318
MLP,200,51,0.15636815,0,0.0,True,0.0007955934521438785,0.003719923652520765
MLP,200,51,0.87740374,1,1.0,True,0.0054508130276388405,0.0067441692053507125
MLP,200,51,0.27196303,0,1.0,False,0.021273858358301728,0.010547294496448005
MLP,200,51,0.9748614,1,1.0,True,0.010396014475803208,0.006367891197169254
MLP,200,51,0.27074665,0,1.0,False,0.0208714835058795,0.024405161509746674
MLP,200,51,0.76286054,1,1.0,True,0.012211055276381907,0.014886649874055415
MLP,200,51,0.8683451,1,1.0,True,0.015661351645931108,0.017870587586617345
MLP,200,51,0.0703843,0,0.0,True,-0.008197664102963546,-0.004439484715006418
MLP,200,51,0.12503207,0,0.0,True,-0.0015192009019799782,-0.005832658149311746
MLP,200,51,0.8637015,1,1.0,True,0.008333728822490602,0.0053802302198111196
MLP,200,51,0.7176322,1,1.0,True,0.01145274054066379,0.01072759509070422
MLP,200,51,0.9414343,1,1.0,True,0.011735782807414006,0.0065454690207465685
MLP,200,51,0.22243035,0,0.0,True,-0.0009681717091946658,0.002256191347362902
MLP,200,51,0.9167346,1,1.0,True,0.010902705604332357,0.008435877638143414
MLP,200,51,0.34732732,0,0.0,True,-5.035257086857531e-05,-0.003400495455921687
MLP,200,51,0.16444622,0,0.0,True,-0.003150165924889154,-0.0034598920790472752
MLP,200,51,0.81516856,1,1.0,True,0.013794829845599547,0.009502948412177333
MLP,200,51,0.06564712,0,0.0,True,-0.007271536909474218,-0.006863505451520226
MLP,200,51,0.6809956,1,1.0,True,0.009725353224806372,0.011665501530882551
MLP,200,51,0.1849499,0,0.0,True,-0.0015802152952794008,0.00017323856919490557
MLP,200,51,0.06722685,0,0.0,True,-0.0006106403616153803,-0.0024503486426979523
MLP,200,51,0.79722834,1,1.0,True,0.008944322235105115,0.01848810250469953
MLP,200,51,0.0859076,0,0.0,True,0.009015774413999445,0.0035703506680510783
MLP,200,51,0.09300389,0,0.0,True,0.002864290679371971,0.0002518260856127026
MLP,200,51,0.8570316,1,1.0,True,0.009681901240993501,0.01144716686503872
MLP,200,51,0.21449637,0,0.0,True,0.007085412245720162,0.005440851194961789
MLP,200,51,0.99096406,1,1.0,True,0.01687869265335756,0.013698293464637164
MLP,200,51,0.33463904,0,0.0,True,-0.0004901700482689799,-0.001725033029784428
MLP,200,51,0.9051642,1,1.0,True,0.006093541043187644,0.00978763671357962
MLP,200,51,0.10582847,0,0.0,True,-0.0033592048020499115,0.0004597026261787615
MLP,200,51,0.24508366,0,0.0,True,0.0023252311952221627,0.001222640884898137
MLP,200,51,0.85506237,1,1.0,True,0.013209361137111415,0.012363956798688316
MLP,200,51,0.83018106,1,1.0,True,0.021865879434082264,0.023611564979606064
MLP,200,51,0.69249195,1,1.0,True,0.009638990946576298,0.010416949376696823
MLP,200,51,0.17473745,0,0.0,True,0.0019382954379693021,0.0021778933296108843
MLP,200,51,0.8430222,1,1.0,True,0.007949283155191717,0.012407959432772364
MLP,200,51,0.18531339,0,0.0,True,-0.010252173178594549,-0.009850218129774428
MLP,200,51,0.18215263,0,0.0,True,-0.0011787945915367785,0.001841148580869046
MLP,200,51,0.09365418,0,0.0,True,-0.004372616448523617,-0.0038547396244921774
MLP,200,51,0.11142937,0,0.0,True,-0.0006055587748357127,0.0009298963314134246
MLP,200,51,0.09643305,0,0.0,True,-4.514147613539045e-05,0.0026205210202720573
MLP,200,51,0.15030664,0,0.0,True,0.003969396604848617,0.003652104387791902
MLP,200,51,0.3316219,0,0.0,True,-0.0018974385852149674,-0.006794408873431836
MLP,200,51,0.55976945,1,1.0,True,0.014442764359000482,0.016291024883142213
MLP,200,51,0.16212024,0,0.0,True,0.010450457686660648,0.0070009062452481745
MLP,200,51,0.081608236,0,0.0,True,-0.0071890340359282105,-0.00496444802683294
MLP,200,51,0.93805194,1,1.0,True,0.010629443993113176,0.014836340864416788
MLP,200,51,0.49183917,0,1.0,False,0.010447257869425915,0.009491645019468845
MLP,200,51,0.112678505,0,0.0,True,0.0002028940827918694,0.0019669329555732015
MLP,200,51,0.08456596,0,0.0,True,-0.006316375769996726,-0.0033836176467780883
MLP,200,51,0.08804973,0,0.0,True,-0.0014495191583385424,6.905861694081143e-06
MLP,200,52,0.119556785,0,0.0,True,-0.002533064453916134,-0.0022871402850586373
MLP,200,52,0.8809877,1,1.0,True,0.023213332723620705,0.019014474937481665
MLP,200,52,0.10567567,0,0.0,True,0.0012541008989398435,-0.0012365766669010178
MLP,200,52,0.8854617,1,1.0,True,0.008003536453361998,0.011672442986502931
MLP,200,52,0.6033454,1,1.0,True,0.006531422226504642,0.012613670286119724
MLP,200,52,0.76924616,1,1.0,True,0.002741334316104862,0.007181049280085868
MLP,200,52,0.9160222,1,1.0,True,0.010703633222590936,0.011007700286375068
MLP,200,52,0.4023825,0,1.0,False,0.007484127727923098,0.009598953714885332
MLP,200,52,0.22326466,0,0.0,True,0.0011519998843039358,0.003465843892403413
MLP,200,52,0.9653108,1,1.0,True,0.008731390140294868,0.01134882506134181
MLP,200,52,0.6110776,1,1.0,True,0.01389279442557494,0.013569074949009538
MLP,200,52,0.5161445,1,1.0,True,0.011096551690578417,0.014927529015070728
MLP,200,52,0.079335324,0,0.0,True,0.006582765376732258,0.0002515292187815053
MLP,200,52,0.09638747,0,0.0,True,0.011652316464871186,0.0030676941374160305
MLP,200,52,0.080087855,0,0.0,True,0.0021261000413315668,1.685171234637921e-05
MLP,200,52,0.7583666,1,1.0,True,0.020965663042893618,0.017668552059561676
MLP,200,52,0.66772854,1,1.0,True,0.0198479359468178,0.010765851931442572
MLP,200,52,0.08316996,0,0.0,True,-0.00790415571553275,-0.007895119423945586
MLP,200,52,0.96239555,1,1.0,True,0.026326181521171547,0.022711590588443777
MLP,200,52,0.27719513,0,0.0,True,-0.001530507517987945,-0.00649060346597329
MLP,200,52,0.20293152,0,0.0,True,-0.001760830563739992,-0.002017028774018718
MLP,200,52,0.8522938,1,1.0,True,0.009857171443621618,0.013132640980537789
MLP,200,52,0.08189854,0,0.0,True,0.007334277268205438,0.0041282330367838444
MLP,200,52,0.13259813,0,0.0,True,0.0018567712461787182,0.0038515217033120103
MLP,200,52,0.29134557,0,1.0,False,0.008753459408652514,0.012117988254278666
MLP,200,52,0.62275857,1,1.0,True,0.011676004994071102,0.009669970813374668
MLP,200,52,0.24760991,0,0.0,True,-0.0010112211744062794,0.00011873965257469872
MLP,200,52,0.62009746,1,1.0,True,0.02309152162344308,0.020960762616679722
MLP,200,52,0.07180552,0,0.0,True,0.002179448448008688,0.005283334249604291
MLP,200,52,0.7788427,1,1.0,True,0.020903442902106713,0.018839863003993575
MLP,200,52,0.06396495,0,0.0,True,-0.015276509821170686,-0.010352787303847111
MLP,200,52,0.068441816,0,0.0,True,-0.004248959391169083,9.794128735097925e-05
MLP,200,52,0.07743011,0,0.0,True,0.011004969909026576,0.00554152642820358
MLP,200,52,0.65005475,1,1.0,True,0.01673383966433268,0.022418408654919023
MLP,200,52,0.978613,1,1.0,True,0.017582472837883643,0.014907108623957645
MLP,200,52,0.7146964,1,1.0,True,0.011675006104087582,0.011033855715706262
MLP,200,52,0.3076729,0,0.0,True,0.0015955903591000655,0.006965801909799726
MLP,200,52,0.43477774,0,0.0,True,0.009195045246610125,0.007127825677573973
MLP,200,52,0.14808735,0,0.0,True,-0.0021611066774328068,-2.5361414634975998e-05
MLP,200,52,0.9255873,1,1.0,True,0.016578429392507053,0.015283213950874133
MLP,200,52,0.12619969,0,0.0,True,-0.005678543141705927,-0.003375496658945206
MLP,200,52,0.9147197,1,1.0,True,0.01470872851453955,0.010387008973303875
MLP,200,52,0.14204401,0,0.0,True,4.978814867032106e-05,0.0004782154921337577
MLP,200,52,0.9630789,1,1.0,True,0.011886373438631382,0.012605669984476821
MLP,200,52,0.11179306,0,0.0,True,0.004758000534751965,-0.00255943201648407
MLP,200,52,0.5329279,1,1.0,True,0.01956233827807115,0.00958454176907946
MLP,200,52,0.7576912,1,1.0,True,0.013925942255053949,0.008616486592054773
MLP,200,52,0.47635102,0,1.0,False,0.018116792713183665,0.014178971268910713
MLP,200,52,0.7477814,1,1.0,True,0.019622960714473385,0.013046204579711812
MLP,200,52,0.06748251,0,0.0,True,-0.009359707997749484,-0.0027556713459430354
MLP,200,52,0.0688011,0,0.0,True,-0.0017642606905894634,-0.0038352653062639773
MLP,200,52,0.06554219,0,0.0,True,-0.0068847445292987185,-0.003955035867436672
MLP,200,52,0.054545384,0,0.0,True,0.0005737987574666686,0.0015301131190515128
MLP,200,52,0.82187253,1,1.0,True,0.015169761511821337,0.012488187262730063
MLP,200,52,0.13816692,0,0.0,True,-0.010952038822943936,-0.0024682031653922923
MLP,200,52,0.90538603,1,1.0,True,0.01015007117172821,0.011434882232585583
MLP,200,52,0.9917921,1,1.0,True,0.0013644234543845615,2.8523459105528183e-05
MLP,200,52,0.8235452,1,1.0,True,0.012834136207626275,0.015439247076881166
MLP,200,52,0.115923725,0,0.0,True,0.0011497714283712468,0.005408951710952282
MLP,200,52,0.8224845,1,1.0,True,0.010016448945510618,0.012130002257319803
MLP,200,52,0.09591605,0,0.0,True,-0.003983934591473007,0.0008957004917751378
MLP,200,52,0.1044065,0,0.0,True,-0.0015869727609846742,0.0002998843809163283
MLP,200,52,0.12093114,0,0.0,True,-0.006888062183873962,-0.005091355641546448
MLP,200,52,0.11805874,0,0.0,True,-0.0035657209509468626,-0.005890631104708596
MLP,200,52,0.3822751,0,1.0,False,0.021341345745611848,0.012024870347362333
MLP,200,52,0.8094054,1,1.0,True,0.012779664005271847,0.011624839983255496
MLP,200,52,0.10849212,0,0.0,True,0.0025477771596633123,-0.0009468475886662142
MLP,200,52,0.21698731,0,0.0,True,-0.0005077086760725792,-0.0004833407275848043
MLP,200,52,0.13765486,0,0.0,True,0.005526673687827403,0.003726949690036931
MLP,200,52,0.20546974,0,0.0,True,-0.004514247259610796,-0.0024604736023637664
MLP,200,52,0.13718967,0,0.0,True,0.006683402159288895,0.001662407529964495
MLP,200,52,0.82347137,1,1.0,True,0.011318394976567149,0.007872455075104702
MLP,200,52,0.50800604,1,1.0,True,0.01103644880762263,0.01270093001110832
MLP,200,52,0.96283144,1,1.0,True,0.0066490190141906495,0.011533334523574905
MLP,200,52,0.83928734,1,1.0,True,0.014303867052827763,0.008823899368787696
MLP,200,52,0.19331843,0,0.0,True,0.006899789551036862,0.004675918998679363
MLP,200,52,0.17836939,0,0.0,True,0.005160289630405029,0.0008887933185077464
MLP,200,52,0.90261084,1,1.0,True,0.019037298685576305,0.017561800200569785
MLP,200,52,0.8961273,1,1.0,True,0.017917108531504997,0.0164984716195024
MLP,200,52,0.882159,1,1.0,True,0.019556229144565306,0.01701375995856853
MLP,200,52,0.65040845,1,1.0,True,0.014584826119896305,0.012050040498121964
MLP,200,52,0.14715175,0,0.0,True,0.0052567009450146095,0.0047922214889711745
MLP,200,52,0.879354,1,1.0,True,0.019283682828511308,0.02030476991292881
MLP,200,52,0.80193,1,1.0,True,0.014148928726572108,0.016175123473326364
MLP,200,52,0.258871,0,0.0,True,-0.0015535376605684144,0.005822252618146066
MLP,200,52,0.7660798,1,1.0,True,0.012786337547513396,0.012337950557451464
MLP,200,52,0.12049357,0,0.0,True,-0.00860198194044537,-0.0008648113097526989
MLP,200,52,0.7999878,1,1.0,True,0.02693510235448027,0.017934984793741598
MLP,200,52,0.06418402,0,0.0,True,-0.007553910978363744,-0.009891274753672907
MLP,200,52,0.07133258,0,0.0,True,0.005021306518873762,0.004430079393088124
MLP,200,52,0.44309655,0,1.0,False,0.018963931956011558,0.01594422478774497
MLP,200,52,0.075483166,0,0.0,True,0.0016582361472385941,0.0044331788100713835
MLP,200,52,0.86568815,1,1.0,True,0.012961693291719058,0.011886754612022364
MLP,200,52,0.9196324,1,1.0,True,0.014787375155186485,0.016559037262326035
MLP,200,52,0.77289206,1,1.0,True,0.01150738719395617,0.01362701787505883
MLP,200,52,0.89125824,1,1.0,True,0.016683431191955422,0.016271441275328556
MLP,200,52,0.9564958,1,1.0,True,0.021752699720002037,0.018931874111857712
MLP,200,52,0.7700663,1,1.0,True,0.009191729259470986,0.01256456697638014
MLP,200,52,0.9441724,1,1.0,True,0.01571534692293377,0.020994270417147718
MLP,200,52,0.8922242,1,1.0,True,0.011338028899248068,0.006405745356806844
MLP,200,53,0.6796846,1,1.0,True,0.017567187830647542,0.016684927202395207
MLP,200,53,0.7537397,1,1.0,True,0.02545853359260225,0.015246862594589222
MLP,200,53,0.08718523,0,0.0,True,-0.0014024574950319312,-0.0019869397416545824
MLP,200,53,0.8448896,1,1.0,True,0.015440610861311852,0.014449934747080107
MLP,200,53,0.13139434,0,0.0,True,-0.0013685880846917614,0.0006419443065081206
MLP,200,53,0.08731055,0,0.0,True,0.010609961934687625,0.0011684188149731455
MLP,200,53,0.23875621,0,0.0,True,0.006959744855718694,0.005364792507886298
MLP,200,53,0.12650354,0,0.0,True,0.0029879410369486174,-0.0006830038800356051
MLP,200,53,0.4509006,0,0.0,True,0.005001034549274916,0.00121109691625606
MLP,200,53,0.7023897,1,1.0,True,0.018836895368767693,0.016892942482643565
MLP,200,53,0.74624586,1,1.0,True,0.0008376601443052882,0.009128000346191517
MLP,200,53,0.71969163,1,1.0,True,0.021137451422383633,0.016280794624654638
MLP,200,53,0.07552864,0,0.0,True,0.0029379726766649234,-0.005415979381320784
MLP,200,53,0.40219367,0,1.0,False,0.018638682416252945,0.014031186438549264
MLP,200,53,0.20520926,0,0.0,True,-0.008535119058893552,-0.0030440802401718128
MLP,200,53,0.8754405,1,1.0,True,0.01569446777490915,0.011013618435562913
MLP,200,53,0.8565868,1,1.0,True,0.011909487851643362,0.014584436467387971
MLP,200,53,0.1858748,0,0.0,True,0.006231115589946865,0.005491113329469443
MLP,200,53,0.9050008,1,1.0,True,0.012561129320787593,0.016723364693185905
MLP,200,53,0.21767533,0,0.0,True,-0.0065396591676696175,-0.0025501013237971297
MLP,200,53,0.8857874,1,1.0,True,0.006545367723871066,0.010266564712340148
MLP,200,53,0.9035458,1,1.0,True,0.013516961921983114,0.01264445971028374
MLP,200,53,0.111042604,0,0.0,True,0.0013994973426391345,-0.00222496311686576
MLP,200,53,0.26080412,0,1.0,False,0.008785854781641582,0.008913071360917891
MLP,200,53,0.34800172,0,0.0,True,-0.004624532262723998,-0.005290844081777014
MLP,200,53,0.9106232,1,1.0,True,0.008092157977344588,0.008164986300906623
MLP,200,53,0.9760181,1,1.0,True,0.010424105194540683,0.009619542476478105
MLP,200,53,0.47288653,0,1.0,False,0.007076603921722486,0.010719226339186554
MLP,200,53,0.08752859,0,0.0,True,-0.0012924218207537841,0.00034746598147268376
MLP,200,53,0.08290202,0,0.0,True,-0.002124683002358498,-0.002129457534218955
MLP,200,53,0.12451174,0,0.0,True,-0.0006541076652317032,0.001030817859188146
MLP,200,53,0.9942958,1,1.0,True,0.015518642398382458,0.022006586477685948
MLP,200,53,0.69437706,1,1.0,True,0.016890742100091283,0.01646073347229695
MLP,200,53,0.41813836,0,1.0,False,0.001708137386526782,0.005238587102573143
MLP,200,53,0.71164805,1,1.0,True,0.0135511582918024,0.016153222370940197
MLP,200,53,0.91004753,1,1.0,True,0.012443210393283437,0.005644075162757317
MLP,200,53,0.89449406,1,1.0,True,0.020050732399648004,0.014257432405689618
MLP,200,53,0.8834983,1,1.0,True,0.015009562569534066,0.017455533127066936
MLP,200,53,0.08097517,0,0.0,True,-0.002111048722858845,0.0020902718806591306
MLP,200,53,0.9771543,1,1.0,True,0.01817599099245225,0.015128700485623496
MLP,200,53,0.14621465,0,0.0,True,-0.004389818990512215,-0.001627599918400219
MLP,200,53,0.9071099,1,1.0,True,0.013008862268947478,0.013696450993285671
MLP,200,53,0.081818484,0,0.0,True,0.003911427819730707,0.002862439110895975
MLP,200,53,0.11157583,0,0.0,True,0.004051714120992215,0.004413456821127568
MLP,200,53,0.05817023,0,0.0,True,-0.0002304794413226315,-0.001083281485550862
MLP,200,53,0.24261813,0,0.0,True,-0.004810527307052968,-0.0035088598492351887
MLP,200,53,0.08743131,0,0.0,True,-0.0028159605650545094,-0.0038304304964394517
MLP,200,53,0.2410258,0,0.0,True,0.00864044741711756,0.00931730228341278
MLP,200,53,0.7715888,1,1.0,True,0.012139611319190918,0.016098675714830715
MLP,200,53,0.12589405,0,0.0,True,0.006781270827379108,0.0021888829838852372
MLP,200,53,0.90291846,1,1.0,True,0.014672879099251078,0.011636682099961354
MLP,200,53,0.18875815,0,0.0,True,-0.004471825474979077,-0.005060981144214405
MLP,200,53,0.1810664,0,0.0,True,-9.938898005214898e-05,-0.0009322944276958864
MLP,200,53,0.54058653,1,1.0,True,0.012563117462436022,0.014710933778524442
MLP,200,53,0.8815237,1,1.0,True,0.02371363860657864,0.02223462889168709
MLP,200,53,0.10735867,0,0.0,True,-0.0009498824600767375,-0.004250388330760684
MLP,200,53,0.31208342,0,0.0,True,-0.0006640646674566526,0.0005945746638926886
MLP,200,53,0.80575377,1,1.0,True,0.024193833591908683,0.021034703017298543
MLP,200,53,0.26980853,0,1.0,False,0.013700219974697232,0.012323575824367682
MLP,200,53,0.30937016,0,1.0,False,0.009737562836173583,0.01061969636349509
MLP,200,53,0.46716276,0,1.0,False,0.014949113693261311,0.019647594544355395
MLP,200,53,0.8771214,1,1.0,True,0.030110077819409928,0.02190333363075479
MLP,200,53,0.8743227,1,1.0,True,0.01582739065942132,0.01755421212826942
MLP,200,53,0.3017892,0,0.0,True,-0.0049580694472297,-0.006735837199563368
MLP,200,53,0.6905698,1,0.0,False,-0.00409163307863069,-0.0005724945273086879
MLP,200,53,0.059772607,0,0.0,True,0.004321608040201005,0.004408060453400504
MLP,200,53,0.054724816,0,0.0,True,0.004916169937954411,0.0032667800428890044
MLP,200,53,0.22269715,0,0.0,True,0.0013041110772123955,0.0016849421471959792
MLP,200,53,0.16773713,0,0.0,True,-0.003961786732224349,-0.0017548266603180432
MLP,200,53,0.13340352,0,0.0,True,-0.001820327091327455,-0.0026582870826568454
MLP,200,53,0.122755684,0,0.0,True,0.0009157309006802748,0.0017997441752015675
MLP,200,53,0.46082684,0,0.0,True,0.0031611148914407385,0.0037475045075417435
MLP,200,53,0.909089,1,1.0,True,0.017285652353914025,0.019445043420933655
MLP,200,53,0.51866215,1,1.0,True,0.020581217434685793,0.013054573416937908
MLP,200,53,0.08044713,0,0.0,True,-0.005858788486478819,-0.0030241013955586596
MLP,200,53,0.20181338,0,0.0,True,2.6870506309629288e-05,-0.0012828015191596335
MLP,200,53,0.8411741,1,1.0,True,0.019067651678272436,0.01578853652885603
MLP,200,53,0.054526046,0,0.0,True,-0.0037919485380114243,-0.0032227897556575667
MLP,200,53,0.2231457,0,0.0,True,-0.002279797200542301,-0.0028150897589342347
MLP,200,53,0.12457257,0,0.0,True,0.0008645738382239094,-0.0007668991448893258
MLP,200,53,0.21942304,0,0.0,True,-0.0037755566192913714,-0.0007621210974293574
MLP,200,53,0.4028132,0,1.0,False,0.012987401662871519,0.011506441898586538
MLP,200,53,0.14561534,0,0.0,True,-0.0005166860319741244,0.0015245100413238412
MLP,200,53,0.91677415,1,1.0,True,0.011255846735153527,0.01239339628063487
MLP,200,53,0.1302445,0,0.0,True,-0.004745917458062228,-0.002694114385158524
MLP,200,53,0.69530886,1,1.0,True,0.013867506092693353,0.015395142694968764
MLP,200,53,0.20617369,0,0.0,True,-0.007576974086007143,-0.0067723074490747435
MLP,200,53,0.8039687,1,1.0,True,0.010082728723768811,0.008073215288395708
MLP,200,53,0.16578463,0,0.0,True,-0.0026442520991765304,-0.00529604370657839
MLP,200,53,0.13751753,0,0.0,True,-0.0017276826483684953,0.0013150760286045476
MLP,200,53,0.07897679,0,0.0,True,-0.0004473712885248521,-0.00531147185765855
MLP,200,53,0.7725428,1,1.0,True,0.022172769757777367,0.019005194024803055
MLP,200,53,0.22612715,0,0.0,True,-0.0018946893672073294,0.0024857251059897845
MLP,200,53,0.20047387,0,0.0,True,0.005055559936414833,0.00010279899155563954
MLP,200,53,0.11638586,0,0.0,True,0.00024326560411861277,4.327792220213462e-05
MLP,200,53,0.09520207,0,0.0,True,0.0054533489951350935,0.005191329783133634
MLP,200,53,0.20523892,0,0.0,True,-0.007223334984798978,-0.005751067585343253
MLP,200,53,0.28557006,0,0.0,True,0.003503846208080196,-0.0016508780821519855
MLP,200,53,0.6260671,1,1.0,True,0.012957874838381235,0.01137912529188372
MLP,200,53,0.7738735,1,1.0,True,0.013257840399181911,0.010368153591882147
MLP,200,54,0.88263214,1,1.0,True,0.017504118128636673,0.00946772586830675
MLP,200,54,0.30891648,0,0.0,True,0.004141278815219268,-0.0004055897470094443
MLP,200,54,0.85219604,1,1.0,True,0.011988795338440219,0.013732561381295551
MLP,200,54,0.9650391,1,1.0,True,0.0001860532281076661,0.004015056684231323
MLP,200,54,0.9266395,1,1.0,True,0.02888662371479901,0.023997303595627024
MLP,200,54,0.22310854,0,0.0,True,-0.008601385955745798,-0.0067339614940778395
MLP,200,54,0.6479515,1,1.0,True,0.019595007656612894,0.015412309866628924
MLP,200,54,0.29521403,0,0.0,True,-0.0005575446080635202,-0.0006598281809730881
MLP,200,54,0.30281794,0,0.0,True,0.0016431571945260345,-0.0017535802839199694
MLP,200,54,0.10238172,0,0.0,True,0.002859444443198551,0.004805665131826719
MLP,200,54,0.79983896,1,1.0,True,0.0008032052722805146,0.010603776062558724
MLP,200,54,0.9637011,1,1.0,True,0.009777599068173867,0.01079555143979582
MLP,200,54,0.11489933,0,0.0,True,0.016577196788846057,0.00853319660156264
MLP,200,54,0.9621362,1,1.0,True,0.022549949969660473,0.018452737517518455
MLP,200,54,0.32468617,0,0.0,True,0.0016803210066782764,-0.0028749973480535805
MLP,200,54,0.88954693,1,1.0,True,0.019560249147626094,0.012785575375753835
MLP,200,54,0.9375114,1,1.0,True,0.015039891894246342,0.011890291129849889
MLP,200,54,0.98026603,1,1.0,True,0.01673457473782914,0.010428917336136281
MLP,200,54,0.24517994,0,0.0,True,0.005373724625543274,0.0011048680041547648
MLP,200,54,0.8989763,1,1.0,True,0.017105328807401367,0.012220048484320697
MLP,200,54,0.9258759,1,1.0,True,0.011364524965664983,0.014940059780820464
MLP,200,54,0.102887735,0,0.0,True,0.010651475515818933,0.004355359904826723
MLP,200,54,0.74064386,1,1.0,True,0.015721297385857445,0.014654042025869233
MLP,200,54,0.61807054,1,0.0,False,0.0024915212036911976,-0.0005770544787753734
MLP,200,54,0.17859992,0,0.0,True,0.005137702279542921,0.0039402813671904026
MLP,200,54,0.9203851,1,1.0,True,0.011343126407795617,0.010260845093543646
MLP,200,54,0.7002524,1,1.0,True,0.004830081386222616,0.01683758972318707
MLP,200,54,0.69703424,1,1.0,True,0.0184177607750741,0.012470401203652112
MLP,200,54,0.9215044,1,1.0,True,0.010889914459822778,0.013536993709357093
MLP,200,54,0.086123064,0,0.0,True,-0.011877255362740665,-0.004855412699208332
MLP,200,54,0.7483588,1,1.0,True,0.015397936419303147,0.013897699668396147
MLP,200,54,0.96212554,1,1.0,True,0.017152524672488824,0.01628680757150472
MLP,200,54,0.33981562,0,1.0,False,0.021200449576498373,0.020777076225669818
MLP,200,54,0.2753614,0,0.0,True,0.0051553719758498165,-0.00025117771046946554
MLP,200,54,0.078579836,0,0.0,True,0.00012318391249779427,-0.0019160016038599773
MLP,200,54,0.7614252,1,1.0,True,0.02824843851716879,0.022899613101292307
MLP,200,54,0.98296434,1,1.0,True,0.016192191968901905,0.019054598237487848
MLP,200,54,0.34296492,0,0.0,True,0.0005043759592073074,0.004385418630943749
MLP,200,54,0.09578446,0,0.0,True,0.004923628017898631,0.003223178635565318
MLP,200,54,0.99353665,1,1.0,True,0.008788591360849092,0.009239116308702085
MLP,200,54,0.09178041,0,0.0,True,0.0014313805676114556,7.284464043672172e-05
MLP,200,54,0.9779238,1,1.0,True,0.018271983599603223,0.016684139767853372
MLP,200,54,0.9366661,1,1.0,True,0.02168027839538252,0.019521062356415802
MLP,200,54,0.5872163,1,1.0,True,0.006038380658068216,0.013054407806409091
MLP,200,54,0.16907924,0,0.0,True,0.0011360252095298615,-0.0008263789206081212
MLP,200,54,0.70613235,1,1.0,True,0.018016706083158106,0.01650308873809041
MLP,200,54,0.897897,1,1.0,True,0.009739759594134374,0.012836078496632737
MLP,200,54,0.06882774,0,0.0,True,-0.002324473729932272,-0.006916406257140353
MLP,200,54,0.73429924,1,1.0,True,0.015807911435405865,0.010358486719502237
MLP,200,54,0.9397966,1,1.0,True,0.018677297654782033,0.010437531856459452
MLP,200,54,0.71575475,1,1.0,True,0.0023906797672608913,0.007960734271921524
MLP,200,54,0.26009506,0,0.0,True,-0.0026216147154006337,0.001377087298472046
MLP,200,54,0.98657787,1,1.0,True,0.009843457607611619,0.013144424826750383
MLP,200,54,0.8685721,1,1.0,True,0.01577057040561972,0.020614809653465647
MLP,200,54,0.6905409,1,1.0,True,0.017536115661583418,0.022945279467302356
MLP,200,54,0.060612787,0,0.0,True,0.003210523064064235,-0.0009619745346964532
MLP,200,54,0.96260107,1,1.0,True,0.016441347546427176,0.013715552670006965
MLP,200,54,0.71319985,1,1.0,True,0.025328976766547856,0.021259133995103513
MLP,200,54,0.1139795,0,0.0,True,0.0010314517914188901,0.0013846105320646077
MLP,200,54,0.060758922,0,0.0,True,0.004182451056139606,-0.0026092901143545968
MLP,200,54,0.0994958,0,0.0,True,0.0070080897751336035,-0.0035048105421544534
MLP,200,54,0.97140527,1,1.0,True,0.013780009503439933,0.017973788782062253
MLP,200,54,0.89792085,1,1.0,True,0.016180423895394584,0.01062944129768703
MLP,200,54,0.9983277,1,1.0,True,0.01607260115471086,0.01611330471041176
MLP,200,54,0.2028916,0,0.0,True,0.003232344102384117,0.0049042996411435644
MLP,200,54,0.9593908,1,1.0,True,0.012608511437918976,0.015280539217050089
MLP,200,54,0.9200884,1,1.0,True,0.015725325425695165,0.012964941349544689
MLP,200,54,0.10278665,0,0.0,True,0.00045151786759454316,-0.0006325841175221567
MLP,200,54,0.29579383,0,0.0,True,4.45542264844059e-05,0.0014551185074275744
MLP,200,54,0.9179328,1,1.0,True,0.016236931288050704,0.01511684399992737
MLP,200,54,0.89975035,1,1.0,True,0.02674211873247604,0.01947359751924316
MLP,200,54,0.13591339,0,0.0,True,-0.004104987641328581,-0.006509892795992032
MLP,200,54,0.817476,1,1.0,True,0.018563075740176994,0.0147799259120216
MLP,200,54,0.9010055,1,1.0,True,0.017182945169821107,0.01672178878877808
MLP,200,54,0.13433065,0,0.0,True,0.003571253700571415,-0.0011290346438543799
MLP,200,54,0.9232398,1,1.0,True,0.017438989100314783,0.012424200714104905
MLP,200,54,0.11523963,0,0.0,True,0.0033621755362133934,0.0014057550076354446
MLP,200,54,0.94965625,1,1.0,True,0.011707527210596905,0.013853187908280775
MLP,200,54,0.07568707,0,0.0,True,-0.005025397889478533,-0.0033001193650251176
MLP,200,54,0.12833014,0,0.0,True,-0.005218944170478835,-0.004729468519781508
MLP,200,54,0.0661292,0,0.0,True,-0.007038441023121685,-0.0033255150545968104
MLP,200,54,0.75226325,1,1.0,True,0.023282077888919755,0.0226379167794743
MLP,200,54,0.29714814,0,0.0,True,0.005678417091939906,0.0034760906392847695
MLP,200,54,0.20146154,0,1.0,False,0.01993106093267633,0.01318644203385584
MLP,200,54,0.15939312,0,0.0,True,0.002520299962232609,0.0009400037087984725
MLP,200,54,0.22587429,0,0.0,True,0.012494450291833714,0.006857800453233727
MLP,200,54,0.79299754,1,1.0,True,0.026628466143802047,0.026821652528004235
MLP,200,54,0.07850549,0,0.0,True,-0.005785644402034057,-0.0018467028940463749
MLP,200,54,0.27397177,0,0.0,True,-0.0008560451150667808,-0.0010850700201705807
MLP,200,54,0.813832,1,1.0,True,0.008676464498176238,0.014823733864134112
MLP,200,54,0.8367389,1,1.0,True,0.00879398005024603,0.015541677901271207
MLP,200,54,0.25056362,0,0.0,True,-0.004437540912079756,-0.002912897277458257
MLP,200,54,0.35368684,0,1.0,False,0.01420187360005786,0.005722787202612174
MLP,200,54,0.1786394,0,0.0,True,-6.74837462424243e-05,0.00023221067272524988
MLP,200,54,0.07311394,0,0.0,True,-0.0010514340861729609,0.000205813957957944
MLP,200,54,0.90569913,1,1.0,True,0.009424496079425387,0.011863082788648149
MLP,200,54,0.9131835,1,1.0,True,0.016126248480633126,0.013047313681468865
MLP,200,54,0.91433394,1,1.0,True,0.011052188197272517,0.014934681471464062
MLP,200,54,0.12909368,0,0.0,True,-0.010311765234158544,-0.00794436559002751
MLP,200,54,0.9006743,1,1.0,True,0.012117884336350184,0.013359377827916775
MLP,200,55,0.08349334,0,0.0,True,0.0018946799939952212,-0.00011616079161637216
MLP,200,55,0.6946881,1,0.0,False,0.005699957250862762,0.0022119995240319273
MLP,200,55,0.13328764,0,0.0,True,0.0032769023060220653,0.003993166285540912
MLP,200,55,0.87933815,1,1.0,True,0.015641465345433377,0.011217230576697438
MLP,200,55,0.9791925,1,1.0,True,0.02105800302824956,0.022527762293743443
MLP,200,55,0.9970835,1,1.0,True,0.017442831698522707,0.019428948296418072
MLP,200,55,0.83727634,1,1.0,True,0.016817268577672646,0.011669343693159166
MLP,200,55,0.8799707,1,1.0,True,0.020915848447935745,0.017420153573886103
MLP,200,55,0.9319301,1,1.0,True,0.03390810899944369,0.027322023682465515
MLP,200,55,0.077863395,0,0.0,True,-0.005650700884399608,0.0003292427851651831
MLP,200,55,0.9512553,1,1.0,True,0.013057743044046145,0.016620399334521512
MLP,200,55,0.8976163,1,1.0,True,0.019369839601934807,0.019995756831975575
MLP,200,55,0.8756539,1,1.0,True,0.01587708850774116,0.011786257006954333
MLP,200,55,0.081049435,0,0.0,True,0.007521270162632362,0.0028292314693518237
MLP,200,55,0.833087,1,1.0,True,0.015813908666807857,0.0175931275534847
MLP,200,55,0.20359938,0,1.0,False,0.004120603015075377,0.006246851385390428
MLP,200,55,0.92381054,1,1.0,True,0.023755825836380626,0.021924040183778245
MLP,200,55,0.94843286,1,1.0,True,0.034697505858732026,0.03201660094300355
MLP,200,55,0.1915402,0,0.0,True,-0.006145395823308701,-0.0026841632550517348
MLP,200,55,0.98731685,1,1.0,True,0.010581788289497298,0.005474438923985515
MLP,200,55,0.9065255,1,1.0,True,0.02460330535265472,0.018721949943175765
MLP,200,55,0.8473129,1,1.0,True,0.020845168382264728,0.022537741258933004
MLP,200,55,0.24130785,0,0.0,True,-0.004608306183168435,-0.002581759282652302
MLP,200,55,0.40306836,0,0.0,True,0.005887233533316063,-0.0027914280933514306
MLP,200,55,0.9400003,1,1.0,True,0.01793334908051933,0.009667809236711717
MLP,200,55,0.6366888,1,1.0,True,0.016101469000219117,0.015060479808723527
MLP,200,55,0.5297637,1,0.0,False,-0.0015729797541689744,-0.0007458315707980854
MLP,200,55,0.87833136,1,1.0,True,0.014417347013727648,0.012791724770144557
MLP,200,55,0.9442955,1,1.0,True,0.015553675056016432,0.01596981032454103
MLP,200,55,0.9496583,1,1.0,True,0.022129675811427822,0.02022171542927364
MLP,200,55,0.12852669,0,0.0,True,-0.001484368781345564,0.00037531968630737924
MLP,200,55,0.9452556,1,1.0,True,0.019999244249312778,0.01795851888344227
MLP,200,55,0.1472559,0,0.0,True,-0.007328049363011134,-0.004095230876843944
MLP,200,55,0.08563808,0,0.0,True,-0.0029777307039737257,-0.005806622993584765
MLP,200,55,0.11782523,0,0.0,True,-0.005624315598112061,-0.0029466468407565467
MLP,200,55,0.10430949,0,0.0,True,0.0035678542567726514,0.007733020152880091
MLP,200,55,0.96796656,1,1.0,True,0.010397018676940912,0.012493844652688846
MLP,200,55,0.05441698,0,0.0,True,-0.002440571595105829,-0.002650778316537529
MLP,200,55,0.9747966,1,1.0,True,0.011436791197207087,0.015518871879793368
MLP,200,55,0.9624577,1,1.0,True,0.014389529337410018,0.018470098110118616
MLP,200,55,0.6006203,1,0.0,False,0.001823903640832256,0.0008971309016622955
MLP,200,55,0.42283985,0,0.0,True,-0.0035200847931630207,-0.0032771316592582955
MLP,200,55,0.8703334,1,1.0,True,0.019404084491789913,0.017772676308496854
MLP,200,55,0.5215772,1,1.0,True,0.019396206178594052,0.021737571855727018
MLP,200,55,0.0847728,0,0.0,True,0.0021372899354625396,0.0020458633419228435
MLP,200,55,0.812666,1,1.0,True,0.024281340604329456,0.02553807073484607
MLP,200,55,0.8670783,1,1.0,True,0.0031654737420181993,0.017884080695152196
MLP,200,55,0.8945862,1,1.0,True,0.019614201588818162,0.015360511648992606
MLP,200,55,0.28952888,0,0.0,True,-0.014975988600597784,-0.010177073395535516
MLP,200,55,0.13142774,0,0.0,True,-0.00234677682104916,-0.0019753949905915646
MLP,200,55,0.89349526,1,1.0,True,0.005313371446104818,0.006235948641672375
MLP,200,55,0.9319793,1,1.0,True,0.021557788944723617,0.020931989924433247
MLP,200,55,0.71273184,1,1.0,True,0.009444468675413525,0.0025165267472284053
MLP,200,55,0.9002992,1,1.0,True,0.02275238010938757,0.014932449051516644
MLP,200,55,0.8712093,1,1.0,True,0.02020584239031926,0.0166852219531442
MLP,200,55,0.78188753,1,1.0,True,0.022796986301659227,0.022828499229022223
MLP,200,55,0.32003814,0,1.0,False,0.012511646080874832,0.007252608230849399
MLP,200,55,0.95158327,1,1.0,True,0.023504802310603395,0.017065876387840913
MLP,200,55,0.8464929,1,1.0,True,0.006276459448690994,0.010667204687462004
MLP,200,55,0.1085652,0,0.0,True,-0.004472942073016414,-0.0066758599812990664
MLP,200,55,0.0787259,0,0.0,True,-0.007760694382959776,-0.0020123903477179206
MLP,200,55,0.06301629,0,0.0,True,-0.004052557307494147,-0.005573474497550778
MLP,200,55,0.06040746,0,0.0,True,0.0016859202347991784,0.0005587322419052963
MLP,200,55,0.2882049,0,0.0,True,-0.0024146522116639145,-0.004737885378358625
MLP,200,55,0.1225755,0,0.0,True,0.005887874534163067,0.0030553319977789585
MLP,200,55,0.89295435,1,1.0,True,0.007807865711393401,0.011525143180153597
MLP,200,55,0.49442056,0,1.0,False,0.009014845876520019,0.011449628595416624
MLP,200,55,0.11018666,0,0.0,True,0.0011181698071515529,-6.295782255594663e-05
MLP,200,55,0.08633967,0,0.0,True,-0.005879503493983752,-0.007707794824687126
MLP,200,55,0.124125734,0,0.0,True,-0.0016708015618644575,0.004344597262292607
MLP,200,55,0.060639482,0,0.0,True,0.005271395263565548,0.003622811026446664
MLP,200,55,0.9817348,1,1.0,True,0.027705631362039948,0.025513142599626896
MLP,200,55,0.92710745,1,1.0,True,0.030802484283687915,0.025081948988636006
MLP,200,55,0.08127113,0,0.0,True,0.00749505508971203,-0.0012297927239766564
MLP,200,55,0.7329808,1,1.0,True,0.01823221185758212,0.016135888738959787
MLP,200,55,0.9374437,1,1.0,True,0.019900449508154366,0.01670023254283668
MLP,200,55,0.99026614,1,1.0,True,0.00873902072892275,0.01298770418982675
MLP,200,55,0.9716405,1,1.0,True,0.016618602637338466,0.018288821200919902
MLP,200,55,0.24318618,0,0.0,True,-0.0015152574315364993,-0.0026549924738984987
MLP,200,55,0.9015464,1,1.0,True,0.01560356479905081,0.016124119666133408
MLP,200,55,0.17504269,0,0.0,True,-0.001022006301851563,-0.0013515783003175761
MLP,200,55,0.08728123,0,0.0,True,-0.0006385968902367685,-0.0006632720715172917
MLP,200,55,0.25638732,0,0.0,True,-0.00496377703533825,-0.0066719748942885475
MLP,200,55,0.7024776,1,1.0,True,0.0019169006727885094,0.009309557276315135
MLP,200,55,0.69093245,1,1.0,True,0.022271528510050303,0.021640902925950813
MLP,200,55,0.9932741,1,1.0,True,0.019328397153735365,0.02209697768950585
MLP,200,55,0.874575,1,1.0,True,0.02106461881825221,0.01683630968926768
MLP,200,55,0.10447483,0,0.0,True,0.0008993663224763505,-0.0009377748944114439
MLP,200,55,0.90834177,1,1.0,True,0.02157599526719742,0.020201140396474974
MLP,200,55,0.13203694,0,0.0,True,-0.003930809431644341,0.002456647854982509
MLP,200,55,0.8910313,1,1.0,True,0.01788965145735683,0.016423730176489643
MLP,200,55,0.37143204,0,0.0,True,-0.0022694038008471587,0.0026377655791252996
MLP,200,55,0.16577059,0,0.0,True,-0.0005984162570710505,-0.00042459763148178773
MLP,200,55,0.94618785,1,1.0,True,0.020952928032805213,0.019117073949392323
MLP,200,55,0.07286369,0,0.0,True,0.00014061690191485038,-0.0013454782237539943
MLP,200,55,0.07240511,0,0.0,True,-0.0013931141871699338,-0.00046113458561488464
MLP,200,55,0.0870086,0,0.0,True,-0.001964965691972282,-8.022172291441335e-05
MLP,200,55,0.10446287,0,0.0,True,0.0024017419807723555,-8.60429969507659e-05
MLP,200,55,0.9175629,1,1.0,True,0.023265382584806295,0.021357998135298636
MLP,200,55,0.13404758,0,0.0,True,-0.0015686010541495002,-0.003537018449178311
MLP,200,56,0.6303707,1,1.0,True,0.0022042726220018395,0.013142868285748188
MLP,200,56,0.9576969,1,1.0,True,0.03038364771414335,0.02285886343635576
MLP,200,56,0.94192344,1,1.0,True,0.03629764957736702,0.03205679521250699
MLP,200,56,0.29732794,0,1.0,False,0.019478628435635022,0.020337646921510494
MLP,200,56,0.09348808,0,0.0,True,-0.004923012765741584,-0.00012439547497516263
MLP,200,56,0.17220427,0,0.0,True,-0.004474973993850654,-0.0032519458201272305
MLP,200,56,0.052422993,0,0.0,True,0.004117067320109394,0.00017403390288432317
MLP,200,56,0.93729085,1,1.0,True,0.023869321796426812,0.020982279731185854
MLP,200,56,0.10085268,0,0.0,True,-0.0052087871688125,-0.00582624174060136
MLP,200,56,0.057978008,0,0.0,True,-0.0032880513693472084,0.0005785306731803765
MLP,200,56,0.1300756,0,0.0,True,-0.006764080826443642,-0.006252207985135507
MLP,200,56,0.17886409,0,0.0,True,-0.00047057102673422744,0.0006876990493212687
MLP,200,56,0.29654524,0,0.0,True,-0.002243223967174957,0.0013062076712598999
MLP,200,56,0.9661026,1,1.0,True,0.01357038332093804,0.017292247698877154
MLP,200,56,0.8219939,1,1.0,True,0.009949470785875417,0.00999678639199964
MLP,200,56,0.3207236,0,0.0,True,0.0019312145995774553,-0.0029499777515321402
MLP,200,56,0.5497533,1,1.0,True,0.008099342715187837,0.009635716961392473
MLP,200,56,0.98806083,1,1.0,True,0.013773391929957435,0.017225984876938723
MLP,200,56,0.07331269,0,0.0,True,0.0035593031722815204,-0.0011673089647080764
MLP,200,56,0.724877,1,1.0,True,0.01518584814418214,0.02122251751262888
MLP,200,56,0.24387473,0,0.0,True,0.006151698848085966,0.006367715383847536
MLP,200,56,0.7749973,1,1.0,True,0.019546125165094467,0.022822644986607167
MLP,200,56,0.9882401,1,1.0,True,0.024522593159743377,0.026523846537223693
MLP,200,56,0.98361176,1,1.0,True,0.014623010914064743,0.023626797416077285
MLP,200,56,0.18654236,0,0.0,True,0.004187491032386894,0.0006192955262076607
MLP,200,56,0.95165527,1,1.0,True,0.006724082779690077,0.018539789235565193
MLP,200,56,0.098138936,0,0.0,True,-0.0014202815858087876,-0.0018723318471788016
MLP,200,56,0.116099104,0,0.0,True,-0.0025134097490483137,-0.0006557611428754104
MLP,200,56,0.9278824,1,1.0,True,0.014052201389794367,0.013898809581553862
MLP,200,56,0.113149025,0,0.0,True,0.0009494565718735894,0.00364752290174431
MLP,200,56,0.25492406,0,0.0,True,-0.005678450332769211,-0.002697445194104216
MLP,200,56,0.8524873,1,1.0,True,0.0074585204724203985,0.0054183621809088985
MLP,200,56,0.60856533,1,1.0,True,0.02462317764320719,0.012393113785397314
MLP,200,56,0.86270344,1,1.0,True,0.030637217063290936,0.026705507641136727
MLP,200,56,0.9113954,1,1.0,True,0.01987783622915616,0.01962777069219185
MLP,200,56,0.8661649,1,1.0,True,0.013190281396242847,0.017156224121762112
MLP,200,56,0.15089491,0,0.0,True,0.00491434064390234,0.004574983940409526
MLP,200,56,0.4815305,0,1.0,False,0.0065620218255036805,0.015090326978711186
MLP,200,56,0.08839961,0,0.0,True,-0.010559124941153587,-0.0037356418699359514
MLP,200,56,0.7517262,1,1.0,True,0.015326459861790053,0.00984880409948766
MLP,200,56,0.97103375,1,1.0,True,0.017127088042198518,0.015059972873450738
MLP,200,56,0.15569812,0,0.0,True,0.0026114940118061084,-0.0008329088064434251
MLP,200,56,0.60327977,1,1.0,True,0.017476987707550868,0.01950892229781345
MLP,200,56,0.11208502,0,0.0,True,-0.0003866269838940573,0.0032909295565857898
MLP,200,56,0.9658072,1,1.0,True,0.017737187133409466,0.016421767568059735
MLP,200,56,0.10782016,0,0.0,True,-0.001157057731699299,-0.0027722895761320096
MLP,200,56,0.94994706,1,1.0,True,0.01661933497993942,0.01220382144210581
MLP,200,56,0.97475827,1,1.0,True,0.016674702915609883,0.01523338771870106
MLP,200,56,0.3900441,0,1.0,False,0.01896996957020039,0.013782102676859568
MLP,200,56,0.17989495,0,0.0,True,0.0007246178922055777,-0.0001556650023523213
MLP,200,56,0.08957809,0,0.0,True,0.005577121050125369,0.003601671859409809
MLP,200,56,0.89425224,1,1.0,True,0.01894488958638668,0.013803712908781296
MLP,200,56,0.89753133,1,1.0,True,0.015995253457213764,0.015933238966457056
MLP,200,56,0.21778582,0,0.0,True,0.0015059856915873974,-0.00010275989763563165
MLP,200,56,0.6092645,1,1.0,True,0.023668034260619236,0.023148357765836187
MLP,200,56,0.8364293,1,1.0,True,0.013416704860235776,0.016951890671997732
MLP,200,56,0.13253893,0,0.0,True,-0.006642806248741405,-0.004896147509289842
MLP,200,56,0.08898208,0,0.0,True,0.002863928870197793,0.004483263377186697
MLP,200,56,0.9505468,1,1.0,True,0.012580451469047828,0.012713641560992256
MLP,200,56,0.170255,0,0.0,True,0.003570521193577876,0.0005557774841454042
MLP,200,56,0.8731207,1,1.0,True,0.013889966474484147,0.012894334607330136
MLP,200,56,0.71434474,1,1.0,True,0.017521388082137684,0.020940485796664476
MLP,200,56,0.9689211,1,1.0,True,0.020481215321807005,0.021316952550508802
MLP,200,56,0.9662281,1,1.0,True,0.008816483735957285,0.011455369970485931
MLP,200,56,0.8302963,1,1.0,True,0.020150150248070747,0.02004955597220738
MLP,200,56,0.11038314,0,0.0,True,0.010068893101917383,0.004777235641823894
MLP,200,56,0.9702524,1,1.0,True,0.015981152274613605,0.018241632307675306
MLP,200,56,0.99615943,1,1.0,True,0.009066106165824515,0.015175587588864682
MLP,200,56,0.98930293,1,1.0,True,0.020189586225994795,0.02046987453916606
MLP,200,56,0.8459788,1,1.0,True,0.011857201301839218,0.01412861680200082
MLP,200,56,0.8956376,1,1.0,True,0.007030397755026237,0.008208420019553289
MLP,200,56,0.11240038,0,0.0,True,-0.003925181567579497,-0.002298613232837847
MLP,200,56,0.06902757,0,0.0,True,0.003056462252946713,0.004852486163011484
MLP,200,56,0.9611983,1,1.0,True,0.022594451963505607,0.01716146350029347
MLP,200,56,0.904297,1,1.0,True,0.015499146145929102,0.014756527428428753
MLP,200,56,0.91539747,1,1.0,True,0.0062252556401742425,0.008534042927047047
MLP,200,56,0.13440897,0,0.0,True,0.008344635017767306,0.006627586716481061
MLP,200,56,0.81703997,1,1.0,True,0.022781724875262796,0.014999825356434146
MLP,200,56,0.089941174,0,0.0,True,-0.004450781240077766,-0.00380981799579707
MLP,200,56,0.9707135,1,1.0,True,0.01931290683559905,0.023717538523307487
MLP,200,56,0.10737636,0,0.0,True,0.0008868266616021762,0.0009189502339057779
MLP,200,56,0.8533962,1,1.0,True,0.008875511182394175,0.015906290960139374
MLP,200,56,0.323993,0,0.0,True,-0.0041313157940513065,-0.0020509635692514652
MLP,200,56,0.9931282,1,1.0,True,0.013295500834068438,0.017332091276892468
MLP,200,56,0.973346,1,1.0,True,0.02162523809701897,0.01838684972099507
MLP,200,56,0.9769384,1,1.0,True,0.014522074563487305,0.015741683422171335
MLP,200,56,0.0730474,0,0.0,True,-0.00262371684279574,-0.004637905784957613
MLP,200,56,0.95709115,1,1.0,True,0.02155069675886707,0.019741530662771265
MLP,200,56,0.11980619,0,0.0,True,0.002416954776554242,-0.0024669471397715053
MLP,200,56,0.062301766,0,0.0,True,0.004483968471214047,0.007140897855476952
MLP,200,56,0.8939206,1,1.0,True,0.023656640217691934,0.02532766864403697
MLP,200,56,0.9380354,1,1.0,True,0.01899351321958485,0.015243192989854312
MLP,200,56,0.23778406,0,0.0,True,0.006746738656954533,0.005428454016441125
MLP,200,56,0.7786004,1,1.0,True,0.025595750971294056,0.019333896647407825
MLP,200,56,0.055604868,0,0.0,True,-0.0013826017294324994,0.0029769633366032093
MLP,200,56,0.13093644,0,0.0,True,-0.001938479753170472,0.0008269011503377418
MLP,200,56,0.952598,1,1.0,True,0.034555675290331996,0.030283456505584408
MLP,200,56,0.19753334,0,0.0,True,-0.0022387012776848283,-0.004016435750399739
MLP,200,56,0.9029727,1,1.0,True,0.005166865279766681,0.015307054911430971
MLP,200,56,0.9879588,1,1.0,True,0.016886101691093957,0.010562644293740547
MLP,200,57,0.8720771,1,1.0,True,0.02301286850627137,0.020332957493068335
MLP,200,57,0.31643942,0,0.0,True,0.004432205328169291,-0.0020030562203856663
MLP,200,57,0.6645967,1,1.0,True,0.01726893961963624,0.024643799842379882
MLP,200,57,0.9585959,1,1.0,True,0.02723600199896281,0.02755646527603715
MLP,200,57,0.108864136,0,0.0,True,0.002107650822717705,0.00039986077174978266
MLP,200,57,0.11706231,0,0.0,True,-0.0019887818267022932,0.000700749641161895
MLP,200,57,0.9458955,1,1.0,True,0.017989775780117814,0.012817133756075197
MLP,200,57,0.06774574,0,0.0,True,-0.005126384447437562,-0.005567572550594743
MLP,200,57,0.12589072,0,0.0,True,-0.002368961019143909,-0.003961791323633072
MLP,200,57,0.95691776,1,1.0,True,0.016379658055420326,0.008840447597197106
MLP,200,57,0.106908165,0,0.0,True,-0.006635862051529694,-0.00249664942744398
MLP,200,57,0.98284537,1,1.0,True,0.012624995106145844,0.014948819842577649
MLP,200,57,0.9825143,1,1.0,True,0.02708263472974359,0.026093579104675173
MLP,200,57,0.72080094,1,1.0,True,-0.0008822229045416899,0.008987209724756157
MLP,200,57,0.8793833,1,1.0,True,0.021844192327753555,0.016862483200785892
MLP,200,57,0.06269395,0,0.0,True,-0.0052985225984345675,-0.0028967380783334364
MLP,200,57,0.10381802,0,0.0,True,-0.003103886164319552,-0.002383102575253217
MLP,200,57,0.59392655,1,1.0,True,0.017983224809655737,0.018006397081730196
MLP,200,57,0.068709105,0,0.0,True,-0.004675873613570194,-0.004740352430599702
MLP,200,57,0.8209265,1,1.0,True,0.02997146498260232,0.023328697940761083
MLP,200,57,0.47093612,0,1.0,False,0.021869740400948797,0.01313615651176695
MLP,200,57,0.118067354,0,0.0,True,0.002694436677007783,0.002246943726136277
MLP,200,57,0.070947535,0,0.0,True,-0.003123611966158766,-0.0016197270635740346
MLP,200,57,0.99741805,1,1.0,True,0.021024045741364253,0.017575102762990798
MLP,200,57,0.70991266,1,1.0,True,0.01911027942229392,0.02054881519878724
MLP,200,57,0.14871138,0,0.0,True,0.005343428544343457,0.003522927832967183
MLP,200,57,0.94765663,1,1.0,True,0.015663291365122192,0.019856981993193187
MLP,200,57,0.6817192,1,1.0,True,0.019237508999018396,0.017674818985812295
MLP,200,57,0.8351589,1,1.0,True,0.01506799600944731,0.014402035557190317
MLP,200,57,0.11811576,0,0.0,True,0.0009376596592276897,0.004970511603495274
MLP,200,57,0.9443122,1,1.0,True,0.020799550718947277,0.021180455201476378
MLP,200,57,0.16606939,0,0.0,True,0.00017279137688653264,-0.001161416496256517
MLP,200,57,0.99358046,1,1.0,True,0.012767199149808764,0.017711726293310675
MLP,200,57,0.07071807,0,0.0,True,-0.004686645203467656,-0.006462525574606921
MLP,200,57,0.16825202,0,0.0,True,-0.008090353160258064,-0.0055668452214606414
MLP,200,57,0.14526094,0,0.0,True,-0.00788351021398999,-0.004881004081371186
MLP,200,57,0.08003657,0,0.0,True,-0.0022624565665975657,-0.0008550760618527611
MLP,200,57,0.28307426,0,0.0,True,0.009350152539110165,0.002826191277124469
MLP,200,57,0.092923515,0,0.0,True,0.0037590697544814104,0.002987727318223451
MLP,200,57,0.9643668,1,1.0,True,0.020568452421352298,0.025611809638823514
MLP,200,57,0.20380609,0,0.0,True,0.011430913497163651,0.006562500260505126
MLP,200,57,0.18619794,0,0.0,True,-0.0008188196748171805,-0.001225360661944679
MLP,200,57,0.96172494,1,1.0,True,0.008592571946742842,0.015766509682194386
MLP,200,57,0.94805694,1,1.0,True,0.020795820338380913,0.020143035994011717
MLP,200,57,0.96540946,1,1.0,True,0.01806062739509133,0.01468330159138078
MLP,200,57,0.071639225,0,0.0,True,-0.0018987355589992225,-0.00029431445817305397
MLP,200,57,0.1435184,0,0.0,True,-0.000414743867544641,0.000391866841818987
MLP,200,57,0.1058888,0,0.0,True,0.0036178892220829883,0.0024179538377577764
MLP,200,57,0.6912714,1,1.0,True,0.02543621776149763,0.022650493682455558
MLP,200,57,0.8087038,1,1.0,True,0.008495845024564703,0.01150996760668018
MLP,200,57,0.18488167,0,0.0,True,-0.0017097669431908264,-0.0037291370815210633
MLP,200,57,0.091157585,0,0.0,True,0.0021257599035209404,0.003411749957736278
MLP,200,57,0.1102061,0,0.0,True,0.0055268645674657856,0.0041048572506787034
MLP,200,57,0.062341884,0,0.0,True,0.015464851504743221,0.008249806979535746
MLP,200,57,0.9816357,1,1.0,True,0.02108389523333794,0.020475600312191523
MLP,200,57,0.116820626,0,0.0,True,0.003769106030059493,0.0015176268386047885
MLP,200,57,0.97971,1,1.0,True,0.01611769133096718,0.02326104490880094
MLP,200,57,0.052054834,0,0.0,True,0.01043586546630226,0.006759584223873308
MLP,200,57,0.26920286,0,0.0,True,-0.00261413779135515,-0.0032757926350148576
MLP,200,57,0.15520228,0,0.0,True,-0.01291936826039129,-0.009123492413367648
MLP,200,57,0.10544865,0,0.0,True,-0.0038314297085853834,-0.003362789385638924
MLP,200,57,0.7668154,1,1.0,True,0.010262261685293473,0.01440662871073448
MLP,200,57,0.08898236,0,0.0,True,-0.0008053214586072792,-0.0051900779717313555
MLP,200,57,0.06390607,0,0.0,True,-0.0017699785212982834,0.0005943171270247143
MLP,200,57,0.7479479,1,1.0,True,0.02632220466487516,0.02280771835089489
MLP,200,57,0.08825084,0,0.0,True,-0.0006048367880176564,0.0005021755631453888
MLP,200,57,0.17934524,0,0.0,True,0.002695488393319411,0.0005354685597342279
MLP,200,57,0.09460514,0,0.0,True,-0.0018126055498857202,-0.002925884155793342
MLP,200,57,0.9932272,1,1.0,True,0.02280742897814521,0.01593742661409207
MLP,200,57,0.3118567,0,0.0,True,0.0009534292054078057,-7.667491098652061e-05
MLP,200,57,0.890587,1,1.0,True,0.018894586733770452,0.017934821461260086
MLP,200,57,0.89952505,1,1.0,True,0.01304271720203793,0.022985323653738243
MLP,200,57,0.92491883,1,1.0,True,0.016411045068707535,0.011995831455308024
MLP,200,57,0.8532756,1,1.0,True,0.007006480658910492,0.012118004927762568
MLP,200,57,0.61924934,1,1.0,True,0.017955425130600267,0.02427066142536572
MLP,200,57,0.13591243,0,0.0,True,-0.0036812875580764636,-0.0015232598438085902
MLP,200,57,0.9804695,1,1.0,True,0.007386819119082338,0.008186229225428695
MLP,200,57,0.9214332,1,1.0,True,0.02014954693019663,0.017376421414594667
MLP,200,57,0.98555225,1,1.0,True,0.011318033602310047,0.016558869307505646
MLP,200,57,0.07997842,0,0.0,True,-0.00027815233828316037,0.0030456189871749654
MLP,200,57,0.1066821,0,0.0,True,-0.0056545591856250865,0.0001510794207671782
MLP,200,57,0.06753189,0,0.0,True,-0.008341812386948089,-0.007279638469779556
MLP,200,57,0.9816176,1,1.0,True,0.025776604479776668,0.02735120322786271
MLP,200,57,0.85768056,1,1.0,True,0.014468206508521759,0.022362509947371958
MLP,200,57,0.96656257,1,1.0,True,0.01987725478386426,0.020888967796801567
MLP,200,57,0.7949044,1,1.0,True,0.018395544670315733,0.018568740304207326
MLP,200,57,0.0638137,0,0.0,True,0.0044405488463013345,-0.0007633408462935762
MLP,200,57,0.240321,0,0.0,True,0.0005161186520137973,-0.009304874269638008
MLP,200,57,0.85333574,1,1.0,True,0.02154879620836611,0.025634607869300812
MLP,200,57,0.892912,1,1.0,True,0.03418189512810477,0.02280535449256931
MLP,200,57,0.31182376,0,0.0,True,0.004217278180151328,0.004454422268593701
MLP,200,57,0.17914805,0,0.0,True,-0.0011059527529740146,0.0015361154378334921
MLP,200,57,0.9653226,1,1.0,True,0.014095351478919518,0.01841566614940864
MLP,200,57,0.096291214,0,0.0,True,0.006129569429597559,0.0009312247162824255
MLP,200,57,0.24099317,0,0.0,True,-0.0019259766846205055,-0.0014791309436026003
MLP,200,57,0.16966902,0,0.0,True,0.004567916964470368,0.003546838364300715
MLP,200,57,0.21405613,0,0.0,True,0.00776930261076397,0.0025316554876047754
MLP,200,57,0.8815849,1,1.0,True,0.032761517980770136,0.025816345078989947
MLP,200,57,0.16907,0,0.0,True,-0.0033027832235229754,0.0023577190453914773
MLP,200,57,0.061010245,0,0.0,True,0.007230294247841302,0.002311725679185078
MLP,200,58,0.97613674,1,1.0,True,0.020624866725618085,0.024327576979328757
MLP,200,58,0.15864426,0,0.0,True,0.004616057319392103,0.0007226076103735222
MLP,200,58,0.11089953,0,0.0,True,0.005661718728202965,0.0010405002752037916
MLP,200,58,0.11240266,0,0.0,True,-0.0018743318374499145,-0.0038183707454567456
MLP,200,58,0.070606954,0,0.0,True,-0.003518565066732107,-0.003955613555025114
MLP,200,58,0.9098259,1,1.0,True,0.003961122616831691,0.007066597362336056
MLP,200,58,0.09081001,0,0.0,True,-0.010453830264553038,-0.0050370227183669505
MLP,200,58,0.99269825,1,1.0,True,0.02995945511857746,0.023868894621506417
MLP,200,58,0.9759325,1,1.0,True,0.014947044819717512,0.017782224955324916
MLP,200,58,0.96364206,1,1.0,True,0.02400650339740055,0.026892579227677203
MLP,200,58,0.7950493,1,1.0,True,0.013065394865992834,0.0184577624232551
MLP,200,58,0.118588164,0,0.0,True,0.0032053606572544397,0.004270965148794472
MLP,200,58,0.08537686,0,0.0,True,-0.0018221590925525063,-0.006357762195071246
MLP,200,58,0.9466692,1,1.0,True,0.022988589300306925,0.021980064432113908
MLP,200,58,0.31453905,0,0.0,True,0.0027404501884956277,0.007055889047635648
MLP,200,58,0.16699919,0,0.0,True,0.007403491670985418,0.004776436741197922
MLP,200,58,0.993255,1,1.0,True,0.010846265467816588,0.0167308619472611
MLP,200,58,0.16679458,0,0.0,True,0.007959930958389032,0.005864641792682754
MLP,200,58,0.11657876,0,0.0,True,-0.0017735363960652022,-0.002208020567706277
MLP,200,58,0.06754991,0,0.0,True,-0.005150014093466628,-0.0023948462125549137
MLP,200,58,0.15229051,0,0.0,True,-0.0037028621981880197,-0.0017983279115483298
MLP,200,58,0.98140097,1,1.0,True,0.029826618448669448,0.019436718073653877
MLP,200,58,0.26904482,0,0.0,True,-0.006860064257885669,-0.008061682301544526
MLP,200,58,0.14780028,0,0.0,True,-0.004192944019577457,-0.0027686460423467577
MLP,200,58,0.23133212,0,0.0,True,0.0028863262793762767,0.006975526446035786
MLP,200,58,0.29664636,0,0.0,True,-0.004566880888968671,-0.0008514381402683749
MLP,200,58,0.98362803,1,1.0,True,0.018457228318468005,0.01714168704452703
MLP,200,58,0.97209686,1,1.0,True,0.022992815985685037,0.020455309779038724
MLP,200,58,0.1448745,0,0.0,True,0.0010008095928239675,0.0009520819508700508
MLP,200,58,0.1703802,0,0.0,True,-0.0015576543974023672,0.001565731357633985
MLP,200,58,0.31720328,0,0.0,True,0.005133144990799472,0.004289835074630493
MLP,200,58,0.09797719,0,0.0,True,-0.0025627951839120922,-0.0005540365621937267
MLP,200,58,0.8839602,1,1.0,True,0.020523606849227338,0.01357550355757974
MLP,200,58,0.96221197,1,1.0,True,0.013702960537604196,0.014841022372189185
MLP,200,58,0.9221461,1,1.0,True,0.01024266762215575,0.01593633292547402
MLP,200,58,0.06583564,0,0.0,True,0.009712432524454776,0.004142054323941235
MLP,200,58,0.5279662,1,0.0,False,0.006075432219154862,0.0007007124090763968
MLP,200,58,0.987344,1,1.0,True,0.019092553673316148,0.011107209359094018
MLP,200,58,0.12737513,0,0.0,True,0.00334591007713299,-0.00014501746994869145
MLP,200,58,0.19367519,0,0.0,True,0.005460095466627465,0.0011163921557868306
MLP,200,58,0.9153726,1,1.0,True,0.027339816249040517,0.027662467747903704
MLP,200,58,0.8539077,1,1.0,True,0.013151944150637964,0.017445399904522
MLP,200,58,0.6211403,1,1.0,True,0.018290873373981546,0.016649131481002243
MLP,200,58,0.30880377,0,0.0,True,-0.009761899581226042,-0.002280133864645343
MLP,200,58,0.9777874,1,1.0,True,0.021032293011846337,0.019304933150477186
MLP,200,58,0.09184999,0,0.0,True,-0.0015806273472365054,-5.468476021117202e-05
MLP,200,58,0.07629126,0,0.0,True,-0.004651599253588425,-0.001413508123857555
MLP,200,58,0.13686159,0,0.0,True,-0.006432323441230435,-0.005466128028229781
MLP,200,58,0.07620663,0,0.0,True,-0.0026785242076918323,-0.002834480467613018
MLP,200,58,0.121943325,0,0.0,True,-0.002462388806551266,-0.0019144104282247986
MLP,200,58,0.050394736,0,0.0,True,-0.005533373678014189,-0.003684135415307277
MLP,200,58,0.909164,1,1.0,True,0.02094149563207941,0.02568448351329141
MLP,200,58,0.991148,1,1.0,True,0.022333278575039233,0.021276762798121567
MLP,200,58,0.09994503,0,0.0,True,0.007011007346078912,0.004789377122313864
MLP,200,58,0.118846044,0,0.0,True,-8.624939629983199e-05,-0.0032646301842355454
MLP,200,58,0.80592406,1,1.0,True,0.018120797904881344,0.020631357704749914
MLP,200,58,0.9489399,1,1.0,True,0.019672043717603945,0.01997427246541454
MLP,200,58,0.95940506,1,1.0,True,0.019292884062296376,0.02719743007049046
MLP,200,58,0.09472144,0,0.0,True,0.008130030796568736,0.0040662953911245565
MLP,200,58,0.883611,1,1.0,True,0.029013389879766247,0.022563260489037184
MLP,200,58,0.9711571,1,1.0,True,0.02326517142892573,0.020755199672664353
MLP,200,58,0.12310299,0,0.0,True,-0.0022292389294901955,-0.0013011597239758383
MLP,200,58,0.9857405,1,1.0,True,0.025709168886617496,0.020733894914660017
MLP,200,58,0.06515207,0,0.0,True,0.004670249836778033,0.004808099836930394
MLP,200,58,0.69564193,1,0.0,False,0.004417243289003689,-0.0013668945754714665
MLP,200,58,0.104345255,0,0.0,True,-5.597412837484275e-05,-0.004062420332246075
MLP,200,58,0.97514266,1,1.0,True,0.020332938838105597,0.01975529273936243
MLP,200,58,0.8677871,1,1.0,True,0.02882733690600898,0.025652161882225903
MLP,200,58,0.634488,1,0.0,False,-0.0017714760599213928,0.00013902896176159392
MLP,200,58,0.9908834,1,1.0,True,0.014706715096163683,0.01978354617221336
MLP,200,58,0.9918882,1,1.0,True,0.02604436030637572,0.020316786420414977
MLP,200,58,0.079284295,0,0.0,True,0.0007033351275707673,0.0018137813078723186
MLP,200,58,0.99540895,1,1.0,True,0.027283058366296686,0.027934696877896494
MLP,200,58,0.9249778,1,1.0,True,0.021101404442382392,0.017806230968063767
MLP,200,58,0.9834556,1,1.0,True,0.017727525654580446,0.01832686784690485
MLP,200,58,0.1917636,0,0.0,True,0.004359011940625077,0.0018252320568324077
MLP,200,58,0.089611426,0,0.0,True,-0.005894439863741783,-0.005150174266122198
MLP,200,58,0.13897675,0,0.0,True,-0.003567704290944254,-0.00264467849998757
MLP,200,58,0.14088373,0,0.0,True,-0.004949455642341113,-0.00017622924887455185
MLP,200,58,0.23542175,0,0.0,True,-0.006898451551154246,-0.0015727757206226
MLP,200,58,0.9381534,1,1.0,True,0.027285807008799498,0.01899226608153364
MLP,200,58,0.06624734,0,0.0,True,-0.003707441006236283,-0.003667962092332815
MLP,200,58,0.97799224,1,1.0,True,0.020671607845275695,0.02664824334565257
MLP,200,58,0.91853356,1,1.0,True,0.016257752710379776,0.021890196079438227
MLP,200,58,0.05131328,0,0.0,True,-0.0037530679008126984,-0.002396557051868936
MLP,200,58,0.0922667,0,0.0,True,-0.005264161277218738,-0.00432365725286868
MLP,200,58,0.07093103,0,0.0,True,0.0062996365439087175,0.001982249509649341
MLP,200,58,0.19115023,0,0.0,True,-0.00809595385346704,-0.0020400606046868264
MLP,200,58,0.97956026,1,1.0,True,0.025662878905887528,0.022603512345710487
MLP,200,58,0.07232697,0,0.0,True,-0.006390870668652381,-0.0014179256530589262
MLP,200,58,0.7232933,1,1.0,True,0.02459711346172792,0.022949941381189477
MLP,200,58,0.10354684,0,0.0,True,0.002623777098616094,0.0013978765277732842
MLP,200,58,0.97423446,1,1.0,True,0.0317518657009381,0.03052079714616773
MLP,200,58,0.12300173,0,0.0,True,0.00233167139604299,0.0027428589736767407
MLP,200,58,0.27254114,0,0.0,True,-0.0005165217336079677,-0.003916904983005491
MLP,200,58,0.101996675,0,0.0,True,-0.0014259509212711005,0.00018964507181498644
MLP,200,58,0.16004935,0,0.0,True,-0.0006025616198796492,-0.000953015394964054
MLP,200,58,0.9662497,1,1.0,True,0.0325820341619653,0.027744015296094174
MLP,200,58,0.9113342,1,1.0,True,0.01996243444048689,0.018022211846684327
MLP,200,58,0.08169308,0,0.0,True,0.002312868196513047,-0.00042797807843515765
MLP,200,59,0.13089149,0,0.0,True,-0.005266362845800043,-0.005254378462541412
MLP,200,59,0.9492498,1,1.0,True,0.02775750081681602,0.02719825646947546
MLP,200,59,0.9362379,1,1.0,True,0.018632032009900504,0.028100890187623965
MLP,200,59,0.9581975,1,1.0,True,0.020150129409405675,0.014734775094283167
MLP,200,59,0.95723975,1,1.0,True,0.02525930630652744,0.021566004218032182
MLP,200,59,0.08328561,0,0.0,True,0.004908550804211763,0.002755415512496834
MLP,200,59,0.06333239,0,0.0,True,-0.00025131742714451586,-0.001057976189426392
MLP,200,59,0.9466128,1,1.0,True,0.008728516615530217,0.01708628485275984
MLP,200,59,0.9769056,1,1.0,True,0.02155455226707502,0.01732361534842397
MLP,200,59,0.9326965,1,1.0,True,0.012596628996337482,0.018923222575204277
MLP,200,59,0.11800628,0,0.0,True,-0.0006042004683400934,0.001258256358180438
MLP,200,59,0.98675364,1,1.0,True,0.024356143879156744,0.020536319202165955
MLP,200,59,0.06957821,0,0.0,True,-0.003477554404129153,-0.005728579365943776
MLP,200,59,0.9228002,1,1.0,True,0.018240981088919063,0.014785615260172755
MLP,200,59,0.12886812,0,0.0,True,0.013148967665423361,0.006281947033598939
MLP,200,59,0.19359088,0,0.0,True,0.00577641872290312,0.0028444794298653417
MLP,200,59,0.11253047,0,0.0,True,0.0035146790518989783,0.0010806639039809217
MLP,200,59,0.12286189,0,0.0,True,6.48483527209958e-05,0.0005946934522452046
MLP,200,59,0.8937441,1,1.0,True,0.02974458221500255,0.028788026313186794
MLP,200,59,0.9843485,1,1.0,True,0.02760108891588015,0.02337254770670861
MLP,200,59,0.18886986,0,0.0,True,0.00015639131513796577,-0.0005743694867882616
MLP,200,59,0.97009385,1,1.0,True,0.01708515163804308,0.02637285808643837
MLP,200,59,0.17773524,0,0.0,True,-0.0028629906047676393,0.000732046398676838
MLP,200,59,0.9875301,1,1.0,True,0.0266685989168139,0.02199973368730244
MLP,200,59,0.89424133,1,1.0,True,0.01696880343351055,0.013208033835503058
MLP,200,59,0.15590723,0,0.0,True,0.006783899778896477,0.002443293892189079
MLP,200,59,0.6851517,1,1.0,True,0.025738952061714147,0.023938115498274223
MLP,200,59,0.10692833,0,0.0,True,0.0040294667554900635,0.002880130866879464
MLP,200,59,0.075180344,0,0.0,True,0.004328457063515196,0.002999830692354627
MLP,200,59,0.08074046,0,0.0,True,0.002238758167779915,-0.0023895985345020786
MLP,200,59,0.99732745,1,1.0,True,0.015471493239491454,0.02135431720958186
MLP,200,59,0.9575901,1,1.0,True,0.031245976631511845,0.03102631062371501
MLP,200,59,0.12611793,0,0.0,True,-0.0026170354019107354,0.0008276646554183242
MLP,200,59,0.18020348,0,0.0,True,0.0014797433288489272,-0.004587159603545835
MLP,200,59,0.91672826,1,1.0,True,0.02035619087133946,0.020414529244555776
MLP,200,59,0.9571051,1,1.0,True,0.01737346390509038,0.02119235922890762
MLP,200,59,0.1326992,0,0.0,True,-0.0028231202230537705,0.000770066968025421
MLP,200,59,0.08946641,0,0.0,True,-0.003992939019455066,-0.003172434474591471
MLP,200,59,0.8783555,1,1.0,True,0.004767686125255863,0.012236414913630315
MLP,200,59,0.98144907,1,1.0,True,0.022136440368758132,0.02248778989784563
MLP,200,59,0.21136248,0,0.0,True,0.000966286042582635,0.002505661992246384
MLP,200,59,0.9724811,1,1.0,True,0.019483535675218145,0.012502974921318261
MLP,200,59,0.07337353,0,0.0,True,-0.005428459877623908,-0.0009080596454623852
MLP,200,59,0.5317212,1,0.0,False,-0.006464637709437081,-0.001192106839701826
MLP,200,59,0.765093,1,1.0,True,0.014317123559251079,0.01781279860010489
MLP,200,59,0.94626725,1,1.0,True,0.012438890543587742,0.015315302711584699
MLP,200,59,0.23747283,0,0.0,True,0.004250878118735678,-0.0003744407184445268
MLP,200,59,0.20101418,0,0.0,True,-0.0014135580169641834,-0.0018208694897198449
MLP,200,59,0.15505205,0,0.0,True,0.005253005033860978,0.002495812638798601
MLP,200,59,0.99056596,1,1.0,True,0.016142405465524503,0.016554441255299628
MLP,200,59,0.9197162,1,1.0,True,0.014560411850070136,0.013919078696747815
MLP,200,59,0.07904355,0,0.0,True,-0.002382891570411211,0.0009617359630187941
MLP,200,59,0.16726997,0,0.0,True,0.010500815001626484,0.008109009161557731
MLP,200,59,0.95948255,1,1.0,True,0.014211629939934257,0.02061874321138078
MLP,200,59,0.15243527,0,0.0,True,-0.005863256032526653,-0.0046428208633580255
MLP,200,59,0.7053435,1,1.0,True,0.013953609668152556,0.01945469940785607
MLP,200,59,0.9168105,1,1.0,True,0.024947990150373914,0.0215864614252975
MLP,200,59,0.10149537,0,0.0,True,-0.0027070503782769205,0.0007391464467126287
MLP,200,59,0.3473743,0,0.0,True,-0.0008542568105530891,-0.0032241672171319145
MLP,200,59,0.054451317,0,0.0,True,0.004018439946018283,-0.003980781626779119
MLP,200,59,0.8852649,1,1.0,True,0.011950861675645403,0.021554019660453276
MLP,200,59,0.09918086,0,0.0,True,0.0002479108169705883,0.003497950486913016
MLP,200,59,0.13583854,0,0.0,True,-0.0007928147514521086,-0.0025819574948666687
MLP,200,59,0.06250302,0,0.0,True,-0.0001343663476399673,0.0008283675437626924
MLP,200,59,0.7890568,1,1.0,True,0.025559935242290176,0.020230411610340147
MLP,200,59,0.12751599,0,0.0,True,-0.0009469095985774256,-0.0019350502757557297
MLP,200,59,0.33250937,0,0.0,True,-0.004464276131845802,-0.0005168368104867587
MLP,200,59,0.31293055,0,0.0,True,-0.00019180332981873617,0.0045153500934331766
MLP,200,59,0.05929342,0,0.0,True,0.0006838320701853619,0.003757785983664345
MLP,200,59,0.22169931,0,0.0,True,0.011202363925030646,0.0026661950576631855
MLP,200,59,0.9301495,1,1.0,True,0.024710499524009076,0.026600539955369235
MLP,200,59,0.17182067,0,0.0,True,0.00415461054533555,0.00338331001367901
MLP,200,59,0.097124405,0,0.0,True,-0.0005443211030989494,0.006660018098172912
MLP,200,59,0.09372086,0,0.0,True,-0.004847503847306834,-0.004658739881458215
MLP,200,59,0.94419926,1,1.0,True,0.014519158675001066,0.012958224373687046
MLP,200,59,0.10315994,0,0.0,True,-0.006053610945500345,-0.009066560587890817
MLP,200,59,0.09629935,0,0.0,True,-0.0020387873728681632,0.002040330954864662
MLP,200,59,0.97846246,1,1.0,True,0.027759236400888725,0.025354080552366588
MLP,200,59,0.9108595,1,1.0,True,0.024352628336494684,0.022349387277345475
MLP,200,59,0.30275697,0,0.0,True,0.005267238079062547,0.0024339044218602865
MLP,200,59,0.92403257,1,1.0,True,0.018590318045102812,0.018233411354640267
MLP,200,59,0.10727731,0,0.0,True,0.003772236520111083,0.006152000590461943
MLP,200,59,0.93346006,1,1.0,True,0.011587879812093306,0.010585715530822777
MLP,200,59,0.105415165,0,0.0,True,-0.004020198281491193,0.0014861185085355078
MLP,200,59,0.15802976,0,0.0,True,0.007389683691966925,0.0037056602385565737
MLP,200,59,0.21809389,0,0.0,True,0.002455478868873877,0.0013525213361940478
MLP,200,59,0.1766408,0,0.0,True,-0.0036527442555534997,-0.004266293448152529
MLP,200,59,0.11048569,0,0.0,True,0.0005509924387068995,0.0007540187302075334
MLP,200,59,0.41687992,0,0.0,True,-0.00100356189801778,-0.003623702249277159
MLP,200,59,0.8040138,1,1.0,True,0.017431615426152406,0.02136526937697189
MLP,200,59,0.8146152,1,1.0,True,0.013067539906708028,0.015113242512658408
MLP,200,59,0.0760615,0,0.0,True,0.006024670073496522,0.003646406815955016
MLP,200,59,0.7676191,1,1.0,True,0.02289797574078819,0.019643132327341172
MLP,200,59,0.3513456,0,0.0,True,0.0043776782730677675,-0.002286309463400128
MLP,200,59,0.19707198,0,0.0,True,0.002351657725061014,0.003744132127207974
MLP,200,59,0.10211278,0,0.0,True,-0.005693612342784295,-0.004372651413580713
MLP,200,59,0.99866366,1,1.0,True,0.023400958686002674,0.022279849164412165
MLP,200,59,0.8696849,1,1.0,True,-0.003769323806660881,0.009873728538968125
MLP,200,59,0.65584385,1,1.0,True,0.020444638956691425,0.023475484448996935
MLP,200,59,0.8996984,1,1.0,True,0.017347593698343176,0.024825320768435934
MLP,200,60,0.93242615,1,1.0,True,0.020486820625052398,0.02675286047602654
MLP,200,60,0.984954,1,1.0,True,0.024999352128672787,0.02458357984934316
MLP,200,60,0.920032,1,1.0,True,0.021733043102918032,0.020857215943353748
MLP,200,60,0.16084562,0,0.0,True,0.005182399232116901,0.004163399770008311
MLP,200,60,0.18296951,0,0.0,True,0.0007646526131271736,-0.0009021972175267588
MLP,200,60,0.7415491,1,1.0,True,0.018073530561883808,0.014788786248763628
MLP,200,60,0.069695614,0,0.0,True,-0.0013114632791704681,0.00480691446305294
MLP,200,60,0.88806474,1,1.0,True,0.03192311535183571,0.02228329385637968
MLP,200,60,0.9716448,1,1.0,True,0.009697588687275079,0.018462722147987054
MLP,200,60,0.08070102,0,0.0,True,0.011239067047700162,0.009021151148432988
MLP,200,60,0.9370066,1,1.0,True,0.025376268163247798,0.01921851742235302
MLP,200,60,0.9554159,1,1.0,True,0.026822932775464374,0.02432255043491295
MLP,200,60,0.10334785,0,0.0,True,-0.0017133237713576012,-0.0006590393131734631
MLP,200,60,0.17532411,0,0.0,True,0.004388652066391557,-0.0020250573513339114
MLP,200,60,0.15599051,0,0.0,True,-0.0006150161950149388,0.0010209540149137314
MLP,200,60,0.21088111,0,0.0,True,0.0026994053468159794,0.0020505039656054714
MLP,200,60,0.15534407,0,0.0,True,-0.0034175125067603647,-0.0001261617496293963
MLP,200,60,0.97550833,1,1.0,True,0.03413409944612344,0.028430056754016362
MLP,200,60,0.14715342,0,0.0,True,0.0014165348395513957,0.0029592223375082168
MLP,200,60,0.19566375,0,0.0,True,-0.0008915376173458683,-0.0014215190800622105
MLP,200,60,0.13833568,0,0.0,True,-0.0015081910201122618,-0.003555015451176699
MLP,200,60,0.92490256,1,1.0,True,0.024251507888346076,0.02716536486562248
MLP,200,60,0.04891669,0,0.0,True,0.0008848353784237396,3.500828074090079e-05
MLP,200,60,0.12378561,0,0.0,True,-0.001273477696023239,0.0006204757850884482
MLP,200,60,0.12801653,0,0.0,True,-0.0023633104475469036,-0.0031504839884075545
MLP,200,60,0.95958996,1,1.0,True,0.01786615017136321,0.02332747235558069
MLP,200,60,0.98175955,1,1.0,True,0.02291829663375569,0.017303105958541683
MLP,200,60,0.23758905,0,0.0,True,-0.00361986544081547,-0.0015385913935180384
MLP,200,60,0.19539763,0,0.0,True,0.007061795436308354,0.007247550056864949
MLP,200,60,0.98637956,1,1.0,True,0.022628692751350193,0.024468862859876053
MLP,200,60,0.16039497,0,0.0,True,-0.0006120109439724145,0.0009230322452768786
MLP,200,60,0.08535649,0,0.0,True,0.002469340367583917,0.005344363491269154
MLP,200,60,0.995471,1,1.0,True,0.02153718574508809,0.01503750223885877
MLP,200,60,0.06160766,0,0.0,True,-0.00015167848824445892,0.0029464947423774976
MLP,200,60,0.09724145,0,0.0,True,0.0030697159481768476,0.0037319236970450517
MLP,200,60,0.10368454,0,0.0,True,-0.003668392307545302,0.0020654002841244455
MLP,200,60,0.0586523,0,0.0,True,0.008587298160916091,0.005055352229154942
MLP,200,60,0.0979817,0,0.0,True,-0.003232640995348697,-0.002712537626993174
MLP,200,60,0.9642606,1,1.0,True,0.028815065573902003,0.018713675464045093
MLP,200,60,0.27139258,0,0.0,True,0.0028463466490529178,-0.001126669371158371
MLP,200,60,0.29152963,0,0.0,True,-0.0040184833378499405,-0.004003715073731206
MLP,200,60,0.08750353,0,0.0,True,0.00010638894012865015,0.0008158487731973105
MLP,200,60,0.9753397,1,1.0,True,0.014114753068473053,0.017551584020776778
MLP,200,60,0.0953738,0,0.0,True,-0.002161665478249724,0.001484956144903308
MLP,200,60,0.12527867,0,0.0,True,-0.0009574394001611185,-0.002824700027359915
MLP,200,60,0.10994949,0,0.0,True,0.004595524216140701,-0.0022696280521148637
MLP,200,60,0.9813772,1,1.0,True,0.01907224425316861,0.014788332839081458
MLP,200,60,0.96683407,1,1.0,True,0.019534008671421913,0.02009488973422387
MLP,200,60,0.08381304,0,0.0,True,0.003396362903453343,-0.004756053815016114
MLP,200,60,0.97425747,1,1.0,True,0.016200253097129177,0.017487498918973304
MLP,200,60,0.9891038,1,1.0,True,0.016672028534349608,0.020723401541614252
MLP,200,60,0.99899906,1,1.0,True,0.010045674790755597,0.012740324942483646
MLP,200,60,0.12416236,0,0.0,True,-0.005598224790099373,-0.005284105464069915
MLP,200,60,0.119484104,0,0.0,True,-0.00023369711391007134,-0.0003375596310734605
MLP,200,60,0.99704653,1,1.0,True,0.031133047018830705,0.028614927121646115
MLP,200,60,0.9048041,1,1.0,True,0.018936086163745862,0.023463608994795018
MLP,200,60,0.910082,1,1.0,True,0.03157190502879726,0.027592181272516152
MLP,200,60,0.99795973,1,1.0,True,0.01695774807549601,0.023397274547443246
MLP,200,60,0.98249316,1,1.0,True,0.01493964160674419,0.015588279580172193
MLP,200,60,0.145001,0,0.0,True,-0.003869941878366426,-0.00030340687044376924
MLP,200,60,0.08217278,0,0.0,True,0.007637107643330266,0.0058676787326609504
MLP,200,60,0.9884538,1,1.0,True,0.046365684775343426,0.03338548745132811
MLP,200,60,0.08543271,0,0.0,True,-0.002219654639411534,-0.0013181549275593897
MLP,200,60,0.9983512,1,1.0,True,0.02273989395932372,0.02479244034347603
MLP,200,60,0.9813343,1,1.0,True,0.005355001361271515,0.016601585688785857
MLP,200,60,0.9728737,1,1.0,True,0.033001520819531824,0.028454198164307797
MLP,200,60,0.16607764,0,0.0,True,0.00679115465393436,0.003382976370629322
MLP,200,60,0.12196335,0,0.0,True,0.0019019252628546053,-0.0018459880745591562
MLP,200,60,0.11397713,0,0.0,True,-0.011206260339223782,-0.006020419011386864
MLP,200,60,0.9908406,1,1.0,True,0.026487884832247673,0.024193832576357273
MLP,200,60,0.96632004,1,1.0,True,0.02421754667158645,0.023245263184931936
MLP,200,60,0.9375374,1,1.0,True,0.018540126770736316,0.01712689193626854
MLP,200,60,0.056055453,0,0.0,True,-8.352678510072389e-05,-0.0036623119825372414
MLP,200,60,0.9916609,1,1.0,True,0.017705984802320933,0.01730402500378991
MLP,200,60,0.883804,1,1.0,True,0.02475654674942525,0.02298537144404091
MLP,200,60,0.14317486,0,0.0,True,0.005326070544382194,0.0029968132026037685
MLP,200,60,0.123505995,0,0.0,True,0.00037924523632446526,0.0021699537882454182
MLP,200,60,0.9063941,1,1.0,True,0.018821459447721678,0.016274637412047675
MLP,200,60,0.8993782,1,1.0,True,0.017716442978692685,0.022374923241517748
MLP,200,60,0.991618,1,1.0,True,0.025454217570621277,0.023029893129236444
MLP,200,60,0.09411355,0,0.0,True,0.004710971242740437,0.0010971041686686912
MLP,200,60,0.9478656,1,1.0,True,0.02346730293859125,0.02551570344282007
MLP,200,60,0.9297665,1,1.0,True,0.0315581275338771,0.022595536073248407
MLP,200,60,0.9405272,1,1.0,True,0.0277388579055689,0.022594108199438752
MLP,200,60,0.07440858,0,0.0,True,-0.010422254645323861,-0.0061667747717857714
MLP,200,60,0.17607471,0,0.0,True,0.002509307500812282,0.003925916363995449
MLP,200,60,0.9533118,1,1.0,True,0.009997186920713462,0.0086627721192362
MLP,200,60,0.4862879,0,0.0,True,-0.0038698263443619134,0.0010322779658683593
MLP,200,60,0.06998059,0,0.0,True,0.0024070979615453225,0.002892301381428076
MLP,200,60,0.9863512,1,1.0,True,0.037338351909212926,0.025446978008909504
MLP,200,60,0.11512319,0,0.0,True,0.002110492345731363,0.0005289518599512181
MLP,200,60,0.8924581,1,1.0,True,0.040850090667727414,0.03493885405432456
MLP,200,60,0.99100375,1,1.0,True,0.027685167963099517,0.024583207646014283
MLP,200,60,0.97443897,1,1.0,True,0.02949714964417414,0.024533866696200057
MLP,200,60,0.87363714,1,1.0,True,0.016203769549372766,0.025383691028076184
MLP,200,60,0.9354977,1,1.0,True,0.034066031012573,0.025922662934206853
MLP,200,60,0.96669936,1,1.0,True,0.016784168329845365,0.017708681560299273
MLP,200,60,0.9115847,1,1.0,True,0.02340380132983555,0.03557251682264632
MLP,200,60,0.9878863,1,1.0,True,0.01436171597120796,0.019786811405597782
MLP,200,60,0.9263347,1,1.0,True,0.02950696400590331,0.02348258722747543
MLP,200,61,0.8122737,1,1.0,True,0.019595407203594196,0.025133858373303057
MLP,200,61,0.96523905,1,1.0,True,0.022610615640306204,0.019898266798353454
MLP,200,61,0.9747751,1,1.0,True,0.019897348049122066,0.021182115338471814
MLP,200,61,0.9157734,1,1.0,True,0.020084774878756487,0.02026445451841599
MLP,200,61,0.9824822,1,1.0,True,0.03288649929329327,0.02662503332872628
MLP,200,61,0.94669795,1,1.0,True,0.031540104008175696,0.03822138701023975
MLP,200,61,0.7947464,1,1.0,True,0.01065343073781695,0.014155893392295811
MLP,200,61,0.8989749,1,1.0,True,0.018653331098693264,0.015002354762775588
MLP,200,61,0.9913148,1,1.0,True,0.02211070778899867,0.026045823262101742
MLP,200,61,0.9842493,1,1.0,True,0.016013099451015683,0.020974070191239064
MLP,200,61,0.9757581,1,1.0,True,0.0300528046331756,0.030179112318772586
MLP,200,61,0.16504893,0,0.0,True,-0.004097818232840145,0.0020387645549913487
MLP,200,61,0.9000562,1,1.0,True,0.011405020832267722,0.010501589359769211
MLP,200,61,0.13050665,0,0.0,True,0.003763263798281775,0.003497609377085499
MLP,200,61,0.99579054,1,1.0,True,0.011750843731565158,0.020118432726220523
MLP,200,61,0.20051593,0,0.0,True,0.002023712438021808,-0.004167373279541948
MLP,200,61,0.1158928,0,0.0,True,-0.0009649282823457851,0.002810687764703216
MLP,200,61,0.08893753,0,0.0,True,0.0036352245335781845,0.003849012714689102
MLP,200,61,0.25182715,0,0.0,True,-0.00653543039492868,7.318995963003985e-05
MLP,200,61,0.073709376,0,0.0,True,-0.003870160137588709,-0.002645916838063867
MLP,200,61,0.9694298,1,1.0,True,0.020419638915465436,0.019593947311320054
MLP,200,61,0.6523287,1,0.0,False,0.0031117136946163197,-0.0004073150981523989
MLP,200,61,0.112311535,0,0.0,True,0.004314423945090524,0.00016998513882666432
MLP,200,61,0.9908682,1,1.0,True,0.026638285824675423,0.02050611011689179
MLP,200,61,0.989311,1,1.0,True,0.02784641761932905,0.021717735532588083
MLP,200,61,0.25082064,0,0.0,True,-0.003367157551517361,0.004382778285578786
MLP,200,61,0.9735347,1,1.0,True,0.026532596679388846,0.022846055125297218
MLP,200,61,0.16395655,0,0.0,True,0.006532683477388803,0.0013602717924504834
MLP,200,61,0.1169879,0,0.0,True,-0.0023143338745584344,-0.0029502705169933753
MLP,200,61,0.9873749,1,1.0,True,0.01311018862271005,0.018164313299061426
MLP,200,61,0.19312449,0,0.0,True,0.0030087217797378665,0.003548867685960983
MLP,200,61,0.9534738,1,1.0,True,0.025706889887414333,0.021309928298411468
MLP,200,61,0.0832215,0,0.0,True,-0.003160977213516837,-0.005763851644825247
MLP,200,61,0.9922367,1,1.0,True,0.0388372598788346,0.038240495716364946
MLP,200,61,0.98569185,1,1.0,True,0.027373526580158198,0.021123764192185975
MLP,200,61,0.97858024,1,1.0,True,0.01582603770061505,0.01924210548148821
MLP,200,61,0.22308618,0,0.0,True,-0.0010821818521426238,-0.0026425869785308806
MLP,200,61,0.8366596,1,1.0,True,0.016333286666671037,0.021840545542373198
MLP,200,61,0.10687017,0,0.0,True,0.00491051107740809,0.000238010943572698
MLP,200,61,0.2653008,0,0.0,True,0.00994999073772067,0.0026701453138706535
MLP,200,61,0.073946916,0,0.0,True,-0.003974809869088712,-0.003884378257915788
MLP,200,61,0.9582323,1,1.0,True,0.019108677364801655,0.0227561288668809
MLP,200,61,0.08077791,0,0.0,True,-0.0034962365332015825,-0.003001069446914842
MLP,200,61,0.93077934,1,1.0,True,0.025023999593473747,0.021636177224798835
MLP,200,61,0.99300647,1,1.0,True,0.026114615054969398,0.027915989402046957
MLP,200,61,0.215811,0,0.0,True,-0.0016734434622018895,-0.0010982469493556132
MLP,200,61,0.26501992,0,0.0,True,0.0026562368505407127,0.001358202133696577
MLP,200,61,0.93402576,1,1.0,True,0.022640521688569035,0.021918474617674266
MLP,200,61,0.996497,1,1.0,True,0.020637214876778203,0.027262021864042415
MLP,200,61,0.31345433,0,0.0,True,-0.0032295483559325894,-0.0023298440317712486
MLP,200,61,0.9736484,1,1.0,True,0.011882693523358964,0.0240102367603996
MLP,200,61,0.07328633,0,0.0,True,-0.006516273800884394,-0.008192735160945498
MLP,200,61,0.25971368,0,0.0,True,0.0011019799064936188,0.0015837025933180013
MLP,200,61,0.11953799,0,0.0,True,-0.003668397071866634,-0.0023426323408103538
MLP,200,61,0.9899894,1,1.0,True,0.015168304184174508,0.015337358060127093
MLP,200,61,0.92281216,1,1.0,True,0.012315009564682013,0.01955367074616643
MLP,200,61,0.99076396,1,1.0,True,0.019733402378183842,0.021023326627793118
MLP,200,61,0.9779636,1,1.0,True,0.02019298029961032,0.02482109622092308
MLP,200,61,0.17963625,0,0.0,True,0.0013538380166235,-0.004410405614789867
MLP,200,61,0.07326326,0,0.0,True,-0.007045615171711651,-0.003888744090085309
MLP,200,61,0.8713441,1,1.0,True,0.0026658406548044447,0.012924309044964685
MLP,200,61,0.9958021,1,1.0,True,0.027632843397292415,0.02352000830708845
MLP,200,61,0.9891144,1,1.0,True,0.0016817702654099694,0.010685052079371623
MLP,200,61,0.07798009,0,0.0,True,-0.000959031227995426,0.0030737332974918002
MLP,200,61,0.95319515,1,1.0,True,0.03254476192224621,0.018848241118468532
MLP,200,61,0.9601676,1,1.0,True,0.00839380091452415,0.013485813766977434
MLP,200,61,0.14826234,0,0.0,True,-0.003571606435438999,-0.0004787926670470703
MLP,200,61,0.9763104,1,1.0,True,0.02713112921291688,0.02359670882415318
MLP,200,61,0.9213995,1,1.0,True,0.02151014603540682,0.024885392209669593
MLP,200,61,0.26158965,0,0.0,True,0.0006912339010132272,0.004117915079822029
MLP,200,61,0.17255038,0,0.0,True,-0.00039091345505707563,-0.0009971908883331557
MLP,200,61,0.8923263,1,1.0,True,0.020882949987087486,0.024460777860707626
MLP,200,61,0.17769144,0,0.0,True,-0.0015618230563709755,-0.0032031771916835802
MLP,200,61,0.8815455,1,1.0,True,0.02702909414462013,0.0228615221470283
MLP,200,61,0.97158575,1,1.0,True,0.01714589305799816,0.01654060730711065
MLP,200,61,0.9984825,1,1.0,True,0.02788818456261553,0.021182722583192586
MLP,200,61,0.86845535,1,1.0,True,0.004508559292894267,0.0141893573599893
MLP,200,61,0.13113739,0,0.0,True,-0.009902069759038405,-0.0064505346182614776
MLP,200,61,0.90296024,1,1.0,True,0.02149293352122222,0.018878644350107686
MLP,200,61,0.096323445,0,0.0,True,-0.010434306297047386,-0.006633554239544754
MLP,200,61,0.90913707,1,1.0,True,0.017138717241248134,0.020448144971110648
MLP,200,61,0.19079168,0,0.0,True,-0.0028752477367736903,0.0004211116853391268
MLP,200,61,0.3054844,0,0.0,True,0.0023650276204857414,-0.0013014077431383352
MLP,200,61,0.8541134,1,1.0,True,0.030330220496937534,0.031084107940424766
MLP,200,61,0.13523258,0,0.0,True,-0.002630043524566501,-0.0004709547616401258
MLP,200,61,0.9773676,1,1.0,True,0.017183914131730833,0.017156760953551585
MLP,200,61,0.08933904,0,0.0,True,0.0005231164373827114,0.000776131384458825
MLP,200,61,0.98742837,1,1.0,True,0.029095154393833308,0.028513226687911758
MLP,200,61,0.89630854,1,1.0,True,0.021051864797509555,0.026530037375687855
MLP,200,61,0.21674035,0,0.0,True,-0.0035724534083123533,-0.008546791365063535
MLP,200,61,0.099276766,0,0.0,True,-0.006136988916898434,-0.005397152699691046
MLP,200,61,0.07052996,0,0.0,True,-0.004892915631371504,8.08559733883548e-06
MLP,200,61,0.36444366,0,0.0,True,0.012868876806144541,0.006529294746535564
MLP,200,61,0.337277,0,0.0,True,0.006430474385512149,0.0035254753033872694
MLP,200,61,0.90626585,1,1.0,True,0.026827318731859236,0.022160109236909725
MLP,200,61,0.99346113,1,1.0,True,0.019559310530127515,0.017847405920203983
MLP,200,61,0.13445616,0,0.0,True,-0.004230218540962619,0.001804933995617531
MLP,200,61,0.990576,1,1.0,True,0.03244415331231515,0.02859330771533449
MLP,200,61,0.9146643,1,1.0,True,0.016095172391023812,0.011980965319781683
MLP,200,61,0.18035014,0,0.0,True,0.0003364985632790478,-0.0019802613804998006
MLP,200,62,0.45314252,0,0.0,True,-0.0030903048980018095,0.0009591363762416444
MLP,200,62,0.07750794,0,0.0,True,0.0073857154799059944,0.004885378188891958
MLP,200,62,0.8354053,1,1.0,True,0.019841152165938965,0.01802291906023471
MLP,200,62,0.57943,1,0.0,False,0.009218167040514863,0.010148693018121116
MLP,200,62,0.11831474,0,0.0,True,-0.0002449874086186033,-0.0006487622909580138
MLP,200,62,0.075106435,0,0.0,True,0.0033051941666170726,0.0014516542501356153
MLP,200,62,0.76027304,1,1.0,True,0.026594271858125983,0.025619513492576827
MLP,200,62,0.65546674,1,0.0,False,-0.001768602392566424,0.0017784263979417805
MLP,200,62,0.5228235,1,0.0,False,-0.0020828198604017603,0.00033061179243779856
MLP,200,62,0.9969024,1,1.0,True,0.030192011651094027,0.02329298793768477
MLP,200,62,0.088030055,0,0.0,True,-0.0009040533250544901,0.003830425673511288
MLP,200,62,0.06734088,0,0.0,True,-0.000209487459422421,0.004380600855105916
MLP,200,62,0.97998697,1,1.0,True,0.01607421925372153,0.02646490355101984
MLP,200,62,0.84777707,1,1.0,True,0.037717029217587586,0.03116610428045776
MLP,200,62,0.21736136,0,0.0,True,-0.0004522375502410485,0.0012595954030589372
MLP,200,62,0.9874484,1,1.0,True,0.02233030689463479,0.02138152453456195
MLP,200,62,0.95933264,1,1.0,True,0.026021141706764204,0.026112306923260314
MLP,200,62,0.9988055,1,1.0,True,0.025577014519284343,0.026371341954525757
MLP,200,62,0.7987674,1,1.0,True,0.024691137493903503,0.02274095078244035
MLP,200,62,0.07412268,0,0.0,True,-3.9424632827772105e-05,0.003638408357463576
MLP,200,62,0.8999056,1,1.0,True,0.027284406153571153,0.022595002677078244
MLP,200,62,0.9215782,1,1.0,True,0.022611597358514757,0.021885384884442666
MLP,200,62,0.998097,1,1.0,True,0.03031803277316336,0.031803889906664704
MLP,200,62,0.94871145,1,1.0,True,0.034778854769951045,0.02894999827442663
MLP,200,62,0.9843811,1,1.0,True,0.026774011653332663,0.022230276202267897
MLP,200,62,0.11905111,0,0.0,True,0.006325477531443015,0.004956483392835715
MLP,200,62,0.17343482,0,0.0,True,-0.0011016569962726977,-0.0016819892184838886
MLP,200,62,0.07441252,0,0.0,True,-0.012413853592467557,-0.006324046128437557
MLP,200,62,0.21783319,0,0.0,True,0.0017263625569849093,-0.001771798275800253
MLP,200,62,0.13713093,0,0.0,True,-0.0037748537461652068,0.0010016561605185822
MLP,200,62,0.97322625,1,1.0,True,0.024455198238350857,0.021670114753351316
MLP,200,62,0.13667716,0,0.0,True,-0.0030281745487687295,-0.0010731799659883438
MLP,200,62,0.9934916,1,1.0,True,0.01619151935547102,0.02278215720311349
MLP,200,62,0.95400476,1,1.0,True,0.0196351345767694,0.02108455681281497
MLP,200,62,0.9105945,1,1.0,True,0.028896276389118167,0.02483906157286142
MLP,200,62,0.97317374,1,1.0,True,0.01563589874920053,0.016235879298758204
MLP,200,62,0.9851859,1,1.0,True,0.02856002455240792,0.025280811783326154
MLP,200,62,0.9927447,1,1.0,True,0.029882837372873713,0.019665013632386458
MLP,200,62,0.121127605,0,0.0,True,0.00531741041397387,0.0028361016014477225
MLP,200,62,0.98489213,1,1.0,True,0.014999525989216897,0.028743525033479166
MLP,200,62,0.9986545,1,1.0,True,0.03286375124916773,0.032543221392338395
MLP,200,62,0.2855867,0,0.0,True,-0.00011047074723997213,0.00016500738299335554
MLP,200,62,0.9892475,1,1.0,True,0.039066580845758085,0.02926722347085642
MLP,200,62,0.9605175,1,1.0,True,0.039438624680227956,0.024595024306392946
MLP,200,62,0.56530166,1,0.0,False,0.0036131205308022637,-0.0010128520946842436
MLP,200,62,0.08058519,0,0.0,True,-0.005462433292512926,-0.0029316424656322584
MLP,200,62,0.8905902,1,1.0,True,0.023175680407248343,0.01860364027670658
MLP,200,62,0.63859004,1,1.0,True,0.0173135459269561,0.019199900458052248
MLP,200,62,0.91461784,1,1.0,True,0.026422854926500865,0.021452111495758434
MLP,200,62,0.99948585,1,1.0,True,0.02210106770902626,0.018053073213086492
MLP,200,62,0.10918457,0,0.0,True,0.007278994393887005,0.00019544628458807186
MLP,200,62,0.9840798,1,1.0,True,0.017152712523163947,0.020013881409019427
MLP,200,62,0.89166945,1,1.0,True,0.029193342351816327,0.025185868584257337
MLP,200,62,0.25350752,0,0.0,True,-0.0036350764452885405,-0.00039494965957390034
MLP,200,62,0.99579144,1,1.0,True,0.013705656727818675,0.012506771091989522
MLP,200,62,0.090607226,0,0.0,True,0.00014963497650315397,-0.0006056611495092052
MLP,200,62,0.09155265,0,0.0,True,-0.003532605985727135,-0.002132089527940204
MLP,200,62,0.98879343,1,1.0,True,0.032579651428107786,0.02446838659108093
MLP,200,62,0.15673158,0,0.0,True,0.0006500579327695584,0.0011300521112961742
MLP,200,62,0.12864383,0,0.0,True,-0.0004793823142731574,0.002563178796331106
MLP,200,62,0.10045457,0,0.0,True,0.002102369045389495,0.001831763680927707
MLP,200,62,0.11194866,0,0.0,True,-0.00994607476889629,-0.006822217090472072
MLP,200,62,0.9609212,1,1.0,True,0.006726646505750229,0.019414329739805686
MLP,200,62,0.930433,1,1.0,True,0.027668570662271436,0.021581693408328825
MLP,200,62,0.7146402,1,1.0,True,0.03591858516160812,0.02782257915299569
MLP,200,62,0.088397436,0,0.0,True,-0.0034706872495835995,-0.00418463134809713
MLP,200,62,0.2817818,0,0.0,True,0.004170175186869743,0.0014097129050811596
MLP,200,62,0.98266035,1,1.0,True,0.030914282541778294,0.028749262061108633
MLP,200,62,0.088253796,0,0.0,True,0.0022833253634343383,0.0027151313680888124
MLP,200,62,0.9379682,1,1.0,True,0.01667422198212508,0.02253580509374716
MLP,200,62,0.15160988,0,0.0,True,-0.010504468750364902,-0.0028937880773230993
MLP,200,62,0.9523015,1,1.0,True,0.023062549919807992,0.02417730790915948
MLP,200,62,0.3328363,0,0.0,True,-0.006333611141217256,-0.003050300967899115
MLP,200,62,0.093790606,0,0.0,True,-0.012972452884079198,-0.0031526922383990187
MLP,200,62,0.12019684,0,0.0,True,0.0008016612040512679,0.0026425685213463477
MLP,200,62,0.9913594,1,1.0,True,0.02235440566778972,0.015945853517171853
MLP,200,62,0.06497826,0,0.0,True,0.00030407840973189555,-0.0028905320961178592
MLP,200,62,0.17065923,0,0.0,True,0.004987981712038005,-0.002831994233897507
MLP,200,62,0.09554073,0,0.0,True,-0.002816566016278667,-0.0004817138367673207
MLP,200,62,0.99601257,1,1.0,True,0.021572160903471308,0.025458516979890492
MLP,200,62,0.120597556,0,0.0,True,0.0009107576941328371,0.002545749227279511
MLP,200,62,0.9978892,1,1.0,True,0.02462112195900192,0.027982247946724152
MLP,200,62,0.15863688,0,0.0,True,0.004821768500536749,0.0008790793949533018
MLP,200,62,0.9932151,1,1.0,True,0.024660545613226056,0.02417881010063884
MLP,200,62,0.99787927,1,1.0,True,0.01543239549150506,0.017247048508103716
MLP,200,62,0.08204382,0,0.0,True,-0.0018104939642583143,-0.0037300089989382567
MLP,200,62,0.98674136,1,1.0,True,0.014411446707713953,0.018410724201986535
MLP,200,62,0.9755045,1,1.0,True,0.02598203112970981,0.029273871411508813
MLP,200,62,0.9708491,1,1.0,True,0.01787359256707693,0.013459022257619755
MLP,200,62,0.9855678,1,1.0,True,0.02353102861789718,0.025939857072805477
MLP,200,62,0.07716728,0,0.0,True,-0.005187824404323002,0.00013948750407322241
MLP,200,62,0.1383088,0,0.0,True,0.0026380528727358707,0.006295842401465303
MLP,200,62,0.94664294,1,1.0,True,0.021909633017138986,0.022243009040045874
MLP,200,62,0.5491081,1,0.0,False,0.0038287942687194694,0.002351197845087266
MLP,200,62,0.9970688,1,1.0,True,0.022555945136369597,0.022989689437616173
MLP,200,62,0.2133126,0,0.0,True,0.007616957068385033,0.007761620149721347
MLP,200,62,0.08156841,0,0.0,True,-0.003000992457831089,-0.0012975479711642042
MLP,200,62,0.2384392,0,0.0,True,0.0058708830218070825,0.005911673246665898
MLP,200,62,0.19754308,0,0.0,True,-0.003217194171969455,-0.007986237205369529
MLP,200,62,0.99846566,1,1.0,True,0.024220378288536324,0.025641583674662963
MLP,200,63,0.25527966,0,0.0,True,0.0028852039315406986,0.004354485969256381
MLP,200,63,0.07413509,0,0.0,True,0.009012160034089636,0.004046860526628467
MLP,200,63,0.22385572,0,0.0,True,0.0017487603052403146,0.001243415788704326
MLP,200,63,0.22299267,0,0.0,True,-0.0007797660744832635,-0.0016398502699430037
MLP,200,63,0.14467816,0,0.0,True,0.005249149208584471,0.0030978034426513423
MLP,200,63,0.050696965,0,0.0,True,-0.00019749836975303163,0.00247384949059146
MLP,200,63,0.1224455,0,0.0,True,-0.005668052098405477,0.0026041440062863496
MLP,200,63,0.1886991,0,0.0,True,-0.008090915974596654,-0.0028720000722657784
MLP,200,63,0.99785656,1,1.0,True,0.023407788657314434,0.0234986102509905
MLP,200,63,0.17721207,0,0.0,True,0.00018816021316558633,0.0010682562280186613
MLP,200,63,0.23832935,0,0.0,True,0.01045156842475224,0.005213360646388347
MLP,200,63,0.9884731,1,1.0,True,0.026625507868227715,0.02666633069604815
MLP,200,63,0.99873644,1,1.0,True,0.017386065207965394,0.022013856284085535
MLP,200,63,0.11927162,0,0.0,True,-0.006529894454703155,-0.003218638201747773
MLP,200,63,0.10321022,0,0.0,True,-0.003467201769337569,0.001561772760205952
MLP,200,63,0.9932138,1,1.0,True,0.02210787361114413,0.021989369760245462
MLP,200,63,0.07416233,0,0.0,True,-0.005629362076125603,-0.0014626628618999442
MLP,200,63,0.9189431,1,1.0,True,0.022386972989104824,0.026949901143094826
MLP,200,63,0.9891298,1,1.0,True,0.020167315734146325,0.022153110205372074
MLP,200,63,0.096145615,0,0.0,True,-0.006834231120006312,-0.004030995524761444
MLP,200,63,0.9652134,1,1.0,True,0.031505344664126154,0.029996798056800455
MLP,200,63,0.9926676,1,1.0,True,0.023698626680068703,0.023734276453819193
MLP,200,63,0.9975925,1,1.0,True,0.02673215398704596,0.020899508263613906
MLP,200,63,0.9901382,1,1.0,True,0.03542821217289059,0.03343031230410837
MLP,200,63,0.115096666,0,0.0,True,0.00036085809481641636,-0.0010656599084431632
MLP,200,63,0.21563789,0,0.0,True,-0.010666040223512986,-0.0013993695716144525
MLP,200,63,0.23569751,0,0.0,True,-0.003448296522022521,-0.0019726686152891056
MLP,200,63,0.84647083,1,1.0,True,0.02510703471102199,0.023732772160599935
MLP,200,63,0.97536206,1,1.0,True,0.031909112972304615,0.022518288500190338
MLP,200,63,0.98757404,1,1.0,True,0.03557348304243605,0.03651657604657343
MLP,200,63,0.06521557,0,0.0,True,-0.0023368128351431657,-0.00017525119144700402
MLP,200,63,0.07822514,0,0.0,True,-0.0006093316977666622,-0.0006607566486167026
MLP,200,63,0.06116958,0,0.0,True,0.0034537747208030025,0.0030845170044800463
MLP,200,63,0.9750649,1,1.0,True,0.022018468243833956,0.019613718178164923
MLP,200,63,0.9165835,1,1.0,True,0.03030164549094442,0.030630042378851377
MLP,200,63,0.90072435,1,1.0,True,0.029216478049665026,0.025909619940776545
MLP,200,63,0.9777362,1,1.0,True,0.025093027130062617,0.02421949406391662
MLP,200,63,0.09832075,0,0.0,True,0.004977987833735387,0.00038249155291865546
MLP,200,63,0.13106696,0,0.0,True,-0.006197297730193489,-0.0024328293869924403
MLP,200,63,0.9543575,1,1.0,True,0.015244757270895979,0.015582635389991715
MLP,200,63,0.073197775,0,0.0,True,-0.0032701403564169493,-0.0037029557908744644
MLP,200,63,0.9817067,1,1.0,True,0.019851967696747113,0.027683585776845834
MLP,200,63,0.0776476,0,0.0,True,-0.004602164902952467,-0.003631566166864609
MLP,200,63,0.9241342,1,1.0,True,0.018794212294465144,0.024232072029727752
MLP,200,63,0.8922853,1,1.0,True,0.01722319111014937,0.018830113572596358
MLP,200,63,0.250642,0,0.0,True,0.007847432184578946,0.008170020084814017
MLP,200,63,0.9941427,1,1.0,True,0.025464353189860366,0.023023335171530268
MLP,200,63,0.9904688,1,1.0,True,0.028341648474349515,0.021914246994933963
MLP,200,63,0.96747184,1,1.0,True,0.017526220716837713,0.022561063011006043
MLP,200,63,0.9894001,1,1.0,True,0.015309286873094387,0.019512283483839182
MLP,200,63,0.19258112,0,0.0,True,-0.00045433884551937715,0.0021412711691353985
MLP,200,63,0.05973445,0,0.0,True,-0.002981331878498882,-0.0027621944219110247
MLP,200,63,0.19186535,0,0.0,True,-0.004727667946975688,-0.0032293740697218413
MLP,200,63,0.9993772,1,1.0,True,0.02663513929531857,0.025269061621581452
MLP,200,63,0.08316233,0,0.0,True,-0.0015997020935210496,0.00038574044830718936
MLP,200,63,0.9534432,1,1.0,True,0.031628652795895454,0.026961439769399076
MLP,200,63,0.29734582,0,0.0,True,-0.0005728067364260851,-0.0022117355137944955
MLP,200,63,0.99648654,1,1.0,True,0.021138174370525613,0.020507350513697002
MLP,200,63,0.99948174,1,1.0,True,0.03697463872081161,0.027344081716251554
MLP,200,63,0.17470823,0,0.0,True,0.0013021788924313699,0.0030433556539256916
MLP,200,63,0.08675163,0,0.0,True,0.0008150991740145822,-0.0022814937870488518
MLP,200,63,0.9460114,1,1.0,True,0.015972652066268706,0.022083911925466812
MLP,200,63,0.08830802,0,0.0,True,-0.0010417234481016609,-0.0016778139932196255
MLP,200,63,0.7886021,1,1.0,True,0.011636984971834635,0.0157510866466886
MLP,200,63,0.15757558,0,0.0,True,0.003397573602139528,0.00078696817330818
MLP,200,63,0.84389335,1,1.0,True,0.028262304723743602,0.03264162887704292
MLP,200,63,0.9338822,1,1.0,True,0.01832783566654711,0.014612173484492796
MLP,200,63,0.23450544,0,0.0,True,-0.003243872951113908,-0.0034258430649917793
MLP,200,63,0.9102857,1,1.0,True,0.03220391764521267,0.02729538905258428
MLP,200,63,0.998195,1,1.0,True,0.018944258437291115,0.020529027944714184
MLP,200,63,0.9853597,1,1.0,True,0.029851019955177718,0.02514888288344262
MLP,200,63,0.07285801,0,0.0,True,0.0010450703889354064,-0.004895162312629057
MLP,200,63,0.1683523,0,0.0,True,-0.0027707955257334034,-0.0017444280065546545
MLP,200,63,0.8645591,1,1.0,True,0.030850587198336134,0.028334551231873374
MLP,200,63,0.9855005,1,1.0,True,0.017854955107254534,0.02004450244946155
MLP,200,63,0.9871954,1,1.0,True,0.0236863195709355,0.024129677411711913
MLP,200,63,0.98405564,1,1.0,True,0.036414927213726925,0.03267654540228185
MLP,200,63,0.99021494,1,1.0,True,0.023880923479879017,0.023449205579853367
MLP,200,63,0.26433948,0,0.0,True,0.004005504766582188,0.0007602607572954573
MLP,200,63,0.9963014,1,1.0,True,0.028623446012055187,0.028336154432743607
MLP,200,63,0.2484228,0,0.0,True,0.0009045125216108686,-0.000604574388915851
MLP,200,63,0.21638447,0,0.0,True,0.0007826701032504452,0.0035071800680690156
MLP,200,63,0.17445894,0,0.0,True,-0.0057327449611153936,-0.0021179488056301946
MLP,200,63,0.13172902,0,0.0,True,-9.452125853158493e-05,0.0029266415880776432
MLP,200,63,0.9985777,1,1.0,True,0.023777827287191633,0.02549590504264332
MLP,200,63,0.11492745,0,0.0,True,0.0030429219930121062,0.0020407273444562374
MLP,200,63,0.10757553,0,0.0,True,0.0009962451471139926,0.0007721051857237694
MLP,200,63,0.86245,1,1.0,True,0.030479393837403723,0.029163085496276876
MLP,200,63,0.9990471,1,1.0,True,0.016838635720020673,0.016350677562577697
MLP,200,63,0.9970299,1,1.0,True,0.022960321516395484,0.023447691336139647
MLP,200,63,0.11714736,0,0.0,True,-0.0006853951981635525,-0.0008943233583684785
MLP,200,63,0.25039405,0,0.0,True,-0.012312063075485893,-0.00702820384492943
MLP,200,63,0.9953133,1,1.0,True,0.019850333845336257,0.02284998878388659
MLP,200,63,0.89869887,1,1.0,True,0.0314862587280883,0.031220081523431316
MLP,200,63,0.18969378,0,0.0,True,0.008402314326784812,0.004599228075633606
MLP,200,63,0.85160375,1,1.0,True,0.02632891509951893,0.02692416894707207
MLP,200,63,0.06297843,0,0.0,True,-0.003474807328183073,-0.0015470448037825564
MLP,200,63,0.87614185,1,1.0,True,0.01717944053524844,0.02339512526323268
MLP,200,63,0.9827849,1,1.0,True,0.021086332825136122,0.0248626485087423
MLP,200,63,0.15823416,0,0.0,True,-0.0033175530780002985,-0.0016632804599624785
MLP,200,64,0.12569954,0,0.0,True,-0.005886175082890189,-0.001448365260157855
MLP,200,64,0.9918181,1,1.0,True,0.03426232866292157,0.02999367113611055
MLP,200,64,0.062328763,0,0.0,True,-0.005995109453278317,-0.005632348296374316
MLP,200,64,0.9880262,1,1.0,True,0.022348210604420438,0.022480877269734197
MLP,200,64,0.9991104,1,1.0,True,0.04420351244191116,0.032923336312675515
MLP,200,64,0.5209408,1,0.0,False,-0.0007347895925483804,-0.0012396781418094803
MLP,200,64,0.13608117,0,0.0,True,-0.0030449742165159282,-0.0023176322305370613
MLP,200,64,0.9046472,1,1.0,True,0.024617215984952562,0.023923306382246875
MLP,200,64,0.9819225,1,1.0,True,0.02515078468054489,0.02087838786843133
MLP,200,64,0.98108095,1,1.0,True,0.02675579634637625,0.029751255441778063
MLP,200,64,0.2774367,0,0.0,True,-0.007800198512004729,-0.005326229530910419
MLP,200,64,0.11218894,0,0.0,True,0.004112153646319676,0.004651533898756924
MLP,200,64,0.12964068,0,0.0,True,0.00014668273574825868,0.002943892474950346
MLP,200,64,0.17564458,0,0.0,True,-0.0017060659822825102,-0.0029212864765984265
MLP,200,64,0.9862024,1,1.0,True,0.027738542940667292,0.030377652621128445
MLP,200,64,0.99536276,1,1.0,True,0.03240380392537051,0.02563763123786767
MLP,200,64,0.14753135,0,0.0,True,-0.009302511099428463,-0.0014427835427420518
MLP,200,64,0.9682818,1,1.0,True,0.026661683369885683,0.02801254465161482
MLP,200,64,0.9572423,1,1.0,True,0.04576570279088483,0.04244373598164245
MLP,200,64,0.2956809,0,0.0,True,-0.009222174245255307,-0.002290685133913981
MLP,200,64,0.98934525,1,1.0,True,0.035153943709447105,0.032799437265839976
MLP,200,64,0.97948074,1,1.0,True,0.030172215254640995,0.026893220620715315
MLP,200,64,0.9654534,1,1.0,True,0.023261093063031132,0.02893895816259768
MLP,200,64,0.9807663,1,1.0,True,0.030545304145084332,0.02490639116995247
MLP,200,64,0.057130907,0,0.0,True,0.0017073292183761122,-0.002393687375722552
MLP,200,64,0.99130476,1,1.0,True,0.024358238780265988,0.028147572633410303
MLP,200,64,0.98861665,1,1.0,True,0.02743899644872293,0.02216938212145902
MLP,200,64,0.99912316,1,1.0,True,0.025997220190089022,0.028047887371477544
MLP,200,64,0.29575464,0,0.0,True,0.0010717881313181534,0.0048275197586107165
MLP,200,64,0.30468193,0,0.0,True,-0.0037758953314687336,-0.0028109760326094067
MLP,200,64,0.98191446,1,1.0,True,0.022738496086593746,0.02198187426524858
MLP,200,64,0.8625127,1,1.0,True,0.015261900423228714,0.01925742968824413
MLP,200,64,0.9920095,1,1.0,True,0.02626956427674894,0.03308737478451086
MLP,200,64,0.9957432,1,1.0,True,0.022292800594894132,0.026291263996877565
MLP,200,64,0.9591633,1,1.0,True,0.03557695578806149,0.03562712543126427
MLP,200,64,0.9811941,1,1.0,True,0.013507584979592374,0.014548893614976568
MLP,200,64,0.9936885,1,1.0,True,0.02208771728959349,0.023342974203783187
MLP,200,64,0.2115264,0,0.0,True,0.002390976711915179,0.00489134377297038
MLP,200,64,0.97238547,1,1.0,True,0.02235330273959762,0.021803033633081385
MLP,200,64,0.17596811,0,0.0,True,-0.0068251293902063396,-0.004803726933080181
MLP,200,64,0.22693263,0,0.0,True,0.004497976771038661,0.0009065088088233298
MLP,200,64,0.98721886,1,1.0,True,0.020097784266745713,0.014456157755834947
MLP,200,64,0.10043796,0,0.0,True,0.012011409406611868,0.0059446907904739535
MLP,200,64,0.9965758,1,1.0,True,0.02467009765542118,0.02896612877130694
MLP,200,64,0.1898797,0,0.0,True,-0.008463315901697225,-0.00344665562437641
MLP,200,64,0.1920937,0,0.0,True,-0.0011087682541688544,0.0008780085498168059
MLP,200,64,0.9504814,1,1.0,True,0.03326415931296036,0.03168260924614054
MLP,200,64,0.13469623,0,0.0,True,-0.0020193394848089354,-0.003285741493184316
MLP,200,64,0.1343483,0,0.0,True,0.0041202001000965,0.003198811763040339
MLP,200,64,0.080012985,0,0.0,True,0.006678563715765972,0.0033173706509882547
MLP,200,64,0.9960019,1,1.0,True,0.009718710304450354,0.01843289155277054
MLP,200,64,0.09441156,0,0.0,True,0.010496393323563091,0.004476717775827747
MLP,200,64,0.99909556,1,1.0,True,0.03500439488147872,0.02997993717418861
MLP,200,64,0.9857847,1,1.0,True,0.04427121258450992,0.030327801738173683
MLP,200,64,0.9912186,1,1.0,True,0.023659194926378795,0.02482352824087567
MLP,200,64,0.13073938,0,0.0,True,-0.0023297659194759664,-0.0007988238643081588
MLP,200,64,0.9939383,1,1.0,True,0.0210302684099328,0.022013422654796895
MLP,200,64,0.12126637,0,0.0,True,0.01314382524579825,0.009775688405666923
MLP,200,64,0.98791736,1,1.0,True,0.017886848350423302,0.025522796225761413
MLP,200,64,0.99817085,1,1.0,True,0.021106721800762368,0.022017236897386643
MLP,200,64,0.864972,1,1.0,True,0.023274234920727666,0.02302693089092568
MLP,200,64,0.12785049,0,0.0,True,0.0027135374803968094,0.0006044578125851924
MLP,200,64,0.9109278,1,1.0,True,0.03295466601436419,0.022785100641991938
MLP,200,64,0.98722535,1,1.0,True,0.035227205589412273,0.031843702377232636
MLP,200,64,0.14761202,0,0.0,True,-0.002304336132471371,-0.006845695055764762
MLP,200,64,0.9734755,1,1.0,True,0.014450391866689309,0.018217948888300552
MLP,200,64,0.2515215,0,0.0,True,0.001406963051217651,0.0010581429114342564
MLP,200,64,0.99612975,1,1.0,True,0.02412022010006118,0.02017666249400009
MLP,200,64,0.120789215,0,0.0,True,0.003046252075651038,-0.0010762691782615673
MLP,200,64,0.10306837,0,0.0,True,0.0004915254810294327,0.0023316322937153027
MLP,200,64,0.07161649,0,0.0,True,0.008257183728165376,0.007101331695837215
MLP,200,64,0.10364857,0,0.0,True,-0.006630159519860715,-0.0037458581532135373
MLP,200,64,0.0988112,0,0.0,True,-0.0018222367063142823,-0.002455568300600506
MLP,200,64,0.9834487,1,1.0,True,0.03487468361157483,0.022771003042183532
MLP,200,64,0.28992748,0,0.0,True,-0.0011016103562991688,-0.00037024090565858744
MLP,200,64,0.11991619,0,0.0,True,-0.009045167095472888,-0.001863874903267521
MLP,200,64,0.072381,0,0.0,True,-0.004438837361893161,0.0015177148471258322
MLP,200,64,0.45383844,0,0.0,True,-0.004273519335391399,-0.005115741912953487
MLP,200,64,0.99696344,1,1.0,True,0.025958579325947983,0.025318360470099586
MLP,200,64,0.7485118,1,1.0,True,0.030211489328339638,0.029931389041428516
MLP,200,64,0.085447334,0,0.0,True,0.00031301789579365634,-0.00011940465435112092
MLP,200,64,0.057349943,0,0.0,True,-0.0011585091287552593,-0.002400169627889108
MLP,200,64,0.22648545,0,0.0,True,0.005713820622203073,0.0005916108769774245
MLP,200,64,0.84498996,1,1.0,True,0.03219064550322001,0.023927495937263538
MLP,200,64,0.98863983,1,1.0,True,0.018680758059975773,0.026561683761652743
MLP,200,64,0.99040306,1,1.0,True,0.03306929295011148,0.026103474886157295
MLP,200,64,0.1385197,0,0.0,True,0.0007032444455259578,-0.0034034366302115758
MLP,200,64,0.92302835,1,1.0,True,0.020450622937683162,0.02168659846384594
MLP,200,64,0.115917616,0,0.0,True,-0.004283959841712033,-0.00023904309799187124
MLP,200,64,0.9907073,1,1.0,True,0.02719256412681762,0.022878110503295312
MLP,200,64,0.93648213,1,1.0,True,0.028063599193554785,0.03353123366558032
MLP,200,64,0.9951141,1,1.0,True,0.032409460846330784,0.02927091829252511
MLP,200,64,0.19446322,0,0.0,True,-0.0015343219267592867,0.0010057585974400857
MLP,200,64,0.93883824,1,1.0,True,0.008620145132492799,0.01103725948879054
MLP,200,64,0.967334,1,1.0,True,0.024762233752218255,0.02467964866420043
MLP,200,64,0.9950578,1,1.0,True,0.02501508313062828,0.027345941174980612
MLP,200,64,0.985951,1,1.0,True,0.02120603273969302,0.018942288975348495
MLP,200,64,0.7944929,1,1.0,True,0.017006964009493065,0.021523525476644042
MLP,200,64,0.079017,0,0.0,True,-0.009750220782847265,-0.005766730860500536
MLP,200,64,0.976309,1,1.0,True,0.030088092657223564,0.028854719796416385
MLP,200,65,0.9794835,1,1.0,True,0.026475858416859562,0.024172441033742987
MLP,200,65,0.17208324,0,0.0,True,-0.00756261378941899,-0.0008296975784727944
MLP,200,65,0.14102453,0,0.0,True,-0.006140397086973687,-0.003660000257975129
MLP,200,65,0.9916106,1,1.0,True,0.033922371071642025,0.02779417580512014
MLP,200,65,0.96920246,1,1.0,True,0.03684865621229811,0.03673033717010382
MLP,200,65,0.12140253,0,0.0,True,-0.0004156135625759865,-0.0055060138011530655
MLP,200,65,0.0659141,0,0.0,True,0.0018313956803509457,0.0010812500666066616
MLP,200,65,0.18171017,0,0.0,True,-0.0008906996695393624,0.00044207867113309077
MLP,200,65,0.10910586,0,0.0,True,-0.0019116180371303248,0.0009803361581139929
MLP,200,65,0.9985226,1,1.0,True,0.035678221607859315,0.02420754813702769
MLP,200,65,0.98001605,1,1.0,True,0.026965600863221504,0.02670591962326275
MLP,200,65,0.99306834,1,1.0,True,0.031958269939457926,0.026043371708957673
MLP,200,65,0.98672986,1,1.0,True,0.024269265768709896,0.02682704714422816
MLP,200,65,0.12458061,0,0.0,True,-0.005401592668479355,-0.0012587055283426812
MLP,200,65,0.515515,1,0.0,False,-0.0032521408625768512,-0.0035370841993046477
MLP,200,65,0.99113727,1,1.0,True,0.02735405646123899,0.025846272070323563
MLP,200,65,0.105578415,0,0.0,True,0.0013041334103734202,0.0030951600211746345
MLP,200,65,0.061885316,0,0.0,True,0.005728824183932304,0.0019900977357791582
MLP,200,65,0.9959014,1,1.0,True,0.02890711763450883,0.027851911281438445
MLP,200,65,0.11531146,0,0.0,True,0.00019697368271906607,-0.0015150777898110866
MLP,200,65,0.13561535,0,0.0,True,0.005479845469999768,0.003955006684773127
MLP,200,65,0.06953079,0,0.0,True,0.003291499041123509,0.0011350135701892656
MLP,200,65,0.1118561,0,0.0,True,-0.0055934577121286135,-0.00686683381658265
MLP,200,65,0.9961111,1,1.0,True,0.021516907172982228,0.02008739433968506
MLP,200,65,0.13576175,0,0.0,True,-0.0006015206435973074,-0.0011258596759928222
MLP,200,65,0.17720021,0,0.0,True,0.0006598739163099161,-0.00014559275377151176
MLP,200,65,0.07126535,0,0.0,True,-8.41335248595462e-06,-0.001822242135829648
MLP,200,65,0.9916712,1,1.0,True,0.02715027658634531,0.022833289388214054
MLP,200,65,0.99441695,1,1.0,True,0.027939072135718675,0.029591444980537545
MLP,200,65,0.16840228,0,0.0,True,0.0035599912632266304,0.003998811247367782
MLP,200,65,0.107510045,0,0.0,True,-0.009287980262814861,-0.0022596114765375927
MLP,200,65,0.9882095,1,1.0,True,0.027386563379331777,0.025213619023839014
MLP,200,65,0.99968874,1,1.0,True,0.029933670120197504,0.031382648188101415
MLP,200,65,0.99280435,1,1.0,True,0.02862623408902882,0.035455286770599885
MLP,200,65,0.9758733,1,1.0,True,0.03753631094930636,0.034028065583339116
MLP,200,65,0.13803297,0,0.0,True,-0.00535733230095134,-0.0008632382985136623
MLP,200,65,0.968151,1,1.0,True,0.005342200693195099,0.01528692073178625
MLP,200,65,0.05940717,0,0.0,True,-0.0008668056821535854,-0.003213527849265139
MLP,200,65,0.1255671,0,0.0,True,-0.002638363401107283,0.00055122761096271
MLP,200,65,0.9604147,1,1.0,True,0.033817051806828445,0.028210537470544313
MLP,200,65,0.77909714,1,1.0,True,0.03168783607976517,0.035336774021622865
MLP,200,65,0.99967945,1,1.0,True,0.0195825329759465,0.024797690447434646
MLP,200,65,0.062871054,0,0.0,True,0.012030141207489848,0.001905465014661489
MLP,200,65,0.99895215,1,1.0,True,0.02992484848618177,0.024606849446670232
MLP,200,65,0.9375476,1,1.0,True,0.03356809067747403,0.02717850076660946
MLP,200,65,0.99179673,1,1.0,True,0.03675397707224025,0.030115152173756918
MLP,200,65,0.8715636,1,1.0,True,0.030502945742703763,0.025441058649874126
MLP,200,65,0.17563768,0,0.0,True,0.0034801334656202523,0.0006186990167585012
MLP,200,65,0.9784379,1,1.0,True,0.011199008848452494,0.012070251241699536
MLP,200,65,0.09443977,0,0.0,True,-0.004314513692745319,-0.004927823533326294
MLP,200,65,0.89067644,1,1.0,True,0.03874371859296482,0.03125944584382872
MLP,200,65,0.9681824,1,1.0,True,0.03234743769887274,0.030237952998620126
MLP,200,65,0.087949924,0,0.0,True,0.0013822204527679212,-0.0028418954037765054
MLP,200,65,0.109870315,0,0.0,True,0.002485971648637619,0.003803480277010954
MLP,200,65,0.9886923,1,1.0,True,0.027456498012866076,0.024928625647971697
MLP,200,65,0.18565862,0,0.0,True,-0.007597250893251038,-0.0076138213730830165
MLP,200,65,0.95336866,1,1.0,True,0.04188867037338654,0.04035460878220838
MLP,200,65,0.95138305,1,1.0,True,0.025836337199234668,0.029431282468026683
MLP,200,65,0.9635979,1,1.0,True,0.01665640601713597,0.024982480893319208
MLP,200,65,0.996829,1,1.0,True,0.03120630758818129,0.025466793728722764
MLP,200,65,0.15016289,0,0.0,True,0.0013048917573847138,2.1285095044940756e-05
MLP,200,65,0.07355502,0,0.0,True,-0.001773536396061612,-0.0031129778455249173
MLP,200,65,0.99905974,1,1.0,True,0.03143119451413585,0.030532630822021206
MLP,200,65,0.889894,1,1.0,True,0.04072841459879689,0.03420374903675015
MLP,200,65,0.0814766,0,0.0,True,-0.0017241948250174262,0.0004355680636661522
MLP,200,65,0.33235952,0,0.0,True,0.009933459821685663,0.001368441805971885
MLP,200,65,0.07970604,0,0.0,True,-0.0050285814856891676,-0.004485742666846386
MLP,200,65,0.9976463,1,1.0,True,0.024386621169956893,0.027518777318564325
MLP,200,65,0.15742388,0,0.0,True,-0.001385711366900985,0.0018845379303509048
MLP,200,65,0.21783446,0,0.0,True,-0.005639292039250217,-0.003488057351946418
MLP,200,65,0.12139697,0,0.0,True,-0.0033613641048871093,-0.00427749037675118
MLP,200,65,0.1247247,0,0.0,True,-0.0022710692778869206,-0.002176063810435536
MLP,200,65,0.9740345,1,1.0,True,0.017572630999029348,0.018373350057469748
MLP,200,65,0.15551999,0,0.0,True,-0.004650925789336647,-0.003200721761171113
MLP,200,65,0.15814559,0,0.0,True,-0.0050726714274617205,-0.0014331389950775957
MLP,200,65,0.9914547,1,1.0,True,0.032204333814985456,0.026063386803249884
MLP,200,65,0.097995415,0,0.0,True,0.004274529165869391,-0.0010073499689859018
MLP,200,65,0.9919356,1,1.0,True,0.026090661154119434,0.025253031817307182
MLP,200,65,0.094928466,0,0.0,True,0.010026519327870733,0.005516853292677817
MLP,200,65,0.9944047,1,1.0,True,0.023931889398481097,0.025602540729388737
MLP,200,65,0.99727684,1,1.0,True,0.02010151698693574,0.021160409534876905
MLP,200,65,0.11293165,0,0.0,True,-0.0018835172504946657,0.003954817653525937
MLP,200,65,0.0985311,0,0.0,True,0.002700549347672231,-0.00104732323419813
MLP,200,65,0.9989403,1,1.0,True,0.022616311287535076,0.03317820260718608
MLP,200,65,0.34935176,0,0.0,True,-0.007674632583620697,-0.006161476632503458
MLP,200,65,0.25125226,0,0.0,True,0.001798258002944956,-0.001071282110373659
MLP,200,65,0.9996099,1,1.0,True,0.027171927840070127,0.02303401190588152
MLP,200,65,0.40873638,0,0.0,True,-0.008599983749175677,-0.004011038988593635
MLP,200,65,0.97325057,1,1.0,True,0.016696981878284455,0.014472509431475723
MLP,200,65,0.9955646,1,1.0,True,0.015973628804480222,0.013983503740156084
MLP,200,65,0.08053502,0,0.0,True,0.0070726094499804215,0.0016997125068787344
MLP,200,65,0.98459333,1,1.0,True,0.04274386571930489,0.02879644655207125
MLP,200,65,0.9582575,1,1.0,True,0.026483798007916507,0.023946896425390125
MLP,200,65,0.99309593,1,1.0,True,0.01652255929612798,0.021676851475276548
MLP,200,65,0.16797677,0,0.0,True,-0.0004522313748768344,0.001461007312850088
MLP,200,65,0.99862385,1,1.0,True,0.03190258678301168,0.038754858512231725
MLP,200,65,0.0761752,0,0.0,True,-0.0003266284189597158,-0.00418113320649098
MLP,200,65,0.14588289,0,0.0,True,-0.0020333654542769265,-0.003196772044173663
MLP,200,65,0.9909149,1,1.0,True,0.01833849762356803,0.022245372348623765
MLP,200,65,0.6151701,1,0.0,False,0.002083682889816595,-0.002919276527864125
MLP,200,66,0.9897495,1,1.0,True,0.029937297594586052,0.024524723437587465
MLP,200,66,0.113204926,0,0.0,True,-0.010064195557572729,-0.006891361050059502
MLP,200,66,0.12850396,0,0.0,True,-0.004135138805007795,-0.0019002365554342965
MLP,200,66,0.9962734,1,1.0,True,0.04752439280453923,0.035698528480114476
MLP,200,66,0.9795455,1,1.0,True,0.020903201695975534,0.021232705175232857
MLP,200,66,0.12692125,0,0.0,True,0.011880267949723891,0.005385251868605285
MLP,200,66,0.40139195,0,0.0,True,-0.0062606811620799195,-0.004916580809393202
MLP,200,66,0.24597397,0,0.0,True,-0.012028035889927053,-0.007320985350209938
MLP,200,66,0.9994579,1,1.0,True,0.03757703644195507,0.026838608473171068
MLP,200,66,0.9321152,1,1.0,True,0.03426416038410604,0.03074987779849203
MLP,200,66,0.09621263,0,0.0,True,0.0025244807917435635,0.0026324028933863105
MLP,200,66,0.31450847,0,0.0,True,0.0038042454839196374,0.0024788561058194394
MLP,200,66,0.9946069,1,1.0,True,0.03757941977398346,0.0323315506294111
MLP,200,66,0.99597543,1,1.0,True,0.04227770677026261,0.03389202076128181
MLP,200,66,0.084191374,0,0.0,True,0.004880370402537665,0.0037022226472735874
MLP,200,66,0.99893457,1,1.0,True,0.032246693790825696,0.03406877509452971
MLP,200,66,0.13664883,0,0.0,True,-0.00020564906380228666,0.002061136708020506
MLP,200,66,0.9947726,1,1.0,True,0.020677367388680326,0.023430185732941197
MLP,200,66,0.998228,1,1.0,True,0.02562293386425006,0.02971992590992511
MLP,200,66,0.1352304,0,0.0,True,-0.0070780766711020056,-0.006265724062690905
MLP,200,66,0.13060908,0,0.0,True,-0.004089305170224152,-0.004123825950786347
MLP,200,66,0.19372596,0,0.0,True,-0.0010136376472912017,-0.0019496766440500774
MLP,200,66,0.9820841,1,1.0,True,0.0223001555366764,0.023040010558044673
MLP,200,66,0.99631447,1,1.0,True,0.03291029666850208,0.03976786890898377
MLP,200,66,0.10805007,0,0.0,True,-0.011659983454995347,-0.0019662056859829267
MLP,200,66,0.9826695,1,1.0,True,0.027022182740168876,0.021517385054304408
MLP,200,66,0.08545625,0,0.0,True,0.004804703408082153,0.006757776198108642
MLP,200,66,0.95149755,1,1.0,True,0.0264691954958223,0.026511607403648222
MLP,200,66,0.099539086,0,0.0,True,0.0007480754295079111,-0.0027468870096483623
MLP,200,66,0.13611422,0,0.0,True,-0.0022674707386436447,-0.0019200853965522903
MLP,200,66,0.9632294,1,1.0,True,0.031507625008601964,0.029645857962118324
MLP,200,66,0.994146,1,1.0,True,0.029858837280983815,0.024187540429100023
MLP,200,66,0.9696642,1,1.0,True,0.02838222079779647,0.028024495063300167
MLP,200,66,0.98804873,1,1.0,True,0.022715311704542104,0.022315345741599085
MLP,200,66,0.9984824,1,1.0,True,0.03043251099792956,0.026202303569636966
MLP,200,66,0.94818974,1,1.0,True,0.02421390191893981,0.02858459044008561
MLP,200,66,0.9763256,1,1.0,True,0.03372085344517299,0.03856835042837266
MLP,200,66,0.08531761,0,0.0,True,-0.000915815688067888,-0.0029091028908895217
MLP,200,66,0.99589086,1,1.0,True,0.033731300769578164,0.02837072453711777
MLP,200,66,0.26282835,0,0.0,True,0.003216946828421733,0.00029986114227645
MLP,200,66,0.7705509,1,1.0,True,0.011076958790215375,0.0192203571380827
MLP,200,66,0.07405945,0,0.0,True,0.00623669923923651,0.0013942037123096725
MLP,200,66,0.9748531,1,1.0,True,0.03375262168055785,0.03262703605945932
MLP,200,66,0.8039523,1,1.0,True,0.027654909681503317,0.02522339138875617
MLP,200,66,0.07357159,0,0.0,True,0.006298503417134037,0.002811119398311314
MLP,200,66,0.0862079,0,0.0,True,-0.0016614983286732997,-0.006530781691957142
MLP,200,66,0.9796403,1,1.0,True,0.018943775035556252,0.023500275167809045
MLP,200,66,0.9681379,1,1.0,True,0.03512128292548292,0.031182503991993356
MLP,200,66,0.9836834,1,1.0,True,0.038168112345996576,0.03282276281003265
MLP,200,66,0.99910235,1,1.0,True,0.03175886458894622,0.032443446092696955
MLP,200,66,0.24637212,0,0.0,True,0.0015627999828040323,0.0032531376778610413
MLP,200,66,0.9718168,1,1.0,True,0.02723648991196525,0.027381021934234445
MLP,200,66,0.9984572,1,1.0,True,0.027221624040916784,0.030920163922920043
MLP,200,66,0.48537287,0,0.0,True,0.0009044619406966667,0.0036773548145854792
MLP,200,66,0.93660355,1,1.0,True,0.026969341331180136,0.030576942943385917
MLP,200,66,0.99206537,1,1.0,True,0.04618283067782158,0.039845404796273666
MLP,200,66,0.28866762,0,0.0,True,-1.237326715122578e-05,6.357319690658709e-05
MLP,200,66,0.15512957,0,0.0,True,0.004119082370209525,0.00521379202432556
MLP,200,66,0.08798045,0,0.0,True,-0.002261306532663316,-0.00818639798488665
MLP,200,66,0.13776833,0,0.0,True,-0.0010160918869208365,0.0010725134665820854
MLP,200,66,0.32819048,0,0.0,True,0.013306848431572989,0.007192470051626181
MLP,200,66,0.99989057,1,1.0,True,0.028685280588400527,0.03131320688748369
MLP,200,66,0.44693404,0,0.0,True,-0.00038166851602245485,0.0009617862467661491
MLP,200,66,0.06897392,0,0.0,True,0.010349807993685272,0.0015101459526532521
MLP,200,66,0.09070347,0,0.0,True,-0.0031138838854852875,-0.0021896395864612005
MLP,200,66,0.08161999,0,0.0,True,0.002389836224189264,0.0019684376148290826
MLP,200,66,0.11395467,0,0.0,True,-0.006955146005367967,-0.002717506173588096
MLP,200,66,0.094722584,0,0.0,True,-0.009853801205683388,-0.005391603870160802
MLP,200,66,0.24709746,0,0.0,True,-0.0053296340745657795,-0.0015433584424207256
MLP,200,66,0.12834118,0,0.0,True,0.008184695076206899,0.0065954103933681596
MLP,200,66,0.99780124,1,1.0,True,0.02882739245391589,0.028028798024065237
MLP,200,66,0.3984098,0,0.0,True,-0.001980945339486437,0.004336449735470914
MLP,200,66,0.99982387,1,1.0,True,0.036331448488387395,0.03692681225789539
MLP,200,66,0.9988973,1,1.0,True,0.027608765580972323,0.030458393991728176
MLP,200,66,0.11983748,0,0.0,True,4.759111439771967e-05,0.00012342565765631935
MLP,200,66,0.13621798,0,0.0,True,-0.0013599267881725652,0.0008033803948852195
MLP,200,66,0.9786789,1,1.0,True,0.032435064619952415,0.022496470490562737
MLP,200,66,0.09152692,0,0.0,True,-0.0005198609761754758,-0.0006736878861992317
MLP,200,66,0.1596755,0,0.0,True,-0.002208601103903453,0.00232128135597723
MLP,200,66,0.99845266,1,1.0,True,0.03123110318496521,0.03498947382752699
MLP,200,66,0.10874082,0,0.0,True,0.0028109885760196416,0.0028176336593365332
MLP,200,66,0.99617,1,1.0,True,0.020426266718037604,0.031029992423829884
MLP,200,66,0.13423112,0,0.0,True,0.004953375366183313,0.004161127142647508
MLP,200,66,0.11716254,0,0.0,True,-0.004680030188442273,-0.005449855445591947
MLP,200,66,0.10890472,0,0.0,True,-0.004002851667889812,-0.001970109637464057
MLP,200,66,0.12856919,0,0.0,True,-0.011651440787394048,-0.005583660078947066
MLP,200,66,0.9995869,1,1.0,True,0.023516788542520713,0.0232231021533927
MLP,200,66,0.9957202,1,1.0,True,0.02974694489881395,0.029901865596134718
MLP,200,66,0.058864847,0,0.0,True,-0.012615562213962461,-0.010733265067444913
MLP,200,66,0.08304699,0,0.0,True,-0.0023174190382542403,-0.00441660368959345
MLP,200,66,0.124636725,0,0.0,True,0.0011545187424560972,0.0033488371019824996
MLP,200,66,0.97579795,1,1.0,True,0.0418997686508103,0.03540281015869954
MLP,200,66,0.062435158,0,0.0,True,-0.0025208072836683535,-0.0004870387751152681
MLP,200,66,0.9365776,1,1.0,True,0.027470487428813646,0.03219225224096146
MLP,200,66,0.9855702,1,1.0,True,0.023966597687822583,0.026014165650206714
MLP,200,66,0.1581227,0,0.0,True,-0.006087308491514094,-0.003862544094306911
MLP,200,66,0.3489916,0,0.0,True,-0.009830698746137376,-0.009527071423722019
MLP,200,66,0.15202276,0,0.0,True,-0.0062344426570856825,-0.0019426917234419427
MLP,200,66,0.08958209,0,0.0,True,-0.003418786028578277,0.0028695348122302123
MLP,200,66,0.20777376,0,0.0,True,0.002152814754033184,0.003442667403412058
MLP,200,67,0.12657104,0,0.0,True,8.2056965966632e-05,-0.0027156422157586994
MLP,200,67,0.9987483,1,1.0,True,0.02462203720561744,0.024960696441745107
MLP,200,67,0.9996457,1,1.0,True,0.03755645741619688,0.03266477606464995
MLP,200,67,0.9710633,1,1.0,True,0.025316324423627194,0.02957997060083226
MLP,200,67,0.13652557,0,0.0,True,0.00311340084119272,0.0007289602459668205
MLP,200,67,0.9905156,1,1.0,True,0.03822455579856152,0.02609841459763249
MLP,200,67,0.17501518,0,0.0,True,-0.008648705097105532,-0.005495492688979017
MLP,200,67,0.9473088,1,1.0,True,0.02641413008013569,0.027474133773816713
MLP,200,67,0.9653014,1,1.0,True,0.03269391998629169,0.029320908338098556
MLP,200,67,0.11663027,0,0.0,True,-0.0020905591894540675,-0.004004241567954724
MLP,200,67,0.9438834,1,1.0,True,0.03556618698549463,0.028958533700047393
MLP,200,67,0.9929772,1,1.0,True,0.030346883801554706,0.02435387171346775
MLP,200,67,0.15015593,0,0.0,True,-0.0007993541485783403,0.00035823411911593177
MLP,200,67,0.99045277,1,1.0,True,0.02531866675416224,0.02341696923922127
MLP,200,67,0.98136395,1,1.0,True,0.027367036330637723,0.023210516117872105
MLP,200,67,0.19727595,0,0.0,True,-0.000975925541387316,0.002674825575806992
MLP,200,67,0.98802966,1,1.0,True,0.021345183634776898,0.024450497559616105
MLP,200,67,0.2920296,0,0.0,True,-0.0029743934728647015,-0.0005631058165821751
MLP,200,67,0.09572045,0,0.0,True,0.0037583789883215727,0.004120952223749838
MLP,200,67,0.2263939,0,0.0,True,0.004163158071439635,-0.0008135262134285496
MLP,200,67,0.99630797,1,1.0,True,0.038630801092218725,0.031522674908692566
MLP,200,67,0.99001783,1,1.0,True,0.027024165993276422,0.0232228508626497
MLP,200,67,0.99378765,1,1.0,True,0.038831643102263065,0.03493167155693354
MLP,200,67,0.97702765,1,1.0,True,0.021023303309367913,0.028992140446192742
MLP,200,67,0.99123585,1,1.0,True,0.03787769373659957,0.03547397279503636
MLP,200,67,0.14959967,0,0.0,True,-0.0025181246742904165,-0.003664465916796351
MLP,200,67,0.25563502,0,0.0,True,0.005922179474960175,0.004853548330259572
MLP,200,67,0.09038744,0,0.0,True,0.00643247382681579,0.0029262901095513396
MLP,200,67,0.9530537,1,1.0,True,0.029271953268602737,0.029549034244253515
MLP,200,67,0.22986959,0,0.0,True,1.6975896206826693e-05,-0.0021059912916879396
MLP,200,67,0.07930274,0,0.0,True,0.0031839422604872203,0.0007708501688151549
MLP,200,67,0.25703952,0,0.0,True,-0.0012673981340232893,3.8854710105586485e-05
MLP,200,67,0.10486139,0,0.0,True,-0.0011077183628743444,-0.0008837704200888917
MLP,200,67,0.115061,0,0.0,True,0.008837023464476915,0.00032056274197462853
MLP,200,67,0.11329692,0,0.0,True,0.0008313472367920009,-0.0003262301577983984
MLP,200,67,0.14641373,0,0.0,True,0.001914407930763652,-0.0035203192074533918
MLP,200,67,0.123715214,0,0.0,True,0.00010038146631834474,-0.0011838723231761444
MLP,200,67,0.9998317,1,1.0,True,0.03456091460962053,0.03712030683466137
MLP,200,67,0.9903612,1,1.0,True,0.020362531397137913,0.02951283834101632
MLP,200,67,0.064487755,0,0.0,True,-0.007722368939982066,-0.0020976789092696964
MLP,200,67,0.23661266,0,0.0,True,-0.010677779507276238,-0.00911767126669601
MLP,200,67,0.9824952,1,1.0,True,0.043359391567874474,0.036089483186882564
MLP,200,67,0.9920041,1,1.0,True,0.03401206689799122,0.03001295463750532
MLP,200,67,0.07450956,0,0.0,True,0.008335533610307007,0.0007994735923721999
MLP,200,67,0.99389714,1,1.0,True,0.019323825291626972,0.01859506656696857
MLP,200,67,0.23263018,0,0.0,True,-0.003733624114199942,-0.0017300148652359287
MLP,200,67,0.99684936,1,1.0,True,0.028590536167150963,0.026823906855427314
MLP,200,67,0.16677253,0,0.0,True,-0.005031188876304417,0.0014300003354762577
MLP,200,67,0.10544091,0,0.0,True,0.0025751400341755934,0.005533909496570237
MLP,200,67,0.076066665,0,0.0,True,0.002800332936869086,0.0044485726879790275
MLP,200,67,0.9872804,1,1.0,True,0.03422459078836408,0.033473417861491876
MLP,200,67,0.1650439,0,0.0,True,-0.0037815267932012034,-0.0044184328234442
MLP,200,67,0.9957818,1,1.0,True,0.01755444244150904,0.026078601280578876
MLP,200,67,0.22382963,0,0.0,True,-0.002164432777399771,-0.0007593612768841563
MLP,200,67,0.987909,1,1.0,True,0.045571784185443776,0.03462973808649661
MLP,200,67,0.25743192,0,0.0,True,-0.003920104195372214,-0.0038797251235457536
MLP,200,67,0.14036568,0,0.0,True,-0.003117943410040297,-0.002268983859780739
MLP,200,67,0.19969767,0,0.0,True,0.008845613150793581,0.0030990832279002363
MLP,200,67,0.12184467,0,0.0,True,-0.0007024284677373227,0.0040560927831232605
MLP,200,67,0.12919776,0,0.0,True,0.008854556227034684,0.006859306965821893
MLP,200,67,0.996161,1,1.0,True,0.018518662649940967,0.02763274466857153
MLP,200,67,0.99783796,1,1.0,True,0.03407739654630316,0.0381741023666302
MLP,200,67,0.95888394,1,1.0,True,0.030862269652465156,0.03625438131832269
MLP,200,67,0.18915248,0,0.0,True,0.0018986049161997427,0.004674171238449386
MLP,200,67,0.06227691,0,0.0,True,-0.005025146130647147,-0.002871536941055811
MLP,200,67,0.06738094,0,0.0,True,0.00040918455071822584,0.002249815157259036
MLP,200,67,0.9995017,1,1.0,True,0.04222881953959599,0.04069390147853915
MLP,200,67,0.9986941,1,1.0,True,0.03430216064537135,0.02800532806933373
MLP,200,67,0.99373347,1,1.0,True,0.03092225546845058,0.028682392122774927
MLP,200,67,0.7673985,1,1.0,True,0.032060301507537685,0.030226700251889168
MLP,200,67,0.574176,1,0.0,False,0.0006602604801974582,-0.0023342709593626837
MLP,200,67,0.073944144,0,0.0,True,0.009195073499714298,0.001258657681060838
MLP,200,67,0.13922523,0,0.0,True,0.00760329288026542,0.004798375518032402
MLP,200,67,0.99891186,1,1.0,True,0.02588600066036367,0.02771438406742493
MLP,200,67,0.1051164,0,0.0,True,-0.002386372201493944,-0.002342602775150923
MLP,200,67,0.9997402,1,1.0,True,0.040044524464967604,0.031232078436772965
MLP,200,67,0.10001099,0,0.0,True,-0.0041231992991144035,-0.0007334418776175208
MLP,200,67,0.98720574,1,1.0,True,0.03073895821052133,0.03530462202819789
MLP,200,67,0.99129,1,1.0,True,0.03155650675762105,0.02921781706781629
MLP,200,67,0.13345993,0,0.0,True,0.0005455528198520458,0.000999888141393574
MLP,200,67,0.078297004,0,0.0,True,-0.0008544487060724127,0.0008812955603729861
MLP,200,67,0.16829704,0,0.0,True,-3.456808774411765e-05,0.0020564558925262794
MLP,200,67,0.1066735,0,0.0,True,-0.003774802817454169,0.001932317138955769
MLP,200,67,0.9968453,1,1.0,True,0.038474263835717816,0.03522352511235141
MLP,200,67,0.97526985,1,1.0,True,0.024317959776164955,0.02309751526624355
MLP,200,67,0.07748215,0,0.0,True,-0.004252268695895399,-0.00015335549442783267
MLP,200,67,0.14235483,0,0.0,True,-0.0024121454633710066,-0.0020404897693913357
MLP,200,67,0.10296227,0,0.0,True,-0.0025732345318280267,-0.001218353257086134
MLP,200,67,0.21447325,0,0.0,True,0.00690909422815861,0.0023401313202211296
MLP,200,67,0.99353445,1,1.0,True,0.03257347949040372,0.03364500355592114
MLP,200,67,0.9950163,1,1.0,True,0.040250270046399896,0.030678171262768873
MLP,200,67,0.91116184,1,1.0,True,0.018888728335118142,0.019514240253812192
MLP,200,67,0.9921645,1,1.0,True,0.02778260891946311,0.02679393441661359
MLP,200,67,0.9934726,1,1.0,True,0.037003668756186964,0.0340507514059378
MLP,200,67,0.088936366,0,0.0,True,-0.00321709366935636,-0.0038293816631361634
MLP,200,67,0.9939546,1,1.0,True,0.02948956815779943,0.02514430977605329
MLP,200,67,0.08053366,0,0.0,True,0.00361501050661106,0.003573820848697354
MLP,200,67,0.9763533,1,1.0,True,0.030958727657730493,0.03450550638486864
MLP,200,67,0.9858187,1,1.0,True,0.01675638275312824,0.020361925794851837
MLP,200,67,0.9820264,1,1.0,True,0.030949646560583285,0.027800537374425754
MLP,200,68,0.15577649,0,0.0,True,0.004710226844802638,-0.0019020665178829676
MLP,200,68,0.991243,1,1.0,True,0.016275381046836686,0.027825230912020587
MLP,200,68,0.09200904,0,0.0,True,0.00470672805179467,0.006282395657718296
MLP,200,68,0.8886528,1,1.0,True,0.030434331835024156,0.02388484908658256
MLP,200,68,0.12927648,0,0.0,True,-0.00030573434408059203,0.00012086577390410332
MLP,200,68,0.19695552,0,0.0,True,0.0034206632419111664,0.005170399283721953
MLP,200,68,0.15905662,0,0.0,True,0.0020983051457912393,-0.0010467974736389665
MLP,200,68,0.22959284,0,0.0,True,0.006257686828348051,-0.0008819278719574787
MLP,200,68,0.98634964,1,1.0,True,0.04269874133519898,0.037102464324490554
MLP,200,68,0.96284944,1,1.0,True,0.035001461172288285,0.038997372106929856
MLP,200,68,0.9995565,1,1.0,True,0.023086319017879713,0.02299198333636234
MLP,200,68,0.07651176,0,0.0,True,0.002737887901844339,0.0009321130632829395
MLP,200,68,0.23567891,0,0.0,True,0.0012434004894913567,0.0025805036646276177
MLP,200,68,0.98324627,1,1.0,True,0.031452827298601015,0.037198453506487955
MLP,200,68,0.999721,1,1.0,True,0.032306718301832425,0.029340159037502374
MLP,200,68,0.05584487,0,0.0,True,-0.002312344350034842,-0.0036532886703495777
MLP,200,68,0.32863745,0,0.0,True,-0.00044535675602302,-0.0006984848006557944
MLP,200,68,0.094913036,0,0.0,True,0.007362235373719989,0.006019822850317939
MLP,200,68,0.9997094,1,1.0,True,0.03009991554538543,0.02302300234181503
MLP,200,68,0.95476586,1,1.0,True,0.029314931086062267,0.043627550361668134
MLP,200,68,0.15598392,0,0.0,True,-0.0003230975303355609,0.0019422553859881903
MLP,200,68,0.95940197,1,1.0,True,0.031892158288386825,0.02433653064367343
MLP,200,68,0.16718452,0,0.0,True,-0.00021724341491525143,0.0016948805204206599
MLP,200,68,0.9994449,1,1.0,True,0.029043479105678865,0.026269316473971963
MLP,200,68,0.12477569,0,0.0,True,0.007494096627080405,0.0009605582126703612
MLP,200,68,0.097701564,0,0.0,True,-0.0008601905385026062,0.0005228290255113526
MLP,200,68,0.08298507,0,0.0,True,-0.0066430515204792115,-0.0033337109374527753
MLP,200,68,0.15078053,0,0.0,True,-0.0045073783460324235,-0.0035869502889032184
MLP,200,68,0.08741785,0,0.0,True,0.006098278746654301,0.003296236048631029
MLP,200,68,0.15306558,0,0.0,True,0.008602471824985055,0.003060307338512863
MLP,200,68,0.15896145,0,0.0,True,-0.0005122175064166218,0.0019550056111986725
MLP,200,68,0.9984987,1,1.0,True,0.026976567737216,0.025258797321376425
MLP,200,68,0.21441737,0,0.0,True,0.010404068918842279,0.002292519808976185
MLP,200,68,0.1696914,0,0.0,True,0.0016523952995416145,-0.0009442985191845753
MLP,200,68,0.97647434,1,1.0,True,0.01853518130188879,0.024400461716706182
MLP,200,68,0.9879952,1,1.0,True,0.02775211126944539,0.02910909278149678
MLP,200,68,0.21248232,0,0.0,True,-0.008202185698947017,-0.0049983351124333044
MLP,200,68,0.06509649,0,0.0,True,0.012361850420101485,0.009571889491198134
MLP,200,68,0.09203959,0,0.0,True,0.0005010537449986272,-0.00685295376521728
MLP,200,68,0.09266072,0,0.0,True,-0.006456902137827866,-0.001510928302539533
MLP,200,68,0.9941314,1,1.0,True,0.044937784866194444,0.04005438835786174
MLP,200,68,0.063438535,0,0.0,True,-0.002563556482276893,0.002770108485817258
MLP,200,68,0.99881977,1,1.0,True,0.017803954822535877,0.02890336287127039
MLP,200,68,0.97642875,1,1.0,True,0.023726382680292927,0.022734753267823798
MLP,200,68,0.9875252,1,1.0,True,0.03122546164091226,0.02891550123190081
MLP,200,68,0.10314113,0,0.0,True,0.00047311492175198394,0.0002487103987010879
MLP,200,68,0.9127651,1,1.0,True,0.013285700629099409,0.016862669335362207
MLP,200,68,0.16129528,0,0.0,True,0.007518404278109352,0.0028314084075682054
MLP,200,68,0.19036224,0,0.0,True,-0.005549511257633326,-0.002213237004439299
MLP,200,68,0.99865997,1,1.0,True,0.03743493024191356,0.03460739750644626
MLP,200,68,0.9954079,1,1.0,True,0.03357118374286605,0.03126823890259874
MLP,200,68,0.99874085,1,1.0,True,0.02701471271695472,0.02320273964114633
MLP,200,68,0.13380437,0,0.0,True,0.006733065941488284,0.003752678731315718
MLP,200,68,0.99829286,1,1.0,True,0.024519935736911882,0.026899592424905222
MLP,200,68,0.43877923,0,0.0,True,-0.0015262944387686179,-0.00266360563296149
MLP,200,68,0.21897326,0,0.0,True,-0.000567526668367881,-0.0019033251635346047
MLP,200,68,0.9936727,1,1.0,True,0.030347601686406357,0.031382979739215514
MLP,200,68,0.20652325,0,0.0,True,0.0018208921958248344,0.0028129982918986478
MLP,200,68,0.1906103,0,0.0,True,-0.004820398720290577,-0.0016346824914059317
MLP,200,68,0.15359795,0,0.0,True,0.002740369469768663,0.0013120173321524503
MLP,200,68,0.21273752,0,0.0,True,0.00243186565414637,-0.0014698028982615748
MLP,200,68,0.9924664,1,1.0,True,0.035690397070766905,0.034846551309830484
MLP,200,68,0.12995982,0,0.0,True,-0.0007551504721859209,-0.0003278294457190731
MLP,200,68,0.05408483,0,0.0,True,0.0015977972112050786,-0.002377401289407616
MLP,200,68,0.99606943,1,1.0,True,0.022149938910285782,0.026612650253150134
MLP,200,68,0.34291682,0,0.0,True,0.0020565710403542244,-0.0028501675719579253
MLP,200,68,0.9857904,1,1.0,True,0.03755204338921669,0.03445403676544561
MLP,200,68,0.1981614,0,0.0,True,0.0031550437084901053,0.002659520215088311
MLP,200,68,0.22622733,0,0.0,True,0.0017796712911788816,0.0015788064042009339
MLP,200,68,0.1027741,0,0.0,True,0.006278428009714829,0.0056153226941651185
MLP,200,68,0.14556745,0,0.0,True,-0.005404029573090561,0.0006523462834803501
MLP,200,68,0.06843826,0,0.0,True,0.0011509114269635293,0.0006528968355613894
MLP,200,68,0.17846683,0,0.0,True,-0.0030996540818470086,-0.0011680903915930665
MLP,200,68,0.28663504,0,0.0,True,0.0023579934258444145,0.0024633941626382603
MLP,200,68,0.99535465,1,1.0,True,0.025466810961384086,0.02335988278036368
MLP,200,68,0.99924755,1,1.0,True,0.04259088889283602,0.033801033942737015
MLP,200,68,0.98932016,1,1.0,True,0.047888729546031794,0.04858832992933269
MLP,200,68,0.09434908,0,0.0,True,-0.0009353586470052092,-0.00048403233180067034
MLP,200,68,0.10602108,0,0.0,True,-0.001311346135633438,-0.0013402949007824043
MLP,200,68,0.97280055,1,1.0,True,0.025998357519143526,0.02926501201415403
MLP,200,68,0.19646229,0,0.0,True,0.0004759778567356297,-0.0028477542389114658
MLP,200,68,0.32386053,0,0.0,True,-0.008893492053551407,-0.005079039897576643
MLP,200,68,0.70601535,1,0.0,False,-0.0028644752020649342,-0.0010579376100758313
MLP,200,68,0.13168994,0,0.0,True,-0.009728500567501025,-0.003455938256269222
MLP,200,68,0.16039728,0,0.0,True,0.0009880627902383579,0.00015688568510634118
MLP,200,68,0.9975133,1,1.0,True,0.029079975492770672,0.03545012570338619
MLP,200,68,0.048923068,0,0.0,True,0.003372154575219222,0.0032028150917845725
MLP,200,68,0.99418974,1,1.0,True,0.02813547913397135,0.029339280748886573
MLP,200,68,0.999803,1,1.0,True,0.03039601863416316,0.033620215961827515
MLP,200,68,0.2529713,0,0.0,True,-0.001971098223195922,6.207705586526776e-05
MLP,200,68,0.9996625,1,1.0,True,0.029289179088309258,0.03785014988974834
MLP,200,68,0.10159268,0,0.0,True,-0.005125781432215115,-0.007934600850146885
MLP,200,68,0.22652993,0,0.0,True,0.003736185022845383,0.0103205404282859
MLP,200,68,0.14288397,0,0.0,True,-0.006988712686584018,-0.004132042654519191
MLP,200,68,0.98748106,1,1.0,True,0.02508713846728201,0.018933105936630033
MLP,200,68,0.91413885,1,1.0,True,0.031272987655825236,0.032103614596044196
MLP,200,68,0.06973764,0,0.0,True,-0.0025213235067971084,-0.0006886486638545429
MLP,200,68,0.23823795,0,0.0,True,0.001091760861507025,0.002403261807722289
MLP,200,68,0.21041833,0,0.0,True,-0.008806352410156123,-0.002677710777664392
MLP,200,68,0.10635337,0,0.0,True,-0.0008585910997567441,-0.0013889398725193723
MLP,200,69,0.9936978,1,1.0,True,0.037816347281325526,0.03473135089776997
MLP,200,69,0.9973049,1,1.0,True,0.021449398442192156,0.029716086996624244
MLP,200,69,0.07005887,0,0.0,True,-0.004638059905832437,-0.0009217616503084503
MLP,200,69,0.18871315,0,0.0,True,0.007570126913176286,0.00418709801292293
MLP,200,69,0.9991652,1,1.0,True,0.028141278254074777,0.02675271653308035
MLP,200,69,0.99319834,1,1.0,True,0.03310436201419289,0.033123338239719
MLP,200,69,0.9844915,1,1.0,True,0.036386449656933405,0.038548483144205524
MLP,200,69,0.23362486,0,0.0,True,-0.0020080841548087724,-0.0019892603254726407
MLP,200,69,0.24913937,0,0.0,True,7.577076476663704e-05,0.0002779265487678723
MLP,200,69,0.99963605,1,1.0,True,0.03117085320584545,0.03767013397599945
MLP,200,69,0.97726303,1,1.0,True,0.04329790305043227,0.028947219286945793
MLP,200,69,0.9944126,1,1.0,True,0.03210202558817508,0.03384606316094491
MLP,200,69,0.13528587,0,0.0,True,-0.001159395982485151,-0.00038318238306461354
MLP,200,69,0.9791266,1,1.0,True,0.04157552717543175,0.037775485777704246
MLP,200,69,0.9995154,1,1.0,True,0.04329819803537504,0.032591600217450195
MLP,200,69,0.99217117,1,1.0,True,0.03444596165156288,0.03191118820791737
MLP,200,69,0.9999844,1,1.0,True,0.048764637597609704,0.04086870553571022
MLP,200,69,0.9875901,1,1.0,True,0.03999648650612156,0.03825592814219776
MLP,200,69,0.99967706,1,1.0,True,0.030595068482067653,0.028985176761763282
MLP,200,69,0.13509148,0,0.0,True,0.00031752041674124276,-0.0024543554850955693
MLP,200,69,0.122183114,0,0.0,True,-0.0020155661532395863,0.002087625430914451
MLP,200,69,0.060087215,0,0.0,True,0.0038113644555076375,0.003594800740234028
MLP,200,69,0.09688531,0,0.0,True,-0.004522969502683571,-0.002821516420325736
MLP,200,69,0.96977824,1,1.0,True,0.037892373854964224,0.03584497652900204
MLP,200,69,0.99917597,1,1.0,True,0.020189221425755497,0.02868730622762544
MLP,200,69,0.11176607,0,0.0,True,-0.005326633579885899,-0.0043324236493567665
MLP,200,69,0.97763556,1,1.0,True,0.037131115902634,0.03286602839448474
MLP,200,69,0.095795885,0,0.0,True,0.007125503116564933,0.005782849807175812
MLP,200,69,0.110200405,0,0.0,True,-0.00020581158782803391,0.0038000394933143766
MLP,200,69,0.11008412,0,0.0,True,-0.0016601236670427384,0.0039275825105605814
MLP,200,69,0.22164728,0,0.0,True,0.002003312080157735,0.0024602294456744743
MLP,200,69,0.9432866,1,1.0,True,0.018440396588197034,0.023247174178770043
MLP,200,69,0.9995751,1,1.0,True,0.03331050152408573,0.03924070858590166
MLP,200,69,0.9991899,1,1.0,True,0.023009763893119,0.019767928216179797
MLP,200,69,0.8803221,1,1.0,True,0.026059878590716064,0.033778598574854164
MLP,200,69,0.96090883,1,1.0,True,0.03507593041628322,0.03390423114758761
MLP,200,69,0.14222044,0,0.0,True,0.0028796258240207998,0.0018569283752485563
MLP,200,69,0.99714893,1,1.0,True,0.030683032203636617,0.03222450648603907
MLP,200,69,0.19317038,0,0.0,True,0.006882120944598724,0.005790705223798596
MLP,200,69,0.15458795,0,0.0,True,-0.006169720705363113,0.0008190222550985137
MLP,200,69,0.98311883,1,1.0,True,0.031048144293098042,0.036615229584381244
MLP,200,69,0.99124205,1,1.0,True,0.01227646675561039,0.026361019373602194
MLP,200,69,0.9934041,1,1.0,True,0.026508327028106616,0.02652554714154136
MLP,200,69,0.093872696,0,0.0,True,0.0014573461628332829,0.008337662593469648
MLP,200,69,0.9990038,1,1.0,True,0.0339604903581718,0.03371764979760957
MLP,200,69,0.9979195,1,1.0,True,0.021455074599088107,0.027589180738882037
MLP,200,69,0.1020703,0,0.0,True,0.0018952523478412023,0.0020754088228646375
MLP,200,69,0.99868137,1,1.0,True,0.026607583521432266,0.024002974220724935
MLP,200,69,0.99816847,1,1.0,True,0.04107727777702004,0.031513507282250205
MLP,200,69,0.16868329,0,0.0,True,0.004020708161280417,0.00113401628414576
MLP,200,69,0.99572766,1,1.0,True,0.0325071939786763,0.026957623378237386
MLP,200,69,0.99682045,1,1.0,True,0.02260347137136626,0.027243172239790597
MLP,200,69,0.9969777,1,1.0,True,0.02852746036911398,0.025856287540753822
MLP,200,69,0.34436846,0,0.0,True,-0.0017874297221364814,0.0001981168426636448
MLP,200,69,0.99961215,1,1.0,True,0.02787163943118487,0.03007783560281107
MLP,200,69,0.9984692,1,1.0,True,0.03472830797126694,0.029333333376428503
MLP,200,69,0.99967515,1,1.0,True,0.026080422559248022,0.02611828159327193
MLP,200,69,0.9837128,1,1.0,True,0.03709621099833465,0.031848892624500434
MLP,200,69,0.995626,1,1.0,True,0.02311290562722876,0.03128157643139404
MLP,200,69,0.999318,1,1.0,True,0.03659552320968042,0.032781633160938316
MLP,200,69,0.9892631,1,1.0,True,0.03549877231313542,0.03196137668307736
MLP,200,69,0.95264316,1,1.0,True,0.03713327901245703,0.03299590880303347
MLP,200,69,0.3079065,0,0.0,True,0.0005833070684465089,-0.0019627892971590755
MLP,200,69,0.9792742,1,1.0,True,0.04227372109729404,0.03518233356570293
MLP,200,69,0.13711236,0,0.0,True,0.007254998698322411,0.0038913607968596594
MLP,200,69,0.15331684,0,0.0,True,0.007074806182539599,0.002204892019213305
MLP,200,69,0.088274896,0,0.0,True,0.0013067335196023462,0.0004787856110877795
MLP,200,69,0.06150954,0,0.0,True,0.0044403777178089725,0.004170485007769023
MLP,200,69,0.17457536,0,0.0,True,0.006204020612814483,0.0016606552087596478
MLP,200,69,0.9806614,1,1.0,True,0.03939165295164323,0.03913244290799104
MLP,200,69,0.985677,1,1.0,True,0.023194721043333137,0.030806003932838666
MLP,200,69,0.07894946,0,0.0,True,-0.0028144802014159562,-0.004307946373438599
MLP,200,69,0.25570014,0,0.0,True,-0.005242351972585108,-0.00039204449753576034
MLP,200,69,0.18020682,0,0.0,True,0.0014437642620223582,-0.0033453962509561682
MLP,200,69,0.991302,1,1.0,True,0.043944817106103914,0.03662695903992162
MLP,200,69,0.9994418,1,1.0,True,0.029486320834414523,0.03900739510323282
MLP,200,69,0.9779147,1,1.0,True,0.02573037930777671,0.025195508901749788
MLP,200,69,0.07983917,0,0.0,True,0.003362149775552701,-0.002524766872591054
MLP,200,69,0.3584448,0,0.0,True,-0.004778230168200524,-0.0015160060640260072
MLP,200,69,0.08974641,0,0.0,True,0.005590114192484408,0.0024529817553648053
MLP,200,69,0.9980508,1,1.0,True,0.02451271851682969,0.034551549131095476
MLP,200,69,0.18807024,0,0.0,True,-0.00582618058247021,-0.0016337248996171904
MLP,200,69,0.106829144,0,0.0,True,-0.000943980904422403,0.0005399026338583832
MLP,200,69,0.99072266,1,1.0,True,0.028590897077645915,0.03015024833763023
MLP,200,69,0.13239275,0,0.0,True,-0.007492906592969141,-0.00851766612512592
MLP,200,69,0.99949074,1,1.0,True,0.02044547575591333,0.026591867829130065
MLP,200,69,0.13164647,0,0.0,True,0.0001629580910741715,-0.002301292836309903
MLP,200,69,0.08033982,0,0.0,True,-0.004892915631376701,-0.0006967743963565265
MLP,200,69,0.99913317,1,1.0,True,0.022130711539405674,0.03178610459454617
MLP,200,69,0.99960583,1,1.0,True,0.04214372036315268,0.041342251997702174
MLP,200,69,0.9966528,1,1.0,True,0.017853459501323093,0.022456187618368394
MLP,200,69,0.07167411,0,0.0,True,-0.0013229465646719314,-0.0017564375714313094
MLP,200,69,0.9995055,1,1.0,True,0.03213325289144557,0.02922656467873742
MLP,200,69,0.9270469,1,1.0,True,0.022907533040204972,0.025625049560710995
MLP,200,69,0.23129752,0,0.0,True,-0.0035220504170046497,-0.003531956904762687
MLP,200,69,0.9966102,1,1.0,True,0.029768812496420285,0.02741772030945383
MLP,200,69,0.3351098,0,0.0,True,0.0036093651625247317,-0.00026860337656375497
MLP,200,69,0.99986553,1,1.0,True,0.04330699531747438,0.043644003746443644
MLP,200,69,0.9862861,1,1.0,True,0.04100197752050312,0.0324923017427787
MLP,200,69,0.14051522,0,0.0,True,0.006176533977953652,0.007400486558565708
MLP,200,70,0.1189054,0,0.0,True,0.0005534177366007827,-0.0012527185919187173
MLP,200,70,0.08437321,0,0.0,True,-0.008631970084468964,-0.005748767876107651
MLP,200,70,0.9991742,1,1.0,True,0.04413719708201245,0.03666580374783021
MLP,200,70,0.99090624,1,1.0,True,0.03708494760898243,0.03926918421430126
MLP,200,70,0.34020022,0,0.0,True,-0.011632633866599957,-0.00609360867100309
MLP,200,70,0.99359715,1,1.0,True,0.04423884732529997,0.03899957578667344
MLP,200,70,0.9826917,1,1.0,True,0.04456623297847921,0.04145249898989423
MLP,200,70,0.99837565,1,1.0,True,0.03744371131495904,0.03290937932638587
MLP,200,70,0.9788017,1,1.0,True,0.03307310121926204,0.02827782948835555
MLP,200,70,0.98228043,1,1.0,True,0.03524053463533177,0.035028065643550606
MLP,200,70,0.9967699,1,1.0,True,0.04215091055311607,0.04939312881775592
MLP,200,70,0.99782026,1,1.0,True,0.046524265051734105,0.03570823078371271
MLP,200,70,0.3026125,0,0.0,True,0.001875062477136203,0.002712017028084195
MLP,200,70,0.8387426,1,1.0,True,0.04475181425544272,0.04462619482518355
MLP,200,70,0.10340091,0,0.0,True,0.004199989224175278,0.005016920472100545
MLP,200,70,0.99996114,1,1.0,True,0.04807613574768136,0.0401123432304662
MLP,200,70,0.13026008,0,0.0,True,0.01057729585932803,0.005969508720305063
MLP,200,70,0.12880446,0,0.0,True,0.010756352017082976,0.007990723505582548
MLP,200,70,0.2582885,0,0.0,True,0.002954070106961899,0.000920535835760269
MLP,200,70,0.99855846,1,1.0,True,0.027256585937260238,0.029724105823048578
MLP,200,70,0.19396138,0,0.0,True,-0.0035198684724684643,-0.005090758935320265
MLP,200,70,0.21519704,0,0.0,True,0.000792281015329888,0.001571906078061211
MLP,200,70,0.06716343,0,0.0,True,0.010099294396683037,0.007169961480705113
MLP,200,70,0.094180465,0,0.0,True,0.0053163732098735535,0.007366085179250057
MLP,200,70,0.14756574,0,0.0,True,-0.0032983450164023697,0.0019607497902164113
MLP,200,70,0.0750576,0,0.0,True,0.0019806884460445975,-0.000658897438845318
MLP,200,70,0.9985435,1,1.0,True,0.028923420079244703,0.03697934470736928
MLP,200,70,0.9992798,1,1.0,True,0.020912002878889446,0.029898336882288764
MLP,200,70,0.9983942,1,1.0,True,0.020690405267214735,0.029068852331875138
MLP,200,70,0.24130121,0,0.0,True,-0.00437415105669895,-0.003907266362336761
MLP,200,70,0.1776785,0,0.0,True,0.0009982118498246338,-0.0034332539201165236
MLP,200,70,0.99846834,1,1.0,True,0.033369496403336696,0.03911899140339126
MLP,200,70,0.9984906,1,1.0,True,0.02995523823616109,0.031831597966192594
MLP,200,70,0.99855465,1,1.0,True,0.0314066643718139,0.037455572984324476
MLP,200,70,0.99563664,1,1.0,True,0.041638240889876374,0.03539579688075716
MLP,200,70,0.9913965,1,1.0,True,0.03548615190961264,0.03626489257846401
MLP,200,70,0.1735844,0,0.0,True,-0.0041791495281512684,-0.002249087816550454
MLP,200,70,0.99144495,1,1.0,True,0.04501646975991412,0.042104720112583226
MLP,200,70,0.99920386,1,1.0,True,0.02708553464873643,0.03425724673552796
MLP,200,70,0.99831426,1,1.0,True,0.03801904432424422,0.03741009840276426
MLP,200,70,0.9996964,1,1.0,True,0.03008330906656897,0.028468489610124
MLP,200,70,0.97083694,1,1.0,True,0.041858881054844824,0.031535338840112934
MLP,200,70,0.99981135,1,1.0,True,0.02320911655639963,0.022719316382935076
MLP,200,70,0.99997485,1,1.0,True,0.03722686089981707,0.03711569604063088
MLP,200,70,0.9279227,1,1.0,True,0.039858048853922884,0.035041506459450554
MLP,200,70,0.073966935,0,0.0,True,0.0056276485364439395,-0.0005795782940697403
MLP,200,70,0.28177798,0,0.0,True,-0.003098211487787818,-0.0035841329979549477
MLP,200,70,0.120004386,0,0.0,True,-0.008759093216310278,-0.0060600253389206105
MLP,200,70,0.99660337,1,1.0,True,0.040437331555460976,0.03705834328974875
MLP,200,70,0.9998646,1,1.0,True,0.025549619654645733,0.03272759733533011
MLP,200,70,0.9899822,1,1.0,True,0.040551918878844205,0.041938732376340576
MLP,200,70,0.4277812,0,0.0,True,-0.0029114603848146687,0.002570751178464919
MLP,200,70,0.9817662,1,1.0,True,0.03733651385522897,0.03717885257022428
MLP,200,70,0.9782849,1,1.0,True,0.028368244043159997,0.031007410262404417
MLP,200,70,0.9738843,1,1.0,True,0.02572896520268345,0.029697952716858274
MLP,200,70,0.98081857,1,1.0,True,0.06322964767185557,0.052748219910879926
MLP,200,70,0.99713707,1,1.0,True,0.040601067638575704,0.035184586141862886
MLP,200,70,0.13613014,0,0.0,True,0.004189580281468585,0.002485822514051749
MLP,200,70,0.15112859,0,0.0,True,0.006739883740083784,0.005725789264242775
MLP,200,70,0.07615676,0,0.0,True,0.013396689705097078,0.005018727153437568
MLP,200,70,0.082124814,0,0.0,True,0.002813888651192235,0.004130437053705245
MLP,200,70,0.08837561,0,0.0,True,0.0008536195589591865,-0.00037875880323064555
MLP,200,70,0.3414621,0,0.0,True,0.0028108947578515927,0.004429850190548523
MLP,200,70,0.9993931,1,1.0,True,0.042411923425027316,0.046196095258169256
MLP,200,70,0.99225426,1,1.0,True,0.029466691227264155,0.02484696825596686
MLP,200,70,0.9995167,1,1.0,True,0.033154445995383246,0.030872869123422794
MLP,200,70,0.9984282,1,1.0,True,0.04493038536922065,0.044420014573764544
MLP,200,70,0.14861299,0,0.0,True,0.0023663232556916185,-0.0016345543459840809
MLP,200,70,0.9912049,1,1.0,True,0.02721991292869784,0.031540477028819174
MLP,200,70,0.995535,1,1.0,True,0.021083784361779274,0.021060302578788048
MLP,200,70,0.99846965,1,1.0,True,0.021255972777218086,0.022215820784976942
MLP,200,70,0.999463,1,1.0,True,0.03152193755971828,0.03755774555877281
MLP,200,70,0.13959463,0,0.0,True,0.0025609065887973203,0.004053726685709576
MLP,200,70,0.99993324,1,1.0,True,0.03539837986934491,0.03407561463147504
MLP,200,70,0.99598855,1,1.0,True,0.03275218134467197,0.03321523408170072
MLP,200,70,0.99728656,1,1.0,True,0.023868000747268303,0.02284426038991354
MLP,200,70,0.9157223,1,1.0,True,0.03863631502926635,0.02966736830430932
MLP,200,70,0.328405,0,0.0,True,0.004221025117574474,0.004358118431480564
MLP,200,70,0.09636523,0,0.0,True,-0.0009285369162441396,0.0033513797449020834
MLP,200,70,0.90315866,1,1.0,True,0.03565271384641108,0.04168607567676348
MLP,200,70,0.08144492,0,0.0,True,-0.001304236023194587,-0.0026697558826205164
MLP,200,70,0.9782029,1,1.0,True,0.029448195174100286,0.03604799707350623
MLP,200,70,0.1704135,0,0.0,True,0.008525196269671433,0.0050436967100738325
MLP,200,70,0.086345635,0,0.0,True,-0.009682519911004363,-0.005199922592377606
MLP,200,70,0.99912566,1,1.0,True,0.03547364860849294,0.03687380348521602
MLP,200,70,0.9996138,1,1.0,True,0.029371445485412224,0.03165699006555053
MLP,200,70,0.09894975,0,0.0,True,0.001362443702917903,0.006854798779508705
MLP,200,70,0.113521874,0,0.0,True,-9.397924717179524e-05,0.0005355699297840932
MLP,200,70,0.15419151,0,0.0,True,-0.004642736185527714,-0.0022859736990123096
MLP,200,70,0.062771656,0,0.0,True,-0.007721795558076421,-0.0020848047888199347
MLP,200,70,0.1527067,0,0.0,True,-0.002135865315751539,-0.004735506811854604
MLP,200,70,0.9986313,1,1.0,True,0.01699117039075209,0.03297590511714584
MLP,200,70,0.09674239,0,0.0,True,0.0002772628882392099,0.0015621961229365538
MLP,200,70,0.12574592,0,0.0,True,-0.0013578774995318466,0.0010063897374693312
MLP,200,70,0.0888332,0,0.0,True,-0.003322070901328037,0.00014536662646223882
MLP,200,70,0.99951637,1,1.0,True,0.032950169654214136,0.031981180768027286
MLP,200,70,0.99694663,1,1.0,True,0.039539374681498735,0.04115066201524703
MLP,200,70,0.9960334,1,1.0,True,0.038794464418275366,0.030781136824274805
MLP,200,70,0.43981126,0,0.0,True,0.0024536241972671698,-0.003384494533994207
MLP,200,70,0.9867373,1,1.0,True,0.02256292982356546,0.028841458651106083
MLP,200,71,0.29198316,0,0.0,True,0.002671550208105584,0.0013958928466410293
MLP,200,71,0.99794835,1,1.0,True,0.043265512072713244,0.03707718622148097
MLP,200,71,0.25211585,0,0.0,True,0.0033141680833993735,0.0015581994275619092
MLP,200,71,0.99778533,1,1.0,True,0.04315904888971013,0.0337186102509459
MLP,200,71,0.051089533,0,0.0,True,-0.011106926760640406,-0.0055938610153294585
MLP,200,71,0.20212893,0,0.0,True,0.006251039469267834,0.001409589983742108
MLP,200,71,0.9970489,1,1.0,True,0.029205563719166945,0.03439910227541377
MLP,200,71,0.23367344,0,0.0,True,-0.009709071243861635,-0.006485321341561173
MLP,200,71,0.09241293,0,0.0,True,0.005134411372719404,0.004063601914076042
MLP,200,71,0.09880056,0,0.0,True,-0.0025648520230513814,-0.0030753580185185563
MLP,200,71,0.98410356,1,1.0,True,0.053082009741244246,0.04674623521185133
MLP,200,71,0.99941385,1,1.0,True,0.03658343784034384,0.03884342052108738
MLP,200,71,0.9942583,1,1.0,True,0.028688324080694733,0.03175848392566525
MLP,200,71,0.9993358,1,1.0,True,0.03879062850936649,0.032461193660505726
MLP,200,71,0.99696475,1,1.0,True,0.029977941055805913,0.0297957247696181
MLP,200,71,0.105456136,0,0.0,True,0.003284638754070772,0.0017316623444761118
MLP,200,71,0.1953904,0,0.0,True,-0.0038882145553900678,-0.0011437257308710344
MLP,200,71,0.11980745,0,0.0,True,0.006108546297811985,0.004784514825364387
MLP,200,71,0.99908817,1,1.0,True,0.035342304535425834,0.03241691006145778
MLP,200,71,0.99949706,1,1.0,True,0.030542742221388117,0.0407235982504623
MLP,200,71,0.11049513,0,0.0,True,0.003194025375853284,0.00020526485394019908
MLP,200,71,0.9963295,1,1.0,True,0.04273889841264998,0.03887423695778153
MLP,200,71,0.9877793,1,1.0,True,0.025554327366816416,0.02541580706571294
MLP,200,71,0.07876908,0,0.0,True,-0.00011540330467620749,-0.0023592922388857907
MLP,200,71,0.0939928,0,0.0,True,-0.004888068173478486,-0.0051021086422088965
MLP,200,71,0.1303886,0,0.0,True,-0.0015647350815915422,-0.0010142535940646173
MLP,200,71,0.0676161,0,0.0,True,0.007932470764016335,0.002385817599517549
MLP,200,71,0.23973325,0,0.0,True,-0.0013143013163848605,0.0021585124742583557
MLP,200,71,0.997914,1,1.0,True,0.031224256812072804,0.03916041948031878
MLP,200,71,0.07250541,0,0.0,True,-0.008101363402556174,-0.00305486770701075
MLP,200,71,0.99964666,1,1.0,True,0.029038724567494394,0.02477756548264799
MLP,200,71,0.9969549,1,1.0,True,0.03962194786563786,0.03711218099435254
MLP,200,71,0.99769175,1,1.0,True,0.029435974656025553,0.03278704738864427
MLP,200,71,0.999079,1,1.0,True,0.03406997879356712,0.03962126632151001
MLP,200,71,0.11069362,0,0.0,True,0.0031915600239061973,0.001763737321166792
MLP,200,71,0.27733135,0,0.0,True,0.0018085581822174322,0.0007297130910922527
MLP,200,71,0.9961234,1,1.0,True,0.05145352822149739,0.047697757044787806
MLP,200,71,0.9994765,1,1.0,True,0.04944743763018181,0.05085647146577645
MLP,200,71,0.98631847,1,1.0,True,0.043360896772209154,0.04377532358817585
MLP,200,71,0.99896777,1,1.0,True,0.050211549547676045,0.041024877171324525
MLP,200,71,0.9896109,1,1.0,True,0.037554318839573005,0.0326413174879117
MLP,200,71,0.99890304,1,1.0,True,0.01985846161697692,0.034275390775754686
MLP,200,71,0.085348025,0,0.0,True,-0.009710035895205575,-0.0048725353951799295
MLP,200,71,0.99105316,1,1.0,True,0.03929104435034766,0.0317591999749259
MLP,200,71,0.10760619,0,0.0,True,0.009543592529283376,0.005209609523973321
MLP,200,71,0.21972181,0,0.0,True,-0.00437178476532799,-0.003601887654149408
MLP,200,71,0.087643996,0,0.0,True,0.00011176686064824585,-0.002807031606140964
MLP,200,71,0.998713,1,1.0,True,0.017633421349298725,0.03214253502969741
MLP,200,71,0.053045884,0,0.0,True,-0.0033994103468875485,-0.002275767365475672
MLP,200,71,0.3091242,0,0.0,True,-0.004448477168778709,-0.00048005950502208954
MLP,200,71,0.2856207,0,0.0,True,0.005526909009489069,0.007683809756056692
MLP,200,71,0.21287194,0,0.0,True,0.0034584600791517954,-0.0009902634815471213
MLP,200,71,0.08212273,0,0.0,True,0.0008395073988651752,-0.00044105755275860366
MLP,200,71,0.13398081,0,0.0,True,0.005837323693420073,0.004641541729081424
MLP,200,71,0.99956983,1,1.0,True,0.04160399791264761,0.039695026042694516
MLP,200,71,0.9973929,1,1.0,True,0.04897799676497944,0.03955633411106311
MLP,200,71,0.9975746,1,1.0,True,0.031850501768187926,0.03152881262665215
MLP,200,71,0.99716115,1,1.0,True,0.03550695717941739,0.030885271031862022
MLP,200,71,0.15676004,0,0.0,True,0.0037673643689565403,7.431782828085974e-05
MLP,200,71,0.99767536,1,1.0,True,0.038639078840050106,0.03181012500906558
MLP,200,71,0.10346998,0,0.0,True,-0.0003446282239167594,-6.273202934014014e-05
MLP,200,71,0.97958976,1,1.0,True,0.036401386248901754,0.030598884661580963
MLP,200,71,0.1673368,0,0.0,True,-0.009483556267889675,-0.006081679790317571
MLP,200,71,0.07906174,0,0.0,True,-0.0010623353135592608,-0.0025763724346449346
MLP,200,71,0.07263513,0,0.0,True,-0.003085608809075695,-0.0024115812053834254
MLP,200,71,0.1575557,0,0.0,True,-0.005705596691409287,-0.006148390736132022
MLP,200,71,0.20985574,0,0.0,True,0.003164680738047056,0.002668809082383042
MLP,200,71,0.0771018,0,0.0,True,0.0009263588750400175,-0.0015659948539488119
MLP,200,71,0.13938715,0,0.0,True,-0.005529462434784129,-0.0017146128468760327
MLP,200,71,0.99977905,1,1.0,True,0.034249434431103336,0.04111122984074328
MLP,200,71,0.09293115,0,0.0,True,0.0048715573957952224,0.002339936267307675
MLP,200,71,0.9992385,1,1.0,True,0.015075405929694948,0.028716282813722294
MLP,200,71,0.09876533,0,0.0,True,0.00606162810688724,0.006077069591610502
MLP,200,71,0.10479813,0,0.0,True,-0.0013138989441808724,0.00356833145179029
MLP,200,71,0.99011,1,1.0,True,0.031812012495003844,0.04148139739454571
MLP,200,71,0.06082988,0,0.0,True,0.004566755452441208,0.004578784336507864
MLP,200,71,0.99267393,1,1.0,True,0.03074981651595397,0.03898669992865651
MLP,200,71,0.99748814,1,1.0,True,0.02956408345523305,0.029325534069647937
MLP,200,71,0.9979215,1,1.0,True,0.04576596904122427,0.042377084401783935
MLP,200,71,0.098203115,0,0.0,True,0.004348900050935684,0.0012353849703538335
MLP,200,71,0.05708615,0,0.0,True,0.002986012945393982,0.007001569103279738
MLP,200,71,0.998664,1,1.0,True,0.03660655803006174,0.0441081424562405
MLP,200,71,0.9976872,1,1.0,True,0.04333648266969435,0.043270366301779654
MLP,200,71,0.9989636,1,1.0,True,0.0332271808758489,0.041379309227965455
MLP,200,71,0.9997665,1,1.0,True,0.03288418848090992,0.027779043936788466
MLP,200,71,0.24896498,0,0.0,True,-0.006911438981427916,0.003501119777311384
MLP,200,71,0.102470405,0,0.0,True,0.0008840215394702216,0.0029710572309204638
MLP,200,71,0.9993104,1,1.0,True,0.02474323829671123,0.029363048972058537
MLP,200,71,0.10227351,0,0.0,True,0.0035348777727086324,0.00251106113799395
MLP,200,71,0.9738617,1,1.0,True,0.03781246048445576,0.034332512429989845
MLP,200,71,0.19993325,0,0.0,True,0.002963971391014836,0.0015605238715385007
MLP,200,71,0.999223,1,1.0,True,0.052291466764688016,0.04572309147982991
MLP,200,71,0.1197654,0,0.0,True,0.0011080898918405158,0.003755201883397273
MLP,200,71,0.14114304,0,0.0,True,0.007369484745906744,0.0036102139346966947
MLP,200,71,0.9997296,1,1.0,True,0.032346187080211905,0.02819169871075693
MLP,200,71,0.99990547,1,1.0,True,0.040048320265989944,0.041105038948322965
MLP,200,71,0.07115282,0,0.0,True,0.004528506036874158,0.006483558980124812
MLP,200,71,0.10041797,0,0.0,True,-0.004730112192306085,0.0006493021105040735
MLP,200,71,0.999915,1,1.0,True,0.032355517334335844,0.03752493598768075
MLP,200,71,0.99874496,1,1.0,True,0.02872871163770334,0.03173698222010689
MLP,200,72,0.26405004,0,0.0,True,0.0014572360381879818,-0.001763325309826355
MLP,200,72,0.99999285,1,1.0,True,0.029332097543301683,0.03766015908022718
MLP,200,72,0.17918482,0,0.0,True,0.005922282975593556,0.0016285442410416348
MLP,200,72,0.09000604,0,0.0,True,-0.011108302978317906,-0.006224545902887322
MLP,200,72,0.16276059,0,0.0,True,-0.004841958602416404,-0.004378440678522229
MLP,200,72,0.9995536,1,1.0,True,0.031336574815770894,0.03688062256574731
MLP,200,72,0.99948406,1,1.0,True,0.03537657160614875,0.03271948976135703
MLP,200,72,0.13619624,0,0.0,True,0.0022918234080369394,8.142559364829332e-05
MLP,200,72,0.13992968,0,0.0,True,-0.009161591790867363,-0.007825058384272443
MLP,200,72,0.11220316,0,0.0,True,-0.0008416325533563594,-0.0029084828852028594
MLP,200,72,0.9704892,1,1.0,True,0.05233382346395683,0.04871580354632828
MLP,200,72,0.9986405,1,1.0,True,0.04478107165757003,0.038426334904252506
MLP,200,72,0.99998975,1,1.0,True,0.021608111123995834,0.03045915839735099
MLP,200,72,0.9980088,1,1.0,True,0.026153235048604725,0.022774437014773167
MLP,200,72,0.14446086,0,0.0,True,-0.0002931432903489934,-0.0005733659780149393
MLP,200,72,0.99705696,1,1.0,True,0.04797618098130201,0.03874709157952458
MLP,200,72,0.9959245,1,1.0,True,0.046886679229928216,0.04192766788824138
MLP,200,72,0.098202854,0,0.0,True,-0.0035184089303317767,-0.0016637001637271136
MLP,200,72,0.10482473,0,0.0,True,-0.004221066806022602,-0.007002561523439924
MLP,200,72,0.34261945,0,0.0,True,-0.003673924438043646,-0.0023480488057636504
MLP,200,72,0.67582685,1,0.0,False,-0.0050186448684086385,-0.0019613903664785774
MLP,200,72,0.11859884,0,0.0,True,-0.006149942085889567,-0.005009009962590463
MLP,200,72,0.15740776,0,0.0,True,0.0008115121760291348,-0.005384674985023073
MLP,200,72,0.13441654,0,0.0,True,-0.004328278619647274,-0.0018196848606037335
MLP,200,72,0.9999466,1,1.0,True,0.02451024821440538,0.033652233074923384
MLP,200,72,0.20365417,0,0.0,True,0.0046260931082881054,0.004569021158642113
MLP,200,72,0.9997619,1,1.0,True,0.05946150392965662,0.05109352914693813
MLP,200,72,0.98719376,1,1.0,True,0.0321568289858527,0.03790280621038253
MLP,200,72,0.9969181,1,1.0,True,0.035284606929317876,0.028749830963716246
MLP,200,72,0.9997396,1,1.0,True,0.037796573957653484,0.04458791303448919
MLP,200,72,0.99854904,1,1.0,True,0.0447632231914409,0.038250929132849554
MLP,200,72,0.099359274,0,0.0,True,-0.005065943128310753,-0.0005412444696787345
MLP,200,72,0.9994331,1,1.0,True,0.025892517177544955,0.034674740008013495
MLP,200,72,0.164236,0,0.0,True,-0.0034703784602328172,-0.0041594033161582765
MLP,200,72,0.9982095,1,1.0,True,0.03157135890420998,0.037632218195281175
MLP,200,72,0.999998,1,1.0,True,0.03929417268594139,0.039544040623031324
MLP,200,72,0.05912563,0,0.0,True,-0.0037629408894819735,-0.0023544546783764784
MLP,200,72,0.40151897,0,0.0,True,-0.005383541927296138,-0.005978526682382017
MLP,200,72,0.9850268,1,1.0,True,0.026478866169966506,0.04130516438388137
MLP,200,72,0.9865588,1,1.0,True,0.028726830158358252,0.03262750522171064
MLP,200,72,0.9943467,1,1.0,True,0.02847854451040989,0.03537489624336115
MLP,200,72,0.98321104,1,1.0,True,0.03153924426310826,0.03328556419307154
MLP,200,72,0.077560864,0,0.0,True,0.0023924769282918845,-0.0015801206177326961
MLP,200,72,0.32006392,0,0.0,True,-0.0010738472939221368,-0.0033209936950926826
MLP,200,72,0.24579161,0,0.0,True,0.004691043249423186,0.0032185340032494913
MLP,200,72,0.12482105,0,0.0,True,-0.0056337349596023035,-0.0025243703113304425
MLP,200,72,0.13560474,0,0.0,True,0.008897415112751305,0.004306728926393974
MLP,200,72,0.9709679,1,1.0,True,0.04479324727958392,0.037625946794816546
MLP,200,72,0.090102844,0,0.0,True,-0.0015443318166794052,-0.00039031560698975356
MLP,200,72,0.99951303,1,1.0,True,0.0427025506361328,0.036887132765190074
MLP,200,72,0.13707496,0,0.0,True,0.001077257719616603,-0.0011598529967723789
MLP,200,72,0.99958545,1,1.0,True,0.034357444748037216,0.03157414811830963
MLP,200,72,0.06324644,0,0.0,True,-0.0031216549656581734,-0.00023260909801309137
MLP,200,72,0.99904567,1,1.0,True,0.034661648416372426,0.035779031847379586
MLP,200,72,0.1969678,0,0.0,True,0.0036304874799417434,-0.0004140306565062106
MLP,200,72,0.094348274,0,0.0,True,0.001494102414060118,0.00041329515423292466
MLP,200,72,0.99976164,1,1.0,True,0.03025639983845175,0.029009606999368526
MLP,200,72,0.09575631,0,0.0,True,0.005828794363651288,-0.0009573593356019108
MLP,200,72,0.4643277,0,0.0,True,0.000782489923064575,0.0037862360200770547
MLP,200,72,0.21157384,0,0.0,True,0.005287662386346944,-0.0028050254632947824
MLP,200,72,0.9998592,1,1.0,True,0.05614277702290972,0.04376364017797036
MLP,200,72,0.99729604,1,1.0,True,0.028381445967331973,0.03454600761595451
MLP,200,72,0.999158,1,1.0,True,0.04440162105090876,0.04429313563312546
MLP,200,72,0.997282,1,1.0,True,0.04019782750515237,0.037877025845627306
MLP,200,72,0.9997774,1,1.0,True,0.04846795837562457,0.04406152002442647
MLP,200,72,0.07301063,0,0.0,True,0.01050789436270662,0.009098248042532736
MLP,200,72,0.9999877,1,1.0,True,0.04160757095864323,0.03949574953334579
MLP,200,72,0.9997811,1,1.0,True,0.02520722828000221,0.032297711699080356
MLP,200,72,0.21809271,0,0.0,True,-0.0035894104276984365,-0.00813219648852644
MLP,200,72,0.08591028,0,0.0,True,-0.011889104620283801,-0.0028987293742153684
MLP,200,72,0.21660942,0,0.0,True,-0.0032669336115732617,-0.0007315077098005788
MLP,200,72,0.10048372,0,0.0,True,0.005612530654628387,0.005600419062673965
MLP,200,72,0.9963973,1,1.0,True,0.023152594393082468,0.027115459846583798
MLP,200,72,0.998442,1,1.0,True,0.0330347075346218,0.029823403188071668
MLP,200,72,0.06456301,0,0.0,True,0.0031569045813923144,0.006062946147624642
MLP,200,72,0.9992316,1,1.0,True,0.038803376053896416,0.03915952966160647
MLP,200,72,0.20788963,0,0.0,True,-0.001477090707024755,-0.005157404834765787
MLP,200,72,0.08298852,0,0.0,True,0.004660077139407848,0.005653883259103014
MLP,200,72,0.999521,1,1.0,True,0.03620573238565977,0.0252868087594155
MLP,200,72,0.15318836,0,0.0,True,0.0010350699551409201,-0.001961389214338252
MLP,200,72,0.9993624,1,1.0,True,0.04289256081219786,0.04530597628865037
MLP,200,72,0.99983406,1,1.0,True,0.04847452844044644,0.044236794912570515
MLP,200,72,0.9933641,1,1.0,True,0.03323672814580348,0.028181009245120053
MLP,200,72,0.2997857,0,0.0,True,-0.004402871184685294,-0.005372803687624191
MLP,200,72,0.9998554,1,1.0,True,0.027470336366545556,0.03446900631391951
MLP,200,72,0.9982101,1,1.0,True,0.031529072899164956,0.03503579781729225
MLP,200,72,0.18110113,0,0.0,True,0.01074598113595443,0.0033177956032354634
MLP,200,72,0.9847816,1,1.0,True,0.04371907885931572,0.037506836448638066
MLP,200,72,0.070419535,0,0.0,True,-0.0053919001660952745,-0.005352713401840244
MLP,200,72,0.15895483,0,0.0,True,0.0020750471612801433,-0.003338521878614967
MLP,200,72,0.053473774,0,0.0,True,-0.00540537323236224,-0.0021441421362410965
MLP,200,72,0.06279802,0,0.0,True,-0.0020714985193490496,-0.0038610519730541163
MLP,200,72,0.22688985,0,0.0,True,-0.005886337996564397,-0.0038099772056369424
MLP,200,72,0.99932575,1,1.0,True,0.02083538492588899,0.030476503137481098
MLP,200,72,0.99985397,1,1.0,True,0.04165351334777733,0.03878400400256537
MLP,200,72,0.105628,0,0.0,True,0.0028767200264554803,0.0008956918902259484
MLP,200,72,0.06497367,0,0.0,True,0.0045851097875718415,0.008398871628889068
MLP,200,72,0.997678,1,1.0,True,0.045636580876753936,0.03099665854943905
MLP,200,72,0.0839257,0,0.0,True,0.0019387952439422734,-0.0006247254026834843
MLP,200,72,0.99872404,1,1.0,True,0.04728842972426259,0.047077624643051014
MLP,200,73,0.11151981,0,0.0,True,0.004045452895129778,0.0025680113035637664
MLP,200,73,0.28771085,0,0.0,True,-0.0016028515287558856,-0.004602781555101065
MLP,200,73,0.118621446,0,0.0,True,-0.0018782021767095572,-0.004879982606832237
MLP,200,73,0.12509948,0,0.0,True,-0.00623106491200374,0.001335180077214832
MLP,200,73,0.08640073,0,0.0,True,-0.00048038078032799,-0.003178152926709636
MLP,200,73,0.99920756,1,1.0,True,0.026240563661486853,0.030210557183356412
MLP,200,73,0.9999994,1,1.0,True,0.04101828067823533,0.03364481826637108
MLP,200,73,0.07546708,0,0.0,True,-0.004682870080532126,-0.003964412743460963
MLP,200,73,0.20639382,0,0.0,True,0.0014622926850850352,0.004439332691640786
MLP,200,73,0.9999294,1,1.0,True,0.0457279261105081,0.03715255889155911
MLP,200,73,0.99579644,1,1.0,True,0.04979809074168874,0.05226796221193677
MLP,200,73,0.10832777,0,0.0,True,-0.006408692403199421,-0.00478575595661056
MLP,200,73,0.99977154,1,1.0,True,0.04085304915802053,0.038135020239081274
MLP,200,73,0.095767125,0,0.0,True,-7.46512975472977e-05,0.0038801335303403394
MLP,200,73,0.14386618,0,0.0,True,-0.003729633027765544,0.0003166541536524865
MLP,200,73,0.99944025,1,1.0,True,0.0326892227508101,0.03917669094234754
MLP,200,73,0.9999907,1,1.0,True,0.03546410966685164,0.03745715043170848
MLP,200,73,0.060071822,0,0.0,True,0.009067596585124276,-0.0007812157987860289
MLP,200,73,0.10581413,0,0.0,True,0.008217092720179803,0.00548973182192825
MLP,200,73,0.9985594,1,1.0,True,0.04208605306614387,0.03311140948755579
MLP,200,73,0.99204844,1,1.0,True,0.037803108635419545,0.04463752195453101
MLP,200,73,0.2602637,0,0.0,True,-0.003959416989768218,-0.004924034785455166
MLP,200,73,0.9614901,1,1.0,True,0.03401669888090733,0.03835977056759587
MLP,200,73,0.9998603,1,1.0,True,0.041776809719686094,0.04121732414207719
MLP,200,73,0.9993648,1,1.0,True,0.036961005559947364,0.042017106622530546
MLP,200,73,0.99983215,1,1.0,True,0.06662844345928075,0.05699995540860111
MLP,200,73,0.99996936,1,1.0,True,0.016482114677267356,0.027053024650920285
MLP,200,73,0.99183536,1,1.0,True,0.0375198532055921,0.04705830678134585
MLP,200,73,0.99632794,1,1.0,True,0.022887301831934586,0.03705441681751422
MLP,200,73,0.124169156,0,0.0,True,-0.0036676364492466834,-0.005338518411833513
MLP,200,73,0.9971112,1,1.0,True,0.03497280771873062,0.028258753887954742
MLP,200,73,0.13805956,0,0.0,True,0.0008037170732574866,0.0007302494316559424
MLP,200,73,0.9999062,1,1.0,True,0.05346315191418883,0.04972015676091426
MLP,200,73,0.98934513,1,1.0,True,0.02751571135716016,0.03565179650524674
MLP,200,73,0.9963599,1,1.0,True,0.05065371080031899,0.04715374232455747
MLP,200,73,0.9991738,1,1.0,True,0.04426241338199052,0.04271327290895118
MLP,200,73,0.9997334,1,1.0,True,0.03951972369029187,0.050757801236607086
MLP,200,73,0.08681873,0,0.0,True,0.00015452274876951713,0.002316151698730154
MLP,200,73,0.08420885,0,0.0,True,-0.006446205068900879,-0.0027399997735892915
MLP,200,73,0.08750572,0,0.0,True,0.001087287850415523,0.0006124417305405833
MLP,200,73,0.99930394,1,1.0,True,0.04659728509029892,0.04734445981898484
MLP,200,73,0.99986064,1,1.0,True,0.04260251544573536,0.038653134548653253
MLP,200,73,0.08984738,0,0.0,True,-0.005819453778076417,-0.0074225498202899615
MLP,200,73,0.20541164,0,0.0,True,0.0024062650391627536,0.000825713599002155
MLP,200,73,0.3252902,0,0.0,True,0.004067409905440591,0.0010295948858582394
MLP,200,73,0.9862752,1,1.0,True,0.03369452664962741,0.041325796983989214
MLP,200,73,0.12985252,0,0.0,True,-0.008552190779508907,-0.007011092137291766
MLP,200,73,0.20996128,0,0.0,True,0.006172020372301652,0.00550721077395841
MLP,200,73,0.99637526,1,1.0,True,0.021707108989820065,0.03440672200034262
MLP,200,73,0.08295812,0,0.0,True,0.008839172598830238,0.0036218970053037156
MLP,200,73,0.9991768,1,1.0,True,0.045241408995596796,0.037495875256393356
MLP,200,73,0.9988901,1,1.0,True,0.04279896938521749,0.049786671327631246
MLP,200,73,0.09444597,0,0.0,True,0.0003220862380081394,-0.0007817444850962115
MLP,200,73,0.99993026,1,1.0,True,0.05014214800471984,0.04515929099706423
MLP,200,73,0.117724724,0,0.0,True,-0.005855056862873917,-0.0016602573646361492
MLP,200,73,0.44143742,0,0.0,True,-0.001381281320835596,5.024924473109321e-05
MLP,200,73,0.9998945,1,1.0,True,0.03899310289074868,0.038739264552442775
MLP,200,73,0.17580378,0,0.0,True,0.0017843442993944396,0.0031490125599327183
MLP,200,73,0.9877664,1,1.0,True,0.03376413837747995,0.035866380404309776
MLP,200,73,0.1699141,0,0.0,True,0.008777887331559105,0.0014645094007514872
MLP,200,73,0.9969496,1,1.0,True,0.03305513432811567,0.035937119228094026
MLP,200,73,0.9999691,1,1.0,True,0.03932298226739367,0.04021798827576143
MLP,200,73,0.13889211,0,0.0,True,-0.0011079672200392271,-0.0012366781462563312
MLP,200,73,0.9958544,1,1.0,True,0.04884427412663765,0.044031157484191584
MLP,200,73,0.34380376,0,0.0,True,-0.0030673654351070353,0.003398237304728273
MLP,200,73,0.07554861,0,0.0,True,0.009839634207126764,0.006765581818251143
MLP,200,73,0.1265077,0,0.0,True,-0.008576381611482957,0.0002203510634743334
MLP,200,73,0.12019499,0,0.0,True,0.0011546909902578446,-0.003401498197101094
MLP,200,73,0.077967495,0,0.0,True,0.005686373190549613,0.002377567024690183
MLP,200,73,0.92461383,1,1.0,True,0.04187588863855719,0.046438640095283014
MLP,200,73,0.99925095,1,1.0,True,0.03908944592294332,0.0425597874050322
MLP,200,73,0.99506736,1,1.0,True,0.04143931760967526,0.03454061475280684
MLP,200,73,0.07147288,0,0.0,True,0.0004926849781610235,-0.0006902731273000882
MLP,200,73,0.9997446,1,1.0,True,0.055628521687836954,0.044739639520004405
MLP,200,73,0.99987745,1,1.0,True,0.03014071577606558,0.03399718269148704
MLP,200,73,0.20668006,0,0.0,True,0.0062748904709641175,0.005510322589351457
MLP,200,73,0.17870906,0,0.0,True,0.001994580145719818,0.003583344923968364
MLP,200,73,0.99991167,1,1.0,True,0.05419934006096281,0.04192009954514842
MLP,200,73,0.973389,1,1.0,True,0.037567932948168015,0.04088712631903001
MLP,200,73,0.9989033,1,1.0,True,0.045960571347442025,0.03927453431407911
MLP,200,73,0.10538,0,0.0,True,0.0009157540883908931,0.004728394412967063
MLP,200,73,0.1262908,0,0.0,True,0.000954647223590689,0.0007304390994886881
MLP,200,73,0.9998234,1,1.0,True,0.04152649737416606,0.047241164083621376
MLP,200,73,0.13568094,0,0.0,True,-0.00533907168503144,-0.0021523733439013015
MLP,200,73,0.18508106,0,0.0,True,-5.2465566285934736e-05,-0.00325146722897925
MLP,200,73,0.12812057,0,0.0,True,-0.006508110267510257,-0.004709681635025943
MLP,200,73,0.13059206,0,0.0,True,-0.0038686443814285104,-0.0007609845386868588
MLP,200,73,0.09896868,0,0.0,True,0.0010994968213619046,0.0016578025481088342
MLP,200,73,0.9990822,1,1.0,True,0.041026794991839206,0.03998632674299384
MLP,200,73,0.4150352,0,0.0,True,-0.000418408816642223,-0.003739360599885192
MLP,200,73,0.9960128,1,1.0,True,0.04969727247462728,0.04186247709034727
MLP,200,73,0.086664975,0,0.0,True,-0.008853185084676083,-0.002377930263141909
MLP,200,73,0.10178214,0,0.0,True,-0.00522734693587548,-0.0037795075578386066
MLP,200,73,0.9950407,1,1.0,True,0.03487424150451854,0.037858788716112576
MLP,200,73,0.21331032,0,0.0,True,0.002026931285720819,0.0035657735847424354
MLP,200,73,0.9997197,1,1.0,True,0.022872840453504642,0.04411679834312943
MLP,200,73,0.9996402,1,1.0,True,0.035386873216704307,0.045294919919405104
MLP,200,73,0.99992955,1,1.0,True,0.04297962854822328,0.036191653456968245
MLP,200,73,0.99953675,1,1.0,True,0.03953238917713459,0.044568442042224224
MLP,200,73,0.15056525,0,0.0,True,-0.0050262412071466955,0.0019386089915065686
MLP,200,74,0.9996451,1,1.0,True,0.04009200976970189,0.040883644210072324
MLP,200,74,0.99992526,1,1.0,True,0.0426612692438051,0.040397261273378296
MLP,200,74,0.11317843,0,0.0,True,0.0001553715232210289,0.005246674511932142
MLP,200,74,0.18243782,0,0.0,True,0.006884364486349573,0.0012094215904348072
MLP,200,74,0.10045173,0,0.0,True,0.0043919263096319165,-0.000657799210581546
MLP,200,74,0.5901435,1,0.0,False,-0.005892456480826305,-0.0034132704616645928
MLP,200,74,0.99973184,1,1.0,True,0.03506866802376628,0.031959478311064396
MLP,200,74,0.08376827,0,0.0,True,0.00381904521406962,0.0015868488068011112
MLP,200,74,0.9991959,1,1.0,True,0.023952546806840346,0.03602711960666761
MLP,200,74,0.2324016,0,0.0,True,0.003065114872279677,0.00438247744669934
MLP,200,74,0.10251082,0,0.0,True,0.004169801134217456,0.0027161005136462765
MLP,200,74,0.99811125,1,1.0,True,0.04299209423339388,0.04452107262877906
MLP,200,74,0.3466701,0,0.0,True,0.00039136351913675484,0.0026841099199937826
MLP,200,74,0.9989225,1,1.0,True,0.014282276370471405,0.022831555627583648
MLP,200,74,0.14225508,0,0.0,True,-0.003507219788080505,-0.003867182909895018
MLP,200,74,0.99987245,1,1.0,True,0.0307207861573119,0.03459884236938514
MLP,200,74,0.15102728,0,0.0,True,0.007269784658260963,0.0057773015048331045
MLP,200,74,0.110251695,0,0.0,True,0.002746345527407437,0.0008681815470660383
MLP,200,74,0.9979419,1,1.0,True,0.039612988081294744,0.04162021503678161
MLP,200,74,0.10719295,0,0.0,True,0.0002720672752621895,-0.0005317308203720277
MLP,200,74,0.99791354,1,1.0,True,0.03270462097478986,0.03651406414298931
MLP,200,74,0.14785802,0,0.0,True,0.0020604694277992462,-0.0003266353710648985
MLP,200,74,0.092009194,0,0.0,True,-0.002358394291671857,-0.0014602442460373113
MLP,200,74,0.12263978,0,0.0,True,-0.0035396887717729815,-0.003169856722317667
MLP,200,74,0.29925823,0,0.0,True,-0.001817263574643171,0.002561630535760904
MLP,200,74,0.9999739,1,1.0,True,0.020385385327467493,0.028290974347151106
MLP,200,74,0.3370062,0,0.0,True,0.007499787580290932,0.0030073425212581344
MLP,200,74,0.99989665,1,1.0,True,0.044232136643338825,0.04581397857302516
MLP,200,74,0.9997209,1,1.0,True,0.04453776136582848,0.041683314266955845
MLP,200,74,0.9995796,1,1.0,True,0.03809036539035785,0.04072243545146092
MLP,200,74,0.9994711,1,1.0,True,0.04658312660342905,0.04513874373470296
MLP,200,74,0.25062826,0,0.0,True,-0.0004948229236777728,0.000484732907505832
MLP,200,74,0.0978746,0,0.0,True,0.009638673357139582,0.0032409278126080574
MLP,200,74,0.99981076,1,1.0,True,0.024465094992509175,0.03676863901446587
MLP,200,74,0.99642307,1,1.0,True,0.050174688014829355,0.040751927380272175
MLP,200,74,0.9979231,1,1.0,True,0.04279998591072923,0.040033231887132044
MLP,200,74,0.078601,0,0.0,True,-0.0011396943789984556,-0.0016966698938597818
MLP,200,74,0.086612456,0,0.0,True,-0.0004479205250566305,0.0028251108554221923
MLP,200,74,0.9998803,1,1.0,True,0.0504808198849594,0.05423609231933566
MLP,200,74,0.99965405,1,1.0,True,0.032292855355399296,0.03686157573873447
MLP,200,74,0.1360469,0,0.0,True,0.00019365578147589928,0.0006224065248486083
MLP,200,74,0.9974087,1,1.0,True,0.03593393126632534,0.04100805143171014
MLP,200,74,0.99874073,1,1.0,True,0.03389244699889144,0.03545286745628073
MLP,200,74,0.22133161,0,0.0,True,-0.005276610615632321,0.0001256530540855876
MLP,200,74,0.9904169,1,1.0,True,0.03411002280668988,0.03560712971601576
MLP,200,74,0.09887038,0,0.0,True,-0.006453046696070953,-0.0026894603388052975
MLP,200,74,0.99958855,1,1.0,True,0.04565215148781269,0.03567904304612316
MLP,200,74,0.99216133,1,1.0,True,0.04798903709486612,0.055266815260657014
MLP,200,74,0.9939889,1,1.0,True,0.051541001049861014,0.04668549305029108
MLP,200,74,0.06779124,0,0.0,True,-0.0010703901497555312,0.00013802823450770362
MLP,200,74,0.22325014,0,0.0,True,-0.011109913786394159,-0.003883068429002858
MLP,200,74,0.99584275,1,1.0,True,0.03785273149837064,0.03963257315000784
MLP,200,74,0.9999763,1,1.0,True,0.03476388573930358,0.04202935307528602
MLP,200,74,0.08046582,0,0.0,True,0.0008184005568644165,0.002860583466723308
MLP,200,74,0.9999466,1,1.0,True,0.036686230755535607,0.04317876282152771
MLP,200,74,0.4588925,0,0.0,True,0.0007748189978136427,-0.0026471803902726027
MLP,200,74,0.99957687,1,1.0,True,0.044673908554827425,0.04463478221868964
MLP,200,74,0.99961996,1,1.0,True,0.021331325088270008,0.020853871731299697
MLP,200,74,0.37860152,0,0.0,True,-0.000619136779530788,-0.0029898651383997474
MLP,200,74,0.07822678,0,0.0,True,0.0026311311919861666,0.0038177658744920125
MLP,200,74,0.96850646,1,1.0,True,0.05502336473306198,0.0505019650824897
MLP,200,74,0.0894122,0,0.0,True,-0.0010202758733800527,-0.004064867613351657
MLP,200,74,0.99965966,1,1.0,True,0.03486002376052314,0.034408192943434786
MLP,200,74,0.999998,1,1.0,True,0.029498598236492257,0.03593387258960226
MLP,200,74,0.06784722,0,0.0,True,-0.0026668329165198696,-0.0015657732274815266
MLP,200,74,0.12777318,0,0.0,True,-0.01210283654629659,-0.00754884943241835
MLP,200,74,0.5072486,1,0.0,False,0.009337494197890893,0.004148071192654166
MLP,200,74,0.066446334,0,0.0,True,-0.0003510171998454293,0.00030291912515003646
MLP,200,74,0.9999019,1,1.0,True,0.04160118029368431,0.046061359219371184
MLP,200,74,0.15875708,0,0.0,True,0.0029009490047774995,0.002960552181471215
MLP,200,74,0.079381675,0,0.0,True,0.0009358992645788656,0.0011137775962690186
MLP,200,74,0.9794643,1,1.0,True,0.030415977969445257,0.039706438148050624
MLP,200,74,0.99996006,1,1.0,True,0.045175423509540735,0.041888741009562816
MLP,200,74,0.9999273,1,1.0,True,0.04810806258233442,0.04210378068342924
MLP,200,74,0.0910944,0,0.0,True,-0.0022615326859409105,-0.00360590215193848
MLP,200,74,0.115767114,0,0.0,True,-0.0021215700529890647,-0.0007426500963723802
MLP,200,74,0.99741423,1,1.0,True,0.04264019196277451,0.03883291289043746
MLP,200,74,0.5143108,1,0.0,False,0.0008398149514047078,-0.0003431505527535229
MLP,200,74,0.3219667,0,0.0,True,-0.0033692050044521454,-0.001118937875255534
MLP,200,74,0.99987304,1,1.0,True,0.028041634356863358,0.028186928639014824
MLP,200,74,0.99920875,1,1.0,True,0.04540666483476612,0.05193276645926359
MLP,200,74,0.9997062,1,1.0,True,0.04355351960890274,0.04457427391782031
MLP,200,74,0.2109404,0,0.0,True,-0.0023368501278791644,0.002899092201664298
MLP,200,74,0.2499447,0,0.0,True,-0.009976792209919467,-0.005241287534950138
MLP,200,74,0.9941732,1,1.0,True,0.03954197890365988,0.04472511509182419
MLP,200,74,0.1651706,0,0.0,True,-0.0025260221498026106,-0.0006926325401643849
MLP,200,74,0.999913,1,1.0,True,0.04943443145127811,0.03996092549867438
MLP,200,74,0.13024166,0,0.0,True,-0.0011102438261757258,-0.0016689056655119934
MLP,200,74,0.9989255,1,1.0,True,0.05075169918010764,0.042693140531935125
MLP,200,74,0.98905396,1,1.0,True,0.05359440954279255,0.05306122369343095
MLP,200,74,0.09937137,0,0.0,True,0.0003923529981794784,0.0034176226212992247
MLP,200,74,0.10439504,0,0.0,True,-0.007990333740765848,-0.004307518271066414
MLP,200,74,0.9980641,1,1.0,True,0.06308916440996264,0.056750941242002896
MLP,200,74,0.16524415,0,0.0,True,-0.004738626128075764,-0.00245809428103374
MLP,200,74,0.9998673,1,1.0,True,0.0553370810640813,0.04383162507052218
MLP,200,74,0.99692047,1,1.0,True,0.049582828724192465,0.049983774036619306
MLP,200,74,0.9999238,1,1.0,True,0.05300123412411961,0.04614035934288715
MLP,200,74,0.9991284,1,1.0,True,0.05015531395975967,0.037886654687634816
MLP,200,74,0.99989796,1,1.0,True,0.04368825187636163,0.040451611676187736
MLP,200,74,0.08342965,0,0.0,True,-7.078434712102804e-05,-0.001754872803794466
MLP,200,75,0.05369667,0,0.0,True,-0.004606956992163186,-0.0032069925118435043
MLP,200,75,0.18253368,0,0.0,True,0.005224824458077049,0.0025932384631688564
MLP,200,75,0.09060455,0,0.0,True,0.0022608030639850226,0.0031478581063129393
MLP,200,75,0.095586866,0,0.0,True,-0.005239651920646268,-0.0018013042003501652
MLP,200,75,0.40696165,0,0.0,True,0.004365055977127666,0.0026069072174373332
MLP,200,75,0.32008895,0,0.0,True,-5.4600291043521476e-05,-0.005192887459840971
MLP,200,75,0.9964228,1,1.0,True,0.028222556970294084,0.04245626866966941
MLP,200,75,0.9994673,1,1.0,True,0.040407540034356815,0.04290478344671928
MLP,200,75,0.9996623,1,1.0,True,0.0519005673047795,0.047777821014201784
MLP,200,75,0.22502032,0,0.0,True,0.000952797276202497,-0.00010291886166182236
MLP,200,75,0.104202665,0,0.0,True,-0.011288117282438984,-0.005393404771767534
MLP,200,75,0.99980015,1,1.0,True,0.05447236180904522,0.05130982367758186
MLP,200,75,0.99635386,1,1.0,True,0.05434874793921985,0.04423092949874576
MLP,200,75,0.9999336,1,1.0,True,0.050466915177908286,0.042198829239175534
MLP,200,75,0.9999126,1,1.0,True,0.051990314550116976,0.048675739077095895
MLP,200,75,0.9962619,1,1.0,True,0.045973693236723165,0.04438588452176199
MLP,200,75,0.12769747,0,0.0,True,-0.006482397100007101,-0.0032997003604565787
MLP,200,75,0.08156807,0,0.0,True,0.009944637332959964,0.003621711549868665
MLP,200,75,0.35265213,0,0.0,True,6.754386406598844e-05,0.0016547753155879735
MLP,200,75,0.12735678,0,0.0,True,-0.0021187949178241607,0.0004438078963862614
MLP,200,75,0.06754989,0,0.0,True,0.00272485256220309,-0.001451564477218237
MLP,200,75,0.30816022,0,0.0,True,0.002329555328100689,0.0031431264733484243
MLP,200,75,0.099261455,0,0.0,True,-0.00482859040555141,-0.006175728933349129
MLP,200,75,0.19326527,0,0.0,True,-0.002769176905853037,0.00011991987514526453
MLP,200,75,0.99969065,1,1.0,True,0.04337955985199932,0.04870909214689906
MLP,200,75,0.999782,1,1.0,True,0.04718759359927348,0.044359964570398244
MLP,200,75,0.998478,1,1.0,True,0.04560971494389078,0.043716116327935144
MLP,200,75,0.6770666,1,0.0,False,0.00230883542031216,0.006395442081443835
MLP,200,75,0.06974111,0,0.0,True,0.006217752493467967,0.0038919832329475878
MLP,200,75,0.9967115,1,1.0,True,0.05939579248720939,0.05448236689521244
MLP,200,75,0.061153594,0,0.0,True,0.004417906608794263,0.000927469174086414
MLP,200,75,0.08895914,0,0.0,True,-0.0049327343942605646,0.0003982319838476007
MLP,200,75,0.085372165,0,0.0,True,0.00656824725598732,-0.002380569290235923
MLP,200,75,0.15767431,0,0.0,True,0.001410754689357966,-0.0012309995124763656
MLP,200,75,0.99978215,1,1.0,True,0.06039456474964845,0.05840524500037213
MLP,200,75,0.99965143,1,1.0,True,0.039999833969684255,0.040880360779613774
MLP,200,75,0.999995,1,1.0,True,0.04334024772747962,0.04268844074551896
MLP,200,75,0.094002195,0,0.0,True,-0.0032617111352867007,0.001898784418113157
MLP,200,75,0.999448,1,1.0,True,0.05379440620148427,0.05352678409870463
MLP,200,75,0.9993895,1,1.0,True,0.04696236319749279,0.04663101584130416
MLP,200,75,0.9999641,1,1.0,True,0.0502411139753996,0.0465886658338805
MLP,200,75,0.14891873,0,0.0,True,0.005059895001207117,0.005348603694836767
MLP,200,75,0.9992499,1,1.0,True,0.03145067732370229,0.037908159741000494
MLP,200,75,0.99952507,1,1.0,True,0.05201440914715349,0.04252817274179518
MLP,200,75,0.999936,1,1.0,True,0.04041100985754046,0.036700271934947536
MLP,200,75,0.12513798,0,0.0,True,0.0016070536015260844,0.003601043401797365
MLP,200,75,0.13920966,0,0.0,True,-0.004232803607893548,-0.001246160583520306
MLP,200,75,0.99679846,1,1.0,True,0.031056598433816956,0.03496423109012043
MLP,200,75,0.99999654,1,1.0,True,0.05214106089159274,0.05239485697425406
MLP,200,75,0.9918662,1,1.0,True,0.038534045654535824,0.042331409552558166
MLP,200,75,0.15551922,0,0.0,True,0.0044721004140344306,0.006019979603000364
MLP,200,75,0.28475076,0,0.0,True,0.004694464095280049,0.00364675363735877
MLP,200,75,0.97822124,1,1.0,True,0.05778938582930181,0.048464246464760025
MLP,200,75,0.99988437,1,1.0,True,0.036260794125174065,0.03912264252791428
MLP,200,75,0.99868995,1,1.0,True,0.04477099426253529,0.04450451232081901
MLP,200,75,0.10009267,0,0.0,True,-0.009517889592996646,-0.004755926029397734
MLP,200,75,0.19780375,0,0.0,True,0.004408776520270326,0.0019767211794158154
MLP,200,75,0.9995958,1,1.0,True,0.04276429487419517,0.043678657498352584
MLP,200,75,0.08857081,0,0.0,True,0.006201205450012605,0.00622219735872658
MLP,200,75,0.99663574,1,1.0,True,0.03231858250408275,0.038661705619286564
MLP,200,75,0.9921205,1,1.0,True,0.039891738955414174,0.04281466612730797
MLP,200,75,0.9999703,1,1.0,True,0.037136198328612334,0.03745587734066559
MLP,200,75,0.9999752,1,1.0,True,0.03080893687153041,0.036189085013551905
MLP,200,75,0.123733655,0,0.0,True,0.004185811412537221,0.0013774843722101535
MLP,200,75,0.064017616,0,0.0,True,0.005878252484784918,0.0031978073252457856
MLP,200,75,0.9992561,1,1.0,True,0.04767976888465967,0.03963997247466866
MLP,200,75,0.4601241,0,0.0,True,-0.006535951283222573,-0.002044404936974296
MLP,200,75,0.9993026,1,1.0,True,0.03516851840650738,0.034924297196819984
MLP,200,75,0.098637104,0,0.0,True,0.003650933120960324,0.0004087509036803641
MLP,200,75,0.9995431,1,1.0,True,0.046380812392433704,0.04128219104550816
MLP,200,75,0.15571363,0,0.0,True,0.00204986931921369,0.0021051765285499393
MLP,200,75,0.9990232,1,1.0,True,0.04050358049512558,0.04586978774454489
MLP,200,75,0.08448445,0,0.0,True,0.0007014548412766032,-0.0020674031284470713
MLP,200,75,0.2841055,0,0.0,True,0.005075060341926962,0.0032995406323109446
MLP,200,75,0.9999515,1,1.0,True,0.05048725200607133,0.048040400893415436
MLP,200,75,0.9995685,1,1.0,True,0.057939597727096906,0.047203988454879976
MLP,200,75,0.9997054,1,1.0,True,0.04055478085591621,0.04587639271625439
MLP,200,75,0.15188068,0,0.0,True,0.013563755454307883,0.010096262357267176
MLP,200,75,0.9612071,1,1.0,True,0.050095539618772784,0.04175626442851893
MLP,200,75,0.9999964,1,1.0,True,0.03692677671835686,0.039637988314835886
MLP,200,75,0.99957174,1,1.0,True,0.05571521119303908,0.052022111564760214
MLP,200,75,0.9999374,1,1.0,True,0.059546912682144924,0.06146163933590943
MLP,200,75,0.99904436,1,1.0,True,0.04358666845653264,0.043098472591170466
MLP,200,75,0.15622444,0,0.0,True,-0.002875399615478,0.0009974013874150865
MLP,200,75,0.14976937,0,0.0,True,0.006477637635965095,0.0069297694900924914
MLP,200,75,0.9996761,1,1.0,True,0.040453216845552954,0.04241842803463299
MLP,200,75,0.9998555,1,1.0,True,0.0469850720402959,0.05183897937744514
MLP,200,75,0.9989858,1,1.0,True,0.05458550976522639,0.04941719544911582
MLP,200,75,0.9988054,1,1.0,True,0.0508416262262977,0.051374098667370055
MLP,200,75,0.9996177,1,1.0,True,0.04132271447755629,0.034225963049407934
MLP,200,75,0.99929166,1,1.0,True,0.020900192437193234,0.03190803738255592
MLP,200,75,0.13501172,0,0.0,True,0.00038059690516961995,3.420976900440605e-05
MLP,200,75,0.13483305,0,0.0,True,-0.006128717102648094,-0.005793313152623103
MLP,200,75,0.059686888,0,0.0,True,-0.004622778875542992,-0.005541794723443732
MLP,200,75,0.1485204,0,0.0,True,0.004047908970335753,0.0022455702366684363
MLP,200,75,0.9986873,1,1.0,True,0.06173204808631546,0.05055292254489775
MLP,200,75,0.100544915,0,0.0,True,-0.005623084576380201,-0.0018348934362351322
MLP,200,75,0.9994973,1,1.0,True,0.051388705426788465,0.04253896681887741
MLP,200,75,0.9995227,1,1.0,True,0.04325419928703039,0.030820931370732715
MLP,200,75,0.99988925,1,1.0,True,0.050276522444661235,0.04569144904760296
MLP,200,76,0.08091671,0,0.0,True,0.0024495146651642382,0.0015234078493573367
MLP,200,76,0.13135149,0,0.0,True,0.011872798354024426,0.006185263755662184
MLP,200,76,0.99998593,1,1.0,True,0.03592103879367537,0.04455206613651859
MLP,200,76,0.99991846,1,1.0,True,0.0454650565195155,0.047343153099400806
MLP,200,76,0.12243589,0,0.0,True,-0.0041511083347313266,-0.004967891313554441
MLP,200,76,0.99654526,1,1.0,True,0.034448685804264155,0.043906995891586795
MLP,200,76,0.0847617,0,0.0,True,0.005975176256330313,0.007453334543358923
MLP,200,76,0.99511343,1,1.0,True,0.046130382320634974,0.0528460457930187
MLP,200,76,0.06891223,0,0.0,True,-0.0054513990051394704,-0.0052722056369540575
MLP,200,76,0.14853509,0,0.0,True,0.004808768987919164,0.0027473530740494707
MLP,200,76,0.053836346,0,0.0,True,-0.0008054580027741294,-0.0009616106901265981
MLP,200,76,0.99642617,1,1.0,True,0.044058203562104395,0.042176934284843884
MLP,200,76,0.60147226,1,0.0,False,0.001403668604715714,0.0016879697748419826
MLP,200,76,0.08754571,0,0.0,True,0.004293889007302964,0.004379535439287442
MLP,200,76,0.9984884,1,1.0,True,0.05114778065999083,0.04718392900443533
MLP,200,76,0.27620965,0,0.0,True,0.005634999854813628,0.0013911832297143127
MLP,200,76,0.23981182,0,0.0,True,-0.007082344056596196,0.0001101900410575439
MLP,200,76,0.99840826,1,1.0,True,0.047635364567279334,0.05493295089337692
MLP,200,76,0.14413732,0,0.0,True,-0.001767391225990276,-0.0027297273808247384
MLP,200,76,0.9999578,1,1.0,True,0.044885644014021134,0.054316092562862295
MLP,200,76,0.9985702,1,1.0,True,0.03967312638552163,0.04752518873262396
MLP,200,76,0.9998048,1,1.0,True,0.04992764454681619,0.041512210190501754
MLP,200,76,0.99967194,1,1.0,True,0.03321704396484795,0.03654999657454192
MLP,200,76,0.9996146,1,1.0,True,0.02795305503138695,0.036220270071574474
MLP,200,76,0.9999666,1,1.0,True,0.025591819617155002,0.028701411437714056
MLP,200,76,0.06805114,0,0.0,True,-0.0009071318657611216,-0.001915271881371945
MLP,200,76,0.9980223,1,1.0,True,0.040720223405673814,0.03407139228739175
MLP,200,76,0.99984276,1,1.0,True,0.03472480877207845,0.03906929471461264
MLP,200,76,0.21220584,0,0.0,True,-0.002856356557772452,-0.0027899601402692634
MLP,200,76,0.99913967,1,1.0,True,0.03888602994658411,0.03644489609834588
MLP,200,76,0.99644756,1,1.0,True,0.07245489483991102,0.06045253670459122
MLP,200,76,0.99996567,1,1.0,True,0.04912689368626733,0.04612168953653806
MLP,200,76,0.121290974,0,0.0,True,0.0005635961502248999,0.0016459845983700628
MLP,200,76,0.99888486,1,1.0,True,0.037034789403850354,0.05228953228449764
MLP,200,76,0.14678667,0,0.0,True,0.0028594259180855703,0.003345292076959387
MLP,200,76,0.09825796,0,0.0,True,-0.006540633389115271,-0.005727650748608907
MLP,200,76,0.0590603,0,0.0,True,0.006962221872348692,0.0011855414104737384
MLP,200,76,0.9972439,1,1.0,True,0.03075269364216672,0.029319659783958
MLP,200,76,0.9997576,1,1.0,True,0.04343849143835318,0.047122942274702935
MLP,200,76,0.13960348,0,0.0,True,-0.008865366157475059,-0.0020118625320446116
MLP,200,76,0.99994135,1,1.0,True,0.052096883161622795,0.04056820036092061
MLP,200,76,0.9997286,1,1.0,True,0.05053138136643688,0.0514136991935048
MLP,200,76,0.99984825,1,1.0,True,0.057680414007987964,0.05266008447153237
MLP,200,76,0.99107355,1,1.0,True,0.04776490494200106,0.04821616692468068
MLP,200,76,0.13471155,0,0.0,True,0.005063246671824296,-8.773068672616992e-05
MLP,200,76,0.98948574,1,1.0,True,0.04524398568439617,0.037057517970744074
MLP,200,76,0.99925274,1,1.0,True,0.04522706773935092,0.041990655095481944
MLP,200,76,0.065675475,0,0.0,True,0.008385973318198832,0.00291778326100984
MLP,200,76,0.999148,1,1.0,True,0.0489667021023908,0.05104281534237089
MLP,200,76,0.99985826,1,1.0,True,0.05043825629912998,0.04277593989020035
MLP,200,76,0.20960996,0,0.0,True,0.0018481684729823261,-0.0006920340889493148
MLP,200,76,0.25674394,0,0.0,True,-0.0022409492676773945,0.002424348036414216
MLP,200,76,0.20392643,0,0.0,True,0.008574332851132835,0.005449713186739029
MLP,200,76,0.06734115,0,0.0,True,-0.0014234852664049141,0.004921893400881168
MLP,200,76,0.087523066,0,0.0,True,0.0002658353204069125,0.0005920230887356656
MLP,200,76,0.2506307,0,0.0,True,0.004616177223985959,0.005786936213409002
MLP,200,76,0.9999478,1,1.0,True,0.03293369937146088,0.031080525253691482
MLP,200,76,0.20024708,0,0.0,True,0.005460577793504656,0.004975112116318412
MLP,200,76,0.098627284,0,0.0,True,0.0007627289022665805,0.001393969317227899
MLP,200,76,0.15667178,0,0.0,True,-0.0029387664192954124,-0.002340620584304083
MLP,200,76,0.10587877,0,0.0,True,-0.010764023284399479,-0.005425945612453398
MLP,200,76,0.13617729,0,0.0,True,0.009426987615751834,0.008746533993524246
MLP,200,76,0.99989617,1,1.0,True,0.03712221023824989,0.04177639054208259
MLP,200,76,0.9993488,1,1.0,True,0.02772595647715537,0.038674159526694084
MLP,200,76,0.06269292,0,0.0,True,-0.0033199417718571085,-0.0019155202165295417
MLP,200,76,0.15445736,0,0.0,True,-0.0005252380229962458,0.001690057523426058
MLP,200,76,0.99812645,1,1.0,True,0.0513353018848372,0.05037770145910939
MLP,200,76,0.088990994,0,0.0,True,0.006523640743217234,0.0010737918265580479
MLP,200,76,0.17025656,0,0.0,True,0.011775751991176782,0.002309519696246059
MLP,200,76,0.99982244,1,1.0,True,0.03678359079793501,0.049294298466689576
MLP,200,76,0.1641157,0,0.0,True,-0.0016627922912494683,-0.0031533312110479717
MLP,200,76,0.99997973,1,1.0,True,0.06485358048755382,0.06611391297036753
MLP,200,76,0.104663596,0,0.0,True,-0.005258566278785724,-0.002982374046256987
MLP,200,76,0.9998105,1,1.0,True,0.045904850417425425,0.04613183438634509
MLP,200,76,0.9993374,1,1.0,True,0.053181132476407184,0.04575469329543656
MLP,200,76,0.06398539,0,0.0,True,0.0016423579360189055,0.004391989667297781
MLP,200,76,0.11362458,0,0.0,True,-0.002562025152366951,5.4634667772062146e-05
MLP,200,76,0.13960116,0,0.0,True,-0.002670022969065228,0.000975840481853644
MLP,200,76,0.9871243,1,1.0,True,0.03861025808424969,0.04109976988748545
MLP,200,76,0.22912171,0,0.0,True,0.0038344318829965445,0.001101065687903806
MLP,200,76,0.091199055,0,0.0,True,-0.010281019881365063,-0.008163257695042303
MLP,200,76,0.9997298,1,1.0,True,0.05887037131876491,0.0493518937618639
MLP,200,76,0.9999149,1,1.0,True,0.03935317655122175,0.047134646180576736
MLP,200,76,0.9999044,1,1.0,True,0.06392022013562206,0.06413016110026344
MLP,200,76,0.9992822,1,1.0,True,0.034958120674718596,0.04910539593336478
MLP,200,76,0.9942001,1,1.0,True,0.050653670503399376,0.0543556720483603
MLP,200,76,0.9997837,1,1.0,True,0.057485837373403834,0.04838493353620878
MLP,200,76,0.99925977,1,1.0,True,0.047681237362653096,0.05572024636434377
MLP,200,76,0.9999523,1,1.0,True,0.049536163282665795,0.04905579485153999
MLP,200,76,0.23874404,0,0.0,True,0.002812621323451183,-0.0021677962899285265
MLP,200,76,0.99935955,1,1.0,True,0.03537484526088478,0.03629325007615612
MLP,200,76,0.11690544,0,0.0,True,-0.0014156323614504685,0.00026578101016307105
MLP,200,76,0.24890298,0,0.0,True,-0.0047767729805648345,-0.002471495725743034
MLP,200,76,0.13840258,0,0.0,True,0.0015779843096582194,-0.00030821611006843195
MLP,200,76,0.99085426,1,1.0,True,0.056187643956973614,0.0530351859327619
MLP,200,76,0.06880779,0,0.0,True,0.002034933085915472,-0.0013337452627462953
MLP,200,76,0.16575974,0,0.0,True,0.0031102932431460355,0.0008781313607836581
MLP,200,76,0.99904615,1,1.0,True,0.028621985374087666,0.03550061624255369
MLP,200,76,0.14416885,0,0.0,True,-0.0023175828855501895,0.0021613396615327023
MLP,200,76,0.999992,1,1.0,True,0.0414019192156777,0.03964136063708942
MLP,200,77,0.9998896,1,1.0,True,0.041175650877014046,0.04304204768566755
MLP,200,77,0.9904975,1,1.0,True,0.048393661459015885,0.05443563881855943
MLP,200,77,0.1339557,0,0.0,True,0.00986019373724826,0.004698631262854325
MLP,200,77,0.08950864,0,0.0,True,0.005573189086495488,0.002842270074247142
MLP,200,77,0.99974924,1,1.0,True,0.04546268132633246,0.04350749707161618
MLP,200,77,0.99746823,1,1.0,True,0.05406415059931774,0.05399605196547464
MLP,200,77,0.999987,1,1.0,True,0.04323678754363256,0.04013234512167775
MLP,200,77,0.2938915,0,0.0,True,0.007687188591709751,0.0028949827438477915
MLP,200,77,0.9997894,1,1.0,True,0.021170271047706798,0.03198668236534894
MLP,200,77,0.9999927,1,1.0,True,0.06749964166665788,0.06455076709027549
MLP,200,77,0.99999285,1,1.0,True,0.04747130765242236,0.042982877237624846
MLP,200,77,0.1015851,0,0.0,True,0.002932959515297337,0.006318510289543468
MLP,200,77,0.09981358,0,0.0,True,0.0035662108137212473,0.004255431407447034
MLP,200,77,0.05685879,0,0.0,True,0.0026065388327586206,-0.0005853768730314931
MLP,200,77,0.9988932,1,1.0,True,0.03587545353238164,0.044256577150543916
MLP,200,77,0.9977041,1,1.0,True,0.044229652569040656,0.041393913354714124
MLP,200,77,0.087346666,0,0.0,True,0.006675998808473022,0.004702341234351729
MLP,200,77,0.072049215,0,0.0,True,0.004144655805541888,0.002368099250993955
MLP,200,77,0.17487189,0,0.0,True,-0.0007767287956811578,-0.00634603163458174
MLP,200,77,0.14916612,0,0.0,True,-0.0017107752027692275,0.0022905125107557907
MLP,200,77,0.12093041,0,0.0,True,0.0026633165829145727,0.001057934508816121
MLP,200,77,0.06844377,0,0.0,True,-0.005781096557080554,-0.005744721284842778
MLP,200,77,0.05998067,0,0.0,True,-0.0008993091217403633,0.0028768213869413456
MLP,200,77,0.9963567,1,1.0,True,0.03410727631392214,0.04701423984782022
MLP,200,77,0.14769736,0,0.0,True,-0.0025541449985799613,0.0031837916151821284
MLP,200,77,0.9997979,1,1.0,True,0.035488863089109146,0.03709459804969524
MLP,200,77,0.59242743,1,0.0,False,0.001055014440160403,-0.0005797191859500208
MLP,200,77,0.9999448,1,1.0,True,0.03486345886622066,0.03640985951189938
MLP,200,77,0.99877447,1,1.0,True,0.04633029806618093,0.042013567226009255
MLP,200,77,0.9999511,1,1.0,True,0.04281970828939072,0.04765599406309516
MLP,200,77,0.9940916,1,1.0,True,0.04183073732424872,0.03976678983143951
MLP,200,77,0.9999504,1,1.0,True,0.0544210383828561,0.04613496688678317
MLP,200,77,0.99736685,1,1.0,True,0.05851957474920657,0.039724138512930794
MLP,200,77,0.13315935,0,0.0,True,-0.0009414830458561546,-0.006885283528793944
MLP,200,77,0.9993643,1,1.0,True,0.05087853500693786,0.04621372287710515
MLP,200,77,0.9999809,1,1.0,True,0.05124315895919301,0.05030399527436882
MLP,200,77,0.99998546,1,1.0,True,0.04068363639871258,0.04967488300431614
MLP,200,77,0.99861836,1,1.0,True,0.04422997341702544,0.04522809106937704
MLP,200,77,0.26779222,0,0.0,True,0.002006497952654785,-0.0033527832803685
MLP,200,77,0.999998,1,1.0,True,0.0490412644433693,0.05472233471592355
MLP,200,77,0.99468946,1,1.0,True,0.040431356378616536,0.034769979878197466
MLP,200,77,0.06990236,0,0.0,True,-0.0029896632567925656,-0.003905517907716058
MLP,200,77,0.9987943,1,1.0,True,0.058570864807066365,0.048920022215081814
MLP,200,77,0.1460004,0,0.0,True,0.0013188282504245077,-0.0008192181324122702
MLP,200,77,0.14807938,0,0.0,True,0.007329411386703286,0.006164789789371052
MLP,200,77,0.99999857,1,1.0,True,0.03457574256385588,0.04502783550604551
MLP,200,77,0.0630459,0,0.0,True,0.00418060642882114,0.0016463370041109773
MLP,200,77,0.17310722,0,0.0,True,0.0020822852657654944,0.0027421367385937127
MLP,200,77,0.99871624,1,1.0,True,0.041455031009456265,0.03513476202541868
MLP,200,77,0.9996307,1,1.0,True,0.03567456040355384,0.04392654378827798
MLP,200,77,0.9997788,1,1.0,True,0.05768461717771298,0.050812571737800766
MLP,200,77,0.09109108,0,0.0,True,-0.007300072127529829,-0.004649803575406509
MLP,200,77,0.17518952,0,0.0,True,-0.0009688001201387681,0.002049713930346267
MLP,200,77,0.99981207,1,1.0,True,0.035038887093353635,0.03475425146853537
MLP,200,77,0.08581333,0,0.0,True,0.014058409270279647,0.008340672789632339
MLP,200,77,0.9998863,1,1.0,True,0.040347321881587364,0.04448202872281764
MLP,200,77,0.09516934,0,0.0,True,0.005192367053725683,0.0038189457570967744
MLP,200,77,0.15477388,0,0.0,True,0.0024920155440246493,0.0026429180054074663
MLP,200,77,0.09143915,0,0.0,True,-0.0015289148241906078,0.0008101619406816566
MLP,200,77,0.9999832,1,1.0,True,0.04894701222783466,0.04257810401218517
MLP,200,77,0.99960154,1,1.0,True,0.04682355734190695,0.0441453190629564
MLP,200,77,0.12662834,0,0.0,True,0.004070693314630222,0.0011338125743587805
MLP,200,77,0.99837,1,1.0,True,0.04327826966581453,0.045444291071361415
MLP,200,77,0.1475482,0,0.0,True,0.0020076495709535143,0.0008545196735961215
MLP,200,77,0.9998778,1,1.0,True,0.046147871708919236,0.05287243239275767
MLP,200,77,0.9999633,1,1.0,True,0.03743724181192343,0.04405404445656774
MLP,200,77,0.06972329,0,0.0,True,-0.001913119008238237,0.0011052886745347372
MLP,200,77,0.5349238,1,0.0,False,-0.009752058070812196,-0.007659712736516633
MLP,200,77,0.9997135,1,1.0,True,0.05370737430241325,0.05271804145425025
MLP,200,77,0.34942192,0,0.0,True,-0.005331551965554648,-0.0009870222503741068
MLP,200,77,0.99996567,1,1.0,True,0.046885219487269106,0.04262298139502282
MLP,200,77,0.99940205,1,1.0,True,0.04937377985957199,0.04871214328727567
MLP,200,77,0.16761115,0,0.0,True,0.0019112464010182862,0.00012797249498172562
MLP,200,77,0.15244327,0,0.0,True,0.004069718248998315,-0.0003531615377346876
MLP,200,77,0.999603,1,1.0,True,0.050734158902519144,0.047130681107296436
MLP,200,77,0.998906,1,1.0,True,0.04330506563161556,0.05407317752920542
MLP,200,77,0.99923635,1,1.0,True,0.03293032362835351,0.0432114533798018
MLP,200,77,0.3494614,0,0.0,True,-0.009133707754712696,-0.0036923001864556638
MLP,200,77,0.9995641,1,1.0,True,0.04035188163185326,0.04516446930957155
MLP,200,77,0.99077237,1,1.0,True,0.045110231619468984,0.04504552943187802
MLP,200,77,0.1813674,0,0.0,True,0.0011346613963686856,-0.0018604259661133384
MLP,200,77,0.11296107,0,0.0,True,-0.00787747099201059,-0.0028616959254876557
MLP,200,77,0.07528545,0,0.0,True,0.0034096730489530367,0.0020320305217966677
MLP,200,77,0.1465543,0,0.0,True,0.00739214395374748,0.0003836444587520129
MLP,200,77,0.99917465,1,1.0,True,0.035260434021863296,0.03603258882767007
MLP,200,77,0.99997056,1,1.0,True,0.057781879474755105,0.057325330016330125
MLP,200,77,0.10904772,0,0.0,True,-0.004958144354758118,-0.0065592852915672805
MLP,200,77,0.14809893,0,0.0,True,-0.007790749558469104,-0.0009819566681357412
MLP,200,77,0.99681985,1,1.0,True,0.07275997117414128,0.060223071595625656
MLP,200,77,0.11281695,0,0.0,True,-6.695402830316107e-05,-0.0044530817372514415
MLP,200,77,0.17629889,0,0.0,True,-0.006331749765841994,-0.00476086508843116
MLP,200,77,0.21436332,0,0.0,True,0.0038027169335635245,0.0036105605872630703
MLP,200,77,0.07946416,0,0.0,True,-0.0046744411217064935,0.0011071712380624097
MLP,200,77,0.99842036,1,1.0,True,0.04215282384754978,0.05042024945549086
MLP,200,77,0.17434767,0,0.0,True,0.0002152144765352348,-0.005601538641957584
MLP,200,77,0.27274588,0,0.0,True,-0.007657502325097059,-0.005003391354504844
MLP,200,77,0.99987936,1,1.0,True,0.05117100195402773,0.0486265739258277
MLP,200,77,0.9973757,1,1.0,True,0.042462163469451725,0.05085659113173808
MLP,200,77,0.06716237,0,0.0,True,-0.0016494794219750664,-0.0037420849634646363
MLP,200,77,0.99481875,1,1.0,True,0.04720447884874953,0.058356191947201826
MLP,200,78,0.19201656,0,0.0,True,-0.0008125148503220578,0.0013026641169175406
MLP,200,78,0.121966586,0,0.0,True,-0.0034565176674257237,-0.005482158096398294
MLP,200,78,0.1375863,0,0.0,True,-0.003062189234469162,-0.00394880501140848
MLP,200,78,0.99999964,1,1.0,True,0.062451186458326834,0.0537891591326413
MLP,200,78,0.9972046,1,1.0,True,0.0421246774117415,0.04562631474033119
MLP,200,78,0.07269458,0,0.0,True,0.0013879665485297713,-0.0019586687562349802
MLP,200,78,0.14052907,0,0.0,True,-0.00020546025281708327,-0.0014902590405619805
MLP,200,78,0.12467164,0,0.0,True,0.005976421280641177,0.0001224735123980296
MLP,200,78,0.1327738,0,0.0,True,0.002864833393144891,-0.0011832625922262962
MLP,200,78,0.13983703,0,0.0,True,-0.0047346040160973196,-0.0037954608973441105
MLP,200,78,0.787407,1,0.0,False,-0.007497650393439785,-0.006331988977833177
MLP,200,78,0.9999684,1,1.0,True,0.056130347851684415,0.058187418856201156
MLP,200,78,0.9999225,1,1.0,True,0.04462305719975985,0.04639692818585127
MLP,200,78,0.41682652,0,0.0,True,0.0040182693833420375,0.0006279108528700311
MLP,200,78,0.13144536,0,0.0,True,0.007986250800072684,0.00692264278200186
MLP,200,78,0.29769078,0,0.0,True,0.001070359645911718,-0.0033917560568592874
MLP,200,78,0.07306598,0,0.0,True,-0.002305965531469798,0.00038500309730909294
MLP,200,78,0.99999845,1,1.0,True,0.04954368734699444,0.04218377119985339
MLP,200,78,0.06691013,0,0.0,True,-0.005086815221484312,-0.0019500201394599763
MLP,200,78,0.1320184,0,0.0,True,-0.003930294479454172,-0.0027576154548704444
MLP,200,78,0.10611455,0,0.0,True,-0.0029552208930075396,0.000890340431798508
MLP,200,78,0.06314716,0,0.0,True,-0.004120879778369409,-0.0012598536908732102
MLP,200,78,0.09397969,0,0.0,True,0.001128830128711181,-0.002950372481429556
MLP,200,78,0.08739656,0,0.0,True,-0.0012691662664654879,-0.0021533543186246333
MLP,200,78,0.18274075,0,0.0,True,0.0019812512777641865,-0.0033551835057066756
MLP,200,78,0.9988852,1,1.0,True,0.05911695928878835,0.057651954597734194
MLP,200,78,0.109810136,0,0.0,True,0.006104549598698825,0.00612036711499335
MLP,200,78,0.9999957,1,1.0,True,0.04803731370648644,0.051758838623464205
MLP,200,78,0.99999654,1,1.0,True,0.057933370078090185,0.05510540234414562
MLP,200,78,0.11105904,0,0.0,True,-0.0006029952000002089,-0.003274569702772639
MLP,200,78,0.23312996,0,0.0,True,-0.014884844601136983,-0.004747503633579635
MLP,200,78,0.99995244,1,1.0,True,0.049917422250419244,0.050721995625796636
MLP,200,78,0.99970967,1,1.0,True,0.034999023701014265,0.03686436346510888
MLP,200,78,0.99978787,1,1.0,True,0.04842960662276913,0.04101742102238981
MLP,200,78,0.99992836,1,1.0,True,0.04994325370331633,0.051579780021467785
MLP,200,78,0.11901928,0,0.0,True,-0.003375895081445291,0.005635170708783239
MLP,200,78,0.059993796,0,0.0,True,-0.0025051956086761602,-0.0015736471112198917
MLP,200,78,0.09726089,0,0.0,True,-0.004436265585712724,-0.0054273040588740185
MLP,200,78,0.9869474,1,1.0,True,0.05264900320914842,0.045409722101949074
MLP,200,78,0.14890726,0,0.0,True,0.0003000564742016246,-0.0012609492077643321
MLP,200,78,0.99992645,1,1.0,True,0.04922153007259437,0.05189457897947253
MLP,200,78,0.14829473,0,0.0,True,0.0005441755157033908,-0.0036946561524406397
MLP,200,78,0.9996407,1,1.0,True,0.038840303755984545,0.04301806218111683
MLP,200,78,0.9999727,1,1.0,True,0.03677265728847091,0.04324119716873478
MLP,200,78,0.9999552,1,1.0,True,0.03943646674907194,0.044196644950247894
MLP,200,78,0.99993646,1,1.0,True,0.04205244157730619,0.043995937140635044
MLP,200,78,0.99945074,1,1.0,True,0.05823089147582672,0.05178371682606683
MLP,200,78,0.18700476,0,0.0,True,-0.00666674134906807,-0.004640795793216141
MLP,200,78,0.16639292,0,0.0,True,0.00571201940644572,0.001252099450419639
MLP,200,78,0.30961433,0,0.0,True,-0.00326272100028227,-0.003726626509887589
MLP,200,78,0.9999963,1,1.0,True,0.05531821112536046,0.05528203119383603
MLP,200,78,0.13523805,0,0.0,True,0.005369148425778386,0.0038189530640162415
MLP,200,78,0.9995485,1,1.0,True,0.034495460376450855,0.05111141632438488
MLP,200,78,0.07308811,0,0.0,True,-0.008357787375097656,-0.004017454547008206
MLP,200,78,0.9999825,1,1.0,True,0.05336304448091673,0.049467828613975494
MLP,200,78,0.13720205,0,0.0,True,0.0022559124108864573,0.0062926745265098165
MLP,200,78,0.07991357,0,0.0,True,0.00044261397748403275,-0.002277286138308931
MLP,200,78,0.31484294,0,0.0,True,0.0009522772682546951,0.004607335933262305
MLP,200,78,0.093977615,0,0.0,True,-0.0005802300619772067,-0.0024209574470913336
MLP,200,78,0.086486466,0,0.0,True,-0.002157446443194127,0.0005311970806934745
MLP,200,78,0.9964489,1,1.0,True,0.050348996451026536,0.06153230028647148
MLP,200,78,0.99993825,1,1.0,True,0.04823792484242982,0.048610929062284744
MLP,200,78,0.24297673,0,0.0,True,-0.003668709081644033,0.00022651420038703802
MLP,200,78,0.999476,1,1.0,True,0.04540687658593689,0.05141426521514843
MLP,200,78,0.99989116,1,1.0,True,0.06027022314710222,0.05373696069227424
MLP,200,78,0.26117986,0,0.0,True,0.0036526166443113183,0.0015718236798798134
MLP,200,78,0.9987734,1,1.0,True,0.053201022943235525,0.05232672202465007
MLP,200,78,0.99876994,1,1.0,True,0.058491621406871565,0.0449111302454615
MLP,200,78,0.06954523,0,0.0,True,-0.0033919189688276443,-0.0029448469209225102
MLP,200,78,0.13518353,0,0.0,True,0.0014212880117554622,0.005027384474516016
MLP,200,78,0.094067544,0,0.0,True,-0.0025098665039776685,0.0022929087691481538
MLP,200,78,0.99994767,1,1.0,True,0.057275416080697646,0.0528110830534335
MLP,200,78,0.085897304,0,0.0,True,-0.0017589660589564398,-0.0028996318228207115
MLP,200,78,0.08323054,0,0.0,True,-0.004795583883920003,-0.004479094957237477
MLP,200,78,0.99999094,1,1.0,True,0.04766646915214716,0.052803338988914914
MLP,200,78,0.99999547,1,1.0,True,0.03766162771169018,0.04415272659477224
MLP,200,78,0.99965775,1,1.0,True,0.04661950883313994,0.05106236944447435
MLP,200,78,0.9905285,1,1.0,True,0.06571581301909646,0.05691265198642637
MLP,200,78,0.9999392,1,1.0,True,0.05933353483500054,0.05495877810309845
MLP,200,78,0.9992384,1,1.0,True,0.047376679004611275,0.05661203105794146
MLP,200,78,0.14927614,0,0.0,True,0.012864321608040201,0.008060453400503778
MLP,200,78,0.9999765,1,1.0,True,0.04648803728030107,0.04672316201165834
MLP,200,78,0.103482656,0,0.0,True,0.006444161849178879,0.0077216942070329345
MLP,200,78,0.0946425,0,0.0,True,-0.003231745199997637,0.0015220275844248714
MLP,200,78,0.23437592,0,0.0,True,0.005748237954551784,0.004025245819101873
MLP,200,78,0.9999757,1,1.0,True,0.04366834170854271,0.046523929471032746
MLP,200,78,0.16767196,0,0.0,True,0.007219405351084595,0.00180130925209181
MLP,200,78,0.08847135,0,0.0,True,-0.00724593262679836,-0.002301857989147679
MLP,200,78,0.20913985,0,0.0,True,0.0015574720497164207,0.002795538614313871
MLP,200,78,0.15833598,0,0.0,True,0.0016626028251970854,-1.9536569690031105e-05
MLP,200,78,0.99278134,1,1.0,True,0.04481701985022473,0.03790350814792881
MLP,200,78,0.27672058,0,0.0,True,-0.00012229306844960472,-0.003975910710519613
MLP,200,78,0.9991366,1,1.0,True,0.043322700780454027,0.037230469499945226
MLP,200,78,0.08610126,0,0.0,True,0.004556649629339707,-0.00019260424135113602
MLP,200,78,0.998415,1,1.0,True,0.04869038709154397,0.04521111158615052
MLP,200,78,0.99995553,1,1.0,True,0.03617505925561147,0.04311689340335302
MLP,200,78,0.9999721,1,1.0,True,0.05239663557731121,0.059429728643905944
MLP,200,78,0.06377584,0,0.0,True,0.0033007710756466514,-0.0014283143393020651
MLP,200,78,0.065702975,0,0.0,True,-0.006139772620020127,-0.007162185985618818
MLP,200,78,0.25611183,0,0.0,True,0.0009374681214982741,0.0028310308379352854
MLP,200,79,0.99995816,1,1.0,True,0.05363709511987733,0.05187446112931962
MLP,200,79,0.14735273,0,0.0,True,-0.0018713670517476358,-0.002076546393341702
MLP,200,79,0.07012047,0,0.0,True,-0.0012398870254281419,0.00042033831336999193
MLP,200,79,0.15412575,0,0.0,True,0.000753797457297954,0.0016626175254913147
MLP,200,79,0.098159224,0,0.0,True,0.00492227118295089,0.004708063195913456
MLP,200,79,0.096537896,0,0.0,True,-0.00511101113038323,-0.0016236319090625706
MLP,200,79,0.9999949,1,1.0,True,0.06188252874833561,0.053746756972848905
MLP,200,79,0.9999962,1,1.0,True,0.05724676683517582,0.05407843823069039
MLP,200,79,0.2874094,0,0.0,True,0.0061287770588925265,0.005236633093563408
MLP,200,79,0.08082572,0,0.0,True,-0.0011103750312225352,0.0004189072185954128
MLP,200,79,0.99920374,1,1.0,True,0.03632244247990827,0.04077412767247875
MLP,200,79,0.99741673,1,1.0,True,0.07070806500219151,0.05805931299201048
MLP,200,79,0.06743691,0,0.0,True,-0.011861697371507976,-0.0023705915580708565
MLP,200,79,0.14062871,0,0.0,True,-0.001114824746670275,0.0008467536675654993
MLP,200,79,0.18842795,0,0.0,True,-0.003374900432183118,-0.003811702522841441
MLP,200,79,0.9999305,1,1.0,True,0.060324114292784774,0.06033288211644047
MLP,200,79,0.07023091,0,0.0,True,-0.0004312477744757466,0.0024904766893661633
MLP,200,79,0.10433727,0,0.0,True,0.00826236279797459,0.003518319831797483
MLP,200,79,0.13869104,0,0.0,True,-0.011757556019725014,-0.008486856662016406
MLP,200,79,0.19594935,0,0.0,True,1.4436539594685657e-05,-0.0012181415168542387
MLP,200,79,0.11465538,0,0.0,True,0.004988085206962433,0.001422360538864801
MLP,200,79,0.10954131,0,0.0,True,-0.0015313006103498728,-0.0058682764060487775
MLP,200,79,0.9995203,1,1.0,True,0.04417511578333279,0.05009189886460985
MLP,200,79,0.9999666,1,1.0,True,0.03559868444106067,0.04886384654561456
MLP,200,79,0.9998901,1,1.0,True,0.034497506442253266,0.045464124194049965
MLP,200,79,0.09005169,0,0.0,True,0.0072304735958112825,0.00596604206978375
MLP,200,79,0.05620653,0,0.0,True,0.00010013893052301114,0.002442854582194848
MLP,200,79,0.06841502,0,0.0,True,-0.003933858010945573,-0.0006940989900575441
MLP,200,79,0.99996614,1,1.0,True,0.044134427733661004,0.04550475998156321
MLP,200,79,0.99999726,1,1.0,True,0.05580971982169551,0.059048192863282944
MLP,200,79,0.99947816,1,1.0,True,0.0660607446228902,0.05844850163793888
MLP,200,79,0.06938009,0,0.0,True,0.0032158789446617656,0.002745351442001225
MLP,200,79,0.0913502,0,0.0,True,0.009774169422567085,0.006554666932664658
MLP,200,79,0.15854993,0,0.0,True,0.0043312170510649995,0.0031341180910861247
MLP,200,79,0.14621814,0,0.0,True,0.0004980685413031475,-0.0011888534114815753
MLP,200,79,0.13752916,0,0.0,True,-0.0002545016334370628,-0.0014641469350175696
MLP,200,79,0.99980444,1,1.0,True,0.06495691594355504,0.05531731127381959
MLP,200,79,0.99985266,1,1.0,True,0.05185459224532501,0.03788001717441871
MLP,200,79,0.15829471,0,0.0,True,0.003923011323029392,0.003581165401535154
MLP,200,79,0.2997249,0,0.0,True,0.005565515627054886,0.0052606129708354385
MLP,200,79,0.99956733,1,1.0,True,0.06579552446135566,0.06037479981726574
MLP,200,79,0.066184215,0,0.0,True,-0.0019219392801934957,0.00029020305574017045
MLP,200,79,0.9999131,1,1.0,True,0.06374702169970659,0.055737093020081174
MLP,200,79,0.99998903,1,1.0,True,0.04142383930586623,0.04933484517148565
MLP,200,79,0.09250785,0,0.0,True,-0.0012417293011991297,-0.0015508397165881979
MLP,200,79,0.99999356,1,1.0,True,0.041639731308735356,0.04560267113132171
MLP,200,79,0.99936074,1,1.0,True,0.04555632497695914,0.05174110118941101
MLP,200,79,0.105723985,0,0.0,True,0.0030256861069766746,0.0023526763265113823
MLP,200,79,0.99994075,1,1.0,True,0.04786045064965422,0.041856743676946334
MLP,200,79,0.99775827,1,1.0,True,0.045187420080565595,0.051594398670982
MLP,200,79,0.99921095,1,1.0,True,0.04331507978192274,0.040727900322760094
MLP,200,79,0.080838814,0,0.0,True,-0.0004101472952101727,0.00029488290021172195
MLP,200,79,0.9989017,1,1.0,True,0.0453836399242192,0.05453259140286146
MLP,200,79,0.99978024,1,1.0,True,0.05701785248391414,0.04998632141598608
MLP,200,79,0.9998934,1,1.0,True,0.055978025808849106,0.05297010949427757
MLP,200,79,0.99998903,1,1.0,True,0.048135246198290293,0.050829431062876074
MLP,200,79,0.9720528,1,1.0,True,0.05361496822881653,0.052617661352345205
MLP,200,79,0.9999614,1,1.0,True,0.04020201567860738,0.049044006638043335
MLP,200,79,0.99997854,1,1.0,True,0.06197049048729051,0.06567779588865735
MLP,200,79,0.9994117,1,1.0,True,0.051150304786642016,0.05011810583875221
MLP,200,79,0.10558524,0,0.0,True,0.008788088845139878,0.00351962212357724
MLP,200,79,0.13111742,0,0.0,True,0.0045203605168369805,0.0033981959034070715
MLP,200,79,0.089642376,0,0.0,True,-0.0025330644539161115,-0.008988229183388659
MLP,200,79,0.09768171,0,0.0,True,-0.005744070477405808,0.00048796177947676766
MLP,200,79,0.14188468,0,0.0,True,-0.0024622567875599868,-0.003000081645200474
MLP,200,79,0.9999844,1,1.0,True,0.04441392588383441,0.045821433687589036
MLP,200,79,0.09604636,0,0.0,True,-0.003579611689605721,-0.0015991901452103476
MLP,200,79,0.9999938,1,1.0,True,0.04342837607917826,0.04629149010156827
MLP,200,79,0.10960817,0,0.0,True,-0.002079912675588832,0.0017174884369920284
MLP,200,79,0.08031174,0,0.0,True,0.005029801801856089,-0.002412029054709104
MLP,200,79,0.9999815,1,1.0,True,0.051508790603489674,0.04891716350440855
MLP,200,79,0.9998834,1,1.0,True,0.04072565437277061,0.04765294405837959
MLP,200,79,0.091651775,0,0.0,True,-0.0027868970751023137,0.0007056933156185555
MLP,200,79,0.105941445,0,0.0,True,0.006838372279413553,0.0027743328488886057
MLP,200,79,0.43057638,0,0.0,True,0.001328204751059168,0.0004510822850388121
MLP,200,79,0.40086582,0,0.0,True,-0.0017285650186491738,-0.001378697888614744
MLP,200,79,0.99999154,1,1.0,True,0.04182511871713218,0.048930457204327656
MLP,200,79,0.99966204,1,1.0,True,0.0556713230925309,0.05336687561450802
MLP,200,79,0.107420154,0,0.0,True,-0.001411495722187393,-0.00199509753893677
MLP,200,79,0.999954,1,1.0,True,0.04345699094741199,0.04393881887351823
MLP,200,79,0.9998171,1,1.0,True,0.0580600069275194,0.06001878885263383
MLP,200,79,0.9998392,1,1.0,True,0.04348883923968884,0.048985420660443736
MLP,200,79,0.13301854,0,0.0,True,0.01379686541747751,0.009800756993320621
MLP,200,79,0.33866963,0,0.0,True,-0.0002595022282106144,-0.001167334618036392
MLP,200,79,0.9996233,1,1.0,True,0.06712250450729981,0.06549818002367615
MLP,200,79,0.99997437,1,1.0,True,0.04618551820570926,0.05149401694491081
MLP,200,79,0.99998343,1,1.0,True,0.04763831326224516,0.04390431883420513
MLP,200,79,0.99998474,1,1.0,True,0.044992610164374974,0.05275958381019774
MLP,200,79,0.065606944,0,0.0,True,0.005073351840276748,0.0024659510944011554
MLP,200,79,0.25455794,0,0.0,True,0.004790946343412509,0.006089569350436935
MLP,200,79,0.99819356,1,1.0,True,0.07653246805191381,0.0659696000804793
MLP,200,79,0.998696,1,1.0,True,0.03271169718758437,0.05304473134011496
MLP,200,79,0.99999964,1,1.0,True,0.049849443906434865,0.046727570728569964
MLP,200,79,0.9992749,1,1.0,True,0.03899063781254967,0.054696746858357286
MLP,200,79,0.99964416,1,1.0,True,0.0658794126690043,0.061360368296357784
MLP,200,79,0.15301654,0,0.0,True,-0.012812428868516369,-0.0054872958713041925
MLP,200,79,0.16171926,0,0.0,True,0.006771486219236049,0.004068254510525847
MLP,200,79,0.12566522,0,0.0,True,-0.002162771006993834,-0.004560843351774942
MLP,200,79,0.9978928,1,1.0,True,0.05242113742919495,0.046790144078227264
MLP,200,79,0.1927058,0,0.0,True,-0.0006211647016352239,-0.0006202334767863947
MLP,200,80,0.094478846,0,0.0,True,0.006529835918875658,0.008436139093008308
MLP,200,80,0.09648523,0,0.0,True,0.0038600944165630012,0.0015017387557757116
MLP,200,80,0.13313584,0,0.0,True,0.004823276283005117,0.0003015934223394397
MLP,200,80,0.14738904,0,0.0,True,0.0020602809326652417,0.0006800291264397799
MLP,200,80,0.99961805,1,1.0,True,0.05963971594588716,0.0530405849583885
MLP,200,80,0.9988998,1,1.0,True,0.05063528085901154,0.04466212285950955
MLP,200,80,0.09437215,0,0.0,True,0.004509451715556438,0.00026663216955914086
MLP,200,80,0.9997768,1,1.0,True,0.06636696810662732,0.06083913166945387
MLP,200,80,0.99981135,1,1.0,True,0.062461770141576674,0.06080441088865874
MLP,200,80,0.12759958,0,0.0,True,0.0031538228966547996,0.005329070350879464
MLP,200,80,0.11321632,0,0.0,True,0.0012046522754173956,0.0018625931158916021
MLP,200,80,0.9997718,1,1.0,True,0.05341191690336518,0.0446317504028731
MLP,200,80,0.9984856,1,1.0,True,0.0489017372067705,0.054371704934173835
MLP,200,80,0.99993765,1,1.0,True,0.0569256545290849,0.05666537012200784
MLP,200,80,0.99932265,1,1.0,True,0.06929060354726813,0.07308213077268175
MLP,200,80,0.99904436,1,1.0,True,0.041370313197151475,0.050868176749005414
MLP,200,80,0.10914017,0,0.0,True,-0.004375213480758339,-0.00486559125078182
MLP,200,80,0.12318073,0,0.0,True,-0.001410982735683672,0.0004490522840786601
MLP,200,80,0.34243128,0,0.0,True,0.003903220822013083,0.003685289569990706
MLP,200,80,0.09596173,0,0.0,True,-0.0007740119048980853,0.00018209247830515657
MLP,200,80,0.99969935,1,1.0,True,0.05455904793993838,0.052421747156569005
MLP,200,80,0.52597165,1,0.0,False,0.004679425669617936,0.00614986421021605
MLP,200,80,0.1484633,0,0.0,True,0.002361582674851169,0.0019896745619398053
MLP,200,80,0.11937422,0,0.0,True,4.827204905286277e-05,-0.0022690863309581407
MLP,200,80,0.18397059,0,0.0,True,-0.005223176363862152,-0.0037747309239993475
MLP,200,80,0.9999925,1,1.0,True,0.0420843218055791,0.060446457557101395
MLP,200,80,0.9999951,1,1.0,True,0.060414194946594175,0.06433890763545069
MLP,200,80,0.99998474,1,1.0,True,0.059197804630464715,0.05438754248726486
MLP,200,80,0.1186743,0,0.0,True,-0.004364316114884204,5.9181094837352525e-05
MLP,200,80,0.999992,1,1.0,True,0.04932217621627254,0.04335034268296174
MLP,200,80,0.9999423,1,1.0,True,0.04457298840145081,0.05595607507635673
MLP,200,80,0.06749145,0,0.0,True,0.00014604117583084917,-0.00035772060559760007
MLP,200,80,0.19720577,0,0.0,True,-0.00020103564623641975,-0.0007305020052942464
MLP,200,80,0.14189751,0,0.0,True,0.0005793431131708043,0.0032248302525184013
MLP,200,80,0.99990976,1,1.0,True,0.054721117232556016,0.05216371620591182
MLP,200,80,0.9998808,1,1.0,True,0.06642743040287909,0.05976936027964126
MLP,200,80,0.99995863,1,1.0,True,0.04205763706855147,0.04787958061521221
MLP,200,80,0.08859826,0,0.0,True,0.004371260986142719,0.00387845663596084
MLP,200,80,0.99996376,1,1.0,True,0.06367723242467996,0.05303057815898947
MLP,200,80,0.34776604,0,0.0,True,0.0005117347295003849,-0.001304624923583818
MLP,200,80,0.069803074,0,0.0,True,0.0035081744646760235,0.0012500099798472047
MLP,200,80,0.99992895,1,1.0,True,0.04671501459836829,0.054036426474642386
MLP,200,80,0.10892216,0,0.0,True,0.013861113414612273,0.0046305226029048
MLP,200,80,0.99933213,1,1.0,True,0.06007571107317747,0.054567288204458206
MLP,200,80,0.14434442,0,0.0,True,0.0031462246970823306,0.0019193132964014838
MLP,200,80,0.9997633,1,1.0,True,0.061997029564086044,0.04802156622386237
MLP,200,80,0.9999939,1,1.0,True,0.06753768844221104,0.059622166246851384
MLP,200,80,0.13592742,0,0.0,True,0.0024948997159048715,0.00027662253866696587
MLP,200,80,0.9997528,1,1.0,True,0.07255639398483837,0.07040112966775527
MLP,200,80,0.998334,1,1.0,True,0.03465919530115962,0.03563026030639317
MLP,200,80,0.99994874,1,1.0,True,0.05661189080463958,0.05444380760262205
MLP,200,80,0.9999989,1,1.0,True,0.05612582797104126,0.04897208452026424
MLP,200,80,0.99999833,1,1.0,True,0.058922334062290256,0.06766618725587946
MLP,200,80,0.1727629,0,0.0,True,-0.001570881613466946,0.0022796436961969313
MLP,200,80,0.10950013,0,0.0,True,-0.00827889571672752,-0.0025539045601870648
MLP,200,80,0.29562336,0,0.0,True,0.004589552421856888,0.00032040597561058234
MLP,200,80,0.9953343,1,1.0,True,0.047891755213078334,0.04315338639376239
MLP,200,80,0.11658337,0,0.0,True,-0.0015908160364323496,-0.0005862223335369033
MLP,200,80,0.9999789,1,1.0,True,0.05039811512808088,0.04688161530793022
MLP,200,80,0.99998295,1,1.0,True,0.05550908074716811,0.048497215866605714
MLP,200,80,0.08435137,0,0.0,True,0.0010680284492193871,-0.002099804074415735
MLP,200,80,0.9998147,1,1.0,True,0.07939336496720657,0.06566529384001278
MLP,200,80,0.09295013,0,0.0,True,0.0032366546737008953,0.0007264050547176184
MLP,200,80,0.14565878,0,0.0,True,-0.0033917693831583685,-0.003501397200160755
MLP,200,80,0.16465448,0,0.0,True,0.00696661045146458,0.005649403881273035
MLP,200,80,0.11952728,0,0.0,True,0.008590684417759667,0.0040779135163606355
MLP,200,80,0.08069554,0,0.0,True,-0.00019071184735786946,-0.005476747759755993
MLP,200,80,0.99965286,1,1.0,True,0.05456958454439463,0.05569077948145273
MLP,200,80,0.9999964,1,1.0,True,0.03996483175789894,0.055062625030570626
MLP,200,80,0.14722943,0,0.0,True,0.0019143582984311046,-0.0028649913874206024
MLP,200,80,0.9999844,1,1.0,True,0.03748127725078641,0.0475758089033553
MLP,200,80,0.9999651,1,1.0,True,0.04289188995084556,0.06044087684122661
MLP,200,80,0.99995804,1,1.0,True,0.05582168951562331,0.05369630966596612
MLP,200,80,0.9986546,1,1.0,True,0.05028104235831015,0.05713367854563524
MLP,200,80,0.23139073,0,0.0,True,0.007223031921694724,0.003308754788939364
MLP,200,80,0.99911326,1,1.0,True,0.06251263576722406,0.051737110288864824
MLP,200,80,0.9999721,1,1.0,True,0.03817690610914288,0.04819163941604261
MLP,200,80,0.122418314,0,0.0,True,-0.005788489282341604,-0.0032841781722174964
MLP,200,80,0.2023524,0,0.0,True,0.0053707606223732185,-0.0027265984791303727
MLP,200,80,0.18496093,0,0.0,True,0.0015070540098774175,0.004457757070786597
MLP,200,80,0.072201274,0,0.0,True,-0.012926521639563458,-0.007490002948755543
MLP,200,80,0.21801332,0,0.0,True,0.0017904843188090152,0.003331845111412438
MLP,200,80,0.99984956,1,1.0,True,0.05245218563756025,0.049814083087503354
MLP,200,80,0.99662423,1,1.0,True,0.07158274849635816,0.06401207128780757
MLP,200,80,0.1367485,0,0.0,True,-0.01026104083819098,-0.005299454864705741
MLP,200,80,0.3058899,0,0.0,True,-0.0026788983488658085,0.0011432977326960914
MLP,200,80,0.20510493,0,0.0,True,0.006128244030019635,0.0028693482019576865
MLP,200,80,0.9999833,1,1.0,True,0.04733993447066731,0.050089376837860876
MLP,200,80,0.08005697,0,0.0,True,-0.0031248634335239688,-0.0003375109491265227
MLP,200,80,0.9999883,1,1.0,True,0.033247974079918176,0.04147122141019946
MLP,200,80,0.99999917,1,1.0,True,0.04364204377068337,0.04015821712882642
MLP,200,80,0.32494646,0,0.0,True,-0.008068358742940653,-0.005623759387453399
MLP,200,80,0.10225372,0,0.0,True,-0.0034504381022006543,0.0006198884034114301
MLP,200,80,0.07425718,0,0.0,True,-0.0032908158038046325,0.0021684011975335467
MLP,200,80,0.99954057,1,1.0,True,0.03530798141652608,0.04804605594123936
MLP,200,80,0.10158803,0,0.0,True,-0.0008840215569578592,-3.09618096447028e-05
MLP,200,80,0.99999595,1,1.0,True,0.05036557412116579,0.05724581118697106
MLP,200,80,0.99993193,1,1.0,True,0.07054028333863328,0.059883764810156746
MLP,200,80,0.088553645,0,0.0,True,-0.004125708696894659,-0.004438591941955864
MLP,200,80,0.09850616,0,0.0,True,-0.0024812324057624678,0.002576334916379435
MLP,200,81,0.14365062,0,0.0,True,0.006213089382915604,0.002197926749842504
MLP,200,81,0.99879587,1,1.0,True,0.060314231742032286,0.05942317539365944
MLP,200,81,0.21618637,0,0.0,True,-0.004174804323225029,-0.0017199633286538957
MLP,200,81,0.9964455,1,1.0,True,0.07220106140091977,0.06784571664228607
MLP,200,81,0.9999994,1,1.0,True,0.06984525190844873,0.06606992977672611
MLP,200,81,0.31853935,0,0.0,True,0.001050010775463021,0.001279682629729651
MLP,200,81,0.99999046,1,1.0,True,0.05261246353225032,0.05002682912673514
MLP,200,81,0.99953985,1,1.0,True,0.06035180457346536,0.04863997774086444
MLP,200,81,0.09358058,0,0.0,True,0.0008323072398416764,-0.004985074249013578
MLP,200,81,0.06324628,0,0.0,True,0.006508499722624234,0.0024751232772982725
MLP,200,81,0.99999964,1,1.0,True,0.04352040235406746,0.050392701861672794
MLP,200,81,0.3426375,0,0.0,True,0.007005939316600224,-0.0008122808687221517
MLP,200,81,0.99992025,1,1.0,True,0.048459908903797734,0.05324028568803547
MLP,200,81,0.090325475,0,0.0,True,0.003859525752703256,0.005833816111059642
MLP,200,81,0.35181406,0,0.0,True,-0.003927076388619492,-0.0054490821118666774
MLP,200,81,0.9998965,1,1.0,True,0.055632488454333114,0.05196673507430065
MLP,200,81,0.9969734,1,1.0,True,0.04315524268420841,0.05064505198272246
MLP,200,81,0.0750117,0,0.0,True,-6.356284537364489e-07,0.000880850633126901
MLP,200,81,0.13275398,0,0.0,True,0.004625087208455784,0.002043022106051931
MLP,200,81,0.9998654,1,1.0,True,0.058302230089176975,0.05264034111621062
MLP,200,81,0.9999646,1,1.0,True,0.0566758012851917,0.04805243634529629
MLP,200,81,0.20905323,0,0.0,True,-0.0003140552761410379,-0.0019757696475817457
MLP,200,81,0.06831978,0,0.0,True,0.0038945979006018865,0.0020212466087843684
MLP,200,81,0.9998109,1,1.0,True,0.06088851802396374,0.058522921292383207
MLP,200,81,0.14789633,0,0.0,True,-0.0009243393922408705,-0.002108480462024017
MLP,200,81,0.07129693,0,0.0,True,-0.0028418152460513895,0.00180737341387543
MLP,200,81,0.99998283,1,1.0,True,0.06322582859975355,0.05921519966897031
MLP,200,81,0.16206355,0,0.0,True,-0.0025682294665978793,-0.001038760827787395
MLP,200,81,0.99994564,1,1.0,True,0.05401868059014402,0.049948839313450046
MLP,200,81,0.19511566,0,0.0,True,0.0005548293522808606,-0.00311139426285627
MLP,200,81,0.15308805,0,0.0,True,0.004588827449804566,0.006213066739607356
MLP,200,81,0.9998921,1,1.0,True,0.06075583904614274,0.051565010475230384
MLP,200,81,0.092701554,0,0.0,True,-0.006031947904104962,-0.006802898221469113
MLP,200,81,0.9971775,1,1.0,True,0.08542738182356041,0.06799765022306727
MLP,200,81,0.06839397,0,0.0,True,-0.002390886768109708,-0.0019083894804856427
MLP,200,81,0.16659693,0,0.0,True,0.0007934154982330931,0.0007191983567782985
MLP,200,81,0.2180709,0,0.0,True,0.00450612234921371,0.002376441045726879
MLP,200,81,0.99962616,1,1.0,True,0.07184324345339943,0.061491046345918635
MLP,200,81,1.0,1,1.0,True,0.04008720817346516,0.052559787270533224
MLP,200,81,0.99999726,1,1.0,True,0.0621095127742302,0.06550497536395682
MLP,200,81,0.2843385,0,0.0,True,-0.002228803799601725,0.002626980434959148
MLP,200,81,0.9999987,1,1.0,True,0.03852505047774725,0.04660954919175744
MLP,200,81,0.14251348,0,0.0,True,0.0036999967252188235,0.003912902978262626
MLP,200,81,0.19398203,0,0.0,True,-0.005226681997225751,-0.002974329459197791
MLP,200,81,0.9999678,1,1.0,True,0.05436743367999839,0.05700056817352708
MLP,200,81,0.10904505,0,0.0,True,-0.004149072190913526,7.357095661220391e-05
MLP,200,81,0.07325379,0,0.0,True,-0.007550359928787556,-8.813873631115482e-05
MLP,200,81,0.9999964,1,1.0,True,0.06964057154933058,0.06467970609965056
MLP,200,81,0.15556408,0,0.0,True,-0.0016665609851838406,-0.0038628071118132924
MLP,200,81,0.077743195,0,0.0,True,0.0034186675638704874,-0.0006574645174395898
MLP,200,81,0.46511132,0,0.0,True,-0.006839092598697865,-0.005646592871071149
MLP,200,81,0.99992204,1,1.0,True,0.044840580132153425,0.050645381362260905
MLP,200,81,0.9999919,1,1.0,True,0.07016905797437392,0.06641773266093445
MLP,200,81,0.99990356,1,1.0,True,0.05102998822836267,0.051431581403468235
MLP,200,81,0.9982905,1,1.0,True,0.06577739654110963,0.056191026098649816
MLP,200,81,0.9999964,1,1.0,True,0.06485692781424926,0.056830942639419915
MLP,200,81,0.22290342,0,0.0,True,0.0036178267673845654,-0.002695591633639841
MLP,200,81,0.19991845,0,0.0,True,-6.462364177318251e-05,-0.0035707885129147893
MLP,200,81,0.13368174,0,0.0,True,-0.01036685170393427,-0.008908385089977265
MLP,200,81,0.99999964,1,1.0,True,0.05344296789066233,0.04883545653251919
MLP,200,81,0.21369885,0,0.0,True,-0.0026438977429018287,-0.0020998366379357263
MLP,200,81,0.99999547,1,1.0,True,0.0574358124373138,0.05692525073949692
MLP,200,81,0.11638123,0,0.0,True,0.006321389341517855,0.0027359410782904696
MLP,200,81,0.22829115,0,0.0,True,-0.0025151706666129143,-0.004030113681638904
MLP,200,81,0.15906882,0,0.0,True,-0.0022361124171690716,-0.0014349526165968137
MLP,200,81,0.999992,1,1.0,True,0.05007681501038938,0.056499766712470666
MLP,200,81,0.99980444,1,1.0,True,0.03964611502299682,0.04589348921843271
MLP,200,81,0.16038145,0,0.0,True,0.005754910785926204,0.0006351516546633029
MLP,200,81,0.99999344,1,1.0,True,0.04163237220601306,0.04655747388988575
MLP,200,81,0.14904316,0,0.0,True,0.0023332917944451186,0.0005254543975480373
MLP,200,81,0.9997855,1,1.0,True,0.06566267874357225,0.06701102683638623
MLP,200,81,0.08525354,0,0.0,True,-0.002541535424158666,-0.003631585296260172
MLP,200,81,0.9999362,1,1.0,True,0.07161994158117999,0.0694050807335875
MLP,200,81,0.99999654,1,1.0,True,0.06029883362563019,0.05863399462629306
MLP,200,81,0.13007717,0,0.0,True,0.0024587756046187048,0.0027917377102181424
MLP,200,81,0.12701972,0,0.0,True,-0.004443114920838941,-0.0041260859981613485
MLP,200,81,0.99997616,1,1.0,True,0.05548816730015641,0.05340793144920034
MLP,200,81,0.9982838,1,1.0,True,0.05246279036120336,0.04549334893171491
MLP,200,81,0.07545186,0,0.0,True,0.008888437031647,0.005207539801990904
MLP,200,81,0.9999442,1,1.0,True,0.046938158062089334,0.04202681068736901
MLP,200,81,0.18824148,0,0.0,True,-0.0002631049818312848,0.0005919297952195139
MLP,200,81,0.9999937,1,1.0,True,0.0465397926736135,0.05637721940329449
MLP,200,81,0.9999969,1,1.0,True,0.06306342204345429,0.04997279065035714
MLP,200,81,0.24745128,0,0.0,True,0.0011997367597323028,0.003570032452557775
MLP,200,81,0.99999905,1,1.0,True,0.05279358364499245,0.051545610906731314
MLP,200,81,0.9999989,1,1.0,True,0.05296327368993384,0.05060270390641947
MLP,200,81,0.9999888,1,1.0,True,0.06487549559071375,0.061563964035721064
MLP,200,81,0.122819744,0,0.0,True,0.006783834188433936,0.004861382844580714
MLP,200,81,0.9995603,1,1.0,True,0.050488574591729556,0.0592786233610082
MLP,200,81,0.35925123,0,0.0,True,-0.0075380924623755325,-0.0036527876877196002
MLP,200,81,0.09346664,0,0.0,True,4.944599477349109e-05,0.0006575588392420917
MLP,200,81,0.14555652,0,0.0,True,-0.003795402735661446,-0.0017151571255085397
MLP,200,81,0.9994215,1,1.0,True,0.06002854225312765,0.06138834696712266
MLP,200,81,0.31728536,0,0.0,True,0.005444475462359443,0.005635143770999517
MLP,200,81,0.99998796,1,1.0,True,0.06351145895307311,0.06286836846408624
MLP,200,81,0.9998975,1,1.0,True,0.05985899261109895,0.05335172906721729
MLP,200,81,0.998934,1,1.0,True,0.04633222159794263,0.05083085742141588
MLP,200,81,0.9999354,1,1.0,True,0.07187391938846367,0.06315002532039889
MLP,200,81,0.9999763,1,1.0,True,0.05065048911848384,0.045789278051353535
MLP,200,81,0.999915,1,1.0,True,0.05125751662722972,0.0511596022307719
MLP,200,82,0.060788438,0,0.0,True,-0.004052847965110847,0.00024176177849006276
MLP,200,82,0.9985323,1,1.0,True,0.05903244654939158,0.06390089894393591
MLP,200,82,0.99998903,1,1.0,True,0.06369899668151544,0.05929289524956622
MLP,200,82,0.99998856,1,1.0,True,0.05606660266996259,0.059582157060096855
MLP,200,82,0.07706235,0,0.0,True,-0.005880938393861553,-0.0012607622582600914
MLP,200,82,0.99637526,1,1.0,True,0.04662281665191725,0.04890497700647798
MLP,200,82,0.99998844,1,1.0,True,0.06143858059348402,0.05254398120121575
MLP,200,82,0.9998882,1,1.0,True,0.05081465956406978,0.0658789087165144
MLP,200,82,0.33704284,0,0.0,True,0.0009284024889775596,-0.0013108995982364913
MLP,200,82,0.99991524,1,1.0,True,0.07271057019809525,0.06208950037671032
MLP,200,82,0.99756277,1,1.0,True,0.07630046146426524,0.06014974653225776
MLP,200,82,0.055916656,0,0.0,True,-0.009397817676088717,-0.00884180510717061
MLP,200,82,0.9999896,1,1.0,True,0.03902953360368814,0.04134492654636326
MLP,200,82,0.9999927,1,1.0,True,0.05465079096992336,0.059166034089853624
MLP,200,82,0.12218148,0,0.0,True,-0.0016197351060422938,-0.003412363577908884
MLP,200,82,0.3207269,0,0.0,True,0.002992829478440529,0.0004070989928182081
MLP,200,82,0.99982256,1,1.0,True,0.04079009535964182,0.051341225056614155
MLP,200,82,0.9998938,1,1.0,True,0.05231149423370318,0.05735546585026083
MLP,200,82,0.99999833,1,1.0,True,0.04575430161699604,0.04992679986515512
MLP,200,82,0.088413365,0,0.0,True,-0.006543869686825904,-0.006334774626834106
MLP,200,82,0.9999988,1,1.0,True,0.05286312323203878,0.052090022238752365
MLP,200,82,0.9998499,1,1.0,True,0.045162998090222624,0.056409966477019596
MLP,200,82,0.099821694,0,0.0,True,-0.003467387274370909,-0.0005541464201514752
MLP,200,82,0.121028006,0,0.0,True,-0.0008576776724440356,-0.004036450096338809
MLP,200,82,0.9999405,1,1.0,True,0.039148292857480026,0.048114322992703594
MLP,200,82,0.9999448,1,1.0,True,0.07673561837115872,0.06252495240739618
MLP,200,82,0.9999355,1,1.0,True,0.059997954273627994,0.0572913940566689
MLP,200,82,0.99997115,1,1.0,True,0.0500461474720492,0.05536560121487217
MLP,200,82,0.999861,1,1.0,True,0.0865628734168284,0.0808502758963901
MLP,200,82,0.63221747,1,0.0,False,-0.0043940314498793175,-0.00014783834078537338
MLP,200,82,0.9999397,1,1.0,True,0.03693284279288273,0.040862669896293335
MLP,200,82,0.99999774,1,1.0,True,0.04651990339966242,0.0546723614990579
MLP,200,82,0.9998754,1,1.0,True,0.06435812211018145,0.06948184100257637
MLP,200,82,0.080596074,0,0.0,True,-0.008452233947610069,-0.003259176603630086
MLP,200,82,0.12372238,0,0.0,True,-0.0011724817947235846,-0.0034673872293757577
MLP,200,82,0.999997,1,1.0,True,0.041658394787156716,0.04650150285110575
MLP,200,82,0.99993956,1,1.0,True,0.07436945023054849,0.06825879256660188
MLP,200,82,0.12538888,0,0.0,True,-0.007641805674038537,-0.0015129266440139547
MLP,200,82,0.059210807,0,0.0,True,0.00333935760860198,0.002289377796644753
MLP,200,82,0.3251907,0,0.0,True,0.0017580390248552408,0.0027447589730006878
MLP,200,82,0.069913715,0,0.0,True,0.0013904916656306543,-0.00044456019345035316
MLP,200,82,0.112607785,0,0.0,True,0.00011224330960701588,-0.0003375528243956229
MLP,200,82,0.21783936,0,0.0,True,0.0021051575572693473,0.0026903779410846406
MLP,200,82,0.17361498,0,0.0,True,0.002316837930855818,0.0032034712549613613
MLP,200,82,0.9999256,1,1.0,True,0.040484551584752726,0.05576833280420722
MLP,200,82,0.09903771,0,0.0,True,0.0025342713853272404,-0.00015513252651142148
MLP,200,82,0.13505422,0,0.0,True,-0.005768241674495242,-0.003313105509444599
MLP,200,82,0.11796428,0,0.0,True,-0.0019129423845749378,-0.0009354373569409963
MLP,200,82,0.11559175,0,0.0,True,0.0007956578415818577,0.0046507073679560845
MLP,200,82,0.1082802,0,0.0,True,-0.0006730169545509229,-0.005889599705767045
MLP,200,82,0.9997644,1,1.0,True,0.051900720798207754,0.047265448421254054
MLP,200,82,0.99999726,1,1.0,True,0.06974677878958661,0.06289205145674037
MLP,200,82,0.9994325,1,1.0,True,0.06983666881941955,0.05502694170337535
MLP,200,82,0.99997914,1,1.0,True,0.056278027153976895,0.059657598512161646
MLP,200,82,0.9999962,1,1.0,True,0.03497510324585822,0.046026576086435185
MLP,200,82,0.10440204,0,0.0,True,-0.0032437555520935836,-0.007004263129704361
MLP,200,82,0.10094817,0,0.0,True,0.000319933157776881,0.0010537039814167962
MLP,200,82,0.9999924,1,1.0,True,0.06525555530502228,0.06253409032158036
MLP,200,82,0.99999785,1,1.0,True,0.046109262591323134,0.05439985331844829
MLP,200,82,0.076168336,0,0.0,True,0.006690601953593054,0.0016709654342511834
MLP,200,82,0.99999857,1,1.0,True,0.053218286762648816,0.04601870144968384
MLP,200,82,0.999998,1,1.0,True,0.05253414973859768,0.06020902554579362
MLP,200,82,0.3679362,0,0.0,True,0.006116156457998755,0.005324511848156212
MLP,200,82,0.9999347,1,1.0,True,0.043911461321934186,0.05571107077127963
MLP,200,82,0.06105512,0,0.0,True,0.003951468497875777,-0.0012282657975935464
MLP,200,82,0.99997747,1,1.0,True,0.05668366294070067,0.05692730419144393
MLP,200,82,0.106591836,0,0.0,True,-0.004751513101023811,-0.005191254095963997
MLP,200,82,0.99956864,1,1.0,True,0.030080415248447626,0.045197066515829554
MLP,200,82,0.99999785,1,1.0,True,0.05071452059504242,0.046002496094822556
MLP,200,82,0.99983895,1,1.0,True,0.04909390176092266,0.056270955942899936
MLP,200,82,0.057221815,0,0.0,True,-5.460029103792985e-05,-0.0018930719000849032
MLP,200,82,0.06414219,0,0.0,True,0.012260407870635152,0.007152473224226531
MLP,200,82,0.10569718,0,0.0,True,0.0003413705413648147,0.0033149374242517054
MLP,200,82,0.17585993,0,0.0,True,-0.003277112622134129,-0.0038133765750089704
MLP,200,82,0.26771584,0,0.0,True,0.002762973426599872,-0.0012603381365767173
MLP,200,82,0.21415699,0,0.0,True,-0.0036191412107210532,-0.0035780020884024323
MLP,200,82,0.2667416,0,0.0,True,-0.0054896514190819045,-0.004923893441113308
MLP,200,82,0.9999963,1,1.0,True,0.05129771175052293,0.05180478531962808
MLP,200,82,0.055284336,0,0.0,True,0.008935785479426755,0.0035426080339725683
MLP,200,82,0.1522602,0,0.0,True,-0.005879631948432939,0.0011083071193908303
MLP,200,82,0.9999639,1,1.0,True,0.05598770964240573,0.06309353528690088
MLP,200,82,0.18051362,0,0.0,True,-0.0038333116490349107,-0.004801557171476698
MLP,200,82,0.10819721,0,0.0,True,0.00027343084949837216,0.0025282070205926554
MLP,200,82,0.9999975,1,1.0,True,0.045246348730214,0.04808698539024626
MLP,200,82,0.9999949,1,1.0,True,0.053714440665121835,0.05855824441658737
MLP,200,82,0.99999845,1,1.0,True,0.05131233894440039,0.04801113712720299
MLP,200,82,0.9999933,1,1.0,True,0.05684721463185086,0.06029142177927406
MLP,200,82,0.9994062,1,1.0,True,0.05653295438441466,0.06025201481811211
MLP,200,82,0.9999769,1,1.0,True,0.0839659508321698,0.07097616235390057
MLP,200,82,0.11603474,0,0.0,True,-0.007086024449766592,-0.0038783694189677715
MLP,200,82,0.99999666,1,1.0,True,0.05058380317526861,0.04316163578966473
MLP,200,82,0.10827318,0,0.0,True,-0.001640127468077839,0.0008004798707046311
MLP,200,82,0.21736911,0,0.0,True,-0.007156731408781381,-0.001407490209845761
MLP,200,82,0.12528743,0,0.0,True,0.0015385292386957293,0.0017947093110615828
MLP,200,82,0.99999976,1,1.0,True,0.05529321744420357,0.05171901795594249
MLP,200,82,0.23328605,0,0.0,True,-0.0001725944204537046,-0.001079212844307993
MLP,200,82,0.9999943,1,1.0,True,0.0666694606501357,0.06530000293897065
MLP,200,82,0.14853916,0,0.0,True,0.0010315548838048063,0.0014166342912096447
MLP,200,82,0.10357096,0,0.0,True,0.00239032869832647,0.0011886733007527802
MLP,200,82,0.9996685,1,1.0,True,0.06738787254267802,0.06313585438666627
MLP,200,83,0.9998944,1,1.0,True,0.06360668530870982,0.06457569315986535
MLP,200,83,0.075381674,0,0.0,True,0.00011228544931778811,0.0014470848406530458
MLP,200,83,0.1822394,0,0.0,True,-0.0009747731130477742,-0.0008499582766659597
MLP,200,83,0.99999154,1,1.0,True,0.07039550403159887,0.07082664056054433
MLP,200,83,0.14972356,0,0.0,True,-0.001956397500910919,-0.0028681065746807115
MLP,200,83,0.14461185,0,0.0,True,-0.00021562990086735443,-0.0013243192336998993
MLP,200,83,0.9997371,1,1.0,True,0.04731621118050723,0.051240375600379064
MLP,200,83,0.99999094,1,1.0,True,0.06089158714803358,0.05970822168933881
MLP,200,83,0.16219887,0,0.0,True,-0.008069061632927048,0.0009045949539567763
MLP,200,83,0.999801,1,1.0,True,0.0614572864321608,0.049974811083123426
MLP,200,83,0.106897876,0,0.0,True,-0.0018150481818174132,-0.0010646261099709704
MLP,200,83,0.097098544,0,0.0,True,-0.003970975002414307,0.0025686716710221825
MLP,200,83,0.13702023,0,0.0,True,-0.01022021138937935,-0.0017071221673890422
MLP,200,83,0.9999095,1,1.0,True,0.06650442728237664,0.05267997834292671
MLP,200,83,0.19621287,0,0.0,True,-0.002927333598529866,0.0012479076042501852
MLP,200,83,0.16556191,0,0.0,True,-0.0058174414620328465,-0.006534779776788813
MLP,200,83,0.19523741,0,0.0,True,0.006135264603174768,-0.0024955848018158823
MLP,200,83,0.9999355,1,1.0,True,0.044008266488149775,0.04610930098497673
MLP,200,83,0.99999964,1,1.0,True,0.04034992853319753,0.05392726972774281
MLP,200,83,0.088156536,0,0.0,True,-0.0033443262459558944,-0.003925994542250515
MLP,200,83,0.19768398,0,0.0,True,0.003800956118666191,0.0050739550709777495
MLP,200,83,0.2621039,0,0.0,True,-0.0016035387667751764,-0.001202962489650184
MLP,200,83,0.29117864,0,0.0,True,0.004672959513723345,2.5024126050264254e-05
MLP,200,83,0.99995506,1,1.0,True,0.07588064319342823,0.05441504330532882
MLP,200,83,0.9997814,1,1.0,True,0.05826195442785299,0.06445182945780038
MLP,200,83,0.999015,1,1.0,True,0.07325910656814873,0.053446307213261456
MLP,200,83,0.34350303,0,0.0,True,0.005319769656227819,0.008431811803088033
MLP,200,83,0.13716131,0,0.0,True,-0.0049382358924188385,0.0007916349349766667
MLP,200,83,0.9999975,1,1.0,True,0.05984913787128599,0.06188938756368099
MLP,200,83,0.06215647,0,0.0,True,-0.0016802721278479195,0.00045504550850954974
MLP,200,83,0.9999709,1,1.0,True,0.0768497832832502,0.0697501508102019
MLP,200,83,0.9995894,1,1.0,True,0.061704423210794196,0.06564982576352014
MLP,200,83,0.9996351,1,1.0,True,0.059961000693726285,0.05683459258564629
MLP,200,83,0.08945596,0,0.0,True,-0.0004995498346048794,3.981550133755145e-06
MLP,200,83,0.10306679,0,0.0,True,0.0009500468793073179,0.001581728808492151
MLP,200,83,0.090375304,0,0.0,True,0.0033659084858408067,0.004583615225711187
MLP,200,83,0.720295,1,0.0,False,-0.00016917776850247692,0.00040857253560901537
MLP,200,83,0.99999523,1,1.0,True,0.06937951925661018,0.0626767207146913
MLP,200,83,0.9989549,1,1.0,True,0.06093616583491651,0.05868116271810987
MLP,200,83,0.05814021,0,0.0,True,0.007938253120702019,0.006018679116451258
MLP,200,83,0.12735058,0,0.0,True,0.0016042045690003327,-0.0009370045441003365
MLP,200,83,0.9999989,1,1.0,True,0.08369659710914361,0.07802820448877099
MLP,200,83,0.2956742,0,0.0,True,-0.00028436956618579424,-0.0023259798076682614
MLP,200,83,0.9999999,1,1.0,True,0.06532929094058709,0.061010280788237156
MLP,200,83,0.19685282,0,0.0,True,-0.00022146302733960156,-0.0019855584695153937
MLP,200,83,0.99972135,1,1.0,True,0.06558186175245204,0.06138498015628676
MLP,200,83,0.9999975,1,1.0,True,0.05329090513694789,0.053921562144834845
MLP,200,83,0.99979705,1,1.0,True,0.05365512269910165,0.05178917703282907
MLP,200,83,0.9996363,1,1.0,True,0.0593133116867549,0.06596021186334239
MLP,200,83,0.19656289,0,0.0,True,-0.0016148460272252649,0.0035703062783619187
MLP,200,83,0.9998895,1,1.0,True,0.0533091979464916,0.04641575308068485
MLP,200,83,0.13871539,0,0.0,True,0.003919073507650836,0.003525852129972514
MLP,200,83,0.1587447,0,0.0,True,-0.003207024358574858,3.5051652075210384e-05
MLP,200,83,0.9996126,1,1.0,True,0.059637515489941104,0.06733250138348525
MLP,200,83,0.09651307,0,0.0,True,-0.0054669707176417445,-0.0019067682796989204
MLP,200,83,0.9999889,1,1.0,True,0.06473387161099638,0.06611639265819336
MLP,200,83,0.06370902,0,0.0,True,-0.0024620689953574397,0.0007307749928438984
MLP,200,83,0.076582514,0,0.0,True,-0.00021197370220702797,-0.00026097737833425815
MLP,200,83,0.99999464,1,1.0,True,0.06064955256290933,0.048839592356236895
MLP,200,83,0.06868975,0,0.0,True,0.0035472610828213144,0.0017161145354778052
MLP,200,83,0.22884859,0,0.0,True,-0.007852270888106938,-0.0019019896547292489
MLP,200,83,0.13109727,0,0.0,True,-0.003134592573722594,-0.004679473289818231
MLP,200,83,0.22441645,0,0.0,True,-0.00430817519480811,-0.0033634157932914094
MLP,200,83,0.9999205,1,1.0,True,0.06417436805286808,0.06477798671926886
MLP,200,83,0.112631485,0,0.0,True,-0.0009590554314121068,0.0029434173197316177
MLP,200,83,0.15083125,0,0.0,True,-0.013361513818451395,-0.008282547294727603
MLP,200,83,0.21775262,0,0.0,True,-0.0007782584592888418,0.0001540866931802775
MLP,200,83,0.057599027,0,0.0,True,-0.0032161621226181785,0.002115807693701264
MLP,200,83,0.9999981,1,1.0,True,0.061054902422790686,0.05451676818160313
MLP,200,83,0.99993265,1,1.0,True,0.0586129991650781,0.0575782039105905
MLP,200,83,0.12892193,0,0.0,True,0.0008913952802200797,0.00021473322517852193
MLP,200,83,0.99163145,1,1.0,True,0.04480134809349606,0.053271208148256886
MLP,200,83,0.21223326,0,0.0,True,-0.008945850379225108,-0.005342528841011266
MLP,200,83,0.28537253,0,0.0,True,-0.004262873417787685,-0.0011995559929213267
MLP,200,83,0.0907482,0,0.0,True,0.0031311204788426156,-0.0022257569514015614
MLP,200,83,0.9998134,1,1.0,True,0.07449020397628757,0.07281201641649289
MLP,200,83,0.10439315,0,0.0,True,-0.000584721378569253,0.0040247627985693
MLP,200,83,0.999992,1,1.0,True,0.057085701660488396,0.05455902252481126
MLP,200,83,0.20534799,0,0.0,True,0.00030258352899581605,-0.00010072662943062543
MLP,200,83,0.34940344,0,0.0,True,0.002358469680297032,-0.001035725083923191
MLP,200,83,0.99999106,1,1.0,True,0.06018342584179673,0.060400399264938925
MLP,200,83,0.20479567,0,0.0,True,-0.00024164346043855934,0.0012967592946514655
MLP,200,83,0.9999323,1,1.0,True,0.04083725597902626,0.054190626854649794
MLP,200,83,0.13584335,0,0.0,True,0.001019383133065712,-0.0016687458055919774
MLP,200,83,0.1945794,0,0.0,True,0.0001327286350587229,-0.004524311538663432
MLP,200,83,0.09831619,0,0.0,True,0.004319774487081072,-0.00032941145903990325
MLP,200,83,0.9992974,1,1.0,True,0.06491073537485383,0.06615364148787231
MLP,200,83,0.9999784,1,1.0,True,0.06394002173266834,0.0671834447946832
MLP,200,83,0.25823972,0,0.0,True,0.006519668701484411,0.0011708370111180439
MLP,200,83,0.07765535,0,0.0,True,0.0029671289831760994,-0.000931036822313292
MLP,200,83,0.109294236,0,0.0,True,-0.0030177033724134513,-0.0014879247914499707
MLP,200,83,0.99996746,1,1.0,True,0.04618340664078675,0.05613875288837749
MLP,200,83,0.120149754,0,0.0,True,-0.006511498099871341,-0.004515020319999664
MLP,200,83,0.077694915,0,0.0,True,-0.008694865847418843,-0.004888327401021316
MLP,200,83,0.08058554,0,0.0,True,0.0012849928207514245,0.0034555328944330054
MLP,200,83,0.99999166,1,1.0,True,0.05962567658241354,0.04421756336789727
MLP,200,83,0.999997,1,1.0,True,0.06915146654317478,0.06287111618491505
MLP,200,83,0.10036212,0,0.0,True,-0.003719807739909243,-0.002041596500036193
MLP,200,83,0.11523868,0,0.0,True,-0.004097606938617608,-0.0006337365610108172
MLP,200,83,0.9999987,1,1.0,True,0.04835316610131404,0.04968565943212273
MLP,200,84,0.99966013,1,1.0,True,0.06125491423057016,0.06267083850241575
MLP,200,84,0.092090294,0,0.0,True,-0.0012335087011845585,-0.002092333797373288
MLP,200,84,0.119148806,0,0.0,True,0.005426412385332761,0.004331720309688863
MLP,200,84,0.9994112,1,1.0,True,0.05155045000166823,0.06833649738877187
MLP,200,84,0.9999794,1,1.0,True,0.055326098589947345,0.05886423658301287
MLP,200,84,0.9999794,1,1.0,True,0.06984359010307871,0.07173180682910198
MLP,200,84,0.99999416,1,1.0,True,0.06909207882411071,0.06999896921063332
MLP,200,84,0.15480591,0,0.0,True,-0.008087207287271973,-0.001661615795339159
MLP,200,84,0.07925579,0,0.0,True,-0.011121552706297526,-0.0019044897248467387
MLP,200,84,0.18115672,0,0.0,True,0.010733266159003888,0.006151286632714762
MLP,200,84,0.9999877,1,1.0,True,0.05680962247125068,0.06337758952681155
MLP,200,84,0.15945575,0,0.0,True,-0.0005529768824988874,-0.0020907893672996503
MLP,200,84,0.9997322,1,1.0,True,0.04721179808896615,0.04299242612072698
MLP,200,84,0.9999033,1,1.0,True,0.04040197550960562,0.06319905172402233
MLP,200,84,0.16402502,0,0.0,True,-0.0035028898975125776,-0.002098541426163718
MLP,200,84,0.12669826,0,0.0,True,0.008352008853026489,2.9507042811433e-05
MLP,200,84,0.35648602,0,0.0,True,-0.0012748557715548399,-0.002361226073621169
MLP,200,84,0.10179241,0,0.0,True,0.006479704310767844,0.002038113945902282
MLP,200,84,0.10387588,0,0.0,True,-0.0032449319144212526,-0.0022463367255092844
MLP,200,84,0.24235964,0,0.0,True,-0.00019368889002028866,0.003039043512066401
MLP,200,84,0.07572912,0,0.0,True,0.005727378260835762,0.002366266904885238
MLP,200,84,0.27280578,0,0.0,True,-0.008471353990499553,-0.005971130625792192
MLP,200,84,0.99668354,1,1.0,True,0.04679924412886064,0.05917307341735892
MLP,200,84,0.99980885,1,1.0,True,0.06735878628330169,0.06481179769405888
MLP,200,84,0.99928504,1,1.0,True,0.0686940610065519,0.05672595908515385
MLP,200,84,0.999992,1,1.0,True,0.07706300499645423,0.062070017430650916
MLP,200,84,0.11638815,0,0.0,True,0.0019368574666618543,0.0017388973767159513
MLP,200,84,0.24867024,0,0.0,True,-0.0032720367818834424,0.0013042430381672758
MLP,200,84,0.9999995,1,1.0,True,0.05507116542666513,0.058661562904037956
MLP,200,84,0.9999908,1,1.0,True,0.07061430779256446,0.0659527704540863
MLP,200,84,0.101469025,0,0.0,True,-0.0008040203336684646,0.002619657233250293
MLP,200,84,0.08061841,0,0.0,True,-0.007942469637159983,-0.0007832356892502133
MLP,200,84,0.13530336,0,0.0,True,-0.0035766511128268235,9.179840393976361e-05
MLP,200,84,0.9999982,1,1.0,True,0.043761726672490564,0.046692377705680105
MLP,200,84,0.07697906,0,0.0,True,0.0051468629790439166,-0.0016434017280107349
MLP,200,84,0.9979492,1,1.0,True,0.06533739102142744,0.06688747613741157
MLP,200,84,0.99987566,1,1.0,True,0.07768432912372525,0.07191014084002309
MLP,200,84,0.9999968,1,1.0,True,0.07685152662278574,0.07200483020672631
MLP,200,84,0.12757885,0,0.0,True,0.002642744894506708,-0.0023630070925061025
MLP,200,84,0.99999917,1,1.0,True,0.09843692287675984,0.08189097819207464
MLP,200,84,0.9999938,1,1.0,True,0.0629821869567327,0.05867685292088947
MLP,200,84,0.42200908,0,0.0,True,0.00526071935890998,0.0038627138346720396
MLP,200,84,0.12080833,0,0.0,True,-0.002387271978786099,0.0011343708278451913
MLP,200,84,0.27701926,0,0.0,True,-0.005290219375914952,-0.0019253219976214668
MLP,200,84,0.09862811,0,0.0,True,-0.005546450996121206,-0.005128872275322386
MLP,200,84,0.08914644,0,0.0,True,-0.00484088835392016,0.00023375605743341396
MLP,200,84,0.20651272,0,0.0,True,-0.0060520252962266196,-0.0031422925550846697
MLP,200,84,0.99999297,1,1.0,True,0.06278427537523208,0.06019550899637777
MLP,200,84,0.99999833,1,1.0,True,0.06417131277292669,0.04705299993160624
MLP,200,84,0.08728187,0,0.0,True,0.004218289875887904,0.004858669774880286
MLP,200,84,0.14526248,0,0.0,True,0.0015368836529117765,0.0010354734275689252
MLP,200,84,0.14735276,0,0.0,True,0.007610765123687883,0.008842724881559223
MLP,200,84,0.99998724,1,1.0,True,0.08969632339407058,0.0768416440454945
MLP,200,84,0.9999933,1,1.0,True,0.058371666245535116,0.05736268075031045
MLP,200,84,0.9999999,1,1.0,True,0.05434378973310472,0.05911696874521185
MLP,200,84,0.99999225,1,1.0,True,0.06154961744646911,0.060579973894396365
MLP,200,84,0.9999088,1,1.0,True,0.06115486434812846,0.057455372249040286
MLP,200,84,0.9999968,1,1.0,True,0.055074325546715035,0.06536253733600599
MLP,200,84,0.094762355,0,0.0,True,-0.005969293524462124,-0.0058302109723975
MLP,200,84,0.17591277,0,0.0,True,0.003230839217366304,-0.0018973195331144668
MLP,200,84,0.9999989,1,1.0,True,0.05559231879132705,0.0576970647164578
MLP,200,84,1.0,1,1.0,True,0.05345895050347131,0.05813944568613913
MLP,200,84,0.108888745,0,0.0,True,0.012511599759155561,0.007832355784018542
MLP,200,84,0.10493986,0,0.0,True,-0.0034595924791830522,-0.002529235363578068
MLP,200,84,0.07543034,0,0.0,True,-0.002927946182524878,-0.0012442912215396965
MLP,200,84,0.99993956,1,1.0,True,0.04526468634973528,0.04789900054272185
MLP,200,84,0.9999975,1,1.0,True,0.050495168407357426,0.04693300522763222
MLP,200,84,0.173388,0,0.0,True,0.002959947318575996,0.0016324244572848722
MLP,200,84,0.99999607,1,1.0,True,0.06155537286280645,0.05662362838017978
MLP,200,84,0.99991155,1,1.0,True,0.07763486692935993,0.06375354818253105
MLP,200,84,0.9999993,1,1.0,True,0.05908516764758808,0.05640952191768125
MLP,200,84,0.18944976,0,0.0,True,-0.0029712845075291765,-0.0021971441751970507
MLP,200,84,0.9999827,1,1.0,True,0.05341160774738808,0.06115361087333831
MLP,200,84,0.09825722,0,0.0,True,0.002009687356654637,0.003903812286979538
MLP,200,84,0.16226327,0,0.0,True,-0.0073311985965266785,-0.0036973824760520423
MLP,200,84,0.9999988,1,1.0,True,0.059946640695471065,0.05962518726706513
MLP,200,84,0.10349215,0,0.0,True,-0.00010627609227010506,-0.005195739303554445
MLP,200,84,0.99999964,1,1.0,True,0.06763718580046703,0.0722406459318882
MLP,200,84,0.99999774,1,1.0,True,0.07160886055366744,0.06871582942119873
MLP,200,84,0.9999838,1,1.0,True,0.07674924361990546,0.06242103237188514
MLP,200,84,0.08908778,0,0.0,True,-0.007179821281526033,-0.009238617431547464
MLP,200,84,0.99975175,1,1.0,True,0.059639860840938135,0.06487494737774542
MLP,200,84,0.9986381,1,1.0,True,0.07452283331690483,0.07224192866520332
MLP,200,84,0.9998964,1,1.0,True,0.0781832425073313,0.07626225924185405
MLP,200,84,0.14494579,0,0.0,True,0.00024348009983976294,0.003493680992475238
MLP,200,84,0.09671077,0,0.0,True,-0.008965361365350885,-0.006493199058570382
MLP,200,84,0.1228742,0,0.0,True,-0.010071368657440944,-0.003119190489819862
MLP,200,84,0.9999962,1,1.0,True,0.07070351758793969,0.071183879093199
MLP,200,84,0.10461626,0,0.0,True,0.0009927922180536187,0.006285508441392609
MLP,200,84,0.9999993,1,1.0,True,0.026730997403282292,0.04357384716263519
MLP,200,84,0.99904436,1,1.0,True,0.05894079656099726,0.04710083651605043
MLP,200,84,0.13120651,0,0.0,True,0.0014836275180437723,0.002088290772411797
MLP,200,84,0.99999964,1,1.0,True,0.08304662173594737,0.07194506033466658
MLP,200,84,0.085584246,0,0.0,True,0.0008429935495051214,-0.0016218115502260387
MLP,200,84,0.99999976,1,1.0,True,0.07424871639495191,0.06292142480695713
MLP,200,84,0.11767986,0,0.0,True,-0.001306533233167743,-0.0031738044921963333
MLP,200,84,0.9999993,1,1.0,True,0.058401864053563526,0.05741259605091919
MLP,200,84,0.06435907,0,0.0,True,-6.044060956678916e-06,-0.0020213342687550556
MLP,200,84,0.99999964,1,1.0,True,0.06340698778459908,0.06354320417473362
MLP,200,84,0.9999993,1,1.0,True,0.07879800181139862,0.08353982893787704
MLP,200,85,0.12604453,0,0.0,True,0.0038230432047191786,0.0008644004444928352
MLP,200,85,0.9999263,1,1.0,True,0.04990038801442194,0.06015184764962702
MLP,200,85,0.999931,1,1.0,True,0.05631120395380703,0.05408386298302691
MLP,200,85,0.9999571,1,1.0,True,0.06318992973860393,0.07125656823925876
MLP,200,85,0.08078467,0,0.0,True,0.005066042626979077,0.0008201169622717641
MLP,200,85,0.99999785,1,1.0,True,0.05191006977430377,0.05813824535790629
MLP,200,85,0.0754675,0,0.0,True,0.004889643363849263,0.004424622762494187
MLP,200,85,0.99987555,1,1.0,True,0.06408498028238792,0.06550345700346351
MLP,200,85,0.9999994,1,1.0,True,0.058943606444488206,0.06546435956513967
MLP,200,85,0.99999976,1,1.0,True,0.07226767887805008,0.06739529733753644
MLP,200,85,0.74150085,1,0.0,False,-0.0013128200729733228,0.0017577411010835438
MLP,200,85,0.14438279,0,0.0,True,0.0037008521108275972,0.002777816392827046
MLP,200,85,0.06122534,0,0.0,True,-0.0015074776482393547,-0.0032744487959619744
MLP,200,85,0.9999896,1,1.0,True,0.0739691814725691,0.07105850735563446
MLP,200,85,0.072231725,0,0.0,True,-0.00458183604148857,0.00021843073892214126
MLP,200,85,0.17522544,0,0.0,True,0.004461626262969692,0.001802775862345566
MLP,200,85,0.9999957,1,1.0,True,0.059712482957658124,0.06654704993152326
MLP,200,85,0.10610033,0,0.0,True,0.009946158147535862,0.006596230391333673
MLP,200,85,0.14034542,0,0.0,True,-0.005582253484794793,-0.008013966564686418
MLP,200,85,0.99991107,1,1.0,True,0.06663083474760358,0.07664992204375637
MLP,200,85,0.20518361,0,0.0,True,0.0007034772140667321,-0.00163728500252168
MLP,200,85,0.99999964,1,1.0,True,0.057786534390027997,0.06485969961077079
MLP,200,85,0.06624341,0,0.0,True,0.00476436432825779,0.001628398948666035
MLP,200,85,0.9999918,1,1.0,True,0.07022828551358151,0.06395346560419159
MLP,200,85,0.9999343,1,1.0,True,0.08366184570747992,0.08010133304937006
MLP,200,85,0.08078829,0,0.0,True,-0.005161512471339629,-0.004217455869297219
MLP,200,85,0.12320806,0,0.0,True,-0.004629969883144349,-0.004691620776233063
MLP,200,85,0.9999951,1,1.0,True,0.07414966368032268,0.06920353114781846
MLP,200,85,0.27410328,0,0.0,True,0.0034238663155593367,0.0017441823223537094
MLP,200,85,0.087700404,0,0.0,True,-0.010762880794486559,0.00036668957482024025
MLP,200,85,0.9999796,1,1.0,True,0.061144977440504636,0.056109706498737644
MLP,200,85,0.075761326,0,0.0,True,-0.002598313145484455,-0.0035358873552753527
MLP,200,85,0.095321804,0,0.0,True,0.006300189324450405,0.0046039157168164665
MLP,200,85,0.9999994,1,1.0,True,0.07256728284755963,0.07544520038554259
MLP,200,85,0.22416583,0,0.0,True,-0.001231209277832756,-0.004664602200234639
MLP,200,85,0.999998,1,1.0,True,0.04622335105367781,0.06530828362284392
MLP,200,85,0.098937005,0,0.0,True,-0.0020883838836781967,0.0011792458476482942
MLP,200,85,0.073096104,0,0.0,True,0.0034563175390116617,-8.734839319208995e-05
MLP,200,85,0.99996614,1,1.0,True,0.07628603809828206,0.06686324665481738
MLP,200,85,0.07622822,0,0.0,True,-0.000913266839291133,-0.0014943798364525245
MLP,200,85,0.9999572,1,1.0,True,0.04457514238098994,0.048970515621832474
MLP,200,85,0.9999746,1,1.0,True,0.06008943051426377,0.06344945089426204
MLP,200,85,0.1251968,0,0.0,True,-0.002218985546090698,0.00044545152962276505
MLP,200,85,0.07196532,0,0.0,True,0.0033650830366719537,-0.0019909961164029733
MLP,200,85,0.053730357,0,0.0,True,-0.002844120544612318,-0.0026231801586820897
MLP,200,85,0.062349904,0,0.0,True,0.002078376621933569,-0.002373473764041557
MLP,200,85,0.99999416,1,1.0,True,0.05342855775969151,0.06469553861872748
MLP,200,85,0.1542086,0,0.0,True,-0.01119565870281904,-0.008125444130479607
MLP,200,85,0.09257195,0,0.0,True,0.000977883128722865,-0.00017986982207916546
MLP,200,85,0.99999654,1,1.0,True,0.0870232887262491,0.07661082011632264
MLP,200,85,0.1166045,0,0.0,True,0.006561983190367544,0.0024216758347223887
MLP,200,85,0.22234818,0,0.0,True,0.0040788117913331725,0.004340873274904414
MLP,200,85,0.1479534,0,0.0,True,-0.002697061918345528,0.0011490388465093086
MLP,200,85,0.06287983,0,0.0,True,0.003339920708670055,0.0006776130085654628
MLP,200,85,0.99997807,1,1.0,True,0.06310147266150756,0.07325746589801775
MLP,200,85,0.13707733,0,0.0,True,-0.006087127164160017,-0.0029750655707632854
MLP,200,85,0.11203659,0,0.0,True,-0.003317430139009658,0.0010319422354715144
MLP,200,85,0.07282367,0,0.0,True,-0.004684459245575171,0.0008692345233501422
MLP,200,85,0.99993277,1,1.0,True,0.05754397780953896,0.05579172468236084
MLP,200,85,0.99999595,1,1.0,True,0.07053343512774403,0.06785573708264515
MLP,200,85,0.17575042,0,0.0,True,-0.004218808869189106,-0.00042131630005344723
MLP,200,85,0.08039663,0,0.0,True,-0.0038321827925051222,-0.0039677251616186985
MLP,200,85,0.9999856,1,1.0,True,0.07879615417311855,0.07501351833853331
MLP,200,85,0.09336516,0,0.0,True,0.005223779230182601,-0.00012815152640749047
MLP,200,85,0.9999411,1,1.0,True,0.06764942256896952,0.07358196795268117
MLP,200,85,0.2367343,0,0.0,True,-0.00036396048866818017,-0.0022283818316793983
MLP,200,85,0.1101543,0,0.0,True,-0.0030084064300840785,0.0017399013300603723
MLP,200,85,0.99994946,1,1.0,True,0.07300479525730938,0.06981102364298795
MLP,200,85,0.1561407,0,0.0,True,-0.004738246666224644,0.0004134877241111862
MLP,200,85,0.9999361,1,1.0,True,0.05771315433514284,0.06276233514347326
MLP,200,85,0.999627,1,1.0,True,0.06815308573655422,0.0644698107376006
MLP,200,85,0.091757715,0,0.0,True,0.006994756583728534,0.006684635700403076
MLP,200,85,0.113490015,0,0.0,True,-0.0016611226444339217,-0.0037064671208006912
MLP,200,85,0.0748834,0,0.0,True,0.005567448116948766,0.0001899600787469846
MLP,200,85,0.26873904,0,0.0,True,0.0017902545366704336,0.006632868348875608
MLP,200,85,0.073567145,0,0.0,True,-0.004173910774408284,-0.006275170530098599
MLP,200,85,0.20609324,0,0.0,True,-0.0025701356563276067,-0.002777208318643545
MLP,200,85,0.0966523,0,0.0,True,-0.0026269245659702517,-0.0033135927349415982
MLP,200,85,0.99998605,1,1.0,True,0.0633367857952332,0.06777141833056917
MLP,200,85,0.99999964,1,1.0,True,0.06610000949556996,0.06207012134973803
MLP,200,85,0.10888415,0,0.0,True,-0.0049885492929104104,-0.003741884697437047
MLP,200,85,0.9998029,1,1.0,True,0.0839126835448448,0.07044961960979856
MLP,200,85,0.059514157,0,0.0,True,0.0033691650890852274,-0.0030447260177624376
MLP,200,85,0.24235107,0,0.0,True,-0.00994019927401492,-0.005401954892043572
MLP,200,85,1.0,1,1.0,True,0.07275368963525272,0.07096878423505625
MLP,200,85,0.14011393,0,0.0,True,0.003318556941228405,0.0012619018171875684
MLP,200,85,0.99999523,1,1.0,True,0.0626793666243507,0.06384241738186236
MLP,200,85,0.9999989,1,1.0,True,0.08320853349824152,0.06634064042163149
MLP,200,85,0.9999591,1,1.0,True,0.06591502124399021,0.06508561557018296
MLP,200,85,0.06861795,0,0.0,True,-0.009181187635432011,-0.00327754179012645
MLP,200,85,0.27050674,0,0.0,True,0.0028640032746176107,0.0009064782405455486
MLP,200,85,0.9999653,1,1.0,True,0.0514272865006847,0.06526685233361211
MLP,200,85,0.9999994,1,1.0,True,0.06912361268367725,0.07053176649104068
MLP,200,85,0.10577263,0,0.0,True,0.007181895831423191,0.005913651258022713
MLP,200,85,0.21472557,0,0.0,True,0.001496886200588381,-0.0025547473929815757
MLP,200,85,0.18082112,0,0.0,True,0.0035639450145243034,0.0023384264178186592
MLP,200,85,0.23958577,0,0.0,True,-0.0032717855240531075,-0.002045211145295856
MLP,200,85,0.99980825,1,1.0,True,0.06303935978350889,0.0629699335158332
MLP,200,85,0.18646906,0,0.0,True,0.0016015734618713329,-0.002526066640689748
MLP,200,85,0.9999919,1,1.0,True,0.05895468375255044,0.06379921870035547
MLP,200,86,0.050360955,0,0.0,True,0.005041342293737914,0.0022804920320736916
MLP,200,86,0.9999982,1,1.0,True,0.051002831574447495,0.06513740352949457
MLP,200,86,0.9999784,1,1.0,True,0.07130686187782864,0.0709847995780704
MLP,200,86,0.23248625,0,0.0,True,0.006631479700082241,0.0008037383866012369
MLP,200,86,0.9999888,1,1.0,True,0.074018845242408,0.07677501874203543
MLP,200,86,0.9999739,1,1.0,True,0.08198889984445114,0.06978815724020102
MLP,200,86,0.41907424,0,0.0,True,0.008534193441436163,0.0033414798858199895
MLP,200,86,0.99999976,1,1.0,True,0.06356984023531212,0.0663380935947199
MLP,200,86,0.99999034,1,1.0,True,0.04749354341713788,0.05330321309184825
MLP,200,86,0.14816672,0,0.0,True,0.00764003853170108,0.005919413105328884
MLP,200,86,0.2330296,0,0.0,True,-0.0008915819697347345,8.679257464216053e-05
MLP,200,86,0.33207396,0,0.0,True,-0.005350150195020561,-0.002892456535910203
MLP,200,86,0.99990785,1,1.0,True,0.045825142195595976,0.059236713607324756
MLP,200,86,1.0,1,1.0,True,0.04882530204632503,0.06016633726669403
MLP,200,86,0.08263156,0,0.0,True,0.004512990667817504,0.00026744751371312697
MLP,200,86,0.31647578,0,0.0,True,-0.008253316144727636,-0.0057052306981996695
MLP,200,86,0.1644546,0,0.0,True,-0.003174101728074106,0.0027376863907291812
MLP,200,86,0.9999809,1,1.0,True,0.07597229491934804,0.07818271995511798
MLP,200,86,0.99997365,1,1.0,True,0.06632725222380681,0.04996709572686396
MLP,200,86,0.18116684,0,0.0,True,-0.0035201597470424307,0.002013318774118885
MLP,200,86,0.9999863,1,1.0,True,0.06172912503014867,0.06606188850720059
MLP,200,86,0.08823216,0,0.0,True,0.0019511281503121177,0.002560099183476465
MLP,200,86,0.10828263,0,0.0,True,-0.0018558744323866393,0.0021203190500337296
MLP,200,86,0.999833,1,1.0,True,0.057144362841727435,0.054038525570939834
MLP,200,86,0.9999975,1,1.0,True,0.09296215476695238,0.08226445321658628
MLP,200,86,0.999995,1,1.0,True,0.07620296462976313,0.07573750639707187
MLP,200,86,0.99994147,1,1.0,True,0.05317082045042627,0.06597565618082386
MLP,200,86,0.1086697,0,0.0,True,-0.0028049092792123507,-0.004928051623260126
MLP,200,86,0.9998971,1,1.0,True,0.0901593482839768,0.08075792466012031
MLP,200,86,0.07876554,0,0.0,True,-0.010314680759268707,3.595882763954002e-05
MLP,200,86,0.9999927,1,1.0,True,0.07078615718243059,0.0638380259272439
MLP,200,86,0.8064597,1,0.0,False,0.0018103362215617276,-0.00022472953251271338
MLP,200,86,0.09516745,0,0.0,True,0.0009014338754214386,0.0033467118005157783
MLP,200,86,0.9999677,1,1.0,True,0.0639991849411039,0.07052815931112408
MLP,200,86,0.09938331,0,0.0,True,-0.008193583697623552,-0.0004561668386786217
MLP,200,86,0.9999764,1,1.0,True,0.058789360785663845,0.061755481278918826
MLP,200,86,1.0,1,1.0,True,0.0641014668420543,0.06514135585517626
MLP,200,86,0.10212814,0,0.0,True,-0.0004756822976621073,-0.002490864834349601
MLP,200,86,0.99774265,1,1.0,True,0.0746772523120527,0.06439563462430573
MLP,200,86,0.3012208,0,0.0,True,-0.0023618705286518257,-0.0017381475828881585
MLP,200,86,0.99999976,1,1.0,True,0.06986912233485158,0.06661203831385241
MLP,200,86,0.9996798,1,1.0,True,0.05747022346094757,0.06759866322731893
MLP,200,86,0.17011616,0,0.0,True,0.009647886053758667,0.006649449575205217
MLP,200,86,0.18520807,0,0.0,True,0.006200220699267105,0.004752384550158554
MLP,200,86,0.9999989,1,1.0,True,0.07240261959387227,0.06940871396950198
MLP,200,86,0.99999964,1,1.0,True,0.06860573266865831,0.05835046434430105
MLP,200,86,0.17320123,0,0.0,True,0.00012161076912155267,0.0001731913586486486
MLP,200,86,0.32814854,0,0.0,True,0.004391917708308064,0.00022477006754492975
MLP,200,86,0.9999838,1,1.0,True,0.05882916372365396,0.05639486357170306
MLP,200,86,0.14845127,0,0.0,True,0.0012251278436085642,0.0007761417503755111
MLP,200,86,0.14683941,0,0.0,True,-0.002178007557790833,-0.0029390051482495187
MLP,200,86,0.4205328,0,0.0,True,-0.004925618189959966,-0.002467461047142241
MLP,200,86,0.9999982,1,1.0,True,0.06121155382730121,0.05861809347878245
MLP,200,86,0.33035028,0,0.0,True,-0.00040709933300268544,0.002438065588139353
MLP,200,86,0.9999845,1,1.0,True,0.07512431400728009,0.07213908415574675
MLP,200,86,0.2435309,0,0.0,True,0.0008017867895302629,0.0015592975290411176
MLP,200,86,0.9999579,1,1.0,True,0.06356537039336133,0.0637251307972101
MLP,200,86,0.26725298,0,0.0,True,-0.005246146197848921,-0.003746839778079065
MLP,200,86,0.9999759,1,1.0,True,0.09160715854613306,0.0897224003419987
MLP,200,86,0.9999658,1,1.0,True,0.07809770488677023,0.07206657745728079
MLP,200,86,0.9999815,1,1.0,True,0.05440315889741474,0.06776295404385635
MLP,200,86,0.9999895,1,1.0,True,0.0633578215579676,0.07288578852311058
MLP,200,86,0.3930055,0,0.0,True,-1.2366793441192058e-05,0.0014989240104357534
MLP,200,86,0.3301375,0,0.0,True,0.0036084277040757625,0.004777160454656995
MLP,200,86,0.08616199,0,0.0,True,-0.0035708519716033224,0.0010794298953148138
MLP,200,86,0.20505612,0,0.0,True,-0.006860450636231492,-7.572117643379099e-05
MLP,200,86,0.9999962,1,1.0,True,0.0730524352209568,0.07046651409332534
MLP,200,86,0.05126671,0,0.0,True,0.003865261390800317,0.0007038966470812788
MLP,200,86,0.99999976,1,1.0,True,0.0790695792991199,0.0696198134279685
MLP,200,86,1.0,1,1.0,True,0.06464498014050225,0.06007591151413978
MLP,200,86,0.092734225,0,0.0,True,0.002108737156724474,0.003147206703385106
MLP,200,86,0.09986468,0,0.0,True,0.005906215855074683,-0.0013572290930327622
MLP,200,86,0.061582364,0,0.0,True,-0.006640525171624789,-0.0072873093995968015
MLP,200,86,0.07676169,0,0.0,True,0.0012125860017657742,0.002072395822958234
MLP,200,86,0.99999607,1,1.0,True,0.0665158836910401,0.06688262676496207
MLP,200,86,0.99999785,1,1.0,True,0.05789125676391738,0.060162768044645897
MLP,200,86,0.10990023,0,0.0,True,0.004445829439019897,0.0031452678865734325
MLP,200,86,0.11262187,0,0.0,True,-0.004557406149849658,-0.0019243203113680687
MLP,200,86,0.12141687,0,0.0,True,0.0012155398556567378,0.005218848179178075
MLP,200,86,0.067678206,0,0.0,True,-0.0006668296180905631,0.0029587075527770326
MLP,200,86,0.99999917,1,1.0,True,0.06868260534253064,0.07975272130728671
MLP,200,86,0.99999845,1,1.0,True,0.07873220398061705,0.0728341790710175
MLP,200,86,0.99999857,1,1.0,True,0.05902953792986415,0.07076570519506359
MLP,200,86,0.32462943,0,0.0,True,0.00034146154901899323,0.0020542989387156204
MLP,200,86,0.99997914,1,1.0,True,0.05050123784046794,0.06695073828527658
MLP,200,86,0.99999976,1,1.0,True,0.04637337037269718,0.04802866247667687
MLP,200,86,0.1541085,0,0.0,True,0.005477025414847564,0.001838364098468994
MLP,200,86,0.9999975,1,1.0,True,0.07306581176682087,0.059370787966728567
MLP,200,86,0.9999999,1,1.0,True,0.07713061684299623,0.06729625228690408
MLP,200,86,0.10241982,0,0.0,True,0.0008528784140779641,-0.00012707403688775232
MLP,200,86,0.99999344,1,1.0,True,0.0810217491615981,0.07178006906076435
MLP,200,86,0.9998683,1,1.0,True,0.07349782823428777,0.06732389357146171
MLP,200,86,0.99996984,1,1.0,True,0.07583155182344918,0.06632490788239133
MLP,200,86,0.30344588,0,0.0,True,0.0008840253825195438,0.001064784343393491
MLP,200,86,0.11592419,0,0.0,True,-0.007801457977387813,-0.007921569076568496
MLP,200,86,0.077042684,0,0.0,True,0.011977343649719663,0.004349199161671938
MLP,200,86,0.5466838,1,0.0,False,0.003969531808271185,0.006422832834732692
MLP,200,86,0.99999964,1,1.0,True,0.05091919808467935,0.041827486158447634
MLP,200,86,0.12946191,0,0.0,True,-0.006299802767422574,-0.0026594534416917504
MLP,200,86,0.99973756,1,1.0,True,0.07852247282326304,0.06652221800353637
MLP,200,87,0.9999776,1,1.0,True,0.07079250926872413,0.06568355589311348
MLP,200,87,0.07918025,0,0.0,True,0.006468745404263262,0.004039314296980547
MLP,200,87,0.2100849,0,0.0,True,-0.00042877441355868224,0.0015213301450325125
MLP,200,87,0.07992815,0,0.0,True,0.00234753478254647,0.0016396674537867998
MLP,200,87,0.29744756,0,0.0,True,0.0004388950968331095,-0.0002377076425716343
MLP,200,87,0.2869919,0,0.0,True,0.005419300029967266,0.0028869353023083157
MLP,200,87,0.9999974,1,1.0,True,0.08189696286106202,0.0744673577383834
MLP,200,87,0.99999964,1,1.0,True,0.10220369653945445,0.08069173199702884
MLP,200,87,0.17091793,0,0.0,True,-0.001452425378893453,0.001692301464384111
MLP,200,87,0.17823923,0,0.0,True,-0.0071991638446778665,-0.0037673752127514695
MLP,200,87,0.9999994,1,1.0,True,0.07266331658291457,0.07055415617128465
MLP,200,87,0.16228162,0,0.0,True,-0.0010342778466510053,0.0005723178373011933
MLP,200,87,0.99990165,1,1.0,True,0.0775857550978478,0.07196173651562492
MLP,200,87,0.15003943,0,0.0,True,-0.0020953681958494614,-0.0012966054189097
MLP,200,87,0.99998486,1,1.0,True,0.08231431921479372,0.07307601234330123
MLP,200,87,0.08998294,0,0.0,True,-0.007774457539143731,-0.009078928919709201
MLP,200,87,0.14491007,0,0.0,True,-0.0004304280062267134,-0.0009622442932215006
MLP,200,87,0.99999845,1,1.0,True,0.07401434712659759,0.07705009297722668
MLP,200,87,0.14870432,0,0.0,True,-0.015007032754358648,-0.00867033326083407
MLP,200,87,0.9999989,1,1.0,True,0.06509413076888529,0.06857767105055979
MLP,200,87,0.08297218,0,0.0,True,-0.0011079373225391237,-0.0019417579290562502
MLP,200,87,0.99999726,1,1.0,True,0.04576411642163983,0.05730967248533968
MLP,200,87,0.9999999,1,1.0,True,0.06127425694713062,0.07015727578685223
MLP,200,87,0.9998356,1,1.0,True,0.06108313593633956,0.06685940597938485
MLP,200,87,0.99999774,1,1.0,True,0.08883411401417639,0.07924822569374045
MLP,200,87,0.9999995,1,1.0,True,0.09439012173801019,0.08842718642883486
MLP,200,87,0.99999547,1,1.0,True,0.06421461278442461,0.06314235344517088
MLP,200,87,0.9999429,1,1.0,True,0.06864341988749711,0.07622117333380429
MLP,200,87,0.18020318,0,0.0,True,-0.007961176037941024,-0.0024154172410787893
MLP,200,87,0.14408341,0,0.0,True,-0.0028873980691943267,0.00010520236108260781
MLP,200,87,0.99999034,1,1.0,True,0.08825865609784694,0.06785965166567302
MLP,200,87,0.160301,0,0.0,True,-0.004476829592514646,-0.0003080912625349758
MLP,200,87,0.9999999,1,1.0,True,0.06692557585921036,0.06918782562280355
MLP,200,87,0.99999666,1,1.0,True,0.054815786238293404,0.06112300695757288
MLP,200,87,0.08762487,0,0.0,True,-0.003870736712150347,-4.715787219004705e-05
MLP,200,87,0.09491668,0,0.0,True,-0.0017095309381702172,-0.004610688581652901
MLP,200,87,0.99999404,1,1.0,True,0.0671838058194329,0.06210063922050275
MLP,200,87,0.99999,1,1.0,True,0.0707967074416919,0.0715773658684355
MLP,200,87,0.9999989,1,1.0,True,0.05285929381755955,0.06004372120563756
MLP,200,87,0.57291394,1,0.0,False,0.007717961286206486,-0.00012180124616211398
MLP,200,87,1.0,1,1.0,True,0.06365408403744136,0.06318437615277385
MLP,200,87,0.99983966,1,1.0,True,0.08763810793764955,0.07032740111532831
MLP,200,87,0.08849205,0,0.0,True,0.008876797766942123,0.0006131919700786188
MLP,200,87,0.11867301,0,0.0,True,-0.0040751076937274484,-0.006049771068344596
MLP,200,87,0.07688273,0,0.0,True,0.002361536729542511,-1.5385396313683822e-07
MLP,200,87,0.9999982,1,1.0,True,0.0592406662262132,0.07210985898681725
MLP,200,87,0.32603598,0,0.0,True,-0.001086026319061851,-0.003941280447439903
MLP,200,87,0.08078855,0,0.0,True,0.002486114354903503,-0.0019409606896514595
MLP,200,87,0.9999676,1,1.0,True,0.05836335294660301,0.050369395014841084
MLP,200,87,0.07613127,0,0.0,True,0.0027306600677946026,0.0007252857710627882
MLP,200,87,0.117992185,0,0.0,True,0.006822616260321688,0.005227294748266905
MLP,200,87,0.9999536,1,1.0,True,0.06837072027597871,0.06533677713413732
MLP,200,87,0.99999547,1,1.0,True,0.049031383084143766,0.05784504984743504
MLP,200,87,0.1079499,0,0.0,True,0.0006531249286221098,-0.0008816839697828861
MLP,200,87,0.082452536,0,0.0,True,0.002206767887879462,-0.0023300606698939586
MLP,200,87,0.17568015,0,0.0,True,-0.0028440337484587157,-0.00602518273850991
MLP,200,87,0.99999845,1,1.0,True,0.058438863709783025,0.06431185210912423
MLP,200,87,0.99990416,1,1.0,True,0.06476195374909689,0.07487423198550923
MLP,200,87,0.9999796,1,1.0,True,0.08244007072571108,0.07123186086860046
MLP,200,87,0.9999832,1,1.0,True,0.07635259081459024,0.08847854791229379
MLP,200,87,0.11380245,0,0.0,True,-0.0029971173978037224,-0.0007893236960198087
MLP,200,87,0.32686242,0,0.0,True,0.0002669183501092853,0.0011004649529102824
MLP,200,87,0.99991536,1,1.0,True,0.05195240795436985,0.054373397897528736
MLP,200,87,1.0,1,1.0,True,0.04105626718692963,0.05581954448456866
MLP,200,87,0.9999999,1,1.0,True,0.06548381066078582,0.060055165164392736
MLP,200,87,0.9999528,1,1.0,True,0.06571955122119716,0.07407160460051222
MLP,200,87,0.11287675,0,0.0,True,-0.0007757002220926507,-0.0023645234933380816
MLP,200,87,0.10214664,0,0.0,True,-0.0037318959228090495,-0.004422211751434593
MLP,200,87,0.2720315,0,0.0,True,-0.0029987433768419044,0.0031955432816569824
MLP,200,87,0.091283254,0,0.0,True,-0.0034845802340821067,0.0009637707853705459
MLP,200,87,0.99987733,1,1.0,True,0.060743596723953436,0.06674030194047241
MLP,200,87,0.115440376,0,0.0,True,-0.0011693974909493066,-0.0020281023001738076
MLP,200,87,0.36219978,0,0.0,True,0.002124240248765349,0.0028363727077554295
MLP,200,87,0.102268696,0,0.0,True,0.002307214715982128,-0.0034553270489026265
MLP,200,87,0.13401943,0,0.0,True,-0.009473241424121271,-0.0012605643489846257
MLP,200,87,0.9997452,1,1.0,True,0.056930979153626396,0.06178638594298965
MLP,200,87,0.9998964,1,1.0,True,0.06158672449375949,0.059860438986081996
MLP,200,87,0.10618447,0,0.0,True,0.008340535348796604,0.0024927238578974736
MLP,200,87,0.99999917,1,1.0,True,0.07615202892704039,0.07687361857907983
MLP,200,87,0.99999976,1,1.0,True,0.06808272832246508,0.06719474329175756
MLP,200,87,0.08973858,0,0.0,True,-0.004522936201054756,4.9913156605316796e-05
MLP,200,87,0.9999999,1,1.0,True,0.07812152057621613,0.06977980290565378
MLP,200,87,0.10815731,0,0.0,True,-0.006247176761697909,-0.0023599680113075704
MLP,200,87,0.99999905,1,1.0,True,0.07090433527427643,0.0684120924368993
MLP,200,87,0.066576496,0,0.0,True,-0.004955998107780252,-0.0040833780060338925
MLP,200,87,0.9999944,1,1.0,True,0.06638805693712552,0.07010606753603434
MLP,200,87,0.99995744,1,1.0,True,0.08208520201995963,0.0756747151065216
MLP,200,87,0.999998,1,1.0,True,0.07345774597635311,0.0785537547180962
MLP,200,87,0.12422694,0,0.0,True,-0.004125736850281977,-0.003657144963432383
MLP,200,87,0.08304497,0,0.0,True,0.0014095058129873536,-0.0018101371380484525
MLP,200,87,0.10083729,0,0.0,True,-0.008342933822863084,-0.008767338368032509
MLP,200,87,0.3358247,0,0.0,True,-0.010571909609418029,-0.003893822687682843
MLP,200,87,0.99999106,1,1.0,True,0.06713682035898266,0.06461011728941414
MLP,200,87,0.9999999,1,1.0,True,0.06144213375013399,0.0641394572210514
MLP,200,87,0.99999905,1,1.0,True,0.07068748476170421,0.06640325100728833
MLP,200,87,0.13526772,0,0.0,True,-0.002883212566567082,0.00010736378315292612
MLP,200,87,0.99999976,1,1.0,True,0.08472241029715268,0.07705112980501556
MLP,200,87,0.19381379,0,0.0,True,-0.0018669341706280596,-0.0007878566287351515
MLP,200,87,0.07396754,0,0.0,True,0.0036375017235384943,0.007026185544293046
MLP,200,87,0.9999739,1,1.0,True,0.05841568247667198,0.06887291274900241
MLP,200,88,0.17630284,0,0.0,True,-0.006633103005252513,-0.007254833189846073
MLP,200,88,0.25085095,0,0.0,True,0.007782867024086556,-0.0012912223248076789
MLP,200,88,0.19527322,0,0.0,True,-0.0033443462689240156,-0.0026739521064907718
MLP,200,88,0.9999999,1,1.0,True,0.05795323384293073,0.05949044754058933
MLP,200,88,0.99992406,1,1.0,True,0.06907176905470204,0.07420982393249087
MLP,200,88,0.9999999,1,1.0,True,0.043709340849971266,0.07009051440201491
MLP,200,88,0.9999999,1,1.0,True,0.06765421444620752,0.06695181076898864
MLP,200,88,0.99999905,1,1.0,True,0.09320269658288044,0.07376850300758042
MLP,200,88,0.1023845,0,0.0,True,0.005477000221424552,0.005465447338025277
MLP,200,88,0.99996996,1,1.0,True,0.06728282631714164,0.06523281073818087
MLP,200,88,0.99976784,1,1.0,True,0.05275241102383471,0.05447551971176129
MLP,200,88,0.9999808,1,1.0,True,0.07815567038325202,0.07680146344777869
MLP,200,88,0.09739426,0,0.0,True,-0.0045348343221518145,-0.0019820584499366054
MLP,200,88,0.99991786,1,1.0,True,0.0632343973435559,0.061271797799733865
MLP,200,88,1.0,1,1.0,True,0.06306363841121976,0.0690980137906628
MLP,200,88,0.07780241,0,0.0,True,0.005326331766720996,0.0014100632783986841
MLP,200,88,0.99999785,1,1.0,True,0.07205841506420986,0.06480884822705926
MLP,200,88,0.99999297,1,1.0,True,0.06677359760181817,0.07898235148139954
MLP,200,88,0.22537681,0,0.0,True,0.010445774893305407,0.0016037744570284401
MLP,200,88,0.9999964,1,1.0,True,0.07406563044824238,0.0716088613814864
MLP,200,88,0.58847374,1,0.0,False,-0.0067940022096964325,-0.005400827027619952
MLP,200,88,0.9999994,1,1.0,True,0.0742333657455821,0.0661418621299829
MLP,200,88,0.1358714,0,0.0,True,0.003668431672394619,-0.0006549147949712336
MLP,200,88,0.16396992,0,0.0,True,0.0032520172215175103,0.0005895721748595733
MLP,200,88,0.26427498,0,0.0,True,0.008469002209480244,0.0029992823123568203
MLP,200,88,0.9999856,1,1.0,True,0.07542820383837928,0.06911625376506894
MLP,200,88,0.0749274,0,0.0,True,-0.002885971216408353,-0.0004266625255262785
MLP,200,88,0.261,0,0.0,True,0.011351950219802858,0.006821150092440491
MLP,200,88,0.09074286,0,0.0,True,0.005168913270638287,0.007097040045875668
MLP,200,88,0.9999993,1,1.0,True,0.04130616693434155,0.05052895984890974
MLP,200,88,0.113679826,0,0.0,True,0.0051743786380722715,0.003004009265508304
MLP,200,88,0.1648664,0,0.0,True,0.0022103298568269267,-0.00206618248103577
MLP,200,88,0.11571682,0,0.0,True,0.0031983627315927132,0.002474578636078736
MLP,200,88,0.20168939,0,0.0,True,0.00232584071124832,-9.701672736531769e-06
MLP,200,88,0.07955179,0,0.0,True,-0.00233661482607736,-0.00020298700283802665
MLP,200,88,0.99999714,1,1.0,True,0.0834778897642673,0.07519984829992078
MLP,200,88,0.99999464,1,1.0,True,0.07292594089338048,0.08650868968816446
MLP,200,88,0.20186324,0,0.0,True,-0.001004995035173893,-0.002695166349371476
MLP,200,88,0.999998,1,1.0,True,0.07901088868863226,0.07564053843835407
MLP,200,88,0.9999833,1,1.0,True,0.07255488084946346,0.07145853190931213
MLP,200,88,0.22510983,0,0.0,True,0.006337359331861162,0.0046416950128216105
MLP,200,88,0.0869739,0,0.0,True,0.000194431844040773,-0.0009621082957997991
MLP,200,88,0.9999995,1,1.0,True,0.057198305289630484,0.0692817840037062
MLP,200,88,0.12707557,0,0.0,True,0.00582040869838112,0.0031666079158065986
MLP,200,88,0.13477038,0,0.0,True,0.008172415149397065,0.004488887801944513
MLP,200,88,0.21530877,0,0.0,True,0.006072952938584115,0.0023088757338287774
MLP,200,88,0.06713495,0,0.0,True,0.005488307904261296,0.0032095503364456264
MLP,200,88,0.9999994,1,1.0,True,0.06897376927740764,0.06455268534544509
MLP,200,88,0.14470905,0,0.0,True,-0.0026773054100553994,-0.005655527088762335
MLP,200,88,0.9999064,1,1.0,True,0.062083274573521745,0.061439702890188096
MLP,200,88,0.121926025,0,0.0,True,-0.0027186773122997256,-0.007417381398478682
MLP,200,88,0.28323236,0,0.0,True,-0.0012721716371324277,-0.002157687145794003
MLP,200,88,0.9999993,1,1.0,True,0.07934652445433943,0.07554085722517023
MLP,200,88,0.13490656,0,0.0,True,0.0035437319050344632,0.0004550974336589614
MLP,200,88,0.9999062,1,1.0,True,0.06525547748838267,0.07103171128289579
MLP,200,88,0.9999969,1,1.0,True,0.0791830444252466,0.07703736134871547
MLP,200,88,0.103770666,0,0.0,True,0.009934672646799972,0.009180349622456566
MLP,200,88,0.3829201,0,0.0,True,0.003414026026330362,0.0034235057918740766
MLP,200,88,0.36631238,0,0.0,True,0.0037049217251143474,0.001022028177915931
MLP,200,88,0.9999895,1,1.0,True,0.07927605593072579,0.06805489474655722
MLP,200,88,0.12065898,0,0.0,True,-0.010657737622764868,-0.004384256297487824
MLP,200,88,0.9998802,1,1.0,True,0.07984063691800473,0.07734378593636866
MLP,200,88,0.10152679,0,0.0,True,0.0053710073632849175,0.00238813130749577
MLP,200,88,0.11895598,0,0.0,True,-0.002219812881640914,-0.004442561159328985
MLP,200,88,0.99999416,1,1.0,True,0.08062589296085497,0.07485447122008115
MLP,200,88,0.09214483,0,0.0,True,0.0082772002178225,0.006685503122273342
MLP,200,88,0.9999256,1,1.0,True,0.0742721645843842,0.07821241497401753
MLP,200,88,0.99988604,1,1.0,True,0.07554545711431282,0.06946591939168631
MLP,200,88,0.094391584,0,0.0,True,0.009594913400240046,0.0025952344376041115
MLP,200,88,0.15398651,0,0.0,True,-0.003722835189289792,-0.0016615578813636276
MLP,200,88,0.07752741,0,0.0,True,0.004170401702347957,0.004458059337891792
MLP,200,88,0.9998828,1,1.0,True,0.08251099743664203,0.07989621980382071
MLP,200,88,0.99999726,1,1.0,True,0.07191464828284651,0.07841929762571338
MLP,200,88,0.99999857,1,1.0,True,0.09130078472867217,0.08276085554347755
MLP,200,88,0.07062132,0,0.0,True,-0.008271292618953834,-0.0034326199274715644
MLP,200,88,0.22307807,0,0.0,True,0.0015180082272048705,-0.0021803056275374695
MLP,200,88,0.067395836,0,0.0,True,0.00039079082731554004,-0.003637981970221384
MLP,200,88,0.9999995,1,1.0,True,0.052958648037328526,0.06671165860558659
MLP,200,88,0.9999995,1,1.0,True,0.05686628667977644,0.05936263924648898
MLP,200,88,0.15343499,0,0.0,True,-0.005990972791021842,-0.004471387272719215
MLP,200,88,0.1946188,0,0.0,True,-0.004377581797785968,-0.003758835958200493
MLP,200,88,0.9999999,1,1.0,True,0.05240796256574963,0.06070129057662146
MLP,200,88,0.99987614,1,1.0,True,0.05492320342933601,0.06601886851988541
MLP,200,88,0.99999964,1,1.0,True,0.09923497856712182,0.08726513832541376
MLP,200,88,0.9999949,1,1.0,True,0.08266220658330953,0.07717633931948553
MLP,200,88,0.0717538,0,0.0,True,0.001987827941957332,0.002193619357818046
MLP,200,88,0.0986939,0,0.0,True,-0.0029299802936340515,-9.110624718266718e-05
MLP,200,88,0.99997544,1,1.0,True,0.04554623556623643,0.055459537498328375
MLP,200,88,0.0983408,0,0.0,True,0.0009362737447499382,-0.000373897133543231
MLP,200,88,0.9999957,1,1.0,True,0.06620592520286221,0.07980085972447776
MLP,200,88,0.11311436,0,0.0,True,-0.0007588698568428911,-0.0008882500340753009
MLP,200,88,0.51264936,1,0.0,False,-0.003298151718372736,-0.0011619570885997355
MLP,200,88,0.99997854,1,1.0,True,0.06904265448424099,0.06503590725813962
MLP,200,88,0.104878366,0,0.0,True,-0.011860647431081651,-0.004585851238380351
MLP,200,88,0.21424708,0,0.0,True,0.0030377693198781787,0.006975838109350405
MLP,200,88,0.9998723,1,1.0,True,0.05868909749503236,0.07817806386758812
MLP,200,88,0.9999994,1,1.0,True,0.06859283429153709,0.07292135050882828
MLP,200,88,0.089901485,0,0.0,True,0.005025105527648689,0.00400504267909893
MLP,200,88,0.17841205,0,0.0,True,-0.0024904050948771606,0.002468968801413391
MLP,200,88,0.10818638,0,0.0,True,-0.004754999668299623,-0.0031527066527063086
MLP,200,89,0.9999999,1,1.0,True,0.09014727516202568,0.08140593771450079
MLP,200,89,0.15660141,0,0.0,True,0.00024499190410043965,-0.0009396858430966656
MLP,200,89,0.10498021,0,0.0,True,-0.010840912472509727,-0.010641163036174439
MLP,200,89,0.9999778,1,1.0,True,0.07306349013910766,0.08314738745247653
MLP,200,89,0.99997604,1,1.0,True,0.0873732110624764,0.08071595226979633
MLP,200,89,0.99999833,1,1.0,True,0.08141716991224636,0.07461975850156038
MLP,200,89,1.0,1,1.0,True,0.07094843071719711,0.06717243422724828
MLP,200,89,0.99999785,1,1.0,True,0.0767303730287325,0.08664922351448677
MLP,200,89,0.17422433,0,0.0,True,-0.004704856590585969,-0.0033056164925253104
MLP,200,89,0.99999976,1,1.0,True,0.059187680915880406,0.06721960125866042
MLP,200,89,1.0,1,1.0,True,0.09517381972019445,0.08143668773419174
MLP,200,89,0.10950044,0,0.0,True,0.0061225010657342555,0.0021575999886322126
MLP,200,89,0.99999976,1,1.0,True,0.0673223154489746,0.07069922952084384
MLP,200,89,0.18626213,0,0.0,True,0.007915561187062867,0.005289696434859736
MLP,200,89,0.17492972,0,0.0,True,-0.005889294209692584,-0.005071322719998941
MLP,200,89,0.9999989,1,1.0,True,0.08523647366196936,0.08589015581575803
MLP,200,89,0.104077145,0,0.0,True,-0.0046998426634522455,-0.006124640632968959
MLP,200,89,0.07449099,0,0.0,True,-0.004853393211070399,0.000696512461948368
MLP,200,89,0.31633276,0,0.0,True,-0.0006066278511127956,-0.00018032379271121514
MLP,200,89,0.20113155,0,0.0,True,-0.000485870225210302,0.0021320021504984874
MLP,200,89,0.15335102,0,0.0,True,-0.00748804627288673,-0.0032504036543965402
MLP,200,89,0.100547485,0,0.0,True,0.0020267778787157677,0.0033651614141235837
MLP,200,89,0.9999875,1,1.0,True,0.07444521400610475,0.07405803879453647
MLP,200,89,0.10579319,0,0.0,True,-0.0034230961657771364,-0.0017693650372785836
MLP,200,89,1.0,1,1.0,True,0.05737049049535014,0.0476387649486298
MLP,200,89,0.24634637,0,0.0,True,-0.0012088878675189712,-0.003806855208645372
MLP,200,89,0.99998486,1,1.0,True,0.07954184118148672,0.07873155821368587
MLP,200,89,0.12570444,0,0.0,True,-0.0038502889578403,0.002637780998296536
MLP,200,89,0.27315977,0,0.0,True,0.005657370162213856,0.003052096118877385
MLP,200,89,0.07000928,0,0.0,True,0.0048560714573394744,0.0037930531899790544
MLP,200,89,0.08259825,0,0.0,True,0.0024832992437477633,-0.0008112058382656781
MLP,200,89,0.07794417,0,0.0,True,0.00072945702345853,-0.003676813084732652
MLP,200,89,0.9999857,1,1.0,True,0.04836465395645369,0.04818543205644564
MLP,200,89,0.28677994,0,0.0,True,-0.0008333429249686983,-0.00048471444622039155
MLP,200,89,0.088011034,0,0.0,True,0.0006024056915823757,0.002165453193816787
MLP,200,89,0.99999917,1,1.0,True,0.07050180991296483,0.06856314906737186
MLP,200,89,0.2049111,0,0.0,True,-0.0063206451117494246,-0.004547362948114398
MLP,200,89,0.334214,0,0.0,True,-0.0035175964824222463,-0.0007554239292293901
MLP,200,89,0.1557794,0,0.0,True,3.69805797691664e-05,-0.0010971096341586602
MLP,200,89,0.0909107,0,0.0,True,0.005374467927060366,0.0025414197357991634
MLP,200,89,0.99999416,1,1.0,True,0.06698521649511296,0.06811112345102058
MLP,200,89,0.16446812,0,0.0,True,-0.0034182412532393976,-0.003375117516645616
MLP,200,89,0.10632463,0,0.0,True,-0.005147399277701852,-0.0020664790599932313
MLP,200,89,0.12241108,0,0.0,True,-0.004230179020466246,-0.004020527783967777
MLP,200,89,0.07095196,0,0.0,True,0.008580674260049439,0.00034179115491179697
MLP,200,89,0.99999917,1,1.0,True,0.048832177607984154,0.06492439241691433
MLP,200,89,0.07811794,0,0.0,True,0.006733417512546849,0.005490906284585128
MLP,200,89,0.08929351,0,0.0,True,0.0025860749807766073,0.003876776168403956
MLP,200,89,0.9997919,1,1.0,True,0.06874311242834297,0.06355959720050625
MLP,200,89,0.27475172,0,0.0,True,-0.00894545855234119,-0.0015627177141691938
MLP,200,89,0.9999981,1,1.0,True,0.06959641044236864,0.07017675174511191
MLP,200,89,0.12763354,0,0.0,True,-0.01723842883847105,-0.008287113546860472
MLP,200,89,0.12932658,0,0.0,True,-0.0026107137692072805,0.0003857975702208552
MLP,200,89,0.23977275,0,0.0,True,0.0007409130103300471,0.001827126333314832
MLP,200,89,0.20462048,0,0.0,True,-0.006684107996411684,0.00010026726821145196
MLP,200,89,0.9999999,1,1.0,True,0.07573466409667472,0.08529944691268315
MLP,200,89,0.99999607,1,1.0,True,0.08943760786812018,0.08437926328807344
MLP,200,89,0.9999989,1,1.0,True,0.05763367421476826,0.057832176374920115
MLP,200,89,0.10833046,0,0.0,True,-0.009107039185729398,-0.009355820539123023
MLP,200,89,0.094033316,0,0.0,True,-0.0018491436642758777,-0.0039925685762378866
MLP,200,89,0.2704401,0,0.0,True,-0.0009052290365273972,-0.001990581504351261
MLP,200,89,0.30207002,0,0.0,True,-0.0027214156424556985,-0.002174980655010691
MLP,200,89,0.99999785,1,1.0,True,0.07389708655203969,0.08034019563717565
MLP,200,89,0.9999999,1,1.0,True,0.10260807086719784,0.10268938373114918
MLP,200,89,0.2626525,0,0.0,True,0.00941601842270057,0.006825011350040667
MLP,200,89,0.9999974,1,1.0,True,0.08427286257164643,0.0780367589096371
MLP,200,89,0.11930783,0,0.0,True,-0.002604603707796046,0.0003894963619246423
MLP,200,89,0.17138359,0,0.0,True,-0.0033684815439535497,-0.001134853833881933
MLP,200,89,0.99999976,1,1.0,True,0.06271356783919597,0.06750629722921915
MLP,200,89,0.33327222,0,0.0,True,0.00039521998294908084,0.001201118938185415
MLP,200,89,0.06467904,0,0.0,True,-0.0012086109803216972,-0.002017282076794162
MLP,200,89,0.12660672,0,0.0,True,-0.0035960899216577183,-0.0043820061163354716
MLP,200,89,0.9999999,1,1.0,True,0.09227280930037429,0.08585563390730445
MLP,200,89,0.9999995,1,1.0,True,0.06040029026714668,0.06231545460531987
MLP,200,89,0.9999993,1,1.0,True,0.07391660494633627,0.06573560834681313
MLP,200,89,0.23467597,0,0.0,True,0.0025603469278299438,0.001785474834544693
MLP,200,89,0.9999989,1,1.0,True,0.08748772575193242,0.07874067702405345
MLP,200,89,0.99998355,1,1.0,True,0.07461796793505379,0.05963880043789257
MLP,200,89,0.2614704,0,0.0,True,-0.004874281803014021,0.0011336672493753497
MLP,200,89,1.0,1,1.0,True,0.06365561164758678,0.07138665438817775
MLP,200,89,0.99999833,1,1.0,True,0.09010823323452792,0.08596064054384556
MLP,200,89,0.19861111,0,0.0,True,-0.002394156617943091,0.0006245823463498612
MLP,200,89,0.18698879,0,0.0,True,-0.0059463150831757785,-0.0015035452494038233
MLP,200,89,0.20764658,0,0.0,True,0.00859110061239042,0.008713916024109057
MLP,200,89,0.11817311,0,0.0,True,0.0008009041778779899,0.0009540436100108321
MLP,200,89,0.15292223,0,0.0,True,0.002429868361475921,0.0006971148590026173
MLP,200,89,0.11757548,0,0.0,True,0.0017273870273321044,0.0006235868502341494
MLP,200,89,0.11684186,0,0.0,True,-0.0032870630132314227,-0.006215956630392526
MLP,200,89,0.093253255,0,0.0,True,-0.0018172358104695298,-0.0003862568964215091
MLP,200,89,0.99999785,1,1.0,True,0.08753109638506341,0.0783811362970899
MLP,200,89,0.99999154,1,1.0,True,0.05944976543731617,0.0656451693817517
MLP,200,89,0.51513886,1,0.0,False,0.0071689460269683735,0.006681393633889304
MLP,200,89,0.9999993,1,1.0,True,0.09782693157256624,0.08257869560008389
MLP,200,89,0.11742059,0,0.0,True,-0.0008942095552426593,0.0009180073726885499
MLP,200,89,0.09066313,0,0.0,True,-0.005642262916761835,-0.004724774785118866
MLP,200,89,0.9999932,1,1.0,True,0.07304248081094182,0.06661481322799781
MLP,200,89,0.083414085,0,0.0,True,0.004770326059873081,0.007049268379756416
MLP,200,89,1.0,1,1.0,True,0.07356859913369908,0.06997554214159112
MLP,200,89,0.9999831,1,1.0,True,0.07109518588043484,0.061551203521798166
MLP,200,89,0.9999999,1,1.0,True,0.04831782497541056,0.055179704684687955
MLP,200,90,0.11804984,0,0.0,True,0.0008745633057046508,-0.00048383905228651573
MLP,200,90,0.99999857,1,1.0,True,0.07190739872893993,0.07352449703666793
MLP,200,90,0.16046111,0,0.0,True,0.002208376388719851,0.00102952373071325
MLP,200,90,0.20251001,0,0.0,True,0.0039195979457375026,0.002317420445346424
MLP,200,90,1.0,1,1.0,True,0.06440743220018852,0.07251875476097884
MLP,200,90,0.9999999,1,1.0,True,0.10430581731119179,0.09660798347454835
MLP,200,90,0.99996984,1,1.0,True,0.08545346284436998,0.07273934261877495
MLP,200,90,0.99999046,1,1.0,True,0.06554154188379906,0.07275956751585066
MLP,200,90,1.0,1,1.0,True,0.08274080291191217,0.07435923278944247
MLP,200,90,0.14244185,0,0.0,True,0.003959523878246116,0.0025839657803876925
MLP,200,90,0.29137436,0,0.0,True,0.00099393948183756,0.000944819226232723
MLP,200,90,0.99997854,1,1.0,True,0.06174480958046111,0.0683934358808828
MLP,200,90,0.99999106,1,1.0,True,0.079102066414277,0.07970463684302101
MLP,200,90,0.14994092,0,0.0,True,0.001897616215515389,0.002858430479399305
MLP,200,90,0.99999964,1,1.0,True,0.08777886243137305,0.08202968107075398
MLP,200,90,0.9999999,1,1.0,True,0.08333652465393332,0.07970436217343609
MLP,200,90,0.18608445,0,0.0,True,0.004572849205519279,0.000730470418380288
MLP,200,90,0.16943458,0,0.0,True,-0.0010367296129922463,-0.0034066836554493703
MLP,200,90,0.99999845,1,1.0,True,0.09718279704703318,0.08748520243179596
MLP,200,90,0.09755654,0,0.0,True,0.004064819702811994,0.0035259415439834454
MLP,200,90,0.111480236,0,0.0,True,0.0006322253079383684,0.0008856650661252875
MLP,200,90,0.40131435,0,0.0,True,-0.0036759978639850145,0.0004464567847004756
MLP,200,90,0.21696432,0,0.0,True,0.0012036731058572777,-0.0030242401062317062
MLP,200,90,0.1178299,0,0.0,True,-0.0010648261801997907,-0.00046347759235746886
MLP,200,90,0.9999999,1,1.0,True,0.07963010270264444,0.07446392062889888
MLP,200,90,0.13703944,0,0.0,True,-0.001809065600006576,0.0039294406609537815
MLP,200,90,0.096944585,0,0.0,True,0.0012407974387806523,-0.0011231566102697303
MLP,200,90,0.9999995,1,1.0,True,0.0961501117578421,0.08336967524392548
MLP,200,90,0.9999999,1,1.0,True,0.05236024834015807,0.05987181553936497
MLP,200,90,0.99999857,1,1.0,True,0.10577096416893822,0.0957418245841664
MLP,200,90,0.9999206,1,1.0,True,0.07834046058613955,0.08198851118000569
MLP,200,90,0.15435393,0,0.0,True,-0.008738894206923455,-0.006269270467436688
MLP,200,90,1.0,1,1.0,True,0.06872258558881722,0.08141409812428123
MLP,200,90,0.18056248,0,0.0,True,0.009783622703928881,0.003511302274375378
MLP,200,90,0.08241903,0,0.0,True,-0.000789398520394317,0.00047029725400176445
MLP,200,90,0.9999982,1,1.0,True,0.0859568615769191,0.09278759344964735
MLP,200,90,0.21030836,0,0.0,True,-0.0018295082027838844,-0.0001960276803800093
MLP,200,90,0.99999785,1,1.0,True,0.0816086930884908,0.07463899774708302
MLP,200,90,0.1758538,0,0.0,True,-0.011078808766001012,-0.010703249503895812
MLP,200,90,0.17594478,0,0.0,True,0.008391174369531577,0.00644875197330387
MLP,200,90,0.9999994,1,1.0,True,0.07997376959529681,0.08105331933903143
MLP,200,90,0.99999964,1,1.0,True,0.0782314012764805,0.09021772575184293
MLP,200,90,0.9999989,1,1.0,True,0.06184624434652604,0.06069369916820769
MLP,200,90,0.9999989,1,1.0,True,0.08557748722071344,0.08126505019965419
MLP,200,90,0.9999999,1,1.0,True,0.09330413369884691,0.08272255555648039
MLP,200,90,0.13151117,0,0.0,True,-0.00684683513674742,-0.005704921692970432
MLP,200,90,0.9999603,1,1.0,True,0.06366459904370499,0.060324803185758356
MLP,200,90,0.9999999,1,1.0,True,0.058140884174171674,0.07055284758546691
MLP,200,90,0.11726487,0,0.0,True,-0.0026670439727218298,-0.006275010619907704
MLP,200,90,0.0639188,0,0.0,True,-0.0026032537012384664,0.000465408678059645
MLP,200,90,0.08575049,0,0.0,True,0.004020120592967631,0.000856473484637795
MLP,200,90,1.0,1,1.0,True,0.07322326834273372,0.06742465845435756
MLP,200,90,0.99999976,1,1.0,True,0.07078078962014805,0.07697163461812567
MLP,200,90,0.102360226,0,0.0,True,0.011999367054392078,0.0067900364777072585
MLP,200,90,0.120383166,0,0.0,True,0.0027884475899902714,-0.003076757877633378
MLP,200,90,0.066264875,0,0.0,True,-0.0004297590048802642,0.0023393829852162962
MLP,200,90,0.13663921,0,0.0,True,0.004622132150782525,0.0004537460462866611
MLP,200,90,0.12175827,0,0.0,True,0.010287136757214698,0.009965390601390735
MLP,200,90,0.14107747,0,0.0,True,0.004265706451246283,0.002261384260633218
MLP,200,90,0.9999964,1,1.0,True,0.056214167590922175,0.05560696905447982
MLP,200,90,0.9999939,1,1.0,True,0.08110364240267053,0.07795478293908654
MLP,200,90,1.0,1,1.0,True,0.07874371189706232,0.061235088986414464
MLP,200,90,0.08115905,0,0.0,True,0.002509161008738295,0.0038477067344899456
MLP,200,90,0.999992,1,1.0,True,0.05958997552716246,0.06878301905740995
MLP,200,90,0.9999988,1,1.0,True,0.053633532273826154,0.0823907257254796
MLP,200,90,0.11001295,0,0.0,True,-0.0007714638329182616,-0.0003380569650523144
MLP,200,90,0.9999906,1,1.0,True,0.05660747799607266,0.07409936232678008
MLP,200,90,0.9999925,1,1.0,True,0.07265768433611282,0.08327779630312554
MLP,200,90,0.99999034,1,1.0,True,0.0803738178632003,0.06853911698234687
MLP,200,90,0.08681342,0,0.0,True,-0.006999735396198347,-0.0028077274468929878
MLP,200,90,0.12792687,0,0.0,True,0.004759936261642504,0.004520726397186641
MLP,200,90,0.12450135,0,0.0,True,-0.0031975506762808434,-0.0007855834695686453
MLP,200,90,1.0,1,1.0,True,0.07803967180075265,0.07873894015915495
MLP,200,90,0.99999833,1,1.0,True,0.11092113507675128,0.09340161986328208
MLP,200,90,0.26081175,0,0.0,True,8.92392793913475e-05,-0.0029366379126200305
MLP,200,90,0.9999987,1,1.0,True,0.07692821315669404,0.07903271396891086
MLP,200,90,0.11503919,0,0.0,True,0.0032228185919273566,0.00020970545902161515
MLP,200,90,0.10719124,0,0.0,True,-0.0027412477678019583,-0.0022966380709301577
MLP,200,90,0.9999962,1,1.0,True,0.07846207071373518,0.0810781182301297
MLP,200,90,0.10265634,0,0.0,True,0.003676227236244646,5.729534748323173e-05
MLP,200,90,0.22607985,0,0.0,True,-0.004100195742612891,-0.0010638735414390441
MLP,200,90,0.099050984,0,0.0,True,-0.013305046320337426,-0.008655524960184983
MLP,200,90,0.07762165,0,0.0,True,-0.001387469198189865,0.0011274590504498749
MLP,200,90,0.9999902,1,1.0,True,0.0838424049944584,0.08511004615733513
MLP,200,90,0.9999969,1,1.0,True,0.07015065661099257,0.07287063812257066
MLP,200,90,0.13684173,0,0.0,True,-0.010002490900493606,-0.004058128312050746
MLP,200,90,0.09697012,0,0.0,True,0.0041498148352460225,0.0038839566530297956
MLP,200,90,0.99999845,1,1.0,True,0.061640539281315625,0.07816907388522999
MLP,200,90,0.073837146,0,0.0,True,-0.006861193156563683,-0.0021681578944078173
MLP,200,90,0.1483532,0,0.0,True,0.0013208244407530835,0.003066225958702237
MLP,200,90,1.0,1,1.0,True,0.08247333157256137,0.0777850808153274
MLP,200,90,1.0,1,1.0,True,0.07596608403716892,0.07913562775877069
MLP,200,90,0.9999994,1,1.0,True,0.05390300213099016,0.0632067251445153
MLP,200,90,0.9999999,1,1.0,True,0.0812694768129479,0.06985450600939061
MLP,200,90,0.15923676,0,0.0,True,0.009236370290027931,0.004447525771079021
MLP,200,90,0.99999976,1,1.0,True,0.06677311150461569,0.07230608151465877
MLP,200,90,0.06868851,0,0.0,True,-0.003959812607944482,-0.0003451189465521171
MLP,200,90,0.43312368,0,0.0,True,-0.00458142622339158,0.0020569527024879757
MLP,200,90,0.0951278,0,0.0,True,-0.0021116439717329726,-0.0006053567371852887
MLP,200,90,0.99993396,1,1.0,True,0.07281382339887138,0.0738537770155383
