model,N,K,soft_output,hard_output,label,correct,morans_I_lambda_1,morans_I_lambda_2
ViTscratch,200,1,0.36721918,0,0.0,True,-0.0053910095529292,-0.0026343138252541585
ViTscratch,200,1,0.16956276,0,0.0,True,-0.0014596117057158514,0.0005263348460453677
ViTscratch,200,1,0.30945006,0,1.0,False,0.0012427790191292002,0.00016315821797238745
ViTscratch,200,1,0.63695216,1,0.0,False,-0.0011102113367375635,0.0004013621015024197
ViTscratch,200,1,0.15581875,0,1.0,False,-0.002464501585509298,-0.0029489437709605162
ViTscratch,200,1,0.25435942,0,1.0,False,0.0029937660616587525,-0.0014309307318968744
ViTscratch,200,1,0.09739004,0,1.0,False,-0.00779501633583378,-0.004036731227683524
ViTscratch,200,1,0.34509414,0,1.0,False,-0.0009540599143296602,0.0017646960852083675
ViTscratch,200,1,0.19268493,0,1.0,False,0.000339746330356569,0.0011447958172101328
ViTscratch,200,1,0.25977075,0,0.0,True,-0.0027735091133586133,6.660282809905084e-05
ViTscratch,200,1,0.38014308,0,1.0,False,0.005022511807411581,0.0018118913947876877
ViTscratch,200,1,0.3193983,0,1.0,False,-0.010054532680447517,-0.0011366090804464134
ViTscratch,200,1,0.3460853,0,0.0,True,-0.0012769255701512508,-0.0017070000007157367
ViTscratch,200,1,0.17325118,0,0.0,True,0.005345145010158767,-0.004013919262527274
ViTscratch,200,1,0.2928758,0,0.0,True,-0.005594709266380019,-0.00024224204721953095
ViTscratch,200,1,0.16177996,0,1.0,False,-0.004082584263830018,-0.0034630633879935923
ViTscratch,200,1,0.6184315,1,1.0,True,0.004227623853192184,0.0062812269148004906
ViTscratch,200,1,0.278589,0,1.0,False,0.002992347907837828,0.0021663392014449217
ViTscratch,200,1,0.2524166,0,1.0,False,-0.004430890799458538,-0.0004868128439046829
ViTscratch,200,1,0.16340841,0,0.0,True,-0.00014925316441533463,-0.002340402233257997
ViTscratch,200,1,0.2435851,0,1.0,False,-0.0016794685023809603,8.136323298015606e-05
ViTscratch,200,1,0.17452376,0,0.0,True,-0.004673066878340814,-0.004659558629656493
ViTscratch,200,1,0.3888129,0,1.0,False,-0.0019256825129343475,-0.003036685692380685
ViTscratch,200,1,0.22010025,0,1.0,False,0.00013371127208766415,0.004243931611161097
ViTscratch,200,1,0.15714824,0,1.0,False,0.0013857552887421238,-0.0066215377258952894
ViTscratch,200,1,0.19631355,0,1.0,False,0.004363035550243823,-0.002677214356543952
ViTscratch,200,1,0.28328717,0,1.0,False,0.007428796968629683,0.005809018469505857
ViTscratch,200,1,0.26172864,0,1.0,False,0.002746268225067735,0.002500010715354937
ViTscratch,200,1,0.18395925,0,0.0,True,-0.009624255402247792,-0.0037524049804010923
ViTscratch,200,1,0.40555507,0,0.0,True,0.003908641107814832,0.0019043213174038582
ViTscratch,200,1,0.23944192,0,0.0,True,7.73526556804125e-05,-0.001962442069162684
ViTscratch,200,1,0.08299157,0,0.0,True,-0.005256589581378684,-0.005749291414059017
ViTscratch,200,1,0.288391,0,1.0,False,0.0010437303355617118,-0.0010441403429337023
ViTscratch,200,1,0.1789083,0,0.0,True,-0.0020584982860808836,0.001165554966518173
ViTscratch,200,1,0.18551998,0,1.0,False,0.003791980442423647,0.002592374509909116
ViTscratch,200,1,0.16316186,0,0.0,True,-0.00015239184744784693,-2.6623930846487996e-05
ViTscratch,200,1,0.22069825,0,1.0,False,0.006058151567165841,0.003330174831360862
ViTscratch,200,1,0.17745742,0,0.0,True,-0.000334263289754201,-0.0004356529631018954
ViTscratch,200,1,0.32131824,0,1.0,False,0.004425548510166649,0.0014887958729090734
ViTscratch,200,1,0.19390443,0,0.0,True,0.0020098522515989508,-0.006298311136133427
ViTscratch,200,1,0.21471865,0,1.0,False,0.0022963136728047936,0.005955462938488877
ViTscratch,200,1,0.12468617,0,0.0,True,-0.00751469083542138,-0.004483257549694859
ViTscratch,200,1,0.1638091,0,1.0,False,-0.0027740296120894493,-0.0006136453769260581
ViTscratch,200,1,0.14771602,0,0.0,True,-0.011318330932736508,-0.0024280628645623353
ViTscratch,200,1,0.42795435,0,1.0,False,0.0011471354896947954,-0.0010694500836909968
ViTscratch,200,1,0.23507895,0,0.0,True,-0.005150028103057103,-0.0035804655543719764
ViTscratch,200,1,0.34157443,0,1.0,False,0.004636670638760278,0.0032337298237996998
ViTscratch,200,1,0.20994976,0,0.0,True,0.0035300990552326046,-0.003792564531657732
ViTscratch,200,1,0.2854913,0,0.0,True,0.003618090452261306,0.007682619647355163
ViTscratch,200,1,0.60653603,1,0.0,False,7.625818786045092e-05,0.0014135743821803144
ViTscratch,200,1,0.22629644,0,1.0,False,-0.0038694936038904133,-0.0015850930783483813
ViTscratch,200,1,0.29311627,0,1.0,False,-0.006657579116456296,-0.0024658257768993778
ViTscratch,200,1,0.6052901,1,0.0,False,0.009763917782448733,0.007170420699959961
ViTscratch,200,1,0.48787433,0,1.0,False,0.0042503540085387466,0.006099714542448099
ViTscratch,200,1,0.18232638,0,0.0,True,-0.0009533149475048231,0.001033273917556608
ViTscratch,200,1,0.51900697,1,0.0,False,0.002310507975109196,0.004381687329476215
ViTscratch,200,1,0.18087615,0,1.0,False,0.0017246047993494554,0.003592602885346234
ViTscratch,200,1,0.22353727,0,1.0,False,-0.006566865828788857,-0.008270170579860703
ViTscratch,200,1,0.407516,0,1.0,False,-0.0033726688537787167,0.0023368154994751244
ViTscratch,200,1,0.44974154,0,1.0,False,0.004105917067484267,0.0020965752598973843
ViTscratch,200,1,0.29884553,0,0.0,True,-0.004142828076054701,-0.0022123900445054673
ViTscratch,200,1,0.22005053,0,0.0,True,0.0026126423475766004,0.0014604411302882835
ViTscratch,200,1,0.62747455,1,0.0,False,0.0037682185165699386,0.008764349895158405
ViTscratch,200,1,0.24847049,0,1.0,False,-0.007642462730657013,-0.006149777747729201
ViTscratch,200,1,0.34760925,0,0.0,True,-0.00517864311496546,0.0003501621976515609
ViTscratch,200,1,0.17942122,0,1.0,False,0.001914228774626149,-0.004077707565356115
ViTscratch,200,1,0.23258923,0,0.0,True,-0.005574600684113566,-0.001709486401815967
ViTscratch,200,1,0.5135253,1,0.0,False,0.0067819209148941096,0.003978304462434243
ViTscratch,200,1,0.2513439,0,0.0,True,0.0035503972724245094,0.006077098502053482
ViTscratch,200,1,0.3318682,0,1.0,False,0.001075278138233902,-0.0011886317309019742
ViTscratch,200,1,0.61148185,1,1.0,True,-0.0015088507550835232,-0.0005554741071130236
ViTscratch,200,1,0.290944,0,0.0,True,-0.007506451240031961,-0.004777451713105579
ViTscratch,200,1,0.29157966,0,1.0,False,0.011783849161232996,0.006120108730626945
ViTscratch,200,1,0.6919188,1,1.0,True,0.002500697007022815,0.004193950997849528
ViTscratch,200,1,0.2816507,0,0.0,True,-0.005385185225569541,-0.0013429111766485584
ViTscratch,200,1,0.16713971,0,0.0,True,-0.0021569634088622214,-0.00019577743831261744
ViTscratch,200,1,0.20322596,0,1.0,False,-0.005025567438052657,0.00022672114966246806
ViTscratch,200,1,0.24188958,0,1.0,False,0.000524837427331942,0.003044607764356808
ViTscratch,200,1,0.23030896,0,0.0,True,-9.990460348930647e-07,-0.00347707694741993
ViTscratch,200,1,0.4316141,0,1.0,False,-0.001865245718689905,-0.0010137722876909503
ViTscratch,200,1,0.28202036,0,0.0,True,0.0010626281344708955,0.0037088710607643505
ViTscratch,200,1,0.20694475,0,0.0,True,-0.0014750508122279321,-0.0002702067001801287
ViTscratch,200,1,0.30347514,0,0.0,True,0.0010613759399356055,-0.0001463123230705337
ViTscratch,200,1,0.17565687,0,0.0,True,0.004221406834226339,-0.0009065008563611504
ViTscratch,200,1,0.14796244,0,0.0,True,-0.016039191100752394,-0.008674932115354715
ViTscratch,200,1,0.25532907,0,1.0,False,0.004815158405315181,0.006968904697703994
ViTscratch,200,1,0.19453649,0,0.0,True,0.005669642547870602,0.0019082943106404602
ViTscratch,200,1,0.4305005,0,0.0,True,-0.00020947738749152155,-0.0032833269220401227
ViTscratch,200,1,0.26916704,0,1.0,False,0.0026093791158517767,0.0027916304926603516
ViTscratch,200,1,0.17849146,0,1.0,False,-0.007368885368617642,-0.002092727204285449
ViTscratch,200,1,0.15603597,0,0.0,True,-0.005560144058598846,-0.0017450859944723738
ViTscratch,200,1,0.38066182,0,1.0,False,0.004803448931372722,0.0009072487993428937
ViTscratch,200,1,0.22147796,0,0.0,True,0.00562432377114087,-0.003530987129729613
ViTscratch,200,1,0.18812656,0,1.0,False,-0.0051285620074753915,-0.002169015512784954
ViTscratch,200,1,0.19728643,0,1.0,False,0.005226010068325255,0.0028966116712705104
ViTscratch,200,1,0.18780638,0,1.0,False,-0.00025211583000680615,0.004457200930757306
ViTscratch,200,1,0.26451883,0,1.0,False,-0.0031718178620016835,1.9034445995600407e-05
ViTscratch,200,1,0.21319519,0,0.0,True,0.005316686592184998,0.0014763544402196986
ViTscratch,200,1,0.56829756,1,0.0,False,0.003619703500280745,-0.00010572225081796217
ViTscratch,200,1,0.5292108,1,0.0,False,-0.0067944715839918495,-0.0024828895002395345
ViTscratch,200,2,0.1925257,0,0.0,True,-0.0010065491312904477,-0.005413119674500064
ViTscratch,200,2,0.14936316,0,0.0,True,0.0007218954306837877,0.0005244856880716552
ViTscratch,200,2,0.45367333,0,1.0,False,0.003117567156557642,0.003804891477120261
ViTscratch,200,2,0.13787286,0,0.0,True,-0.003679526321566844,-0.004821769072643813
ViTscratch,200,2,0.18048711,0,0.0,True,-0.008579594201569571,-0.006080182176328061
ViTscratch,200,2,0.22209643,0,1.0,False,-0.0009614776553577271,-0.005321039194413221
ViTscratch,200,2,0.35973147,0,0.0,True,0.0010678360499998879,-0.0010688866912305466
ViTscratch,200,2,0.20880893,0,1.0,False,-0.0003429478432510978,0.0020658534433794294
ViTscratch,200,2,0.30500883,0,1.0,False,0.00034565574332506214,0.0015545905972641216
ViTscratch,200,2,0.6258319,1,1.0,True,-0.002437368824441418,0.0013598983604108698
ViTscratch,200,2,0.40848505,0,0.0,True,-0.009930077035351013,-0.004766935586814016
ViTscratch,200,2,0.18702239,0,0.0,True,-0.004170844967918987,0.0002803811757360002
ViTscratch,200,2,0.89773285,1,0.0,False,0.003913630945761672,0.0011762783822837452
ViTscratch,200,2,0.28199154,0,1.0,False,0.002258555039082374,0.0007249235462702939
ViTscratch,200,2,0.17850646,0,1.0,False,-0.005479588428437058,-0.0037556745651521973
ViTscratch,200,2,0.27518594,0,0.0,True,-0.002871182474993601,-0.0016692377219602594
ViTscratch,200,2,0.40063164,0,1.0,False,-0.0010530486848715328,-0.002818114394344386
ViTscratch,200,2,0.19292043,0,0.0,True,-0.0010803033894956082,-0.0015858708810267597
ViTscratch,200,2,0.23239149,0,0.0,True,-0.0045347440465264835,-0.0026308528317349656
ViTscratch,200,2,0.21847604,0,1.0,False,-0.011361943635740999,-0.004237246774293429
ViTscratch,200,2,0.27414092,0,1.0,False,-0.0021114018117528747,0.0029716082809642524
ViTscratch,200,2,0.3100928,0,0.0,True,0.005257165502833233,0.004183244030593255
ViTscratch,200,2,0.25430426,0,0.0,True,-0.0009264670417329841,0.003963630519771346
ViTscratch,200,2,0.37275618,0,1.0,False,-0.001942313723295991,0.0004450571088489766
ViTscratch,200,2,0.39210674,0,0.0,True,-0.0015176492276522508,0.0010216402455967275
ViTscratch,200,2,0.24053456,0,0.0,True,0.0074321619600736,0.00037394924321036525
ViTscratch,200,2,0.3096382,0,1.0,False,-0.0015551443218430193,-0.002162833612606137
ViTscratch,200,2,0.14046973,0,1.0,False,-0.004272421357849626,-0.004534923930381438
ViTscratch,200,2,0.23958254,0,1.0,False,0.011553232162000455,0.0021872566846186034
ViTscratch,200,2,0.27523553,0,1.0,False,-0.002566526271622796,-0.003454602977585645
ViTscratch,200,2,0.38544267,0,0.0,True,0.009480461828897805,0.005952912587362529
ViTscratch,200,2,0.26953036,0,0.0,True,0.0023611284954253237,0.0058180716396035535
ViTscratch,200,2,0.41957566,0,1.0,False,0.005328717555668071,0.0034793278362546145
ViTscratch,200,2,0.2923582,0,1.0,False,0.002060329856643587,0.0027463131338101815
ViTscratch,200,2,0.25757182,0,0.0,True,0.0021002313556140744,-0.0007649416365279933
ViTscratch,200,2,0.41259807,0,1.0,False,0.006264743451974679,0.00439158663818169
ViTscratch,200,2,0.27201048,0,1.0,False,-0.0013991444265164488,-0.002863783865095433
ViTscratch,200,2,0.5102722,1,0.0,False,0.00027036473149030565,0.004276117378295048
ViTscratch,200,2,0.20703153,0,1.0,False,-0.0011056886874442411,0.00017614580049507238
ViTscratch,200,2,0.15433362,0,1.0,False,0.0007004297126845418,0.0019365756974642568
ViTscratch,200,2,0.6635857,1,1.0,True,0.008847902075164634,0.006430782932250035
ViTscratch,200,2,0.17960793,0,1.0,False,-0.006235823938276753,-0.0044891161932429785
ViTscratch,200,2,0.27643204,0,1.0,False,-0.0035792811055396882,-0.0026837141787324935
ViTscratch,200,2,0.33685687,0,0.0,True,-0.0005679300099592036,-0.002759811438590132
ViTscratch,200,2,0.11125777,0,1.0,False,0.00242007420161816,-0.0012259919798559542
ViTscratch,200,2,0.22987838,0,1.0,False,0.00010050251256281407,0.004710327455919396
ViTscratch,200,2,0.17325638,0,0.0,True,0.0032262366920742793,0.0006855895969386443
ViTscratch,200,2,0.5153735,1,1.0,True,0.008487296324016905,0.007123322440924414
ViTscratch,200,2,0.3972024,0,0.0,True,0.007413716710696117,0.0038793839731521684
ViTscratch,200,2,0.24601819,0,1.0,False,-0.005923765099302584,-0.005710478207622105
ViTscratch,200,2,0.5156767,1,1.0,True,-0.005176455933881517,7.497463655645806e-05
ViTscratch,200,2,0.69676787,1,1.0,True,0.004676466760765472,0.0021184107881557237
ViTscratch,200,2,0.46511286,0,0.0,True,0.004435731153530976,0.002657462105820558
ViTscratch,200,2,0.60755587,1,1.0,True,-0.002693284742118766,-0.0013858569525701232
ViTscratch,200,2,0.3532882,0,0.0,True,0.008848538407150741,0.003404650372057734
ViTscratch,200,2,0.20918314,0,0.0,True,-0.004899927165695541,-0.0032259612783005925
ViTscratch,200,2,0.16324763,0,0.0,True,0.0017987207304573211,0.0033643097150182033
ViTscratch,200,2,0.2827594,0,1.0,False,0.0007839554361997917,0.004559323308943281
ViTscratch,200,2,0.16476782,0,0.0,True,0.00035779485379927015,-0.0075026185470805085
ViTscratch,200,2,0.188525,0,1.0,False,-0.004172119750009956,-0.0013868351399854162
ViTscratch,200,2,0.16180468,0,0.0,True,-0.0011584309984287978,-0.0018916459438597516
ViTscratch,200,2,0.33490324,0,0.0,True,0.0006026119596980248,0.0016115098487231145
ViTscratch,200,2,0.24538161,0,0.0,True,-0.0032003403382509297,0.0012475792187104189
ViTscratch,200,2,0.5102945,1,1.0,True,0.0007849503289393388,-0.00022153771144753937
ViTscratch,200,2,0.351125,0,1.0,False,-0.000905088332942183,-2.556290925250931e-05
ViTscratch,200,2,0.16074173,0,1.0,False,0.008889516191070082,0.0021111877496256147
ViTscratch,200,2,0.3392856,0,0.0,True,-0.004171772037495852,0.0010315573544648223
ViTscratch,200,2,0.34937912,0,0.0,True,0.0021911234787000827,0.0007369116859528478
ViTscratch,200,2,0.16522354,0,1.0,False,0.004922481663464198,-0.0008844168769166417
ViTscratch,200,2,0.43555653,0,0.0,True,0.00962071790490949,0.003421181247428136
ViTscratch,200,2,0.2475403,0,0.0,True,0.00015729735152054274,0.0034360213802393782
ViTscratch,200,2,0.34176633,0,0.0,True,-0.0038314461497117973,-0.00046891885024961477
ViTscratch,200,2,0.36043477,0,0.0,True,0.00036862727499417837,0.001250090113488802
ViTscratch,200,2,0.27765685,0,0.0,True,0.0035276276951763555,0.0015203093918656995
ViTscratch,200,2,0.29668498,0,1.0,False,-0.003568199548100562,-0.004811322191676102
ViTscratch,200,2,0.47686356,0,0.0,True,0.011510135263350547,0.004029435540707492
ViTscratch,200,2,0.3164146,0,1.0,False,-0.004573143103094039,-0.0018139066247646468
ViTscratch,200,2,0.164769,0,0.0,True,-0.0020757865395820627,-0.00013674813971239875
ViTscratch,200,2,0.6258245,1,0.0,False,0.014219891869898093,0.0012834735081548785
ViTscratch,200,2,0.15148726,0,0.0,True,0.001148658579130069,-0.0023997621520220743
ViTscratch,200,2,0.23679316,0,0.0,True,0.0013475576233996393,-0.00028566478553647645
ViTscratch,200,2,0.28912985,0,0.0,True,-0.00670096572124801,-0.0004943899578423372
ViTscratch,200,2,0.35009962,0,1.0,False,0.011467689224025824,0.004540659071664894
ViTscratch,200,2,0.1802828,0,1.0,False,-6.227183045314138e-06,0.0006450787916187409
ViTscratch,200,2,0.30620956,0,1.0,False,0.00034957597028453867,0.0011060389019820862
ViTscratch,200,2,0.1477804,0,1.0,False,0.0011552453717909531,0.0011856309704934976
ViTscratch,200,2,0.3010345,0,0.0,True,-0.003298161623444093,-0.0021229251055450136
ViTscratch,200,2,0.20922624,0,1.0,False,-0.0014917530147818098,-0.004005871639287501
ViTscratch,200,2,0.15301725,0,0.0,True,0.0025081306355380327,-0.004010373724116248
ViTscratch,200,2,0.20394538,0,1.0,False,-0.0015075178492504158,-0.0007556779143613505
ViTscratch,200,2,0.25547165,0,0.0,True,0.0035830553291613227,0.004421621347360401
ViTscratch,200,2,0.7558136,1,0.0,False,0.010234922716777084,0.008919864994621076
ViTscratch,200,2,0.31879464,0,1.0,False,0.005930342980503956,0.001389044229116775
ViTscratch,200,2,0.27042672,0,0.0,True,0.004103280986201645,0.001468177249326977
ViTscratch,200,2,0.20168996,0,1.0,False,-0.001409158339838455,-0.002546674714406348
ViTscratch,200,2,0.18029419,0,1.0,False,0.0023873736219335025,-0.0024675369802682023
ViTscratch,200,2,0.32913464,0,1.0,False,-0.0027415861342768785,-0.0008314354732328531
ViTscratch,200,2,0.3849993,0,1.0,False,0.007634381278710991,0.002515044772009322
ViTscratch,200,2,0.25652656,0,0.0,True,-0.001382196814139169,0.001613352339205618
ViTscratch,200,2,0.2725761,0,0.0,True,0.0013119283094440424,0.0012390762437456651
ViTscratch,200,3,0.4476231,0,0.0,True,-0.0004208510550724454,0.004516077442051206
ViTscratch,200,3,0.15699056,0,0.0,True,-0.004452920133055506,-0.0008833390985979976
ViTscratch,200,3,0.26924247,0,0.0,True,-0.0021677772672329255,-0.004364770765290133
ViTscratch,200,3,0.19901186,0,0.0,True,-0.011087267932780977,-0.006709548747162334
ViTscratch,200,3,0.25581783,0,0.0,True,0.0027591785504287557,0.0010551665337128274
ViTscratch,200,3,0.2866646,0,1.0,False,-0.00035357347120637853,0.001384113126320565
ViTscratch,200,3,0.27463418,0,0.0,True,0.0025112944462013617,-0.0003033161902757011
ViTscratch,200,3,0.21781199,0,1.0,False,0.00423733797847702,0.0017033619801057787
ViTscratch,200,3,0.1730601,0,0.0,True,-0.008019672853624782,-0.007609573110854887
ViTscratch,200,3,0.29797626,0,0.0,True,0.010010612646862167,0.003685226859518697
ViTscratch,200,3,0.38932708,0,1.0,False,0.005509074695886969,0.003306900092114893
ViTscratch,200,3,0.2309535,0,1.0,False,0.0017967018782245406,-0.004699262111482963
ViTscratch,200,3,0.40509585,0,0.0,True,-0.0016015248377983654,0.00597735689759262
ViTscratch,200,3,0.24037647,0,0.0,True,-0.0003255031685124253,0.000657417470498689
ViTscratch,200,3,0.4059249,0,0.0,True,-0.0021636849689863086,-0.0024967622197915713
ViTscratch,200,3,0.12700479,0,1.0,False,0.001834110230838586,-0.0019129207839336043
ViTscratch,200,3,0.38821682,0,1.0,False,-0.00035365531833677667,0.004406277546375003
ViTscratch,200,3,0.18214273,0,1.0,False,0.00469017387393848,0.00530908746681833
ViTscratch,200,3,0.29995438,0,1.0,False,0.010182394047610158,0.003733644604649842
ViTscratch,200,3,0.35065624,0,1.0,False,-0.0034178144487087723,-0.0015121468619817024
ViTscratch,200,3,0.5000375,1,0.0,False,0.010082703686997485,0.006779923848435616
ViTscratch,200,3,0.32557058,0,0.0,True,0.013266132713567271,0.008563954911790099
ViTscratch,200,3,0.20503834,0,0.0,True,-0.0007548974919522166,0.0019889449834847436
ViTscratch,200,3,0.19963309,0,0.0,True,0.00015085349147419874,-0.006145997154656804
ViTscratch,200,3,0.16587363,0,1.0,False,-0.008243600779624079,-0.008440742007949574
ViTscratch,200,3,0.12614992,0,0.0,True,-0.009564714327422036,-0.00503089822451658
ViTscratch,200,3,0.22970684,0,0.0,True,-0.00015906794352421965,-0.0022234969901513578
ViTscratch,200,3,0.36482233,0,1.0,False,8.467937975578498e-05,-0.001854400649698677
ViTscratch,200,3,0.38796002,0,0.0,True,0.005175025275523947,0.006019016094579151
ViTscratch,200,3,0.24652384,0,1.0,False,-0.00014928596771692372,0.00033114961516566037
ViTscratch,200,3,0.51723,1,1.0,True,-0.004371786268841641,-0.004735418690171382
ViTscratch,200,3,0.8994739,1,0.0,False,0.007657727893942802,0.008835180533210148
ViTscratch,200,3,0.28842407,0,0.0,True,-0.0008814118899458508,-0.002347958749740431
ViTscratch,200,3,0.24428602,0,1.0,False,0.0010613379107923028,8.106037949671099e-05
ViTscratch,200,3,0.1047333,0,0.0,True,-0.0028393264400962824,-0.0036288960666724795
ViTscratch,200,3,0.41417384,0,1.0,False,0.0030107216647692436,0.0011036779286227663
ViTscratch,200,3,0.64138395,1,0.0,False,-0.003170213040995414,-0.0011132803116459832
ViTscratch,200,3,0.27885205,0,0.0,True,-0.013794411656071568,-0.003274932610970112
ViTscratch,200,3,0.13872647,0,0.0,True,0.0003062880387762244,0.0009325130266170724
ViTscratch,200,3,0.101955466,0,0.0,True,-0.007582279366980287,-0.0011067778448984125
ViTscratch,200,3,0.27652147,0,1.0,False,0.0011244297426432593,-0.0019220121710931306
ViTscratch,200,3,0.25284943,0,1.0,False,-0.006130643327655863,-0.005591929602531517
ViTscratch,200,3,0.15975006,0,1.0,False,-0.006483568608131693,-0.004963869481049608
ViTscratch,200,3,0.26738438,0,1.0,False,0.005374624247955182,0.004682590184186504
ViTscratch,200,3,0.16487716,0,1.0,False,0.00466816394081321,-0.004136026589916087
ViTscratch,200,3,0.30362692,0,0.0,True,-0.006188694324019055,-0.003760195039408091
ViTscratch,200,3,0.239951,0,1.0,False,0.005136726100426127,0.007215885236296879
ViTscratch,200,3,0.14269131,0,0.0,True,-0.004587312498806852,-0.007571048408352621
ViTscratch,200,3,0.15841885,0,1.0,False,0.0037415914637858178,0.00168652464404186
ViTscratch,200,3,0.16336785,0,1.0,False,-0.0055532965634469385,-0.0036262045993932053
ViTscratch,200,3,0.17554566,0,1.0,False,0.0004244279136039911,-0.0020883836796969217
ViTscratch,200,3,0.2050061,0,0.0,True,0.0037675050727528697,0.002264876277949384
ViTscratch,200,3,0.31051075,0,0.0,True,0.0014070752321622365,-0.002141033133497225
ViTscratch,200,3,0.22687216,0,0.0,True,-0.0031249666117094213,-0.003049582319500288
ViTscratch,200,3,0.2334151,0,1.0,False,-0.003861279973248766,-0.001076498252833661
ViTscratch,200,3,0.99421555,1,1.0,True,0.006343473273118181,0.002560339380204956
ViTscratch,200,3,0.19341949,0,0.0,True,0.003671374588489464,0.000482221995683259
ViTscratch,200,3,0.22626026,0,0.0,True,-0.007064454381275791,-0.0023685755349634368
ViTscratch,200,3,0.33349863,0,0.0,True,0.0034640362046141717,-0.0018432079427939043
ViTscratch,200,3,0.18146273,0,1.0,False,-0.0005577107735570083,0.0028416436083844522
ViTscratch,200,3,0.1252138,0,0.0,True,-0.008186785511620486,-0.0072492503195029576
ViTscratch,200,3,0.31823877,0,0.0,True,0.0028059096752856894,0.0017303505857451684
ViTscratch,200,3,0.181862,0,1.0,False,-0.0024920016198761346,-0.0018183859060139256
ViTscratch,200,3,0.4323408,0,1.0,False,-0.002573284466097078,0.0010218807334457822
ViTscratch,200,3,0.34775266,0,1.0,False,-0.007371916530881511,-0.0026760846320570447
ViTscratch,200,3,0.40248004,0,1.0,False,0.0018853487746983066,-0.001884063998749535
ViTscratch,200,3,0.6226188,1,1.0,True,0.00325652847867079,0.0067411447712783755
ViTscratch,200,3,0.3847046,0,1.0,False,0.006213870215671067,0.008495462404018722
ViTscratch,200,3,0.14861117,0,1.0,False,-0.0031963867493651457,0.00017040451055275665
ViTscratch,200,3,0.52521604,1,0.0,False,-0.0020819217490174458,-0.003697316059142293
ViTscratch,200,3,0.31128627,0,1.0,False,-0.005126524846303112,-0.0008069421098981498
ViTscratch,200,3,0.09275781,0,0.0,True,-0.005543410996792226,-0.004171304953063638
ViTscratch,200,3,0.6420836,1,1.0,True,-0.001808017825595717,-0.0029214249264633797
ViTscratch,200,3,0.17800398,0,0.0,True,-0.004934081733360095,-0.004289779043844981
ViTscratch,200,3,0.104100116,0,1.0,False,-0.0038256879722003184,-0.0014162722440227002
ViTscratch,200,3,0.105592735,0,1.0,False,-0.00706650984695062,-0.004541779911325437
ViTscratch,200,3,0.505643,1,1.0,True,-0.0032939975032638402,-0.0030510032593562366
ViTscratch,200,3,0.27040273,0,1.0,False,-0.0025853207119005055,-0.0007024587474600278
ViTscratch,200,3,0.22549374,0,1.0,False,0.002790265667051731,0.0023208433736342992
ViTscratch,200,3,0.110351086,0,1.0,False,-0.003527090052545946,-0.005173588599917864
ViTscratch,200,3,0.2974416,0,1.0,False,-0.002076294527246329,0.002252005805390704
ViTscratch,200,3,0.31802335,0,0.0,True,0.009413680886068409,0.006740909191943549
ViTscratch,200,3,0.2073508,0,0.0,True,-0.007050162756844533,-0.0049018923132144055
ViTscratch,200,3,0.31755576,0,0.0,True,0.006843677945356078,0.0018497503991192685
ViTscratch,200,3,0.5339538,1,1.0,True,0.0018964898322905554,0.0016751814470880135
ViTscratch,200,3,0.278424,0,0.0,True,-0.003998036769753355,-0.005012445707082429
ViTscratch,200,3,0.16527458,0,0.0,True,-0.003785939189664623,-0.003164433733701992
ViTscratch,200,3,0.20648107,0,1.0,False,-0.00040596842898157724,-0.00022969610174482455
ViTscratch,200,3,0.18710466,0,0.0,True,0.004680612039176811,0.002575228334767379
ViTscratch,200,3,0.3033529,0,1.0,False,0.004397008141310908,0.0018365808450194296
ViTscratch,200,3,0.19623747,0,0.0,True,-0.000905839169062601,0.0001750983563672726
ViTscratch,200,3,0.20532145,0,0.0,True,0.0011348025141168978,-0.0017399458188193712
ViTscratch,200,3,0.3877822,0,0.0,True,-0.004073510729705926,-0.002169495931750779
ViTscratch,200,3,0.6240554,1,1.0,True,-0.00017525236131786818,-0.00012838581176366376
ViTscratch,200,3,0.4004572,0,0.0,True,-0.0032058083700928024,-0.0020820932723227444
ViTscratch,200,3,0.759149,1,1.0,True,0.0006026927597481031,0.003777812997399595
ViTscratch,200,3,0.38431612,0,1.0,False,-0.0017089672483935902,-0.0053655311003607
ViTscratch,200,3,0.35725507,0,1.0,False,0.005869485073520746,0.0010257914409871676
ViTscratch,200,3,0.22966228,0,0.0,True,-0.0038571353844256873,-0.0014651850587030244
ViTscratch,200,3,0.14587772,0,0.0,True,0.0012379431506174927,0.0017478339350502177
ViTscratch,200,4,0.13856602,0,0.0,True,0.004253269546698387,-0.003922990093961866
ViTscratch,200,4,0.7697896,1,1.0,True,-0.0051360071962168454,0.001147384250549017
ViTscratch,200,4,0.47549215,0,1.0,False,0.006900411487914977,0.0036949343902642016
ViTscratch,200,4,0.20594832,0,1.0,False,-0.00015325758324622653,0.0032487562396940678
ViTscratch,200,4,0.4459842,0,1.0,False,0.0033678557662755702,0.004132356392055647
ViTscratch,200,4,0.36729476,0,0.0,True,-0.004476874493254662,0.0001456309248061248
ViTscratch,200,4,0.23464222,0,0.0,True,-0.0003516345100162894,0.0005794818829081407
ViTscratch,200,4,0.36133665,0,0.0,True,0.0038581553836775345,0.004220135240277414
ViTscratch,200,4,0.25739074,0,0.0,True,-0.0006234514102346492,-0.0033185752468752753
ViTscratch,200,4,0.32064247,0,1.0,False,-0.0027036538611740703,-0.0023565490675808353
ViTscratch,200,4,0.22116052,0,0.0,True,-0.0021109157146299517,-0.002443759786466974
ViTscratch,200,4,0.235795,0,1.0,False,0.004302598434154094,0.0012411819349431017
ViTscratch,200,4,0.37813783,0,0.0,True,0.01138344608536686,0.002217497640870615
ViTscratch,200,4,0.33076596,0,0.0,True,0.0013802871073002074,-5.1464890235509314e-05
ViTscratch,200,4,0.15549912,0,0.0,True,-0.001359265474931183,-0.0032264941171824034
ViTscratch,200,4,0.16945131,0,0.0,True,-0.00019365010202517354,-0.0053867929054874685
ViTscratch,200,4,0.15975082,0,1.0,False,0.0006008945680967819,0.001433751966498816
ViTscratch,200,4,0.47056922,0,1.0,False,-0.0012724540742171627,-0.00034560863195219095
ViTscratch,200,4,0.35254672,0,1.0,False,-0.0033881522824551354,-0.0003474457915815495
ViTscratch,200,4,0.21162097,0,0.0,True,0.0023222142529818767,-0.0003433574490272915
ViTscratch,200,4,0.17483845,0,0.0,True,-0.00040195985326461816,-0.0015868187312362543
ViTscratch,200,4,0.5265213,1,0.0,False,-0.0054054749243253025,-0.0029725889687279073
ViTscratch,200,4,0.31233945,0,1.0,False,0.005971278215259237,0.0016037490786281984
ViTscratch,200,4,0.30136314,0,1.0,False,0.004781295038041011,0.004668817876795577
ViTscratch,200,4,0.12797654,0,0.0,True,-0.0024653056076720083,-0.0037306485429104918
ViTscratch,200,4,0.36761087,0,1.0,False,-0.0024162881700342097,-0.0007600048342960124
ViTscratch,200,4,0.26886737,0,1.0,False,0.004494408306596345,-0.0025967678693808475
ViTscratch,200,4,0.29449207,0,1.0,False,0.0015073555175232857,-0.00010097001115938643
ViTscratch,200,4,0.5615444,1,0.0,False,0.005532491492374877,0.004238507009428448
ViTscratch,200,4,0.8575226,1,0.0,False,-0.002204551685019871,-0.0011249133966070935
ViTscratch,200,4,0.34648,0,1.0,False,0.006107041052153785,0.0023935737669282206
ViTscratch,200,4,0.25713882,0,1.0,False,0.007684642209541467,0.008711200062092132
ViTscratch,200,4,0.22277462,0,0.0,True,0.002814617211482546,0.002720461496143461
ViTscratch,200,4,0.21773504,0,1.0,False,-0.0034174485869925874,-0.003199366960260405
ViTscratch,200,4,0.40036386,0,1.0,False,-0.011612778655786178,-0.0029260680693960358
ViTscratch,200,4,0.93704975,1,1.0,True,-0.0013444348046539056,0.002053111768986731
ViTscratch,200,4,0.2002171,0,1.0,False,-0.005803488785654878,-0.0008562174090591065
ViTscratch,200,4,0.57053596,1,0.0,False,0.005122140297262294,0.003170093421852899
ViTscratch,200,4,0.1921085,0,0.0,True,-0.0016082525462145668,0.001234227520344185
ViTscratch,200,4,0.33384869,0,0.0,True,0.002912880282109954,0.001132254410655456
ViTscratch,200,4,0.21048944,0,1.0,False,0.006834920377480005,0.0016635467561149765
ViTscratch,200,4,0.29278532,0,1.0,False,-0.004910951542336187,0.0010728617893882688
ViTscratch,200,4,0.32293794,0,1.0,False,0.00645406293487118,0.0007533527965016999
ViTscratch,200,4,0.38954315,0,1.0,False,0.0011398492613661248,0.00026032823001985087
ViTscratch,200,4,0.22868422,0,1.0,False,-0.000269140136226268,0.0026564964532372966
ViTscratch,200,4,0.20056276,0,0.0,True,-0.0029295561357716936,-0.000996371499265805
ViTscratch,200,4,0.13082662,0,0.0,True,-0.00020080532658063813,-0.0056673458752713275
ViTscratch,200,4,0.6593516,1,0.0,False,-0.002735885803699047,-0.00181025265257988
ViTscratch,200,4,0.1674358,0,0.0,True,-0.0037209595045128614,-0.0007082507435514752
ViTscratch,200,4,0.5944021,1,1.0,True,6.548154368253394e-05,-0.000840338315246725
ViTscratch,200,4,0.24530388,0,1.0,False,0.0012441347044062083,0.0005429412526802162
ViTscratch,200,4,0.27746508,0,0.0,True,-0.0012362887600825977,-0.0031028266534788526
ViTscratch,200,4,0.28271472,0,1.0,False,-0.001820991823640965,-0.0014857115421338149
ViTscratch,200,4,0.24412501,0,0.0,True,-0.005217758298859423,-0.007396064506980661
ViTscratch,200,4,0.26539937,0,0.0,True,0.0020307075357607948,-0.0015142777041239736
ViTscratch,200,4,0.12409926,0,1.0,False,-0.003772666247263379,-0.004161970903524777
ViTscratch,200,4,0.3259416,0,0.0,True,0.0009044924211050031,-0.0005793829528960838
ViTscratch,200,4,0.35639858,0,0.0,True,7.38714707331344e-05,0.0042844601346093076
ViTscratch,200,4,0.18903345,0,1.0,False,0.008077162202670235,0.00011066724020343965
ViTscratch,200,4,0.15326278,0,0.0,True,-0.0021237833027118796,0.000565292755625597
ViTscratch,200,4,0.3130014,0,1.0,False,0.006385278512686856,0.002773830764539876
ViTscratch,200,4,0.43630016,0,1.0,False,0.004834841206706394,0.0019762377781588065
ViTscratch,200,4,0.2255656,0,1.0,False,-0.003618172237193971,0.0010326135657270717
ViTscratch,200,4,0.46736896,0,1.0,False,0.002004851422394386,0.006295268344186129
ViTscratch,200,4,0.9135129,1,1.0,True,0.008772733076192167,0.0033340400027774093
ViTscratch,200,4,0.18266425,0,1.0,False,-0.005341780675248376,-0.004368276098827577
ViTscratch,200,4,0.19603348,0,0.0,True,-0.00420568124195425,-0.003258589126473753
ViTscratch,200,4,0.26101097,0,0.0,True,-0.002701174485596371,-0.0006168744544246908
ViTscratch,200,4,0.16448273,0,1.0,False,-0.003220535495207116,-0.0038331941740886296
ViTscratch,200,4,0.13401249,0,0.0,True,0.005235789446076144,0.0030370411192103255
ViTscratch,200,4,0.3486734,0,0.0,True,0.004454848752065872,0.0005362631396886425
ViTscratch,200,4,0.52433133,1,1.0,True,0.00032842667429940536,0.0011378631222417977
ViTscratch,200,4,0.2949172,0,1.0,False,0.001792086314788371,-0.0004958228091520813
ViTscratch,200,4,0.33207053,0,1.0,False,-0.003770410805588036,-0.0013617721426302124
ViTscratch,200,4,0.16326886,0,0.0,True,-0.005281548764387213,-0.003908912361090495
ViTscratch,200,4,0.13000332,0,1.0,False,-0.0006559295760670354,0.0027174194649276407
ViTscratch,200,4,0.1589383,0,0.0,True,-0.004092966808188432,-0.002113710922600198
ViTscratch,200,4,0.45006293,0,0.0,True,0.0002686072690013308,0.0004000556824964317
ViTscratch,200,4,0.1903572,0,1.0,False,-0.002381188612370805,-0.00016968106839647433
ViTscratch,200,4,0.17471421,0,1.0,False,-0.010264106891081688,-0.007467035425835396
ViTscratch,200,4,0.2458252,0,1.0,False,-0.00903557692453851,-0.005881948396361041
ViTscratch,200,4,0.21914712,0,1.0,False,-0.00010704463667598156,0.0006244235463031771
ViTscratch,200,4,0.40548974,0,1.0,False,-0.003938472000206071,-0.0010984363742417083
ViTscratch,200,4,0.42012608,0,1.0,False,-0.00620613285161276,-0.00012062668650688036
ViTscratch,200,4,0.16938871,0,1.0,False,-0.002828301524624563,-0.001878746492774274
ViTscratch,200,4,0.29247195,0,1.0,False,0.004184487096079793,0.0025083383450511514
ViTscratch,200,4,0.28323784,0,0.0,True,-0.0016414869658007395,-0.0017633797849999934
ViTscratch,200,4,0.5701724,1,1.0,True,0.0046781594128194005,0.0061009722500728
ViTscratch,200,4,0.18648817,0,1.0,False,-0.005028757905469117,-0.007080742132881091
ViTscratch,200,4,0.15231064,0,0.0,True,0.0001536639773526689,0.0025007249784192273
ViTscratch,200,4,0.25742674,0,1.0,False,0.0017391446355136796,0.003559646563645022
ViTscratch,200,4,0.42915115,0,1.0,False,0.0007426138238424386,0.002810340955953793
ViTscratch,200,4,0.13975854,0,1.0,False,-1.1291203411676763e-05,-0.008216454666433736
ViTscratch,200,4,0.11861746,0,0.0,True,-0.007808871581770484,-0.0016553017695698246
ViTscratch,200,4,0.366081,0,0.0,True,-0.005145158946487526,-0.0008272762896736012
ViTscratch,200,4,0.20527968,0,0.0,True,-0.0017795096531625695,0.0009621712471994613
ViTscratch,200,4,0.13609196,0,1.0,False,0.0023537680012826784,0.00019369542285655952
ViTscratch,200,4,0.20024627,0,1.0,False,0.0060648773849931665,-0.0005178694879672764
ViTscratch,200,4,0.38980284,0,0.0,True,-0.0017098559812144124,-0.001285928238071198
ViTscratch,200,4,0.47429043,0,1.0,False,0.001993921349974665,0.00199930654809579
ViTscratch,200,5,0.14713602,0,1.0,False,-0.006500083900850372,-0.005962332173142659
ViTscratch,200,5,0.20904988,0,0.0,True,-0.0012915729896792896,-0.0027795695983510067
ViTscratch,200,5,0.32388645,0,1.0,False,-0.0005313606046094086,0.0035466614426184094
ViTscratch,200,5,0.20588067,0,1.0,False,0.0019930218216789447,0.000258348037859636
ViTscratch,200,5,0.32570246,0,1.0,False,0.0021062031851105264,-0.0005622959542444433
ViTscratch,200,5,0.20769158,0,1.0,False,-0.004495009294748002,-0.002994782200075871
ViTscratch,200,5,0.09878312,0,0.0,True,-0.00588293072030118,-0.004081554221793456
ViTscratch,200,5,0.9520815,1,1.0,True,0.00010655352558947658,0.0006089333121376697
ViTscratch,200,5,0.4999671,0,1.0,False,0.0039261178307020885,0.004616756377157865
ViTscratch,200,5,0.3874075,0,0.0,True,0.003856982232542556,-0.000768564914051374
ViTscratch,200,5,0.31502718,0,0.0,True,0.00526206372287865,-0.0005674825521427949
ViTscratch,200,5,0.19801709,0,1.0,False,0.001237519831969124,8.349976394141435e-05
ViTscratch,200,5,0.2695944,0,0.0,True,-0.004506756927053117,-0.002880427262667253
ViTscratch,200,5,0.4811244,0,1.0,False,0.002210702813986896,0.0031482230792416782
ViTscratch,200,5,0.31326455,0,1.0,False,0.015005265620545194,0.009048947700880189
ViTscratch,200,5,0.32302728,0,1.0,False,-0.0007955205441573742,0.0028995614620043607
ViTscratch,200,5,0.29504815,0,1.0,False,0.0018590239858256748,0.004836119927394857
ViTscratch,200,5,0.121035784,0,0.0,True,-0.005079975957885583,-0.0024232448599891777
ViTscratch,200,5,0.31600165,0,1.0,False,-0.0007035779467329424,-0.0008312922753140877
ViTscratch,200,5,0.45859662,0,1.0,False,0.0053427764114314215,0.004374272027736624
ViTscratch,200,5,0.4117069,0,1.0,False,0.00310683923199303,0.0020822442341151023
ViTscratch,200,5,0.5278418,1,0.0,False,0.0007028490413995429,0.0041297590776173355
ViTscratch,200,5,0.12640609,0,0.0,True,-0.013267325546235711,-0.006273193174631448
ViTscratch,200,5,0.47710887,0,1.0,False,-0.003875466765563267,-0.0029777349827170593
ViTscratch,200,5,0.22657911,0,1.0,False,-0.004524422834453717,-0.004711708360919161
ViTscratch,200,5,0.15344828,0,0.0,True,-0.0036782398762309574,-0.005426792900334463
ViTscratch,200,5,0.34073174,0,1.0,False,-0.001982154022247072,-0.0014857556709223917
ViTscratch,200,5,0.37575737,0,1.0,False,-0.0002523129183647458,-0.0015126759613208684
ViTscratch,200,5,0.23839378,0,1.0,False,0.004522190773701941,-0.00415658356187231
ViTscratch,200,5,0.29092452,0,0.0,True,-0.004934968362392482,-0.0051524204372958345
ViTscratch,200,5,0.21775284,0,0.0,True,-0.005037906607141255,-0.0011196150000782766
ViTscratch,200,5,0.24949118,0,0.0,True,0.0003060165677973543,-0.0007802494035009755
ViTscratch,200,5,0.24936326,0,1.0,False,0.00032921787543590734,0.0007583309328884995
ViTscratch,200,5,0.24063548,0,0.0,True,-0.0037226415927332987,-0.0022210053361977305
ViTscratch,200,5,0.1503888,0,0.0,True,-0.004593276389226258,-0.006788826149000505
ViTscratch,200,5,0.42178538,0,1.0,False,0.0012048203002951764,-0.0008325776587760747
ViTscratch,200,5,0.25165296,0,0.0,True,-0.0077889609522606845,-0.005465958350879413
ViTscratch,200,5,0.47537392,0,0.0,True,0.006291214466712547,-0.0013251192118484553
ViTscratch,200,5,0.3414576,0,1.0,False,0.015574015602620297,0.00820660797214815
ViTscratch,200,5,0.21062963,0,1.0,False,0.0033165424401963225,0.0018890771788280653
ViTscratch,200,5,0.605245,1,1.0,True,0.011356743781889257,0.008085579350367836
ViTscratch,200,5,0.7297734,1,1.0,True,0.00899502528442705,0.005239344995470384
ViTscratch,200,5,0.64162445,1,0.0,False,0.005236189549698172,0.0029074166192707964
ViTscratch,200,5,0.26677558,0,0.0,True,-0.006631676710958302,0.006072698066014542
ViTscratch,200,5,0.3230297,0,0.0,True,0.0014858884630291852,0.00219342603526815
ViTscratch,200,5,0.30998334,0,1.0,False,-0.002320890600349009,0.0031403687112316696
ViTscratch,200,5,0.19865711,0,0.0,True,0.0003555852352884254,0.0007101079052401089
ViTscratch,200,5,0.36841244,0,1.0,False,0.00875708031684006,0.0013225912929859646
ViTscratch,200,5,0.3015864,0,0.0,True,-0.000806282786344713,0.0007026666668996527
ViTscratch,200,5,0.29538104,0,0.0,True,0.004370018150981508,0.0030741884186012212
ViTscratch,200,5,0.1981963,0,1.0,False,-0.0002733281956864227,-0.004354760862114402
ViTscratch,200,5,0.16059674,0,0.0,True,0.001123295878128304,0.0011018735405808984
ViTscratch,200,5,0.20485474,0,0.0,True,-0.003780390713027909,0.00011578251626466174
ViTscratch,200,5,0.25583708,0,0.0,True,0.0013622114745241644,0.0031791045062762938
ViTscratch,200,5,0.3336799,0,0.0,True,0.00237571562937493,0.0025100840245633436
ViTscratch,200,5,0.37936994,0,0.0,True,-0.004731468013913002,-0.004289872529598929
ViTscratch,200,5,0.42193288,0,0.0,True,0.006582944785943311,0.00818644335013052
ViTscratch,200,5,0.26940894,0,1.0,False,-0.0011131205708511348,0.0006465373049769231
ViTscratch,200,5,0.24244007,0,0.0,True,-0.006997994079967547,-0.006211812814324201
ViTscratch,200,5,0.21395908,0,0.0,True,-0.0022649041435044434,-0.0030267641559677313
ViTscratch,200,5,0.18837917,0,1.0,False,-0.00784505652996221,-0.003606490388135354
ViTscratch,200,5,0.28660417,0,0.0,True,0.0017360447125344858,0.0018662096447578849
ViTscratch,200,5,0.30012167,0,1.0,False,0.0025212631591081934,-0.0008732911124399988
ViTscratch,200,5,0.42147547,0,1.0,False,0.005832277033825835,0.0005312805346211791
ViTscratch,200,5,0.2621433,0,1.0,False,0.0028581583725436556,-0.0001569814583673505
ViTscratch,200,5,0.16586226,0,0.0,True,0.002637377492226518,-0.00027828151623057143
ViTscratch,200,5,0.24245664,0,1.0,False,-0.002430728347984521,0.000938891273944625
ViTscratch,200,5,0.21187451,0,0.0,True,-0.0011856097883960145,-0.0004335332056753246
ViTscratch,200,5,0.16789864,0,0.0,True,-0.011623328419836158,-0.007924630075084267
ViTscratch,200,5,0.31034398,0,0.0,True,-0.0008590536050564578,-0.000206536314497151
ViTscratch,200,5,0.20278393,0,0.0,True,-0.009079829228387916,-0.004010523337095562
ViTscratch,200,5,0.21479787,0,1.0,False,0.0010097651790763583,-0.0038993508509196253
ViTscratch,200,5,0.3311347,0,1.0,False,-0.001961009138021809,-0.0008058706955358127
ViTscratch,200,5,0.109331705,0,1.0,False,-0.007058042926423193,-0.01057839360748313
ViTscratch,200,5,0.17157823,0,0.0,True,-0.0015022121471609498,-0.005207153089654955
ViTscratch,200,5,0.12296195,0,1.0,False,-0.008137741650201721,-0.002822452348031248
ViTscratch,200,5,0.1868766,0,1.0,False,-0.0006221394818042814,-0.0037720984182625338
ViTscratch,200,5,0.1916846,0,0.0,True,-0.007048637079027625,-0.006334293526225134
ViTscratch,200,5,0.15465331,0,0.0,True,0.0044344570932853345,0.008270366583781405
ViTscratch,200,5,0.122801505,0,1.0,False,-0.004778397661894514,-0.002928301727599566
ViTscratch,200,5,0.12099942,0,1.0,False,-0.00523465330098493,-0.004190621066053922
ViTscratch,200,5,0.22345375,0,0.0,True,-0.007085368771857724,-0.0003274874075632117
ViTscratch,200,5,0.23993441,0,1.0,False,0.005164122404421714,0.005101620575450754
ViTscratch,200,5,0.3340295,0,1.0,False,0.006440170611549612,0.0010628171431836784
ViTscratch,200,5,0.14675014,0,0.0,True,-0.00036688963475252237,-0.0027845869348504556
ViTscratch,200,5,0.21386792,0,0.0,True,-0.00564241739545273,-0.0001654054634009617
ViTscratch,200,5,0.25224376,0,0.0,True,0.001395048431585912,-0.004270772931066887
ViTscratch,200,5,0.2864659,0,0.0,True,-0.0020174408919753284,-2.8664749980988986e-05
ViTscratch,200,5,0.21117945,0,1.0,False,-0.0030840063385371864,-0.0031916104082171355
ViTscratch,200,5,0.1707934,0,0.0,True,-1.0329797756776519e-05,0.002080710600166261
ViTscratch,200,5,0.55554014,1,0.0,False,-0.0036981052229002553,-0.0004578993337388483
ViTscratch,200,5,0.18834952,0,1.0,False,-0.0064158762232946545,-0.0032287925824241253
ViTscratch,200,5,0.28830525,0,0.0,True,0.0016510891254412818,-0.0030041230989217133
ViTscratch,200,5,0.19541582,0,1.0,False,0.010182792885000961,0.0009874740266024677
ViTscratch,200,5,0.22416933,0,0.0,True,-0.003090007230396728,-0.0012584000737840362
ViTscratch,200,5,0.40108687,0,1.0,False,-0.0023815064150137476,-0.0021366868748768954
ViTscratch,200,5,0.32310832,0,0.0,True,0.000990553591566853,0.0006172071829536563
ViTscratch,200,5,0.08585586,0,1.0,False,-0.007340551975279489,-0.006728268726681791
ViTscratch,200,5,0.25642398,0,1.0,False,0.00014117437264041862,-0.001848792960215717
ViTscratch,200,5,0.33621088,0,0.0,True,-0.0004913018776830398,-0.002631864100043959
ViTscratch,200,6,0.5067536,1,1.0,True,0.0029145125416976856,0.006146045325933293
ViTscratch,200,6,0.29638892,0,0.0,True,-0.003182647297673805,-0.002687344432460772
ViTscratch,200,6,0.16271733,0,0.0,True,-0.003338913090376449,-0.0008560015909582857
ViTscratch,200,6,0.21505746,0,1.0,False,0.00010030027633210237,-0.006750885188972277
ViTscratch,200,6,0.23240422,0,1.0,False,0.0019430942703379337,0.0021251776444915524
ViTscratch,200,6,0.23239212,0,0.0,True,-0.0009957480848003793,-0.0011496257119073896
ViTscratch,200,6,0.12081634,0,0.0,True,-0.007021850278037427,-0.008047225457422699
ViTscratch,200,6,0.33005574,0,1.0,False,0.004187994036698821,0.0023620618399638224
ViTscratch,200,6,0.33993244,0,0.0,True,-0.0011812897195501045,0.0005546152558598353
ViTscratch,200,6,0.2649006,0,1.0,False,0.004823421928548817,0.002817929809937602
ViTscratch,200,6,0.6762485,1,0.0,False,0.00016703255365142365,-0.0014698200240893563
ViTscratch,200,6,0.22445373,0,0.0,True,0.0027035928089604415,0.002106333592884771
ViTscratch,200,6,0.5614046,1,0.0,False,-0.0009922917974524755,-0.0019239237721535582
ViTscratch,200,6,0.2240492,0,1.0,False,-0.00502893308375297,-0.004588764073597724
ViTscratch,200,6,0.3069698,0,1.0,False,-0.0021427493506248423,0.004276038154139258
ViTscratch,200,6,0.30388483,0,1.0,False,-0.003220978295263069,-0.00098768499815855
ViTscratch,200,6,0.22289872,0,1.0,False,-0.00019376502332072308,-0.003143090766940796
ViTscratch,200,6,0.13029514,0,0.0,True,-0.0018730257059073826,-0.0011499223385334973
ViTscratch,200,6,0.60316736,1,1.0,True,0.014820240185473604,0.004228299029058405
ViTscratch,200,6,0.37018153,0,0.0,True,-0.005767677270162374,0.0022264610122063994
ViTscratch,200,6,0.26949653,0,1.0,False,-0.004802222631325625,-0.0005034950940632157
ViTscratch,200,6,0.16619524,0,1.0,False,0.0029973961244136533,0.0007132241405234025
ViTscratch,200,6,0.1753104,0,1.0,False,-0.004476306355307869,-0.00010120995135556957
ViTscratch,200,6,0.19443975,0,1.0,False,0.0013562021322923064,-0.0048105052361595655
ViTscratch,200,6,0.22794528,0,0.0,True,-0.0066888530558441,-0.0041612933192602805
ViTscratch,200,6,0.32274726,0,1.0,False,0.0054767539314094634,0.001485494036024323
ViTscratch,200,6,0.14184728,0,0.0,True,-0.008366653194903073,-0.006472397291436877
ViTscratch,200,6,0.3016166,0,1.0,False,-0.0030557190127543507,-0.0033108593285144055
ViTscratch,200,6,0.41439837,0,1.0,False,-0.0007636371663775699,-0.003813234815797284
ViTscratch,200,6,0.21922047,0,0.0,True,0.0010542171346163913,-0.0004041389431840404
ViTscratch,200,6,0.12485196,0,1.0,False,-0.009757793865140888,-0.004842840028792943
ViTscratch,200,6,0.14684665,0,0.0,True,-0.0012153007727293175,-0.0007381869890133759
ViTscratch,200,6,0.16621585,0,0.0,True,-0.002987430158424513,-0.0012481948228034608
ViTscratch,200,6,0.20233597,0,0.0,True,0.0014947439951766186,0.0014472874010202676
ViTscratch,200,6,0.22542532,0,0.0,True,-2.030150797858234e-08,0.004382790805034749
ViTscratch,200,6,0.2112091,0,0.0,True,-0.0018856652221825683,-0.0004547890639230864
ViTscratch,200,6,0.13698296,0,0.0,True,0.002651610356350282,0.0030873399212283385
ViTscratch,200,6,0.36914694,0,1.0,False,0.002174851696742803,0.002155516106584692
ViTscratch,200,6,0.15817527,0,1.0,False,0.0001578104650580619,-0.0006407858660778172
ViTscratch,200,6,0.19117689,0,1.0,False,0.006195172371050213,-0.0013487528258558951
ViTscratch,200,6,0.84075105,1,1.0,True,0.00345844361300026,0.003813277733794125
ViTscratch,200,6,0.5092178,1,0.0,False,0.0020006744526156325,0.004776965730320943
ViTscratch,200,6,0.18568856,0,1.0,False,-0.0017812573997123037,-0.0034496236612943415
ViTscratch,200,6,0.23803985,0,1.0,False,-0.004479804295419053,9.342663421496244e-05
ViTscratch,200,6,0.12332271,0,1.0,False,-0.008250842963920783,-0.005265447294146397
ViTscratch,200,6,0.13725698,0,0.0,True,-0.005380529151048222,-0.0006830639149005819
ViTscratch,200,6,0.13504305,0,0.0,True,-0.0033202076571954156,-0.0028251188315732904
ViTscratch,200,6,0.28590953,0,1.0,False,0.0035147678279146936,0.0019366525828812455
ViTscratch,200,6,0.13850485,0,1.0,False,-0.005262684316946858,-0.0008939214996014605
ViTscratch,200,6,0.22599278,0,1.0,False,-0.0024168639203105816,-0.0017942489404639442
ViTscratch,200,6,0.41277075,0,1.0,False,0.0032147620102873273,0.0010313385536129416
ViTscratch,200,6,0.33212274,0,0.0,True,-0.005018553320899112,-0.0012747343905995386
ViTscratch,200,6,0.26561502,0,0.0,True,-0.0029157140565055184,-0.0049378985447807505
ViTscratch,200,6,0.15445349,0,1.0,False,-0.005593138011760724,-0.005955853179384462
ViTscratch,200,6,0.31565285,0,0.0,True,0.0017940133480164636,0.0016280178476176803
ViTscratch,200,6,0.30952108,0,0.0,True,0.0027462951970039628,-0.0011261842658043895
ViTscratch,200,6,0.3253824,0,1.0,False,-0.0015814077256150446,0.0004564426283734617
ViTscratch,200,6,0.21967849,0,0.0,True,0.010891089221289743,0.003061191069524483
ViTscratch,200,6,0.17125763,0,0.0,True,0.0013308121647756966,0.003977870227621355
ViTscratch,200,6,0.19746032,0,0.0,True,-0.00932257162672239,-0.0034232390018521983
ViTscratch,200,6,0.15013726,0,1.0,False,-0.0019577910122423933,-0.0012067354821804772
ViTscratch,200,6,0.26740643,0,0.0,True,0.006615676905683159,0.001366598831694433
ViTscratch,200,6,0.26314315,0,0.0,True,0.004056393773235102,0.006131350764390163
ViTscratch,200,6,0.29447022,0,0.0,True,0.0023775931310425565,-0.000688155755969832
ViTscratch,200,6,0.20447326,0,1.0,False,0.002719908147703747,0.0016148335004285961
ViTscratch,200,6,0.1770323,0,0.0,True,0.009236301775936212,-0.002277716674751172
ViTscratch,200,6,0.30905193,0,1.0,False,-0.007511575216295769,-0.004485419075126308
ViTscratch,200,6,0.16779953,0,1.0,False,-0.002348344265389292,-0.0038377571749564163
ViTscratch,200,6,0.27242732,0,0.0,True,-0.0003537476080734046,-0.002091824438129194
ViTscratch,200,6,0.22254962,0,0.0,True,0.0007529787727348314,0.0009817235295535981
ViTscratch,200,6,0.24332404,0,1.0,False,-0.0011239227996457794,0.0011680418165027722
ViTscratch,200,6,0.30344307,0,0.0,True,0.013027202841833509,0.005124221498237537
ViTscratch,200,6,0.24307631,0,1.0,False,-0.008302381317451625,-0.0005909879723740799
ViTscratch,200,6,0.46292126,0,0.0,True,0.0017222507003377156,0.000819672611574643
ViTscratch,200,6,0.21969411,0,1.0,False,0.0010962104033352012,-0.002402546594149875
ViTscratch,200,6,0.23779744,0,0.0,True,0.0019579366313008813,0.004003396950499243
ViTscratch,200,6,0.3494491,0,0.0,True,0.009186609719053154,0.003913878170708117
ViTscratch,200,6,0.6599333,1,1.0,True,0.0023608661229776043,0.004608930942048374
ViTscratch,200,6,0.20861252,0,1.0,False,-0.001972415120057507,-0.0031583182388727677
ViTscratch,200,6,0.26561165,0,1.0,False,0.0014774700377287171,-0.003956605807727533
ViTscratch,200,6,0.43670222,0,0.0,True,0.002289823772640791,0.0010353144548789683
ViTscratch,200,6,0.10511523,0,0.0,True,-0.0025058080725454818,-0.0031954022034142186
ViTscratch,200,6,0.30068868,0,0.0,True,0.006311498222485071,0.0005593055447835228
ViTscratch,200,6,0.10281885,0,1.0,False,4.00014496871454e-05,0.002082797295155697
ViTscratch,200,6,0.19627656,0,0.0,True,-0.005436620995332009,-0.008977733687871707
ViTscratch,200,6,0.39405528,0,0.0,True,0.0017567900170684706,0.0006052012134810117
ViTscratch,200,6,0.29997078,0,1.0,False,-0.004125459290950661,-0.0003088813020885113
ViTscratch,200,6,0.1756578,0,0.0,True,-0.0007253679116003668,0.004336178705675638
ViTscratch,200,6,0.1265203,0,0.0,True,-0.0022187060738725574,0.0014522073875946064
ViTscratch,200,6,0.24169397,0,0.0,True,-0.0037010174610628316,0.0015804339253289953
ViTscratch,200,6,0.5949461,1,1.0,True,0.0010475065039104617,0.0005978497249272934
ViTscratch,200,6,0.14504404,0,1.0,False,-0.0019223010939269348,-0.0032115551733861033
ViTscratch,200,6,0.4591896,0,0.0,True,0.0010817947678628313,0.0012869628143354146
ViTscratch,200,6,0.7441731,1,0.0,False,0.00132103620447755,0.004070272347913945
ViTscratch,200,6,0.12740108,0,0.0,True,0.006532734407075084,0.001360551120074986
ViTscratch,200,6,0.35410377,0,0.0,True,-0.006308958379334302,-2.4704817016313103e-05
ViTscratch,200,6,0.26112437,0,1.0,False,0.002191443696096818,0.0040076158478857035
ViTscratch,200,6,0.26853746,0,1.0,False,0.0029904254823074233,-0.00010149634352085101
ViTscratch,200,6,0.33625567,0,0.0,True,0.008643065652245086,0.005062828490917109
ViTscratch,200,6,0.40586713,0,0.0,True,-0.0038062878813856747,0.0014768834445262652
ViTscratch,200,7,0.22974189,0,1.0,False,0.005523630339103468,0.008283401189743994
ViTscratch,200,7,0.31462666,0,1.0,False,0.004932503848029709,0.005146710274113541
ViTscratch,200,7,0.3729954,0,1.0,False,0.0009693516337390309,0.0018528739448811114
ViTscratch,200,7,0.24914481,0,0.0,True,-0.009603435581566153,-0.004185443153051908
ViTscratch,200,7,0.1365119,0,1.0,False,0.0005480345134654587,-0.0027500644046017193
ViTscratch,200,7,0.18596865,0,0.0,True,-0.0046483484562818795,-0.005491523995637903
ViTscratch,200,7,0.24083133,0,1.0,False,-0.0024062184969006685,-0.00558566861414923
ViTscratch,200,7,0.18737993,0,1.0,False,-0.00502624362171681,-0.0031496921193738003
ViTscratch,200,7,0.39851308,0,1.0,False,-0.00046828798900044546,0.004694651701708504
ViTscratch,200,7,0.26894283,0,1.0,False,0.0030990631002730585,-0.0059103372117152615
ViTscratch,200,7,0.16529106,0,1.0,False,0.001649956539451677,-0.004013973883463856
ViTscratch,200,7,0.20781976,0,0.0,True,-0.00469649113242158,-0.0016099531205340557
ViTscratch,200,7,0.45429268,0,1.0,False,-0.0048442111708622134,-0.005714010069084365
ViTscratch,200,7,0.12703308,0,0.0,True,-0.0031645218957489394,-0.004358493163148128
ViTscratch,200,7,0.6039236,1,1.0,True,0.00736731466384285,0.003354224563685508
ViTscratch,200,7,0.24349412,0,1.0,False,-0.004746999019111392,-7.18331915714759e-05
ViTscratch,200,7,0.34225962,0,0.0,True,-0.004726892504934748,-0.0012125190457397187
ViTscratch,200,7,0.6348686,1,1.0,True,-0.004237193472627996,-0.004819547501005435
ViTscratch,200,7,0.23054802,0,0.0,True,-0.006428273630245493,-0.0035953994246381016
ViTscratch,200,7,0.22971167,0,1.0,False,-0.004742822273295204,-0.001958017957601688
ViTscratch,200,7,0.3146684,0,0.0,True,0.001163867789273178,-0.004096701341370964
ViTscratch,200,7,0.1439429,0,1.0,False,-0.005613525047286805,-0.0072119519262957045
ViTscratch,200,7,0.19079794,0,1.0,False,-0.0018575817372479789,-0.0026629183107417355
ViTscratch,200,7,0.1734711,0,1.0,False,-0.0030155859301604472,-0.0022423523682985986
ViTscratch,200,7,0.23457971,0,0.0,True,-0.0048888899411293095,-0.00017103314805941118
ViTscratch,200,7,0.24308188,0,1.0,False,-0.0009088572838397375,-0.00033016238823479566
ViTscratch,200,7,0.42149174,0,0.0,True,-0.00016322617928793802,0.003061691417192385
ViTscratch,200,7,0.5129366,1,1.0,True,0.002024581171361978,-0.0004638197919441422
ViTscratch,200,7,0.92490345,1,1.0,True,0.0032574395737532294,0.005281235515496226
ViTscratch,200,7,0.24450125,0,1.0,False,-0.0038985930561707197,0.0007010841462138476
ViTscratch,200,7,0.16252163,0,0.0,True,-0.00660408939604565,-0.006871365011238484
ViTscratch,200,7,0.10994072,0,1.0,False,-0.006884407154285439,-0.005541516503786568
ViTscratch,200,7,0.15834792,0,1.0,False,-0.0036765368058997642,-0.0035602077021624303
ViTscratch,200,7,0.44681388,0,1.0,False,-0.004782217224181738,-0.0037104020362452514
ViTscratch,200,7,0.2802467,0,1.0,False,-0.00590285504361758,-0.002314902479294161
ViTscratch,200,7,0.75204766,1,0.0,False,0.005135682920377527,0.007514758988395708
ViTscratch,200,7,0.35287976,0,0.0,True,-0.0018721784259522797,0.0014703349967374387
ViTscratch,200,7,0.113356456,0,1.0,False,5.030648291493911e-05,-0.004836191559707711
ViTscratch,200,7,0.202704,0,1.0,False,-0.004283438179584315,-0.0035856393496478288
ViTscratch,200,7,0.19742522,0,0.0,True,-0.0055544010053238954,-0.00589534643949245
ViTscratch,200,7,0.16899237,0,0.0,True,-0.0067917509357553404,-0.0054742079555655365
ViTscratch,200,7,0.32824606,0,1.0,False,0.008306333998633918,0.003160342170811503
ViTscratch,200,7,0.4733357,0,0.0,True,-0.0005100164270009921,0.00820243027733739
ViTscratch,200,7,0.30824384,0,1.0,False,-0.003973007959845775,-0.00020427175719773595
ViTscratch,200,7,0.35676146,0,1.0,False,-0.004121317087750808,-0.0021178666856545227
ViTscratch,200,7,0.36525607,0,0.0,True,-0.00017284664741050194,0.004766103349536999
ViTscratch,200,7,0.11227438,0,0.0,True,-0.0011165392445408482,-0.00011098022620763815
ViTscratch,200,7,0.31767684,0,0.0,True,0.004248947619007908,0.004559586899599162
ViTscratch,200,7,0.27476114,0,0.0,True,-0.0018439536855124716,0.0005436271784779828
ViTscratch,200,7,0.3292807,0,1.0,False,0.0007677157421498008,0.0016272582193145467
ViTscratch,200,7,0.18603456,0,1.0,False,-0.003537425010382673,-0.0005774013606221792
ViTscratch,200,7,0.15871842,0,0.0,True,-0.009850055289811914,-0.004106566310380697
ViTscratch,200,7,0.40485403,0,1.0,False,0.004833747106952393,-0.00024339494613672956
ViTscratch,200,7,0.4245836,0,0.0,True,0.000349120528137348,0.0029946099040291684
ViTscratch,200,7,0.16672269,0,1.0,False,-0.0019318494214560528,-0.0031955577830903494
ViTscratch,200,7,0.30425936,0,1.0,False,0.007181546140929271,0.006746846323940202
ViTscratch,200,7,0.2603229,0,0.0,True,-0.0005571150699444543,-0.002448076866553058
ViTscratch,200,7,0.30645862,0,0.0,True,-0.002962802415801412,-0.001409293368492644
ViTscratch,200,7,0.3203461,0,0.0,True,0.0037992292013542396,0.007284180378568577
ViTscratch,200,7,0.15773368,0,1.0,False,0.0038833275582400213,0.004822904598823376
ViTscratch,200,7,0.27140474,0,1.0,False,0.003717687383173178,0.002140214756238197
ViTscratch,200,7,0.25535032,0,1.0,False,0.0006511940488687382,-0.0003773421992418207
ViTscratch,200,7,0.26375887,0,0.0,True,-0.0034572636274198543,-0.0019748076188917775
ViTscratch,200,7,0.58766115,1,0.0,False,-0.003315581654202901,-0.0005531407409530954
ViTscratch,200,7,0.16492148,0,1.0,False,-0.0065773017104394016,-0.005964430867192395
ViTscratch,200,7,0.18645215,0,1.0,False,-0.0026647145909580016,0.0017874677628692997
ViTscratch,200,7,0.11019949,0,1.0,False,-0.008191395916210882,-0.005214758945021342
ViTscratch,200,7,0.37146583,0,0.0,True,0.001415361844849164,0.0031324038195560235
ViTscratch,200,7,0.3134074,0,0.0,True,0.002451217876113986,0.0008226018119201544
ViTscratch,200,7,0.15017413,0,1.0,False,0.0048076544552633025,0.00023356351552349846
ViTscratch,200,7,0.46984202,0,1.0,False,-0.0036724329447666124,-0.0004072360837566531
ViTscratch,200,7,0.23979916,0,0.0,True,0.005284835093320599,0.0006868004278874769
ViTscratch,200,7,0.23468015,0,0.0,True,0.003937765041030811,0.004725523828702216
ViTscratch,200,7,0.28704748,0,1.0,False,-0.010241800705706338,-0.0037189697565127105
ViTscratch,200,7,0.43005332,0,0.0,True,0.0009211330969981823,-0.002125845328748973
ViTscratch,200,7,0.94976324,1,1.0,True,0.016079550502332084,0.005439974281919851
ViTscratch,200,7,0.3091524,0,1.0,False,0.002041472244336488,0.002398988755844951
ViTscratch,200,7,0.28777176,0,0.0,True,-0.0023973364913235486,-0.002276443976001449
ViTscratch,200,7,0.20478769,0,0.0,True,-0.0024294983337332862,-0.004979470507888732
ViTscratch,200,7,0.11027347,0,1.0,False,-0.002412134297518605,-0.001939533620395843
ViTscratch,200,7,0.35377407,0,0.0,True,-0.005115789589473031,-0.005158162627462443
ViTscratch,200,7,0.19560196,0,1.0,False,-0.007941405606470272,-0.004358939072836065
ViTscratch,200,7,0.19698535,0,0.0,True,-0.0054959483035027035,-0.004906376537542347
ViTscratch,200,7,0.2593095,0,0.0,True,-0.0018858732224165454,-0.007507835152839655
ViTscratch,200,7,0.1587087,0,1.0,False,-0.0018502977664991373,-0.0038940646195766157
ViTscratch,200,7,0.20372963,0,0.0,True,-0.0005524341687243449,-0.0001257508765034636
ViTscratch,200,7,0.3487756,0,1.0,False,-0.003360055757970592,-0.0028644986366196854
ViTscratch,200,7,0.26864773,0,0.0,True,0.007231369491890605,0.00258965400961057
ViTscratch,200,7,0.1393729,0,1.0,False,-0.009854624781818918,-0.007309401926626611
ViTscratch,200,7,0.14201772,0,0.0,True,-0.003772400363295294,-0.005394460097715164
ViTscratch,200,7,0.24068932,0,1.0,False,0.00567447973109983,0.004756818607882574
ViTscratch,200,7,0.29553387,0,1.0,False,0.005574224413879071,0.002666673666734605
ViTscratch,200,7,0.14612558,0,1.0,False,-0.006403623391962152,-0.0027414679832392123
ViTscratch,200,7,0.27309814,0,1.0,False,0.00016879781970294445,-7.596577402698613e-06
ViTscratch,200,7,0.2976418,0,0.0,True,0.0034659528872688712,0.005086883661428507
ViTscratch,200,7,0.28749546,0,0.0,True,-0.009482229124601933,-0.00031472866217016333
ViTscratch,200,7,0.6898983,1,1.0,True,-0.0009350883727055962,-0.001541524749352161
ViTscratch,200,7,0.12815489,0,0.0,True,0.000567608712274439,0.0042973054605636085
ViTscratch,200,7,0.26271158,0,0.0,True,-0.0005124130717152974,-0.003531767359688128
ViTscratch,200,7,0.26269457,0,1.0,False,0.005727192174009608,0.007128945080869356
ViTscratch,200,8,0.37816858,0,1.0,False,-0.008033290411550011,0.00036211416581023796
ViTscratch,200,8,0.2562197,0,0.0,True,0.0019840964558432658,0.0027182603395478912
ViTscratch,200,8,0.3045337,0,1.0,False,-0.0014720638208987917,-0.0032879419136937617
ViTscratch,200,8,0.20399728,0,1.0,False,-0.010534092882545478,-0.003049614268680705
ViTscratch,200,8,0.373177,0,1.0,False,0.007800749885800018,0.007038684739527015
ViTscratch,200,8,0.15867382,0,0.0,True,0.006970752622605175,0.007802355693232915
ViTscratch,200,8,0.27634037,0,1.0,False,-0.0005065001962543024,-0.0005548241660486423
ViTscratch,200,8,0.34040993,0,1.0,False,-0.0028777574973205006,0.001825254061453676
ViTscratch,200,8,0.3000762,0,0.0,True,0.00840720377097883,0.0023275618110882943
ViTscratch,200,8,0.22047648,0,0.0,True,0.0015412091914659312,-0.0028125846165767336
ViTscratch,200,8,0.3082957,0,1.0,False,0.005501549127364114,0.0021903295923288066
ViTscratch,200,8,0.22625239,0,0.0,True,-0.0035316098149266112,-0.0033910404004970592
ViTscratch,200,8,0.39533013,0,1.0,False,0.004959272375392246,0.002554899722213306
ViTscratch,200,8,0.12126601,0,1.0,False,-0.011910161592332396,-0.008010528854685957
ViTscratch,200,8,0.39832878,0,1.0,False,-0.007589224194808728,-0.0052909001125929335
ViTscratch,200,8,0.23447323,0,1.0,False,0.009998433181252087,0.002340421833162486
ViTscratch,200,8,0.14909281,0,0.0,True,0.0030127531736398147,0.0023905444595785164
ViTscratch,200,8,0.25913098,0,0.0,True,0.0019308247726222503,-0.000680997549950414
ViTscratch,200,8,0.18329425,0,0.0,True,-0.005335438010735947,-0.0043912876266840005
ViTscratch,200,8,0.2420905,0,0.0,True,0.002562648019580467,0.0006042764523671656
ViTscratch,200,8,0.19077061,0,0.0,True,-0.0050810933146302716,-0.005219790180381906
ViTscratch,200,8,0.22549395,0,0.0,True,0.0006947348958311626,0.0011760382921526306
ViTscratch,200,8,0.27402273,0,0.0,True,-0.0017332882751432933,-0.0015362055692179873
ViTscratch,200,8,0.31241956,0,1.0,False,-0.0032060408021078856,-0.0012235087471425057
ViTscratch,200,8,0.66858983,1,0.0,False,-0.000303197360059989,-0.004234308531538219
ViTscratch,200,8,0.3623767,0,1.0,False,0.008267333977482364,0.0008269198936630475
ViTscratch,200,8,0.2534424,0,0.0,True,-0.0024614625938543574,0.0009576072096721292
ViTscratch,200,8,0.12811199,0,0.0,True,-0.004519521171397399,-0.005409660808594064
ViTscratch,200,8,0.2404043,0,0.0,True,-0.004374192993172465,-0.005896386486400562
ViTscratch,200,8,0.115863815,0,0.0,True,-0.00862931450704911,-0.007265551226189204
ViTscratch,200,8,0.45940578,0,0.0,True,0.007661968077601137,0.007051919616839607
ViTscratch,200,8,0.22451529,0,0.0,True,0.009579336420499445,0.0032065444401754508
ViTscratch,200,8,0.13351478,0,0.0,True,-0.003921525094472009,0.0007057104835020637
ViTscratch,200,8,0.21262096,0,1.0,False,0.0050249648241212615,0.005138407963735189
ViTscratch,200,8,0.3420504,0,1.0,False,0.0009792917527951946,-0.00392911738524744
ViTscratch,200,8,0.13235769,0,1.0,False,-0.007277191796569114,-0.0039227125438493875
ViTscratch,200,8,0.18832546,0,0.0,True,0.0022030912638989542,0.0005957050147077152
ViTscratch,200,8,0.12928696,0,1.0,False,-0.00973248449987369,-0.010109450546727966
ViTscratch,200,8,0.52480495,1,0.0,False,-0.002565139067301131,0.004032536257194595
ViTscratch,200,8,0.36818394,0,1.0,False,0.006733567856274583,0.006070385375557761
ViTscratch,200,8,0.32368487,0,0.0,True,-0.008298745372239322,-0.00894878279331565
ViTscratch,200,8,0.32613793,0,1.0,False,-0.0030749022465679757,-0.006003567625545675
ViTscratch,200,8,0.37045038,0,1.0,False,0.00013509340654060598,-0.0019321997314058756
ViTscratch,200,8,0.18429287,0,1.0,False,0.009783192973220091,0.004895785724346138
ViTscratch,200,8,0.2339958,0,0.0,True,-0.0002513067437225366,0.0008311785722890938
ViTscratch,200,8,0.18564716,0,0.0,True,0.003851886677647665,-0.0005206014447938457
ViTscratch,200,8,0.1259141,0,0.0,True,-0.005536669960324759,-0.0017213472337667534
ViTscratch,200,8,0.52849644,1,0.0,False,0.0018085220984112235,-6.460454421111695e-07
ViTscratch,200,8,0.3938788,0,0.0,True,0.0029536910099155706,0.0008455440442460109
ViTscratch,200,8,0.1836102,0,1.0,False,3.699919695814751e-05,0.0006652934143271216
ViTscratch,200,8,0.32801208,0,1.0,False,-0.0016035387667699078,-0.0018322073611326136
ViTscratch,200,8,0.11220135,0,0.0,True,-0.01051834873912409,-0.00832976539462181
ViTscratch,200,8,0.2991715,0,0.0,True,0.004166730234755054,-0.0014908674244302575
ViTscratch,200,8,0.18368459,0,0.0,True,-0.009449846101135313,-0.0039576314917316524
ViTscratch,200,8,0.6761569,1,0.0,False,0.007924334302817134,0.006810517548036014
ViTscratch,200,8,0.1331624,0,1.0,False,-0.0036903117398911015,-0.0012112634505218667
ViTscratch,200,8,0.50370544,1,0.0,False,0.0008188635264755317,-0.0006637475677587364
ViTscratch,200,8,0.17503166,0,1.0,False,-0.0033191771403183845,0.00014797095814192312
ViTscratch,200,8,0.40638173,0,0.0,True,0.008433766885473834,0.0049560316818548075
ViTscratch,200,8,0.18331257,0,1.0,False,-0.014321946663454977,-0.00828765809691492
ViTscratch,200,8,0.18355332,0,1.0,False,-0.0034095094990826006,0.000768502937795261
ViTscratch,200,8,0.38307565,0,1.0,False,-0.0008276907561638978,-0.0012842495082805996
ViTscratch,200,8,0.23520386,0,0.0,True,0.006220986114974503,-0.002427977382232341
ViTscratch,200,8,0.2504528,0,1.0,False,-0.011417204747253301,-0.004547972509724395
ViTscratch,200,8,0.44834843,0,0.0,True,0.004116620172022161,0.0023129200379437727
ViTscratch,200,8,0.2214286,0,1.0,False,-0.0005187973969518806,-0.0036658429995481243
ViTscratch,200,8,0.23114656,0,0.0,True,-0.0020885341314781903,-0.001741292373614414
ViTscratch,200,8,0.2824853,0,1.0,False,0.0009987727000870313,0.002064746448644966
ViTscratch,200,8,0.13608687,0,0.0,True,-0.0032327016281467353,-0.0021333820334375436
ViTscratch,200,8,0.5128136,1,1.0,True,0.001444867860770704,0.0012973464838182164
ViTscratch,200,8,0.14909779,0,0.0,True,-0.012462239136547766,-0.007505452076034093
ViTscratch,200,8,0.24466552,0,0.0,True,0.003100655627723612,0.0022782361219035176
ViTscratch,200,8,0.25964886,0,0.0,True,-0.0001888122664365435,0.0018540823183315137
ViTscratch,200,8,0.24020141,0,0.0,True,-0.0027739397596424024,0.0005963379096900095
ViTscratch,200,8,0.13667372,0,0.0,True,-0.005295240767863323,-0.0031923151238089304
ViTscratch,200,8,0.48386517,0,1.0,False,0.00023626668300623485,-0.005705848266420837
ViTscratch,200,8,0.88871837,1,1.0,True,-0.003907876558763622,-8.728511196552442e-05
ViTscratch,200,8,0.96667403,1,0.0,False,0.008964969157180647,0.007075512417658659
ViTscratch,200,8,0.22389051,0,0.0,True,-0.0061070949851185965,-0.0022167176730559807
ViTscratch,200,8,0.17282514,0,0.0,True,-0.012973135051549437,-0.00539658185119692
ViTscratch,200,8,0.21821679,0,1.0,False,-0.007766697255626712,-0.00526283401170819
ViTscratch,200,8,0.28657296,0,1.0,False,-0.0013647155832604368,-0.0021939812356865144
ViTscratch,200,8,0.19375542,0,0.0,True,-0.0077998072268766734,-0.005951740485181051
ViTscratch,200,8,0.4968703,0,1.0,False,0.002950919063452104,0.0047001242203774775
ViTscratch,200,8,0.38792467,0,0.0,True,-0.0006492867729370886,-0.0024145411135253567
ViTscratch,200,8,0.18224268,0,1.0,False,0.0041199595334062466,0.000252131673877072
ViTscratch,200,8,0.5353552,1,0.0,False,-0.00024530984393094166,0.005450929360160124
ViTscratch,200,8,0.23206732,0,1.0,False,-0.007902820812490071,-0.003968502011117683
ViTscratch,200,8,0.36860707,0,0.0,True,-0.004234579965617488,-0.0016530677815491967
ViTscratch,200,8,0.20805794,0,0.0,True,-5.6904164722339036e-05,-0.0001582468829727099
ViTscratch,200,8,0.26182514,0,0.0,True,0.004904308888949928,0.0016419751377295178
ViTscratch,200,8,0.21783105,0,0.0,True,0.006717938961486175,0.0023944157000006594
ViTscratch,200,8,0.298299,0,0.0,True,0.01059827520209264,0.006749538983354474
ViTscratch,200,8,0.3585893,0,0.0,True,-0.0009616827252206014,-0.00025870496620929715
ViTscratch,200,8,0.23683482,0,1.0,False,-0.004382438723242045,-0.0018223159813484887
ViTscratch,200,8,0.27822417,0,0.0,True,-0.00831250724353204,-0.005234289637158566
ViTscratch,200,8,0.15384364,0,0.0,True,-0.008846559498304575,-0.004813287007955402
ViTscratch,200,8,0.21222824,0,0.0,True,4.6535833365117455e-05,-0.003655669093798154
ViTscratch,200,8,0.27889398,0,0.0,True,0.003447179101856526,0.0038841447748397245
ViTscratch,200,8,0.39298353,0,0.0,True,0.008546719571905581,0.0016672664772925969
ViTscratch,200,9,0.22670935,0,0.0,True,8.774000280824723e-05,0.00387236448483341
ViTscratch,200,9,0.2897426,0,0.0,True,0.001044883199636666,0.002964649812751546
ViTscratch,200,9,0.406265,0,0.0,True,0.00194387029790471,0.004367707162906308
ViTscratch,200,9,0.29292393,0,1.0,False,-0.003920104195370502,0.0019415330616006788
ViTscratch,200,9,0.2123988,0,0.0,True,0.0009545467210511955,-7.595908699598962e-05
ViTscratch,200,9,0.27487987,0,0.0,True,-0.0014115208986583549,0.003772548726603402
ViTscratch,200,9,0.28136787,0,1.0,False,-0.0038719671870522643,-0.005192045138632457
ViTscratch,200,9,0.5252615,1,0.0,False,0.0037919727473778677,9.759552153507271e-05
ViTscratch,200,9,0.2913421,0,0.0,True,0.004590291495728636,0.00195620732738442
ViTscratch,200,9,0.33503598,0,1.0,False,-0.0011954889414209204,0.0024306594953696532
ViTscratch,200,9,0.35538858,0,0.0,True,0.001612042280862364,0.0027740687477521525
ViTscratch,200,9,0.15760495,0,0.0,True,-0.01562593278754401,-0.005406020252970507
ViTscratch,200,9,0.12968269,0,1.0,False,-0.010140681492980332,-0.00258366975659496
ViTscratch,200,9,0.22356682,0,0.0,True,-0.0007695327771785956,-0.0016228897593138104
ViTscratch,200,9,0.29498118,0,1.0,False,-0.002514141509806027,0.0017108429673950082
ViTscratch,200,9,0.17636442,0,0.0,True,-0.005578206984461246,-0.0015367741181648786
ViTscratch,200,9,0.64439344,1,1.0,True,0.0020535722970345836,0.0026330570832286985
ViTscratch,200,9,0.3657589,0,0.0,True,-0.0027778863309569956,0.0038246010894024806
ViTscratch,200,9,0.27039143,0,1.0,False,0.0050693269797038865,0.0010005934365927723
ViTscratch,200,9,0.3272065,0,0.0,True,0.00111083451860254,0.0006881189417132713
ViTscratch,200,9,0.30495548,0,1.0,False,0.004866751891525811,0.0025933437610159713
ViTscratch,200,9,0.23864046,0,1.0,False,-0.007826072175977432,-0.0009578606437059369
ViTscratch,200,9,0.36517096,0,1.0,False,0.0060492018325786975,0.0011280171200026348
ViTscratch,200,9,0.32299143,0,1.0,False,0.0017519258799588305,0.002234002635153546
ViTscratch,200,9,0.4879906,0,0.0,True,-0.0017209369106185052,-0.002280876177507401
ViTscratch,200,9,0.3395252,0,0.0,True,-0.0016619543444398588,-0.00406174005214373
ViTscratch,200,9,0.44877627,0,0.0,True,0.001492595375457727,0.0003870625360183737
ViTscratch,200,9,0.30654198,0,0.0,True,-0.0012572287071772159,0.0011326899599774926
ViTscratch,200,9,0.63866305,1,0.0,False,0.006964252131549495,0.004388362405233474
ViTscratch,200,9,0.4278448,0,0.0,True,0.004837324204447966,0.002633965826733846
ViTscratch,200,9,0.30664706,0,1.0,False,-0.002965303505137027,-0.0030736298615995656
ViTscratch,200,9,0.48698983,0,0.0,True,-0.003562899667893287,-0.0009522111255559772
ViTscratch,200,9,0.70215833,1,1.0,True,0.002643188589037041,0.004867174845867734
ViTscratch,200,9,0.38542384,0,1.0,False,-0.00337375692027883,-0.0030802426288477546
ViTscratch,200,9,0.48362404,0,1.0,False,6.16785518314949e-05,-0.0010735256995742224
ViTscratch,200,9,0.37175062,0,1.0,False,0.005968127129670138,0.004168976132935131
ViTscratch,200,9,0.4653783,0,1.0,False,0.0002985434997157168,-0.003000287694173326
ViTscratch,200,9,0.3036507,0,0.0,True,-0.007617388635157491,-0.005241576195987098
ViTscratch,200,9,0.18920892,0,0.0,True,-0.0007150213757351831,-0.0044712685113816935
ViTscratch,200,9,0.24890691,0,1.0,False,0.00013732983680715094,-0.003790917124010464
ViTscratch,200,9,0.78110707,1,0.0,False,0.012056884011920498,0.009486392532647065
ViTscratch,200,9,0.3637408,0,0.0,True,-0.0026367517642246836,0.0005049825324284719
ViTscratch,200,9,0.16830009,0,0.0,True,-5.0386985428928245e-05,0.0005791460259423562
ViTscratch,200,9,0.1404377,0,0.0,True,-0.0041116674570117855,-0.004847831589020906
ViTscratch,200,9,0.17006396,0,0.0,True,-0.0021143307287389717,-0.0022394524384763167
ViTscratch,200,9,0.17087369,0,1.0,False,0.0014285378138523743,0.0003233272073671335
ViTscratch,200,9,0.16926897,0,0.0,True,-0.0020910837425700142,-0.0007607650093596843
ViTscratch,200,9,0.24777368,0,0.0,True,-0.0018073197144492154,0.0013136991319583945
ViTscratch,200,9,0.14726399,0,0.0,True,-0.006283316901283906,-0.00514098574858078
ViTscratch,200,9,0.28978387,0,0.0,True,-0.0038783902700115507,-0.004396264292393061
ViTscratch,200,9,0.171406,0,1.0,False,-0.000756946358427553,7.199096372212395e-05
ViTscratch,200,9,0.4481889,0,0.0,True,-0.012040758823903963,-0.005695520739184103
ViTscratch,200,9,0.4201953,0,0.0,True,-0.0035987889893466774,0.000850514735525497
ViTscratch,200,9,0.20620938,0,1.0,False,0.0013734989724887487,0.0018031612541028216
ViTscratch,200,9,0.37768364,0,0.0,True,-0.00447230662764193,-0.0035011663574336534
ViTscratch,200,9,0.2677121,0,1.0,False,-0.005709964793151734,0.003317690743027646
ViTscratch,200,9,0.20634073,0,1.0,False,-0.00559183225701198,-0.002987487772302002
ViTscratch,200,9,0.26053047,0,1.0,False,-0.00024840465206726377,-0.0022379642391396263
ViTscratch,200,9,0.100356884,0,0.0,True,-0.0050452290502913015,-0.002815562682641647
ViTscratch,200,9,0.2229658,0,0.0,True,-0.011479682470919225,-0.007051810630583622
ViTscratch,200,9,0.13812585,0,1.0,False,4.946763464725902e-05,-0.0006054668794085652
ViTscratch,200,9,0.118857116,0,0.0,True,0.0021585334258178673,0.0006783102078059393
ViTscratch,200,9,0.4441909,0,0.0,True,0.002784178257819257,0.0007266393785550772
ViTscratch,200,9,0.20656773,0,0.0,True,0.00701348930994725,0.0061730387323240725
ViTscratch,200,9,0.19702327,0,1.0,False,-0.00010693327741962564,-0.0010853359354458644
ViTscratch,200,9,0.24229795,0,0.0,True,0.0028864059595084834,0.00304068589259271
ViTscratch,200,9,0.6509548,1,1.0,True,-0.004134837021412682,-0.007419787873797081
ViTscratch,200,9,0.12562898,0,1.0,False,5.033991762052593e-05,-0.0015869806216902472
ViTscratch,200,9,0.15115973,0,0.0,True,-0.008474035265642908,-0.007058327146810624
ViTscratch,200,9,0.46298948,0,0.0,True,0.009130504653854158,0.00688878581117065
ViTscratch,200,9,0.13655993,0,1.0,False,0.0016920069716100967,0.0019236378311022404
ViTscratch,200,9,0.27872044,0,1.0,False,-0.001345958002227908,0.00021414372932816654
ViTscratch,200,9,0.21583565,0,1.0,False,-0.005809826966883316,-0.0034575083808558774
ViTscratch,200,9,0.49487275,0,0.0,True,0.005254400895828538,0.004086430513176382
ViTscratch,200,9,0.18063456,0,0.0,True,0.0086313156533431,0.004196122093766404
ViTscratch,200,9,0.46055743,0,0.0,True,0.008622395581129426,0.004085907927241867
ViTscratch,200,9,0.2656609,0,0.0,True,0.0009528099980341956,0.0017865685371959376
ViTscratch,200,9,0.19145915,0,0.0,True,0.003559859441527784,0.0018053112467229736
ViTscratch,200,9,0.32408053,0,0.0,True,0.0043604098466726625,0.002179989306834354
ViTscratch,200,9,0.30460176,0,1.0,False,0.0013567587572888063,-0.002921919500264714
ViTscratch,200,9,0.23192643,0,0.0,True,-0.0035404586576066317,0.003251245891065365
ViTscratch,200,9,0.18198669,0,1.0,False,-0.001912138362414966,0.0002992660557899759
ViTscratch,200,9,0.2113109,0,1.0,False,-0.0026710771519542972,0.003443584286181452
ViTscratch,200,9,0.17674547,0,0.0,True,-0.012546662735142393,-0.01058911672458763
ViTscratch,200,9,0.30231372,0,1.0,False,0.005125608041198617,0.0022417707277044463
ViTscratch,200,9,0.8561694,1,1.0,True,0.0053176004496625715,0.008479980057192665
ViTscratch,200,9,0.17294489,0,1.0,False,-0.005235670668354471,-0.006408140681725422
ViTscratch,200,9,0.4220598,0,1.0,False,-0.004967433477055605,-0.0024150247853051065
ViTscratch,200,9,0.17934816,0,0.0,True,0.0011542698401635384,0.0007540842215052114
ViTscratch,200,9,0.15633823,0,1.0,False,-0.006349652325091248,-0.00019709804926671258
ViTscratch,200,9,0.16092402,0,0.0,True,-0.008044482959570306,-0.0015665203536819145
ViTscratch,200,9,0.1968789,0,0.0,True,-0.0005238216724362198,-0.005337757958056602
ViTscratch,200,9,0.21598741,0,1.0,False,0.0025566428634333687,-0.0020717226460099103
ViTscratch,200,9,0.27448088,0,0.0,True,-0.005439558157678709,-0.001826214259653539
ViTscratch,200,9,0.20522001,0,0.0,True,0.0016692384601353887,-0.0003665538823592516
ViTscratch,200,9,0.11369921,0,1.0,False,-0.003895463180281233,-0.0029706289788996175
ViTscratch,200,9,0.25529936,0,0.0,True,0.005121045572402037,0.003395463567448
ViTscratch,200,9,0.71425426,1,0.0,False,-0.0014770292708730047,0.00018191524929092907
ViTscratch,200,9,0.23352738,0,1.0,False,-0.0030158959604574716,-0.001789395479634266
ViTscratch,200,9,0.35968888,0,1.0,False,-0.0021800253031673605,-0.004046695553255952
ViTscratch,200,10,0.20698063,0,1.0,False,0.002713406665303334,0.0006294497732582853
ViTscratch,200,10,0.5449257,1,1.0,True,0.002569906014009561,-0.0007179031815329842
ViTscratch,200,10,0.18485999,0,0.0,True,0.0008376662917636779,-0.0009987947062478485
ViTscratch,200,10,0.16015185,0,0.0,True,-0.006837451368277594,-0.0031266253331775876
ViTscratch,200,10,0.38854042,0,1.0,False,0.0026450780780188816,0.0026765194013930365
ViTscratch,200,10,0.204273,0,0.0,True,0.0009704129566561947,-0.002375165870059458
ViTscratch,200,10,0.19441731,0,1.0,False,-0.006491640082783583,-0.004843658308758209
ViTscratch,200,10,0.15847678,0,0.0,True,-0.0064493337872970095,0.0014208227182770279
ViTscratch,200,10,0.16472675,0,0.0,True,0.005154876883840169,0.001337914869285671
ViTscratch,200,10,0.33632523,0,1.0,False,0.006075006561722001,0.0016822680708361965
ViTscratch,200,10,0.2117749,0,0.0,True,0.0019081067811688116,0.002441961065602815
ViTscratch,200,10,0.2486825,0,0.0,True,0.007683271592332058,0.0077276181130988475
ViTscratch,200,10,0.24202713,0,0.0,True,0.0015273557693424433,-0.0005059794548575959
ViTscratch,200,10,0.23665997,0,0.0,True,0.000986468044794837,-0.0016323888386293485
ViTscratch,200,10,0.26051044,0,0.0,True,-0.0021680385755266786,-0.0025261638778647437
ViTscratch,200,10,0.44279855,0,0.0,True,0.000452364593516203,0.0010828557698912833
ViTscratch,200,10,0.20303133,0,1.0,False,0.005774586541961449,0.002766213589983885
ViTscratch,200,10,0.31464526,0,0.0,True,0.003261653994334577,0.005444784809805491
ViTscratch,200,10,0.4874046,0,1.0,False,0.0005942567192747088,0.002887731657448383
ViTscratch,200,10,0.37245584,0,1.0,False,0.002724154905622868,0.004972978057593172
ViTscratch,200,10,0.43416208,0,1.0,False,0.011637260337935142,0.007753978023957827
ViTscratch,200,10,0.37374225,0,1.0,False,0.00793789236000701,0.0032726909301230103
ViTscratch,200,10,0.26971734,0,1.0,False,0.007284749503226404,0.004254701874401633
ViTscratch,200,10,0.8369031,1,0.0,False,-0.004271300483787383,0.002744768785725721
ViTscratch,200,10,0.22101933,0,0.0,True,0.004004367719705922,-0.0009748628857182643
ViTscratch,200,10,0.14443481,0,0.0,True,0.0031076834597160187,-0.0013430521416180282
ViTscratch,200,10,0.26297653,0,1.0,False,-0.0005829640347444394,0.0007537531899584879
ViTscratch,200,10,0.32433635,0,1.0,False,-0.00030489806697898503,0.000450319339205097
ViTscratch,200,10,0.440723,0,1.0,False,-0.0026545457151181872,-0.0016524477346389268
ViTscratch,200,10,0.4233972,0,0.0,True,-0.004299021415531591,-0.002897758065898682
ViTscratch,200,10,0.15479305,0,0.0,True,-0.010797116469295298,-0.004072809808590835
ViTscratch,200,10,0.3386572,0,1.0,False,0.003285908430273884,-0.0007110015121284815
ViTscratch,200,10,0.24952707,0,0.0,True,0.0006025907977772374,-0.0001011825936625661
ViTscratch,200,10,0.38239875,0,1.0,False,-0.0048805795253816,0.00039642514834620695
ViTscratch,200,10,0.34201035,0,0.0,True,0.005456764854277254,0.002168414224605148
ViTscratch,200,10,0.22273368,0,0.0,True,-0.002066458732828347,-0.00043459478028784265
ViTscratch,200,10,0.13871299,0,1.0,False,-0.010725160820132489,-0.006214323495112752
ViTscratch,200,10,0.121069595,0,0.0,True,-0.0002224645655257473,-0.0005982844099264393
ViTscratch,200,10,0.18439187,0,0.0,True,0.0016269575069219502,4.4999472066614505e-05
ViTscratch,200,10,0.2585984,0,1.0,False,-2.0180907530337757e-07,0.00025156558181436056
ViTscratch,200,10,0.4651407,0,0.0,True,0.0036626711845710674,0.0052092848115191165
ViTscratch,200,10,0.11592702,0,1.0,False,-0.001516931312274099,-0.0025037201469063296
ViTscratch,200,10,0.33473095,0,1.0,False,0.00453452385484113,0.004795561369089018
ViTscratch,200,10,0.39537558,0,0.0,True,-0.0013206022728536975,-0.000443444283293795
ViTscratch,200,10,0.34470737,0,1.0,False,-0.00011216649787538814,-0.0007921690045549135
ViTscratch,200,10,0.15213872,0,0.0,True,-0.0068626710106245254,-5.45480938476202e-05
ViTscratch,200,10,0.19293918,0,0.0,True,-0.01025413146879475,-0.005921716382083566
ViTscratch,200,10,0.28664538,0,1.0,False,0.0013810339515345886,0.002918898534010847
ViTscratch,200,10,0.19538696,0,0.0,True,-0.0008660046659162208,-0.0031622656127442065
ViTscratch,200,10,0.21198167,0,1.0,False,-0.001051755053587278,0.0006115488575770969
ViTscratch,200,10,0.4066669,0,0.0,True,0.006341755774631361,0.0007429764156808266
ViTscratch,200,10,0.5256272,1,1.0,True,0.002904106812316441,0.0030848011903446973
ViTscratch,200,10,0.2117833,0,1.0,False,-0.0017272346895220172,0.0034835200890905686
ViTscratch,200,10,0.36253107,0,0.0,True,0.004666178478037541,0.006365256429625546
ViTscratch,200,10,0.13207373,0,0.0,True,-0.002994627429135631,-0.0075354205596119385
ViTscratch,200,10,0.099206924,0,0.0,True,-0.008850020747819872,-0.007940402646252944
ViTscratch,200,10,0.2693423,0,0.0,True,-0.0012649322963736252,-0.0020988696162292917
ViTscratch,200,10,0.23094785,0,0.0,True,0.002383331253527444,-0.0013134947409426914
ViTscratch,200,10,0.4178815,0,1.0,False,0.0004434608743218467,-0.003337136706390164
ViTscratch,200,10,0.42320254,0,1.0,False,-0.0047737824220952215,0.0008563603082751974
ViTscratch,200,10,0.3249262,0,1.0,False,0.0010124300577253635,-0.00223217239368246
ViTscratch,200,10,0.15401343,0,0.0,True,-0.00020342461453670498,-0.0050147586570150424
ViTscratch,200,10,0.40736118,0,1.0,False,-0.002927089577290827,-0.003889519954732366
ViTscratch,200,10,0.35781386,0,1.0,False,0.007410293701123642,0.0019153365024585831
ViTscratch,200,10,0.13627924,0,0.0,True,-0.0019200652969580615,-0.0025587236057525975
ViTscratch,200,10,0.20030916,0,0.0,True,-0.0008353728920557974,0.004125497869564892
ViTscratch,200,10,0.30186686,0,1.0,False,0.0023553834841410866,-0.0004366833588483916
ViTscratch,200,10,0.42773864,0,0.0,True,-0.004851363232707718,-0.0030755497523600283
ViTscratch,200,10,0.31678927,0,1.0,False,0.0025628090206043512,0.000654906731991426
ViTscratch,200,10,0.23745255,0,0.0,True,0.009365815498052325,0.004453035506715785
ViTscratch,200,10,0.2019253,0,0.0,True,-0.0008542764407025479,-0.0037783426826246257
ViTscratch,200,10,0.27844992,0,0.0,True,-0.009001720833614044,-0.002299242959692005
ViTscratch,200,10,0.162281,0,1.0,False,-0.0032179013171904076,-0.00042988555605903304
ViTscratch,200,10,0.18086994,0,1.0,False,-2.838694873573525e-07,-0.0024183172303127226
ViTscratch,200,10,0.39680025,0,0.0,True,0.0004297232676579958,0.0020918035603851694
ViTscratch,200,10,0.15192363,0,0.0,True,0.004396707945753631,0.0007850428045607573
ViTscratch,200,10,0.17041714,0,0.0,True,-0.0069372805566187525,-0.005393100206899244
ViTscratch,200,10,0.5254536,1,0.0,False,0.0019468231626232247,0.0019277087974495723
ViTscratch,200,10,0.14744535,0,1.0,False,-0.006683820314979416,0.00022657040903052906
ViTscratch,200,10,0.3176948,0,1.0,False,-0.007489609031914165,-0.004411563555465837
ViTscratch,200,10,0.3934405,0,0.0,True,0.0014960976708852398,0.004045671259837829
ViTscratch,200,10,0.55646306,1,1.0,True,-0.0010484052665238612,-0.0011028658745913318
ViTscratch,200,10,0.19863927,0,1.0,False,-0.008237625068627286,-0.00047197236029230096
ViTscratch,200,10,0.40969598,0,0.0,True,0.0015881516878407794,0.000737226671049723
ViTscratch,200,10,0.3802982,0,1.0,False,0.0042252371873724645,0.0031791809687811427
ViTscratch,200,10,0.36703518,0,0.0,True,0.0037539106132322654,0.001951881942903499
ViTscratch,200,10,0.24472149,0,0.0,True,-0.005297036354298823,-0.0012040285942289488
ViTscratch,200,10,0.39087,0,0.0,True,0.010485503849282646,0.00529654387118528
ViTscratch,200,10,0.19348907,0,0.0,True,0.003342765078877607,0.003957752040419569
ViTscratch,200,10,0.23740038,0,1.0,False,0.0042779533383035815,0.0033578043308983073
ViTscratch,200,10,0.15752387,0,0.0,True,-0.007815713474795287,-0.003178678127837636
ViTscratch,200,10,0.26548234,0,0.0,True,-0.0002288361467792359,-0.000979739838843039
ViTscratch,200,10,0.21133988,0,0.0,True,0.005073874454224821,0.0011824602603123621
ViTscratch,200,10,0.29111356,0,0.0,True,0.0023480285263075265,-0.0006161349727814973
ViTscratch,200,10,0.13023552,0,0.0,True,-0.0053584780668070086,-0.0031306016376832016
ViTscratch,200,10,0.18644927,0,1.0,False,-4.495174441240945e-05,-0.0009262696337169324
ViTscratch,200,10,0.32764116,0,1.0,False,-0.001640910046835677,-0.0014700892493454969
ViTscratch,200,10,0.1518461,0,0.0,True,9.11623495412909e-05,-8.471041871862578e-05
ViTscratch,200,10,0.26725364,0,0.0,True,0.007790784939364536,0.00181538912588506
ViTscratch,200,10,0.33281785,0,1.0,False,-0.00558820870642981,-0.0010685945895914028
ViTscratch,200,11,0.47792357,0,0.0,True,-0.004775705326338988,-0.0016649733748186056
ViTscratch,200,11,0.18097876,0,0.0,True,-0.0005124686817228714,-0.0015471924325445414
ViTscratch,200,11,0.21471757,0,0.0,True,-0.0010375450054150113,-0.003162361405371716
ViTscratch,200,11,0.19024579,0,1.0,False,0.004051972783334681,0.0008621337974604703
ViTscratch,200,11,0.16386802,0,0.0,True,-0.002763864399495968,-0.0017632545012589071
ViTscratch,200,11,0.22360529,0,0.0,True,0.0002295547093258304,-0.0021621162393251347
ViTscratch,200,11,0.61763656,1,1.0,True,-0.0038824763699491,0.003891930838989393
ViTscratch,200,11,0.11950742,0,1.0,False,-0.005348863427258815,-0.0040032143426495985
ViTscratch,200,11,0.23596737,0,0.0,True,0.006530576279642181,-0.0007585938461672785
ViTscratch,200,11,0.3618985,0,1.0,False,-0.00850178325991529,-0.0032074510502979677
ViTscratch,200,11,0.22492298,0,0.0,True,-0.0008324684869239691,-0.0005311512103903707
ViTscratch,200,11,0.17214593,0,1.0,False,0.005842802876540224,0.00568305552263101
ViTscratch,200,11,0.26464325,0,0.0,True,-0.001098310056905064,0.0011936362775498922
ViTscratch,200,11,0.16603659,0,1.0,False,-0.0049983294013844735,-0.0020942558855162638
ViTscratch,200,11,0.3234764,0,0.0,True,0.0047775566499725095,0.0010620061946773544
ViTscratch,200,11,0.30672404,0,1.0,False,0.00019418588797403866,0.0033426821263328197
ViTscratch,200,11,0.39704186,0,0.0,True,0.0032247959494945584,0.001949947206699966
ViTscratch,200,11,0.16329223,0,0.0,True,-0.004752667029979475,0.00014795020844361032
ViTscratch,200,11,0.29751703,0,0.0,True,0.003753957619010285,-0.001558013524385134
ViTscratch,200,11,0.18882261,0,0.0,True,0.0008297946142100328,-0.0047607613364017585
ViTscratch,200,11,0.18457218,0,1.0,False,-0.00718765343872347,-0.0013885519534468061
ViTscratch,200,11,0.2955305,0,0.0,True,0.004320904177546728,-0.00045400392522720987
ViTscratch,200,11,0.23540185,0,1.0,False,-0.0037113609561688723,-0.00218250535646063
ViTscratch,200,11,0.22998326,0,0.0,True,-0.005296248551036065,-0.0028921505681860863
ViTscratch,200,11,0.23141983,0,0.0,True,0.0005392232678868586,0.0021812720049424294
ViTscratch,200,11,0.25771287,0,1.0,False,0.0036636517379550694,0.004477168179977267
ViTscratch,200,11,0.43668464,0,1.0,False,0.00011122533626276468,-0.001424096830282566
ViTscratch,200,11,0.12183893,0,1.0,False,-0.005160845808803307,-0.0035646445025825043
ViTscratch,200,11,0.08443822,0,1.0,False,-0.00990763466076775,-0.0045158931375927445
ViTscratch,200,11,0.22486804,0,0.0,True,-0.009646132761703646,-0.00767846590060746
ViTscratch,200,11,0.14858586,0,0.0,True,-0.0011797995299313766,-0.0049148908762975145
ViTscratch,200,11,0.52531695,1,0.0,False,0.001857135349611877,0.00027493731602895225
ViTscratch,200,11,0.4478492,0,1.0,False,0.009122399656428314,0.005362364061106568
ViTscratch,200,11,0.35262924,0,1.0,False,-0.0008647203918203257,0.0007709874042926397
ViTscratch,200,11,0.18298328,0,0.0,True,-0.0029408939960038905,-0.0005275627097308037
ViTscratch,200,11,0.15999094,0,1.0,False,0.005175809051260913,0.002770649682617287
ViTscratch,200,11,0.16098437,0,0.0,True,-0.0007684971959044173,0.005603229091409006
ViTscratch,200,11,0.16633226,0,1.0,False,-0.002964966102529077,0.0007555455113223713
ViTscratch,200,11,0.709179,1,1.0,True,0.00235095390886984,0.0025335324069769884
ViTscratch,200,11,0.36309132,0,0.0,True,0.006879970482904252,0.00029630074951430885
ViTscratch,200,11,0.7404968,1,1.0,True,0.00582312017433674,0.004199577640448634
ViTscratch,200,11,0.18850759,0,1.0,False,0.0037945162303189284,-0.001988730187809423
ViTscratch,200,11,0.26014802,0,1.0,False,0.004053045345083644,0.0014940456022265523
ViTscratch,200,11,0.17394774,0,0.0,True,-0.0008832759348133829,-0.0020153924758292913
ViTscratch,200,11,0.3468222,0,0.0,True,-0.0013492544347499143,-0.002890650730434446
ViTscratch,200,11,0.4418663,0,0.0,True,0.004110343525752366,0.0010976748664758317
ViTscratch,200,11,0.34614214,0,1.0,False,0.0017509039429728784,-0.0032294299046393806
ViTscratch,200,11,0.48895535,0,0.0,True,0.002234577878392983,0.004129553757167048
ViTscratch,200,11,0.4110438,0,1.0,False,0.0041507109363184466,0.0014643728525423338
ViTscratch,200,11,0.5543485,1,1.0,True,0.004533905126568136,0.003362410355825543
ViTscratch,200,11,0.27681816,0,0.0,True,0.0011398735451868928,-0.0007975362519488341
ViTscratch,200,11,0.2073256,0,0.0,True,-0.003989179025476147,-0.0035435046488093216
ViTscratch,200,11,0.2213235,0,1.0,False,0.0035088314690712654,-0.0001847880276208178
ViTscratch,200,11,0.1762853,0,1.0,False,-0.00301737841537716,-0.0005307622756320618
ViTscratch,200,11,0.1526953,0,1.0,False,-0.007096338032882882,-0.005376768049223176
ViTscratch,200,11,0.32179892,0,1.0,False,0.002346022017724796,-0.00039297402547745
ViTscratch,200,11,0.12745386,0,0.0,True,-0.013210264087052274,-0.0035195798673545746
ViTscratch,200,11,0.22139524,0,0.0,True,0.003645901558198919,0.0026218840345607
ViTscratch,200,11,0.40114903,0,0.0,True,-0.0011748538188703314,0.002069193693318858
ViTscratch,200,11,0.44375044,0,0.0,True,0.00044304855691685614,-0.003208049777380397
ViTscratch,200,11,0.4647379,0,0.0,True,-0.002891403943386483,-0.0002020831377192768
ViTscratch,200,11,0.1576072,0,0.0,True,-0.0061154601964439545,-0.001696381801797421
ViTscratch,200,11,0.18502887,0,0.0,True,-0.004830448727910605,-0.004919467328576157
ViTscratch,200,11,0.42602122,0,1.0,False,0.003487151132564637,0.005134412994046028
ViTscratch,200,11,0.29243332,0,1.0,False,-0.0015718038568829822,-0.0006685936201893835
ViTscratch,200,11,0.26341718,0,0.0,True,0.002065304319558256,0.0019696333286826828
ViTscratch,200,11,0.11222282,0,0.0,True,-0.008315879392327448,-0.00420506860767903
ViTscratch,200,11,0.14848936,0,0.0,True,-0.007337816957492367,-0.0022431699998527355
ViTscratch,200,11,0.5560562,1,1.0,True,0.0055283476950663615,0.003272120457960296
ViTscratch,200,11,0.23197326,0,0.0,True,0.005725017601984437,0.0008022879592313378
ViTscratch,200,11,0.24241382,0,0.0,True,0.0018108012600814953,-0.00014727003230357273
ViTscratch,200,11,0.545226,1,1.0,True,0.007226630325122464,0.003895155172776307
ViTscratch,200,11,0.19466062,0,0.0,True,-0.0010859845810501194,0.00022331885133125405
ViTscratch,200,11,0.32262668,0,0.0,True,0.006884037425163526,0.00564231506397929
ViTscratch,200,11,0.099534936,0,1.0,False,-0.003155295464317305,-0.0065654304889180585
ViTscratch,200,11,0.1774784,0,0.0,True,-0.00774430875634877,0.00022231636496255217
ViTscratch,200,11,0.2344413,0,0.0,True,3.9396993495087495e-08,-0.0019144398025287906
ViTscratch,200,11,0.5863412,1,1.0,True,0.004212062538225917,0.00014169196619887432
ViTscratch,200,11,0.4624561,0,1.0,False,0.002360113762371367,0.0005535599234244049
ViTscratch,200,11,0.3053859,0,1.0,False,0.003022520464860781,0.0037363674295796305
ViTscratch,200,11,0.32491326,0,0.0,True,0.002340461265830696,0.0012684101611579023
ViTscratch,200,11,0.9140094,1,1.0,True,0.022125645989482228,0.01843288921271399
ViTscratch,200,11,0.101763554,0,0.0,True,-0.005140663469264851,-0.004573207661175489
ViTscratch,200,11,0.21540318,0,1.0,False,0.004871929151868638,0.0051861887931614874
ViTscratch,200,11,0.72002316,1,1.0,True,-0.004681442620192742,-0.002123148651566817
ViTscratch,200,11,0.19843209,0,0.0,True,-0.0015725503600988902,-0.0013747264541875345
ViTscratch,200,11,0.3409854,0,0.0,True,0.006621984082062407,0.0032653694592229584
ViTscratch,200,11,0.17192727,0,1.0,False,-0.0016010809902734134,-0.002911494817728343
ViTscratch,200,11,0.13288271,0,1.0,False,-0.001039035214045232,0.0012005973847289415
ViTscratch,200,11,0.38288406,0,1.0,False,0.007101358705822667,0.0031877673137810036
ViTscratch,200,11,0.19407663,0,0.0,True,0.002259745978336353,0.0006277764464140201
ViTscratch,200,11,0.15700875,0,0.0,True,-0.00030922582143258693,0.0004697788103668858
ViTscratch,200,11,0.29911992,0,1.0,False,0.0008632923743667776,0.00542581239825299
ViTscratch,200,11,0.11387675,0,1.0,False,-0.0035198234861897712,-0.004108400066624959
ViTscratch,200,11,0.3066514,0,1.0,False,0.0007039591171102564,0.0037573201288358463
ViTscratch,200,11,0.43559918,0,1.0,False,-0.004375019039250777,-0.006552056269473758
ViTscratch,200,11,0.3918859,0,0.0,True,0.004113682497611145,0.002360757513611329
ViTscratch,200,11,0.2718239,0,0.0,True,0.0028576575659881947,0.0018071671540950797
ViTscratch,200,11,0.7067816,1,0.0,False,0.0005881868535392263,0.004370137287339129
ViTscratch,200,11,0.18701401,0,0.0,True,0.0023974197665255735,-0.003645250928303376
ViTscratch,200,12,0.14909206,0,0.0,True,-0.001507537688442211,-0.001788413098236776
ViTscratch,200,12,0.75309205,1,1.0,True,0.001421242706046104,4.0724051420887796e-05
ViTscratch,200,12,0.16676961,0,0.0,True,0.0016985905779568977,-0.0009165509817735523
ViTscratch,200,12,0.11642682,0,0.0,True,0.004513884534211271,0.002611791270601976
ViTscratch,200,12,0.28940353,0,1.0,False,-0.0015843414388238151,-0.002119921689657704
ViTscratch,200,12,0.16553962,0,1.0,False,-0.0013131188599784741,0.00112398385125266
ViTscratch,200,12,0.15242444,0,0.0,True,-0.004578465218381405,-0.004870798505228016
ViTscratch,200,12,0.23782389,0,1.0,False,0.00425702968576315,0.002228413202187595
ViTscratch,200,12,0.7232477,1,1.0,True,-0.0003040857531805372,0.006219817295157625
ViTscratch,200,12,0.29951975,0,1.0,False,-0.0012167111896839288,-0.003538705211560491
ViTscratch,200,12,0.20988315,0,0.0,True,-0.007638548918769357,-0.004181648069162242
ViTscratch,200,12,0.24438532,0,1.0,False,-0.004777437397300432,-0.0031008117732738
ViTscratch,200,12,0.18189052,0,1.0,False,0.0036588260658435953,-0.0011425647080005425
ViTscratch,200,12,0.3476828,0,1.0,False,0.0007984671538269694,0.0009514119232637857
ViTscratch,200,12,0.35419762,0,1.0,False,0.00202336851873039,0.0047008461983446366
ViTscratch,200,12,0.1816906,0,1.0,False,-0.005572479081635511,-0.0001719907953151184
ViTscratch,200,12,0.20169082,0,0.0,True,-0.0005716459979407748,-0.000749802966884148
ViTscratch,200,12,0.29179356,0,0.0,True,0.0009042704398994676,0.00033075424221684483
ViTscratch,200,12,0.1904713,0,0.0,True,-0.0010513419169194006,-0.0016031093459980056
ViTscratch,200,12,0.13243343,0,0.0,True,-0.012464177268343922,-0.005643176268769249
ViTscratch,200,12,0.2136719,0,0.0,True,0.0022857181153645156,0.005239504637329565
ViTscratch,200,12,0.30319396,0,0.0,True,-0.0007763346706731776,0.0009089853762701833
ViTscratch,200,12,0.7825357,1,1.0,True,-0.0013260841403440625,0.001968833902335956
ViTscratch,200,12,0.20912391,0,0.0,True,0.0012016387620784412,0.0011306643282837545
ViTscratch,200,12,0.39561945,0,0.0,True,0.0020736754909814617,-0.0019011998327506082
ViTscratch,200,12,0.14553475,0,1.0,False,-0.008272268737427271,-0.0058464189458322996
ViTscratch,200,12,0.3136663,0,0.0,True,-0.004311568355710923,-0.0006691764927900114
ViTscratch,200,12,0.22148426,0,0.0,True,-0.004803502340192439,-0.0029560300550033787
ViTscratch,200,12,0.59996617,1,1.0,True,0.00018833076165298082,0.0006968580512857437
ViTscratch,200,12,0.22023466,0,1.0,False,-0.0032020047194037658,0.0003396394310533443
ViTscratch,200,12,0.19321525,0,1.0,False,0.0025989670660906115,-0.001793606670721309
ViTscratch,200,12,0.22611412,0,1.0,False,0.0006777763726814824,-0.0040045576346106095
ViTscratch,200,12,0.27366275,0,1.0,False,-0.002394608652248786,-7.415801041300588e-06
ViTscratch,200,12,0.17785673,0,0.0,True,-0.0005024829095475293,-0.00156172878035647
ViTscratch,200,12,0.42278248,0,0.0,True,-0.008859470498768325,-0.002107587411735681
ViTscratch,200,12,0.19497088,0,0.0,True,-0.008405371828522358,-0.002455566956508147
ViTscratch,200,12,0.30959827,0,1.0,False,0.0025444142849811676,0.0009648396364729504
ViTscratch,200,12,0.18823524,0,0.0,True,-0.008746632630616638,-0.00441178879809141
ViTscratch,200,12,0.53184056,1,0.0,False,0.005733732293446796,0.00297356622328738
ViTscratch,200,12,0.80795646,1,0.0,False,0.009387923724108765,0.0007470819260282176
ViTscratch,200,12,0.2582097,0,1.0,False,0.004246287133410546,0.004230726932521467
ViTscratch,200,12,0.19899145,0,1.0,False,0.0009415390229576999,-0.00290884129838435
ViTscratch,200,12,0.2123472,0,0.0,True,-0.0010362155074987213,-0.0015423958114412068
ViTscratch,200,12,0.15858886,0,1.0,False,0.0017057295407503065,0.00435687122997912
ViTscratch,200,12,0.26894414,0,1.0,False,0.0009748342132738136,0.004377979957529644
ViTscratch,200,12,0.24700873,0,1.0,False,0.00492120572981709,-0.0003814964929571118
ViTscratch,200,12,0.747103,1,1.0,True,0.0010915982298692185,0.0020285627403952393
ViTscratch,200,12,0.19350497,0,1.0,False,-0.0011091656037429058,-0.0019181969454312396
ViTscratch,200,12,0.16763268,0,1.0,False,0.003249712660883336,0.0015967878131077778
ViTscratch,200,12,0.25242668,0,0.0,True,0.004571870961077383,0.0013325332168107043
ViTscratch,200,12,0.38026217,0,1.0,False,-0.00280236588739779,0.0011201058887016211
ViTscratch,200,12,0.12376841,0,1.0,False,-0.0058064258063879205,-0.007153903260179212
ViTscratch,200,12,0.14412656,0,0.0,True,-0.004474401127462687,-0.00032982947784089756
ViTscratch,200,12,0.5833805,1,0.0,False,0.009387863769898676,0.008051753180422562
ViTscratch,200,12,0.96939653,1,0.0,False,0.011969269925109233,0.00996325245809552
ViTscratch,200,12,0.2165571,0,0.0,True,0.0032637474102696173,0.004077911874915859
ViTscratch,200,12,0.7078705,1,1.0,True,0.0018594017251325544,-0.000805955412591274
ViTscratch,200,12,0.26098856,0,0.0,True,0.003869271067815749,0.0011081344080154105
ViTscratch,200,12,0.32178196,0,1.0,False,0.005191709203246837,0.005759264528257637
ViTscratch,200,12,0.60773414,1,1.0,True,0.0036540484145241915,0.0033864320166661107
ViTscratch,200,12,0.23285611,0,0.0,True,-0.006943826313540078,-0.00517102135028667
ViTscratch,200,12,0.21433416,0,1.0,False,0.001697073436821288,0.0056047113463603745
ViTscratch,200,12,0.22487535,0,1.0,False,-0.0019116566347148513,0.0011820149566872948
ViTscratch,200,12,0.4724139,0,0.0,True,0.006464207818093423,0.001995970837308042
ViTscratch,200,12,0.40552896,0,0.0,True,-0.00234922917361186,-0.0002884430503453273
ViTscratch,200,12,0.3302756,0,1.0,False,-0.0005060899154170041,0.0004979523805608187
ViTscratch,200,12,0.17443663,0,1.0,False,-0.001580373296226324,-0.00412770497637885
ViTscratch,200,12,0.42069998,0,0.0,True,0.008849865098107266,0.006527879618915748
ViTscratch,200,12,0.22540201,0,0.0,True,0.0001205686790543652,0.00034676501530604643
ViTscratch,200,12,0.55703056,1,1.0,True,0.0037898392625217974,0.0033467498693900842
ViTscratch,200,12,0.2275473,0,0.0,True,-0.0018991116445010862,-0.0048276768912690424
ViTscratch,200,12,0.21175724,0,1.0,False,-0.0021449527980698974,0.0002173980773697237
ViTscratch,200,12,0.19412313,0,0.0,True,-0.0033208364363208334,-0.0006323051403949946
ViTscratch,200,12,0.21361482,0,1.0,False,-0.002465835719226393,0.0006012594958262819
ViTscratch,200,12,0.26613757,0,1.0,False,0.0036180903256256714,-0.0005794289438397528
ViTscratch,200,12,0.28057402,0,1.0,False,0.007755182762750565,0.006063060022666362
ViTscratch,200,12,0.6107209,1,1.0,True,-0.0012061106150763792,0.004659926923159341
ViTscratch,200,12,0.41654184,0,0.0,True,-0.004887095899913731,-0.0016996891545374739
ViTscratch,200,12,0.5719527,1,0.0,False,0.006175949798741964,0.0004241070844111098
ViTscratch,200,12,0.4717441,0,1.0,False,0.00709523794164384,0.004541416848324569
ViTscratch,200,12,0.3761131,0,1.0,False,0.005677010839040634,0.0032983298600001306
ViTscratch,200,12,0.22924888,0,1.0,False,0.0034544145128793686,-0.0005900339827341203
ViTscratch,200,12,0.24619742,0,0.0,True,-0.001539235900496678,0.0014059039192971837
ViTscratch,200,12,0.5898853,1,0.0,False,-0.0003934701416995894,0.00013425819130097325
ViTscratch,200,12,0.11243141,0,1.0,False,-0.005921976031489161,-0.002611600371663664
ViTscratch,200,12,0.14846526,0,1.0,False,0.002171223999696908,0.0031876331891509437
ViTscratch,200,12,0.14692584,0,0.0,True,0.0003192390655448694,-0.0022479558320631296
ViTscratch,200,12,0.2705774,0,0.0,True,-0.005729545101396722,0.0002772130239261044
ViTscratch,200,12,0.13861088,0,1.0,False,-0.002771263865178094,-5.7729548933620905e-05
ViTscratch,200,12,0.23997998,0,0.0,True,0.0003977685380784856,0.001381078559069687
ViTscratch,200,12,0.35088056,0,1.0,False,-0.0032352099645813165,-0.0018311810147932264
ViTscratch,200,12,0.42625812,0,0.0,True,-0.0003619330369286777,0.005204687233213443
ViTscratch,200,12,0.2467367,0,0.0,True,-0.008613366631713464,-0.002689502195409936
ViTscratch,200,12,0.14935905,0,1.0,False,-0.011323995223001843,-0.0099666024438662
ViTscratch,200,12,0.44674858,0,1.0,False,-0.003316885134954486,-0.0029274877878636574
ViTscratch,200,12,0.16139872,0,0.0,True,0.0012798867065286158,0.0008026294432721657
ViTscratch,200,12,0.3067091,0,1.0,False,-0.003497714512459711,-0.0013402890843675294
ViTscratch,200,12,0.40895414,0,1.0,False,-0.0004185328140469253,0.0030050392659487805
ViTscratch,200,12,0.3760949,0,0.0,True,0.008871409549641026,0.004484833107419613
ViTscratch,200,12,0.19802776,0,0.0,True,0.0007578380445506981,-4.961702921240753e-05
ViTscratch,200,13,0.3818252,0,0.0,True,-0.008595823284149536,-0.0017410167947751929
ViTscratch,200,13,0.16789195,0,0.0,True,-0.003821854713492062,-0.004737692961449957
ViTscratch,200,13,0.21172072,0,0.0,True,-0.008098225625701228,-0.00335533672258099
ViTscratch,200,13,0.20221153,0,1.0,False,-0.004901816278258493,-0.003652259826577371
ViTscratch,200,13,0.31220487,0,0.0,True,0.003760842892802122,-0.003006115216251317
ViTscratch,200,13,0.15019494,0,0.0,True,-0.0039695208260139,-0.001863469386214557
ViTscratch,200,13,0.21786125,0,0.0,True,0.000212927939544052,-0.0013713338160575282
ViTscratch,200,13,0.69316226,1,1.0,True,0.0007900807159198727,0.0037369847589606457
ViTscratch,200,13,0.3526386,0,0.0,True,-0.002719474891015323,-0.001443118516070512
ViTscratch,200,13,0.33459997,0,0.0,True,-0.012777005503362308,-0.0038435225694491617
ViTscratch,200,13,0.07008015,0,0.0,True,-0.010806543158947982,-0.007408446769764304
ViTscratch,200,13,0.2832339,0,0.0,True,-0.0072782209297974,-0.0009193417867232538
ViTscratch,200,13,0.35110947,0,0.0,True,-0.001744967341429591,0.0009191565153317779
ViTscratch,200,13,0.19616665,0,0.0,True,-0.007894624543327226,-0.007083131607088425
ViTscratch,200,13,0.37267083,0,1.0,False,0.00225896362538396,-0.0035532869621490723
ViTscratch,200,13,0.1796219,0,0.0,True,-0.0024532307610746385,-0.0051543507999693376
ViTscratch,200,13,0.2634289,0,1.0,False,0.001246485809580202,0.0013245143381587522
ViTscratch,200,13,0.23241942,0,0.0,True,-0.0024728936241070337,-0.0016727342569403045
ViTscratch,200,13,0.18728925,0,1.0,False,0.0002461862162268849,0.0009051215743871497
ViTscratch,200,13,0.28322113,0,0.0,True,0.0060782693752340225,0.002744336218282116
ViTscratch,200,13,0.19007348,0,0.0,True,-0.009041119749336211,-0.001101043034803001
ViTscratch,200,13,0.1794968,0,0.0,True,0.0022150571674266423,0.003354941013386428
ViTscratch,200,13,0.30140302,0,0.0,True,0.0033574347884099552,-0.0006168020578562576
ViTscratch,200,13,0.25711396,0,0.0,True,-0.012389355446649439,-0.006276782092082739
ViTscratch,200,13,0.18428504,0,0.0,True,0.0038117706921936105,-0.0009148481994850042
ViTscratch,200,13,0.50338954,1,0.0,False,-0.00026486379734665875,0.0027313388745180546
ViTscratch,200,13,0.078746825,0,1.0,False,-0.006250185715781778,-0.0039028531313687487
ViTscratch,200,13,0.45455426,0,1.0,False,-0.007878015471152425,-0.005783626609537415
ViTscratch,200,13,0.22518897,0,1.0,False,0.005024160803414444,0.0014096887611477174
ViTscratch,200,13,0.9623285,1,1.0,True,0.006740854688503426,0.005199497127874141
ViTscratch,200,13,0.24823232,0,0.0,True,-0.0036823385090131804,-0.001978245859561564
ViTscratch,200,13,0.28998265,0,1.0,False,0.005928735393311372,0.003879236955216501
ViTscratch,200,13,0.27989748,0,0.0,True,-0.0019012635866248729,0.0009655021423124444
ViTscratch,200,13,0.21187432,0,0.0,True,-0.0052085471192955665,-0.004117897848038777
ViTscratch,200,13,0.4733824,0,0.0,True,0.0005918043245811705,0.00036638811529178484
ViTscratch,200,13,0.20708299,0,0.0,True,-0.012926160325951855,-0.008071664833575411
ViTscratch,200,13,0.45002374,0,0.0,True,-0.0019609682521696194,-0.00012686823915469088
ViTscratch,200,13,0.21730407,0,0.0,True,-0.007306258043254856,-0.0019050524293234455
ViTscratch,200,13,0.20310093,0,0.0,True,-0.005846028223055501,-0.006011737388836466
ViTscratch,200,13,0.3611771,0,1.0,False,-0.003666242057456207,-0.004154777755717383
ViTscratch,200,13,0.30383185,0,0.0,True,-0.007166278560667603,-0.003983337126497231
ViTscratch,200,13,0.33491644,0,0.0,True,0.001071716677152697,0.0030182786707109483
ViTscratch,200,13,0.16096379,0,0.0,True,-0.0004480520747095191,0.000735493152785819
ViTscratch,200,13,0.17792566,0,0.0,True,-0.0018517791654567284,-0.0011993510901560024
ViTscratch,200,13,0.28102472,0,1.0,False,0.0017858217218016113,0.0002508598518612035
ViTscratch,200,13,0.29032782,0,0.0,True,-0.003230708485798988,-0.0056582362632816635
ViTscratch,200,13,0.43468264,0,0.0,True,-0.0051500413223428375,0.0006429723836475435
ViTscratch,200,13,0.574802,1,1.0,True,0.0013091761437452583,0.006877262033498737
ViTscratch,200,13,0.26693743,0,0.0,True,0.008795061022561414,7.30847814452049e-05
ViTscratch,200,13,0.2856912,0,0.0,True,-0.005580568338896308,-0.006425997588766765
ViTscratch,200,13,0.2500145,0,0.0,True,-0.004974891448307521,-0.003921758428795705
ViTscratch,200,13,0.6890431,1,0.0,False,0.0006013468304206525,0.005287778270305191
ViTscratch,200,13,0.35467294,0,1.0,False,-0.0016785835664939665,-0.0016283760569102612
ViTscratch,200,13,0.2488857,0,1.0,False,-0.008620780298428714,-0.00045687245572042216
ViTscratch,200,13,0.3104696,0,0.0,True,0.006808587300121144,0.0007293003483945928
ViTscratch,200,13,0.3761383,0,0.0,True,0.009287360228192959,0.006035168298865598
ViTscratch,200,13,0.38093653,0,0.0,True,-0.0026264804123635895,-0.0017526164315299119
ViTscratch,200,13,0.21641949,0,1.0,False,0.00221101437806789,0.0025437724519146066
ViTscratch,200,13,0.5825168,1,1.0,True,0.0053253269333633085,-0.00025320680232762975
ViTscratch,200,13,0.29573625,0,0.0,True,0.006347294213527067,0.005632554613781672
ViTscratch,200,13,0.24556625,0,1.0,False,0.007726845601556258,0.004240777406171544
ViTscratch,200,13,0.4572881,0,1.0,False,-0.0008566212741324276,-0.00022947595712700011
ViTscratch,200,13,0.1587259,0,0.0,True,-0.0028144349830492724,-0.001788794296362986
ViTscratch,200,13,0.4922517,0,1.0,False,0.0013352099470464271,0.0008595623882336069
ViTscratch,200,13,0.2128636,0,1.0,False,-0.0072002009206668756,-8.989705262737954e-05
ViTscratch,200,13,0.2192935,0,0.0,True,0.004118249723650532,0.002592256093754044
ViTscratch,200,13,0.18282776,0,0.0,True,0.0038657767043952,0.00012246753227180353
ViTscratch,200,13,0.25811157,0,0.0,True,-0.001626299970319003,0.0034856847986127976
ViTscratch,200,13,0.27060276,0,1.0,False,-0.006403171121482462,-0.002766317352930841
ViTscratch,200,13,0.16734788,0,1.0,False,-0.0020188415618646732,-0.0009415199548030502
ViTscratch,200,13,0.46856448,0,0.0,True,0.0060301306934743065,0.0027203927536553953
ViTscratch,200,13,0.14391772,0,0.0,True,-0.007090863611525091,-0.0038052378081286113
ViTscratch,200,13,0.25163293,0,1.0,False,-0.0021453971228362987,0.0013538991063275672
ViTscratch,200,13,0.25061414,0,0.0,True,0.0033227809067130623,-0.0019589045505609077
ViTscratch,200,13,0.1423387,0,0.0,True,0.0012027701208953644,0.0006020202337463783
ViTscratch,200,13,0.43242085,0,0.0,True,0.00041517130497165176,-1.4510442732125231e-05
ViTscratch,200,13,0.19481206,0,1.0,False,0.000803868966817624,-0.0007053659828815177
ViTscratch,200,13,0.29340065,0,1.0,False,0.005996812374974426,0.005478849328369037
ViTscratch,200,13,0.17302945,0,1.0,False,-0.007829635330275413,-0.007067745352097951
ViTscratch,200,13,0.19820957,0,1.0,False,0.00872433975523785,0.002296053864607966
ViTscratch,200,13,0.3097386,0,0.0,True,-0.002187185867581522,-0.0014120811411641693
ViTscratch,200,13,0.3092091,0,0.0,True,0.0016992302063899415,0.0038447769440608606
ViTscratch,200,13,0.22390285,0,0.0,True,-0.005101063401965637,-0.003777424222365486
ViTscratch,200,13,0.14503795,0,1.0,False,-0.0030467292509661365,-0.003709404625387304
ViTscratch,200,13,0.21692438,0,1.0,False,-0.003754486920316719,-0.0007436741274271026
ViTscratch,200,13,0.16874827,0,0.0,True,-0.0038333540471194825,0.0009178235304311297
ViTscratch,200,13,0.16619194,0,0.0,True,0.0013559121356907964,-0.0004094221933678033
ViTscratch,200,13,0.23719366,0,0.0,True,-0.00043509559186953557,0.001403687781640296
ViTscratch,200,13,0.2470855,0,1.0,False,0.004485809077744751,-0.0014737491203294917
ViTscratch,200,13,0.74814326,1,1.0,True,0.004086121897157172,0.004629926968223253
ViTscratch,200,13,0.15170743,0,1.0,False,0.0009467393067789717,-0.001618907815418697
ViTscratch,200,13,0.15450928,0,0.0,True,-0.005375671061330793,-0.001331463466540623
ViTscratch,200,13,0.3177325,0,0.0,True,0.002282768271021917,0.003924782829295869
ViTscratch,200,13,0.57368064,1,1.0,True,0.012160149336900232,0.005742239618140415
ViTscratch,200,13,0.2410616,0,1.0,False,-0.003978171996475444,-0.0006874283394861122
ViTscratch,200,13,0.29000357,0,0.0,True,0.0047663057762941,0.0007240018712062628
ViTscratch,200,13,0.31923,0,0.0,True,0.004771331404487009,0.00450070195935623
ViTscratch,200,13,0.3398861,0,0.0,True,-0.0020363574416015343,0.0022201436648030186
ViTscratch,200,13,0.12995727,0,1.0,False,-0.007123552886270302,-0.005097505720797691
ViTscratch,200,13,0.09824423,0,1.0,False,-0.007133492312913,-0.007050111642974715
ViTscratch,200,14,0.17401446,0,0.0,True,0.004315144404153818,0.0009506356835995662
ViTscratch,200,14,0.11017125,0,1.0,False,-0.005541225237389998,-0.005630234242987946
ViTscratch,200,14,0.25888526,0,1.0,False,0.006668659786275344,0.0033110940304257584
ViTscratch,200,14,0.28609404,0,0.0,True,0.0019467551855214204,0.0003108955547588378
ViTscratch,200,14,0.3901318,0,0.0,True,0.002511513339925636,0.0010568101739144365
ViTscratch,200,14,0.16343614,0,1.0,False,0.001980701598374283,-0.0013647248618609573
ViTscratch,200,14,0.32214418,0,1.0,False,-0.005291221012122409,0.003055471478729413
ViTscratch,200,14,0.115011156,0,1.0,False,0.009276147293176482,0.0007581062877789844
ViTscratch,200,14,0.12087398,0,0.0,True,0.004081521077608221,0.0029112091534605395
ViTscratch,200,14,0.50910854,1,0.0,False,-0.0051262951118144755,-0.0007058367276629013
ViTscratch,200,14,0.2715176,0,1.0,False,0.008087144182807671,0.0033963880220730627
ViTscratch,200,14,0.6235159,1,0.0,False,-0.0026870135708523682,-0.0023862408762052208
ViTscratch,200,14,0.28434116,0,0.0,True,0.004009599499626756,0.0034650789398038536
ViTscratch,200,14,0.0917353,0,0.0,True,-0.0017308929590480302,-0.002490519171741574
ViTscratch,200,14,0.2781587,0,0.0,True,-0.003529638507922484,-0.0034130691200198763
ViTscratch,200,14,0.5646012,1,0.0,False,0.0016320028055748605,0.004230250379667516
ViTscratch,200,14,0.15607198,0,1.0,False,-0.006389991898070977,-0.0006101887699893363
ViTscratch,200,14,0.24582921,0,1.0,False,-0.008142742500098481,-0.004586724242963307
ViTscratch,200,14,0.25196627,0,0.0,True,0.0066304248234971995,-0.002043232848524765
ViTscratch,200,14,0.16115138,0,1.0,False,0.004251736684690228,-0.0003457438339462127
ViTscratch,200,14,0.20344311,0,0.0,True,-0.002747619370652981,-0.003358027162754436
ViTscratch,200,14,0.3534357,0,0.0,True,0.0015055305118752713,0.0009524196177993324
ViTscratch,200,14,0.5777234,1,0.0,False,0.01037425433125964,0.003849025696688109
ViTscratch,200,14,0.16146368,0,0.0,True,-0.0019197391810186245,0.0006906691557872904
ViTscratch,200,14,0.31817305,0,1.0,False,-0.004613460123109429,-0.0019049920838917964
ViTscratch,200,14,0.35217497,0,0.0,True,0.00200771533643753,-0.0008836064911660204
ViTscratch,200,14,0.19999842,0,0.0,True,0.0009150378756391937,-0.0002646202508918324
ViTscratch,200,14,0.93828285,1,1.0,True,0.006200166854511157,0.005930460534513413
ViTscratch,200,14,0.27688432,0,1.0,False,0.0011910233205171868,0.0020788766490495722
ViTscratch,200,14,0.44967076,0,1.0,False,0.0010976929026438468,0.0004910222643847527
ViTscratch,200,14,0.19091295,0,0.0,True,-0.004283610834513487,-0.002606191985205436
ViTscratch,200,14,0.59026957,1,1.0,True,0.010802396698260098,0.004457024988291585
ViTscratch,200,14,0.14907965,0,0.0,True,0.00023465254876446463,0.002032489396176588
ViTscratch,200,14,0.37284765,0,1.0,False,0.0029173654099041613,-0.004510675321122998
ViTscratch,200,14,0.45862088,0,0.0,True,-3.56159912880906e-05,0.0017024461343014162
ViTscratch,200,14,0.32766378,0,1.0,False,-0.0024892694448323894,-0.0005995483041000587
ViTscratch,200,14,0.2654234,0,1.0,False,0.005407774473037379,0.002427881840200242
ViTscratch,200,14,0.24405164,0,1.0,False,-0.008005446045888508,-0.005606378623693919
ViTscratch,200,14,0.15887114,0,0.0,True,-0.0038703036877283806,-0.007078936288087166
ViTscratch,200,14,0.28446797,0,0.0,True,-0.003622909726935046,0.000346736250689584
ViTscratch,200,14,0.30465314,0,0.0,True,0.0015070342963570942,0.00042764305401410917
ViTscratch,200,14,0.79865265,1,1.0,True,0.0192402292563282,0.011757609969941258
ViTscratch,200,14,0.11251262,0,1.0,False,-2.483719348620697e-05,-0.003728387592584396
ViTscratch,200,14,0.23085673,0,0.0,True,-0.005259063698156982,-0.004942968878868396
ViTscratch,200,14,0.28800184,0,1.0,False,0.00019909065134949874,0.0024670478070955245
ViTscratch,200,14,0.3125007,0,1.0,False,0.00013990312273695678,0.003561582219806026
ViTscratch,200,14,0.3425853,0,0.0,True,0.008890687325285756,0.002314556903516844
ViTscratch,200,14,0.09592179,0,0.0,True,-0.012562834874388308,-0.003350121343077825
ViTscratch,200,14,0.22131415,0,1.0,False,0.003315948364307087,0.006724374640707446
ViTscratch,200,14,0.8011802,1,0.0,False,0.007062772499658044,0.0022711985533204007
ViTscratch,200,14,0.34788778,0,1.0,False,-0.0017591222990736924,-0.002670204068051961
ViTscratch,200,14,0.13540442,0,0.0,True,0.0029814739812844093,-0.0030053078871753306
ViTscratch,200,14,0.17021991,0,0.0,True,-0.00893589136051481,-0.0053080876168314865
ViTscratch,200,14,0.14532438,0,0.0,True,0.00022319645018898662,0.001407181736015857
ViTscratch,200,14,0.2565831,0,0.0,True,0.002360003322184399,-0.0006064742866457059
ViTscratch,200,14,0.21349452,0,0.0,True,-0.00020836981047188844,0.001502585588608229
ViTscratch,200,14,0.17835675,0,0.0,True,-0.003094003359612732,-0.000759656266149172
ViTscratch,200,14,0.17952988,0,0.0,True,0.0019961168106955502,0.00437075374458726
ViTscratch,200,14,0.23540822,0,0.0,True,-0.00010743496278198081,0.002587712946905596
ViTscratch,200,14,0.23411416,0,1.0,False,0.004320501659971693,0.004557777227756962
ViTscratch,200,14,0.33784637,0,1.0,False,0.0008183322663319115,-0.0014904809780685194
ViTscratch,200,14,0.32821992,0,0.0,True,0.005662950420342997,0.0022263360897041527
ViTscratch,200,14,0.18386751,0,0.0,True,-0.0009546885020091157,-0.0038789975954735883
ViTscratch,200,14,0.24786915,0,0.0,True,-0.000156679802081612,-0.001945148488707297
ViTscratch,200,14,0.1416619,0,0.0,True,0.002764886468601343,0.00017700347853033985
ViTscratch,200,14,0.4679433,0,1.0,False,-0.006683705986105734,0.0006291744077217193
ViTscratch,200,14,0.22168249,0,0.0,True,0.008924779237407489,0.004182388449604668
ViTscratch,200,14,0.1915257,0,1.0,False,8.898121996032623e-05,-0.003363361219888968
ViTscratch,200,14,0.16958956,0,1.0,False,0.002420735827744695,0.0011938557720406447
ViTscratch,200,14,0.35144058,0,1.0,False,0.006152471288140141,0.0032164052307693393
ViTscratch,200,14,0.1617625,0,1.0,False,0.004620460352971648,0.0016602233503389273
ViTscratch,200,14,0.379817,0,1.0,False,0.009430682715414,0.002502051406216098
ViTscratch,200,14,0.27317703,0,0.0,True,-0.001321131702453749,-0.006035191618948457
ViTscratch,200,14,0.5752076,1,1.0,True,0.002108947259607412,0.0032050033538173835
ViTscratch,200,14,0.21859716,0,1.0,False,-0.005525705650970347,-0.0005992738771567428
ViTscratch,200,14,0.41540265,0,0.0,True,-0.007878548514644756,-0.00581182149884039
ViTscratch,200,14,0.33181053,0,1.0,False,-0.00013273632454409814,-0.00028370959436396754
ViTscratch,200,14,0.32603547,0,0.0,True,-0.005001467209899934,-0.0025944501248519633
ViTscratch,200,14,0.38647968,0,1.0,False,0.0077820862318549325,0.008505274985349642
ViTscratch,200,14,0.20331262,0,0.0,True,-0.00012988607929681215,-0.0013137819039232392
ViTscratch,200,14,0.38967502,0,0.0,True,-0.0010843950895343185,-0.007081282496490905
ViTscratch,200,14,0.28011432,0,0.0,True,-0.0007448789079762773,-0.004200676916404974
ViTscratch,200,14,0.09213852,0,0.0,True,-0.002549619424485086,-0.002555225489373017
ViTscratch,200,14,0.1954411,0,0.0,True,-0.0035358190971138594,-0.0038980159546841164
ViTscratch,200,14,0.3891841,0,1.0,False,0.001517276983226461,0.0026066240709615284
ViTscratch,200,14,0.2734638,0,1.0,False,-0.00018546811500007364,0.002911213606516727
ViTscratch,200,14,0.37648165,0,0.0,True,-0.0011622808016923739,0.0014522681857412553
ViTscratch,200,14,0.3737369,0,0.0,True,0.0027148232361457816,0.004534512640198223
ViTscratch,200,14,0.27435952,0,0.0,True,0.003456717221957856,0.0018281810227622998
ViTscratch,200,14,0.2765888,0,0.0,True,-0.003393426544208331,-0.005189109576602316
ViTscratch,200,14,0.49253008,0,0.0,True,0.004774280196838757,0.002820019109554507
ViTscratch,200,14,0.1721646,0,1.0,False,-0.007193115603200533,-0.007262231452619985
ViTscratch,200,14,0.30370024,0,0.0,True,-0.005816915362668894,-0.0009214287288640389
ViTscratch,200,14,0.3331874,0,0.0,True,-0.00470599788407298,-0.0024725829820311206
ViTscratch,200,14,0.41799092,0,1.0,False,-0.012216163909166316,0.0003703189672165125
ViTscratch,200,14,0.56274813,1,1.0,True,0.0006457894911623725,0.003343482853830753
ViTscratch,200,14,0.27426028,0,0.0,True,-0.006200308569437068,-0.0037724970758205266
ViTscratch,200,14,0.18725331,0,0.0,True,0.003657460757286495,-8.5127584401804e-05
ViTscratch,200,14,0.2735684,0,0.0,True,0.00461101435632457,0.003162219444797977
ViTscratch,200,14,0.14098902,0,0.0,True,-0.01389616243110591,-0.004232249583567588
ViTscratch,200,15,0.31427246,0,1.0,False,0.0020488268845890068,-0.0020522935585454284
ViTscratch,200,15,0.2383626,0,0.0,True,0.003985673575552004,0.0046729760402285945
ViTscratch,200,15,0.41219175,0,0.0,True,-0.0013247862508731765,0.0011907684437085975
ViTscratch,200,15,0.16942246,0,1.0,False,-0.005146858950832817,-0.0069700700787188406
ViTscratch,200,15,0.17359798,0,1.0,False,-0.001808965097487053,-0.003627103721900744
ViTscratch,200,15,0.14818147,0,1.0,False,-0.006167833230953594,-0.007266574265942311
ViTscratch,200,15,0.19201797,0,0.0,True,-0.005397371793399428,-0.006817899094645679
ViTscratch,200,15,0.24479143,0,0.0,True,-0.001966886233982118,0.003797307568858424
ViTscratch,200,15,0.27450475,0,1.0,False,-0.004220135896069995,0.0005019263194382569
ViTscratch,200,15,0.34297672,0,0.0,True,0.0054007121896738714,0.004306695229736148
ViTscratch,200,15,0.5153679,1,1.0,True,0.014484144625090803,0.004644395367631048
ViTscratch,200,15,0.18876332,0,0.0,True,0.0004257449794847366,0.0008303067839948293
ViTscratch,200,15,0.20473099,0,0.0,True,-0.003518323860351105,-0.003149567054263205
ViTscratch,200,15,0.35418794,0,1.0,False,-0.000698910182223725,-0.0015071839556014335
ViTscratch,200,15,0.32967818,0,0.0,True,-0.0010050253668387194,-0.004534015596981063
ViTscratch,200,15,0.25021318,0,0.0,True,-0.000508320729221998,0.0016313968668610873
ViTscratch,200,15,0.17930628,0,0.0,True,-0.007603123998492391,-0.0061666935352084305
ViTscratch,200,15,0.3836332,0,1.0,False,0.0015143561148018765,0.0005380558181251892
ViTscratch,200,15,0.3531638,0,0.0,True,-0.00013327161940467324,-0.0032062701634734993
ViTscratch,200,15,0.2565034,0,1.0,False,0.008483197319321548,0.0027610728827699837
ViTscratch,200,15,0.47335303,0,1.0,False,0.00013637025887068007,0.00021345866532433022
ViTscratch,200,15,0.45516592,0,1.0,False,0.005404983994769795,0.0014631660374160701
ViTscratch,200,15,0.2982091,0,1.0,False,0.006344978684282821,0.0048995183668846315
ViTscratch,200,15,0.3138701,0,1.0,False,0.0008014757330972531,-0.006146977467749662
ViTscratch,200,15,0.22330482,0,0.0,True,-0.0013046475842194004,-0.0029442307192059556
ViTscratch,200,15,0.17864373,0,0.0,True,0.0027583789033375737,-0.001769685961654993
ViTscratch,200,15,0.31204373,0,1.0,False,0.0025558890898888936,0.0003961769093592261
ViTscratch,200,15,0.79202217,1,1.0,True,0.009090920183783525,0.004904888913019075
ViTscratch,200,15,0.14585923,0,0.0,True,-0.002718027426612877,-0.007939183312299156
ViTscratch,200,15,0.13959184,0,0.0,True,0.003703328638262134,0.00046311447605428696
ViTscratch,200,15,0.42717013,0,1.0,False,0.004361087801108763,0.002258034465598792
ViTscratch,200,15,0.26224995,0,0.0,True,0.004003938024997404,0.002982065099129363
ViTscratch,200,15,0.26603526,0,0.0,True,-0.005075223276684437,-0.0031993102439552097
ViTscratch,200,15,0.43005332,0,0.0,True,0.0023531037658443307,0.004300703669917239
ViTscratch,200,15,0.3777376,0,1.0,False,0.005165065679647869,0.004272484265571268
ViTscratch,200,15,0.24642475,0,0.0,True,0.002857901027710714,0.0024615550572577582
ViTscratch,200,15,0.27514222,0,1.0,False,0.0026762220208155192,0.0027532816277924476
ViTscratch,200,15,0.29641497,0,1.0,False,0.00179935593502993,0.0016517921205770972
ViTscratch,200,15,0.29981092,0,0.0,True,-0.0021145885884366563,-0.0021447780952914665
ViTscratch,200,15,0.48307416,0,1.0,False,0.00043762189056601987,0.001977329326469034
ViTscratch,200,15,0.36488244,0,0.0,True,-0.003684989597405355,0.0010651749767912246
ViTscratch,200,15,0.15614292,0,0.0,True,-0.003637238231240045,-0.0064676529307248175
ViTscratch,200,15,0.12737675,0,0.0,True,-0.0032697052672074883,-0.004008113036673333
ViTscratch,200,15,0.30872414,0,0.0,True,-0.006634294302085188,-0.0020899447440562
ViTscratch,200,15,0.1344179,0,1.0,False,-0.009387167073850148,-0.005102345554812941
ViTscratch,200,15,0.2066645,0,1.0,False,0.0059795681827875,0.0030475097117085258
ViTscratch,200,15,0.15744527,0,0.0,True,0.009009791689175864,0.005025853474800444
ViTscratch,200,15,0.292833,0,0.0,True,-0.0029189548304072873,-0.0016472189648637163
ViTscratch,200,15,0.33075503,0,0.0,True,0.002709793785483752,0.0025404043305233786
ViTscratch,200,15,0.35875422,0,0.0,True,0.002202773605761999,0.0019788634756857408
ViTscratch,200,15,0.21431367,0,1.0,False,0.007218968041711798,0.0062283626679114
ViTscratch,200,15,0.26601782,0,0.0,True,0.002861984412100196,0.0008293228283516913
ViTscratch,200,15,0.2463272,0,1.0,False,0.006374534757737803,0.0011273224884592503
ViTscratch,200,15,0.28076598,0,0.0,True,-0.004874376983420377,-0.0026700353667520704
ViTscratch,200,15,0.37162873,0,0.0,True,-0.0028165024866396845,-0.004788585760046368
ViTscratch,200,15,0.4755695,0,1.0,False,-0.0025723793059911964,0.001275300918028527
ViTscratch,200,15,0.26357502,0,1.0,False,-0.0034362643150222063,0.00045816987772457447
ViTscratch,200,15,0.21925351,0,0.0,True,-0.006797648107791432,0.0007168836011658514
ViTscratch,200,15,0.17527257,0,0.0,True,0.00029773508156041693,0.002162805570407679
ViTscratch,200,15,0.32741293,0,0.0,True,0.0007537426507486257,0.001687643369015942
ViTscratch,200,15,0.21236823,0,0.0,True,-0.006258102143837405,-0.0025509789069796678
ViTscratch,200,15,0.23810193,0,0.0,True,0.0016033818950283115,0.00211193064862226
ViTscratch,200,15,0.18056273,0,0.0,True,-0.0016949084184210996,-0.004872569555268544
ViTscratch,200,15,0.51272905,1,0.0,False,-0.00603271924450478,-0.0023449136932424466
ViTscratch,200,15,0.4441186,0,0.0,True,0.0007756750809951755,-0.006351251902770592
ViTscratch,200,15,0.2891877,0,1.0,False,-0.005790440939983094,-0.003637189959000411
ViTscratch,200,15,0.2607623,0,1.0,False,0.008053981435046912,0.003197354645927684
ViTscratch,200,15,0.2231045,0,0.0,True,-0.005295920334132983,0.00021302214220625808
ViTscratch,200,15,0.24648485,0,1.0,False,-0.0051739156529882376,-0.0016089789258465369
ViTscratch,200,15,0.7412439,1,1.0,True,-0.003656355012613627,0.000568214394309546
ViTscratch,200,15,0.37014434,0,1.0,False,0.003337317909163932,-0.003379828539058623
ViTscratch,200,15,0.6262752,1,0.0,False,0.004422231149744368,0.006398085630718709
ViTscratch,200,15,0.1070161,0,1.0,False,-0.009197842846350892,-0.00632190838266517
ViTscratch,200,15,0.3523783,0,0.0,True,0.002455892179715078,0.0007229009069593741
ViTscratch,200,15,0.40159976,0,1.0,False,0.012047410196327673,0.008170868001827704
ViTscratch,200,15,0.2557159,0,1.0,False,0.0017326952362257525,-0.0019150753323396185
ViTscratch,200,15,0.31154722,0,0.0,True,-0.001679382080758598,0.0006836485806420694
ViTscratch,200,15,0.35580832,0,0.0,True,0.006121363635391743,0.0060607589124737704
ViTscratch,200,15,0.6468047,1,1.0,True,0.01279992339172726,0.006886840668033205
ViTscratch,200,15,0.6207512,1,1.0,True,0.0006494094647412062,0.0057642744169318
ViTscratch,200,15,0.4138049,0,1.0,False,0.00037631684399905973,0.0010567344657971332
ViTscratch,200,15,0.49163035,0,1.0,False,0.001125003938312192,-0.0026763249134995138
ViTscratch,200,15,0.15549177,0,0.0,True,0.002007954699961123,-0.0001282170177089209
ViTscratch,200,15,0.47567508,0,0.0,True,-0.0022697538132681098,-0.0005414107632138463
ViTscratch,200,15,0.43953583,0,0.0,True,-0.009346795291659776,-0.004885158838585017
ViTscratch,200,15,0.45428073,0,0.0,True,0.005521470560179139,0.0029653537480766614
ViTscratch,200,15,0.33581358,0,1.0,False,0.009709215605323934,0.001957811464641189
ViTscratch,200,15,0.16207635,0,1.0,False,-0.0011560363319177863,-0.00030277864031207227
ViTscratch,200,15,0.77953064,1,1.0,True,0.004020240970263505,0.00831479391006685
ViTscratch,200,15,0.17656395,0,1.0,False,-0.0021168590230699123,-0.0038098962965973375
ViTscratch,200,15,0.4800227,0,1.0,False,0.003355218097800668,0.00016471455169604323
ViTscratch,200,15,0.19830596,0,0.0,True,-0.006238568997491018,-0.003206026760311614
ViTscratch,200,15,0.12997521,0,0.0,True,0.004161197699899387,-0.0011445255583337737
ViTscratch,200,15,0.17386064,0,0.0,True,0.004416076893889986,0.0017829994892204998
ViTscratch,200,15,0.28416,0,0.0,True,0.0017796586211175829,0.002259880898151518
ViTscratch,200,15,0.30246273,0,1.0,False,-0.004204989535000188,-0.003911072098402858
ViTscratch,200,15,0.1414526,0,1.0,False,0.005612397726197148,0.004971747770147762
ViTscratch,200,15,0.4190155,0,0.0,True,0.005018090408271318,0.006163530335652145
ViTscratch,200,15,0.76195145,1,1.0,True,0.004339967788575924,0.00513238817580325
ViTscratch,200,15,0.17493612,0,1.0,False,0.00031661023236844235,0.0014515019048517304
ViTscratch,200,16,0.36342904,0,1.0,False,-0.012983669561989037,-0.007095991903257965
ViTscratch,200,16,0.15466668,0,0.0,True,-0.0012667343373284085,0.0004392422172962885
ViTscratch,200,16,0.19175991,0,0.0,True,-0.0034170754613102225,0.0004030729763207756
ViTscratch,200,16,0.15772274,0,0.0,True,-0.002155949599569141,-0.0006011896477881226
ViTscratch,200,16,0.5933877,1,1.0,True,0.0014893533022163005,0.005297069201016825
ViTscratch,200,16,0.32330096,0,1.0,False,0.007020333430851633,0.00046406787847895204
ViTscratch,200,16,0.34507445,0,0.0,True,-0.0004569594888192549,0.0027918845623284595
ViTscratch,200,16,0.17843108,0,0.0,True,0.0015427965374469248,0.0028824742271886406
ViTscratch,200,16,0.29762062,0,1.0,False,-0.0015614461078036343,0.0025675555111814956
ViTscratch,200,16,0.29999286,0,0.0,True,0.011318410584489949,0.0006171855288332927
ViTscratch,200,16,0.97940147,1,0.0,False,0.010536443612791895,0.010916238440719622
ViTscratch,200,16,0.23580985,0,1.0,False,-0.005998347285748488,0.0005378846270716424
ViTscratch,200,16,0.191095,0,0.0,True,0.004741059781663718,0.0027111471538248974
ViTscratch,200,16,0.22346269,0,1.0,False,-0.0025937229324807087,-0.0011393310642594963
ViTscratch,200,16,0.12407872,0,1.0,False,-0.01008967438702112,-0.007397569618963845
ViTscratch,200,16,0.33218214,0,1.0,False,0.006823833710276961,0.007842839473208987
ViTscratch,200,16,0.17431511,0,0.0,True,0.004551850133857452,0.0037565410389687613
ViTscratch,200,16,0.21560585,0,1.0,False,-0.006688669760096196,-0.00960232486316085
ViTscratch,200,16,0.22908708,0,1.0,False,0.0005511369596223148,-0.0010349135649556451
ViTscratch,200,16,0.2780439,0,0.0,True,-0.0047568803603326324,3.859089053866075e-05
ViTscratch,200,16,0.14918707,0,0.0,True,0.0032706788266677073,0.0015452426854712994
ViTscratch,200,16,0.25937548,0,0.0,True,0.0010850881727235257,-0.0047109523066386095
ViTscratch,200,16,0.1801616,0,0.0,True,-0.010697459599394372,-0.006388909813744707
ViTscratch,200,16,0.2524579,0,1.0,False,0.0011941541391429758,-0.0013216218443563921
ViTscratch,200,16,0.20434025,0,1.0,False,0.009597315261297132,0.00516347665094697
ViTscratch,200,16,0.18101001,0,1.0,False,-0.00637377088661175,0.0007371190402846703
ViTscratch,200,16,0.19719873,0,1.0,False,-0.004334386010796242,-0.006536885492458695
ViTscratch,200,16,0.15909036,0,1.0,False,-0.0033877048698936984,-0.0018348131398067816
ViTscratch,200,16,0.23011251,0,1.0,False,-0.0024868041294813987,-0.0008301449625854725
ViTscratch,200,16,0.26938933,0,0.0,True,0.0014136818814876736,-0.0010775096063463429
ViTscratch,200,16,0.14808834,0,1.0,False,-0.011826109351167114,-0.005986752104801907
ViTscratch,200,16,0.18028563,0,1.0,False,0.003718552711553078,-0.00035265522820474005
ViTscratch,200,16,0.34336212,0,1.0,False,-0.00067864277350219,0.002113666104293213
ViTscratch,200,16,0.8007763,1,0.0,False,-0.0010607541613577793,-0.0011807416599903563
ViTscratch,200,16,0.39852226,0,0.0,True,-0.0016124672736722724,-0.000106010308906708
ViTscratch,200,16,0.32854205,0,0.0,True,0.005760539787857865,-0.0012044079126488437
ViTscratch,200,16,0.3693136,0,1.0,False,-0.007430293349594775,-0.006668537643437158
ViTscratch,200,16,0.14237027,0,0.0,True,-0.00227229755223238,6.418132062140322e-05
ViTscratch,200,16,0.29057407,0,1.0,False,0.0023607800829424427,-0.0027470274317869044
ViTscratch,200,16,0.24573919,0,0.0,True,0.0008030594504137123,-0.001485405278566621
ViTscratch,200,16,0.31615317,0,1.0,False,0.001998493527134323,0.001851275145920704
ViTscratch,200,16,0.3667521,0,0.0,True,-0.0004587003872470486,0.004300537182458557
ViTscratch,200,16,0.30476454,0,0.0,True,-6.203446734942882e-05,-0.0012982698388113133
ViTscratch,200,16,0.15006775,0,0.0,True,-0.005448161313246842,-0.005561305284279034
ViTscratch,200,16,0.27178502,0,1.0,False,-0.007658445615316647,-0.0037815652252146904
ViTscratch,200,16,0.43023276,0,0.0,True,-0.0033669048582969084,0.0017380501450922415
ViTscratch,200,16,0.5173888,1,1.0,True,0.0046419502196169094,-0.0019212696941943498
ViTscratch,200,16,0.35815147,0,0.0,True,0.0048667254568800404,0.002815794535022418
ViTscratch,200,16,0.3385903,0,0.0,True,-0.004583051297717917,-0.0013443874143556627
ViTscratch,200,16,0.16266584,0,1.0,False,-0.004778632179856922,-0.005923933015633384
ViTscratch,200,16,0.27898282,0,1.0,False,0.005727538390851524,0.0003011010567662581
ViTscratch,200,16,0.3539387,0,0.0,True,0.0033310423509313168,0.0001147892924834417
ViTscratch,200,16,0.4388182,0,1.0,False,-3.47657432835681e-05,-0.0036666926312674476
ViTscratch,200,16,0.35705638,0,1.0,False,-0.0034140795671632604,0.0026225640471995364
ViTscratch,200,16,0.41164166,0,1.0,False,-0.00012834576603620938,0.004505617066552656
ViTscratch,200,16,0.48642543,0,0.0,True,0.004596501362531769,0.007917712827765327
ViTscratch,200,16,0.16558324,0,1.0,False,0.010818592312731785,0.0027067503019526555
ViTscratch,200,16,0.27560586,0,0.0,True,-0.007396220041404345,-0.004543164731944443
ViTscratch,200,16,0.4223661,0,0.0,True,-0.00377693332974734,-0.0028292804183310256
ViTscratch,200,16,0.2546732,0,0.0,True,-0.0008289045469094541,-0.0031483694657280566
ViTscratch,200,16,0.37956062,0,0.0,True,0.007057519401496704,0.003272260003425022
ViTscratch,200,16,0.24358827,0,0.0,True,-0.0010678361230594866,-0.00031510107475224544
ViTscratch,200,16,0.33971608,0,0.0,True,-0.0016443953665596141,-0.00018698744672543462
ViTscratch,200,16,0.17324455,0,1.0,False,-0.004928254949688627,-0.0008592109175853172
ViTscratch,200,16,0.35970473,0,1.0,False,-0.000872669588935875,-0.0014803927187651248
ViTscratch,200,16,0.32980546,0,1.0,False,-0.0025316446172504734,-0.004577884082689288
ViTscratch,200,16,0.40552232,0,1.0,False,0.005241408077475992,0.005325329756213698
ViTscratch,200,16,0.18623838,0,0.0,True,-0.0024567486686315775,-0.0054851891066062565
ViTscratch,200,16,0.12514839,0,0.0,True,-0.0008082645395910132,-0.003126692607527159
ViTscratch,200,16,0.15846807,0,0.0,True,-0.005332653146722326,-0.005674164792929426
ViTscratch,200,16,0.17662196,0,0.0,True,-0.003405171347442376,-0.004544520184016143
ViTscratch,200,16,0.32946202,0,1.0,False,-0.0020645757344726423,-0.000256267127547161
ViTscratch,200,16,0.18520962,0,0.0,True,-0.0017657644993747984,-0.0013675968520052272
ViTscratch,200,16,0.41210726,0,1.0,False,0.003200687256045867,0.00028971123673035933
ViTscratch,200,16,0.6041499,1,0.0,False,0.010580239562023183,0.0031988439592779676
ViTscratch,200,16,0.23743697,0,1.0,False,0.005577206383501271,0.002417890917735623
ViTscratch,200,16,0.7521948,1,0.0,False,0.012512071391087076,0.007833231962058726
ViTscratch,200,16,0.5604022,1,1.0,True,-0.003318855531457574,0.0024663245001869676
ViTscratch,200,16,0.21521004,0,1.0,False,0.0011197157702808793,-0.0026685877178317103
ViTscratch,200,16,0.18714254,0,0.0,True,-0.00543212088344047,-0.0034837444492955743
ViTscratch,200,16,0.45095202,0,1.0,False,-0.0072791371484480375,-0.0008252098207551006
ViTscratch,200,16,0.3200189,0,1.0,False,0.005979297093099808,0.007102347316301773
ViTscratch,200,16,0.3309525,0,0.0,True,0.005576729310658778,0.002089814543791813
ViTscratch,200,16,0.2482084,0,0.0,True,-0.0061133846916009765,-0.005298835345676128
ViTscratch,200,16,0.24600405,0,0.0,True,0.0032797361609512403,0.001195186603544421
ViTscratch,200,16,0.31187075,0,1.0,False,-0.0012281649502385512,-0.001032811493599177
ViTscratch,200,16,0.23267792,0,0.0,True,-0.004338642282605005,-0.0020574838013565776
ViTscratch,200,16,0.12550172,0,1.0,False,-0.004545506939551881,-0.0030962655948976892
ViTscratch,200,16,0.18115886,0,1.0,False,-0.007561307277517599,-0.005991655844070652
ViTscratch,200,16,0.14779551,0,0.0,True,-0.0015950919021639133,-0.004268706125199354
ViTscratch,200,16,0.3460426,0,1.0,False,-0.003192971287104334,0.0017397922102787436
ViTscratch,200,16,0.15986413,0,1.0,False,0.0022902990349857825,-0.0018370451182689242
ViTscratch,200,16,0.21648696,0,0.0,True,-0.0025753754076400836,-0.0056549869129894
ViTscratch,200,16,0.4486645,0,0.0,True,-0.004081357992564544,0.00036747354385190215
ViTscratch,200,16,0.9054783,1,1.0,True,-0.0018331974984346874,0.0030468223771998176
ViTscratch,200,16,0.25055227,0,0.0,True,-0.003063500196910532,-0.0005785618689865389
ViTscratch,200,16,0.5674743,1,1.0,True,0.005809742483848432,0.006805765091463554
ViTscratch,200,16,0.21957205,0,1.0,False,-0.013646229829368521,-0.006375446661694428
ViTscratch,200,16,0.1619318,0,1.0,False,-0.012439936678318234,-0.007585330871275051
ViTscratch,200,16,0.5040362,1,0.0,False,0.0011215680146445934,0.005029783087304041
ViTscratch,200,17,0.19153823,0,0.0,True,-0.0014553665337815286,-0.0013356758058668439
ViTscratch,200,17,0.35882205,0,1.0,False,-0.000561816662203098,-0.002603106463499097
ViTscratch,200,17,0.23158307,0,1.0,False,-0.012188363190495372,-0.00501161124322177
ViTscratch,200,17,0.26356623,0,0.0,True,0.002053277138381003,0.003800263367989342
ViTscratch,200,17,0.21508865,0,0.0,True,-0.0024581952749886597,-0.0007526058836177244
ViTscratch,200,17,0.11012495,0,1.0,False,0.007114017977316274,-0.0004987246392349891
ViTscratch,200,17,0.29840356,0,0.0,True,0.000648966799863969,0.0015565828690804195
ViTscratch,200,17,0.5647103,1,1.0,True,0.006058114834473346,0.0003292763090996996
ViTscratch,200,17,0.20770235,0,1.0,False,-0.0014409633034221576,0.00042169700925220237
ViTscratch,200,17,0.23856612,0,0.0,True,0.008009555967696168,0.005461560758812099
ViTscratch,200,17,0.2156004,0,1.0,False,-0.002800220126208414,-0.0020799592215479793
ViTscratch,200,17,0.48494345,0,0.0,True,0.005149500596814543,0.001763205289200801
ViTscratch,200,17,0.18682352,0,1.0,False,-0.005286234317276974,-0.0020515598673282185
ViTscratch,200,17,0.15369135,0,1.0,False,-0.0008466586829126013,-0.0028894563702461986
ViTscratch,200,17,0.1904088,0,0.0,True,-0.009153314320870501,-0.006229479651586913
ViTscratch,200,17,0.21127585,0,1.0,False,-0.0032483380456849904,-0.0006896671453897094
ViTscratch,200,17,0.1574895,0,1.0,False,0.0007034974442174198,-0.0011838766617142545
ViTscratch,200,17,0.5223841,1,1.0,True,0.0028493044805552297,-0.000590506828803929
ViTscratch,200,17,0.16601264,0,0.0,True,0.0015060266316520017,-0.0005303103539899921
ViTscratch,200,17,0.14896992,0,1.0,False,-0.0019098247127864493,-0.0008060521138590191
ViTscratch,200,17,0.25134662,0,1.0,False,-0.0062894988165557945,-0.0010403040730696633
ViTscratch,200,17,0.26261136,0,1.0,False,0.006177742427916052,-0.00023003530452154493
ViTscratch,200,17,0.28167307,0,1.0,False,0.0031526701284724443,0.0037653468467519257
ViTscratch,200,17,0.12586841,0,0.0,True,-0.0039144994207869176,-0.0067191190281131515
ViTscratch,200,17,0.20780839,0,0.0,True,0.0013576390232265876,0.0008321148748724118
ViTscratch,200,17,0.16510244,0,0.0,True,0.0006200407797783922,-0.0033828320420764904
ViTscratch,200,17,0.20024619,0,0.0,True,0.004127173376228585,-0.0014011587087776117
ViTscratch,200,17,0.13599744,0,0.0,True,-0.004678204111776508,-0.0018404722843642838
ViTscratch,200,17,0.124762334,0,0.0,True,-0.0023536681539291526,-0.004174385060397901
ViTscratch,200,17,0.2273144,0,1.0,False,0.005859699916076158,0.0057248620002210895
ViTscratch,200,17,0.37157747,0,1.0,False,0.0010045306932250095,0.003475574826461401
ViTscratch,200,17,0.25024226,0,0.0,True,0.0010616265998040397,0.0003826179894143523
ViTscratch,200,17,0.25596246,0,1.0,False,-0.002896348184953219,-0.0005321899210095437
ViTscratch,200,17,0.28231433,0,1.0,False,-0.0007585381332748917,-0.0015659323895831434
ViTscratch,200,17,0.20229919,0,1.0,False,0.001959287390677847,0.0017616681536871453
ViTscratch,200,17,0.83423364,1,1.0,True,-0.0014572544326487845,0.001108344447371166
ViTscratch,200,17,0.59253144,1,1.0,True,0.0014033683930006757,0.0009504714901211878
ViTscratch,200,17,0.2520651,0,1.0,False,0.0023611531149195703,-0.001008522419103571
ViTscratch,200,17,0.5556179,1,1.0,True,0.016238649118386628,0.0055013095717777035
ViTscratch,200,17,0.12609884,0,1.0,False,-0.006196734780360203,-0.004424738845293782
ViTscratch,200,17,0.21234097,0,1.0,False,-0.006003815060105968,-0.0008573277514849576
ViTscratch,200,17,0.4263837,0,1.0,False,0.0001944421700396528,0.004023529555110338
ViTscratch,200,17,0.15172264,0,1.0,False,-0.005538359426357225,-0.0035367181303462233
ViTscratch,200,17,0.32905927,0,0.0,True,-0.00015488744855145386,-0.0036808510345420556
ViTscratch,200,17,0.16108932,0,0.0,True,0.002109562124692704,-5.102750555376265e-05
ViTscratch,200,17,0.26961908,0,1.0,False,0.006741543335553671,0.0029538521492099173
ViTscratch,200,17,0.15709205,0,0.0,True,-0.015629613455198414,-0.0063461917573421674
ViTscratch,200,17,0.4328911,0,0.0,True,-0.0059294681836901866,0.0011383121766561793
ViTscratch,200,17,0.3066015,0,1.0,False,0.004504031008880328,0.0012641056237549053
ViTscratch,200,17,0.30516085,0,1.0,False,-0.0020735996941170223,0.0024803058193587184
ViTscratch,200,17,0.40866813,0,1.0,False,0.0062146923998988215,0.0043157164066244535
ViTscratch,200,17,0.5979672,1,1.0,True,0.007819350578597969,0.003179068901934707
ViTscratch,200,17,0.19432445,0,1.0,False,0.0024598610352817773,0.0028186042960067293
ViTscratch,200,17,0.16579367,0,0.0,True,0.001349530839702637,-0.00020746635610196954
ViTscratch,200,17,0.47804374,0,1.0,False,0.002078213074401973,0.0002719976720788824
ViTscratch,200,17,0.3053527,0,1.0,False,-0.006773392906318814,-0.0020028831972092563
ViTscratch,200,17,0.46618074,0,1.0,False,0.0013952705414449838,0.007117295719504192
ViTscratch,200,17,0.18408471,0,1.0,False,0.0009863740710783597,-0.003696197704494684
ViTscratch,200,17,0.19455823,0,0.0,True,-0.0036136526870939665,-0.0014018209625661264
ViTscratch,200,17,0.2226034,0,0.0,True,-0.003679769403150754,-0.0035392466526438415
ViTscratch,200,17,0.13336407,0,0.0,True,-0.0018517980877125815,-0.0028875571378265434
ViTscratch,200,17,0.21272875,0,1.0,False,0.0014153567560000952,0.0033836381118909683
ViTscratch,200,17,0.3081222,0,1.0,False,0.004896750933050273,0.005665897779331395
ViTscratch,200,17,0.18579634,0,0.0,True,-0.007085443301004099,0.0006802588269677628
ViTscratch,200,17,0.4962442,0,1.0,False,-0.00374729348052217,-0.004588011427416083
ViTscratch,200,17,0.46505088,0,1.0,False,0.005999789359412465,0.004755619967465009
ViTscratch,200,17,0.22587074,0,1.0,False,0.0023643533263180403,-0.0014047398555336584
ViTscratch,200,17,0.19680658,0,0.0,True,0.00044211955696853557,0.0018292935417230688
ViTscratch,200,17,0.79633915,1,0.0,False,0.006322324023867337,0.003415814110610269
ViTscratch,200,17,0.22046438,0,0.0,True,0.005161920775244059,0.002504830520828721
ViTscratch,200,17,0.1654062,0,1.0,False,0.008472886490103545,0.005270065357078013
ViTscratch,200,17,0.20744497,0,1.0,False,-0.008368360762761604,-0.003499944949703255
ViTscratch,200,17,0.45138776,0,1.0,False,0.007271774475214192,0.00688851982020324
ViTscratch,200,17,0.27574575,0,0.0,True,-0.004860635580639857,-0.005706161931251638
ViTscratch,200,17,0.17743643,0,0.0,True,-0.005378143209662236,-0.0055923547155615535
ViTscratch,200,17,0.18696842,0,1.0,False,-0.0022888895906690875,0.0011051826761090237
ViTscratch,200,17,0.21138792,0,0.0,True,0.006139772557928546,0.006083928775851295
ViTscratch,200,17,0.13178138,0,1.0,False,-0.004407461539343523,-0.002075539774919017
ViTscratch,200,17,0.13911855,0,1.0,False,-0.007596902976796675,-0.003787454177262143
ViTscratch,200,17,0.14058375,0,0.0,True,-9.114554105462056e-05,-0.0021572714225537156
ViTscratch,200,17,0.2490867,0,0.0,True,0.006542612213369723,0.005096801005815985
ViTscratch,200,17,0.14537708,0,1.0,False,-0.009162484399456492,-0.0031653989359345727
ViTscratch,200,17,0.18034169,0,1.0,False,-0.0071621212342432945,0.0013077363060869011
ViTscratch,200,17,0.1696711,0,1.0,False,0.003607461948577725,0.0037658277353053177
ViTscratch,200,17,0.24451074,0,0.0,True,0.006531259233422655,0.0019883266175203494
ViTscratch,200,17,0.25903004,0,1.0,False,-0.0019643435069598993,-0.00013056207606863682
ViTscratch,200,17,0.28996974,0,0.0,True,-0.0017842459106968,-0.0007068363998788194
ViTscratch,200,17,0.58114827,1,1.0,True,-0.009868652211688408,-0.0029884648507507022
ViTscratch,200,17,0.38889727,0,1.0,False,0.010761473516459109,0.004390873801564202
ViTscratch,200,17,0.18775822,0,0.0,True,-0.0006679749741049082,-0.004804198388990759
ViTscratch,200,17,0.30125,0,1.0,False,0.0038037995542583515,0.002277698911695546
ViTscratch,200,17,0.3698639,0,0.0,True,0.0008455616536348901,0.00034170448873592886
ViTscratch,200,17,0.20896202,0,1.0,False,0.0019780048586394722,-0.0012192364397870241
ViTscratch,200,17,0.4067827,0,1.0,False,0.007134113589704241,0.005010505149635876
ViTscratch,200,17,0.1567408,0,0.0,True,0.004109395712757831,0.0028076000676649604
ViTscratch,200,17,0.25286523,0,0.0,True,-0.0010086155866196587,-0.0004362193845177277
ViTscratch,200,17,0.2707619,0,1.0,False,-0.0029343698416552126,-0.002815750494515189
ViTscratch,200,17,0.31273627,0,0.0,True,-4.500522686603849e-05,-0.005759465606097477
ViTscratch,200,17,0.17405513,0,0.0,True,-0.0010763995325592992,-0.0023370781929355523
ViTscratch,200,17,0.12449759,0,1.0,False,-0.0019716688226388292,0.001147996444639477
ViTscratch,200,18,0.17694637,0,0.0,True,-0.000553816614057028,0.0015341391584347479
ViTscratch,200,18,0.14812231,0,0.0,True,-0.00852110314754178,-0.005344193162410651
ViTscratch,200,18,0.1739389,0,0.0,True,0.0008987940396416621,-0.001945532747174883
ViTscratch,200,18,0.3232295,0,1.0,False,0.0038640154560596386,0.004352581642063134
ViTscratch,200,18,0.60801333,1,0.0,False,0.00377829875363645,0.0020263735376424984
ViTscratch,200,18,0.40932706,0,1.0,False,0.0036086009080770875,0.0031886487088329516
ViTscratch,200,18,0.20256217,0,0.0,True,-0.0030997004548279482,0.0030407548854592724
ViTscratch,200,18,0.2113813,0,0.0,True,-0.0010692836507411958,0.000315262654084863
ViTscratch,200,18,0.22742319,0,1.0,False,-0.006491390439159084,-0.002901820951801825
ViTscratch,200,18,0.33177033,0,1.0,False,-0.0012175895893381209,0.0025769502051542974
ViTscratch,200,18,0.31561145,0,0.0,True,0.0024883837645182936,0.0022431823630173113
ViTscratch,200,18,0.18840474,0,1.0,False,0.001385692950373609,-0.002765131329324057
ViTscratch,200,18,0.16376598,0,1.0,False,0.0016448087853475103,0.0003151032900328445
ViTscratch,200,18,0.3888874,0,1.0,False,0.005649122607207106,0.0017872811987065845
ViTscratch,200,18,0.12591241,0,1.0,False,-0.002412302176909247,0.0001760119301969548
ViTscratch,200,18,0.19643977,0,0.0,True,-0.0005043525463191296,0.0016356105609602767
ViTscratch,200,18,0.8234606,1,0.0,False,0.0006159362583425116,-0.0014681900986064588
ViTscratch,200,18,0.28558588,0,0.0,True,0.006573121379118339,0.0033902243380673786
ViTscratch,200,18,0.311113,0,0.0,True,0.0025026241062027273,-0.003108894074840543
ViTscratch,200,18,0.25007382,0,1.0,False,-0.0001564394199519226,-0.002097730365226569
ViTscratch,200,18,0.26876947,0,0.0,True,0.0001904499054169275,-0.0010678397334051356
ViTscratch,200,18,0.31821638,0,1.0,False,0.003969758414037782,0.0016372321259279588
ViTscratch,200,18,0.32220837,0,1.0,False,0.0057723688157255825,0.0034451260468108228
ViTscratch,200,18,0.28548425,0,1.0,False,-0.0036271983941866736,-0.002704869674907009
ViTscratch,200,18,0.30601376,0,0.0,True,-0.003687746570651593,-0.002689286523024849
ViTscratch,200,18,0.20571423,0,1.0,False,-0.0008603123869434248,0.004250194486428941
ViTscratch,200,18,0.409923,0,0.0,True,0.003415817791917181,-0.0015632164551373558
ViTscratch,200,18,0.40059224,0,1.0,False,0.0041125519359398,-0.0005163778599335077
ViTscratch,200,18,0.48390347,0,1.0,False,-0.0033870710439053197,-0.0027391979786964833
ViTscratch,200,18,0.39604065,0,0.0,True,0.0005517040692894954,0.00410495876491536
ViTscratch,200,18,0.48772538,0,1.0,False,-0.008013610494301628,-0.0016101351541684987
ViTscratch,200,18,0.21649988,0,0.0,True,-0.0085179448628441,-0.003980742872328731
ViTscratch,200,18,0.32100424,0,1.0,False,-6.0570169360144376e-05,0.0020306970205414025
ViTscratch,200,18,0.10342914,0,1.0,False,-0.002719168468940072,-0.0040616140805101435
ViTscratch,200,18,0.20435597,0,1.0,False,0.003123163744820801,0.0014709981648145622
ViTscratch,200,18,0.227272,0,1.0,False,-0.00319134508638353,-0.0010324195552120503
ViTscratch,200,18,0.19426593,0,0.0,True,0.0034387417583023007,0.0009544866677925706
ViTscratch,200,18,0.37671173,0,0.0,True,-0.0016744012288944091,0.0014202850726606241
ViTscratch,200,18,0.15730456,0,0.0,True,0.0014030435408397492,0.0007266932361026659
ViTscratch,200,18,0.20120442,0,0.0,True,0.0032793566978756147,-0.0020795581004388625
ViTscratch,200,18,0.7445477,1,0.0,False,0.0037616521762390827,0.009313368703902085
ViTscratch,200,18,0.29921225,0,0.0,True,0.002914028440756982,0.005666529955129071
ViTscratch,200,18,0.28520462,0,0.0,True,-0.004192124789360159,-0.007196418928691026
ViTscratch,200,18,0.19534525,0,1.0,False,-0.0038648990464604347,-0.004287948385313523
ViTscratch,200,18,0.3184325,0,1.0,False,-0.0017658692815568867,0.0006732411549907018
ViTscratch,200,18,0.3129891,0,1.0,False,0.006107040002684975,0.0014368766320809541
ViTscratch,200,18,0.5171668,1,1.0,True,-0.009044335095444249,-0.006946976460839613
ViTscratch,200,18,0.12859462,0,0.0,True,-0.00282897066157962,-0.0015761835359609283
ViTscratch,200,18,0.3877772,0,0.0,True,0.0025025855948651505,0.00041807591304747976
ViTscratch,200,18,0.20796216,0,0.0,True,0.001757281726461823,0.0010817539002929129
ViTscratch,200,18,0.21576113,0,1.0,False,0.0022909670287328395,0.0006116585568987775
ViTscratch,200,18,0.20736074,0,0.0,True,0.002297041777795892,0.0038657343958300627
ViTscratch,200,18,0.43185654,0,1.0,False,-0.005129674237495511,-0.00018025154457269093
ViTscratch,200,18,0.17492858,0,0.0,True,-0.001287991419934924,-0.0015679527658046168
ViTscratch,200,18,0.204557,0,0.0,True,-0.0034232914785255696,-0.0049390536437844594
ViTscratch,200,18,0.16600123,0,0.0,True,-0.002408208885250919,0.0016388931203779713
ViTscratch,200,18,0.23879412,0,0.0,True,0.003797397657921826,0.0050936663039613675
ViTscratch,200,18,0.12162482,0,0.0,True,0.0007465194723717625,-0.00524404605564753
ViTscratch,200,18,0.3310269,0,0.0,True,-0.0013013442967369302,0.000611058488353951
ViTscratch,200,18,0.20273381,0,0.0,True,0.0018592813753795416,0.0023173702246840054
ViTscratch,200,18,0.22414538,0,0.0,True,0.002327916451252718,0.004245462220646322
ViTscratch,200,18,0.109754354,0,0.0,True,0.00010177059808705647,-0.003652770000492667
ViTscratch,200,18,0.5776413,1,0.0,False,0.006420839169823329,0.0058357251972059225
ViTscratch,200,18,0.17238215,0,1.0,False,-0.003124778711439339,-5.920513574156813e-05
ViTscratch,200,18,0.19096711,0,1.0,False,-0.0023110431816081075,-0.0010828297373361954
ViTscratch,200,18,0.6412251,1,1.0,True,0.0038870354172089103,0.007928991304304087
ViTscratch,200,18,0.29361638,0,0.0,True,-0.0039662178548057845,-0.003417838637334763
ViTscratch,200,18,0.11299528,0,1.0,False,-0.006324170350373291,-0.004683314955970152
ViTscratch,200,18,0.17093208,0,1.0,False,-0.004172999292795732,-0.008288726565802002
ViTscratch,200,18,0.3338956,0,1.0,False,0.0027059742722897817,0.001100278772899098
ViTscratch,200,18,0.17943703,0,1.0,False,0.00611167745823283,0.0011146621815280836
ViTscratch,200,18,0.33095518,0,0.0,True,-0.0040454338645456245,0.0003037074683261837
ViTscratch,200,18,0.40903503,0,0.0,True,0.010546897562050205,0.0069216574899772
ViTscratch,200,18,0.29734623,0,0.0,True,-0.002421167036253102,0.0008228143808029143
ViTscratch,200,18,0.5015752,1,1.0,True,0.009665744454502356,0.009462255250110583
ViTscratch,200,18,0.834574,1,1.0,True,0.012253765215258365,0.005532518135654371
ViTscratch,200,18,0.1684733,0,0.0,True,0.0024233322852878856,-0.0032145356881921657
ViTscratch,200,18,0.20513429,0,1.0,False,0.004650520052432857,0.00753219093997966
ViTscratch,200,18,0.58341134,1,1.0,True,0.002783856041069986,0.005532342436644476
ViTscratch,200,18,0.38288575,0,0.0,True,-0.0011587695996132853,0.0002485656741130405
ViTscratch,200,18,0.3477984,0,1.0,False,-0.006892472522777302,-0.0011418774420183014
ViTscratch,200,18,0.1817202,0,0.0,True,-0.004659276619714652,-0.005882775908220874
ViTscratch,200,18,0.1286846,0,0.0,True,0.0009045226130653265,0.003954659949622166
ViTscratch,200,18,0.41891053,0,1.0,False,0.001557678253259757,-5.068010644916874e-08
ViTscratch,200,18,0.25757703,0,0.0,True,-0.002215679897994371,-0.0008605824884390754
ViTscratch,200,18,0.13567036,0,1.0,False,0.006076979965340152,0.002187807767827293
ViTscratch,200,18,0.20786986,0,0.0,True,-0.0061474487130998645,-0.007271881017515545
ViTscratch,200,18,0.2068371,0,1.0,False,-0.00213720889191509,-0.0008616418553855958
ViTscratch,200,18,0.14500134,0,0.0,True,-0.0029522666880229956,-0.0011464346739518889
ViTscratch,200,18,0.121968515,0,0.0,True,0.000396017796124164,-0.00035922219203608465
ViTscratch,200,18,0.157817,0,1.0,False,-0.004388276605181888,-0.003086988761787026
ViTscratch,200,18,0.29240337,0,1.0,False,-0.002494079951849308,0.0007252529297231214
ViTscratch,200,18,0.12917094,0,1.0,False,-8.632450126643513e-05,-0.0009648915121196454
ViTscratch,200,18,0.6046935,1,0.0,False,-0.0016672413344578129,0.0018070456585418536
ViTscratch,200,18,0.35274398,0,1.0,False,0.0035094143885473824,0.007196576316662664
ViTscratch,200,18,0.13542706,0,1.0,False,0.003806534229050269,-0.0032110428701890756
ViTscratch,200,18,0.2280829,0,1.0,False,-0.003338711849281534,-0.00017975333385825007
ViTscratch,200,18,0.5202674,1,1.0,True,-0.0055103716478924055,-0.0003883773409185569
ViTscratch,200,18,0.18525967,0,1.0,False,-0.009906940280050944,-0.006103171879708285
ViTscratch,200,18,0.53776383,1,1.0,True,-0.004480338541973162,0.0024600787932221604
ViTscratch,200,19,0.27587363,0,0.0,True,0.0017557843809547934,-0.002998017336374103
ViTscratch,200,19,0.31664565,0,1.0,False,-0.00018904336829870283,0.0007966637946649675
ViTscratch,200,19,0.194704,0,0.0,True,-0.008743012284980402,-0.010149742246876366
ViTscratch,200,19,0.6396631,1,1.0,True,0.003922307770967598,0.00448871616875246
ViTscratch,200,19,0.1383753,0,0.0,True,0.001465578252327126,0.002504081238227967
ViTscratch,200,19,0.43610796,0,1.0,False,0.0020550847909908904,0.002488635658580612
ViTscratch,200,19,0.4191131,0,1.0,False,0.003285774852416404,0.00248863523880543
ViTscratch,200,19,0.31008223,0,0.0,True,-0.011476030948390191,-0.003118869632849044
ViTscratch,200,19,0.17664053,0,0.0,True,-0.0016255283472237628,-0.0021858136018348606
ViTscratch,200,19,0.17124444,0,0.0,True,-0.0005573772401754849,-0.0017478686415950118
ViTscratch,200,19,0.41972643,0,1.0,False,-0.0037588285951491033,-0.0013260291536849377
ViTscratch,200,19,0.25843093,0,1.0,False,-0.006133285189379034,-0.004839436566558936
ViTscratch,200,19,0.21101429,0,0.0,True,-0.0057788848542753655,-0.0051133858972226675
ViTscratch,200,19,0.24520774,0,1.0,False,0.0036682811899503526,-0.00045338163424596037
ViTscratch,200,19,0.19315395,0,0.0,True,0.0006530893592494318,-0.00032769718520023596
ViTscratch,200,19,0.14138414,0,1.0,False,-0.005612342747847171,-0.0022285134758505735
ViTscratch,200,19,0.6048055,1,0.0,False,0.006466818207547039,0.005351202906018975
ViTscratch,200,19,0.19414444,0,0.0,True,0.0034671604145277484,-0.0013102792948351376
ViTscratch,200,19,0.32830742,0,1.0,False,-0.00303106766050514,0.0016966319638624227
ViTscratch,200,19,0.3300326,0,0.0,True,0.0012303094484729298,0.004080681827775692
ViTscratch,200,19,0.302546,0,0.0,True,-0.0032098048693801466,0.0007091805802846943
ViTscratch,200,19,0.20429026,0,0.0,True,0.0009450333387127721,-0.0004377956741283868
ViTscratch,200,19,0.5143414,1,0.0,False,-0.0034687358492506756,-0.0014121035951418911
ViTscratch,200,19,0.25651193,0,1.0,False,0.002059616443188223,-0.00017660430163915703
ViTscratch,200,19,0.16881886,0,0.0,True,-0.003086498449610747,0.0016159840332734495
ViTscratch,200,19,0.16892181,0,0.0,True,-0.004954300444939866,-0.004312012310139659
ViTscratch,200,19,0.14633135,0,0.0,True,-0.0033742987275566217,-0.007236427469486191
ViTscratch,200,19,0.25904277,0,0.0,True,0.0018186988533979624,0.0019564655441212065
ViTscratch,200,19,0.4572093,0,1.0,False,0.007336262138531232,0.00755619143558743
ViTscratch,200,19,0.39204794,0,1.0,False,0.0005029656044905395,0.0010100006554078882
ViTscratch,200,19,0.38347164,0,0.0,True,0.0010192735159280978,0.0021577238940266304
ViTscratch,200,19,0.23946917,0,0.0,True,0.00444491335007934,0.0002753622185526485
ViTscratch,200,19,0.399623,0,1.0,False,0.0026127123857563926,0.0012091001642468425
ViTscratch,200,19,0.33678713,0,1.0,False,-0.0007967386074848303,0.0032568897949167164
ViTscratch,200,19,0.17111452,0,1.0,False,-0.0109789577245733,-0.005835974883088909
ViTscratch,200,19,0.25304356,0,1.0,False,0.00034092888859473555,0.0025828501171649017
ViTscratch,200,19,0.18324576,0,0.0,True,0.005144733306319519,0.003195767673304964
ViTscratch,200,19,0.23666951,0,1.0,False,-0.005083750702431574,-0.0020547560441041162
ViTscratch,200,19,0.25854227,0,0.0,True,-0.005504946056058047,-0.0025954753130714952
ViTscratch,200,19,0.21109492,0,0.0,True,0.0038041912519276968,0.0036154121538800443
ViTscratch,200,19,0.2884281,0,1.0,False,0.000753435648122623,-0.001335182042383953
ViTscratch,200,19,0.13929364,0,1.0,False,0.002297580026801567,0.002506530562809903
ViTscratch,200,19,0.49695402,0,0.0,True,0.0010970373080525456,-0.003005456842026236
ViTscratch,200,19,0.7746894,1,0.0,False,0.00847623612227983,0.007817737174465114
ViTscratch,200,19,0.175993,0,0.0,True,-0.005238135246545264,-0.0034377347490027834
ViTscratch,200,19,0.3126121,0,0.0,True,-0.002962076080978211,-0.0021392384504142843
ViTscratch,200,19,0.1490953,0,1.0,False,0.002685429365327282,-0.004208057360912307
ViTscratch,200,19,0.17312318,0,1.0,False,0.005421107111559255,-0.0018947985111894203
ViTscratch,200,19,0.33412492,0,0.0,True,0.0024128795823516696,0.004183132026997775
ViTscratch,200,19,0.47915244,0,1.0,False,-0.004246710797853102,-0.0034249745154545813
ViTscratch,200,19,0.20450513,0,0.0,True,-0.0017158858376367582,0.0017811327878907049
ViTscratch,200,19,0.26596007,0,0.0,True,0.0015208290244762325,0.0017523248407038214
ViTscratch,200,19,0.35509667,0,1.0,False,0.004081875787755952,0.0008986173921475491
ViTscratch,200,19,0.37124225,0,0.0,True,0.001970754493758875,-0.001246109312757192
ViTscratch,200,19,0.17754489,0,1.0,False,-0.004459860474025082,-0.0036113525900224918
ViTscratch,200,19,0.17397632,0,1.0,False,-0.005331826333319489,0.0009015124987934811
ViTscratch,200,19,0.31928915,0,0.0,True,0.006503239974152402,0.004354736287830255
ViTscratch,200,19,0.7631662,1,1.0,True,0.005770929664746577,0.0038209621521216332
ViTscratch,200,19,0.22106983,0,1.0,False,0.006334469373036368,0.0034063641165459958
ViTscratch,200,19,0.21765937,0,0.0,True,0.005750871879446098,0.004024077881909168
ViTscratch,200,19,0.48508826,0,1.0,False,0.010973446638122773,0.007452359308612009
ViTscratch,200,19,0.102907434,0,0.0,True,-0.01604312517188583,-0.0064088584379257485
ViTscratch,200,19,0.15801214,0,1.0,False,-0.0024055799629433476,-0.004073292495594841
ViTscratch,200,19,0.17261063,0,0.0,True,-0.009828407214395221,-0.003378765871817957
ViTscratch,200,19,0.22135608,0,1.0,False,0.007146738533124156,0.0026994722854501918
ViTscratch,200,19,0.39963025,0,1.0,False,0.0008896757943857136,0.00018678183387650513
ViTscratch,200,19,0.17401865,0,1.0,False,0.005370555471985812,-0.0008878143156259698
ViTscratch,200,19,0.2211709,0,1.0,False,0.0066333334998487665,0.004052339159684184
ViTscratch,200,19,0.3753441,0,1.0,False,0.003030381153558418,0.0024584487303698707
ViTscratch,200,19,0.4818762,0,0.0,True,-0.0022124695491547554,-0.0011350968529829258
ViTscratch,200,19,0.28178662,0,0.0,True,-0.0007089908857646,7.24379537273228e-05
ViTscratch,200,19,0.23420064,0,0.0,True,0.002941907718556732,0.004284427009929295
ViTscratch,200,19,0.2785162,0,0.0,True,0.004773763796464365,0.0029721255319699862
ViTscratch,200,19,0.7119668,1,0.0,False,-0.004573321055669725,-0.0014356663009240296
ViTscratch,200,19,0.74937373,1,0.0,False,0.005411884049017709,0.006559130111780839
ViTscratch,200,19,0.241048,0,0.0,True,-0.005077941697302913,-2.1084922414611725e-06
ViTscratch,200,19,0.1838159,0,0.0,True,0.002506077126493595,-0.0024996073539121024
ViTscratch,200,19,0.20458475,0,0.0,True,-0.0015582494570094488,-0.0021923045251123537
ViTscratch,200,19,0.30641747,0,0.0,True,-0.0015772077599941776,-0.004453492702220635
ViTscratch,200,19,0.17295484,0,1.0,False,-0.0026304698270614574,0.002124402593061529
ViTscratch,200,19,0.16656221,0,0.0,True,-0.004265547786590691,-0.003340803534152216
ViTscratch,200,19,0.18172458,0,1.0,False,-0.0046387572695271795,-0.008932826463927011
ViTscratch,200,19,0.14684151,0,0.0,True,-0.007382349513865799,-0.003421026426700704
ViTscratch,200,19,0.20089783,0,0.0,True,-0.002628365490065435,-0.000362246938825651
ViTscratch,200,19,0.15752643,0,1.0,False,-0.0043370196114998405,-0.0017271466528509518
ViTscratch,200,19,0.95101947,1,1.0,True,-0.004756837596060516,-0.0007106327744195619
ViTscratch,200,19,0.43202293,0,1.0,False,-0.001809371208250373,-0.00231787029955963
ViTscratch,200,19,0.35942122,0,1.0,False,-0.0006277739170732546,-0.0010823333671854131
ViTscratch,200,19,0.46586823,0,1.0,False,0.005118763846642574,0.0054858725493909495
ViTscratch,200,19,0.21077275,0,0.0,True,-0.0053266331658291454,-0.0014357682619647355
ViTscratch,200,19,0.39475796,0,1.0,False,-0.0013350377863010682,0.001029798778940722
ViTscratch,200,19,0.2252362,0,1.0,False,0.004004798551177554,0.003131552341237975
ViTscratch,200,19,0.47728428,0,1.0,False,0.00665521334751198,0.00296659386328951
ViTscratch,200,19,0.19993255,0,0.0,True,0.0009298061939939633,-0.001866541112884752
ViTscratch,200,19,0.23578143,0,0.0,True,-0.004176979211551209,-0.003708533113026982
ViTscratch,200,19,0.9574208,1,0.0,False,0.00023256023785109143,0.002048211138762453
ViTscratch,200,19,0.24958828,0,0.0,True,0.000599182818290692,0.0007788528040597703
ViTscratch,200,19,0.2323295,0,1.0,False,-0.002538938887506985,-0.0020152304370822244
ViTscratch,200,19,0.25195536,0,1.0,False,0.0004544983421321748,0.0023943198991600067
ViTscratch,200,19,0.30398712,0,1.0,False,-0.0088245516507383,-0.004514634509756261
ViTscratch,200,20,0.25644904,0,1.0,False,-0.001225023925128107,0.004187077102634267
ViTscratch,200,20,0.47453716,0,1.0,False,-0.004377330330939877,0.0009276243504369016
ViTscratch,200,20,0.51602304,1,1.0,True,-0.004372589260675484,-0.0019906840963828153
ViTscratch,200,20,0.21440437,0,1.0,False,-0.005327108719665528,-0.0017886986089542078
ViTscratch,200,20,0.19481635,0,0.0,True,0.0005219492060487312,-0.0002586621066439827
ViTscratch,200,20,0.9983802,1,1.0,True,0.013297052580553472,0.009654411454470007
ViTscratch,200,20,0.39670363,0,0.0,True,0.0005419481744706968,-0.0031088940748418684
ViTscratch,200,20,0.2148788,0,1.0,False,-0.0015281893886212616,0.004461917853107015
ViTscratch,200,20,0.49832383,0,1.0,False,-0.0055977734985242075,8.199131026884017e-05
ViTscratch,200,20,0.31618887,0,0.0,True,0.004618584759434896,0.001865834193578247
ViTscratch,200,20,0.28222343,0,0.0,True,-0.001127021811385896,-0.003165668133254078
ViTscratch,200,20,0.2303176,0,1.0,False,-0.0035660580951443464,-0.003424609012464399
ViTscratch,200,20,0.16112973,0,1.0,False,-0.007036633449701383,-0.005467294050816109
ViTscratch,200,20,0.27923748,0,0.0,True,0.002912176763144318,0.0016093989226854638
ViTscratch,200,20,0.18004122,0,0.0,True,-0.0011557788944723617,-0.0033501259445843827
ViTscratch,200,20,0.28876156,0,0.0,True,0.0011015002847477129,-0.0005341339172464382
ViTscratch,200,20,0.1774531,0,0.0,True,0.0017542582733140652,-0.0029523342274746793
ViTscratch,200,20,0.3957163,0,1.0,False,-0.0024174857348030748,0.002339210539248228
ViTscratch,200,20,0.40431488,0,1.0,False,0.002555636256770802,9.556904651980922e-05
ViTscratch,200,20,0.24611497,0,0.0,True,-0.0004606021353724413,-0.0038875085392201694
ViTscratch,200,20,0.34613568,0,0.0,True,0.004974889442707139,0.007405692681623128
ViTscratch,200,20,0.2826496,0,1.0,False,-0.0026149328740464944,-0.0015904585881183354
ViTscratch,200,20,0.4836275,0,1.0,False,-0.0019725741690108985,0.001348692097765477
ViTscratch,200,20,0.17666382,0,1.0,False,0.0013365919065736866,-0.0006219820163796354
ViTscratch,200,20,0.27638018,0,1.0,False,0.0006915047020941761,0.0007685188602052457
ViTscratch,200,20,0.9211774,1,1.0,True,-0.001748138583440129,0.0035124134359906275
ViTscratch,200,20,0.1556702,0,0.0,True,0.00048425451373187945,-0.003443677113401391
ViTscratch,200,20,0.318692,0,1.0,False,-0.0016183225882714994,-0.0010435184506082204
ViTscratch,200,20,0.56094533,1,1.0,True,0.00344494295728902,0.0005829964822616512
ViTscratch,200,20,0.44078368,0,0.0,True,0.003451857975482391,0.0023789179996868896
ViTscratch,200,20,0.39098653,0,0.0,True,0.0030998702143514756,0.0010168299999883058
ViTscratch,200,20,0.2279812,0,1.0,False,-0.007908037186232267,-0.0013273305173938392
ViTscratch,200,20,0.14404655,0,0.0,True,-0.007365679968185978,-0.004437320321458958
ViTscratch,200,20,0.19562158,0,1.0,False,0.004418908782129705,0.006120421854487954
ViTscratch,200,20,0.37431836,0,1.0,False,-0.006651040462441003,-0.001124810560777358
ViTscratch,200,20,0.25710574,0,0.0,True,-0.004425318058367686,-0.0022443429706002988
ViTscratch,200,20,0.13046505,0,1.0,False,-0.0004946301946080758,0.0011672111534612433
ViTscratch,200,20,0.29202262,0,0.0,True,0.007154204852182327,-0.00036001791864026555
ViTscratch,200,20,0.4004585,0,0.0,True,0.00024084968097177909,0.0023068070502562914
ViTscratch,200,20,0.7472757,1,0.0,False,-0.0019996368660396367,0.0022549750439637296
ViTscratch,200,20,0.14953953,0,0.0,True,0.0012519381341140959,0.0008774037937837577
ViTscratch,200,20,0.2149512,0,1.0,False,-0.006033658714531137,-0.004837680306764615
ViTscratch,200,20,0.15309337,0,0.0,True,-0.006468728265201196,-0.007899162544809872
ViTscratch,200,20,0.32059163,0,0.0,True,0.002680265524042583,0.002108863302865616
ViTscratch,200,20,0.16695112,0,0.0,True,-0.0004546103193564402,-0.0012618838216077602
ViTscratch,200,20,0.3357858,0,1.0,False,0.005328733897855198,0.0025218016076431382
ViTscratch,200,20,0.61121845,1,1.0,True,-0.0055863013582337015,0.0032176435840858726
ViTscratch,200,20,0.1931352,0,0.0,True,-0.0007050629001204625,0.0014854769544343888
ViTscratch,200,20,0.36250234,0,1.0,False,0.0030400491947845374,0.0036346673467457227
ViTscratch,200,20,0.3147366,0,1.0,False,0.0024505465006303155,0.0011223925512358094
ViTscratch,200,20,0.3020209,0,1.0,False,0.0038582188120623077,0.00353682310273652
ViTscratch,200,20,0.3329798,0,1.0,False,0.0008424340601466393,0.0031617627968241768
ViTscratch,200,20,0.23306687,0,0.0,True,0.0003145023407264324,-0.002558010974776789
ViTscratch,200,20,0.9642311,1,0.0,False,0.009610885047475896,0.006217072004510035
ViTscratch,200,20,0.81433254,1,0.0,False,0.004145866121743981,0.0012792441886189214
ViTscratch,200,20,0.34079358,0,1.0,False,-0.0071927455544360955,-0.0007619943000893667
ViTscratch,200,20,0.4469924,0,1.0,False,0.004641296230040958,-0.00046119177029250964
ViTscratch,200,20,0.22137797,0,1.0,False,-0.003593431240133883,-0.0011112203602065863
ViTscratch,200,20,0.2805145,0,1.0,False,0.004019698241105257,0.0012843938979205292
ViTscratch,200,20,0.22453082,0,0.0,True,-0.004679364290520944,0.0013790045031605782
ViTscratch,200,20,0.15262555,0,0.0,True,-0.0005325159961871176,-0.001237837508762073
ViTscratch,200,20,0.19786718,0,0.0,True,-0.003162125257760618,-0.0028670373334619605
ViTscratch,200,20,0.4656386,0,1.0,False,0.006050886439216485,0.007075612117902521
ViTscratch,200,20,0.18733682,0,1.0,False,-0.0032202848242602537,0.0009264510722053114
ViTscratch,200,20,0.2013095,0,1.0,False,0.0026374049823849216,-0.00045469361241509454
ViTscratch,200,20,0.29660356,0,0.0,True,-0.0007062659286461585,0.0030452277454009456
ViTscratch,200,20,0.46482697,0,1.0,False,0.01310646459633439,0.006362867620707798
ViTscratch,200,20,0.2575253,0,0.0,True,0.0025310036318673362,0.001151703995091515
ViTscratch,200,20,0.31168863,0,1.0,False,0.009600637555549523,0.005394804716873739
ViTscratch,200,20,0.18377678,0,1.0,False,0.0007526002806565344,0.0016362481000928636
ViTscratch,200,20,0.5916683,1,0.0,False,0.002183709556332973,0.003219870739722405
ViTscratch,200,20,0.164948,0,1.0,False,0.0007314372256156343,-0.0024401668498299084
ViTscratch,200,20,0.2159019,0,1.0,False,-0.013470046300807722,-0.0055195369643969054
ViTscratch,200,20,0.389998,0,0.0,True,-0.0012486921113812068,-0.0008773572440606633
ViTscratch,200,20,0.47959602,0,1.0,False,-0.0056788157829773854,0.0023422157903683974
ViTscratch,200,20,0.21151482,0,1.0,False,0.002512562814070352,-0.0007052896725440807
ViTscratch,200,20,0.47413012,0,1.0,False,-0.0012128662894273278,0.0003209233785138065
ViTscratch,200,20,0.29166353,0,1.0,False,0.0011001100110001672,0.002133714630904342
ViTscratch,200,20,0.23079596,0,1.0,False,0.0052132878296904,0.0022541862126933074
ViTscratch,200,20,0.07165065,0,1.0,False,0.0010491088005202408,0.001027134701616175
ViTscratch,200,20,0.2733769,0,1.0,False,0.0010292970892087892,0.0013092896591921992
ViTscratch,200,20,0.973141,1,0.0,False,0.010999632403120978,0.0047803165018841945
ViTscratch,200,20,0.14551762,0,1.0,False,-0.012463049341251475,-0.004585027466996419
ViTscratch,200,20,0.67400587,1,1.0,True,-0.0011469818637998308,0.003909221086452724
ViTscratch,200,20,0.27830592,0,0.0,True,0.0009538208228522712,-0.00017712213339020165
ViTscratch,200,20,0.15234864,0,0.0,True,-0.0015842326816254862,-0.0027971352772352505
ViTscratch,200,20,0.1467946,0,0.0,True,-0.0001528363644411656,-0.0069997999164316494
ViTscratch,200,20,0.2978978,0,0.0,True,0.0031226104832561123,0.0030514748180340335
ViTscratch,200,20,0.50190055,1,0.0,False,0.006336516154757964,0.006026412414826171
ViTscratch,200,20,0.25955868,0,0.0,True,-0.0007151881401588185,-0.0034374497008316553
ViTscratch,200,20,0.41700625,0,1.0,False,0.004455214740352115,0.0031541031629132616
ViTscratch,200,20,0.29858086,0,1.0,False,0.002272469321441698,-0.0012772741502464074
ViTscratch,200,20,0.3248755,0,1.0,False,-0.001859755628601476,-0.0024939395216488714
ViTscratch,200,20,0.78064847,1,1.0,True,-0.0031393688405414706,0.00115866926431223
ViTscratch,200,20,0.8351104,1,1.0,True,0.003388903818073189,0.005513047146082133
ViTscratch,200,20,0.551282,1,0.0,False,0.004661798493902952,0.004321245499448867
ViTscratch,200,20,0.31574532,0,1.0,False,0.0034162902375258677,0.0014356254534089884
ViTscratch,200,20,0.56881994,1,1.0,True,-0.005608896297008609,-0.0003808232272601995
ViTscratch,200,20,0.12861075,0,0.0,True,-0.0005900550435193937,-0.0005950740585221128
ViTscratch,200,20,0.2246352,0,0.0,True,0.0006773126944393051,-0.00048000656274083077
ViTscratch,200,21,0.17752713,0,1.0,False,0.0056304024573505616,-0.000677388191456291
ViTscratch,200,21,0.27185196,0,0.0,True,7.106687064077624e-05,0.0049848874562107804
ViTscratch,200,21,0.23970097,0,0.0,True,0.001959336192892428,-6.661965766591213e-07
ViTscratch,200,21,0.32651848,0,1.0,False,0.003445929082177083,0.002624167946749001
ViTscratch,200,21,0.24631743,0,1.0,False,0.00642021809492304,0.0014243203446579616
ViTscratch,200,21,0.2020285,0,0.0,True,0.001471178171898044,0.0036420750002113776
ViTscratch,200,21,0.6178335,1,1.0,True,-0.0021606558532122023,0.00040314100155009115
ViTscratch,200,21,0.27241004,0,1.0,False,0.0022645288421342252,0.002999305383268459
ViTscratch,200,21,0.1669087,0,1.0,False,0.006420567960187246,0.004547939527061841
ViTscratch,200,21,0.2426282,0,0.0,True,0.003967310489903889,0.000626478973760407
ViTscratch,200,21,0.29143277,0,1.0,False,-0.006278237840029335,-0.005012951150217261
ViTscratch,200,21,0.3477284,0,1.0,False,0.006291395235701021,0.004717238981544752
ViTscratch,200,21,0.18533897,0,0.0,True,0.0048733917033612125,0.004382080277244283
ViTscratch,200,21,0.22471634,0,1.0,False,-0.0016068656804058214,-0.001759956022546003
ViTscratch,200,21,0.44012758,0,0.0,True,-0.005328767014855791,0.0007280073055246008
ViTscratch,200,21,0.2116675,0,0.0,True,0.001501095991051322,0.003722229717049437
ViTscratch,200,21,0.48574486,0,1.0,False,-0.00835705388419113,-0.003968899769788505
ViTscratch,200,21,0.41799676,0,1.0,False,-0.0014250708984733342,-0.002284100308885691
ViTscratch,200,21,0.36474162,0,0.0,True,0.006367623434471081,0.005932181840581548
ViTscratch,200,21,0.21033536,0,1.0,False,-0.003992818952642873,-0.0037061014085533342
ViTscratch,200,21,0.26693365,0,0.0,True,-0.0008963119381527215,0.0015966159651996086
ViTscratch,200,21,0.22535706,0,0.0,True,-0.0012272459702213718,-0.0012301701132949809
ViTscratch,200,21,0.52151006,1,1.0,True,-0.0038744317119502585,0.0019092837675384819
ViTscratch,200,21,0.20321898,0,0.0,True,0.000341260550497996,-0.0003371010765727905
ViTscratch,200,21,0.25269908,0,1.0,False,-0.007112667583787431,-0.00048139455512315193
ViTscratch,200,21,0.30658287,0,1.0,False,0.0030027819967784536,-0.0005168335124485959
ViTscratch,200,21,0.51247656,1,0.0,False,-0.0014833285405007925,0.007127697084126525
ViTscratch,200,21,0.45421982,0,0.0,True,-0.0013569890091780893,0.0013093360520885745
ViTscratch,200,21,0.33466375,0,0.0,True,0.0014066322612057169,0.00030181178829951364
ViTscratch,200,21,0.8800891,1,0.0,False,-0.0005618322712747829,0.0038225201268705126
ViTscratch,200,21,0.19036797,0,1.0,False,-0.004411033377787352,-0.006091684002923793
ViTscratch,200,21,0.1438548,0,1.0,False,0.0014297532773479987,-0.004059122257524724
ViTscratch,200,21,0.15625073,0,1.0,False,-0.0018207538845064855,-0.0014954339597564596
ViTscratch,200,21,0.20683625,0,0.0,True,-0.005145745615368311,-0.0015828691562961318
ViTscratch,200,21,0.24031545,0,1.0,False,-0.0005024020653259412,-0.0011333678450883477
ViTscratch,200,21,0.9785,1,1.0,True,0.006554750031516942,0.0068489114360396255
ViTscratch,200,21,0.40769613,0,1.0,False,0.005259037787385756,0.0054731726186647
ViTscratch,200,21,0.1204396,0,0.0,True,0.0036172767345173814,-0.0008568765697609707
ViTscratch,200,21,0.39742747,0,0.0,True,-0.0006043432060566075,-0.000852524588066157
ViTscratch,200,21,0.18765908,0,0.0,True,0.0020519766905133735,0.0029882059968038663
ViTscratch,200,21,0.7638839,1,0.0,False,0.0009482909477927259,0.0027138589651546866
ViTscratch,200,21,0.32492292,0,0.0,True,-0.0019680716103417425,-0.0025777561695252945
ViTscratch,200,21,0.21190006,0,0.0,True,0.003964282961482211,-0.003030679984039065
ViTscratch,200,21,0.28129065,0,0.0,True,0.0098566161566197,0.0038100337217689875
ViTscratch,200,21,0.22322196,0,1.0,False,0.000640365284058135,0.0007941692848760152
ViTscratch,200,21,0.19875997,0,0.0,True,-0.0067920680670357945,-0.002375311616301439
ViTscratch,200,21,0.26396105,0,0.0,True,-0.006399185402239761,0.0012161807108719805
ViTscratch,200,21,0.23652354,0,1.0,False,0.005455931359883683,-0.0002705436366061681
ViTscratch,200,21,0.89956546,1,1.0,True,0.0005570195254303657,-0.0017348477760344917
ViTscratch,200,21,0.13389997,0,1.0,False,0.0032661355200808736,-0.002972504725965694
ViTscratch,200,21,0.1543862,0,0.0,True,0.0009355240101609638,-0.0003988371956431669
ViTscratch,200,21,0.34830472,0,1.0,False,-0.0038652955151822,-0.002940545844891148
ViTscratch,200,21,0.38455468,0,1.0,False,0.00511598071719159,0.004045484772079499
ViTscratch,200,21,0.43288097,0,1.0,False,0.012567489699609215,0.006900368084059544
ViTscratch,200,21,0.66198933,1,1.0,True,0.011942512931450756,0.006158742181071943
ViTscratch,200,21,0.13620904,0,0.0,True,-0.009590786392499566,-0.0047028238061615915
ViTscratch,200,21,0.45509377,0,0.0,True,0.0020550721921675087,0.004981178800554729
ViTscratch,200,21,0.17645407,0,1.0,False,-0.004778442070549386,-0.006979040834662101
ViTscratch,200,21,0.2509857,0,1.0,False,0.003368459694140039,-0.003430200581671349
ViTscratch,200,21,0.2764729,0,0.0,True,0.001997137481839143,-0.001599239693630572
ViTscratch,200,21,0.40559247,0,1.0,False,-0.0018626105974363489,-0.0008598301104875798
ViTscratch,200,21,0.13747045,0,0.0,True,-0.005078037807499053,-0.007660109804522209
ViTscratch,200,21,0.43391567,0,1.0,False,0.0054260508285880645,0.0031223915995177466
ViTscratch,200,21,0.19515374,0,1.0,False,0.0012378835259595276,-0.001882399018550297
ViTscratch,200,21,0.27211747,0,1.0,False,0.007335960630890464,0.007782574388621497
ViTscratch,200,21,0.14659728,0,1.0,False,0.0028062132531606818,-0.0009116199655104552
ViTscratch,200,21,0.2410062,0,1.0,False,-0.007178664206104357,-0.007746872329010257
ViTscratch,200,21,0.45555222,0,0.0,True,0.00472786140070481,0.002905047374949193
ViTscratch,200,21,0.20053837,0,1.0,False,-0.00547735345523887,-0.0050125420493260745
ViTscratch,200,21,0.14234714,0,0.0,True,-0.011121552706281936,-0.004726432639355295
ViTscratch,200,21,0.35297692,0,0.0,True,0.006076537752147678,-0.0002552519155200323
ViTscratch,200,21,0.68409497,1,0.0,False,0.00589487418465696,0.002110072712773339
ViTscratch,200,21,0.7900553,1,1.0,True,0.006054754279513382,0.008012067198748857
ViTscratch,200,21,0.4881009,0,1.0,False,0.0029644072249471977,0.001407232022552399
ViTscratch,200,21,0.23332031,0,0.0,True,-0.00010195658078925859,-0.002595745027645258
ViTscratch,200,21,0.1954296,0,1.0,False,-0.0015342969064053645,-0.0001285548419364094
ViTscratch,200,21,0.32188028,0,0.0,True,-0.003327805332746752,0.0009174922114535835
ViTscratch,200,21,0.36792296,0,0.0,True,-0.0029035609399141286,-0.00013814893314246385
ViTscratch,200,21,0.14652388,0,0.0,True,-0.0018078453829111585,-0.0011809297284534465
ViTscratch,200,21,0.18122636,0,0.0,True,0.003011970155818625,0.0006012862351580497
ViTscratch,200,21,0.47025815,0,1.0,False,-0.00026298088287166977,0.007695558680554586
ViTscratch,200,21,0.2117863,0,0.0,True,-0.00105583522669114,-0.0007561795974909074
ViTscratch,200,21,0.24890381,0,0.0,True,0.0013567889080308413,0.00279601254684705
ViTscratch,200,21,0.2318454,0,0.0,True,-0.0025972708358494943,-0.0035330033623676154
ViTscratch,200,21,0.4079452,0,0.0,True,-0.0014187136512196939,-0.002857313687832633
ViTscratch,200,21,0.4974293,0,0.0,True,-0.005022995653432872,0.002499224160315367
ViTscratch,200,21,0.33846658,0,0.0,True,0.00709751024281018,0.0024330494456514915
ViTscratch,200,21,0.31590116,0,0.0,True,0.003366889430655986,0.0036020427816138806
ViTscratch,200,21,0.41641837,0,0.0,True,0.0002924325598588729,0.0018798439455075485
ViTscratch,200,21,0.1950794,0,1.0,False,0.00044508208484753256,-0.002575782946972748
ViTscratch,200,21,0.33326527,0,1.0,False,0.005928683742358398,0.0026437916822400877
ViTscratch,200,21,0.3905276,0,1.0,False,0.007722300350825834,-0.0007479463698022034
ViTscratch,200,21,0.8106461,1,1.0,True,0.01187752129695498,0.009467402544538699
ViTscratch,200,21,0.40897256,0,1.0,False,0.0017163028558183338,0.002756258680167414
ViTscratch,200,21,0.26620936,0,1.0,False,-2.264126402744759e-06,0.0011056358782803079
ViTscratch,200,21,0.6778234,1,1.0,True,0.008681666544841713,0.002558912479116091
ViTscratch,200,21,0.21660466,0,0.0,True,0.003201620077160403,-0.0010758735962584948
ViTscratch,200,21,0.41370934,0,1.0,False,-0.0012802749646942699,0.0014118365527112553
ViTscratch,200,21,0.40478605,0,0.0,True,-0.0031153977175753527,-0.0035514040224009415
ViTscratch,200,21,0.22534718,0,0.0,True,-0.0003728953034441316,-1.9189024554529365e-05
ViTscratch,200,22,0.22395416,0,1.0,False,0.0021258187395657097,0.0004985443639089268
ViTscratch,200,22,0.17969686,0,0.0,True,0.001910793326884579,-0.0033005326109547145
ViTscratch,200,22,0.29177517,0,0.0,True,0.0006016830898437386,-0.0007570629563502287
ViTscratch,200,22,0.3814718,0,1.0,False,0.008487939266531234,0.006568500698997602
ViTscratch,200,22,0.30655453,0,0.0,True,-0.002161283203641745,0.0012841671976089254
ViTscratch,200,22,0.30415282,0,0.0,True,0.003680157595871774,0.0005415107269011929
ViTscratch,200,22,0.7342069,1,1.0,True,-5.094655100317485e-05,0.005591304078359275
ViTscratch,200,22,0.20185561,0,0.0,True,0.0006944786105430353,0.004575331790000489
ViTscratch,200,22,0.45260304,0,1.0,False,0.003704840124844706,0.0007423346630699578
ViTscratch,200,22,0.21990362,0,0.0,True,-0.005595930240195399,-0.004376061803064774
ViTscratch,200,22,0.48609197,0,1.0,False,-0.0029737905832103676,-0.0015465051024233765
ViTscratch,200,22,0.67268115,1,0.0,False,-0.003258198111855028,0.0023269259325119306
ViTscratch,200,22,0.2572412,0,1.0,False,-0.0009252295747659806,0.0006611530352199643
ViTscratch,200,22,0.2232681,0,0.0,True,-0.005062833107469055,3.4454653189294203e-05
ViTscratch,200,22,0.21448347,0,1.0,False,0.0002259917198991319,0.006276664353417104
ViTscratch,200,22,0.153621,0,0.0,True,-0.010954774508533898,-0.003853849322916943
ViTscratch,200,22,0.59861064,1,1.0,True,0.002780356653087081,0.002810435906970674
ViTscratch,200,22,0.25545257,0,0.0,True,0.005217971361154459,0.0036455209738302254
ViTscratch,200,22,0.4100299,0,0.0,True,0.0036670734212912157,0.003953959547608034
ViTscratch,200,22,0.357342,0,1.0,False,0.003516380943965581,0.0015101623770892873
ViTscratch,200,22,0.24124956,0,1.0,False,-0.006925247647023204,-0.004948546042314968
ViTscratch,200,22,0.3395138,0,0.0,True,0.00507191971777103,0.0046064609612943945
ViTscratch,200,22,0.26663196,0,1.0,False,0.002033864225893294,-0.0025398175954047223
ViTscratch,200,22,0.28190288,0,1.0,False,-0.006181101511081762,0.0025186796473342533
ViTscratch,200,22,0.26407036,0,1.0,False,-0.0011329291303614573,-0.0016660369779075519
ViTscratch,200,22,0.3508914,0,0.0,True,0.003753358520089469,0.00225084529816803
ViTscratch,200,22,0.55658996,1,0.0,False,-0.0008830003337452026,0.0019142902514419121
ViTscratch,200,22,0.6484082,1,1.0,True,0.01689753151988333,0.0078728996024365
ViTscratch,200,22,0.32793075,0,0.0,True,-8.087438289647386e-05,0.0006226675136640911
ViTscratch,200,22,0.20873724,0,0.0,True,-0.0021363327506363845,-0.00022564277284621784
ViTscratch,200,22,0.25780237,0,1.0,False,-0.007138612274820865,-0.0034037584337091556
ViTscratch,200,22,0.46799666,0,1.0,False,-0.001376566008758899,-0.001989049551262257
ViTscratch,200,22,0.27630717,0,1.0,False,0.003251214224835452,0.0035610475388510587
ViTscratch,200,22,0.9596442,1,1.0,True,0.010539245741599297,0.010563784572286614
ViTscratch,200,22,0.9104538,1,1.0,True,0.00018787311199807143,0.0007937989886139006
ViTscratch,200,22,0.44811064,0,1.0,False,-0.00025094017334082363,0.0008818608602219502
ViTscratch,200,22,0.31326875,0,1.0,False,-0.0018640756075126194,-0.00015592821913120307
ViTscratch,200,22,0.18357849,0,0.0,True,0.0003067767984268179,-0.003925528418195445
ViTscratch,200,22,0.52567595,1,1.0,True,0.004877718675713083,0.0019098575639036892
ViTscratch,200,22,0.24818596,0,0.0,True,0.001617783817987411,0.0009440031261305309
ViTscratch,200,22,0.23800294,0,1.0,False,0.0035771712184164794,0.003736469137390032
ViTscratch,200,22,0.31910715,0,0.0,True,-0.0038929002995579946,-0.00040103569542062674
ViTscratch,200,22,0.38204128,0,1.0,False,0.005014180785335039,0.0057317483885142954
ViTscratch,200,22,0.32383585,0,0.0,True,-0.006182782461094433,-0.0042083122342425686
ViTscratch,200,22,0.17513391,0,0.0,True,0.0003495623443032746,0.00022445453524828728
ViTscratch,200,22,0.43040693,0,0.0,True,0.0020666772716775115,0.0024230573318310324
ViTscratch,200,22,0.43186775,0,0.0,True,0.0034671255658351046,-0.001637436136019842
ViTscratch,200,22,0.4016001,0,1.0,False,-0.0013769613496829882,-0.0015320145779671504
ViTscratch,200,22,0.16274494,0,0.0,True,-0.002188875256039976,-0.0017187666161923051
ViTscratch,200,22,0.5076736,1,0.0,False,0.006880340637526705,0.00619314201510532
ViTscratch,200,22,0.39420685,0,0.0,True,-0.0054551187644010435,-0.0009386746204016933
ViTscratch,200,22,0.3307389,0,0.0,True,0.00738603355046175,0.0071026089179348
ViTscratch,200,22,0.37689066,0,0.0,True,0.013558543843858975,0.006536941239141423
ViTscratch,200,22,0.1719204,0,1.0,False,-0.0062953420035864495,-0.004093414081096463
ViTscratch,200,22,0.5579324,1,1.0,True,0.004416274515285312,0.008608859984710908
ViTscratch,200,22,0.3958837,0,0.0,True,0.0030663232977849097,-0.0018360932775025732
ViTscratch,200,22,0.22772665,0,0.0,True,0.00047678687997280533,-0.002391804806351152
ViTscratch,200,22,0.21849467,0,0.0,True,-0.004315191577362767,-0.004602628896097536
ViTscratch,200,22,0.22667821,0,1.0,False,0.008302578246594937,0.003183408717846544
ViTscratch,200,22,0.36633107,0,1.0,False,-0.008644006489394455,-0.001461965572500716
ViTscratch,200,22,0.29064557,0,0.0,True,-0.00021492777657400487,-1.3165804827664336e-05
ViTscratch,200,22,0.23453464,0,0.0,True,0.007263086738488628,0.0045864101545096125
ViTscratch,200,22,0.31020156,0,0.0,True,-0.00517727253935672,-0.0012356167650980673
ViTscratch,200,22,0.1363986,0,1.0,False,-0.002434892682881278,-0.007605308623608972
ViTscratch,200,22,0.2582209,0,1.0,False,0.01661711905560736,0.011520513247027981
ViTscratch,200,22,0.23763262,0,1.0,False,0.005878377302524983,0.0005785129535054528
ViTscratch,200,22,0.107704856,0,1.0,False,-0.00718967698286423,-0.003203853499273854
ViTscratch,200,22,0.4053777,0,1.0,False,0.0014992744189466429,0.002864661801396593
ViTscratch,200,22,0.10419294,0,0.0,True,-0.004341655327794974,-0.0024636751885790866
ViTscratch,200,22,0.14848477,0,0.0,True,0.0013668980671946761,-0.0011993497715596891
ViTscratch,200,22,0.2448269,0,0.0,True,0.001693131728676328,0.002376732740046636
ViTscratch,200,22,0.5060894,1,1.0,True,-0.0025771579451475605,0.002578986854031384
ViTscratch,200,22,0.1994996,0,1.0,False,-0.0008272218586473859,-0.0016855458913069953
ViTscratch,200,22,0.373417,0,0.0,True,0.00661073634224997,0.0018658310062256035
ViTscratch,200,22,0.17693402,0,0.0,True,0.006632623694261065,0.0037522555573536484
ViTscratch,200,22,0.21779124,0,1.0,False,-0.0020947130208381535,2.338513927083093e-05
ViTscratch,200,22,0.6669551,1,0.0,False,0.014591616588076351,0.008861401117723336
ViTscratch,200,22,0.31143665,0,0.0,True,0.01097021336002681,0.007268985697342204
ViTscratch,200,22,0.3633698,0,1.0,False,0.0030351752580738156,-0.002069008420715944
ViTscratch,200,22,0.34569663,0,0.0,True,0.009141762081626542,0.008106933772756867
ViTscratch,200,22,0.39704335,0,1.0,False,0.006683192297799366,0.0047353780673891665
ViTscratch,200,22,0.123052485,0,0.0,True,-0.0015639859055621372,-0.0008125208213249973
ViTscratch,200,22,0.2545193,0,1.0,False,0.008548831858635336,0.007165991089322115
ViTscratch,200,22,0.44161502,0,1.0,False,0.007455602700494864,0.005862869230726543
ViTscratch,200,22,0.27430704,0,0.0,True,-0.004131631453630682,-0.0013210380110546794
ViTscratch,200,22,0.5118612,1,0.0,False,0.012891088210632173,0.00531536484540905
ViTscratch,200,22,0.24892113,0,0.0,True,-0.0023128933011159225,7.408918284438606e-05
ViTscratch,200,22,0.32605848,0,0.0,True,0.003288653121226139,0.0025414526241294656
ViTscratch,200,22,0.3728377,0,1.0,False,0.005616870765712679,0.007745553694189778
ViTscratch,200,22,0.40635267,0,0.0,True,0.009396984924623115,0.006272040302267003
ViTscratch,200,22,0.83245844,1,0.0,False,0.006818790716402151,0.004166427232732364
ViTscratch,200,22,0.45955226,0,1.0,False,-0.0030641190196746453,0.00017367724169127738
ViTscratch,200,22,0.7396121,1,1.0,True,0.004070105059676825,0.006473392416295701
ViTscratch,200,22,0.23573491,0,1.0,False,0.01079885207378449,0.0025928912920428686
ViTscratch,200,22,0.25328055,0,1.0,False,-5.397625527995891e-05,0.0014073856178688374
ViTscratch,200,22,0.5533103,1,0.0,False,-0.0033285427375389243,0.00394321734307432
ViTscratch,200,22,0.11407735,0,0.0,True,-0.00038905070773144875,-0.006110218872583585
ViTscratch,200,22,0.1516521,0,1.0,False,0.0008876384912158632,0.0003405353585113091
ViTscratch,200,22,0.26296225,0,1.0,False,0.0034226049718654324,0.002294026282734433
ViTscratch,200,22,0.15680721,0,1.0,False,-0.004943860962805562,-0.007225375307937964
ViTscratch,200,23,0.5147857,1,1.0,True,0.0023865701966138634,0.0029225213589975135
ViTscratch,200,23,0.17072786,0,0.0,True,-0.0010160036520759025,-0.00016268902064960937
ViTscratch,200,23,0.11943788,0,0.0,True,-0.002467382722473776,-0.008921697173497101
ViTscratch,200,23,0.18325773,0,0.0,True,-0.007135361447852172,0.00015156786602297666
ViTscratch,200,23,0.6512644,1,0.0,False,0.0036167617910520993,0.006119363169565915
ViTscratch,200,23,0.76986235,1,1.0,True,0.007375625143156368,0.0026582150559443566
ViTscratch,200,23,0.59323,1,1.0,True,0.002793850762146761,0.004167715946901522
ViTscratch,200,23,0.18970035,0,0.0,True,-0.00016709661592364023,0.0004382522647779636
ViTscratch,200,23,0.33426818,0,0.0,True,0.0004926277818031568,-0.0007149464615995087
ViTscratch,200,23,0.32728463,0,0.0,True,0.0011821092767422274,0.002345819989273212
ViTscratch,200,23,0.47506014,0,0.0,True,-0.005392665306378081,-0.0031145009989836715
ViTscratch,200,23,0.2640391,0,0.0,True,-0.003351199952169002,-0.0035865018767407813
ViTscratch,200,23,0.20890923,0,1.0,False,-0.004091114252086789,0.005519983945943111
ViTscratch,200,23,0.19949454,0,1.0,False,0.004860216952695975,0.00016060017235358843
ViTscratch,200,23,0.2784352,0,1.0,False,0.00673118881287361,0.003398433778607472
ViTscratch,200,23,0.46983954,0,0.0,True,0.004589895898927741,0.003846251399297306
ViTscratch,200,23,0.5021665,1,0.0,False,-0.0032172380466813093,-0.0006525433096410563
ViTscratch,200,23,0.34274095,0,1.0,False,0.005306209992444156,0.001157421310469674
ViTscratch,200,23,0.23661509,0,1.0,False,0.014407012977245408,0.005626365594953003
ViTscratch,200,23,0.18827787,0,1.0,False,-0.000917258723851102,0.0029846417255957295
ViTscratch,200,23,0.1470554,0,0.0,True,-0.0035889088181929618,-0.003648390957882172
ViTscratch,200,23,0.4621159,0,0.0,True,0.01579867821773832,0.009235989195096569
ViTscratch,200,23,0.21820544,0,1.0,False,0.0005954072410388123,-0.0014178440430605448
ViTscratch,200,23,0.25539917,0,0.0,True,-0.005092506824964492,-0.00346670045825205
ViTscratch,200,23,0.2249926,0,0.0,True,0.003707672303412914,0.0013511330501229267
ViTscratch,200,23,0.22560327,0,0.0,True,0.006475369480830469,0.002360546819781155
ViTscratch,200,23,0.32274494,0,0.0,True,-0.006314285159145237,-0.003107284255295383
ViTscratch,200,23,0.23853229,0,0.0,True,0.0009457396407264139,0.0010496485607930026
ViTscratch,200,23,0.23843333,0,0.0,True,0.004556604800622781,-0.0041226090452531235
ViTscratch,200,23,0.3306331,0,1.0,False,-7.924134009324197e-07,0.0011575660117010835
ViTscratch,200,23,0.41159132,0,1.0,False,-0.0013691619879173799,0.0003694579022074908
ViTscratch,200,23,0.136721,0,0.0,True,-0.004725750582692982,-0.000178266773897651
ViTscratch,200,23,0.67449176,1,0.0,False,-0.00030147744019926287,-0.0011334585251872764
ViTscratch,200,23,0.5651024,1,0.0,False,0.0045530335831700745,0.0015197804771963834
ViTscratch,200,23,0.4404207,0,1.0,False,0.005272746250151665,0.004807167063494692
ViTscratch,200,23,0.2752051,0,0.0,True,-0.0012676445746278796,0.000165449851772143
ViTscratch,200,23,0.29925036,0,1.0,False,0.010341555385562034,0.007119164828147279
ViTscratch,200,23,0.7616102,1,1.0,True,-0.004698917509306351,-0.0019148983258219878
ViTscratch,200,23,0.3879082,0,0.0,True,-0.0035697209192881722,-0.0030745140494615815
ViTscratch,200,23,0.32982993,0,0.0,True,0.0014462491971496125,0.0016008531986126632
ViTscratch,200,23,0.2201379,0,0.0,True,0.004992680904571241,-0.0025526418075640157
ViTscratch,200,23,0.2190757,0,0.0,True,-0.003326027803214866,-0.00418870142116125
ViTscratch,200,23,0.75194687,1,1.0,True,0.005819495071077018,0.001072988069605911
ViTscratch,200,23,0.24634138,0,1.0,False,0.0017581129316135715,0.002719673663895485
ViTscratch,200,23,0.46209458,0,0.0,True,0.005071399657717256,0.000805877076429821
ViTscratch,200,23,0.18022744,0,0.0,True,-0.0005027263267395289,-0.001738163244649748
ViTscratch,200,23,0.37012294,0,1.0,False,0.0033452739814618998,0.00504233471410373
ViTscratch,200,23,0.4843121,0,0.0,True,0.009433090361396895,0.004590969351690144
ViTscratch,200,23,0.508067,1,0.0,False,-0.0015495301427345144,-0.0012255647809449638
ViTscratch,200,23,0.29401273,0,1.0,False,0.002361612825609098,0.0034254353964487975
ViTscratch,200,23,0.5331857,1,0.0,False,0.009480464460063176,0.005323071963481662
ViTscratch,200,23,0.37084273,0,0.0,True,0.0003597385201669892,-0.002060295599356643
ViTscratch,200,23,0.7639401,1,1.0,True,-0.0004193687141637866,0.003361324256292075
ViTscratch,200,23,0.194968,0,0.0,True,-0.0008580653122263108,-0.0009860571338803606
ViTscratch,200,23,0.19375812,0,0.0,True,-0.003927266166652587,-0.00023346157845141377
ViTscratch,200,23,0.37630212,0,0.0,True,-0.0022921775952511616,0.0023081723347723694
ViTscratch,200,23,0.44243544,0,1.0,False,0.006368407365995246,0.004192450089586732
ViTscratch,200,23,0.14949372,0,0.0,True,-0.003229464917736059,-0.003967285961034962
ViTscratch,200,23,0.18225542,0,0.0,True,0.0022611802135387594,-0.004811275132263525
ViTscratch,200,23,0.16443321,0,0.0,True,0.0010868719053092409,0.0007879403372812044
ViTscratch,200,23,0.23516004,0,0.0,True,-0.00046264398581605855,-0.0007655688134584163
ViTscratch,200,23,0.1689192,0,0.0,True,0.0013850937314044815,0.00012929766219872205
ViTscratch,200,23,0.38978833,0,1.0,False,0.01266162405048351,0.006314867418802011
ViTscratch,200,23,0.5097827,1,1.0,True,0.009888771558109214,-8.703789995586709e-05
ViTscratch,200,23,0.19476537,0,0.0,True,0.0032988610518764052,-9.533202195036029e-05
ViTscratch,200,23,0.27931833,0,1.0,False,-0.002243175922599394,9.3951053909565e-05
ViTscratch,200,23,0.29965484,0,1.0,False,0.006972158768420989,0.004470182131287722
ViTscratch,200,23,0.12578458,0,0.0,True,-0.007472496825525485,-0.00673892302185934
ViTscratch,200,23,0.22388402,0,1.0,False,-0.010853345636104836,-0.005913657076196252
ViTscratch,200,23,0.4671174,0,1.0,False,-0.005687223740078621,-0.0019241383120492887
ViTscratch,200,23,0.13737409,0,0.0,True,0.002703085941207327,0.001473295472385547
ViTscratch,200,23,0.24615264,0,0.0,True,-0.0014265677231073838,0.003355461279503637
ViTscratch,200,23,0.21714805,0,1.0,False,0.003919587701954429,0.003422161503361254
ViTscratch,200,23,0.2821958,0,1.0,False,-0.0021424753199174983,-0.00015496333494876261
ViTscratch,200,23,0.77110475,1,1.0,True,0.002305153043947041,-0.000809408653956888
ViTscratch,200,23,0.2533709,0,1.0,False,0.0052990032596758226,0.0032486606145548736
ViTscratch,200,23,0.27440113,0,1.0,False,-0.007053098156037985,-0.0022838177159776253
ViTscratch,200,23,0.117520824,0,0.0,True,0.001021634507817804,-0.0011928788792838138
ViTscratch,200,23,0.7353563,1,1.0,True,-0.0023720154452166243,-0.003158477481348208
ViTscratch,200,23,0.20775026,0,0.0,True,-0.0006149974964940344,-0.001045365200238233
ViTscratch,200,23,0.25892806,0,0.0,True,-0.003921178711817973,7.34703325021615e-05
ViTscratch,200,23,0.28840232,0,1.0,False,-0.006582992851746101,-0.004332395919354522
ViTscratch,200,23,0.2240986,0,1.0,False,-0.0036748448434213623,-0.001038481141816683
ViTscratch,200,23,0.23813483,0,0.0,True,0.003332086793955499,0.004499122785739751
ViTscratch,200,23,0.19209586,0,1.0,False,0.0029692086504642403,0.0031054732168235067
ViTscratch,200,23,0.1512257,0,0.0,True,0.0014562275868783081,-0.00022748889247833958
ViTscratch,200,23,0.47428873,0,0.0,True,-0.008572709059318877,-0.0038990633645094447
ViTscratch,200,23,0.74643403,1,1.0,True,0.002412653490874224,0.0017089158963063977
ViTscratch,200,23,0.20957163,0,1.0,False,-0.002169461736218814,-0.003812016675917252
ViTscratch,200,23,0.15198047,0,0.0,True,-0.001712793533319669,-0.002648848532809332
ViTscratch,200,23,0.32634318,0,1.0,False,-0.003906633648250816,-0.0005160967421243038
ViTscratch,200,23,0.19385628,0,1.0,False,0.002975187086585267,0.0003381188090576982
ViTscratch,200,23,0.28431723,0,0.0,True,-0.0034721315789864367,0.0023879900969096166
ViTscratch,200,23,0.4881449,0,1.0,False,0.006884036086752238,0.005616545648840294
ViTscratch,200,23,0.41390494,0,0.0,True,-0.0020200679798622577,-0.003889094610912169
ViTscratch,200,23,0.3104441,0,1.0,False,0.005376507625535994,0.0014099984633318499
ViTscratch,200,23,0.49572882,0,0.0,True,0.00889428471317834,0.003498086367575367
ViTscratch,200,23,0.27021325,0,0.0,True,0.001979716793063219,0.0030792192727001253
ViTscratch,200,23,0.26075262,0,1.0,False,0.0069070277369917745,0.0037496613229438458
ViTscratch,200,23,0.25399837,0,0.0,True,0.005323575020012482,0.0003783414760704896
ViTscratch,200,24,0.104267605,0,1.0,False,-0.0049985069990840245,-0.003372234695319448
ViTscratch,200,24,0.122030035,0,1.0,False,0.0021303939630924647,-0.0009149308883957784
ViTscratch,200,24,0.1665725,0,1.0,False,-0.007977033552188052,-0.003137060865856671
ViTscratch,200,24,0.18947867,0,1.0,False,-0.004401014972117109,-0.00494327105794714
ViTscratch,200,24,0.8417356,1,1.0,True,0.0014991531237515947,0.0064404796091503055
ViTscratch,200,24,0.23737144,0,0.0,True,-0.000463678156799711,0.003134667422412898
ViTscratch,200,24,0.2994844,0,1.0,False,0.007768617794552773,0.004564846306334296
ViTscratch,200,24,0.19469874,0,1.0,False,-0.00909661947880138,-0.006978407239404605
ViTscratch,200,24,0.19339268,0,0.0,True,0.000716795775454071,0.0020154387662954924
ViTscratch,200,24,0.6406348,1,0.0,False,0.0035673811952582845,0.004936567985675045
ViTscratch,200,24,0.41046658,0,1.0,False,-0.013187960116017848,-0.0046575242197227085
ViTscratch,200,24,0.36876684,0,0.0,True,0.0037184622984831506,0.0014608513748063053
ViTscratch,200,24,0.1685269,0,0.0,True,0.0013213929943785593,0.0020072440476257597
ViTscratch,200,24,0.3746817,0,0.0,True,0.007034684401770751,0.003374854374080591
ViTscratch,200,24,0.7205829,1,1.0,True,0.008288844745297038,0.006622188408017087
ViTscratch,200,24,0.35967037,0,1.0,False,1.78144261546825e-05,0.0013525539116128519
ViTscratch,200,24,0.21755086,0,0.0,True,-0.003303508523947333,-0.004646843927858654
ViTscratch,200,24,0.105911545,0,1.0,False,-0.00704561517170242,-0.0025272981306530156
ViTscratch,200,24,0.2557136,0,0.0,True,0.000766576997828475,-0.0034901263725289236
ViTscratch,200,24,0.14834072,0,1.0,False,-0.004616555290030698,0.002681412207710608
ViTscratch,200,24,0.385244,0,0.0,True,0.003917907377589774,0.00271855978681532
ViTscratch,200,24,0.29133442,0,0.0,True,0.002249454911096997,0.00411786598847075
ViTscratch,200,24,0.14116925,0,0.0,True,-0.0057115669481743,-0.003004386325303971
ViTscratch,200,24,0.51740336,1,0.0,False,0.0020975203769576546,0.0027107580711283755
ViTscratch,200,24,0.2370975,0,1.0,False,0.00019520058034850848,0.0010277866208684141
ViTscratch,200,24,0.13174382,0,0.0,True,-0.00137371669031828,-0.004301109660011052
ViTscratch,200,24,0.13916117,0,1.0,False,-0.005014845722647126,-0.006968629406062736
ViTscratch,200,24,0.22731581,0,0.0,True,0.001156430692296722,0.0016933533773969551
ViTscratch,200,24,0.14142467,0,0.0,True,-0.003383895880403121,-0.003516664605591177
ViTscratch,200,24,0.20730491,0,1.0,False,-0.00399006127218188,-0.004854322258525974
ViTscratch,200,24,0.9138156,1,0.0,False,0.0053266727707207626,0.002642619129047933
ViTscratch,200,24,0.29054645,0,0.0,True,-0.001772771716454758,0.001296346484780289
ViTscratch,200,24,0.26224875,0,0.0,True,-0.003419516487882775,-0.0025213324991957818
ViTscratch,200,24,0.489766,0,0.0,True,0.0019531283589055777,0.003973293776389143
ViTscratch,200,24,0.31719697,0,1.0,False,0.00038836156594047123,0.0024802646171343343
ViTscratch,200,24,0.2572185,0,1.0,False,-0.007449999930196667,-0.0019782867049126587
ViTscratch,200,24,0.23318987,0,1.0,False,0.0011827858443471254,-0.0006785574979487422
ViTscratch,200,24,0.20794252,0,0.0,True,-0.007493517342091661,-0.0016939442964490708
ViTscratch,200,24,0.3331795,0,0.0,True,0.003056752481268801,0.002989051776133659
ViTscratch,200,24,0.4993276,0,1.0,False,-0.007421594428645388,0.0008740025428148567
ViTscratch,200,24,0.3334095,0,0.0,True,0.002810278955744664,-0.0003317427919249036
ViTscratch,200,24,0.25532123,0,1.0,False,-0.007891791098735992,-0.0028734507979757515
ViTscratch,200,24,0.41931584,0,1.0,False,0.004451696282639091,0.0024750347412321695
ViTscratch,200,24,0.2663715,0,0.0,True,-0.0034109373713001093,-0.0047297281198500525
ViTscratch,200,24,0.31221998,0,1.0,False,-0.00043831734656834046,-0.004898295345335349
ViTscratch,200,24,0.50701076,1,1.0,True,-0.0012647518664200775,0.00041907811112564853
ViTscratch,200,24,0.13967931,0,0.0,True,-0.004152708943390954,-0.004566841239642011
ViTscratch,200,24,0.17122911,0,0.0,True,0.00015022374194938933,0.00025146241540662353
ViTscratch,200,24,0.15091717,0,0.0,True,-0.0038853330598877284,-0.0043496306821488705
ViTscratch,200,24,0.2726165,0,0.0,True,0.005821364435775216,0.0026869683154706913
ViTscratch,200,24,0.37455362,0,0.0,True,-0.005728891304669299,-0.0030482889030401463
ViTscratch,200,24,0.38506773,0,1.0,False,-0.00216710962709028,0.0012304377985930298
ViTscratch,200,24,0.30703494,0,1.0,False,0.0052220607446139995,0.0027918406645144533
ViTscratch,200,24,0.2716689,0,1.0,False,-0.0006665243984829778,0.004242234255339957
ViTscratch,200,24,0.18069156,0,0.0,True,0.006777006817593484,0.000748155485746227
ViTscratch,200,24,0.2438142,0,0.0,True,0.0041831212903818095,0.0016992663777617364
ViTscratch,200,24,0.29423845,0,0.0,True,0.009889180187693029,0.0009231807044361589
ViTscratch,200,24,0.43925062,0,0.0,True,0.010424786455326364,0.004556307223764785
ViTscratch,200,24,0.14299971,0,1.0,False,-0.002483019729549991,-0.0019606779587223156
ViTscratch,200,24,0.3828811,0,1.0,False,-0.001962148540691221,-0.0019674198476827545
ViTscratch,200,24,0.22217283,0,1.0,False,0.005472641453338102,0.00276557716357242
ViTscratch,200,24,0.69143546,1,1.0,True,0.007331841348251345,0.0006254570366208057
ViTscratch,200,24,0.35305423,0,1.0,False,0.007227477633943065,0.0026354533037708907
ViTscratch,200,24,0.59164745,1,1.0,True,-0.0011419279685248376,0.0011759489711665157
ViTscratch,200,24,0.8897388,1,1.0,True,0.004205371720583901,0.0041831329584041356
ViTscratch,200,24,0.5496193,1,1.0,True,0.003967982311841417,0.0036527887420802975
ViTscratch,200,24,0.22322747,0,0.0,True,0.006773175986346148,0.003387523593019262
ViTscratch,200,24,0.33015692,0,1.0,False,0.0021620054804547613,0.0012343048450882133
ViTscratch,200,24,0.28987285,0,0.0,True,-0.0014182791649829246,0.0023325254587152765
ViTscratch,200,24,0.46080792,0,0.0,True,0.003165019189047578,0.005188492542362088
ViTscratch,200,24,0.7070694,1,0.0,False,-0.0008570636456744407,0.004405551499186713
ViTscratch,200,24,0.49081352,0,1.0,False,0.0012606745556255903,-4.580893391626109e-05
ViTscratch,200,24,0.36917874,0,0.0,True,0.001127662850711686,0.002463759721591919
ViTscratch,200,24,0.38794047,0,0.0,True,-0.0018142664623456862,0.0009475357353010354
ViTscratch,200,24,0.7995938,1,0.0,False,-0.005113746012822512,0.002032871994534745
ViTscratch,200,24,0.23611161,0,1.0,False,-0.0005918134614093576,0.00233247561927378
ViTscratch,200,24,0.5941471,1,1.0,True,0.006857583499902887,0.008588186996886385
ViTscratch,200,24,0.43039033,0,1.0,False,0.005891661119407951,0.0030080907497148954
ViTscratch,200,24,0.98266345,1,1.0,True,0.006608427489332206,0.0038298415464137732
ViTscratch,200,24,0.23695214,0,0.0,True,-0.002513297287492597,0.0038024631077864034
ViTscratch,200,24,0.3302596,0,0.0,True,-0.0002980708264757433,0.002296562360602397
ViTscratch,200,24,0.6975375,1,1.0,True,-0.004199476846206777,0.0028176397105328338
ViTscratch,200,24,0.3165787,0,0.0,True,0.004602421220605794,0.0008913707775130852
ViTscratch,200,24,0.36510783,0,1.0,False,0.009836712695403158,0.006711932386295243
ViTscratch,200,24,0.23346098,0,1.0,False,0.001194040801400143,0.0017499096309678463
ViTscratch,200,24,0.18402371,0,0.0,True,0.0017427747665616047,0.00416738420199981
ViTscratch,200,24,0.9411079,1,1.0,True,0.008439473401854804,0.008561354764380982
ViTscratch,200,24,0.3461191,0,0.0,True,0.001603170838824929,-0.002976676175005242
ViTscratch,200,24,0.22865012,0,0.0,True,-0.0020906423876599447,-0.0030774123612440766
ViTscratch,200,24,0.4671074,0,1.0,False,-0.001282329886059099,-0.004005328435512185
ViTscratch,200,24,0.2796911,0,0.0,True,-0.005481491327869812,0.0005502342260727214
ViTscratch,200,24,0.34918243,0,0.0,True,-0.0006539374561084153,0.0006541326379036693
ViTscratch,200,24,0.34714112,0,0.0,True,0.005018884389088099,0.0006991123380949133
ViTscratch,200,24,0.3652562,0,0.0,True,0.0015072942309979445,0.0005787965417172358
ViTscratch,200,24,0.59937155,1,1.0,True,0.0002959610216625794,0.002584905262883268
ViTscratch,200,24,0.4954309,0,1.0,False,0.0015500569105484515,0.0017554570054305826
ViTscratch,200,24,0.2462435,0,1.0,False,0.002949927750708238,0.0014650512529115513
ViTscratch,200,24,0.14179574,0,1.0,False,-0.0031131891469213,0.0008617531890874444
ViTscratch,200,24,0.9695217,1,1.0,True,0.005935935458927193,0.00762327320470048
ViTscratch,200,24,0.26046258,0,1.0,False,0.0036650417443111166,0.005916449201530185
ViTscratch,200,25,0.10778746,0,0.0,True,-0.003267197671554737,-0.005239713135851438
ViTscratch,200,25,0.27421877,0,0.0,True,0.006994749079164794,0.0027809952641828324
ViTscratch,200,25,0.30353853,0,1.0,False,-0.003787523149489135,0.0025014907157060212
ViTscratch,200,25,0.16410047,0,1.0,False,0.0007762067172758119,-0.0009329650762405388
ViTscratch,200,25,0.16326262,0,0.0,True,0.0020328397657171193,-0.0017400309063073615
ViTscratch,200,25,0.5536103,1,1.0,True,0.012091264297348393,0.009251079599557876
ViTscratch,200,25,0.32568744,0,0.0,True,-0.005739610929436108,0.004372818447478645
ViTscratch,200,25,0.11432838,0,0.0,True,-0.008042485714384743,-0.001262047764847275
ViTscratch,200,25,0.4047383,0,1.0,False,0.004343924117274319,0.004201712114388476
ViTscratch,200,25,0.97796625,1,0.0,False,0.004860376942477048,0.011451837849567685
ViTscratch,200,25,0.17314729,0,0.0,True,-0.0009375339688458955,-0.006404030141405261
ViTscratch,200,25,0.3361273,0,1.0,False,0.011745545024720317,0.004091964985728092
ViTscratch,200,25,0.32290488,0,1.0,False,0.004433007293106699,-0.0006452320805140692
ViTscratch,200,25,0.16131133,0,1.0,False,0.0019087723423324736,0.003324335457643003
ViTscratch,200,25,0.20430149,0,0.0,True,-0.008225041092101463,-0.0054768109628191685
ViTscratch,200,25,0.21026686,0,0.0,True,0.0012066982081950577,5.066491853050418e-05
ViTscratch,200,25,0.39460492,0,0.0,True,-0.002513108241406741,0.003878305980568105
ViTscratch,200,25,0.2972503,0,1.0,False,0.006534094039947198,0.003379291529864376
ViTscratch,200,25,0.26190045,0,1.0,False,-0.007177709346051073,-0.0011491736121670261
ViTscratch,200,25,0.2767382,0,1.0,False,0.0020442314870604827,0.0025226756903106696
ViTscratch,200,25,0.14476599,0,0.0,True,0.0011599149864711144,-0.0021397605755584886
ViTscratch,200,25,0.18313017,0,0.0,True,-0.011881382867375015,-0.00783067320335999
ViTscratch,200,25,0.65231365,1,0.0,False,0.0067534670647167614,0.006013954836067714
ViTscratch,200,25,0.19495216,0,0.0,True,-0.0005478100841649024,-0.0020824601311106405
ViTscratch,200,25,0.13416952,0,1.0,False,0.006446033190663006,0.0015773668779168687
ViTscratch,200,25,0.4699531,0,1.0,False,0.005424423404258162,0.004178900894795797
ViTscratch,200,25,0.3619485,0,1.0,False,-0.001085543507992081,0.0031912174246658295
ViTscratch,200,25,0.43673274,0,1.0,False,-0.004484136610132465,0.0002901719825119976
ViTscratch,200,25,0.46014142,0,1.0,False,-0.00013806422349227465,0.0014467071175328324
ViTscratch,200,25,0.19517617,0,1.0,False,-0.0011989571428186812,-0.002839691848261776
ViTscratch,200,25,0.14241046,0,0.0,True,-0.0036641433248638918,-0.0018326060877258492
ViTscratch,200,25,0.5574539,1,0.0,False,-0.0032738387792846093,0.0004201738541572352
ViTscratch,200,25,0.19240554,0,0.0,True,-0.002963507020893616,0.0012379523473165298
ViTscratch,200,25,0.11770826,0,0.0,True,-0.006436212229698666,-0.0024211392944675156
ViTscratch,200,25,0.105012104,0,1.0,False,-0.0008604560114998738,0.00019433542668051963
ViTscratch,200,25,0.34082606,0,0.0,True,0.0010901880935035705,0.0005902505753428542
ViTscratch,200,25,0.80484384,1,1.0,True,0.013974347505270041,0.007862260291577789
ViTscratch,200,25,0.24564366,0,1.0,False,0.008489484732782932,0.004275701878824635
ViTscratch,200,25,0.19765158,0,0.0,True,-0.006193881151421808,-0.0028868281848026317
ViTscratch,200,25,0.5048481,1,0.0,False,0.0015022024692611946,0.0029668220672795045
ViTscratch,200,25,0.26174223,0,1.0,False,0.0012440994110713996,0.0032625166660835065
ViTscratch,200,25,0.3582982,0,0.0,True,0.0006288783510337742,0.002268320687177819
ViTscratch,200,25,0.18099459,0,1.0,False,-0.0005104353585966381,0.002284885621311333
ViTscratch,200,25,0.16664147,0,1.0,False,0.000877234574694828,-0.0010600919394439065
ViTscratch,200,25,0.5098198,1,1.0,True,0.00642095929440401,0.0028123058110263973
ViTscratch,200,25,0.15014338,0,1.0,False,0.0026097837617277695,0.0013158117322499547
ViTscratch,200,25,0.25574028,0,0.0,True,0.0118396321398242,0.004260372800762083
ViTscratch,200,25,0.15631789,0,1.0,False,-0.0027651180305623144,-0.000378720625420415
ViTscratch,200,25,0.2010803,0,1.0,False,0.011490297500193198,0.0060009615474433484
ViTscratch,200,25,0.2527669,0,0.0,True,0.004371648005948505,0.0013096702951566372
ViTscratch,200,25,0.18385154,0,0.0,True,-0.003221584285216806,0.002212144459419969
ViTscratch,200,25,0.26664475,0,0.0,True,0.0018046075282674302,-0.0006346945580705414
ViTscratch,200,25,0.2423868,0,1.0,False,0.0017283075084775848,-0.000836559291965917
ViTscratch,200,25,0.27739334,0,0.0,True,0.0002007023114898129,0.002594167525118063
ViTscratch,200,25,0.31927338,0,0.0,True,-0.002151790418697088,-0.0034581922054378357
ViTscratch,200,25,0.14323595,0,0.0,True,-0.0004588652158407612,0.0014043915842336106
ViTscratch,200,25,0.16341229,0,0.0,True,-0.008116678501727082,-0.0017129489114702642
ViTscratch,200,25,0.5033166,1,1.0,True,0.013878473185872594,0.00786774070094137
ViTscratch,200,25,0.3212764,0,0.0,True,-0.007688442211055275,-0.005566750629722923
ViTscratch,200,25,0.30771038,0,0.0,True,-0.007236180904522612,-0.0037279596977329976
ViTscratch,200,25,0.1900764,0,0.0,True,-0.0016622277256065385,-0.003957943502899721
ViTscratch,200,25,0.17894897,0,0.0,True,-0.011776154624450363,-0.006740098305526642
ViTscratch,200,25,0.13155752,0,0.0,True,0.003516760260943352,-0.00010188660454122313
ViTscratch,200,25,0.37853754,0,1.0,False,0.0008365643293721012,0.001289021213251977
ViTscratch,200,25,0.55350506,1,1.0,True,0.005514611183251807,0.0046938959205519515
ViTscratch,200,25,0.440189,0,1.0,False,0.0017049054986482562,0.001130260213070549
ViTscratch,200,25,0.20475385,0,1.0,False,0.0010420162199168968,-0.0015999569785182706
ViTscratch,200,25,0.20423602,0,1.0,False,0.005726383487380012,0.0024157063169522957
ViTscratch,200,25,0.15349518,0,0.0,True,-0.004094213739327888,-0.001912007813994577
ViTscratch,200,25,0.61869746,1,1.0,True,0.007080241102518968,0.0060152116828824116
ViTscratch,200,25,0.29314524,0,1.0,False,-0.001083401355476419,2.1619929691547895e-05
ViTscratch,200,25,0.16582562,0,0.0,True,-0.003975132993446314,-0.00474178243269426
ViTscratch,200,25,0.6511518,1,1.0,True,0.005031835089315095,0.006128910346741871
ViTscratch,200,25,0.5149693,1,1.0,True,3.180003624864279e-05,0.0009661107334928493
ViTscratch,200,25,0.24559593,0,1.0,False,0.009467738086562849,0.006565154679056662
ViTscratch,200,25,0.30117127,0,0.0,True,0.0028122988300153294,0.0005017748388844028
ViTscratch,200,25,0.30615118,0,1.0,False,-0.005374844982521769,-0.002189860327345432
ViTscratch,200,25,0.26431108,0,1.0,False,0.0012060401628072948,-0.0004785769065509903
ViTscratch,200,25,0.26785967,0,1.0,False,-0.0020108627101479777,0.0015109277347048022
ViTscratch,200,25,0.18245284,0,0.0,True,-0.003287982410783538,-0.0017350244289529838
ViTscratch,200,25,0.5256914,1,1.0,True,0.010331643289190976,0.007259477755551768
ViTscratch,200,25,0.43210614,0,1.0,False,0.002626233399664138,-0.0005902782835957742
ViTscratch,200,25,0.22602683,0,1.0,False,-0.0011649669075960622,-0.00010881899360402681
ViTscratch,200,25,0.22028533,0,0.0,True,0.0032520136275970375,0.003153655209883588
ViTscratch,200,25,0.70312124,1,0.0,False,0.004265213294502289,0.0020614764624106805
ViTscratch,200,25,0.6383245,1,1.0,True,0.008844040544705788,0.004206541260199462
ViTscratch,200,25,0.30460697,0,1.0,False,-0.007002649529245898,-0.004726476485750998
ViTscratch,200,25,0.17067641,0,0.0,True,-0.0032588927133425784,-0.00019566758685627235
ViTscratch,200,25,0.23477352,0,1.0,False,-0.0019394135226140656,-0.002375507485801717
ViTscratch,200,25,0.17787246,0,0.0,True,-0.0028397516245759692,-0.0021158736162183536
ViTscratch,200,25,0.34279978,0,0.0,True,-0.001602351446295717,-0.000346489477118298
ViTscratch,200,25,0.39259025,0,1.0,False,-0.005223265225483268,0.002692915486953983
ViTscratch,200,25,0.3843324,0,0.0,True,0.0059744142328465675,0.006745987882836978
ViTscratch,200,25,0.23586756,0,1.0,False,-0.006532518572121355,-0.003095841267140355
ViTscratch,200,25,0.18271923,0,1.0,False,-0.009587627397891237,-0.0030571167793180336
ViTscratch,200,25,0.38620558,0,1.0,False,0.007518315336635005,0.0032027342796015607
ViTscratch,200,25,0.19451039,0,0.0,True,0.0010552763819095476,-0.0030982367758186397
ViTscratch,200,25,0.19889125,0,1.0,False,0.006018326022449135,0.0024314428727160746
ViTscratch,200,25,0.2485021,0,0.0,True,-0.0043545660527195456,-0.0033344168238697127
ViTscratch,200,25,0.2827692,0,1.0,False,0.006914445387888768,0.0023701100203238072
ViTscratch,200,26,0.24482696,0,1.0,False,-0.00047063890344285644,-0.0018845725727724906
ViTscratch,200,26,0.16840102,0,0.0,True,0.0005960569722322475,0.00024489834840303517
ViTscratch,200,26,0.18250632,0,0.0,True,-0.0010567762033234888,-0.0003789793754404927
ViTscratch,200,26,0.16598642,0,1.0,False,0.014003962756850483,0.005827680144632245
ViTscratch,200,26,0.22628139,0,1.0,False,0.004643945389173179,0.00014791816072198108
ViTscratch,200,26,0.5807148,1,1.0,True,0.0062802773985551836,0.0025930262061328517
ViTscratch,200,26,0.35063443,0,1.0,False,-0.004387844466018108,-0.0015779253545246238
ViTscratch,200,26,0.19324873,0,0.0,True,-0.0002062665199887063,0.001127498100476382
ViTscratch,200,26,0.56936675,1,1.0,True,0.0007018117890782767,-0.001992134525402197
ViTscratch,200,26,0.9939067,1,0.0,False,0.005334797235483456,0.008822672645871844
ViTscratch,200,26,0.43450963,0,1.0,False,0.004095978592431013,0.0002752579288270871
ViTscratch,200,26,0.15791973,0,0.0,True,0.0063188861604469414,0.002555313645043884
ViTscratch,200,26,0.19746746,0,1.0,False,-0.0018181379538562273,0.003517064263653085
ViTscratch,200,26,0.28173068,0,1.0,False,0.003599105503807429,0.0006102258091034941
ViTscratch,200,26,0.13602747,0,0.0,True,0.003814697114413815,0.0033454109717790995
ViTscratch,200,26,0.18054499,0,0.0,True,0.006580342297745198,0.0035749931828009548
ViTscratch,200,26,0.35862774,0,1.0,False,0.007427562289372708,0.005859891944831385
ViTscratch,200,26,0.3188411,0,0.0,True,0.00622876729761463,0.0035997341563789686
ViTscratch,200,26,0.18848772,0,0.0,True,-0.005635646854746312,-0.006632326655577593
ViTscratch,200,26,0.3504216,0,1.0,False,-0.0005027601982285298,0.004481208585256616
ViTscratch,200,26,0.8103587,1,1.0,True,0.0103758694016484,0.01093012952884183
ViTscratch,200,26,0.18377966,0,1.0,False,-0.00881718517364448,-0.0038521714168930927
ViTscratch,200,26,0.15229692,0,0.0,True,0.002612219923201506,-0.0018143471610670952
ViTscratch,200,26,0.5873092,1,1.0,True,0.002343477977470203,0.0021968285207997784
ViTscratch,200,26,0.25858378,0,1.0,False,0.00429391062934739,0.002842381159557951
ViTscratch,200,26,0.41484922,0,1.0,False,0.0018068697375746917,0.004002705209742243
ViTscratch,200,26,0.3284852,0,1.0,False,0.016323163953468625,0.010974495309544108
ViTscratch,200,26,0.497728,0,0.0,True,0.006909499795637626,0.005895389076907218
ViTscratch,200,26,0.4087445,0,0.0,True,-0.004672843947980884,-0.005616694112374854
ViTscratch,200,26,0.3432929,0,1.0,False,0.0035935808914874016,0.0019745663758824186
ViTscratch,200,26,0.37930858,0,1.0,False,0.005456763403870995,0.004438563530831096
ViTscratch,200,26,0.247645,0,0.0,True,0.0035512929912928006,-0.000693569542793361
ViTscratch,200,26,0.32263035,0,0.0,True,-0.0027859564664050973,-0.0061686558374015495
ViTscratch,200,26,0.15888634,0,1.0,False,0.001305756971478435,0.0008052662132182195
ViTscratch,200,26,0.10755266,0,0.0,True,0.004614141461892301,-0.0015446781582803492
ViTscratch,200,26,0.2566489,0,0.0,True,0.0025804312252720807,-0.00020851358655533527
ViTscratch,200,26,0.39154482,0,1.0,False,-0.0009238521180415572,0.0013199733368273049
ViTscratch,200,26,0.53065795,1,0.0,False,-0.0001826952250211778,0.0008725182072798064
ViTscratch,200,26,0.25696045,0,0.0,True,0.003620148271497531,-0.0035277887244036248
ViTscratch,200,26,0.3518634,0,1.0,False,0.007270983908242071,0.0007143619233767193
ViTscratch,200,26,0.43344998,0,1.0,False,0.007427239164714988,0.005455277034786682
ViTscratch,200,26,0.43885347,0,1.0,False,-0.0047256159383036985,0.006244991380871673
ViTscratch,200,26,0.33221313,0,1.0,False,-0.0012819681521737962,0.004460192590374636
ViTscratch,200,26,0.17591487,0,1.0,False,0.000579868674510963,0.002619220302415668
ViTscratch,200,26,0.24967392,0,1.0,False,-0.0027793638018425684,5.7766963596603695e-05
ViTscratch,200,26,0.8874135,1,1.0,True,0.009264801057181004,0.007855047924299852
ViTscratch,200,26,0.44170794,0,0.0,True,-0.001960326078722063,0.0014608726730013085
ViTscratch,200,26,0.30542424,0,0.0,True,-0.01139854837538472,-0.006970273741211405
ViTscratch,200,26,0.1754162,0,1.0,False,-0.004757700702392919,-0.004869001402252107
ViTscratch,200,26,0.86471605,1,1.0,True,0.00019335350261151497,0.0004985958673422178
ViTscratch,200,26,0.82037944,1,0.0,False,0.0019749655711203576,0.0037452532170224808
ViTscratch,200,26,0.16411413,0,0.0,True,-0.00432255154649502,-0.0008302988801490756
ViTscratch,200,26,0.46502835,0,0.0,True,0.0023579934258350418,0.0014297605749771963
ViTscratch,200,26,0.4204503,0,0.0,True,0.007382616940415142,0.00223485354396444
ViTscratch,200,26,0.16441496,0,0.0,True,-0.006749075761675567,-0.003013562842573322
ViTscratch,200,26,0.14245014,0,0.0,True,-0.004129423723433062,-0.005952879358426905
ViTscratch,200,26,0.22368106,0,0.0,True,0.0022599927351154825,-0.0008075483367426623
ViTscratch,200,26,0.10521009,0,0.0,True,-0.002311679565847614,-0.0018642231698110924
ViTscratch,200,26,0.14499354,0,0.0,True,9.872770739913495e-05,-0.004812289525639392
ViTscratch,200,26,0.26978815,0,0.0,True,-0.006293789737225881,-0.0018009011518838923
ViTscratch,200,26,0.29289922,0,0.0,True,0.003053246139610111,-0.003992702648513492
ViTscratch,200,26,0.31796798,0,1.0,False,0.0016352987828065605,-0.0018621011395932125
ViTscratch,200,26,0.1792606,0,0.0,True,-0.0005039950146170956,-0.0017454292894157769
ViTscratch,200,26,0.15815891,0,1.0,False,0.005509277801618944,0.004193058752875431
ViTscratch,200,26,0.12443925,0,0.0,True,-0.00077488615757373,-0.0031932962806576286
ViTscratch,200,26,0.6542989,1,1.0,True,0.005962506419157546,0.0018694440275289171
ViTscratch,200,26,0.36832923,0,1.0,False,-0.0036614193379229006,6.671994508625994e-06
ViTscratch,200,26,0.81153756,1,1.0,True,0.003107286210525234,0.004351018871530909
ViTscratch,200,26,0.17200437,0,0.0,True,-0.009096082570361853,-0.003801882517391121
ViTscratch,200,26,0.27082676,0,0.0,True,0.0006208533530496703,0.0009476018171139176
ViTscratch,200,26,0.25613558,0,1.0,False,0.0011676211383057063,-0.0015785306581009792
ViTscratch,200,26,0.20983869,0,1.0,False,0.0025858234885122143,-0.0014884460914162672
ViTscratch,200,26,0.2574134,0,0.0,True,0.012954644230000437,0.007041557076791587
ViTscratch,200,26,0.5832118,1,1.0,True,0.007534157495097506,0.00200777674686885
ViTscratch,200,26,0.29155973,0,1.0,False,-0.0028750262392737962,-0.0007407020227564241
ViTscratch,200,26,0.4981012,0,1.0,False,-0.006942161698140029,0.0038262274139342456
ViTscratch,200,26,0.14159283,0,0.0,True,0.0036835193933521114,0.0023062917229613716
ViTscratch,200,26,0.21128356,0,1.0,False,0.00031329771087640167,0.002710807916542659
ViTscratch,200,26,0.42315415,0,1.0,False,0.005543108005198951,0.0011777998258852777
ViTscratch,200,26,0.12562016,0,0.0,True,-0.0014669880873865752,0.0006205671175065525
ViTscratch,200,26,0.3871297,0,1.0,False,0.012073393733388907,0.005198462053261055
ViTscratch,200,26,0.27631938,0,0.0,True,-0.002565393522032903,-0.00022978579730330466
ViTscratch,200,26,0.18304218,0,0.0,True,-0.0026845148947885647,0.00033186727419933453
ViTscratch,200,26,0.50374025,1,1.0,True,-0.0016813234401211355,-0.0010542454997146398
ViTscratch,200,26,0.13649364,0,0.0,True,-0.011020122373261223,-0.007215454232398003
ViTscratch,200,26,0.22411072,0,1.0,False,0.0021544098336280454,0.0005203126896824045
ViTscratch,200,26,0.25604415,0,0.0,True,0.0008615413202774432,-0.00016964212395183674
ViTscratch,200,26,0.5002765,1,1.0,True,-0.0057904591240715295,-0.0002637985715755424
ViTscratch,200,26,0.15470049,0,0.0,True,-0.005813935984807698,-0.0022022573364278344
ViTscratch,200,26,0.5168932,1,0.0,False,0.0017573334156224176,-0.0003534084138638147
ViTscratch,200,26,0.8351977,1,1.0,True,-0.005476869983264542,-0.0015176000147524601
ViTscratch,200,26,0.27526334,0,0.0,True,-0.0037205313826961573,0.0002481848378556433
ViTscratch,200,26,0.6434405,1,1.0,True,0.009098353703248241,0.003957309195963515
ViTscratch,200,26,0.5084088,1,0.0,False,-0.002590946837762667,0.003876309815265242
ViTscratch,200,26,0.34988284,0,1.0,False,0.006882089605310885,0.006068749800787606
ViTscratch,200,26,0.13568908,0,0.0,True,0.0030643253052907615,0.0023667438899123905
ViTscratch,200,26,0.17456013,0,0.0,True,-0.004486186708446932,-0.0037391759045625667
ViTscratch,200,26,0.3364231,0,1.0,False,-5.0250212722429905e-11,-0.0010327532345083094
ViTscratch,200,26,0.5279004,1,0.0,False,0.004713363230167738,-0.00079063049990744
ViTscratch,200,26,0.79034203,1,0.0,False,0.003289527851005815,0.0010309428461114823
ViTscratch,200,27,0.24909766,0,0.0,True,0.002791635753732762,0.0032272209549046734
ViTscratch,200,27,0.17326316,0,0.0,True,0.0057282211688023735,-0.0018643131904619488
ViTscratch,200,27,0.29742503,0,1.0,False,-0.0018100948268024051,0.002845760209211151
ViTscratch,200,27,0.26211938,0,0.0,True,0.004800959659320559,0.004938579477549377
ViTscratch,200,27,0.56181747,1,1.0,True,0.006371743485183917,0.005505000156638712
ViTscratch,200,27,0.33047438,0,0.0,True,-0.001815759465397359,1.8641662648651106e-05
ViTscratch,200,27,0.3035043,0,0.0,True,-0.002062077304005208,-0.0038048882186736237
ViTscratch,200,27,0.27759588,0,0.0,True,0.0036118389433598607,0.0004967898432501457
ViTscratch,200,27,0.11934229,0,0.0,True,-0.007210050642272522,-0.008112891918647282
ViTscratch,200,27,0.35319,0,0.0,True,-0.0015414866694678957,0.0017787259407876922
ViTscratch,200,27,0.8824329,1,1.0,True,0.0056281408542676655,0.0016877189357796393
ViTscratch,200,27,0.534839,1,1.0,True,-1.5705971589784762e-07,0.0011620990842773225
ViTscratch,200,27,0.66377777,1,0.0,False,0.003264682581326234,0.0026161005395797885
ViTscratch,200,27,0.36505336,0,1.0,False,0.006975239091246229,0.00286461969884857
ViTscratch,200,27,0.28998777,0,0.0,True,-0.00035167342060083,0.00045350622619930837
ViTscratch,200,27,0.3668335,0,0.0,True,0.008869811514794008,0.00392879229931229
ViTscratch,200,27,0.34377956,0,0.0,True,-0.008057254259389003,-0.005631180436151539
ViTscratch,200,27,0.40523145,0,0.0,True,0.001962777104042343,-0.002517570620790507
ViTscratch,200,27,0.4429002,0,0.0,True,-0.006651904833574826,0.0005348290660620203
ViTscratch,200,27,0.1627311,0,0.0,True,-0.005075768768537192,-0.0013605232611190014
ViTscratch,200,27,0.22010846,0,0.0,True,0.004565272563970386,0.001002161966165188
ViTscratch,200,27,0.25100622,0,0.0,True,-0.005780548816349305,-0.00010266193398068656
ViTscratch,200,27,0.45508218,0,1.0,False,-0.0007540969221920503,0.003450464968408941
ViTscratch,200,27,0.5149696,1,0.0,False,0.003265999366710958,0.0011079473006229503
ViTscratch,200,27,0.25581062,0,1.0,False,-0.0017238826817171679,-0.002027012047814184
ViTscratch,200,27,0.20094274,0,0.0,True,0.009590679217299454,0.002050679188201832
ViTscratch,200,27,0.50200695,1,0.0,False,-0.0006040639041914154,0.0012831597129108997
ViTscratch,200,27,0.30509347,0,0.0,True,-0.005544463066702557,0.00248342156179301
ViTscratch,200,27,0.1884401,0,0.0,True,0.002997733081004791,0.0027284740244845978
ViTscratch,200,27,0.30656064,0,0.0,True,0.0005865415615486148,-0.004575341696112466
ViTscratch,200,27,0.35488692,0,0.0,True,0.00517031764135829,0.00530974432515801
ViTscratch,200,27,0.23515597,0,1.0,False,0.005670090851292929,0.0054569924172342636
ViTscratch,200,27,0.14266306,0,1.0,False,-0.00322921250384535,-0.0038662941373898327
ViTscratch,200,27,0.3541542,0,1.0,False,-0.0015247856643867382,0.00011237923021253234
ViTscratch,200,27,0.3325691,0,1.0,False,-0.0027340767218401126,0.0002812632522538678
ViTscratch,200,27,0.3328319,0,1.0,False,-0.004009857329677298,-0.0007962860758932566
ViTscratch,200,27,0.33526018,0,0.0,True,0.0060661473096093165,0.005654679895529798
ViTscratch,200,27,0.35750252,0,1.0,False,0.0009923781939326453,0.0017771284965060804
ViTscratch,200,27,0.45195577,0,1.0,False,0.006822663382446017,0.0071667516317957935
ViTscratch,200,27,0.36151424,0,0.0,True,-0.0014575358398234621,-2.5351322248892103e-05
ViTscratch,200,27,0.21170506,0,1.0,False,-0.010217362983577007,-0.0005923546592541839
ViTscratch,200,27,0.21198481,0,1.0,False,-0.0012525235743097696,-0.0022891846111417133
ViTscratch,200,27,0.3054312,0,0.0,True,-0.002839423436549626,-0.0018600306356849946
ViTscratch,200,27,0.15141357,0,0.0,True,-0.005328657343130276,-0.004736556676605068
ViTscratch,200,27,0.37355366,0,0.0,True,0.00290697716124635,-0.0007637727457485502
ViTscratch,200,27,0.4398069,0,1.0,False,0.006633165845218694,0.005843874038282016
ViTscratch,200,27,0.282973,0,0.0,True,0.0016518884347253987,-0.00016031673429713647
ViTscratch,200,27,0.22381334,0,1.0,False,-8.744559181864501e-05,-0.00021291270075050441
ViTscratch,200,27,0.16815574,0,0.0,True,0.0050705430205811,0.001908687260406301
ViTscratch,200,27,0.21084827,0,0.0,True,0.004225334074707045,0.0028233023427155675
ViTscratch,200,27,0.21498173,0,0.0,True,0.0029646428864064512,-0.001259628614634978
ViTscratch,200,27,0.5242709,1,1.0,True,0.0005519734581600631,0.002643227181564137
ViTscratch,200,27,0.33487123,0,1.0,False,0.007767627344167174,0.0023388511030829487
ViTscratch,200,27,0.21704319,0,0.0,True,0.004611942066799717,0.0003160018021278651
ViTscratch,200,27,0.42665294,0,0.0,True,-9.325645264753225e-05,-0.001099887150333248
ViTscratch,200,27,0.2729654,0,1.0,False,-0.003922676172708677,-0.001362964899771838
ViTscratch,200,27,0.63940066,1,0.0,False,0.00021085808398338486,0.0014691713107563332
ViTscratch,200,27,0.44791013,0,1.0,False,-0.0015407735322789196,0.000821298942045625
ViTscratch,200,27,0.3231667,0,1.0,False,0.015122622806160524,0.008133023799665542
ViTscratch,200,27,0.36023605,0,0.0,True,-0.0014620367191732035,-0.00010445376250726907
ViTscratch,200,27,0.34470478,0,1.0,False,0.002692423150730718,0.0018435098869359053
ViTscratch,200,27,0.4794869,0,1.0,False,-0.005075346657765787,-0.002241871300024586
ViTscratch,200,27,0.15647851,0,0.0,True,-0.0033143888666604796,0.001616003765244668
ViTscratch,200,27,0.32861626,0,0.0,True,-0.0014307809834575446,-0.004005071501877846
ViTscratch,200,27,0.8940006,1,1.0,True,0.003878606809471349,0.0028082059603175
ViTscratch,200,27,0.4430955,0,1.0,False,0.012533685592347656,0.011710667172481337
ViTscratch,200,27,0.44207534,0,0.0,True,0.007359131536904841,0.007911439381685315
ViTscratch,200,27,0.608856,1,1.0,True,0.005440934072271446,0.003284959613918573
ViTscratch,200,27,0.29511663,0,1.0,False,0.0061447981067892276,0.006686568795694819
ViTscratch,200,27,0.43587744,0,1.0,False,0.005569139355931753,0.0016286601785180294
ViTscratch,200,27,0.32051182,0,0.0,True,0.0017011371447332988,-0.0018182072249797216
ViTscratch,200,27,0.40751094,0,0.0,True,-0.0015621323848412209,0.0038992215926290487
ViTscratch,200,27,0.40438455,0,1.0,False,0.0025996687806202263,0.004774575491072821
ViTscratch,200,27,0.24508968,0,0.0,True,-0.0015129475322338338,-0.0036333634322742287
ViTscratch,200,27,0.4836807,0,0.0,True,0.008745088211621113,0.00433418290409614
ViTscratch,200,27,0.27403343,0,0.0,True,0.0004894419253114183,0.001019529491754416
ViTscratch,200,27,0.956985,1,0.0,False,0.0024987418258789543,0.0050739105418576205
ViTscratch,200,27,0.30294788,0,1.0,False,-0.004982382546344095,-0.00446772642267351
ViTscratch,200,27,0.25990933,0,0.0,True,-0.005901637166800208,-0.0016097020006821503
ViTscratch,200,27,0.27159646,0,1.0,False,-0.007069367824470338,4.215635706285001e-05
ViTscratch,200,27,0.42012587,0,1.0,False,0.003939333751647673,0.004159636772838584
ViTscratch,200,27,0.1826357,0,1.0,False,-0.005854544286738198,-0.004482517169607901
ViTscratch,200,27,0.6160992,1,0.0,False,0.00040865513046984327,0.0018205408665808525
ViTscratch,200,27,0.6544296,1,0.0,False,0.0037086104638690276,0.002206890654066344
ViTscratch,200,27,0.27504113,0,1.0,False,-0.004529210315954129,-0.0001576037858074783
ViTscratch,200,27,0.23932429,0,0.0,True,0.006161934262528778,0.0013911745369780814
ViTscratch,200,27,0.58278555,1,1.0,True,0.006130713612076719,0.00717892693703688
ViTscratch,200,27,0.3958249,0,1.0,False,0.005951832225024574,0.007143894817472839
ViTscratch,200,27,0.8231675,1,1.0,True,0.005772693104199202,0.0018566836529948715
ViTscratch,200,27,0.22709441,0,1.0,False,0.0006982141628377916,-0.0014425625424662302
ViTscratch,200,27,0.89298904,1,1.0,True,0.012408572247345083,0.01284274154727909
ViTscratch,200,27,0.3729734,0,0.0,True,0.00552893433306668,0.001960559980441507
ViTscratch,200,27,0.2634975,0,0.0,True,-0.0016167356464534609,0.003820861080222687
ViTscratch,200,27,0.5656975,1,0.0,False,-0.0006090804399165033,0.005357857793916533
ViTscratch,200,27,0.22616343,0,0.0,True,-0.005291747365795008,0.00038897049278844323
ViTscratch,200,27,0.51523334,1,0.0,False,0.01374587112848693,0.003302237175540201
ViTscratch,200,27,0.21742447,0,1.0,False,0.0027554207259302597,0.0031897332660360276
ViTscratch,200,27,0.3063875,0,0.0,True,-0.0037583942022644695,8.829223475354054e-05
ViTscratch,200,27,0.39471877,0,0.0,True,0.00417077868087235,0.002997492562971467
ViTscratch,200,27,0.36357608,0,0.0,True,-0.004586716652022935,-0.0004380640146063374
ViTscratch,200,28,0.33694035,0,1.0,False,-0.0017161661741452758,-0.0018463859828261968
ViTscratch,200,28,0.730897,1,1.0,True,-0.002116071693688012,0.0018323651840046055
ViTscratch,200,28,0.25475028,0,0.0,True,-0.0021907181470483166,0.00024547768316228815
ViTscratch,200,28,0.53965163,1,1.0,True,0.005317892082120148,0.0008463879701233226
ViTscratch,200,28,0.94309115,1,1.0,True,0.004985198645256447,0.005767669105457193
ViTscratch,200,28,0.55896014,1,0.0,False,-0.004425030663376485,-7.964905048810545e-05
ViTscratch,200,28,0.22604008,0,0.0,True,-0.0008125260169966186,-0.0003366968574316571
ViTscratch,200,28,0.30078512,0,0.0,True,0.002696712949029661,0.004922913953493954
ViTscratch,200,28,0.35761672,0,0.0,True,0.0048135052331425565,0.0030620266200289386
ViTscratch,200,28,0.49762192,0,1.0,False,0.0029245216336078778,0.0011443663000735161
ViTscratch,200,28,0.13498154,0,0.0,True,-0.004431344083323849,-0.0059288293461278755
ViTscratch,200,28,0.2248478,0,1.0,False,-0.009096022359900547,-0.007481644723518094
ViTscratch,200,28,0.8452194,1,0.0,False,0.012820493572265192,0.008243558596825322
ViTscratch,200,28,0.25687626,0,1.0,False,0.004810713151899937,0.0011930414869145672
ViTscratch,200,28,0.46396706,0,1.0,False,-0.00017862607886864968,0.0047333372750923185
ViTscratch,200,28,0.42609963,0,1.0,False,0.009126310477396775,0.007288318543068875
ViTscratch,200,28,0.29410437,0,1.0,False,0.0038693617974895423,0.005793471015112628
ViTscratch,200,28,0.2666539,0,0.0,True,-0.0009980145414294078,0.0028805378115220473
ViTscratch,200,28,0.5779706,1,0.0,False,0.010983191399282192,0.008694764636118648
ViTscratch,200,28,0.6347233,1,1.0,True,0.00627393141077791,0.0056080354761985154
ViTscratch,200,28,0.20796794,0,0.0,True,-0.002463709276383815,-0.0005554373741369899
ViTscratch,200,28,0.2586496,0,0.0,True,-0.0032429487209447486,-0.0011874365023441305
ViTscratch,200,28,0.11968477,0,0.0,True,0.0027755111457536267,-0.002126522006398949
ViTscratch,200,28,0.33944997,0,0.0,True,0.008236997772104782,0.003975099023818136
ViTscratch,200,28,0.5994642,1,0.0,False,0.0031495168322207803,0.00409058763715868
ViTscratch,200,28,0.2638307,0,1.0,False,0.003043553206797627,-0.00011551255968048356
ViTscratch,200,28,0.09876476,0,0.0,True,0.0009663411257704651,-0.0009710751885235754
ViTscratch,200,28,0.3161705,0,0.0,True,0.004863259543811461,0.004018717139144832
ViTscratch,200,28,0.23969254,0,0.0,True,-0.00016476840940898206,0.00038951867250611925
ViTscratch,200,28,0.25772712,0,0.0,True,-0.005488272288659218,-0.0008679966335415042
ViTscratch,200,28,0.09891514,0,0.0,True,-0.005150808287596122,-0.0036515419517720586
ViTscratch,200,28,0.19859059,0,0.0,True,-0.005041365197595803,-0.004274785788613035
ViTscratch,200,28,0.27921957,0,1.0,False,0.006934122912902218,0.0013846902648991697
ViTscratch,200,28,0.28516787,0,1.0,False,0.001604082135121835,0.003924829202332361
ViTscratch,200,28,0.33057994,0,1.0,False,-0.001123259346082848,0.0014423956667986007
ViTscratch,200,28,0.14474855,0,1.0,False,0.0026684272353397847,0.0011896880176268992
ViTscratch,200,28,0.26129466,0,1.0,False,-0.0023601017917444967,-0.001932417051958847
ViTscratch,200,28,0.41347113,0,1.0,False,0.0002685892697274798,0.0009505466421106856
ViTscratch,200,28,0.4642641,0,1.0,False,0.007053774134834034,0.0021828507205430827
ViTscratch,200,28,0.4108783,0,1.0,False,0.005512950362870027,0.002099362606162132
ViTscratch,200,28,0.96685946,1,1.0,True,0.005778217724827936,0.007355633530275852
ViTscratch,200,28,0.2139512,0,1.0,False,0.0008262297673209926,-0.0007822421766785314
ViTscratch,200,28,0.14161697,0,0.0,True,-0.005755723297779747,0.0010306770303517379
ViTscratch,200,28,0.086042896,0,0.0,True,-0.003096589778696352,-0.003914697575377137
ViTscratch,200,28,0.3085372,0,1.0,False,-0.006507855644664831,-0.004924337491222638
ViTscratch,200,28,0.21449998,0,0.0,True,-0.002608818780347309,-0.0007500057569612789
ViTscratch,200,28,0.14383882,0,1.0,False,4.1934944291965295e-05,0.000824829761262604
ViTscratch,200,28,0.25742632,0,0.0,True,0.00930585045320684,0.003410022924803103
ViTscratch,200,28,0.28794223,0,1.0,False,0.00048446251082055357,0.0017699351432089124
ViTscratch,200,28,0.119392,0,0.0,True,0.0014194493375041788,0.005072493928735419
ViTscratch,200,28,0.29075277,0,1.0,False,0.008185586801950698,0.004251146631683665
ViTscratch,200,28,0.79682124,1,1.0,True,0.009388243494267569,0.0061627077416174765
ViTscratch,200,28,0.30286303,0,0.0,True,-0.008666105475068834,-0.0012325194261514107
ViTscratch,200,28,0.36359897,0,1.0,False,-0.002669982588368451,-0.0009333636900262115
ViTscratch,200,28,0.4446053,0,1.0,False,-1.1530015740059961e-05,-0.004218301013022474
ViTscratch,200,28,0.6597092,1,1.0,True,0.0011543737491063685,0.007051400094511977
ViTscratch,200,28,0.6468306,1,1.0,True,0.013164928329126307,0.006371909836535066
ViTscratch,200,28,0.3414662,0,1.0,False,-0.006754998281585422,-0.0006197024005016007
ViTscratch,200,28,0.47830573,0,0.0,True,0.006801611527647861,0.005005565146310116
ViTscratch,200,28,0.4802111,0,0.0,True,0.005870119158583108,0.006241636889744794
ViTscratch,200,28,0.33207706,0,1.0,False,0.006186320031321711,0.000660716780126898
ViTscratch,200,28,0.445308,0,1.0,False,0.0037125906262199105,0.0016300211580525471
ViTscratch,200,28,0.3529696,0,1.0,False,-0.005814596129822484,-0.0020780547789320952
ViTscratch,200,28,0.38744038,0,1.0,False,0.00029241971720233266,0.0024823976564355304
ViTscratch,200,28,0.24224323,0,1.0,False,0.006710695493449235,0.0030249244848066046
ViTscratch,200,28,0.19918168,0,1.0,False,-0.002722365910673379,-0.0021997285197377764
ViTscratch,200,28,0.29584873,0,0.0,True,-0.0032150744941921838,2.537467457870352e-05
ViTscratch,200,28,0.44232646,0,0.0,True,-0.0018413409605343516,-0.0008863101120658959
ViTscratch,200,28,0.2350663,0,0.0,True,0.001995110241065568,0.0009932946837526882
ViTscratch,200,28,0.23166366,0,0.0,True,0.005404451485550171,-0.0006305987579964184
ViTscratch,200,28,0.79533726,1,0.0,False,0.0002853575104263473,0.002048255010512721
ViTscratch,200,28,0.21413854,0,0.0,True,0.00510295656707778,1.6798371792943281e-06
ViTscratch,200,28,0.13140738,0,0.0,True,-0.009061936938025398,-0.004953963760731514
ViTscratch,200,28,0.6912202,1,1.0,True,-0.003527016859449865,0.0034162826289681684
ViTscratch,200,28,0.6798157,1,1.0,True,0.008088876240182424,0.002164496683723526
ViTscratch,200,28,0.19706656,0,1.0,False,0.0001787197914860663,7.935250477122267e-05
ViTscratch,200,28,0.36415514,0,1.0,False,-0.0014207780322315232,0.0008672324937238836
ViTscratch,200,28,0.86217755,1,1.0,True,-0.003946502737608686,-0.0005827984690090643
ViTscratch,200,28,0.21935259,0,0.0,True,0.004170536996212511,0.002543691153581325
ViTscratch,200,28,0.5076269,1,1.0,True,0.008160942560324742,0.0018082832064988802
ViTscratch,200,28,0.107419096,0,0.0,True,-0.0028511083425677114,0.0003420637208311378
ViTscratch,200,28,0.34490722,0,0.0,True,0.004319515960451231,0.005741880363976896
ViTscratch,200,28,0.14298716,0,0.0,True,0.0012550338295458656,-0.004585254776786217
ViTscratch,200,28,0.19595087,0,0.0,True,0.008474680608427482,0.004617819279847916
ViTscratch,200,28,0.438081,0,1.0,False,0.009181736588882146,0.005451325660251846
ViTscratch,200,28,0.30796033,0,0.0,True,0.002166704192633692,-0.0008513458743484211
ViTscratch,200,28,0.2588568,0,0.0,True,-5.27433182528841e-05,0.002290163621093031
ViTscratch,200,28,0.48338494,0,0.0,True,0.0009548693562815642,0.0013147410458914195
ViTscratch,200,28,0.22647019,0,0.0,True,-0.0034390695682268604,-0.005013146927491869
ViTscratch,200,28,0.29654914,0,1.0,False,0.00971332902549437,0.003717793320660328
ViTscratch,200,28,0.14911051,0,0.0,True,0.0016057118457015605,-0.0030993382655625794
ViTscratch,200,28,0.33375055,0,1.0,False,-0.0007089638610851369,0.0018335161715510773
ViTscratch,200,28,0.4855837,0,0.0,True,0.011856917912902587,0.011307327250504073
ViTscratch,200,28,0.5884762,1,0.0,False,-0.0059123031146266734,-0.006280094153460667
ViTscratch,200,28,0.22585425,0,0.0,True,-0.003374272950184084,-0.0007143297954282817
ViTscratch,200,28,0.89340365,1,1.0,True,0.002573945493192308,0.003665636380220966
ViTscratch,200,28,0.3801018,0,1.0,False,0.003168388702545241,-0.0005017599022620682
ViTscratch,200,28,0.39124236,0,1.0,False,0.00525371510488084,0.003149994820933146
ViTscratch,200,28,0.39999676,0,0.0,True,0.007742299264600372,0.0011909217002230733
ViTscratch,200,28,0.97562534,1,1.0,True,0.007515088680285073,0.005720962467478136
ViTscratch,200,29,0.2677358,0,1.0,False,0.007613124200754331,-0.001261444746293557
ViTscratch,200,29,0.54250926,1,1.0,True,-0.007427634953587666,-0.00011157639320805943
ViTscratch,200,29,0.19944103,0,1.0,False,0.0011035923429405744,0.005110293706429402
ViTscratch,200,29,0.3668504,0,0.0,True,-0.006912655775867116,0.00032420643914971687
ViTscratch,200,29,0.1560055,0,0.0,True,0.0013664134908200386,-0.002056428822372903
ViTscratch,200,29,0.2681957,0,1.0,False,-0.00703024588257678,0.0003327944312545615
ViTscratch,200,29,0.32103172,0,0.0,True,-0.00153269873310243,-0.0013325775426805406
ViTscratch,200,29,0.40733957,0,1.0,False,0.0035347536517423587,0.0037191098121407513
ViTscratch,200,29,0.15807952,0,1.0,False,0.0007395348520467054,-0.002886558725934027
ViTscratch,200,29,0.57272303,1,1.0,True,0.0033284544547995554,0.004445098324008422
ViTscratch,200,29,0.2202904,0,0.0,True,-0.005353380102550273,-0.004161494093498411
ViTscratch,200,29,0.21366209,0,1.0,False,0.0046624597780927,0.0017007730722038833
ViTscratch,200,29,0.30819193,0,0.0,True,0.011749857805959276,0.01394408555820398
ViTscratch,200,29,0.32358482,0,1.0,False,-0.0008417936490120873,0.0014722174869081486
ViTscratch,200,29,0.24641019,0,1.0,False,-0.002362131611817505,-0.003048162242319771
ViTscratch,200,29,0.13579735,0,1.0,False,3.8163109718253296e-05,0.0007490476266859288
ViTscratch,200,29,0.3521588,0,0.0,True,-0.001528073822875319,-0.00015394929969053846
ViTscratch,200,29,0.49190792,0,1.0,False,0.00491090278528566,0.005577566875098194
ViTscratch,200,29,0.84580505,1,1.0,True,0.0009116808755889146,-2.0695128373212628e-05
ViTscratch,200,29,0.20236833,0,1.0,False,0.009675241881066322,0.003933032834645223
ViTscratch,200,29,0.37073937,0,1.0,False,8.860147685566922e-05,0.001974485319246041
ViTscratch,200,29,0.3581944,0,1.0,False,0.006280829459636879,0.005515780346185878
ViTscratch,200,29,0.2931731,0,0.0,True,-0.004004253497053853,-0.003915126465556584
ViTscratch,200,29,0.29755247,0,1.0,False,-0.008071607985222141,-0.006732629414649424
ViTscratch,200,29,0.375488,0,1.0,False,-0.00023121417197573475,0.0033936653367268813
ViTscratch,200,29,0.46955523,0,1.0,False,-0.00659348833574285,-0.0016976498979826339
ViTscratch,200,29,0.227425,0,1.0,False,-0.005782705626795035,0.0010078865002547998
ViTscratch,200,29,0.33883744,0,1.0,False,-0.0010315098778321719,-0.0022642539140812394
ViTscratch,200,29,0.29681635,0,1.0,False,0.002149811350631325,0.0014464605697841228
ViTscratch,200,29,0.11603032,0,1.0,False,0.016038635626932713,0.006890621170714977
ViTscratch,200,29,0.6029192,1,0.0,False,0.0005432304873072461,-0.0006139677983638211
ViTscratch,200,29,0.36297256,0,1.0,False,-0.00602926480405884,0.0001743764506448637
ViTscratch,200,29,0.28190392,0,1.0,False,-0.0025308532778880975,-0.001608408757108813
ViTscratch,200,29,0.2326763,0,0.0,True,0.0009384453792805319,-0.00016736181509601145
ViTscratch,200,29,0.14099194,0,0.0,True,-0.002788255783414718,0.00010133846673504753
ViTscratch,200,29,0.47928208,0,0.0,True,-0.004440340992795237,-0.003319791858888648
ViTscratch,200,29,0.30431756,0,0.0,True,0.0071240932095188,0.0027853611386292566
ViTscratch,200,29,0.27444488,0,0.0,True,-0.005027537291167265,-0.0043605624006123
ViTscratch,200,29,0.33828634,0,1.0,False,0.003840823275500667,-0.004512502949815578
ViTscratch,200,29,0.3624281,0,1.0,False,-0.006025857731159322,0.00020461721966567818
ViTscratch,200,29,0.13449438,0,0.0,True,-0.004844609308257961,-0.0022125777284298684
ViTscratch,200,29,0.40431836,0,0.0,True,-0.006077843310442563,0.0005604484348096937
ViTscratch,200,29,0.44870806,0,1.0,False,0.0030257095213315284,0.004822177846325662
ViTscratch,200,29,0.3341029,0,0.0,True,-0.0017095408381360905,-0.0015124812516176562
ViTscratch,200,29,0.30598775,0,0.0,True,-0.016281628530782515,-0.006045135128367471
ViTscratch,200,29,0.38346875,0,1.0,False,0.015932486264895677,0.010579744730230706
ViTscratch,200,29,0.11489834,0,0.0,True,-0.00762571460263724,-0.0047723973335345735
ViTscratch,200,29,0.31133983,0,1.0,False,0.0021729717166768183,-0.002355752373436234
ViTscratch,200,29,0.95084345,1,1.0,True,0.01859134767209062,0.014632975505130635
ViTscratch,200,29,0.37707904,0,0.0,True,0.007067440588160159,0.006229850963677416
ViTscratch,200,29,0.21811661,0,0.0,True,-0.0008552320110127576,0.000326718210847035
ViTscratch,200,29,0.3642068,0,0.0,True,0.004463176178526953,0.0033908994746431284
ViTscratch,200,29,0.7626755,1,0.0,False,-0.005984927589923237,-0.006352663001061645
ViTscratch,200,29,0.5861607,1,1.0,True,-0.00260581204730243,-0.003238331417385646
ViTscratch,200,29,0.72701865,1,1.0,True,0.0013563558667303618,0.001888928054097862
ViTscratch,200,29,0.12916152,0,0.0,True,0.00260278606810722,0.000216081389593591
ViTscratch,200,29,0.4173333,0,1.0,False,0.00602656570820289,0.004807949235008969
ViTscratch,200,29,0.32591948,0,0.0,True,-0.0005449074911529365,8.058559447195105e-05
ViTscratch,200,29,0.11838629,0,0.0,True,-0.0061194889506629565,-0.0035899502117254707
ViTscratch,200,29,0.14192776,0,0.0,True,-0.0059797648095413075,-0.0013349756113361368
ViTscratch,200,29,0.38963425,0,0.0,True,0.0024402970638198493,0.005768848819466414
ViTscratch,200,29,0.2616383,0,0.0,True,-0.004986093946805989,-0.002051961061221879
ViTscratch,200,29,0.21618387,0,1.0,False,0.00018911935512979207,0.0005433129542390181
ViTscratch,200,29,0.36528066,0,1.0,False,0.004557846949199135,0.007061629181713581
ViTscratch,200,29,0.52165914,1,1.0,True,-0.005741390531239413,-0.0061376481135908155
ViTscratch,200,29,0.38361648,0,0.0,True,-0.0006930314166381407,-0.0005710338329942224
ViTscratch,200,29,0.47543067,0,1.0,False,0.002928908003281597,0.0009734881391125223
ViTscratch,200,29,0.3130558,0,1.0,False,-0.00494086297341189,-0.0022824748067538426
ViTscratch,200,29,0.4836924,0,1.0,False,0.0026500836733134372,0.002373347110719483
ViTscratch,200,29,0.30260924,0,0.0,True,0.0013732989495957534,4.674975035377048e-05
ViTscratch,200,29,0.3990895,0,0.0,True,-0.0018673517537025537,-0.0014682320384278849
ViTscratch,200,29,0.27300194,0,0.0,True,0.0026458438953199884,0.0018990746486636637
ViTscratch,200,29,0.17369053,0,0.0,True,0.004461591475489819,0.0028108267500810144
ViTscratch,200,29,0.9959843,1,1.0,True,0.012001673178096422,0.006212118173129243
ViTscratch,200,29,0.1595729,0,0.0,True,-0.004774148178469675,-0.002519297229323024
ViTscratch,200,29,0.22132193,0,0.0,True,-0.0007941173393402348,-0.0018243526646402153
ViTscratch,200,29,0.21080843,0,1.0,False,-0.008941915133799052,-0.004711895536730201
ViTscratch,200,29,0.35308334,0,1.0,False,0.0013392093965318434,0.005523351210263822
ViTscratch,200,29,0.20472847,0,0.0,True,-0.0012267078443553288,0.00045689947499443347
ViTscratch,200,29,0.5510358,1,1.0,True,0.011294679541587827,0.006435657417151399
ViTscratch,200,29,0.71178514,1,1.0,True,0.0023376717634762275,0.0015159086828102318
ViTscratch,200,29,0.24318494,0,0.0,True,0.0008533440637248672,-0.002368409374719596
ViTscratch,200,29,0.26055804,0,0.0,True,0.006435293989498283,0.003579438906450591
ViTscratch,200,29,0.20185384,0,0.0,True,0.005462559963607025,0.0018209543762479853
ViTscratch,200,29,0.83986765,1,1.0,True,0.004926623705718398,0.0038558108158578456
ViTscratch,200,29,0.25804383,0,0.0,True,-0.0054437855930405095,0.0007639215426350304
ViTscratch,200,29,0.12150095,0,0.0,True,-0.011543653628916134,-0.007844219764670604
ViTscratch,200,29,0.41778463,0,1.0,False,0.0054798212750575,0.002368864185170305
ViTscratch,200,29,0.46403,0,0.0,True,0.0046937591815882085,0.0031434783640878114
ViTscratch,200,29,0.32382065,0,1.0,False,-0.00048100083271238845,-0.002117436989860508
ViTscratch,200,29,0.3409664,0,0.0,True,0.0025700045559828265,-0.0001400900990458346
ViTscratch,200,29,0.2606783,0,0.0,True,-0.00870684050689714,-0.0038416309482935513
ViTscratch,200,29,0.6490111,1,1.0,True,0.0023764566583132593,0.0020288430707641678
ViTscratch,200,29,0.14250234,0,0.0,True,-0.004585866318130286,-0.00024098373377308562
ViTscratch,200,29,0.25444055,0,0.0,True,0.0030808614501179783,0.003115154239055537
ViTscratch,200,29,0.252024,0,1.0,False,0.0005507131789246789,0.0018613130078570822
ViTscratch,200,29,0.3687391,0,1.0,False,0.010338099765450453,0.006152070822120394
ViTscratch,200,29,0.24932721,0,0.0,True,0.010516754751248405,0.0031882621789714846
ViTscratch,200,29,0.2824157,0,1.0,False,0.009091590797422253,0.004151977428602465
ViTscratch,200,29,0.9218447,1,1.0,True,0.003310941334664165,0.005736146936126991
ViTscratch,200,30,0.32595935,0,0.0,True,-0.0021271238610909887,-0.0031395027392407933
ViTscratch,200,30,0.2095904,0,0.0,True,0.0003725728281193686,0.0028175266659510433
ViTscratch,200,30,0.3140417,0,0.0,True,-0.00548306958830358,-0.0006598439826997143
ViTscratch,200,30,0.2540945,0,1.0,False,-0.0007098698114323092,0.0017313511445532321
ViTscratch,200,30,0.26518643,0,1.0,False,-0.0010393070307232947,0.0024087910294070263
ViTscratch,200,30,0.64067715,1,1.0,True,0.009387638370328282,0.006867916471185309
ViTscratch,200,30,0.41682285,0,1.0,False,0.0033517974091403823,0.003411130152828064
ViTscratch,200,30,0.51823956,1,1.0,True,0.0010978946711444992,0.005754117749723812
ViTscratch,200,30,0.32735106,0,0.0,True,0.002932396683569041,0.003742671324823585
ViTscratch,200,30,0.19006085,0,0.0,True,-0.0009100031649031879,-0.0029527142318657726
ViTscratch,200,30,0.43357867,0,0.0,True,0.005388605617550416,0.004645505715079666
ViTscratch,200,30,0.4859159,0,0.0,True,-0.00024052955585428666,-0.002005904492295417
ViTscratch,200,30,0.2450839,0,0.0,True,0.00245876962992684,-0.00012984890704059718
ViTscratch,200,30,0.29842278,0,0.0,True,0.0010758344885793837,-0.0018423228199307136
ViTscratch,200,30,0.2611603,0,0.0,True,-0.005889933879873861,1.9292030056458994e-05
ViTscratch,200,30,0.22888586,0,0.0,True,0.004797459889626618,0.0028470371867102577
ViTscratch,200,30,0.44036242,0,0.0,True,-0.002120736345492915,-5.070250435623625e-06
ViTscratch,200,30,0.13687074,0,0.0,True,-0.004974969949258782,-0.002166367855421045
ViTscratch,200,30,0.18903929,0,0.0,True,0.0018350739805567398,0.0026305244331494386
ViTscratch,200,30,0.21211575,0,0.0,True,0.00022824077047922024,-0.0042048240432635085
ViTscratch,200,30,0.6481931,1,1.0,True,0.007437206126634515,0.002997506114863787
ViTscratch,200,30,0.31565598,0,0.0,True,0.0014471537278950898,0.0008211232591219191
ViTscratch,200,30,0.9353796,1,0.0,False,0.010096740033176071,0.006241237790339468
ViTscratch,200,30,0.45387793,0,1.0,False,-0.005955472464328924,-0.0004522947056526846
ViTscratch,200,30,0.4065441,0,1.0,False,-0.00398917902548551,-0.0032646445845124863
ViTscratch,200,30,0.26758823,0,1.0,False,-0.0077391991709500636,-0.0044591591752269144
ViTscratch,200,30,0.47500008,0,1.0,False,0.0029080839049053986,0.001858292856169917
ViTscratch,200,30,0.3251895,0,0.0,True,0.002005482299288157,0.0030183778014947994
ViTscratch,200,30,0.15918241,0,1.0,False,-0.00402012096482999,-0.008312373430734528
ViTscratch,200,30,0.20703168,0,0.0,True,-0.00026670174791266154,0.0008900294692892425
ViTscratch,200,30,0.38543576,0,1.0,False,0.00563871654037683,-0.0011006016693289147
ViTscratch,200,30,0.3940701,0,1.0,False,0.00205169528127457,0.0012996184509761922
ViTscratch,200,30,0.49821362,0,0.0,True,-0.0018755707834165875,0.0012424772533504017
ViTscratch,200,30,0.15863875,0,0.0,True,-0.004199565668237667,-0.0027461165464325505
ViTscratch,200,30,0.45193988,0,1.0,False,0.007236221193977641,0.005994891625199363
ViTscratch,200,30,0.34618202,0,1.0,False,0.0062837530159693305,0.005118004025801894
ViTscratch,200,30,0.62581223,1,1.0,True,1.407699361953666e-05,0.0026625167662079757
ViTscratch,200,30,0.7592239,1,1.0,True,0.0033807733789188005,0.004117098040151614
ViTscratch,200,30,0.4472802,0,0.0,True,-0.0020180867508344095,0.00014473540488394354
ViTscratch,200,30,0.34429318,0,1.0,False,0.012964424095412482,0.007556347606990134
ViTscratch,200,30,0.14528541,0,0.0,True,0.0005764448449221054,0.0018355164097125256
ViTscratch,200,30,0.18612751,0,0.0,True,-0.008203685617113543,-0.005672459433121231
ViTscratch,200,30,0.46484697,0,1.0,False,0.004067674242655467,0.006119079735421272
ViTscratch,200,30,0.22729225,0,0.0,True,-0.0020157407821675844,-0.0014934265743528736
ViTscratch,200,30,0.20056668,0,0.0,True,-0.0016632428338811073,-0.0021213485357750475
ViTscratch,200,30,0.20272374,0,0.0,True,0.0031856307556492216,0.00047421618124173794
ViTscratch,200,30,0.29000044,0,0.0,True,0.0057583629308848696,0.003910921984206803
ViTscratch,200,30,0.14843486,0,0.0,True,0.0011472602177921285,0.0020055141114343317
ViTscratch,200,30,0.7543117,1,1.0,True,0.010902115459754235,0.004582085653045272
ViTscratch,200,30,0.52474576,1,1.0,True,0.010120884413721188,0.0073032096495639414
ViTscratch,200,30,0.30512387,0,0.0,True,-0.001981804664718792,0.00032840242466848234
ViTscratch,200,30,0.68296546,1,1.0,True,0.002354887066396711,0.0069210194087150545
ViTscratch,200,30,0.11035558,0,0.0,True,-0.009923819191790419,-0.009038668197624843
ViTscratch,200,30,0.12931632,0,0.0,True,-0.006283066664238944,-0.005795918760724834
ViTscratch,200,30,0.21073033,0,1.0,False,0.007818913387889141,0.004463168798326089
ViTscratch,200,30,0.33416983,0,0.0,True,-0.003621294412122463,-0.002572064818878018
ViTscratch,200,30,0.25288856,0,0.0,True,0.004816961974577228,0.000672452601371664
ViTscratch,200,30,0.20782328,0,0.0,True,0.003712621594619894,0.0007993881573704442
ViTscratch,200,30,0.26725084,0,0.0,True,0.0032679540995946025,-0.0012807101099513356
ViTscratch,200,30,0.7605498,1,1.0,True,0.009865868315038674,0.00655770718447092
ViTscratch,200,30,0.51989836,1,0.0,False,-0.002928348616318649,0.0013070752202517934
ViTscratch,200,30,0.25038192,0,0.0,True,0.007587663252788602,-0.0007804337072390476
ViTscratch,200,30,0.29411903,0,0.0,True,-0.0034345411883199887,0.0011928751481050316
ViTscratch,200,30,0.18530586,0,0.0,True,0.0010945749663309639,-0.0003140006978952282
ViTscratch,200,30,0.74173605,1,1.0,True,0.006175783497099373,0.002765421641029083
ViTscratch,200,30,0.23616247,0,0.0,True,0.0034515524844029094,0.0017716865841271464
ViTscratch,200,30,0.2185549,0,1.0,False,-0.0054332066372580175,0.0016797649538088124
ViTscratch,200,30,0.13833176,0,1.0,False,-0.00539820840266202,-0.0027413574271072977
ViTscratch,200,30,0.34526756,0,1.0,False,0.0024336455278627486,0.0024422615407704946
ViTscratch,200,30,0.42928815,0,0.0,True,-0.004796019725311507,-0.0019380365322638814
ViTscratch,200,30,0.17026375,0,0.0,True,-0.00032527419174234,0.0018637298111224443
ViTscratch,200,30,0.34181696,0,0.0,True,0.002309311712522468,0.001232899098403937
ViTscratch,200,30,0.85568845,1,0.0,False,0.0014542297686841372,-0.00017559518715915058
ViTscratch,200,30,0.89832854,1,1.0,True,0.001055255646229036,0.0026699841047854085
ViTscratch,200,30,0.13229693,0,0.0,True,0.001389876168840112,0.00036059925928763484
ViTscratch,200,30,0.30187422,0,1.0,False,0.010068871166273686,0.003948984066342552
ViTscratch,200,30,0.3929454,0,1.0,False,-0.0032529908935072654,0.0020543908841280044
ViTscratch,200,30,0.7300138,1,1.0,True,0.009292894611239368,0.0053861031670598015
ViTscratch,200,30,0.33760092,0,0.0,True,0.003656552935439563,0.0011724216593590486
ViTscratch,200,30,0.40923607,0,1.0,False,0.001779693395494605,-0.0014384684011754694
ViTscratch,200,30,0.48205677,0,1.0,False,0.0014901250406655193,0.0030557603079476104
ViTscratch,200,30,0.45525974,0,1.0,False,0.008240487042182878,0.0036014351105029953
ViTscratch,200,30,0.313028,0,0.0,True,0.005071306682266433,0.000600158821078546
ViTscratch,200,30,0.3184308,0,1.0,False,0.0039002122459868586,0.003430467162374481
ViTscratch,200,30,0.13281438,0,1.0,False,0.007992926030373554,-0.00024807087693221074
ViTscratch,200,30,0.20005433,0,0.0,True,-0.0046489551620147755,-0.005163994603207782
ViTscratch,200,30,0.2571374,0,0.0,True,-0.005331110997645415,0.000423366526992417
ViTscratch,200,30,0.42320788,0,1.0,False,0.003137191830054007,0.0004494894483940494
ViTscratch,200,30,0.119180225,0,0.0,True,-0.0030151972663493023,0.001536371832722377
ViTscratch,200,30,0.20058732,0,1.0,False,0.002675052319237434,-0.0009682425935846358
ViTscratch,200,30,0.31945652,0,1.0,False,-0.001658752018821141,-0.0006304145910209188
ViTscratch,200,30,0.1390618,0,0.0,True,0.001440218965020275,-0.0021065222811429913
ViTscratch,200,30,0.36333624,0,1.0,False,0.0026855802463251702,0.0016034096196338504
ViTscratch,200,30,0.31575537,0,0.0,True,-0.0019834895027315063,0.002240833982283006
ViTscratch,200,30,0.5327321,1,1.0,True,-0.0006483399759639435,0.0039396001504489325
ViTscratch,200,30,0.15510538,0,0.0,True,0.007327658913752346,0.0029887498206614947
ViTscratch,200,30,0.7456087,1,1.0,True,0.0018170670455307833,0.0037630211386472543
ViTscratch,200,30,0.3742529,0,1.0,False,0.005275377684714738,0.004710425358105204
ViTscratch,200,30,0.5770351,1,1.0,True,0.006792436477910997,0.006306294778472388
ViTscratch,200,30,0.41780388,0,0.0,True,-0.00265187209846725,-0.0029122242872229626
ViTscratch,200,31,0.4954049,0,1.0,False,0.00177633388485417,0.0006759883327777744
ViTscratch,200,31,0.29007286,0,0.0,True,0.011141497840944786,0.005224708558841632
ViTscratch,200,31,0.814271,1,1.0,True,0.0017033255398752225,0.00644287430187434
ViTscratch,200,31,0.17388023,0,0.0,True,-0.002257140750658949,-0.0018859790628540933
ViTscratch,200,31,0.14111689,0,1.0,False,0.0013882324838692256,0.0009481396683741522
ViTscratch,200,31,0.23433542,0,0.0,True,0.004117473407054582,0.0033458742508485975
ViTscratch,200,31,0.23453118,0,0.0,True,0.00481289562332144,0.0026621373076610704
ViTscratch,200,31,0.18299952,0,0.0,True,-0.0037750456638585388,-0.004110999195726842
ViTscratch,200,31,0.21068384,0,0.0,True,-0.0007314459823809446,0.0011305440449548194
ViTscratch,200,31,0.253189,0,1.0,False,-0.004722720376347872,0.0001542319525598644
ViTscratch,200,31,0.7074915,1,1.0,True,0.0059835014856070064,0.007359247579600373
ViTscratch,200,31,0.5175591,1,1.0,True,0.010451005609589137,0.006951081936459961
ViTscratch,200,31,0.56104374,1,0.0,False,0.0010472934313296854,0.0051302386466848815
ViTscratch,200,31,0.22046496,0,0.0,True,-0.006133931747167819,-0.0038068565181893447
ViTscratch,200,31,0.19294529,0,0.0,True,-0.006163318099615434,-0.008369456781578048
ViTscratch,200,31,0.31634986,0,0.0,True,0.0021159323629650084,0.0016950546135390495
ViTscratch,200,31,0.73956925,1,0.0,False,-0.0027132996417572695,0.0022427422002109275
ViTscratch,200,31,0.43187326,0,1.0,False,0.001989786417989742,0.0015673801265009052
ViTscratch,200,31,0.2406944,0,1.0,False,0.00937272328422492,0.007003634613106679
ViTscratch,200,31,0.29087442,0,1.0,False,-0.011472334410065404,-0.0017027396493466457
ViTscratch,200,31,0.29842973,0,0.0,True,0.002000362891833374,1.4418702800156501e-05
ViTscratch,200,31,0.37409243,0,0.0,True,-0.0009861551884487178,0.001885083986681094
ViTscratch,200,31,0.33599752,0,1.0,False,0.007752249446774656,0.005907938256587669
ViTscratch,200,31,0.25352526,0,1.0,False,0.002853375099388523,0.0015799630316532607
ViTscratch,200,31,0.3880013,0,0.0,True,-0.0008656309062553075,0.0011212770940085897
ViTscratch,200,31,0.4671585,0,1.0,False,0.004214907341652042,-0.001568301818964944
ViTscratch,200,31,0.21932329,0,0.0,True,-0.0037069989794497665,0.0004876224721706384
ViTscratch,200,31,0.3838979,0,1.0,False,-0.0005598995114551605,-0.00010762565376757357
ViTscratch,200,31,0.2801266,0,0.0,True,0.005225356882034472,0.00015028352452717985
ViTscratch,200,31,0.47128844,0,1.0,False,0.003343415112320617,0.003049033927465727
ViTscratch,200,31,0.18142454,0,1.0,False,-0.00037575172856609175,-0.0015866390989677842
ViTscratch,200,31,0.14878775,0,0.0,True,0.0007433282979976025,-0.004367538048391405
ViTscratch,200,31,0.59516174,1,1.0,True,0.008629901299181886,0.00908240490306861
ViTscratch,200,31,0.2113908,0,0.0,True,-0.004424078572592527,-0.0015081269810996495
ViTscratch,200,31,0.50162965,1,1.0,True,0.005041258378021586,0.0056078575629170645
ViTscratch,200,31,0.9944213,1,1.0,True,0.004354498713724084,0.0025781998105916877
ViTscratch,200,31,0.43148115,0,1.0,False,-0.00020976968479575388,-0.005753051451520622
ViTscratch,200,31,0.5199194,1,0.0,False,0.005324541893402375,0.002313977095405154
ViTscratch,200,31,0.71285367,1,0.0,False,0.009577752006635472,0.005319087637150616
ViTscratch,200,31,0.18199864,0,1.0,False,-0.006432342166852408,0.0013348964765701817
ViTscratch,200,31,0.17282034,0,0.0,True,0.006683165895469229,-0.00045358218438734026
ViTscratch,200,31,0.5091326,1,1.0,True,-0.0016681482666376095,0.0020308491436550964
ViTscratch,200,31,0.34447956,0,1.0,False,0.003565870154608916,0.005186854612171039
ViTscratch,200,31,0.5001407,1,1.0,True,0.002412090217086538,0.0009320271115881109
ViTscratch,200,31,0.36472893,0,1.0,False,0.01033825011766764,0.00802153678159426
ViTscratch,200,31,0.27359733,0,1.0,False,0.009067461154488398,0.005638458886049626
ViTscratch,200,31,0.18536976,0,0.0,True,0.0011029128658865302,0.002514359171458099
ViTscratch,200,31,0.17583267,0,0.0,True,0.0030697159481809784,-0.0006984081378487693
ViTscratch,200,31,0.23583761,0,0.0,True,-0.00458889982598529,-0.004145273522274066
ViTscratch,200,31,0.97904027,1,1.0,True,0.00648702699752318,0.0076653502756217655
ViTscratch,200,31,0.1778611,0,0.0,True,-0.0005858301351057758,0.001732787821174086
ViTscratch,200,31,0.42149556,0,1.0,False,0.005122764038784582,0.006018145152923786
ViTscratch,200,31,0.34443226,0,1.0,False,0.005718096688993492,0.0018047845050209745
ViTscratch,200,31,0.61118793,1,0.0,False,0.0002768268881421444,0.00139312361588831
ViTscratch,200,31,0.2090686,0,0.0,True,0.006783890080382531,0.0049118831788534205
ViTscratch,200,31,0.30810836,0,0.0,True,-0.00824201237120673,-0.0011589013792025118
ViTscratch,200,31,0.26436996,0,0.0,True,-0.000657811676473541,0.0008276305145524813
ViTscratch,200,31,0.3933213,0,0.0,True,0.0055171942510354385,0.0021035238169205225
ViTscratch,200,31,0.2873185,0,0.0,True,0.004349410605045192,-0.00041601678650230687
ViTscratch,200,31,0.45933318,0,1.0,False,-0.0002583892601819839,-0.00030944107212501167
ViTscratch,200,31,0.7895007,1,1.0,True,0.0031202938301264005,0.005221725785091
ViTscratch,200,31,0.47599,0,0.0,True,0.0020911965728747477,-0.002156616962319556
ViTscratch,200,31,0.5162668,1,1.0,True,0.008891151876313366,0.0076792371300071546
ViTscratch,200,31,0.17206791,0,0.0,True,-0.004931750977606278,-0.003609373591945247
ViTscratch,200,31,0.26969132,0,0.0,True,0.0026261811677972644,0.0018041268450845317
ViTscratch,200,31,0.15585269,0,0.0,True,-0.0024130488708414624,-0.004131975500737215
ViTscratch,200,31,0.34242824,0,0.0,True,0.00929224498124802,0.0030695874769451764
ViTscratch,200,31,0.5943952,1,0.0,False,0.0015114134803088772,0.0009861307848962246
ViTscratch,200,31,0.53606445,1,1.0,True,0.012133310512032942,0.008486643835846769
ViTscratch,200,31,0.5514645,1,1.0,True,-0.007110323613979196,0.0010905261162936163
ViTscratch,200,31,0.13846608,0,0.0,True,0.0011478534788148774,0.0009280525029819438
ViTscratch,200,31,0.18557745,0,0.0,True,0.002529793298512191,-0.0019214943437148794
ViTscratch,200,31,0.25273305,0,0.0,True,0.007583309726998331,0.0015554558822983937
ViTscratch,200,31,0.31737277,0,0.0,True,0.00027042535874748937,-0.0003831511997840822
ViTscratch,200,31,0.15726666,0,1.0,False,-0.0049921299426730955,-0.007925203136523472
ViTscratch,200,31,0.1380305,0,0.0,True,-0.00552922122840395,-0.002318482734076792
ViTscratch,200,31,0.7994915,1,0.0,False,0.008190924749752308,0.005667491108313929
ViTscratch,200,31,0.45745656,0,1.0,False,0.005764216148297344,0.004472028300152511
ViTscratch,200,31,0.28641057,0,0.0,True,-2.7095431054825068e-05,-0.000555069025840852
ViTscratch,200,31,0.19423553,0,0.0,True,-0.006514572940217017,-0.0026031599222437994
ViTscratch,200,31,0.9726552,1,1.0,True,0.009191012976968818,0.008463277056982594
ViTscratch,200,31,0.09724389,0,0.0,True,-0.0047108164606648375,-0.004672087202080628
ViTscratch,200,31,0.48263276,0,1.0,False,0.006477571111471223,0.006120071070447554
ViTscratch,200,31,0.3994528,0,1.0,False,0.0036674966185738633,0.0051373687287340885
ViTscratch,200,31,0.75811625,1,1.0,True,0.006172020372298049,0.009990424926420436
ViTscratch,200,31,0.8988382,1,1.0,True,0.014300298615919691,0.007664669265506702
ViTscratch,200,31,0.17620991,0,0.0,True,-0.0026702713871848576,-0.0013924429570515641
ViTscratch,200,31,0.120556906,0,0.0,True,-0.002464749080323106,-0.005721886943871767
ViTscratch,200,31,0.26763287,0,1.0,False,0.005597326450965394,0.0031713460872472028
ViTscratch,200,31,0.1916509,0,1.0,False,-0.005510027506719137,0.0003188326366654583
ViTscratch,200,31,0.61268336,1,0.0,False,-0.0029863642128480504,-0.0002745629356088061
ViTscratch,200,31,0.123005584,0,0.0,True,-0.01130705771568581,-0.0065024114427019815
ViTscratch,200,31,0.26192313,0,1.0,False,-0.0009263771900830825,0.0003035492946384031
ViTscratch,200,31,0.6211552,1,1.0,True,-0.004228293271444804,0.0004955518472594746
ViTscratch,200,31,0.15586017,0,0.0,True,0.007781884107299653,0.002158943863733714
ViTscratch,200,31,0.3605247,0,0.0,True,0.003768089195221827,-0.0022422516125154644
ViTscratch,200,31,0.31173962,0,1.0,False,0.0025345218385017846,0.004759870144658406
ViTscratch,200,31,0.7403736,1,0.0,False,0.0015073539345251278,0.000705510823353107
ViTscratch,200,31,0.50791687,1,0.0,False,0.0014106850429126537,0.004006016044433109
ViTscratch,200,31,0.15081623,0,0.0,True,0.0027762165245855735,-0.0024595458598691638
ViTscratch,200,32,0.48333278,0,1.0,False,0.006102461291945497,0.00012578395534085465
ViTscratch,200,32,0.19085789,0,0.0,True,-0.0066496313851581055,0.0002884212599738179
ViTscratch,200,32,0.5065013,1,1.0,True,-0.004627150058528222,-0.002021902659914495
ViTscratch,200,32,0.17508934,0,0.0,True,0.0031619507812260654,-0.0021950849818983967
ViTscratch,200,32,0.40418223,0,1.0,False,-0.0011211825111861183,0.002051632745302979
ViTscratch,200,32,0.19116713,0,0.0,True,0.0006386944807338402,-0.0009757967511887769
ViTscratch,200,32,0.37638366,0,0.0,True,0.0013522569524285339,-0.0008104926250429518
ViTscratch,200,32,0.1888884,0,0.0,True,-0.0002343601957586401,0.006190026367393896
ViTscratch,200,32,0.11642179,0,0.0,True,-0.0003208343448166435,-0.0019331207586266597
ViTscratch,200,32,0.803908,1,1.0,True,0.012640100047865152,0.007611160984029968
ViTscratch,200,32,0.38223064,0,1.0,False,-0.0033016779413142607,0.0022083708334619686
ViTscratch,200,32,0.45574048,0,1.0,False,0.006538315352321671,5.574580452928032e-06
ViTscratch,200,32,0.35579944,0,1.0,False,0.004721366238799372,0.006244450828537888
ViTscratch,200,32,0.43507126,0,0.0,True,-0.0005519066841399849,-0.0018645608311414887
ViTscratch,200,32,0.19759789,0,0.0,True,0.009849246424115964,0.00214104260453949
ViTscratch,200,32,0.2661348,0,0.0,True,-0.004442141336333328,-0.0013309489484367174
ViTscratch,200,32,0.19562972,0,0.0,True,-0.004070212510527372,0.002367817809580095
ViTscratch,200,32,0.29846272,0,1.0,False,0.004270193099628845,0.002139835249446654
ViTscratch,200,32,0.94526875,1,1.0,True,0.014765676653582254,0.010295651411403674
ViTscratch,200,32,0.46226242,0,1.0,False,0.007588091374917588,0.005214180516891679
ViTscratch,200,32,0.32305297,0,1.0,False,0.003466259576315307,0.005065789103540601
ViTscratch,200,32,0.26839304,0,0.0,True,0.003797362072464716,0.00017846520083173974
ViTscratch,200,32,0.1698651,0,0.0,True,-0.00016970035601573702,-0.0017844053225806083
ViTscratch,200,32,0.94710964,1,1.0,True,0.009454291371470136,0.010686486942627745
ViTscratch,200,32,0.20381121,0,0.0,True,0.00029989477225455705,-0.0025209168786007497
ViTscratch,200,32,0.30856255,0,1.0,False,0.001808116141248829,0.004786971904531829
ViTscratch,200,32,0.4521211,0,0.0,True,0.004569838303615756,0.0034223697305135964
ViTscratch,200,32,0.17036334,0,0.0,True,-0.007483499649589332,-0.003900121224295073
ViTscratch,200,32,0.19293836,0,0.0,True,0.0009544520159119995,-0.0017326452984493268
ViTscratch,200,32,0.80638754,1,1.0,True,-0.00019165693480464207,0.004244120400908507
ViTscratch,200,32,0.52861446,1,0.0,False,0.006465383715378672,-0.002031566492071909
ViTscratch,200,32,0.21872741,0,0.0,True,0.004090744567149699,0.004555230811726327
ViTscratch,200,32,0.25094125,0,1.0,False,0.0014567725847408675,0.0013849801459451254
ViTscratch,200,32,0.7943963,1,1.0,True,0.004019497125399736,0.009344771424559868
ViTscratch,200,32,0.33926827,0,0.0,True,-0.0036699899530020235,0.00022449518279365205
ViTscratch,200,32,0.14746314,0,0.0,True,0.00045520026396194156,0.0010338837890655193
ViTscratch,200,32,0.41599298,0,1.0,False,0.004211565198722271,0.002962108687202912
ViTscratch,200,32,0.33668613,0,1.0,False,-0.003972096354997881,-0.001588901652414133
ViTscratch,200,32,0.28637224,0,1.0,False,-5.090959865020599e-05,0.004936722820858471
ViTscratch,200,32,0.2159205,0,1.0,False,0.012814716782904783,0.005736245798614501
ViTscratch,200,32,0.10269232,0,1.0,False,-0.00016551327090155826,-0.004043619765207783
ViTscratch,200,32,0.24741524,0,0.0,True,-0.004633381996002297,-0.0010939303894471621
ViTscratch,200,32,0.9273932,1,1.0,True,0.006265294750399867,0.006205385655556469
ViTscratch,200,32,0.41700867,0,1.0,False,-0.0005169283877521317,0.0007656192283920654
ViTscratch,200,32,0.3170395,0,1.0,False,0.002838343218389871,0.007305189592977914
ViTscratch,200,32,0.42808902,0,1.0,False,-0.0007074964462015142,0.003246377357136305
ViTscratch,200,32,0.29662666,0,0.0,True,0.007215423231118245,0.0015400338969386571
ViTscratch,200,32,0.19531138,0,0.0,True,-0.003736893250775622,-0.002260512478886288
ViTscratch,200,32,0.8778101,1,1.0,True,0.00586363861968694,0.006104958044402365
ViTscratch,200,32,0.24832097,0,1.0,False,0.001404979711616373,-0.002495984249123835
ViTscratch,200,32,0.5812132,1,1.0,True,0.0057250572991571795,0.0074274328758347115
ViTscratch,200,32,0.29031327,0,1.0,False,-0.001109205903112453,-0.0010097973296176728
ViTscratch,200,32,0.28642997,0,0.0,True,-0.002479974316658206,0.0010678224305970892
ViTscratch,200,32,0.6636116,1,0.0,False,-0.0001821077204962492,0.0012302016064568405
ViTscratch,200,32,0.49453825,0,1.0,False,0.006797195214099889,0.0003143492261646165
ViTscratch,200,32,0.27848223,0,0.0,True,-0.0070212183282132665,-0.007945824276769424
ViTscratch,200,32,0.38257232,0,1.0,False,-0.00040203020502343594,0.002418135968766854
ViTscratch,200,32,0.21836545,0,0.0,True,-0.0028710002555550856,0.001075650326728299
ViTscratch,200,32,0.13981773,0,0.0,True,-0.0075435458908807845,-0.005270420219721109
ViTscratch,200,32,0.33862922,0,0.0,True,-0.010452477789133219,-0.0009067087152585087
ViTscratch,200,32,0.39236397,0,1.0,False,0.0028189626886427547,0.004668159914020774
ViTscratch,200,32,0.38833994,0,1.0,False,0.009279937226838274,0.005829038280883757
ViTscratch,200,32,0.42011046,0,0.0,True,-0.0011062534635772833,0.001384829012393093
ViTscratch,200,32,0.4637311,0,1.0,False,0.006376186308758313,0.004629610457983935
ViTscratch,200,32,0.20972225,0,0.0,True,0.004314004475059306,0.0007218909996775424
ViTscratch,200,32,0.31248307,0,1.0,False,0.002904297091261514,0.0002155675297443099
ViTscratch,200,32,0.35722136,0,1.0,False,0.00417664200538456,0.005526696165453917
ViTscratch,200,32,0.38784808,0,1.0,False,0.002422629502998018,0.0015979154108326725
ViTscratch,200,32,0.14141627,0,0.0,True,0.00028756745897616303,0.002980479025867867
ViTscratch,200,32,0.857737,1,1.0,True,0.0063250368248223545,0.006994806026293567
ViTscratch,200,32,0.27275315,0,1.0,False,0.0011305103285940744,-0.0033028725819158155
ViTscratch,200,32,0.15846597,0,1.0,False,-0.009140005399829454,-0.002435084383201577
ViTscratch,200,32,0.2698789,0,1.0,False,-0.002181953782128894,-0.001607611176542535
ViTscratch,200,32,0.5295813,1,1.0,True,0.003018773699487375,0.004783424556602487
ViTscratch,200,32,0.18595982,0,0.0,True,0.0030053774615543287,0.0013262150783260116
ViTscratch,200,32,0.35293022,0,1.0,False,0.008280160139322474,0.0025096890931660108
ViTscratch,200,32,0.2043432,0,1.0,False,0.003201840139831105,0.0021268725968296544
ViTscratch,200,32,0.36626902,0,0.0,True,0.003667119503032827,0.0003265205919389382
ViTscratch,200,32,0.28861907,0,1.0,False,9.977574224573826e-05,-0.0035524705859180687
ViTscratch,200,32,0.2510451,0,0.0,True,-0.008418706457980535,-0.007456942141449897
ViTscratch,200,32,0.2181827,0,0.0,True,-0.00565258037230312,-0.00307109240214416
ViTscratch,200,32,0.3281497,0,0.0,True,0.008571735672477909,0.004767722990197929
ViTscratch,200,32,0.25238776,0,1.0,False,0.004913164212404727,-0.00041347529049645275
ViTscratch,200,32,0.11665012,0,0.0,True,0.0040705828763917045,0.0017886899456031548
ViTscratch,200,32,0.20353463,0,1.0,False,0.0007161758300855236,-0.00012304152546439173
ViTscratch,200,32,0.15588772,0,0.0,True,0.00011085419911605919,-0.003415395082486026
ViTscratch,200,32,0.34269968,0,0.0,True,-0.0008258017161615446,-0.0017349708182511593
ViTscratch,200,32,0.6281887,1,1.0,True,0.005077781401421836,0.006374278718707275
ViTscratch,200,32,0.40251914,0,1.0,False,0.007736166117648299,0.004682523333912536
ViTscratch,200,32,0.2775621,0,1.0,False,-0.010452292850254976,-0.005692666179848028
ViTscratch,200,32,0.29801655,0,0.0,True,-0.00870462514621375,-0.003915529850451986
ViTscratch,200,32,0.19086145,0,0.0,True,-0.005127210599261047,-0.0007821681792176604
ViTscratch,200,32,0.23676108,0,0.0,True,0.0014201538478959433,0.0019794189107520087
ViTscratch,200,32,0.14028159,0,0.0,True,-0.0045284263910570855,-0.003960828488042198
ViTscratch,200,32,0.8558677,1,1.0,True,0.0049767014082258325,0.008492368214708538
ViTscratch,200,32,0.20610948,0,0.0,True,0.0008921675423894502,0.0029349829240270446
ViTscratch,200,32,0.2408057,0,1.0,False,-0.007820777362748922,-0.0026268188808749333
ViTscratch,200,32,0.35992047,0,1.0,False,0.0014058102123813408,0.0049647510880822645
ViTscratch,200,32,0.6045267,1,1.0,True,0.011260013552480628,0.004988388487965308
ViTscratch,200,32,0.30401915,0,1.0,False,-0.0004217786401073167,0.003498361781983053
ViTscratch,200,33,0.37109903,0,1.0,False,0.004460100835378701,0.005121460413075689
ViTscratch,200,33,0.7704786,1,1.0,True,0.005065332915556692,0.004076282385118098
ViTscratch,200,33,0.22091141,0,0.0,True,0.002983366121770314,0.002011724447438534
ViTscratch,200,33,0.17162266,0,0.0,True,-0.004948993071551642,-0.0009590290135043359
ViTscratch,200,33,0.62545544,1,1.0,True,0.0019596883195963353,0.00040290147707499154
ViTscratch,200,33,0.20256701,0,0.0,True,0.005367088504793227,-0.00038825790238952625
ViTscratch,200,33,0.21763904,0,1.0,False,-0.0011175626851183248,-0.00018585051344560043
ViTscratch,200,33,0.30689937,0,0.0,True,-0.002917169215304642,0.0006026973089222453
ViTscratch,200,33,0.34559152,0,1.0,False,-0.0006160992557531157,0.004217943987197397
ViTscratch,200,33,0.21853702,0,1.0,False,-0.0023048948313126125,0.0018225302091961647
ViTscratch,200,33,0.21912676,0,1.0,False,0.0021464408438498536,0.0004638421638686902
ViTscratch,200,33,0.20378189,0,1.0,False,0.004203803909242206,0.002651521394391545
ViTscratch,200,33,0.36728176,0,1.0,False,0.009459356899152437,0.0061621411244925615
ViTscratch,200,33,0.54465103,1,1.0,True,-0.0017114880830350072,0.0021616288959875308
ViTscratch,200,33,0.11509187,0,0.0,True,-0.0035842603016673787,-0.007246714839932671
ViTscratch,200,33,0.1344964,0,0.0,True,-0.002973469744159666,-8.240669139216737e-06
ViTscratch,200,33,0.3351387,0,1.0,False,3.920135783813754e-05,0.00482415676753681
ViTscratch,200,33,0.15868902,0,0.0,True,-0.002012452433883066,-0.0047397869917455504
ViTscratch,200,33,0.43738523,0,1.0,False,0.004233468514688555,0.005730939733728444
ViTscratch,200,33,0.402179,0,1.0,False,0.004288142288449797,0.004173004575548994
ViTscratch,200,33,0.5527991,1,0.0,False,0.009326401339950689,0.0029717189372548128
ViTscratch,200,33,0.118798375,0,0.0,True,-0.0022083788144992788,-0.002713780829487143
ViTscratch,200,33,0.6115039,1,0.0,False,0.00396766626908737,0.005161572131790807
ViTscratch,200,33,0.14297298,0,0.0,True,0.006455013538546641,0.001358895384330353
ViTscratch,200,33,0.1729137,0,0.0,True,0.0011049835133729875,0.000679357725677392
ViTscratch,200,33,0.3098688,0,1.0,False,-0.0034660080195679822,0.003855667081804996
ViTscratch,200,33,0.67646843,1,1.0,True,0.013014945043213988,0.007203828701261457
ViTscratch,200,33,0.23532493,0,0.0,True,0.0013567839195979898,0.0008060453400503779
ViTscratch,200,33,0.36542976,0,1.0,False,0.005605480156720834,0.004812060278266404
ViTscratch,200,33,0.32183728,0,1.0,False,-0.0029841174721110765,-0.0013558613377894436
ViTscratch,200,33,0.58013624,1,1.0,True,0.0016889693382846553,-0.001531382480186851
ViTscratch,200,33,0.5220994,1,1.0,True,0.0019065256464680992,0.0031708465550612753
ViTscratch,200,33,0.11996025,0,0.0,True,-0.009476169596736026,-0.004205057062055191
ViTscratch,200,33,0.72798693,1,1.0,True,-0.0018205641237702423,0.003337317189514391
ViTscratch,200,33,0.51404595,1,1.0,True,0.0013923294914433993,0.0012437117510576664
ViTscratch,200,33,0.22722133,0,0.0,True,0.005477356802013561,0.0014861105884102855
ViTscratch,200,33,0.5304323,1,1.0,True,0.014269461399088548,0.007599904010329547
ViTscratch,200,33,0.5783629,1,1.0,True,0.0062012805924257395,0.006821199054534757
ViTscratch,200,33,0.17494033,0,1.0,False,0.0029118330885619056,0.0030703799817100243
ViTscratch,200,33,0.5670747,1,1.0,True,0.008140824834406054,0.0032492880400578376
ViTscratch,200,33,0.28400448,0,0.0,True,0.0002867971472319904,0.0015226807507232023
ViTscratch,200,33,0.32336754,0,0.0,True,0.00840253963433066,0.005251292518062167
ViTscratch,200,33,0.17247766,0,0.0,True,0.0032443341777489126,0.002396243450102627
ViTscratch,200,33,0.9143141,1,1.0,True,-0.005609405580311133,0.0003214212618190328
ViTscratch,200,33,0.65120715,1,0.0,False,-5.003096277739539e-05,0.002216865644375746
ViTscratch,200,33,0.344595,0,0.0,True,0.0067464870111560785,0.0030570372326236537
ViTscratch,200,33,0.8010199,1,1.0,True,0.00517155340956639,0.0065443532182810765
ViTscratch,200,33,0.5183076,1,1.0,True,0.005614510082399558,0.0064611893347469255
ViTscratch,200,33,0.99379563,1,1.0,True,0.009044143958931555,0.005842603145611712
ViTscratch,200,33,0.15794149,0,0.0,True,0.007838024854298417,0.0032982018711881674
ViTscratch,200,33,0.99087346,1,1.0,True,0.017397676006829555,0.010435514621550932
ViTscratch,200,33,0.23520645,0,0.0,True,-0.0009583217474276856,-0.0009871452588434166
ViTscratch,200,33,0.34680575,0,1.0,False,0.007023251214182094,0.00900896483083201
ViTscratch,200,33,0.19662094,0,0.0,True,0.00035468303467914617,-0.0008540374577535067
ViTscratch,200,33,0.31545508,0,0.0,True,0.010189617490465737,0.004322007947297436
ViTscratch,200,33,0.17994075,0,0.0,True,-0.007239633435108616,-0.0027745789757123466
ViTscratch,200,33,0.35507885,0,1.0,False,-0.0008372049825181615,0.0004737305537461779
ViTscratch,200,33,0.49259806,0,0.0,True,0.004321618083416054,0.005869055398731883
ViTscratch,200,33,0.5506732,1,1.0,True,0.004167667719149012,0.0029977602800483525
ViTscratch,200,33,0.35200214,0,1.0,False,-0.0009227782878559035,-0.0010752253145788464
ViTscratch,200,33,0.23951867,0,1.0,False,0.004396041887138184,0.003694524427023977
ViTscratch,200,33,0.20024855,0,0.0,True,-0.002481693070698354,-0.0008776443967327388
ViTscratch,200,33,0.40168914,0,1.0,False,0.005266037201946669,0.004599685459173988
ViTscratch,200,33,0.3275209,0,0.0,True,-0.013027852111991615,-0.00900417632794071
ViTscratch,200,33,0.38873848,0,0.0,True,0.001924738231792991,0.00011470866779049193
ViTscratch,200,33,0.2620819,0,0.0,True,-0.006064267361361119,-0.0036599991100689584
ViTscratch,200,33,0.160951,0,1.0,False,-0.0014830447281872787,0.00027622793627738004
ViTscratch,200,33,0.74254847,1,1.0,True,0.007083109561280992,0.005061733145176137
ViTscratch,200,33,0.13617215,0,0.0,True,-0.004818380712277779,-0.005583703795626267
ViTscratch,200,33,0.61856914,1,1.0,True,0.01046979254391958,0.006516684200932844
ViTscratch,200,33,0.13935846,0,0.0,True,-0.0028710292504621877,-0.0048685285391396795
ViTscratch,200,33,0.216632,0,0.0,True,-0.004888437217448982,-0.0013501782943954861
ViTscratch,200,33,0.16977395,0,1.0,False,0.00025819807292288356,-0.0030132704546283547
ViTscratch,200,33,0.40306517,0,1.0,False,0.0026512506681591933,0.0013741879286512033
ViTscratch,200,33,0.20594469,0,1.0,False,0.00361363537105536,0.0037983945913832406
ViTscratch,200,33,0.80617166,1,1.0,True,0.0014020458597375023,-0.0013397226081601806
ViTscratch,200,33,0.23794845,0,0.0,True,-0.0010537741277799636,0.0011857380785414207
ViTscratch,200,33,0.7720775,1,1.0,True,0.007050251234311072,0.002459863244344819
ViTscratch,200,33,0.16021095,0,0.0,True,-0.010911683163257305,-0.008926050667953586
ViTscratch,200,33,0.35752806,0,0.0,True,0.004047919346597364,0.0030248992794555496
ViTscratch,200,33,0.7124559,1,1.0,True,0.00974010858291279,0.008153154722553933
ViTscratch,200,33,0.9386671,1,1.0,True,0.007974929830061473,0.008877073491879835
ViTscratch,200,33,0.29341057,0,0.0,True,-0.0026795169375949776,0.0013932702482175026
ViTscratch,200,33,0.2875367,0,0.0,True,0.004321447123599802,0.0028462964755633993
ViTscratch,200,33,0.5009664,1,1.0,True,0.011721069782114003,0.004776219618527805
ViTscratch,200,33,0.15450704,0,0.0,True,0.0009024664251796582,-0.002495863342153122
ViTscratch,200,33,0.15362217,0,0.0,True,-0.009992332306912731,-0.00613471888827017
ViTscratch,200,33,0.31950217,0,0.0,True,-0.0075679125056141655,-0.0019963499607005505
ViTscratch,200,33,0.3608744,0,0.0,True,0.0021204827046684745,0.0010423988791048813
ViTscratch,200,33,0.1782533,0,0.0,True,-0.0033681878602009555,-0.002665969764141128
ViTscratch,200,33,0.19208162,0,0.0,True,0.0034414049948700513,0.0036233326815677354
ViTscratch,200,33,0.8230274,1,1.0,True,0.0044098019320760445,0.005403345384583154
ViTscratch,200,33,0.23916525,0,0.0,True,-0.003468663838017353,-0.003021804020849148
ViTscratch,200,33,0.2580387,0,0.0,True,0.004285438903129843,-0.0018264110636607722
ViTscratch,200,33,0.17977345,0,0.0,True,-0.001001183179146966,-0.004402598336851495
ViTscratch,200,33,0.49635687,0,0.0,True,0.0018124988288364889,-0.0002464823175285537
ViTscratch,200,33,0.77898926,1,1.0,True,0.003141169254476043,0.0069861343295265655
ViTscratch,200,33,0.18402511,0,0.0,True,-0.004379357226013236,-0.0036615232019602353
ViTscratch,200,33,0.10316909,0,0.0,True,-0.008123903510451239,-0.008218190976177337
ViTscratch,200,33,0.36523035,0,0.0,True,-0.005421143780850834,-0.007826514277421483
ViTscratch,200,34,0.8236965,1,0.0,False,0.008968464802495892,0.003902934186677447
ViTscratch,200,34,0.65631473,1,1.0,True,0.008793789547697821,0.008413118524930369
ViTscratch,200,34,0.9707447,1,1.0,True,0.0032762004264412403,0.004723304393029984
ViTscratch,200,34,0.25459778,0,0.0,True,-0.0017576309693671944,-0.0019945134497781655
ViTscratch,200,34,0.28095543,0,0.0,True,0.0030231536802133906,0.0001620374637152973
ViTscratch,200,34,0.236528,0,0.0,True,0.0010139261515197022,-0.0012564473509773515
ViTscratch,200,34,0.47755548,0,1.0,False,-0.002956263326815703,0.0013988567700737942
ViTscratch,200,34,0.14439389,0,0.0,True,-0.01116688176916987,-0.006432425774543645
ViTscratch,200,34,0.30285248,0,0.0,True,0.002560958515842922,0.005716630050191602
ViTscratch,200,34,0.84856045,1,1.0,True,0.005129804124214692,0.009076144983002445
ViTscratch,200,34,0.17388,0,0.0,True,0.00029989477225397343,-0.0007067588931590142
ViTscratch,200,34,0.42919058,0,0.0,True,0.0082363176550884,0.00510726947256796
ViTscratch,200,34,0.13071433,0,0.0,True,0.003156725072818148,-0.00021068130917580954
ViTscratch,200,34,0.1254928,0,0.0,True,-0.0011866289555862455,-0.0037325708178321424
ViTscratch,200,34,0.40290198,0,0.0,True,0.0018714203390674923,0.0017511668485788799
ViTscratch,200,34,0.17313997,0,0.0,True,0.004349545242234242,0.0006589818000716947
ViTscratch,200,34,0.9634407,1,0.0,False,0.006660872735074439,0.0034511394253420365
ViTscratch,200,34,0.22261581,0,0.0,True,-0.0071859803879386125,-0.0019648064261933956
ViTscratch,200,34,0.15881969,0,0.0,True,-0.0022612921130672407,-0.0005038999697870124
ViTscratch,200,34,0.24875925,0,0.0,True,-0.004979462424105882,-0.001110600564596998
ViTscratch,200,34,0.6364019,1,1.0,True,0.006165263750248257,0.006079122838786676
ViTscratch,200,34,0.5814553,1,1.0,True,0.0017032685455946335,0.006973161339507208
ViTscratch,200,34,0.45054716,0,0.0,True,-0.00013966035898040232,0.00013935453953154778
ViTscratch,200,34,0.29519784,0,1.0,False,0.0040290632447063275,0.004950005804177262
ViTscratch,200,34,0.88227725,1,1.0,True,0.008435827678989413,0.008683100153347476
ViTscratch,200,34,0.40168616,0,0.0,True,0.011405992645477411,0.007203087733371571
ViTscratch,200,34,0.40363526,0,1.0,False,-0.0025797928844454843,0.001366142541127482
ViTscratch,200,34,0.46365637,0,0.0,True,-0.001308241859167319,0.0006284996263966538
ViTscratch,200,34,0.41611323,0,1.0,False,0.006812480031462909,0.0025496975787979684
ViTscratch,200,34,0.30680755,0,0.0,True,0.008693543630713892,0.0030983993892307812
ViTscratch,200,34,0.9924948,1,1.0,True,0.010996901150495246,0.00493026306117883
ViTscratch,200,34,0.89511657,1,1.0,True,0.004669846460840724,0.002564857589592941
ViTscratch,200,34,0.16227087,0,0.0,True,0.002210022015110697,-0.0014614970952631903
ViTscratch,200,34,0.2259321,0,0.0,True,-0.0018071820374335793,-0.0004532456375875303
ViTscratch,200,34,0.29920843,0,0.0,True,-0.004533528715616736,0.0007388591495191172
ViTscratch,200,34,0.12647784,0,0.0,True,-0.005680304524346129,-0.001286385221858216
ViTscratch,200,34,0.8791767,1,1.0,True,0.008263763410183601,0.005770075898492969
ViTscratch,200,34,0.43195388,0,1.0,False,-0.0003776952347006186,0.00032767837121979495
ViTscratch,200,34,0.59664327,1,1.0,True,0.00512481415109282,0.002618781894510192
ViTscratch,200,34,0.28408408,0,0.0,True,0.005929226573665088,0.0009565055820384208
ViTscratch,200,34,0.279037,0,0.0,True,3.148265524590573e-05,0.0042884089123067645
ViTscratch,200,34,0.2254603,0,0.0,True,-0.005405602961533925,-0.002118808334382731
ViTscratch,200,34,0.2546574,0,0.0,True,0.0011054368331544955,-0.00027711657406194506
ViTscratch,200,34,0.5374716,1,1.0,True,-0.0015075980552757113,0.0013097228594444552
ViTscratch,200,34,0.80923414,1,0.0,False,-1.9504872653232717e-05,0.0018210944078370529
ViTscratch,200,34,0.23519184,0,0.0,True,0.003945991535033466,0.0002952584132380051
ViTscratch,200,34,0.9158166,1,1.0,True,0.006278900984541849,0.003801666394326805
ViTscratch,200,34,0.64477664,1,1.0,True,0.004522613065326632,0.005642317380352645
ViTscratch,200,34,0.38897318,0,0.0,True,-0.003530195781786911,-0.00021248715082241622
ViTscratch,200,34,0.5715611,1,0.0,False,0.0017659171353481397,0.0002589199868752728
ViTscratch,200,34,0.59833914,1,1.0,True,0.0021565710888221865,0.0047568483859552965
ViTscratch,200,34,0.97710514,1,1.0,True,0.007712242089300057,0.009367120257158332
ViTscratch,200,34,0.6651682,1,1.0,True,0.010378556271339717,0.010956002400141062
ViTscratch,200,34,0.9274893,1,1.0,True,0.005263284000579758,0.007543042672710625
ViTscratch,200,34,0.35978484,0,1.0,False,0.00792249633031617,0.006707843512441538
ViTscratch,200,34,0.3859447,0,0.0,True,0.006331698544741437,0.0023175010498887147
ViTscratch,200,34,0.22601992,0,1.0,False,0.00361153415408231,0.001378849951003499
ViTscratch,200,34,0.15040888,0,0.0,True,-0.007191626968283797,-0.004137467178996204
ViTscratch,200,34,0.29071128,0,0.0,True,0.0034238196943475333,0.00265027998019926
ViTscratch,200,34,0.25019777,0,1.0,False,-0.003969859656281912,-0.003954665447858605
ViTscratch,200,34,0.453929,0,1.0,False,0.007286427158276224,0.002241775765482978
ViTscratch,200,34,0.42141598,0,0.0,True,-0.0026288463113650546,0.0004351382763356079
ViTscratch,200,34,0.4274181,0,0.0,True,0.008162784825099538,0.0070528241961533775
ViTscratch,200,34,0.48149082,0,1.0,False,-0.000504026041759887,0.0064475271904244884
ViTscratch,200,34,0.44810015,0,1.0,False,0.007620637628214453,0.00222389948686373
ViTscratch,200,34,0.3461571,0,0.0,True,-0.003339102742771332,-0.0011326030398945354
ViTscratch,200,34,0.3563251,0,0.0,True,-0.0023663612242370465,-0.0027762629942201956
ViTscratch,200,34,0.30845803,0,1.0,False,0.005769428370140182,0.004727457314592141
ViTscratch,200,34,0.35211667,0,0.0,True,0.003562403635025302,0.00231190933675055
ViTscratch,200,34,0.6329402,1,0.0,False,0.010435126971987682,0.00592267382238079
ViTscratch,200,34,0.44059232,0,1.0,False,0.009138830993200788,0.006793292877669236
ViTscratch,200,34,0.2529518,0,1.0,False,0.0034710880850165856,0.002824116267873314
ViTscratch,200,34,0.486386,0,1.0,False,0.001061576091497771,0.0058225592226143355
ViTscratch,200,34,0.6287627,1,1.0,True,0.014344005046956406,0.007302461573461134
ViTscratch,200,34,0.39148414,0,0.0,True,0.0008524041472326219,0.0031263941837407785
ViTscratch,200,34,0.55916786,1,1.0,True,0.006688486471663476,0.003707111242522237
ViTscratch,200,34,0.19448805,0,1.0,False,0.007015371791343619,0.0038863382779224047
ViTscratch,200,34,0.19090925,0,0.0,True,-0.0035730479681999622,-0.005672484033291526
ViTscratch,200,34,0.19027777,0,1.0,False,-0.008492222703902976,-0.0012840572286800913
ViTscratch,200,34,0.43906996,0,1.0,False,0.011700856357837039,0.004525799915526372
ViTscratch,200,34,0.7213057,1,1.0,True,-0.0007561468157410231,0.004595906777181989
ViTscratch,200,34,0.96361005,1,1.0,True,0.0028403918747781295,0.0068028440926886395
ViTscratch,200,34,0.19876255,0,0.0,True,-0.007331920439040597,-0.0003494142126428539
ViTscratch,200,34,0.2859912,0,0.0,True,-0.0007829074568908969,0.00017209988475352586
ViTscratch,200,34,0.9996381,1,1.0,True,0.01163763995350412,0.012651582066775078
ViTscratch,200,34,0.96902275,1,1.0,True,0.008126633160379974,0.004620213832640023
ViTscratch,200,34,0.18548466,0,0.0,True,0.0045702147657085265,0.002365859053958723
ViTscratch,200,34,0.6371294,1,1.0,True,0.003132148176298485,0.000566670420721359
ViTscratch,200,34,0.92532736,1,1.0,True,0.009825269829305058,0.006543947379581891
ViTscratch,200,34,0.11040425,0,0.0,True,-0.00538742690178258,-6.0914255823297855e-05
ViTscratch,200,34,0.15933913,0,0.0,True,-0.0029178207165076386,-0.0026228114988019586
ViTscratch,200,34,0.41179955,0,1.0,False,0.0036640403126121,0.002665987382401298
ViTscratch,200,34,0.90760076,1,1.0,True,0.015658660503778454,0.012520199450689242
ViTscratch,200,34,0.85515726,1,1.0,True,0.0034597009660561305,0.006743421756541862
ViTscratch,200,34,0.8989982,1,1.0,True,0.002424567766029021,0.004191494948752404
ViTscratch,200,34,0.11499034,0,0.0,True,-0.004350617229474083,-0.007765446086615369
ViTscratch,200,34,0.98189145,1,1.0,True,0.002511203993872456,0.0026177390725102955
ViTscratch,200,34,0.21795113,0,1.0,False,0.0066831427097193185,0.0005288202116629657
ViTscratch,200,34,0.208558,0,0.0,True,-0.0017272463038063579,0.002724772953108587
ViTscratch,200,34,0.15210788,0,0.0,True,-0.010059390760634519,-0.002828906219716945
ViTscratch,200,35,0.91478544,1,1.0,True,0.01682450626800641,0.013164573610815149
ViTscratch,200,35,0.95225775,1,1.0,True,0.01088420594485723,0.009819913458513416
ViTscratch,200,35,0.23150158,0,1.0,False,0.002596197827854272,0.003411953637778381
ViTscratch,200,35,0.24222343,0,1.0,False,-0.003268276366661246,-0.0037051949870574325
ViTscratch,200,35,0.1477819,0,0.0,True,-0.0011126244057608344,-0.004313475708214216
ViTscratch,200,35,0.43199906,0,1.0,False,-0.0012559519577457203,0.0007540132083934084
ViTscratch,200,35,0.37888703,0,1.0,False,0.0033338657503515154,-0.0017202297300705149
ViTscratch,200,35,0.31544477,0,1.0,False,0.008106998146565791,0.0011717449086881661
ViTscratch,200,35,0.49880815,0,1.0,False,0.009814148473704836,0.005159034252524862
ViTscratch,200,35,0.4633208,0,1.0,False,0.0031897875054608003,0.005391146295197074
ViTscratch,200,35,0.83382016,1,1.0,True,-0.0006443848283204382,0.001596484503116461
ViTscratch,200,35,0.91863847,1,1.0,True,0.008632573046063435,0.005817873066635476
ViTscratch,200,35,0.09150715,0,0.0,True,-0.009001229876549404,-0.007258880201046702
ViTscratch,200,35,0.442306,0,1.0,False,0.003170477521152293,8.319312591803457e-05
ViTscratch,200,35,0.88643235,1,1.0,True,0.0059292967084393225,0.0054656543890721125
ViTscratch,200,35,0.5270796,1,0.0,False,0.0026923078182181297,-0.0019581997945660487
ViTscratch,200,35,0.26852828,0,0.0,True,0.00022264366964601463,-0.0020948763422992153
ViTscratch,200,35,0.20457968,0,0.0,True,-0.002463709276380463,0.0017611604202053645
ViTscratch,200,35,0.40715408,0,0.0,True,0.005308662940144895,0.004107681467889094
ViTscratch,200,35,0.1518509,0,0.0,True,-0.007351858674122715,-0.004196107011466038
ViTscratch,200,35,0.5246138,1,1.0,True,0.00540901245716365,0.003990006516042357
ViTscratch,200,35,0.25948492,0,0.0,True,-0.00548424864662849,-0.00031009181700751874
ViTscratch,200,35,0.38429022,0,0.0,True,0.007819800417250083,0.005901276696469146
ViTscratch,200,35,0.81945974,1,1.0,True,0.0043270810603742455,0.0013144214033178189
ViTscratch,200,35,0.33357692,0,1.0,False,-0.009750266031652683,-0.0036538903037556373
ViTscratch,200,35,0.72889024,1,1.0,True,0.0007787883139303053,0.007555541533386178
ViTscratch,200,35,0.4166173,0,1.0,False,0.0045563890364972125,0.0016239743357368676
ViTscratch,200,35,0.6321124,1,0.0,False,0.004304289390286194,0.0040882817466897665
ViTscratch,200,35,0.5458538,1,0.0,False,0.003610478228439584,0.005713493394536214
ViTscratch,200,35,0.3064593,0,0.0,True,-0.006874488196427332,-0.008150749706609124
ViTscratch,200,35,0.43974024,0,1.0,False,0.005162675149478574,0.0036902974987997024
ViTscratch,200,35,0.9889298,1,1.0,True,0.002405805239268838,0.0020097540320988274
ViTscratch,200,35,0.27280554,0,0.0,True,0.004666962402940677,0.0019084252939070095
ViTscratch,200,35,0.25109446,0,1.0,False,0.0020023007045632526,0.003717603005283167
ViTscratch,200,35,0.30590498,0,0.0,True,-0.0045780775260069705,-0.004714666207298541
ViTscratch,200,35,0.35804838,0,0.0,True,0.0029388925677982167,0.004685444592042822
ViTscratch,200,35,0.98492855,1,1.0,True,0.014666252006579072,0.012234306860536724
ViTscratch,200,35,0.37223563,0,0.0,True,-0.0043067632366597,-0.0008176810095276739
ViTscratch,200,35,0.96176076,1,1.0,True,0.007466174712724478,0.008292211844037094
ViTscratch,200,35,0.13793604,0,0.0,True,-0.005678293169831006,-0.00425669710424287
ViTscratch,200,35,0.50635797,1,1.0,True,0.0017987286836324062,0.008528829226572974
ViTscratch,200,35,0.17822997,0,0.0,True,0.001105274762126676,-0.004461782172842932
ViTscratch,200,35,0.25573733,0,0.0,True,-0.006640299963807568,-0.0018959782576172704
ViTscratch,200,35,0.96764404,1,1.0,True,-0.004664625927722671,0.002631663047202284
ViTscratch,200,35,0.5580023,1,0.0,False,0.010735306528986101,0.002902539618845176
ViTscratch,200,35,0.68808687,1,1.0,True,-0.00020645005502668623,0.005786676256204417
ViTscratch,200,35,0.12827216,0,0.0,True,-0.008573413197743287,-0.005118373142226714
ViTscratch,200,35,0.69936955,1,1.0,True,0.0019531215034960686,0.0007476904413311105
ViTscratch,200,35,0.9100031,1,1.0,True,0.016085751679962384,0.011553684734087933
ViTscratch,200,35,0.15688068,0,0.0,True,-0.008484258878938954,-0.00606020291269917
ViTscratch,200,35,0.22536883,0,0.0,True,0.0027490837206334178,0.0006612284021737235
ViTscratch,200,35,0.27054057,0,1.0,False,0.006755470715944335,0.00626862376826095
ViTscratch,200,35,0.7940579,1,1.0,True,-0.005779943425484436,0.0006539087664451086
ViTscratch,200,35,0.24281439,0,0.0,True,-0.005753916500994798,-0.003928805351540408
ViTscratch,200,35,0.76020235,1,0.0,False,0.006923792102891095,0.008478008767452852
ViTscratch,200,35,0.34393767,0,0.0,True,0.0012293020893413653,0.0023667468261062996
ViTscratch,200,35,0.84604126,1,1.0,True,0.0031787985007445205,0.006333387644834868
ViTscratch,200,35,0.3220252,0,0.0,True,0.0032952819144546094,0.0030280942011224
ViTscratch,200,35,0.2647781,0,1.0,False,-0.004194029639257246,-1.3605593388260596e-05
ViTscratch,200,35,0.2496923,0,0.0,True,-0.0019128190158275865,0.0012562644091702554
ViTscratch,200,35,0.38564137,0,1.0,False,0.0033008788320976275,0.0069635428997349156
ViTscratch,200,35,0.19985695,0,0.0,True,-0.004648117971799387,0.0024435453238831743
ViTscratch,200,35,0.4007967,0,0.0,True,0.003736449111238119,0.0024845346628743657
ViTscratch,200,35,0.64284056,1,0.0,False,0.004123496758395347,0.00698492861383914
ViTscratch,200,35,0.69666755,1,1.0,True,0.003968923947154904,0.004508068577869871
ViTscratch,200,35,0.4246849,0,0.0,True,-0.004104009550959995,0.00019197835521976567
ViTscratch,200,35,0.17791185,0,0.0,True,-0.00045287597511897937,-0.002040951159725767
ViTscratch,200,35,0.73746085,1,1.0,True,-0.0017589715452643523,-0.003703214401874937
ViTscratch,200,35,0.2135493,0,0.0,True,-0.0004621281093895494,-0.0021498187202058927
ViTscratch,200,35,0.15620558,0,0.0,True,-0.006908087275041446,0.0026211612469291493
ViTscratch,200,35,0.16993542,0,0.0,True,-0.005877548066470103,-0.007951282334312481
ViTscratch,200,35,0.25769556,0,0.0,True,-0.0006637768473279457,0.0025587397531354264
ViTscratch,200,35,0.35710913,0,0.0,True,-0.007615467178436059,-0.0014559845391079857
ViTscratch,200,35,0.19506857,0,0.0,True,0.007039456964781502,-0.0009279781239632965
ViTscratch,200,35,0.3042534,0,1.0,False,-0.0005852702169862203,0.0024640399024484826
ViTscratch,200,35,0.32180545,0,1.0,False,-0.012672059331485085,-0.008723334234232574
ViTscratch,200,35,0.89752287,1,1.0,True,0.007210721646638532,0.0037786999198371352
ViTscratch,200,35,0.4821898,0,1.0,False,0.0025873987566093267,0.0017374119167716184
ViTscratch,200,35,0.8445705,1,1.0,True,0.0032305481795851824,0.0004880135395631976
ViTscratch,200,35,0.20298994,0,0.0,True,1.8123924981124128e-05,0.0016355167432213563
ViTscratch,200,35,0.842613,1,1.0,True,0.005560520293900324,0.0016962982476846377
ViTscratch,200,35,0.8027144,1,1.0,True,0.0058051220323567234,0.005339353585251967
ViTscratch,200,35,0.25525764,0,1.0,False,0.000850794597094229,-0.0006543081222156783
ViTscratch,200,35,0.5271854,1,1.0,True,-0.00046270573895669753,-0.0010447802394949015
ViTscratch,200,35,0.42204976,0,0.0,True,0.004572472198840942,0.0009567532915283985
ViTscratch,200,35,0.21708596,0,0.0,True,-0.0038189572608282826,-0.001509719831622782
ViTscratch,200,35,0.46620315,0,1.0,False,0.012211010122091625,0.009622161229711114
ViTscratch,200,35,0.92306584,1,1.0,True,0.008175520279303508,0.007793635845976294
ViTscratch,200,35,0.19367927,0,0.0,True,-0.001908254171173375,-0.00019686833919705133
ViTscratch,200,35,0.46370727,0,1.0,False,0.0029648241206030146,0.00017632241813602016
ViTscratch,200,35,0.5252127,1,1.0,True,0.00426145487769171,0.004122585523323961
ViTscratch,200,35,0.34649774,0,0.0,True,0.006393858651461367,0.00036925087428522305
ViTscratch,200,35,0.92254066,1,0.0,False,0.011127421361651185,0.008006790960552169
ViTscratch,200,35,0.81157887,1,1.0,True,0.005726931188354161,0.002950803232728502
ViTscratch,200,35,0.33489153,0,0.0,True,0.003923554727063146,-0.0016360487076456359
ViTscratch,200,35,0.20544244,0,0.0,True,-0.0024024190247818127,-0.0004955951413425819
ViTscratch,200,35,0.34202954,0,0.0,True,-0.0009081367184498236,0.0013059875478204463
ViTscratch,200,35,0.25775492,0,0.0,True,0.0025571315129979564,-0.0018441045263242104
ViTscratch,200,35,0.30343327,0,1.0,False,-0.006347335244933394,-0.0041286552726393045
ViTscratch,200,35,0.44357625,0,1.0,False,0.005043421312471845,0.0025585832761429845
ViTscratch,200,36,0.94056946,1,1.0,True,0.0034592587528601833,0.005534791221630385
ViTscratch,200,36,0.11624194,0,0.0,True,-0.010630802527693406,-0.003982528116265506
ViTscratch,200,36,0.2981208,0,1.0,False,0.012175935056407789,0.0122049813770878
ViTscratch,200,36,0.64661896,1,0.0,False,0.001794892809547066,0.0024526693684562197
ViTscratch,200,36,0.3120462,0,0.0,True,0.009298426472374681,0.0011354470867609079
ViTscratch,200,36,0.16725813,0,0.0,True,-0.00462329995585129,0.0003017807635461584
ViTscratch,200,36,0.28178293,0,0.0,True,0.0042778347919729875,0.0005106666358751148
ViTscratch,200,36,0.72607493,1,1.0,True,0.0017172275571989534,0.0036127543477615367
ViTscratch,200,36,0.43736628,0,0.0,True,0.002256370834527518,0.0049069415421192685
ViTscratch,200,36,0.24729125,0,0.0,True,0.0038788839362031914,0.00036620402777807955
ViTscratch,200,36,0.6436141,1,1.0,True,-0.001611305611437585,2.1784269510815934e-05
ViTscratch,200,36,0.23563352,0,0.0,True,0.0010250297508705185,0.00014686653339435792
ViTscratch,200,36,0.40283325,0,1.0,False,0.011833563732511043,0.00878784544192246
ViTscratch,200,36,0.23818173,0,0.0,True,0.005797089535416224,0.004225366562908891
ViTscratch,200,36,0.51626176,1,1.0,True,-0.0036107685778056725,-0.0033921731497144666
ViTscratch,200,36,0.8578949,1,1.0,True,0.012620335008918451,0.0072144520034322064
ViTscratch,200,36,0.9875187,1,1.0,True,0.003482634173969981,0.003792963635280568
ViTscratch,200,36,0.18859284,0,0.0,True,0.009305798861753,0.0015677278146304244
ViTscratch,200,36,0.69120455,1,1.0,True,0.004872512410197369,0.006597530527009778
ViTscratch,200,36,0.43541113,0,1.0,False,0.001306592927642855,0.00027710068287176755
ViTscratch,200,36,0.47379747,0,1.0,False,0.011345932169811548,0.007315249032359718
ViTscratch,200,36,0.63988096,1,0.0,False,0.004826865204270279,0.009172286292753224
ViTscratch,200,36,0.8131881,1,1.0,True,0.0035523621775192435,0.0032345293598441986
ViTscratch,200,36,0.9203819,1,1.0,True,0.0011657405383693694,0.0053945036253929355
ViTscratch,200,36,0.49113286,0,1.0,False,0.014633435344888722,0.011973839841645227
ViTscratch,200,36,0.34982625,0,1.0,False,0.0018438536075544966,0.001267469667302087
ViTscratch,200,36,0.962723,1,1.0,True,0.004952063426304178,0.007861914740299491
ViTscratch,200,36,0.34119537,0,0.0,True,0.000854410908444193,-0.00012617516215973764
ViTscratch,200,36,0.5763482,1,1.0,True,0.003664617673544743,0.002717360995388531
ViTscratch,200,36,0.22168621,0,0.0,True,-0.006762026930871005,-0.00030402585336057467
ViTscratch,200,36,0.41668415,0,0.0,True,0.0035118289660957315,0.0028649556895188684
ViTscratch,200,36,0.4980624,0,1.0,False,-0.007638907136385634,-0.005945655819707284
ViTscratch,200,36,0.45291975,0,1.0,False,0.005828242009142939,0.003323925238279901
ViTscratch,200,36,0.21589002,0,1.0,False,-0.00076155290524317,-0.0010402185331424905
ViTscratch,200,36,0.9965318,1,1.0,True,0.010349545972148788,0.010890680328412682
ViTscratch,200,36,0.3699172,0,0.0,True,0.0016079998633120372,0.003274518720400796
ViTscratch,200,36,0.80745757,1,1.0,True,0.004555764187839308,0.005733157583263087
ViTscratch,200,36,0.79098636,1,1.0,True,0.008536997602488551,0.011479938596239227
ViTscratch,200,36,0.63211393,1,0.0,False,0.00041417222132500214,0.0011227874823871095
ViTscratch,200,36,0.2304479,0,1.0,False,-0.002818530425608467,-0.0030774217461072635
ViTscratch,200,36,0.12496463,0,0.0,True,-0.004683588139955667,-0.0030819747969638434
ViTscratch,200,36,0.27488127,0,0.0,True,0.0026558644966250006,0.001303635069364054
ViTscratch,200,36,0.5066881,1,0.0,False,0.009050527360452745,0.005419036459332519
ViTscratch,200,36,0.41236413,0,1.0,False,0.007386438313501075,0.007811156784428363
ViTscratch,200,36,0.27821127,0,0.0,True,0.005879217310296834,0.002518461258828966
ViTscratch,200,36,0.26806906,0,0.0,True,-0.00621540303757916,0.0005166131121166134
ViTscratch,200,36,0.8945238,1,1.0,True,0.005759188774457518,0.0011081203857175237
ViTscratch,200,36,0.89253634,1,1.0,True,0.0050249849246205335,0.004030196332491052
ViTscratch,200,36,0.6993078,1,1.0,True,-0.0008141454990298755,0.001400383445664947
ViTscratch,200,36,0.46925202,0,1.0,False,0.003212927914133591,0.001785613219535303
ViTscratch,200,36,0.97364366,1,1.0,True,0.009357337825633149,0.008767816946974016
ViTscratch,200,36,0.43102467,0,0.0,True,-0.000826952190283754,-0.0003492990320943205
ViTscratch,200,36,0.22683893,0,0.0,True,-0.0005121444128519607,-0.005374552507659685
ViTscratch,200,36,0.29911143,0,1.0,False,0.0017800359151030052,0.004811450222929102
ViTscratch,200,36,0.30060625,0,0.0,True,-0.001212627068966399,0.0045776071814654885
ViTscratch,200,36,0.51998806,1,0.0,False,0.003544704206467803,0.00428510024173433
ViTscratch,200,36,0.3646415,0,0.0,True,-0.002047088770562484,-0.002330481882223985
ViTscratch,200,36,0.58650047,1,1.0,True,0.004781273062819894,0.003308020170776946
ViTscratch,200,36,0.23782313,0,0.0,True,0.0008124536947864877,0.0027785576277137626
ViTscratch,200,36,0.48934704,0,1.0,False,0.0037081163477975885,0.0012465059550330639
ViTscratch,200,36,0.20170757,0,0.0,True,0.002512562814070352,0.0007052896725440807
ViTscratch,200,36,0.32043618,0,1.0,False,0.00016961240157316304,-0.0014411307583669386
ViTscratch,200,36,0.28243148,0,0.0,True,0.00011795776243669238,0.0025624946802702804
ViTscratch,200,36,0.8786994,1,1.0,True,0.0073863061354450775,0.004306910507033076
ViTscratch,200,36,0.46281353,0,1.0,False,-0.003179476550792607,-0.0011465026524116833
ViTscratch,200,36,0.94405264,1,1.0,True,0.013100582947060423,0.009557688706975317
ViTscratch,200,36,0.7433823,1,0.0,False,0.0001125119000094343,0.003139806726812325
ViTscratch,200,36,0.27933428,0,0.0,True,-0.005278555101666739,-0.001110750164324768
ViTscratch,200,36,0.24740392,0,1.0,False,-0.0005793065753020911,-0.0011326894864425977
ViTscratch,200,36,0.19282387,0,0.0,True,-0.0031200129370394254,-0.004311133309681934
ViTscratch,200,36,0.75080025,1,1.0,True,0.0019093460156754678,0.0032271811005939186
ViTscratch,200,36,0.17935014,0,0.0,True,-0.00269878440501535,-0.003387112680180291
ViTscratch,200,36,0.5293628,1,1.0,True,0.010349522872398098,0.004962554872267396
ViTscratch,200,36,0.81195396,1,1.0,True,-0.004950421540229254,-0.0022664476513297787
ViTscratch,200,36,0.40773636,0,0.0,True,-0.0005230038068065674,-0.0007019584913490012
ViTscratch,200,36,0.15273823,0,0.0,True,0.0022709424949531806,0.00255600569526879
ViTscratch,200,36,0.41803864,0,1.0,False,-0.002386581315887341,-0.0004233343112378398
ViTscratch,200,36,0.5546474,1,1.0,True,0.003141433417223903,0.001811535707462904
ViTscratch,200,36,0.3035977,0,1.0,False,0.004389524857067054,0.0050068603477227205
ViTscratch,200,36,0.472015,0,0.0,True,0.003945474430833747,0.00037971257154026784
ViTscratch,200,36,0.33635736,0,0.0,True,0.0028914039433893227,0.0005285396618533255
ViTscratch,200,36,0.12563218,0,0.0,True,-0.0004206883455321454,-0.00012107559339198895
ViTscratch,200,36,0.34546846,0,1.0,False,0.007466522528362327,0.004132387566536815
ViTscratch,200,36,0.5503128,1,1.0,True,0.006881541327012654,0.006520436256120226
ViTscratch,200,36,0.5047982,1,1.0,True,0.00039953744117698133,0.0064706722561276245
ViTscratch,200,36,0.82558143,1,1.0,True,0.0028983514210009047,0.0023015565512125077
ViTscratch,200,36,0.45693836,0,0.0,True,0.0023069452654392634,0.003595701660120392
ViTscratch,200,36,0.5722874,1,1.0,True,0.008488637033564138,0.005337784507302367
ViTscratch,200,36,0.6071415,1,0.0,False,-0.002285330848473577,0.0010573901475664674
ViTscratch,200,36,0.1630218,0,1.0,False,0.004370909227180368,0.000704263644839591
ViTscratch,200,36,0.91500336,1,1.0,True,0.007151279275254827,0.00501131116240387
ViTscratch,200,36,0.40331998,0,1.0,False,0.004692579766071484,0.007525887946817028
ViTscratch,200,36,0.40040332,0,1.0,False,0.0019544851527096307,0.0011776436731775891
ViTscratch,200,36,0.7839484,1,1.0,True,0.015215526842478984,0.011601120073431117
ViTscratch,200,36,0.96773905,1,1.0,True,0.009255660063125329,0.00804359012717451
ViTscratch,200,36,0.43106157,0,0.0,True,-0.001157978736106437,-0.0006063659738955682
ViTscratch,200,36,0.5556178,1,1.0,True,0.0073243394810433935,0.002010223246702837
ViTscratch,200,36,0.25827292,0,0.0,True,-0.0040342818320059405,-0.002935443389908173
ViTscratch,200,36,0.2626347,0,0.0,True,0.0010578876952891695,0.004367055037282765
ViTscratch,200,36,0.38693565,0,0.0,True,-0.0006534481447511077,-0.0008566260312630448
ViTscratch,200,37,0.7264106,1,1.0,True,0.0016711723133483727,0.0024024632645800806
ViTscratch,200,37,0.20710628,0,1.0,False,-0.007347356527065383,0.002735559312518607
ViTscratch,200,37,0.08107734,0,0.0,True,0.0011446934281902207,-0.0038142833877621777
ViTscratch,200,37,0.15173711,0,0.0,True,-0.0018704540260670202,-0.005255361270103932
ViTscratch,200,37,0.4760498,0,1.0,False,0.010253516564275896,0.002766731888840066
ViTscratch,200,37,0.2659025,0,0.0,True,-0.0009052993883218828,0.0016867553101376925
ViTscratch,200,37,0.87886083,1,1.0,True,0.01090311167179537,0.008814498243514768
ViTscratch,200,37,0.15696363,0,0.0,True,0.0023396383456021144,-0.002911876090176935
ViTscratch,200,37,0.8446443,1,1.0,True,0.007315916105277528,0.007678497842676811
ViTscratch,200,37,0.61989367,1,1.0,True,0.005638106277234568,0.007739568413615129
ViTscratch,200,37,0.29487708,0,1.0,False,0.009739439413753527,0.006414171077664072
ViTscratch,200,37,0.4746161,0,1.0,False,0.0009963900027506213,0.005031409246879955
ViTscratch,200,37,0.7556682,1,1.0,True,0.011489349658722291,0.010005883016028902
ViTscratch,200,37,0.9247706,1,1.0,True,0.011851326181670742,0.006766379816680885
ViTscratch,200,37,0.34558544,0,1.0,False,0.0023507230427128735,-0.0006660790206624364
ViTscratch,200,37,0.4913068,0,0.0,True,0.00263839520758027,0.001085020589150054
ViTscratch,200,37,0.9906673,1,1.0,True,0.005000369813907493,0.0068272173522737735
ViTscratch,200,37,0.8516796,1,1.0,True,0.0009121367299014683,0.003128221517048823
ViTscratch,200,37,0.15672196,0,0.0,True,0.00020944383309420662,-0.002533007393361956
ViTscratch,200,37,0.15403861,0,0.0,True,-0.0033256286281576316,-0.0023000292538690203
ViTscratch,200,37,0.21296276,0,0.0,True,0.0021031403215892217,0.002587885553892288
ViTscratch,200,37,0.23249924,0,0.0,True,0.0021058295117929488,-0.0007107158371827947
ViTscratch,200,37,0.3613472,0,0.0,True,-0.006544764846722516,-0.0030848154967919737
ViTscratch,200,37,0.16388409,0,0.0,True,0.0021105527346762937,-0.005818662602288451
ViTscratch,200,37,0.26280713,0,0.0,True,-0.005528368563266498,-0.0020160464288011145
ViTscratch,200,37,0.6096421,1,1.0,True,0.01750240979626069,0.007746725427222291
ViTscratch,200,37,0.6990971,1,1.0,True,0.00034679749276221415,0.002387193728191921
ViTscratch,200,37,0.31156942,0,0.0,True,-0.002212053240115423,-0.0014397610833683293
ViTscratch,200,37,0.19065289,0,0.0,True,0.002655496823948094,0.005228854943996429
ViTscratch,200,37,0.842359,1,1.0,True,-0.002084980430088553,0.0038248991969807434
ViTscratch,200,37,0.95122856,1,1.0,True,0.003817898905958504,0.003600831814791254
ViTscratch,200,37,0.9996748,1,1.0,True,0.003818335926248659,0.009970520091471362
ViTscratch,200,37,0.65186894,1,1.0,True,0.007235618444140131,0.006019637033676916
ViTscratch,200,37,0.3200364,0,0.0,True,-0.0017179501349221997,-0.0014195770079359037
ViTscratch,200,37,0.22993575,0,0.0,True,0.0040283187760243346,-0.00016693708407193114
ViTscratch,200,37,0.3815881,0,0.0,True,-0.00042253330029862684,-0.0005994847478118375
ViTscratch,200,37,0.96004957,1,1.0,True,0.008194833804840667,0.003907315481563179
ViTscratch,200,37,0.90363944,1,0.0,False,0.0013529504234343335,0.0016341777379951215
ViTscratch,200,37,0.26658368,0,1.0,False,0.006079734185109045,0.0038529679584873777
ViTscratch,200,37,0.47819954,0,1.0,False,0.006265021211059293,0.006027927349427526
ViTscratch,200,37,0.77754265,1,1.0,True,0.00633137752448915,0.007556534004974592
ViTscratch,200,37,0.24796951,0,0.0,True,0.0005009382087858719,-0.0010847983379292647
ViTscratch,200,37,0.36617407,0,0.0,True,0.007286161617984388,0.002417922583291017
ViTscratch,200,37,0.36839446,0,1.0,False,0.002106724610474354,0.0026922021353214896
ViTscratch,200,37,0.33909577,0,1.0,False,0.012460596948013006,0.0082377562207682
ViTscratch,200,37,0.5329703,1,0.0,False,0.002356593923662476,0.002438489297589116
ViTscratch,200,37,0.9040648,1,1.0,True,0.009874753191360284,0.0072783623757513745
ViTscratch,200,37,0.13620514,0,0.0,True,-0.0010056631763955752,-0.002091209326117997
ViTscratch,200,37,0.35116234,0,1.0,False,-0.004589620674402132,-0.0016481185706531322
ViTscratch,200,37,0.24616498,0,1.0,False,-0.005883731074695631,-0.0028757629961686103
ViTscratch,200,37,0.6706795,1,1.0,True,0.003912324153939907,-9.014230886585628e-06
ViTscratch,200,37,0.98915035,1,1.0,True,0.006627142086450334,0.007827356246445857
ViTscratch,200,37,0.9696778,1,0.0,False,-0.003928767448053806,0.0055585748174783265
ViTscratch,200,37,0.9713308,1,1.0,True,0.01714149227192198,0.00945138975337198
ViTscratch,200,37,0.57888496,1,1.0,True,9.048369598514134e-05,0.003184857444304134
ViTscratch,200,37,0.9428782,1,1.0,True,0.016925886001332498,0.009965009080556642
ViTscratch,200,37,0.43368647,0,0.0,True,0.0038278850170188235,0.002348280642227345
ViTscratch,200,37,0.37023473,0,1.0,False,0.003055509911647673,0.0010000921242487087
ViTscratch,200,37,0.96153134,1,1.0,True,0.006858748680094578,0.003877052792170701
ViTscratch,200,37,0.25682196,0,0.0,True,-0.006555893150031206,-0.0023152974548501337
ViTscratch,200,37,0.48675635,0,1.0,False,0.014991471350231482,0.00976307706242601
ViTscratch,200,37,0.71092576,1,1.0,True,0.007608432094535677,0.007301213066530535
ViTscratch,200,37,0.45614862,0,1.0,False,0.006528510465462845,0.006772512224569217
ViTscratch,200,37,0.3064172,0,0.0,True,0.0042145673849487905,-0.00038397811206329434
ViTscratch,200,37,0.91855985,1,0.0,False,2.8419596017135955e-05,-0.0001740439042396767
ViTscratch,200,37,0.9178558,1,1.0,True,0.004835120968047227,0.004620234492098954
ViTscratch,200,37,0.66129094,1,1.0,True,-0.0042805196335586795,0.004322864380374614
ViTscratch,200,37,0.16083704,0,0.0,True,-0.005050443196381454,-0.001763761342353495
ViTscratch,200,37,0.7605418,1,1.0,True,0.004478902943530568,0.003913731985889816
ViTscratch,200,37,0.8261163,1,1.0,True,-0.00036298107874649436,0.0019265138841563934
ViTscratch,200,37,0.23109016,0,0.0,True,0.0028688352228111984,0.004112854215727403
ViTscratch,200,37,0.23000917,0,0.0,True,-0.005810778341190613,-0.0027285616113456672
ViTscratch,200,37,0.13671304,0,0.0,True,-0.005580546925214882,-0.0026217659756403873
ViTscratch,200,37,0.93367016,1,1.0,True,0.020174984150651554,0.011384655053637883
ViTscratch,200,37,0.2004056,0,0.0,True,-0.00976978236140039,-0.0025415976232473687
ViTscratch,200,37,0.46847716,0,0.0,True,-0.0012344205144084002,-0.0025986222062981
ViTscratch,200,37,0.72145647,1,0.0,False,0.004335698759979607,0.0028861827463597615
ViTscratch,200,37,0.16130991,0,0.0,True,-0.004629206068221235,-0.007134285773172733
ViTscratch,200,37,0.16133378,0,0.0,True,0.004184251607462427,0.00309662026862318
ViTscratch,200,37,0.789918,1,1.0,True,0.004280881296035477,0.009604239762836135
ViTscratch,200,37,0.7515534,1,0.0,False,-0.0012084324580825282,0.0005517118337574686
ViTscratch,200,37,0.81916904,1,1.0,True,-0.002249252066074737,0.006413604098196088
ViTscratch,200,37,0.30955532,0,0.0,True,-0.0006136895474011493,-0.00074129187619563
ViTscratch,200,37,0.7351744,1,1.0,True,0.005838045324117131,0.006532014769114427
ViTscratch,200,37,0.17108077,0,0.0,True,-0.007766776285353827,-0.0029260461709998305
ViTscratch,200,37,0.3068642,0,0.0,True,0.0018953742391325417,0.0031590178817162955
ViTscratch,200,37,0.45917705,0,1.0,False,-0.0025447814204450467,-0.008073574833517566
ViTscratch,200,37,0.3753808,0,0.0,True,0.004669371058855312,0.0007521005587301216
ViTscratch,200,37,0.21483922,0,0.0,True,-0.0010074345195203536,-0.0015392479496821707
ViTscratch,200,37,0.6813382,1,1.0,True,0.002005747515569042,0.004951337446671428
ViTscratch,200,37,0.37412634,0,0.0,True,0.0009953336407598594,0.001796950226924913
ViTscratch,200,37,0.46162847,0,1.0,False,0.013481516538667544,0.008705211832267459
ViTscratch,200,37,0.14485177,0,0.0,True,-0.002380983603841969,-0.006267345936354622
ViTscratch,200,37,0.42925942,0,1.0,False,-0.0033392099329454823,0.00043485572310419436
ViTscratch,200,37,0.28275457,0,0.0,True,0.002250543900819639,0.0020550207659444726
ViTscratch,200,37,0.1129243,0,0.0,True,-0.007086166196721668,-0.00551682058287179
ViTscratch,200,37,0.16487375,0,0.0,True,-0.0032527057826201343,0.0027099607417999595
ViTscratch,200,37,0.17856239,0,0.0,True,0.007311506448617405,-0.0022421320791187875
ViTscratch,200,37,0.33808962,0,1.0,False,0.0057093576813763884,0.008064995538661999
ViTscratch,200,37,0.87011886,1,1.0,True,0.008994959838683682,0.0023425717362665346
ViTscratch,200,38,0.16581084,0,0.0,True,-0.0069852040076068345,-0.005340456624785677
ViTscratch,200,38,0.43185988,0,1.0,False,0.012653731602358794,0.006059660676665028
ViTscratch,200,38,0.13742818,0,0.0,True,-0.010214411641182196,-0.005681842298977234
ViTscratch,200,38,0.4034871,0,0.0,True,0.0032707376492084367,0.004963771184085076
ViTscratch,200,38,0.6535201,1,1.0,True,-9.045445525470023e-05,-1.5349224486923067e-05
ViTscratch,200,38,0.527933,1,1.0,True,0.0036537547034884888,0.006002456210776606
ViTscratch,200,38,0.92942744,1,1.0,True,0.007333738824191305,0.0068744025327367765
ViTscratch,200,38,0.31165648,0,1.0,False,0.010325939244090348,0.0020412185478723816
ViTscratch,200,38,0.3283187,0,0.0,True,0.00591993602182473,0.006565323359407439
ViTscratch,200,38,0.47469366,0,1.0,False,-0.0019424253431805402,0.000676131258916814
ViTscratch,200,38,0.15932326,0,0.0,True,0.0037178682878469703,0.0006292865802482529
ViTscratch,200,38,0.5930651,1,1.0,True,0.00819040517533118,0.0006287840041028249
ViTscratch,200,38,0.7501249,1,1.0,True,0.005427316599005409,0.0006804178609722228
ViTscratch,200,38,0.5463663,1,1.0,True,0.004369038304913868,0.0022652743803973662
ViTscratch,200,38,0.5572713,1,0.0,False,-0.006772755018058079,0.0010455482009605836
ViTscratch,200,38,0.3201244,0,0.0,True,-0.004707794752125041,-0.004768656437753902
ViTscratch,200,38,0.18152852,0,0.0,True,0.00617229557980931,0.005709089912316207
ViTscratch,200,38,0.47900134,0,0.0,True,0.004821444894484744,0.0052107036186955094
ViTscratch,200,38,0.442188,0,1.0,False,0.005922076415141996,0.011580772794818745
ViTscratch,200,38,0.96766675,1,1.0,True,0.008705089405060413,0.006784006528679331
ViTscratch,200,38,0.22160022,0,0.0,True,0.004163235672373057,-0.0007683967253521126
ViTscratch,200,38,0.3830746,0,1.0,False,0.004521949567599426,0.002619192177166239
ViTscratch,200,38,0.41640797,0,1.0,False,0.002110199576714104,0.00841260495340096
ViTscratch,200,38,0.2540774,0,1.0,False,-0.0008805377365801361,0.004561823494310625
ViTscratch,200,38,0.37260088,0,0.0,True,-0.0009651833179107812,-0.0016694996296801967
ViTscratch,200,38,0.22639078,0,0.0,True,-0.006435245418960938,-0.0036558473438610974
ViTscratch,200,38,0.08957663,0,0.0,True,-0.005025189547781535,-0.003400281022599436
ViTscratch,200,38,0.22316827,0,0.0,True,0.0028108559819794406,0.0008288340295594167
ViTscratch,200,38,0.24357367,0,1.0,False,0.0061817177488487935,0.004604389907873176
ViTscratch,200,38,0.22171442,0,0.0,True,-0.007173874186977699,-0.003310859328519611
ViTscratch,200,38,0.7789134,1,1.0,True,2.3181685469201962e-05,0.005994407738945994
ViTscratch,200,38,0.3136378,0,0.0,True,0.0044117527530472276,0.00041581202711246716
ViTscratch,200,38,0.74039114,1,1.0,True,0.0031128581258645705,0.0028427504699616198
ViTscratch,200,38,0.6232894,1,0.0,False,0.004249793228463349,0.001491476147063486
ViTscratch,200,38,0.5166024,1,1.0,True,0.004916481435931181,-0.0040179067378595095
ViTscratch,200,38,0.12791668,0,0.0,True,-0.0005026742512813919,0.00017627085943905797
ViTscratch,200,38,0.9840942,1,1.0,True,0.010441865701134851,0.012101394543338964
ViTscratch,200,38,0.20516457,0,0.0,True,0.005627497872965444,0.007858337724565019
ViTscratch,200,38,0.19499645,0,0.0,True,-0.0024821186522856558,-0.002412508177139585
ViTscratch,200,38,0.6326976,1,0.0,False,-0.003688166133889339,-0.0016557547206966187
ViTscratch,200,38,0.17058788,0,0.0,True,-0.005639369292156181,0.0006939145393760207
ViTscratch,200,38,0.16179019,0,0.0,True,-0.006482593578479507,-0.001259591221734194
ViTscratch,200,38,0.8166569,1,1.0,True,0.0045398626598857515,0.00853304154881823
ViTscratch,200,38,0.3326889,0,0.0,True,0.000905688295701649,0.0009335612478621585
ViTscratch,200,38,0.9169073,1,1.0,True,0.001489347598743129,0.005648781530338132
ViTscratch,200,38,0.81989974,1,1.0,True,0.009907492712155306,0.004770197132762255
ViTscratch,200,38,0.32309857,0,0.0,True,-0.001944025661004933,0.0009529092070095554
ViTscratch,200,38,0.4561516,0,1.0,False,0.004216015820304788,0.009666066574293768
ViTscratch,200,38,0.41291136,0,0.0,True,-0.0021107362372552,0.0003274986569396885
ViTscratch,200,38,0.856907,1,1.0,True,0.010373310002412326,0.009779601525630996
ViTscratch,200,38,0.9897563,1,1.0,True,0.013928780359788442,0.010441696614051102
ViTscratch,200,38,0.14737138,0,0.0,True,-0.00967120843586613,-0.003925947148769322
ViTscratch,200,38,0.45439667,0,1.0,False,0.00934494190237034,0.00858816533502032
ViTscratch,200,38,0.2125054,0,0.0,True,0.0013318568120472924,-0.003931351082041211
ViTscratch,200,38,0.1995064,0,0.0,True,0.0034894666805532605,-0.0005044262656622904
ViTscratch,200,38,0.37104228,0,0.0,True,0.015425650742705127,0.011257978547391464
ViTscratch,200,38,0.21263245,0,0.0,True,-0.00302019974339936,-0.0033310854423546734
ViTscratch,200,38,0.21617347,0,0.0,True,-0.00195690477045254,-0.000652121762009551
ViTscratch,200,38,0.32496178,0,0.0,True,-0.004423483434040418,-0.003528148152220519
ViTscratch,200,38,0.38428283,0,0.0,True,0.000841541295830961,0.002228374353991793
ViTscratch,200,38,0.49378878,0,1.0,False,0.0058362510587461535,0.001821564423672585
ViTscratch,200,38,0.2623832,0,1.0,False,0.0053749856103463105,0.00843613774389064
ViTscratch,200,38,0.21833034,0,0.0,True,-0.011172158215717638,-0.004751183516857771
ViTscratch,200,38,0.27659878,0,1.0,False,-0.0030150955577859574,-0.000554236856925451
ViTscratch,200,38,0.8359884,1,1.0,True,0.009202672037264192,0.009100436322544548
ViTscratch,200,38,0.28788218,0,0.0,True,0.001745600279636322,0.0004660893174606982
ViTscratch,200,38,0.7948571,1,1.0,True,-0.0019318859038350918,0.0008084970070388707
ViTscratch,200,38,0.12716942,0,0.0,True,0.0026124598988893195,0.0016619084629133165
ViTscratch,200,38,0.98276156,1,1.0,True,0.005495159526519979,0.006363452826545776
ViTscratch,200,38,0.9734442,1,1.0,True,0.00303688218314162,0.0036210506811377237
ViTscratch,200,38,0.9701331,1,1.0,True,0.0011433175459365703,0.006682124280086581
ViTscratch,200,38,0.2368886,0,0.0,True,0.0009637674343744399,0.00041223848019636574
ViTscratch,200,38,0.76415014,1,1.0,True,0.00019834480823131427,0.003448548240469959
ViTscratch,200,38,0.19045581,0,0.0,True,0.004651876863828865,0.00043081288013943153
ViTscratch,200,38,0.36233824,0,0.0,True,-0.0028677869454158717,-0.0005080289576034118
ViTscratch,200,38,0.12810646,0,0.0,True,0.0027130270206192648,0.0015079967043009586
ViTscratch,200,38,0.20462707,0,0.0,True,-0.003390569706999813,-0.00535955478649024
ViTscratch,200,38,0.21261863,0,0.0,True,0.005655517732016935,0.00030583317533110156
ViTscratch,200,38,0.6751899,1,0.0,False,0.002774924059053126,0.003696555491613151
ViTscratch,200,38,0.28756422,0,0.0,True,0.00244015260937205,0.0021710616107086527
ViTscratch,200,38,0.9946266,1,1.0,True,0.01680339410568223,0.008338480526452478
ViTscratch,200,38,0.21478981,0,0.0,True,-0.006404557098840446,-0.003500024528316843
ViTscratch,200,38,0.26402673,0,0.0,True,0.0020724820747957465,0.003514877269115523
ViTscratch,200,38,0.6888338,1,1.0,True,0.00345790477773599,0.010169033959480003
ViTscratch,200,38,0.9665033,1,1.0,True,0.0062493565011220885,0.003902708905072312
ViTscratch,200,38,0.3470294,0,0.0,True,0.006975208472605418,0.002433074272432386
ViTscratch,200,38,0.906859,1,1.0,True,0.011149787022836201,0.008355042773157276
ViTscratch,200,38,0.17478125,0,0.0,True,-0.003417570878578221,-0.003275167627428573
ViTscratch,200,38,0.3158073,0,0.0,True,-0.002865381406811174,0.0015857031025805991
ViTscratch,200,38,0.38585892,0,1.0,False,0.003926787984919986,0.005823729403833573
ViTscratch,200,38,0.6338356,1,0.0,False,0.00825691675487839,0.0026106745695116166
ViTscratch,200,38,0.42055175,0,1.0,False,0.006923514565530296,0.004526404718148589
ViTscratch,200,38,0.9881031,1,1.0,True,0.005770984561094092,0.00956449617607084
ViTscratch,200,38,0.17782244,0,0.0,True,-0.0050301909750401184,-0.005672949643944751
ViTscratch,200,38,0.6197048,1,1.0,True,0.005227621053375607,0.0026711701926824013
ViTscratch,200,38,0.2354181,0,1.0,False,0.001897573981163044,0.003109578775151355
ViTscratch,200,38,0.25793707,0,0.0,True,-0.0001550575539249975,0.0013808968011631345
ViTscratch,200,38,0.56939244,1,0.0,False,0.004668902470769736,0.0016828477788466496
ViTscratch,200,38,0.91717005,1,1.0,True,0.004693206039836699,0.008584162063853259
ViTscratch,200,38,0.889409,1,0.0,False,0.008980625511616911,0.010688051516628536
ViTscratch,200,39,0.54403925,1,1.0,True,0.003817323541182876,0.0037260153824193844
ViTscratch,200,39,0.2589913,0,0.0,True,0.0001991890305506337,9.87499658781304e-05
ViTscratch,200,39,0.44325286,0,0.0,True,-0.001562940925130537,0.0031182694000259363
ViTscratch,200,39,0.23032692,0,0.0,True,0.0002980715440443801,-0.004134958605328373
ViTscratch,200,39,0.60366243,1,1.0,True,0.003404916501842187,0.004518575867323412
ViTscratch,200,39,0.29765928,0,1.0,False,0.002260105133324693,0.0025682018094953835
ViTscratch,200,39,0.128628,0,0.0,True,0.002309139617679986,-0.0014386978214523173
ViTscratch,200,39,0.8561665,1,1.0,True,0.0054544822541728695,0.007005327347320259
ViTscratch,200,39,0.82060367,1,1.0,True,0.016019546185978156,0.014347164388979603
ViTscratch,200,39,0.43307245,0,0.0,True,0.0009749225331767094,-0.0037069881270942974
ViTscratch,200,39,0.47665125,0,0.0,True,0.004119828050325985,0.004080101586801134
ViTscratch,200,39,0.9884659,1,1.0,True,0.009745323572587011,0.009391883199414527
ViTscratch,200,39,0.75644875,1,1.0,True,0.004483676642461028,0.0014228668284545487
ViTscratch,200,39,0.1461517,0,0.0,True,0.00039805592480819413,-0.0007093888156433835
ViTscratch,200,39,0.9691348,1,1.0,True,-0.003772002420148487,0.003423505791884056
ViTscratch,200,39,0.5496092,1,1.0,True,0.005047479447065115,0.006570951976917535
ViTscratch,200,39,0.67817086,1,1.0,True,-0.006105052123774463,0.005214802914161066
ViTscratch,200,39,0.9631803,1,1.0,True,0.018683942024826414,0.013543378817355891
ViTscratch,200,39,0.43328768,0,1.0,False,-0.001848537176034044,0.00318130318736807
ViTscratch,200,39,0.7632686,1,1.0,True,0.002402000977925137,0.006864667499342678
ViTscratch,200,39,0.49071854,0,1.0,False,0.0051727291760629325,0.009215416567405862
ViTscratch,200,39,0.46134934,0,1.0,False,-0.001308316668544302,0.0008027435048354128
ViTscratch,200,39,0.14685583,0,0.0,True,0.007507789363233017,0.0005003221383365158
ViTscratch,200,39,0.3115927,0,0.0,True,0.002559019777861949,-0.0008889035481161504
ViTscratch,200,39,0.2975305,0,0.0,True,0.0019860418771628593,-0.004152419201700538
ViTscratch,200,39,0.98858404,1,1.0,True,0.005254077630881919,0.007814681997051728
ViTscratch,200,39,0.9457209,1,1.0,True,0.005987821102812506,0.005460349024504231
ViTscratch,200,39,0.50634927,1,1.0,True,0.007788997738749093,0.0022420853655117363
ViTscratch,200,39,0.9602195,1,1.0,True,0.011444982401842238,0.008953816100719901
ViTscratch,200,39,0.6558031,1,1.0,True,0.003062185929641692,0.005059701416306049
ViTscratch,200,39,0.98856026,1,1.0,True,0.00036005366295430993,0.0018202966407011145
ViTscratch,200,39,0.9991679,1,1.0,True,0.004512949851861597,0.008757477534672584
ViTscratch,200,39,0.14236702,0,0.0,True,-0.009554341666535232,-0.003785123230954559
ViTscratch,200,39,0.8339692,1,1.0,True,0.009117618198690586,0.010069256857089752
ViTscratch,200,39,0.9691449,1,1.0,True,0.006851576141544341,0.009413064620908239
ViTscratch,200,39,0.8058741,1,1.0,True,0.002083952335868554,0.0028216944324871295
ViTscratch,200,39,0.16358025,0,0.0,True,-0.0014223696732432152,8.592795217451413e-05
ViTscratch,200,39,0.33373713,0,0.0,True,0.0020056160626658226,0.0006251108127854916
ViTscratch,200,39,0.95974237,1,1.0,True,0.01209611189135407,0.004797091524906122
ViTscratch,200,39,0.1637404,0,0.0,True,-0.002062214896212273,-7.752126025372643e-05
ViTscratch,200,39,0.34958825,0,0.0,True,0.001065736694095965,0.0009429943903413966
ViTscratch,200,39,0.21472469,0,0.0,True,0.001252049070974919,-0.0017927803149315222
ViTscratch,200,39,0.44721058,0,1.0,False,0.006902389197373497,0.009687531557803034
ViTscratch,200,39,0.8926631,1,1.0,True,0.010886443046626825,0.007534237963180593
ViTscratch,200,39,0.32858172,0,0.0,True,-0.0026893888427591437,0.0013584092750953116
ViTscratch,200,39,0.30105326,0,0.0,True,0.005728071172752221,0.004555271358439903
ViTscratch,200,39,0.6964702,1,1.0,True,0.00889638001183287,0.004685711075343359
ViTscratch,200,39,0.23097034,0,0.0,True,0.002244980643309016,0.000740042067372988
ViTscratch,200,39,0.36945677,0,1.0,False,0.0013263964471624977,0.0035201446847230393
ViTscratch,200,39,0.3026261,0,0.0,True,0.0021016172383680714,0.0017303945429000937
ViTscratch,200,39,0.6909934,1,1.0,True,0.0075350149191225,0.008740955048086599
ViTscratch,200,39,0.5429573,1,0.0,False,0.004619420591029533,0.004678728246296933
ViTscratch,200,39,0.23203558,0,0.0,True,0.003114335330329045,-0.0018432170386313079
ViTscratch,200,39,0.57066035,1,1.0,True,0.0014480754446478652,0.006589115288520001
ViTscratch,200,39,0.64967453,1,1.0,True,0.0033415488968670344,0.003423965132504605
ViTscratch,200,39,0.7361491,1,1.0,True,0.006301058124407449,0.006690282467045165
ViTscratch,200,39,0.15329826,0,0.0,True,-0.005851819205161969,-0.005386816151348762
ViTscratch,200,39,0.65585035,1,1.0,True,0.013963401843474959,0.00782756620654746
ViTscratch,200,39,0.21254769,0,1.0,False,0.001451426209038479,0.0011541548369627056
ViTscratch,200,39,0.9986916,1,1.0,True,0.005720244570395011,0.007345742052121696
ViTscratch,200,39,0.3342411,0,0.0,True,0.00964149093972722,0.010319450871109092
ViTscratch,200,39,0.54073125,1,0.0,False,0.00124199563265795,0.0013944495240486526
ViTscratch,200,39,0.9223294,1,1.0,True,0.00869234493466601,0.011157526993613614
ViTscratch,200,39,0.4430255,0,0.0,True,0.0006440806101056757,0.006814460685403063
ViTscratch,200,39,0.24605176,0,0.0,True,0.0022776695291200355,0.0013517354292178743
ViTscratch,200,39,0.16700642,0,0.0,True,-0.002833846165575768,-0.002413461604870235
ViTscratch,200,39,0.16291206,0,0.0,True,0.0012749749848901101,0.0008744676442446343
ViTscratch,200,39,0.5632143,1,1.0,True,0.007181866284321965,0.001632318336565121
ViTscratch,200,39,0.6611141,1,1.0,True,0.004354574668273329,0.004840773549414644
ViTscratch,200,39,0.32764566,0,0.0,True,0.003907921823231737,0.0019535627431497933
ViTscratch,200,39,0.95061177,1,1.0,True,0.007701229270684993,0.01369004683130291
ViTscratch,200,39,0.3317959,0,1.0,False,0.00853946867290406,0.005362103720826104
ViTscratch,200,39,0.2802331,0,0.0,True,0.007276646171150748,0.003870511372071779
ViTscratch,200,39,0.7020014,1,1.0,True,0.0019911424473255794,0.007111059998422597
ViTscratch,200,39,0.45221812,0,1.0,False,0.004567936114125509,0.0020856296510845806
ViTscratch,200,39,0.75519574,1,1.0,True,0.005789642929607426,0.005554831685542657
ViTscratch,200,39,0.639279,1,1.0,True,0.0027534532570471825,0.008402878653104809
ViTscratch,200,39,0.112840146,0,0.0,True,-0.005232491553874993,-0.0035067700025465235
ViTscratch,200,39,0.31951633,0,0.0,True,-0.004227172531091547,-0.002625306906722272
ViTscratch,200,39,0.18726291,0,0.0,True,0.004162557338491191,0.0005000024806929912
ViTscratch,200,39,0.20521407,0,0.0,True,0.0018589528002518323,0.00065396905788909
ViTscratch,200,39,0.17271686,0,0.0,True,-0.006080906362233214,-0.004631707960317266
ViTscratch,200,39,0.25959465,0,0.0,True,0.00378738996541065,-0.00066827556661094
ViTscratch,200,39,0.119213775,0,0.0,True,-0.006227146170776381,-0.0076288138152767
ViTscratch,200,39,0.33935186,0,0.0,True,-0.00758615437568646,-0.002635636812346962
ViTscratch,200,39,0.9273573,1,1.0,True,0.007766307845613027,0.006804633863653944
ViTscratch,200,39,0.59699327,1,0.0,False,-0.0015792698917199645,0.002027072262135024
ViTscratch,200,39,0.15429547,0,0.0,True,0.001386594913660956,-0.00118146033705393
ViTscratch,200,39,0.69973546,1,1.0,True,0.003366743121576485,0.008010408223797706
ViTscratch,200,39,0.57555836,1,1.0,True,0.002146273403191018,0.0021520663156384613
ViTscratch,200,39,0.9999336,1,1.0,True,0.0009337581356468317,0.004612708794512135
ViTscratch,200,39,0.7975823,1,1.0,True,-0.0012144876978458635,0.0020328489000645614
ViTscratch,200,39,0.24522431,0,1.0,False,-0.00021920167501470093,-0.0012294222509645182
ViTscratch,200,39,0.27452812,0,0.0,True,0.008239253527144315,0.005389604634345734
ViTscratch,200,39,0.2186388,0,0.0,True,0.003784207747897629,0.000436753604484814
ViTscratch,200,39,0.2901107,0,0.0,True,-0.0008040221990020541,-0.002871510051388113
ViTscratch,200,39,0.47116038,0,1.0,False,0.004665900610652581,0.006567563535883149
ViTscratch,200,39,0.076255135,0,0.0,True,0.0016576624747180963,-0.001839410409479725
ViTscratch,200,39,0.77128375,1,1.0,True,-0.0029066537541337575,0.001461853249078681
ViTscratch,200,39,0.25626048,0,0.0,True,-0.008765262454154122,-0.0034472258220687836
ViTscratch,200,40,0.97179115,1,1.0,True,0.01829115285342561,0.017909491848228414
ViTscratch,200,40,0.3543298,0,0.0,True,0.002757556973503682,-0.0008127036931240016
ViTscratch,200,40,0.691789,1,1.0,True,0.00673855704912711,0.008495693296575166
ViTscratch,200,40,0.9895175,1,1.0,True,0.005304930289175684,0.006982330938818532
ViTscratch,200,40,0.23083659,0,0.0,True,0.003450621773812227,-0.0007225724235098571
ViTscratch,200,40,0.53436464,1,0.0,False,0.008363149219127813,0.005211329289182747
ViTscratch,200,40,0.9959628,1,1.0,True,0.015979899497487435,0.013249370277078086
ViTscratch,200,40,0.7483307,1,1.0,True,0.004920522010546041,0.0036977309210964935
ViTscratch,200,40,0.27853706,0,1.0,False,-0.0006857332291019366,0.0015541919710653908
ViTscratch,200,40,0.9992601,1,1.0,True,0.01718444609974599,0.01420520738443815
ViTscratch,200,40,0.82588726,1,1.0,True,0.007226542700226855,0.008226626300099993
ViTscratch,200,40,0.36001307,0,1.0,False,0.0058773950364899505,0.004557412346463726
ViTscratch,200,40,0.4334,0,0.0,True,0.00901478925917879,0.0055359691151020745
ViTscratch,200,40,0.99557316,1,1.0,True,0.008053819670076214,0.007734462506423438
ViTscratch,200,40,0.64220876,1,1.0,True,-0.0050483949435640605,0.0021457342571773535
ViTscratch,200,40,0.17764245,0,0.0,True,0.003735701773210435,-0.0007139463864873748
ViTscratch,200,40,0.33478177,0,0.0,True,0.00813754469138898,0.0035234921847862605
ViTscratch,200,40,0.6818914,1,1.0,True,0.016694588533966635,0.010947040632590742
ViTscratch,200,40,0.99961746,1,1.0,True,0.0080678008669051,0.00955298093225268
ViTscratch,200,40,0.27024543,0,0.0,True,0.0005528190507556549,0.0023174457914367954
ViTscratch,200,40,0.2377375,0,0.0,True,-0.0028686865279915056,0.0021111168404207383
ViTscratch,200,40,0.29646832,0,0.0,True,-0.0036055142093176333,-0.0026510446555993573
ViTscratch,200,40,0.3280788,0,0.0,True,6.521567855314564e-05,-0.002779529676292966
ViTscratch,200,40,0.974433,1,1.0,True,0.007881164722815666,0.006060508827827315
ViTscratch,200,40,0.22783709,0,0.0,True,0.0026914645588213865,0.002473700765184065
ViTscratch,200,40,0.763951,1,1.0,True,-0.006879779320250986,-0.0017809865126784468
ViTscratch,200,40,0.96535736,1,1.0,True,0.013846432340644976,0.014591848359925236
ViTscratch,200,40,0.8895826,1,1.0,True,0.011630435712062636,0.009115629995541486
ViTscratch,200,40,0.24943273,0,0.0,True,0.003893259081924829,0.004353202804725168
ViTscratch,200,40,0.8417527,1,1.0,True,0.0010595294566549355,0.0016955791759872669
ViTscratch,200,40,0.2331809,0,0.0,True,0.002998032831589059,-0.0003221844382761252
ViTscratch,200,40,0.17911734,0,1.0,False,0.0032030744144699586,-0.0018523455441014156
ViTscratch,200,40,0.49898937,0,1.0,False,0.005048259029886614,0.003753442344469849
ViTscratch,200,40,0.90857565,1,1.0,True,0.007888926041550712,0.009545886087826893
ViTscratch,200,40,0.90088814,1,1.0,True,0.014823981467298698,0.011359748719315327
ViTscratch,200,40,0.14970125,0,0.0,True,0.003262869860473757,0.004052142161885524
ViTscratch,200,40,0.27946013,0,0.0,True,0.002205033801779957,0.0003459603860453888
ViTscratch,200,40,0.28915876,0,0.0,True,0.004556198897780057,0.002303154350879066
ViTscratch,200,40,0.9536729,1,1.0,True,0.0063107904118384454,0.0069808459121092695
ViTscratch,200,40,0.26061085,0,0.0,True,0.008325197286205897,0.002830740894567641
ViTscratch,200,40,0.26585314,0,1.0,False,-0.009683591304353804,-0.002151804721402515
ViTscratch,200,40,0.1791145,0,0.0,True,-0.007952540960019678,-0.0022005805111154123
ViTscratch,200,40,0.5149973,1,1.0,True,0.00975654869442644,0.00784601974124181
ViTscratch,200,40,0.9983417,1,1.0,True,0.003762458131830543,0.00613846825068538
ViTscratch,200,40,0.9855232,1,1.0,True,0.00851143075925293,0.00813330825207499
ViTscratch,200,40,0.13335879,0,0.0,True,-0.006935726247902052,-0.0048374487382760204
ViTscratch,200,40,0.47018847,0,0.0,True,0.0012313121898387003,-0.0009334616236957799
ViTscratch,200,40,0.31054685,0,0.0,True,0.001974992032168962,0.0031608767346126255
ViTscratch,200,40,0.37763184,0,0.0,True,-0.005261070440900266,-0.00469970657858007
ViTscratch,200,40,0.28068104,0,0.0,True,0.0058955907018531555,0.002209682831410145
ViTscratch,200,40,0.9991134,1,1.0,True,0.006957131750335908,0.012774293391362069
ViTscratch,200,40,0.3014788,0,0.0,True,-0.001071344608948018,-0.0013003053714869457
ViTscratch,200,40,0.16996418,0,0.0,True,0.0015551545864440058,0.00269306736533078
ViTscratch,200,40,0.12912904,0,0.0,True,-0.001066112625537661,-0.004116310967145619
ViTscratch,200,40,0.16636316,0,0.0,True,-0.005938430770409042,-0.0011912351430027669
ViTscratch,200,40,0.7223943,1,1.0,True,0.00911982685384438,0.004908283923708701
ViTscratch,200,40,0.9959941,1,1.0,True,0.008695365691822684,0.007631408997262315
ViTscratch,200,40,0.9993279,1,1.0,True,0.007180756135027398,0.009061247961060758
ViTscratch,200,40,0.11182618,0,0.0,True,-0.004207337404586508,-0.001321407738118521
ViTscratch,200,40,0.4797116,0,0.0,True,0.00196888485816526,0.00379043689924711
ViTscratch,200,40,0.47069904,0,1.0,False,0.0009475531890594637,0.010925757558138016
ViTscratch,200,40,0.34488928,0,0.0,True,-0.0024601401938653135,-0.0015550665015721722
ViTscratch,200,40,0.17650884,0,0.0,True,0.0004572960256122034,-0.004052304042882701
ViTscratch,200,40,0.6178948,1,1.0,True,-0.006067937038698164,-0.0007180308868957218
ViTscratch,200,40,0.2762297,0,1.0,False,0.003615835588189727,0.0028948192999010964
ViTscratch,200,40,0.36581233,0,0.0,True,0.001355650294058663,-0.00020274180149912636
ViTscratch,200,40,0.9979177,1,1.0,True,0.010530527630281417,0.007608476779698304
ViTscratch,200,40,0.19905132,0,0.0,True,0.0015797596322601089,0.0022876967070195892
ViTscratch,200,40,0.9295263,1,1.0,True,0.011957615669654682,0.009241769964556062
ViTscratch,200,40,0.73988897,1,1.0,True,0.007930687752369214,0.002233368329228532
ViTscratch,200,40,0.27077115,0,0.0,True,0.0015509851931867506,-0.0031330111181384376
ViTscratch,200,40,0.14827403,0,0.0,True,0.0033581976925798826,0.002510421437901586
ViTscratch,200,40,0.25231564,0,0.0,True,-0.0026904620925642707,-0.0024940698386197485
ViTscratch,200,40,0.56490934,1,1.0,True,0.00522460373519236,0.007832844825690482
ViTscratch,200,40,0.43910316,0,0.0,True,0.0008251666169910021,-0.0037368868869391567
ViTscratch,200,40,0.20873436,0,0.0,True,-0.003723063705150962,-0.005243159721838039
ViTscratch,200,40,0.9554087,1,1.0,True,0.0021586116407992383,0.0065713202010976
ViTscratch,200,40,0.96569645,1,1.0,True,0.006262194803927199,0.006403977683770623
ViTscratch,200,40,0.21477902,0,0.0,True,0.0002430755868833925,-0.00278320275109017
ViTscratch,200,40,0.4095944,0,0.0,True,-0.008574550613010462,-0.000612556983144935
ViTscratch,200,40,0.4906048,0,0.0,True,0.01427659690480568,0.00700833955322561
ViTscratch,200,40,0.20523936,0,0.0,True,-0.005884018534223044,-0.001009121458708886
ViTscratch,200,40,0.21097803,0,0.0,True,-0.005656654782142917,0.0011277400335381416
ViTscratch,200,40,0.78520656,1,1.0,True,0.005615308190090716,0.007673506031986878
ViTscratch,200,40,0.99989665,1,1.0,True,0.005306687957615634,0.00864788759690515
ViTscratch,200,40,0.11828216,0,0.0,True,-0.003368802363778776,-0.0006826530756022998
ViTscratch,200,40,0.9848385,1,1.0,True,0.0032418520290276747,0.009417739846712818
ViTscratch,200,40,0.9941552,1,1.0,True,0.0004312984314999691,0.004784354153106138
ViTscratch,200,40,0.99942553,1,1.0,True,0.017628437017392886,0.015663414253789722
ViTscratch,200,40,0.5568152,1,1.0,True,0.0021605526492354107,0.0026696521974684034
ViTscratch,200,40,0.6580871,1,1.0,True,0.0018452786388795893,0.0029606394707478684
ViTscratch,200,40,0.19540645,0,0.0,True,-0.010590741870449004,-0.0042192895690322365
ViTscratch,200,40,0.48924178,0,0.0,True,-0.0007224668701306786,0.0011421278798073604
ViTscratch,200,40,0.72630703,1,1.0,True,0.011653575346192034,0.007580200178347437
ViTscratch,200,40,0.20833664,0,0.0,True,-0.00241685195917603,-0.002955720546094458
ViTscratch,200,40,0.7618051,1,1.0,True,0.004099296514211317,0.005501497020918211
ViTscratch,200,40,0.36128703,0,0.0,True,-0.0011460427718765526,-0.00014624234262605647
ViTscratch,200,40,0.29577804,0,1.0,False,0.0038210934298003054,0.002119756261650966
ViTscratch,200,40,0.42335507,0,0.0,True,0.004200894783082892,0.006300294771346969
ViTscratch,200,40,0.9039158,1,1.0,True,0.007569195632328323,0.010108271707187049
ViTscratch,200,41,0.18838029,0,0.0,True,0.0045863364845330585,-0.0010944976208820073
ViTscratch,200,41,0.9545423,1,1.0,True,0.014218033555103775,0.009895490961754254
ViTscratch,200,41,0.9870014,1,1.0,True,0.003702817770977369,0.0067614395231034245
ViTscratch,200,41,0.14900473,0,0.0,True,-0.0011073504814864148,-0.0033013972266324504
ViTscratch,200,41,0.32086048,0,0.0,True,-0.00020920984990704914,0.0009501106856455203
ViTscratch,200,41,0.8677421,1,1.0,True,0.005175261320042169,0.005137919177772408
ViTscratch,200,41,0.6650223,1,1.0,True,0.0212785344035595,0.01546001452355215
ViTscratch,200,41,0.2521297,0,0.0,True,-0.005061647602995967,-0.0012471225811081742
ViTscratch,200,41,0.36896977,0,1.0,False,0.0014859476191521337,5.907106722046999e-06
ViTscratch,200,41,0.26306456,0,0.0,True,-0.005187263494128593,-0.0013593172774333693
ViTscratch,200,41,0.2909133,0,0.0,True,0.006422520037457019,0.0013996903679976689
ViTscratch,200,41,0.36495948,0,0.0,True,0.0036352868280147784,0.005663730485764222
ViTscratch,200,41,0.58845985,1,1.0,True,0.0074855803499020365,0.010955293071165174
ViTscratch,200,41,0.20090857,0,0.0,True,-0.002630493311186946,-0.0008481780757579238
ViTscratch,200,41,0.88661164,1,1.0,True,0.010838289423230106,0.0068615335074951695
ViTscratch,200,41,0.22561134,0,0.0,True,0.002438002704602154,-0.00024921422964636615
ViTscratch,200,41,0.45302922,0,0.0,True,0.0009761475707396398,0.005161348332381115
ViTscratch,200,41,0.18657476,0,0.0,True,-0.0036862262944440762,-0.0012011390572992198
ViTscratch,200,41,0.46793568,0,1.0,False,0.00734619123240187,0.006410238407343318
ViTscratch,200,41,0.99195063,1,1.0,True,0.016723740112674253,0.010926634326201178
ViTscratch,200,41,0.9995153,1,1.0,True,0.017070505046084664,0.01888181538025348
ViTscratch,200,41,0.98980916,1,1.0,True,0.0005203667961420021,0.0063372157491881995
ViTscratch,200,41,0.15505983,0,0.0,True,-0.0015619182515891278,0.00029841208482462824
ViTscratch,200,41,0.34309503,0,1.0,False,0.0018401021256691029,-0.0007731165537397517
ViTscratch,200,41,0.8751929,1,1.0,True,0.015265082667650486,0.012180885494463804
ViTscratch,200,41,0.32870066,0,0.0,True,0.0007558223964616433,0.0004819876290008437
ViTscratch,200,41,0.37346998,0,0.0,True,-0.0016920277939651209,-0.0019229370381972128
ViTscratch,200,41,0.789459,1,1.0,True,0.012933672281426495,0.010448967179419446
ViTscratch,200,41,0.23128158,0,0.0,True,0.005151818198758695,0.004583299027483508
ViTscratch,200,41,0.79998094,1,1.0,True,0.0031078482529685726,0.006465142327386943
ViTscratch,200,41,0.9918555,1,1.0,True,0.01347094686159085,0.011073777987983074
ViTscratch,200,41,0.35375422,0,0.0,True,0.0001647858451001957,0.00046640983462298074
ViTscratch,200,41,0.905421,1,1.0,True,0.012260811255798226,0.012468342443174723
ViTscratch,200,41,0.6451964,1,1.0,True,0.006872756449201511,0.008201129618902292
ViTscratch,200,41,0.20444143,0,0.0,True,0.0035561987798915415,0.002106242531553651
ViTscratch,200,41,0.17365928,0,0.0,True,-0.0017040845841671795,0.0010162874033107301
ViTscratch,200,41,0.25696385,0,0.0,True,-0.00040348163052138816,-0.0018934352221656116
ViTscratch,200,41,0.87444466,1,1.0,True,0.006174778467950706,0.00651853489025378
ViTscratch,200,41,0.6951097,1,0.0,False,0.005480504092641315,0.004384780976059848
ViTscratch,200,41,0.2065938,0,0.0,True,0.0008170646672865778,0.00011531731251910911
ViTscratch,200,41,0.67725897,1,1.0,True,0.010200382002782228,0.009721727165398649
ViTscratch,200,41,0.8818587,1,1.0,True,0.0145948704397117,0.008354164203250141
ViTscratch,200,41,0.30067083,0,0.0,True,-0.003418925980201305,-0.004257311280327889
ViTscratch,200,41,0.8915738,1,1.0,True,-0.002011185006933089,-0.0032257168997288136
ViTscratch,200,41,0.89340574,1,1.0,True,0.007255268466851848,0.0049331826040919634
ViTscratch,200,41,0.5476851,1,1.0,True,0.0004931250411431201,4.093991506002987e-05
ViTscratch,200,41,0.9987413,1,1.0,True,0.011479575209464727,0.016089043618166557
ViTscratch,200,41,0.9568558,1,1.0,True,0.009984680451342366,0.008044381399087525
ViTscratch,200,41,0.43204597,0,1.0,False,0.009985524687356915,0.003360429756562359
ViTscratch,200,41,0.15046625,0,0.0,True,-0.006125661542247133,-0.0032688428588293276
ViTscratch,200,41,0.49716562,0,1.0,False,0.0045240887275936875,0.00733462508820361
ViTscratch,200,41,0.2864544,0,1.0,False,0.00415415118808383,0.008470607302764964
ViTscratch,200,41,0.962906,1,1.0,True,0.013135322206173649,0.013613028677467965
ViTscratch,200,41,0.40301862,0,0.0,True,0.000911799119714239,0.0010708450238584675
ViTscratch,200,41,0.24185474,0,0.0,True,-0.0075408825448771265,-0.006350661014429888
ViTscratch,200,41,0.3376317,0,1.0,False,0.01359361572300394,0.0069014350941232335
ViTscratch,200,41,0.39814055,0,1.0,False,-0.006249926812251314,-0.003043287697091194
ViTscratch,200,41,0.9955226,1,1.0,True,0.003801767364677174,0.00968264203604929
ViTscratch,200,41,0.98989266,1,1.0,True,0.014296099487300658,0.011735733952023425
ViTscratch,200,41,0.28853467,0,0.0,True,0.006488154268677539,0.001772820568349814
ViTscratch,200,41,0.35062483,0,0.0,True,0.00028184457222293945,0.0019969803165865866
ViTscratch,200,41,0.21915829,0,0.0,True,0.006476545726101281,0.005989356171201959
ViTscratch,200,41,0.18283361,0,0.0,True,0.0020528459013717942,0.002813480089912446
ViTscratch,200,41,0.34063578,0,0.0,True,0.009296457329129332,0.0046599118098150935
ViTscratch,200,41,0.96323174,1,1.0,True,0.00506790596972009,0.008179305784713533
ViTscratch,200,41,0.98954725,1,1.0,True,0.011205672297291544,0.0076072544404483244
ViTscratch,200,41,0.18679877,0,0.0,True,0.004164990811819372,0.005233187746762332
ViTscratch,200,41,0.66351354,1,1.0,True,0.012960502726633922,0.0073007550123509995
ViTscratch,200,41,0.93190944,1,1.0,True,0.010835469849916898,0.007536523607041733
ViTscratch,200,41,0.12837799,0,0.0,True,0.005365106420314777,-0.001322090562866495
ViTscratch,200,41,0.7598816,1,1.0,True,0.0017802573095170356,0.004054049954659646
ViTscratch,200,41,0.9796673,1,1.0,True,0.01539300217046928,0.010462146103647419
ViTscratch,200,41,0.12877038,0,0.0,True,0.0028637172096644117,0.0012335878927703303
ViTscratch,200,41,0.28780672,0,0.0,True,-0.0033982520450726635,0.0019066855308617833
ViTscratch,200,41,0.99203414,1,1.0,True,0.005662538353103142,0.007339049238450837
ViTscratch,200,41,0.31406373,0,0.0,True,-0.004179530078085743,-0.0023747997107326207
ViTscratch,200,41,0.6552994,1,1.0,True,-5.281854709807369e-05,0.006495853807684604
ViTscratch,200,41,0.676608,1,1.0,True,0.008520623547667968,0.008566884436602959
ViTscratch,200,41,0.8130107,1,1.0,True,0.010500948228184872,0.008638408752791742
ViTscratch,200,41,0.37357736,0,1.0,False,-0.0003762656880498413,0.0009315724076970496
ViTscratch,200,41,0.15527515,0,0.0,True,-0.004202357623813754,0.0016307317069338264
ViTscratch,200,41,0.38477433,0,1.0,False,0.010409985900760175,0.008388531486214235
ViTscratch,200,41,0.7412343,1,1.0,True,0.007228037371328988,0.005884883618594453
ViTscratch,200,41,0.9995591,1,1.0,True,0.013807220821649905,0.006989307279212138
ViTscratch,200,41,0.9929235,1,1.0,True,0.005997571539275629,0.01273871187285478
ViTscratch,200,41,0.75150406,1,1.0,True,0.007163064333471958,0.006097779989059213
ViTscratch,200,41,0.45389962,0,1.0,False,0.01060166386802042,0.003953774734642887
ViTscratch,200,41,0.9982304,1,1.0,True,0.007411205256477347,0.011431825845724141
ViTscratch,200,41,0.20839562,0,0.0,True,0.0048212957796804085,-0.00028001546829751025
ViTscratch,200,41,0.3869554,0,0.0,True,0.0017218510641104348,0.004319494266980071
ViTscratch,200,41,0.5779917,1,0.0,False,-0.006234330194068175,0.0004755938562506531
ViTscratch,200,41,0.21526738,0,0.0,True,-0.005045149153771349,0.0018197043077203148
ViTscratch,200,41,0.8219616,1,1.0,True,0.015582965331712667,0.010031481737590008
ViTscratch,200,41,0.28635913,0,0.0,True,-0.0057815911276799525,-0.0043602896610837796
ViTscratch,200,41,0.32381287,0,0.0,True,0.0005570261030287389,-2.3428249553500426e-05
ViTscratch,200,41,0.42346117,0,0.0,True,-0.0005165032723907732,0.003214367972900019
ViTscratch,200,41,0.1571291,0,0.0,True,-0.0019761924231007683,0.0001860785440060979
ViTscratch,200,41,0.5094832,1,0.0,False,0.0054252876595612684,0.0025964665374770433
ViTscratch,200,41,0.9378454,1,1.0,True,0.015237150855753374,0.009911921647076025
ViTscratch,200,41,0.69988716,1,0.0,False,0.005220825247829367,0.001480609838134198
ViTscratch,200,42,0.9937571,1,1.0,True,0.00723923415676701,0.00812348044476757
ViTscratch,200,42,0.89628285,1,1.0,True,0.009546935803824784,0.010679396246697557
ViTscratch,200,42,0.823494,1,1.0,True,0.002395535816010616,0.00323549761178948
ViTscratch,200,42,0.2703288,0,0.0,True,0.001766866746159763,-0.0014049145769118188
ViTscratch,200,42,0.349799,0,1.0,False,0.011775884361560011,0.006115311606160071
ViTscratch,200,42,0.24743369,0,0.0,True,0.005629401269533426,-9.087722013116681e-07
ViTscratch,200,42,0.22268438,0,0.0,True,0.004607487154180474,0.002904626018937172
ViTscratch,200,42,0.18116218,0,0.0,True,0.0007984480161479402,-0.002574768684572024
ViTscratch,200,42,0.5105012,1,1.0,True,0.0013479264414965038,0.0005802383758653182
ViTscratch,200,42,0.13493994,0,0.0,True,-0.009057952977203661,-0.008502099779649988
ViTscratch,200,42,0.49076134,0,1.0,False,0.005426221783367886,0.005263792094784085
ViTscratch,200,42,0.18326618,0,0.0,True,-0.00021724596174627287,0.0029018600596666614
ViTscratch,200,42,0.99695873,1,1.0,True,0.009552711937462276,0.008031203996348303
ViTscratch,200,42,0.85517985,1,1.0,True,0.0014465507074016763,0.004194806015223857
ViTscratch,200,42,0.44364125,0,0.0,True,0.000649407841838693,0.002161731355614031
ViTscratch,200,42,0.875897,1,1.0,True,0.011959528262291713,0.011460617479821182
ViTscratch,200,42,0.94050175,1,1.0,True,0.004418420809712062,0.005186214646800793
ViTscratch,200,42,0.26400986,0,0.0,True,0.003124140391311866,0.0016429235498391466
ViTscratch,200,42,0.23429157,0,0.0,True,0.002961386996427391,0.0005005300799927957
ViTscratch,200,42,0.3569538,0,0.0,True,-0.0023044517773148014,-6.477908765455654e-05
ViTscratch,200,42,0.31898752,0,0.0,True,0.011551300398333726,0.0059636718509379644
ViTscratch,200,42,0.6480531,1,1.0,True,-0.006013165112307055,-0.0011881496193124
ViTscratch,200,42,0.9025389,1,1.0,True,-0.00037320271159006844,0.008897642562354473
ViTscratch,200,42,0.9761069,1,1.0,True,0.017787789744115885,0.013600024173389545
ViTscratch,200,42,0.69049525,1,1.0,True,-0.0034233426179006332,-0.0013151123759725823
ViTscratch,200,42,0.18787088,0,0.0,True,-0.0031513828507832233,-0.001367817543742877
ViTscratch,200,42,0.98785853,1,1.0,True,0.009194916237067257,0.007735368717225061
ViTscratch,200,42,0.94711417,1,1.0,True,0.003920681826689713,0.005844733051179096
ViTscratch,200,42,0.2526422,0,0.0,True,0.008385936870970131,0.002780945987001943
ViTscratch,200,42,0.9940801,1,1.0,True,0.007785876501981114,0.009081792837660828
ViTscratch,200,42,0.99549794,1,1.0,True,0.013077117471265517,0.0092299802093192
ViTscratch,200,42,0.59495074,1,0.0,False,0.00030811488655298436,-0.002358329215524546
ViTscratch,200,42,0.5033078,1,0.0,False,-0.0005115943025096484,0.0008714022151417698
ViTscratch,200,42,0.28766492,0,0.0,True,0.0011890866399719092,0.0024497325500260608
ViTscratch,200,42,0.41183072,0,1.0,False,-0.0007705727648114455,-0.0002990267982789389
ViTscratch,200,42,0.26982233,0,1.0,False,-0.0005841759076971791,-0.006882024586032256
ViTscratch,200,42,0.99285746,1,1.0,True,0.006320450666892211,0.000814990339684863
ViTscratch,200,42,0.5189814,1,0.0,False,0.0038599409664546182,0.002837289457148058
ViTscratch,200,42,0.80979466,1,1.0,True,0.006876593579025215,0.0052311805598094716
ViTscratch,200,42,0.81072295,1,1.0,True,0.0030653366050254283,0.002367697525436988
ViTscratch,200,42,0.94513434,1,1.0,True,0.010797925010467207,0.00956519450415656
ViTscratch,200,42,0.9957585,1,1.0,True,0.011999368530011219,0.01016400994313853
ViTscratch,200,42,0.6072754,1,1.0,True,0.0004758103689314902,0.0015368831725970041
ViTscratch,200,42,0.13555601,0,0.0,True,-0.004650835999503212,-0.002698070022489186
ViTscratch,200,42,0.27097112,0,0.0,True,0.0017121166938325154,-0.004858997051852954
ViTscratch,200,42,0.88164526,1,1.0,True,0.005054060811906609,0.0073348474723252495
ViTscratch,200,42,0.7512264,1,1.0,True,0.008823914214175195,-0.00120082559549023
ViTscratch,200,42,0.99833053,1,1.0,True,0.012387482420623241,0.00561724863427357
ViTscratch,200,42,0.31317332,0,0.0,True,-0.009788587956294243,-0.001474688429633208
ViTscratch,200,42,0.24766448,0,0.0,True,0.003109054290063148,0.005082222522972471
ViTscratch,200,42,0.83554894,1,1.0,True,0.004469682478364688,0.0061930657055575804
ViTscratch,200,42,0.6952541,1,1.0,True,0.004605275831338975,0.006612001563525357
ViTscratch,200,42,0.99377924,1,1.0,True,0.004244029389259816,0.003017483547365768
ViTscratch,200,42,0.7385104,1,1.0,True,0.0061217853137337745,0.011578582224302731
ViTscratch,200,42,0.4908088,0,0.0,True,-0.0024683380396031177,-0.0009646817171332634
ViTscratch,200,42,0.77212346,1,1.0,True,0.005755165537093292,0.0006799866916612776
ViTscratch,200,42,0.39148766,0,0.0,True,0.00435885695978089,0.0036869138703433456
ViTscratch,200,42,0.4123868,0,1.0,False,0.0014875665553814629,0.0049455012799085925
ViTscratch,200,42,0.6838273,1,1.0,True,0.009261320576858727,0.006993244210670052
ViTscratch,200,42,0.7741696,1,1.0,True,0.005635112670054763,0.0023243086942011
ViTscratch,200,42,0.42584714,0,0.0,True,0.003914820112399919,0.004050186334019183
ViTscratch,200,42,0.46301344,0,1.0,False,-0.0033454980922173173,0.002263447670395115
ViTscratch,200,42,0.7632614,1,1.0,True,0.008588872161609591,0.007225532809613321
ViTscratch,200,42,0.20516746,0,0.0,True,-0.0010190802965139064,-0.000594980144219223
ViTscratch,200,42,0.4605839,0,0.0,True,0.001657791242307687,0.0005789087056910752
ViTscratch,200,42,0.64407897,1,1.0,True,0.012246525767937734,0.009330522296154057
ViTscratch,200,42,0.5121878,1,1.0,True,0.0036597290273758984,0.006337443351466805
ViTscratch,200,42,0.34286696,0,1.0,False,0.005857106759461076,0.003353029148732526
ViTscratch,200,42,0.292982,0,0.0,True,0.0025623702831325404,0.0010574870243979754
ViTscratch,200,42,0.37316585,0,1.0,False,0.004312191765410855,0.0005710026646823864
ViTscratch,200,42,0.99782515,1,1.0,True,0.004365786948043752,0.00992297260172448
ViTscratch,200,42,0.2154271,0,0.0,True,0.005628140757783744,0.0016371657140917034
ViTscratch,200,42,0.6712331,1,1.0,True,0.0031014380773951027,0.0007167196418586283
ViTscratch,200,42,0.4013254,0,0.0,True,-0.0006005341693144267,0.0022934798978740153
ViTscratch,200,42,0.30790198,0,0.0,True,0.00627270788937879,-0.00028650376539396014
ViTscratch,200,42,0.2682802,0,0.0,True,-0.007791236568715147,-0.007756830819113482
ViTscratch,200,42,0.1454436,0,0.0,True,-0.005427276799998083,-0.002745688069522989
ViTscratch,200,42,0.99472874,1,1.0,True,0.012210778468203311,0.007480765694512359
ViTscratch,200,42,0.59242743,1,1.0,True,0.0051315881141129095,0.008342831169947874
ViTscratch,200,42,0.9577645,1,1.0,True,0.022366327682447125,0.01787886962857349
ViTscratch,200,42,0.99927706,1,1.0,True,0.01595148630128371,0.01163529970080691
ViTscratch,200,42,0.21627723,0,0.0,True,0.0005856576117272044,-6.641919872876824e-05
ViTscratch,200,42,0.87878615,1,1.0,True,0.009342575575389459,0.004073854715072175
ViTscratch,200,42,0.18316728,0,0.0,True,0.0006293685759176835,0.00015398622928409228
ViTscratch,200,42,0.9968522,1,1.0,True,0.009213060416676274,0.009406438373768025
ViTscratch,200,42,0.9988432,1,1.0,True,0.014464035224645405,0.013317161246063546
ViTscratch,200,42,0.2102352,0,0.0,True,-0.009572219828994201,-0.0003494920940641494
ViTscratch,200,42,0.9817363,1,1.0,True,0.005643158539400925,0.0042966494921726685
ViTscratch,200,42,0.18550378,0,0.0,True,-0.010389000943266362,-0.003590143240923696
ViTscratch,200,42,0.97703516,1,1.0,True,0.005953569966291694,0.004480291884558057
ViTscratch,200,42,0.9310773,1,1.0,True,0.006232334691818084,0.010831144366846145
ViTscratch,200,42,0.13022734,0,0.0,True,-0.008891190979465367,-0.006418739075863492
ViTscratch,200,42,0.5844983,1,0.0,False,0.004746649243754112,0.0031489651058433923
ViTscratch,200,42,0.16346718,0,0.0,True,-0.0010573020031761995,-0.005795661386007048
ViTscratch,200,42,0.32916713,0,1.0,False,-0.002068580616765681,0.002382891977366865
ViTscratch,200,42,0.23758797,0,0.0,True,-0.004984026042222933,0.002082372233087697
ViTscratch,200,42,0.25639725,0,0.0,True,0.003296239389680553,-0.0018830007360813702
ViTscratch,200,42,0.26257727,0,0.0,True,0.0006376879320247356,0.0012436130824937843
ViTscratch,200,42,0.120213754,0,0.0,True,-0.008343778045185388,-0.008666643008927107
ViTscratch,200,42,0.4762024,0,0.0,True,-0.011366833967327832,-0.005929346563960547
ViTscratch,200,43,0.6807789,1,0.0,False,0.00930823637919575,0.0033623554742186414
ViTscratch,200,43,0.8515791,1,1.0,True,0.012141833355522444,0.00856421177578633
ViTscratch,200,43,0.46663755,0,0.0,True,0.001241523254229462,0.005023580550575747
ViTscratch,200,43,0.22427994,0,0.0,True,0.0028476431554375556,0.0013689208529108292
ViTscratch,200,43,0.2580067,0,0.0,True,0.00903432308206237,0.006362087418095994
ViTscratch,200,43,0.31149158,0,0.0,True,-0.0005057131197299287,0.0025706263357633996
ViTscratch,200,43,0.9383619,1,1.0,True,0.010332857447451308,0.007865622578275035
ViTscratch,200,43,0.9139817,1,1.0,True,0.00448518178404953,0.005106698441034945
ViTscratch,200,43,0.6449688,1,1.0,True,0.01227255897231624,0.007969408573121641
ViTscratch,200,43,0.12542732,0,0.0,True,-0.007705160301124121,-0.005483934500759497
ViTscratch,200,43,0.89866096,1,1.0,True,0.004108974333910569,0.0034151964569984062
ViTscratch,200,43,0.34123,0,0.0,True,0.004500454426798774,0.003659523752918157
ViTscratch,200,43,0.3647113,0,1.0,False,0.01150987054648581,0.007510185873550145
ViTscratch,200,43,0.99886656,1,1.0,True,0.005826386948453003,0.007934390702981532
ViTscratch,200,43,0.37292632,0,0.0,True,0.009804896964860813,0.004136126523305476
ViTscratch,200,43,0.9230113,1,1.0,True,0.01918555457955518,0.014698301050460005
ViTscratch,200,43,0.11085111,0,0.0,True,0.0005526530874281695,-0.0015114361309910224
ViTscratch,200,43,0.2965624,0,0.0,True,-0.005050313598007088,-0.005089109950894742
ViTscratch,200,43,0.20370433,0,0.0,True,0.0020597769966479314,0.0007298898374048159
ViTscratch,200,43,0.15825096,0,0.0,True,-0.000572968567279394,-0.0064679434859553995
ViTscratch,200,43,0.4579847,0,0.0,True,0.008517755544148624,0.002594913064698222
ViTscratch,200,43,0.39404753,0,0.0,True,0.005134458325916877,0.0019460458172840449
ViTscratch,200,43,0.8236852,1,1.0,True,0.007169567832528568,0.00741519726675808
ViTscratch,200,43,0.8776984,1,0.0,False,-0.005326567886399949,-0.001410548474544831
ViTscratch,200,43,0.98971725,1,1.0,True,0.008782425093498606,0.00965865280145166
ViTscratch,200,43,0.33756006,0,0.0,True,0.005600479088875724,0.003448202615083838
ViTscratch,200,43,0.12698956,0,0.0,True,-0.002767491511425936,0.0007278652120292109
ViTscratch,200,43,0.42415008,0,0.0,True,0.009104238075043068,0.0032810888939745976
ViTscratch,200,43,0.9898892,1,1.0,True,0.004424588428554248,0.003329508987506856
ViTscratch,200,43,0.19406833,0,0.0,True,-0.005356000712301114,-0.001116081204802293
ViTscratch,200,43,0.99947506,1,1.0,True,0.0071597607219260955,0.011259618321949301
ViTscratch,200,43,0.9868024,1,1.0,True,0.015732239436329957,0.016933534277359365
ViTscratch,200,43,0.85461617,1,1.0,True,0.0060761078923511624,0.009692939315422625
ViTscratch,200,43,0.41927844,0,1.0,False,0.006562021825494824,0.005443851034313582
ViTscratch,200,43,0.4071562,0,0.0,True,0.0025604805334282234,0.00047672643833746573
ViTscratch,200,43,0.9940024,1,1.0,True,0.010600704395448534,0.013045683302524676
ViTscratch,200,43,0.9851364,1,1.0,True,0.01647834465754706,0.008637275163215193
ViTscratch,200,43,0.25334594,0,0.0,True,-0.0021737415385246883,-0.002053938155562562
ViTscratch,200,43,0.99693954,1,1.0,True,0.01586191834298115,0.013306539528933665
ViTscratch,200,43,0.17728394,0,0.0,True,0.0016071516431442237,0.0012330578396049588
ViTscratch,200,43,0.22495392,0,0.0,True,0.0019430712607048397,0.0029306236861207278
ViTscratch,200,43,0.9659463,1,1.0,True,0.005667091204810402,0.0050532016500844015
ViTscratch,200,43,0.6290207,1,1.0,True,0.0020715779745697177,0.0006389275729975974
ViTscratch,200,43,0.9995591,1,1.0,True,0.014752960740232607,0.013985929263812744
ViTscratch,200,43,0.46712676,0,0.0,True,-0.0011910050394048765,0.0034385323107492564
ViTscratch,200,43,0.9984486,1,1.0,True,0.012168747142978227,0.010739642724952574
ViTscratch,200,43,0.46976602,0,1.0,False,0.009798229996863903,0.004835317694943088
ViTscratch,200,43,0.11555732,0,0.0,True,-0.0074881544406514644,-0.002237469161609544
ViTscratch,200,43,0.1590925,0,0.0,True,-0.0032664077814195127,-0.0025694366796156737
ViTscratch,200,43,0.9013328,1,1.0,True,0.004327770431298004,0.00877264426452859
ViTscratch,200,43,0.9987708,1,1.0,True,0.01535984772586667,0.012978032944369588
ViTscratch,200,43,0.35119128,0,0.0,True,0.0013400336214495206,0.0019744508477206255
ViTscratch,200,43,0.19188716,0,0.0,True,-0.0013175464586347148,0.0005678810708744415
ViTscratch,200,43,0.9658342,1,1.0,True,0.009211442205001422,0.008526776651635004
ViTscratch,200,43,0.30491608,0,0.0,True,0.00524806013061705,-0.001237055072709427
ViTscratch,200,43,0.2829154,0,0.0,True,0.0014276225642302133,0.0017811324753369637
ViTscratch,200,43,0.99260426,1,1.0,True,0.0012008934705834064,0.004127289837184595
ViTscratch,200,43,0.40865874,0,0.0,True,0.011452038392931522,0.007828940747289579
ViTscratch,200,43,0.9195431,1,1.0,True,0.010351839409042218,0.011183808709314269
ViTscratch,200,43,0.18169758,0,0.0,True,0.004610085073344308,-0.002155239216518218
ViTscratch,200,43,0.41136372,0,0.0,True,-0.0035384899995435292,-0.0036745880186983835
ViTscratch,200,43,0.82693076,1,1.0,True,0.008273196779682034,0.0048200827186987575
ViTscratch,200,43,0.9785696,1,1.0,True,0.00023689714656163045,0.005024723593003428
ViTscratch,200,43,0.5663098,1,0.0,False,-0.0029145528432150103,-5.113354563091243e-09
ViTscratch,200,43,0.8056928,1,1.0,True,0.005078635333914858,0.006175505817129681
ViTscratch,200,43,0.16663721,0,0.0,True,-0.002594209952695605,-0.003455798961356383
ViTscratch,200,43,0.25690532,0,0.0,True,-0.0006580401381373027,0.0010783870478780623
ViTscratch,200,43,0.8048363,1,1.0,True,0.005324804607471202,0.009192300435044997
ViTscratch,200,43,0.2514787,0,0.0,True,0.0012841197258223478,0.0017671302787529374
ViTscratch,200,43,0.23095736,0,0.0,True,0.002977758793165768,0.0032887513497413265
ViTscratch,200,43,0.48402533,0,0.0,True,0.002605634559621618,0.004181680772734571
ViTscratch,200,43,0.4768241,0,1.0,False,-0.008141432841636686,0.0009318006172528022
ViTscratch,200,43,0.98271537,1,1.0,True,0.003305031728297049,0.0021804578857342214
ViTscratch,200,43,0.124569654,0,0.0,True,-0.011949622423240748,-0.002834350888317157
ViTscratch,200,43,0.85208446,1,1.0,True,-3.400985064678458e-05,0.008567164469853224
ViTscratch,200,43,0.7481269,1,0.0,False,0.01009656415123344,0.004348852886727567
ViTscratch,200,43,0.55910635,1,0.0,False,0.002523006977696915,0.0031385636226505813
ViTscratch,200,43,0.31205243,0,0.0,True,0.0066352977658152325,0.005894449828713214
ViTscratch,200,43,0.5436562,1,1.0,True,0.015978917776696234,0.009344120550713524
ViTscratch,200,43,0.89404005,1,1.0,True,0.007570044892354087,0.011366414810839892
ViTscratch,200,43,0.40041068,0,0.0,True,0.002259265133598957,0.0012573913681738433
ViTscratch,200,43,0.3479945,0,0.0,True,0.001990812071877923,0.0008389204162836823
ViTscratch,200,43,0.11478092,0,0.0,True,-0.0030162215908816257,-0.005064737600496015
ViTscratch,200,43,0.9963924,1,1.0,True,0.015211953528008379,0.01288300490737468
ViTscratch,200,43,0.7861533,1,0.0,False,0.003687271003545937,0.005557474779945768
ViTscratch,200,43,0.28329778,0,0.0,True,-0.005482649343288103,-0.004790101303823958
ViTscratch,200,43,0.8034153,1,1.0,True,0.005069089148204453,0.008858447713516739
ViTscratch,200,43,0.83476746,1,1.0,True,0.004823034521093215,0.006748813503434636
ViTscratch,200,43,0.19191293,0,0.0,True,0.00015782295113811316,0.0016945504785753785
ViTscratch,200,43,0.1964168,0,0.0,True,-0.0017167080050987458,0.00039389590121213244
ViTscratch,200,43,0.30868992,0,0.0,True,-0.00015771342794615903,0.000697908294689964
ViTscratch,200,43,0.15724725,0,0.0,True,-0.006884287504012992,-0.0022668069294561697
ViTscratch,200,43,0.9491134,1,1.0,True,0.012864321608040201,0.010780856423173803
ViTscratch,200,43,0.889344,1,1.0,True,0.015059050076068614,0.010150462183061705
ViTscratch,200,43,0.101028994,0,0.0,True,-0.007549451894776075,-0.009583633910236268
ViTscratch,200,43,0.51930696,1,0.0,False,0.003916349794460878,0.005209493910711143
ViTscratch,200,43,0.4571273,0,0.0,True,-0.004723517977872457,-0.0006800960473467511
ViTscratch,200,43,0.863524,1,1.0,True,0.0179898580214271,0.014379376358878666
ViTscratch,200,43,0.2522156,0,0.0,True,-0.0006369067946180024,0.005233841919310949
ViTscratch,200,43,0.2516367,0,0.0,True,0.0007153222340108075,-0.002808937393789916
ViTscratch,200,44,0.424791,0,0.0,True,0.0023172427027319995,-0.0014299261538432298
ViTscratch,200,44,0.13448274,0,0.0,True,0.0019597838889474665,-0.0038538968395611735
ViTscratch,200,44,0.36238614,0,0.0,True,0.006381760150603767,-0.00037791725449110334
ViTscratch,200,44,0.2135957,0,0.0,True,-0.002133873486056026,-0.003575470590436679
ViTscratch,200,44,0.6458991,1,0.0,False,0.0017246251682608018,0.005962242881016165
ViTscratch,200,44,0.830468,1,1.0,True,0.008324083968319861,0.007664334577975465
ViTscratch,200,44,0.9328919,1,1.0,True,0.008841133107502059,0.009845732446237973
ViTscratch,200,44,0.97923356,1,1.0,True,0.011653526693745475,0.013195069191654599
ViTscratch,200,44,0.34744933,0,0.0,True,0.009896322403283139,0.00879044178888621
ViTscratch,200,44,0.99921215,1,1.0,True,0.014111134268371876,0.011471484804750331
ViTscratch,200,44,0.28220862,0,0.0,True,0.006173183646241208,-0.00031442133727063644
ViTscratch,200,44,0.99707687,1,1.0,True,0.01272949374821162,0.008908764497685793
ViTscratch,200,44,0.45706594,0,0.0,True,0.0010228846548260143,-0.0012442300624013944
ViTscratch,200,44,0.33230072,0,0.0,True,0.00153966628257206,0.0028793616654278556
ViTscratch,200,44,0.9974638,1,1.0,True,0.01114422749779698,0.011122825035983911
ViTscratch,200,44,0.85183305,1,1.0,True,0.008390706883168945,0.011812372013881477
ViTscratch,200,44,0.25321835,0,0.0,True,0.004219378330330673,0.0025951407165016737
ViTscratch,200,44,0.10358024,0,0.0,True,-0.008211217302081528,-0.006946431343019519
ViTscratch,200,44,0.625161,1,0.0,False,0.004268540776701576,0.0039272854190794656
ViTscratch,200,44,0.2784458,0,0.0,True,-0.005226291867348193,-0.003803743527469148
ViTscratch,200,44,0.84949666,1,1.0,True,0.00587908082045644,0.0015109441408692208
ViTscratch,200,44,0.2028969,0,0.0,True,-0.0004181983101341699,-0.0031646534685904493
ViTscratch,200,44,0.99997115,1,1.0,True,0.017232331008590746,0.012187823569126162
ViTscratch,200,44,0.9632457,1,1.0,True,0.009480883944900566,0.009356486859102437
ViTscratch,200,44,0.25577784,0,0.0,True,0.007977667069798978,0.00122314615424362
ViTscratch,200,44,0.30555022,0,0.0,True,0.00635779765468102,0.0044860112151056605
ViTscratch,200,44,0.9734838,1,1.0,True,0.009267806675192702,0.009474206065072896
ViTscratch,200,44,0.21824509,0,0.0,True,0.0077320042691324895,0.005735763667120851
ViTscratch,200,44,0.39803627,0,0.0,True,-0.0024175516575352207,-0.00025741263898068753
ViTscratch,200,44,0.44581312,0,0.0,True,0.005779947598314077,0.0014877520000954984
ViTscratch,200,44,0.76474226,1,1.0,True,0.009246251298483691,0.010025183903760643
ViTscratch,200,44,0.18679531,0,0.0,True,-0.010363907108610978,-0.005603209067520796
ViTscratch,200,44,0.26179838,0,0.0,True,0.0006865973275659084,0.002299224820076357
ViTscratch,200,44,0.5045601,1,0.0,False,-0.000605252452696925,-0.0005824945549446171
ViTscratch,200,44,0.705426,1,1.0,True,0.00907838590174407,0.008900433694786367
ViTscratch,200,44,0.1950696,0,0.0,True,-0.001025584380388812,-0.0017094290487768603
ViTscratch,200,44,0.4149227,0,0.0,True,-0.0015238376010873647,0.0012426036217317409
ViTscratch,200,44,0.1476824,0,0.0,True,-0.0032476608820872278,-0.0031321882711989575
ViTscratch,200,44,0.38491747,0,0.0,True,0.00847627193348346,0.0037868503768608993
ViTscratch,200,44,0.21815623,0,0.0,True,0.00029388985854728126,0.0007732754453111568
ViTscratch,200,44,0.98170036,1,1.0,True,-0.001097245936873122,0.001847443352685623
ViTscratch,200,44,0.2216581,0,0.0,True,-0.00017008007729039628,0.0035330797312728185
ViTscratch,200,44,0.109136276,0,0.0,True,0.0006326005215052966,-0.0014578582538235915
ViTscratch,200,44,0.99135065,1,1.0,True,-0.005181169686857275,-0.0007574327123808218
ViTscratch,200,44,0.41736403,0,0.0,True,0.00020217631863545253,0.0026783872713118883
ViTscratch,200,44,0.9967847,1,1.0,True,0.005939762261472459,0.007870693368013834
ViTscratch,200,44,0.18687505,0,0.0,True,-0.000480369974129476,-0.0020180825790334614
ViTscratch,200,44,0.30380535,0,0.0,True,-0.005075573773387548,-0.002040371140814803
ViTscratch,200,44,0.9996947,1,1.0,True,0.012130100187362073,0.013926151528683376
ViTscratch,200,44,0.83975697,1,1.0,True,0.007688141129585369,0.005969561458901447
ViTscratch,200,44,0.1780706,0,0.0,True,-0.008647919594627646,-0.009299704059570597
ViTscratch,200,44,0.20904276,0,0.0,True,-0.0017713041706114074,-0.003362248349373746
ViTscratch,200,44,0.34081873,0,0.0,True,0.006661979392951171,0.0002583419915186598
ViTscratch,200,44,0.9394769,1,1.0,True,-0.0015000776619560762,-0.0014028489596438932
ViTscratch,200,44,0.17007671,0,0.0,True,-0.0022544879542431315,-0.002213886562846088
ViTscratch,200,44,0.6232218,1,1.0,True,0.014612202423990138,0.012736831940948417
ViTscratch,200,44,0.63711727,1,0.0,False,0.003652866379560849,-0.00026792498240629315
ViTscratch,200,44,0.11665979,0,0.0,True,-0.0015361943677346956,0.002313727275060982
ViTscratch,200,44,0.16355872,0,0.0,True,0.002765880279172431,-0.00034957569018823656
ViTscratch,200,44,0.9405116,1,1.0,True,0.008826995503272126,0.008672561934786435
ViTscratch,200,44,0.6252459,1,1.0,True,0.016768234305356688,0.007591360626416144
ViTscratch,200,44,0.09214269,0,0.0,True,-0.005210870255968807,-0.006029574918533977
ViTscratch,200,44,0.9376995,1,1.0,True,0.01377786774157254,0.008094102681920866
ViTscratch,200,44,0.9827428,1,1.0,True,0.01059820635422448,0.007346988332330302
ViTscratch,200,44,0.15023273,0,0.0,True,-0.0011055276381909548,-0.002997481108312343
ViTscratch,200,44,0.19633923,0,0.0,True,-0.0026890255582879977,-0.002745775375246631
ViTscratch,200,44,0.30192807,0,0.0,True,-0.002261236472364002,-0.0018640003768302536
ViTscratch,200,44,0.99877673,1,1.0,True,0.01713865058166055,0.015370416723041817
ViTscratch,200,44,0.99963415,1,1.0,True,0.002321633112964693,0.00792180011581899
ViTscratch,200,44,0.11374635,0,0.0,True,0.0029556621673645436,-0.0038879285166190944
ViTscratch,200,44,0.20319878,0,0.0,True,-0.0012154368562215777,-0.0021006897845994516
ViTscratch,200,44,0.9923699,1,1.0,True,0.011548452094714858,0.012135848325431697
ViTscratch,200,44,0.5631824,1,1.0,True,0.013145382016268518,0.007763376282075442
ViTscratch,200,44,0.9583172,1,1.0,True,0.006943666602769375,0.0077174280881321155
ViTscratch,200,44,0.1744561,0,0.0,True,-0.0011195840589297583,-0.003538823693563045
ViTscratch,200,44,0.28921014,0,0.0,True,0.007730577112879946,0.0006217259985505321
ViTscratch,200,44,0.9333105,1,1.0,True,-0.003968365798902394,0.004824614371634454
ViTscratch,200,44,0.8443846,1,0.0,False,-0.000545700106141727,0.0025802599339913327
ViTscratch,200,44,0.13896233,0,0.0,True,-0.01029752689878802,-0.004908312373512554
ViTscratch,200,44,0.36435026,0,0.0,True,0.004619868175532369,0.0025153657832598275
ViTscratch,200,44,0.8652244,1,1.0,True,0.006114678232554505,0.006911938276824214
ViTscratch,200,44,0.97588605,1,1.0,True,0.015775679362527967,0.010802983692732018
ViTscratch,200,44,0.7557615,1,1.0,True,-0.00087508972935177,0.0037102895854487926
ViTscratch,200,44,0.17949474,0,0.0,True,-0.004805732976275019,-0.006860200827299431
ViTscratch,200,44,0.28649312,0,0.0,True,0.006791154653933329,0.004772985871433095
ViTscratch,200,44,0.21485588,0,0.0,True,-9.248236769511444e-06,-0.0012958775126750163
ViTscratch,200,44,0.4066636,0,0.0,True,-0.0033222032055908336,0.00017055430400119263
ViTscratch,200,44,0.3006789,0,0.0,True,0.0035495892271551225,0.0022009597809537107
ViTscratch,200,44,0.99994135,1,1.0,True,0.0009586160592814645,0.004092929945602385
ViTscratch,200,44,0.9993395,1,1.0,True,0.020853583325245166,0.012542603602598781
ViTscratch,200,44,0.9623274,1,1.0,True,0.011460067454224553,0.008692733739411498
ViTscratch,200,44,0.23490676,0,0.0,True,-0.0019906584641393565,-0.0034986660781167332
ViTscratch,200,44,0.977462,1,1.0,True,0.005874431628501436,0.007199393575970071
ViTscratch,200,44,0.17674403,0,0.0,True,0.0038658408707717188,-0.0015397618050733007
ViTscratch,200,44,0.65979725,1,1.0,True,0.009095477386934673,0.009345088161209068
ViTscratch,200,44,0.21025187,0,0.0,True,-0.0035094777356440474,-0.004272380227920999
ViTscratch,200,44,0.9954295,1,1.0,True,0.0014005017352330092,0.005964504683008734
ViTscratch,200,44,0.74417377,1,1.0,True,0.006311619987821278,0.0069524958313788975
ViTscratch,200,44,0.30946505,0,0.0,True,-0.010047511029062539,-0.003798378961973131
ViTscratch,200,44,0.5197836,1,0.0,False,0.006026776433562625,0.007124391840454779
ViTscratch,200,45,0.7710612,1,1.0,True,0.003910553440521192,0.0029881656090635167
ViTscratch,200,45,0.17266604,0,0.0,True,0.0035502168875903234,-0.00029866041481727267
ViTscratch,200,45,0.8233225,1,1.0,True,0.011506872522794715,0.0030473806619876814
ViTscratch,200,45,0.33977884,0,0.0,True,0.0005964437625495972,2.1619075443585716e-05
ViTscratch,200,45,0.9066451,1,1.0,True,0.012138776963861751,0.006701360646203795
ViTscratch,200,45,0.82134867,1,1.0,True,0.016015429492220342,0.008346701873209813
ViTscratch,200,45,0.98999804,1,1.0,True,0.0020618931308909556,0.007437082631270328
ViTscratch,200,45,0.98300683,1,1.0,True,0.010509697865133045,0.008222058029658382
ViTscratch,200,45,0.99861467,1,1.0,True,0.011791607632378066,0.010712284188085446
ViTscratch,200,45,0.37923953,0,0.0,True,0.00850305257636562,0.0058525414160406205
ViTscratch,200,45,0.9805519,1,1.0,True,0.012605252768199099,0.015584497292937559
ViTscratch,200,45,0.5293067,1,1.0,True,0.005788859435639127,0.004974963745088246
ViTscratch,200,45,0.97191554,1,1.0,True,0.013788682183004462,0.01165730288530032
ViTscratch,200,45,0.9711701,1,1.0,True,0.0066507039539481175,0.009508873477040129
ViTscratch,200,45,0.2926,0,0.0,True,0.00426972488403917,0.003399221432366935
ViTscratch,200,45,0.8955247,1,1.0,True,0.005125145872670405,0.007153530905616681
ViTscratch,200,45,0.8503566,1,1.0,True,0.007341682825868098,0.010077040261853475
ViTscratch,200,45,0.17872608,0,0.0,True,-0.003418762717343355,-0.0029745828892852586
ViTscratch,200,45,0.51370096,1,1.0,True,0.00037050387113310554,0.0032641277781607432
ViTscratch,200,45,0.99293834,1,1.0,True,0.006265100565707068,0.004140522639871942
ViTscratch,200,45,0.54273444,1,0.0,False,-0.005331547613735547,0.004252533126332467
ViTscratch,200,45,0.4844427,0,0.0,True,0.009794142844299598,0.007753209777502225
ViTscratch,200,45,0.60092205,1,1.0,True,0.005304691923453041,0.0029668521096910916
ViTscratch,200,45,0.83511937,1,0.0,False,0.0022869022683546895,0.0027713197760698806
ViTscratch,200,45,0.3438073,0,0.0,True,0.0055383526800598425,0.002354527474185678
ViTscratch,200,45,0.9998944,1,1.0,True,0.015140475094877363,0.012182444799295748
ViTscratch,200,45,0.81205666,1,1.0,True,0.010145039635730418,0.006567293059883095
ViTscratch,200,45,0.8734803,1,1.0,True,0.01351747244670477,0.010805977362449383
ViTscratch,200,45,0.28098294,0,0.0,True,0.005527356864284655,0.002241540711295459
ViTscratch,200,45,0.58038557,1,1.0,True,0.005725971222903405,0.005740036741653206
ViTscratch,200,45,0.8334106,1,1.0,True,0.013202342756065454,0.009050708311981147
ViTscratch,200,45,0.5404618,1,1.0,True,0.0005138282495613251,0.003993941450737945
ViTscratch,200,45,0.82560563,1,1.0,True,0.0012033713810967262,0.007579717917307626
ViTscratch,200,45,0.16827026,0,0.0,True,-0.005519945730060175,-0.002309636853397578
ViTscratch,200,45,0.20190527,0,0.0,True,-0.0004857988895155267,0.0008734172068790807
ViTscratch,200,45,0.26861927,0,0.0,True,-0.0025136859846880506,0.0027729645906285757
ViTscratch,200,45,0.28733522,0,0.0,True,0.0059626359025224465,0.0013952733647892156
ViTscratch,200,45,0.39931852,0,0.0,True,0.004580348759836237,0.0056523720352354085
ViTscratch,200,45,0.99148726,1,1.0,True,0.008443319551350305,0.007413600167049837
ViTscratch,200,45,0.8809653,1,1.0,True,0.009744541490720161,0.009970488244664179
ViTscratch,200,45,0.9873564,1,1.0,True,0.0012673509753980232,0.005072505853207708
ViTscratch,200,45,0.9987362,1,1.0,True,0.005855501005229884,0.009339521527859801
ViTscratch,200,45,0.15715945,0,0.0,True,-0.005822109616372074,-0.00563400036505541
ViTscratch,200,45,0.8084373,1,1.0,True,0.013248999590595077,0.012151141273233348
ViTscratch,200,45,0.33023304,0,0.0,True,0.002437985457119964,-0.004607814075667671
ViTscratch,200,45,0.3282943,0,0.0,True,0.00695563782787498,0.0027488424341473895
ViTscratch,200,45,0.17652635,0,0.0,True,0.0007307644340420738,-0.0027932664135826633
ViTscratch,200,45,0.211586,0,0.0,True,0.009764865513879494,0.006466197369253331
ViTscratch,200,45,0.19395311,0,0.0,True,-0.007456403884701495,-0.007853081643412583
ViTscratch,200,45,0.24196081,0,0.0,True,-0.005752893037360378,0.00020731390573858118
ViTscratch,200,45,0.21233083,0,0.0,True,0.008240296890919619,0.0012339515312204572
ViTscratch,200,45,0.3021664,0,0.0,True,0.0037187433919900342,0.004131208211640901
ViTscratch,200,45,0.28754517,0,0.0,True,-0.0008086240749097173,-0.0028263649386925833
ViTscratch,200,45,0.8665153,1,1.0,True,0.0038935216665304667,0.0025411035848041
ViTscratch,200,45,0.17834319,0,0.0,True,0.0029712525567752025,0.0012130802167323858
ViTscratch,200,45,0.56582654,1,0.0,False,0.0021464408438484476,0.004116957887152081
ViTscratch,200,45,0.9851694,1,1.0,True,0.008591010305400588,0.005212600278519995
ViTscratch,200,45,0.9931473,1,1.0,True,0.013768824470346346,0.007128387892191816
ViTscratch,200,45,0.24542075,0,0.0,True,0.006581824883388916,0.004205225058040817
ViTscratch,200,45,0.2292685,0,0.0,True,0.000548750358316829,-0.0027998331586224076
ViTscratch,200,45,0.98771477,1,1.0,True,0.007950588321899389,0.004953303868971926
ViTscratch,200,45,0.9464846,1,1.0,True,0.008152753391847654,0.007060152198301302
ViTscratch,200,45,0.9762815,1,1.0,True,0.009424712207212131,0.003350292654510996
ViTscratch,200,45,0.989938,1,1.0,True,0.008055432678798267,0.009691715552562638
ViTscratch,200,45,0.13595466,0,0.0,True,-0.004673684289983654,-0.0016376809282510878
ViTscratch,200,45,0.21036354,0,0.0,True,0.0005529440080703105,-0.0018134020029863071
ViTscratch,200,45,0.10845883,0,0.0,True,-0.011528068022590954,-0.00901040971067168
ViTscratch,200,45,0.99981815,1,1.0,True,0.023371383735796628,0.01740829974582235
ViTscratch,200,45,0.8992341,1,1.0,True,0.0070782119783849365,0.007651466965624955
ViTscratch,200,45,0.23885684,0,0.0,True,-0.005890962867802679,-0.005981135611473141
ViTscratch,200,45,0.62731814,1,1.0,True,-0.0002093534858902145,0.005056544562011257
ViTscratch,200,45,0.7431891,1,1.0,True,0.005953931480988889,0.006623060836205136
ViTscratch,200,45,0.1866939,0,0.0,True,-0.0036726695899933783,-0.002547897938462828
ViTscratch,200,45,0.989087,1,1.0,True,0.010632951703386517,0.013321232088508573
ViTscratch,200,45,0.80551136,1,0.0,False,0.0005514535141782481,0.003471796463186825
ViTscratch,200,45,0.30178988,0,0.0,True,0.004469013273564935,0.0017593968339459365
ViTscratch,200,45,0.16143565,0,0.0,True,-0.0001800502192700653,-0.0019680024425323766
ViTscratch,200,45,0.95953727,1,1.0,True,0.007933938787099772,0.008917807495585918
ViTscratch,200,45,0.9988305,1,1.0,True,0.005718116604542946,0.00744524231194387
ViTscratch,200,45,0.97111064,1,1.0,True,0.0075104780811143185,0.01035469129865691
ViTscratch,200,45,0.9999403,1,1.0,True,0.013038125456486594,0.01541653427611332
ViTscratch,200,45,0.14635278,0,0.0,True,0.0005829063732789091,-0.0007977695041382416
ViTscratch,200,45,0.9572733,1,1.0,True,0.0043376295067464295,0.006745317144805457
ViTscratch,200,45,0.19348603,0,0.0,True,0.0012271464176617669,-0.0024987424635308526
ViTscratch,200,45,0.9751364,1,1.0,True,0.0018044092276878643,0.006065737109292995
ViTscratch,200,45,0.7904558,1,1.0,True,0.012610603887912594,0.0123659817364833
ViTscratch,200,45,0.10616949,0,0.0,True,-0.003417297242233641,-0.004635003616148548
ViTscratch,200,45,0.9401717,1,1.0,True,0.014069060510372244,0.016445921823819827
ViTscratch,200,45,0.54367757,1,1.0,True,0.010301293278427616,0.0024682757047597443
ViTscratch,200,45,0.1783942,0,0.0,True,-0.004092012769869011,-0.0036690531471648144
ViTscratch,200,45,0.89481294,1,1.0,True,0.0095277102322961,0.0037057318357827467
ViTscratch,200,45,0.38296276,0,0.0,True,0.0002291154039788724,-0.003950241030751179
ViTscratch,200,45,0.17964607,0,0.0,True,-0.0018374235633158108,-0.0033831299231355237
ViTscratch,200,45,0.22343972,0,0.0,True,-0.004924593064323378,-0.004710299870781455
ViTscratch,200,45,0.21134965,0,0.0,True,0.0065914209393634305,0.0024010381953842442
ViTscratch,200,45,0.47856358,0,1.0,False,0.008882997665502565,0.009024657919492043
ViTscratch,200,45,0.92586786,1,1.0,True,0.009683907002392739,0.004344027555883848
ViTscratch,200,45,0.26409146,0,0.0,True,-0.0007125343440173883,0.0014564980248109147
ViTscratch,200,45,0.9967553,1,1.0,True,0.0035722343258385563,0.0041808816866810905
ViTscratch,200,45,0.15278186,0,0.0,True,-0.006733709013065818,-0.0026197686690217136
ViTscratch,200,46,0.26428306,0,0.0,True,0.001002663183724445,-0.0009347975445849442
ViTscratch,200,46,0.98969907,1,1.0,True,0.008993747995069893,0.007405445297889407
ViTscratch,200,46,0.99945515,1,1.0,True,0.02371771632392134,0.01589523242835721
ViTscratch,200,46,0.25586152,0,0.0,True,-0.002391026540379265,-0.0018423904725783106
ViTscratch,200,46,0.9576027,1,1.0,True,0.025925946320132093,0.015838707856525247
ViTscratch,200,46,0.28660157,0,1.0,False,0.006328411510996108,0.006066097446022306
ViTscratch,200,46,0.3823524,0,0.0,True,0.007056098788077034,0.00228392569130414
ViTscratch,200,46,0.5652172,1,0.0,False,0.0028422993170385165,0.004284162655337533
ViTscratch,200,46,0.9996599,1,1.0,True,0.014895869802945636,0.01541113609319737
ViTscratch,200,46,0.22414096,0,0.0,True,-0.002060780665945058,0.0038785885011547814
ViTscratch,200,46,0.32146627,0,0.0,True,6.509991655379478e-05,-0.00029425859340049745
ViTscratch,200,46,0.29014105,0,0.0,True,-0.003982285386675622,-0.0006909152287686633
ViTscratch,200,46,0.26221976,0,0.0,True,-0.01152719145925512,-0.004930398996416725
ViTscratch,200,46,0.25573763,0,0.0,True,0.0035158638982971152,0.0063210257660048855
ViTscratch,200,46,0.9986028,1,1.0,True,0.010049441255633553,0.008840381392451104
ViTscratch,200,46,0.9986933,1,1.0,True,0.004683380714452636,0.014362847971372666
ViTscratch,200,46,0.9924494,1,1.0,True,0.0017946518269878599,0.004552092488831222
ViTscratch,200,46,0.99999595,1,1.0,True,0.015421187444038802,0.016648263418047836
ViTscratch,200,46,0.52832496,1,0.0,False,0.004622411959625523,0.003122719294534361
ViTscratch,200,46,0.9987496,1,1.0,True,0.02250065979236808,0.01616048045692533
ViTscratch,200,46,0.967558,1,1.0,True,0.008786750557529716,0.00866561942064666
ViTscratch,200,46,0.7486405,1,1.0,True,0.0006515335682578332,-0.000707674131651836
ViTscratch,200,46,0.6785931,1,1.0,True,0.012948482323283994,0.006455361082757935
ViTscratch,200,46,0.9890915,1,1.0,True,0.010563660137458903,0.012481131361607946
ViTscratch,200,46,0.29371414,0,0.0,True,-0.0035850243884016633,0.00012914876667920004
ViTscratch,200,46,0.99900645,1,1.0,True,0.005426655579146172,0.004456304560003781
ViTscratch,200,46,0.16347478,0,0.0,True,0.0013560121033968557,0.00496110369103329
ViTscratch,200,46,0.97817355,1,1.0,True,0.012774364438284532,0.013014346068252348
ViTscratch,200,46,0.7501767,1,1.0,True,0.0010050549145705827,0.008564367848870737
ViTscratch,200,46,0.2697842,0,0.0,True,0.0019994679526890297,-0.004545576119280659
ViTscratch,200,46,0.10778244,0,0.0,True,-0.008358415932083536,-0.0073980574343748325
ViTscratch,200,46,0.9998198,1,1.0,True,0.015825297550254667,0.013548052045364318
ViTscratch,200,46,0.9986725,1,1.0,True,0.002912798844331673,0.013704132656594084
ViTscratch,200,46,0.8730545,1,1.0,True,0.003915011067862181,0.00586379489625886
ViTscratch,200,46,0.3683717,0,0.0,True,0.009332779994002904,0.004190427777052664
ViTscratch,200,46,0.14723796,0,0.0,True,-0.005874750601978792,-0.003093397477222419
ViTscratch,200,46,0.17167708,0,0.0,True,-0.003789801445242687,-0.0033702416159715207
ViTscratch,200,46,0.12259507,0,0.0,True,-0.004191089380123136,-0.0015802319811039126
ViTscratch,200,46,0.9999778,1,1.0,True,0.0019922755808967885,0.007841400730565929
ViTscratch,200,46,0.3841142,0,0.0,True,0.0035653575903199517,0.002315481074613647
ViTscratch,200,46,0.67341024,1,1.0,True,0.007411089605715967,0.0035664825593326385
ViTscratch,200,46,0.30445093,0,0.0,True,0.0019977962006670607,0.0048481893773196835
ViTscratch,200,46,0.89653814,1,1.0,True,0.01722324312303739,0.013340972071627587
ViTscratch,200,46,0.16562392,0,0.0,True,-0.007374092878765752,-0.008798998232968367
ViTscratch,200,46,0.99111253,1,1.0,True,0.005625569376325232,0.012113261035146915
ViTscratch,200,46,0.27007467,0,0.0,True,0.004869401186262662,0.002538782019572278
ViTscratch,200,46,0.24785389,0,0.0,True,-0.0059317142703045585,-0.005014516843063897
ViTscratch,200,46,0.95408314,1,1.0,True,0.018512873223917353,0.010277571138400738
ViTscratch,200,46,0.7117047,1,1.0,True,0.016580144263203703,0.017155113733890753
ViTscratch,200,46,0.1837304,0,0.0,True,0.006159662675155029,0.0034781584014169083
ViTscratch,200,46,0.3646248,0,0.0,True,0.006177659408460132,0.000926666837985699
ViTscratch,200,46,0.99679995,1,1.0,True,0.010453906830690043,0.011921139408113901
ViTscratch,200,46,0.14390124,0,0.0,True,0.0025001921063766094,0.00014176487434692104
ViTscratch,200,46,0.94716877,1,1.0,True,-0.002181922385882169,0.006506950773060804
ViTscratch,200,46,0.2611424,0,0.0,True,-0.0034099855238965515,0.0009653753514953304
ViTscratch,200,46,0.54246956,1,0.0,False,-0.01014974053323122,-0.0018582596924993325
ViTscratch,200,46,0.12633853,0,0.0,True,-0.002971530657434967,-0.0021983759002174898
ViTscratch,200,46,0.5504837,1,0.0,False,0.0022502195643110687,0.0032623365651626517
ViTscratch,200,46,0.9993254,1,1.0,True,0.01506664567405692,0.016237900605252528
ViTscratch,200,46,0.54640627,1,0.0,False,9.203667282429527e-05,0.004147198534632201
ViTscratch,200,46,0.98073363,1,1.0,True,0.007864717441244059,0.008140628582296241
ViTscratch,200,46,0.83886206,1,1.0,True,0.008887326762069164,0.006844609026973003
ViTscratch,200,46,0.63751835,1,0.0,False,-0.004151084112395159,0.0032704250400829287
ViTscratch,200,46,0.1858317,0,0.0,True,0.00032219736542018535,-0.0019076750378351698
ViTscratch,200,46,0.90959394,1,1.0,True,0.012613022663293972,0.011940357028535128
ViTscratch,200,46,0.42706457,0,0.0,True,-0.0029398976180395127,-0.0012830925307127897
ViTscratch,200,46,0.9661221,1,1.0,True,0.011657840854203702,0.011510819628389422
ViTscratch,200,46,0.21343051,0,0.0,True,-0.004651184004220094,-0.009223010979820829
ViTscratch,200,46,0.19146807,0,0.0,True,-0.00016438649434455364,-0.0037662340317780635
ViTscratch,200,46,0.97788805,1,1.0,True,0.00960546430106876,0.009131299149202902
ViTscratch,200,46,0.9999051,1,1.0,True,0.022859875264918825,0.017576038418146183
ViTscratch,200,46,0.20432538,0,0.0,True,0.002249529195557472,0.0007451251474524618
ViTscratch,200,46,0.94805366,1,1.0,True,0.0095946580213715,0.00893903218665133
ViTscratch,200,46,0.9995504,1,1.0,True,0.005872541425548013,0.00608862324881204
ViTscratch,200,46,0.19051553,0,0.0,True,0.0007316932818132432,-0.0026883339602624024
ViTscratch,200,46,0.8469029,1,1.0,True,0.00991005317924755,0.008324347849277288
ViTscratch,200,46,0.9978992,1,1.0,True,0.009356960485601615,0.009228356450881485
ViTscratch,200,46,0.84638166,1,1.0,True,0.014919936765657053,0.007780653577788988
ViTscratch,200,46,0.9960348,1,1.0,True,0.02812338232760366,0.02179734944225745
ViTscratch,200,46,0.20968343,0,0.0,True,0.00279112120520092,0.0011362405099051142
ViTscratch,200,46,0.99151796,1,1.0,True,0.004696025575095681,0.004825206885490345
ViTscratch,200,46,0.8339692,1,1.0,True,0.013808699801497787,0.007390044589057979
ViTscratch,200,46,0.16192536,0,0.0,True,-0.001636710173512635,-0.0011633824467488702
ViTscratch,200,46,0.99982446,1,1.0,True,0.018727987550842776,0.01849573854627432
ViTscratch,200,46,0.92597824,1,1.0,True,0.018069460127702587,0.012498702091188545
ViTscratch,200,46,0.28003383,0,0.0,True,0.003400221396196448,0.0023000112421841285
ViTscratch,200,46,0.26849493,0,0.0,True,0.004638561653156091,0.0005427820006153651
ViTscratch,200,46,0.20062378,0,0.0,True,-0.0034671889868919765,0.000856541668547879
ViTscratch,200,46,0.19096524,0,0.0,True,0.006071646264170001,-0.0014714024706177292
ViTscratch,200,46,0.9848225,1,1.0,True,0.013838677769825595,0.012191011867406223
ViTscratch,200,46,0.981159,1,1.0,True,0.010643986953124053,0.006287430131699978
ViTscratch,200,46,0.95943284,1,1.0,True,0.009929920547585217,0.005395865375438886
ViTscratch,200,46,0.999982,1,1.0,True,0.016159520658832537,0.014384592049133421
ViTscratch,200,46,0.2307112,0,0.0,True,-0.00849543096665603,-0.004360400313141462
ViTscratch,200,46,0.5486991,1,0.0,False,0.0029960227833989933,0.005676630225366169
ViTscratch,200,46,0.9983851,1,1.0,True,0.005420354640008331,0.012057974880002306
ViTscratch,200,46,0.3328033,0,0.0,True,-0.0026383634011099165,0.002601776818597392
ViTscratch,200,46,0.9979898,1,1.0,True,0.009635450649599139,0.012558770209834428
ViTscratch,200,46,0.99744296,1,1.0,True,0.012197219142934975,0.012758699802385337
ViTscratch,200,46,0.97148657,1,1.0,True,0.0050529403129234525,0.010331277915666345
ViTscratch,200,47,0.38972327,0,0.0,True,-0.00040294351984441053,-0.005371319139224707
ViTscratch,200,47,0.39908877,0,0.0,True,0.0029599473185797755,0.0029669154208939357
ViTscratch,200,47,0.14891163,0,0.0,True,-0.0004666513691248264,-0.002180934003240441
ViTscratch,200,47,0.98969835,1,1.0,True,-0.00018328982443212419,0.0036228318871682173
ViTscratch,200,47,0.9365637,1,1.0,True,0.006542748789938783,0.006787802828421634
ViTscratch,200,47,0.47762793,0,0.0,True,-0.004224934492806384,0.0006260279225275574
ViTscratch,200,47,0.9998976,1,1.0,True,0.0113322865620575,0.007307080267876906
ViTscratch,200,47,0.1737442,0,0.0,True,-0.001106621895042157,-0.0037792002027499227
ViTscratch,200,47,0.46739206,0,0.0,True,-0.0021532971137601226,0.0016964245907934304
ViTscratch,200,47,0.9961455,1,1.0,True,0.014421786268789333,0.014357356863932288
ViTscratch,200,47,0.99999416,1,1.0,True,0.016381633592355335,0.01682470599162001
ViTscratch,200,47,0.34147304,0,0.0,True,0.004120522468331734,0.005037561309788993
ViTscratch,200,47,0.9777859,1,1.0,True,0.011553649293145321,0.010474518269947644
ViTscratch,200,47,0.25725952,0,0.0,True,0.0031065532181432814,-0.0018732653283328666
ViTscratch,200,47,0.9317685,1,1.0,True,0.0070349753768460385,0.007229080522645247
ViTscratch,200,47,0.18006599,0,0.0,True,0.0018634063455032223,0.004740607700682573
ViTscratch,200,47,0.95113486,1,1.0,True,0.013560945688188792,0.011677088296462378
ViTscratch,200,47,0.99992955,1,1.0,True,0.016772731444893652,0.017267956272809425
ViTscratch,200,47,0.75741744,1,0.0,False,-0.003944029693553596,-0.0013898124021738253
ViTscratch,200,47,0.60206234,1,0.0,False,0.004001655783517118,0.006152429937402227
ViTscratch,200,47,0.9807391,1,1.0,True,0.010201070403490825,0.013526541621371159
ViTscratch,200,47,0.48588374,0,0.0,True,-0.0072971492291730765,-0.003153492047233616
ViTscratch,200,47,0.3037524,0,0.0,True,0.00033459831839704687,-0.0041484996253748066
ViTscratch,200,47,0.84591806,1,1.0,True,0.001205465465047725,0.0013597047720475318
ViTscratch,200,47,0.19023691,0,0.0,True,-0.00022638167674930042,2.256629992919754e-05
ViTscratch,200,47,0.9557089,1,1.0,True,0.004249871585375467,0.0039616300165024225
ViTscratch,200,47,0.21445794,0,0.0,True,-0.0024127328552280155,-0.0001845806862124436
ViTscratch,200,47,0.9073882,1,1.0,True,0.004342881752330751,0.006999302883105771
ViTscratch,200,47,0.9650513,1,1.0,True,0.008184298417583218,0.012739006598779239
ViTscratch,200,47,0.9996043,1,1.0,True,0.020180445088993693,0.012294729763926942
ViTscratch,200,47,0.99677867,1,1.0,True,0.011705827630772474,0.011074081111225945
ViTscratch,200,47,0.9783497,1,1.0,True,0.015268858596445868,0.014121984888830895
ViTscratch,200,47,0.1692845,0,0.0,True,-0.000716239403305314,-0.0008444903268203404
ViTscratch,200,47,0.9962735,1,1.0,True,0.004358012388652974,0.0041904950919774454
ViTscratch,200,47,0.43947855,0,0.0,True,0.0018087633044807237,0.0003271021178300612
ViTscratch,200,47,0.37989676,0,1.0,False,0.007747580416031462,0.004542369027174879
ViTscratch,200,47,0.2781972,0,0.0,True,-6.499476934427462e-05,3.649081493087361e-05
ViTscratch,200,47,0.51032484,1,0.0,False,0.008023364554733646,0.008271547961888864
ViTscratch,200,47,0.31377923,0,0.0,True,0.006626761520747082,0.00543503255240004
ViTscratch,200,47,0.21281683,0,0.0,True,0.0011935481390084725,-0.0022040791000489048
ViTscratch,200,47,0.4235885,0,1.0,False,0.002940276327666686,0.004133353601816446
ViTscratch,200,47,0.999966,1,1.0,True,0.014332719586651289,0.01991392520171015
ViTscratch,200,47,0.916612,1,1.0,True,0.0029919688788276567,0.005770517986498374
ViTscratch,200,47,0.18148528,0,0.0,True,0.004214405434111987,-0.001263179459985274
ViTscratch,200,47,0.38561624,0,0.0,True,0.001209984517214011,-0.002189931227926751
ViTscratch,200,47,0.99899787,1,1.0,True,0.015358747095355833,0.01525332966226408
ViTscratch,200,47,0.9155622,1,1.0,True,0.0082097111623038,0.003424079835936644
ViTscratch,200,47,0.27478737,0,0.0,True,0.002591412287075369,-0.000552404344936902
ViTscratch,200,47,0.98164845,1,1.0,True,0.00021085808398465717,0.0031153848353814395
ViTscratch,200,47,0.27892625,0,0.0,True,0.005300186348496543,0.00719291235601367
ViTscratch,200,47,0.47522247,0,1.0,False,0.002619101223722507,0.0024020374287161772
ViTscratch,200,47,0.9999217,1,1.0,True,0.01692268024930338,0.015681056134477542
ViTscratch,200,47,0.99706334,1,1.0,True,0.010025244180633113,0.01688329433074675
ViTscratch,200,47,0.366679,0,0.0,True,0.005894704671683879,0.004348902152421848
ViTscratch,200,47,0.27683553,0,0.0,True,0.008440560448555323,0.005262173678687506
ViTscratch,200,47,0.1110364,0,0.0,True,-0.010003395961499592,-0.0024974242046158827
ViTscratch,200,47,0.949907,1,1.0,True,0.011524266950789303,0.014422902917493768
ViTscratch,200,47,0.97593385,1,1.0,True,0.01061331512298999,0.010288157391016656
ViTscratch,200,47,0.7930242,1,1.0,True,0.01349919920005885,0.01136542369553346
ViTscratch,200,47,0.99818796,1,1.0,True,0.01691301406906616,0.010026596936051214
ViTscratch,200,47,0.9983525,1,1.0,True,0.013305859156331494,0.011657702598958992
ViTscratch,200,47,0.9998895,1,1.0,True,-0.0007863009243643176,0.0007234317098531428
ViTscratch,200,47,0.9536223,1,1.0,True,0.007292352249785125,0.006248419231132943
ViTscratch,200,47,0.23862475,0,0.0,True,-0.003631517156220392,-0.0036915859492984214
ViTscratch,200,47,0.13514969,0,0.0,True,-0.008980030937658642,-0.004168540718244925
ViTscratch,200,47,0.17016733,0,0.0,True,-0.00463552876259844,-0.0034130487243697488
ViTscratch,200,47,0.41058263,0,0.0,True,0.0044470440631975226,0.003927991269265609
ViTscratch,200,47,0.19195911,0,0.0,True,0.009695309035831262,0.004732953587587115
ViTscratch,200,47,0.22745195,0,0.0,True,0.0023019100426741185,-0.0008147813414839116
ViTscratch,200,47,0.38756135,0,0.0,True,0.004931468817277341,0.0019634018552563723
ViTscratch,200,47,0.9994331,1,1.0,True,0.014733409757241958,0.012383002049521348
ViTscratch,200,47,0.9672267,1,1.0,True,0.013589926231138923,0.006776223823653256
ViTscratch,200,47,0.9997774,1,1.0,True,0.0013459649590649623,0.008200289124842107
ViTscratch,200,47,0.6383743,1,1.0,True,0.004393815854052559,0.005915227748709965
ViTscratch,200,47,0.9995857,1,1.0,True,0.01595287012189278,0.014483920689982737
ViTscratch,200,47,0.58061874,1,0.0,False,0.00320585711094977,0.0037431396821788463
ViTscratch,200,47,0.23507908,0,0.0,True,-0.005047889112541762,-0.000525562077740437
ViTscratch,200,47,0.15062863,0,0.0,True,0.0014297532773478595,0.0038738738800849063
ViTscratch,200,47,0.31109303,0,0.0,True,0.001300481058612539,-0.0011400198662602507
ViTscratch,200,47,0.9989556,1,1.0,True,0.010458638693874388,0.012301546736982947
ViTscratch,200,47,0.19007348,0,0.0,True,0.0028918372539055034,0.002647461295757973
ViTscratch,200,47,0.82182753,1,1.0,True,0.006947499393131095,0.006515518929437585
ViTscratch,200,47,0.43195137,0,0.0,True,-0.005134449392301261,-0.002199728519736619
ViTscratch,200,47,0.999403,1,1.0,True,0.011979473355292411,0.01402318056241307
ViTscratch,200,47,0.9995958,1,1.0,True,0.013352930403339363,0.011166459190182904
ViTscratch,200,47,0.999076,1,1.0,True,0.009199372341806716,0.0107845444379171
ViTscratch,200,47,0.15401457,0,0.0,True,0.0016260149774799944,0.0008253713138538661
ViTscratch,200,47,0.27672407,0,0.0,True,-0.0020814785929269513,-0.000853085015935125
ViTscratch,200,47,0.41976,0,0.0,True,0.006714338822247121,0.0025741040407930346
ViTscratch,200,47,0.99865925,1,1.0,True,0.008033470821607627,0.010851159330012034
ViTscratch,200,47,0.99971086,1,1.0,True,0.018636122161044093,0.018380385510801227
ViTscratch,200,47,0.89779246,1,1.0,True,0.013816496056392933,0.012591306837493984
ViTscratch,200,47,0.99998665,1,1.0,True,0.02221136463749433,0.018383174034738835
ViTscratch,200,47,0.16537994,0,0.0,True,-0.005024935769850837,-0.007054660381202455
ViTscratch,200,47,0.37209177,0,0.0,True,-0.005932133435143501,0.004405551499192142
ViTscratch,200,47,0.9787947,1,1.0,True,0.008528939497771433,0.005953811636784858
ViTscratch,200,47,0.40489686,0,0.0,True,0.0007534070210266401,-0.00035088696387366677
ViTscratch,200,47,0.13988093,0,0.0,True,-0.005860706487865881,-0.00555110123925308
ViTscratch,200,47,0.2726081,0,0.0,True,0.00789740531855279,0.006382786095063494
ViTscratch,200,47,0.25696564,0,0.0,True,-0.001793342284532339,0.005837863557356618
ViTscratch,200,48,0.9988538,1,1.0,True,0.012829024658949143,0.013771407609448895
ViTscratch,200,48,0.99749494,1,1.0,True,0.012201050817087026,0.009578691650071778
ViTscratch,200,48,0.99992144,1,1.0,True,0.024078623867768947,0.021927627037576898
ViTscratch,200,48,0.36199996,0,0.0,True,0.0022810858129439534,0.000800160662659055
ViTscratch,200,48,0.18712169,0,0.0,True,-0.001730078431332141,-0.0017337735202588717
ViTscratch,200,48,0.94280505,1,1.0,True,0.01781955845061941,0.014541341505382232
ViTscratch,200,48,0.18495183,0,0.0,True,-0.001024376404322329,0.00048534155229584776
ViTscratch,200,48,0.1415817,0,0.0,True,-0.004613452906944065,-0.0023054795901299207
ViTscratch,200,48,0.2173633,0,0.0,True,-0.00021605280076741055,0.0021461091828171718
ViTscratch,200,48,0.9283603,1,1.0,True,0.011347218772411162,0.011420209213852802
ViTscratch,200,48,0.23578797,0,0.0,True,0.004495018551715525,0.0040522830493676205
ViTscratch,200,48,0.22907014,0,0.0,True,-0.009095648806039816,-0.006624912406052848
ViTscratch,200,48,0.76690114,1,1.0,True,0.006979271643961193,0.00815541878447926
ViTscratch,200,48,0.23529744,0,0.0,True,0.004903594126056332,0.00020883380862291907
ViTscratch,200,48,0.19119981,0,0.0,True,-0.0029769006052855697,-0.004345641991415916
ViTscratch,200,48,0.9999925,1,1.0,True,0.009241663462907083,0.012538355515358212
ViTscratch,200,48,0.98905367,1,1.0,True,0.0015862225639906094,0.0011402141582507164
ViTscratch,200,48,0.9931859,1,1.0,True,0.010042132645301648,0.009260769998955401
ViTscratch,200,48,0.9979247,1,1.0,True,0.0024200742016149816,0.010635410739776698
ViTscratch,200,48,0.30370197,0,0.0,True,0.005266283577457142,0.0012239984215225057
ViTscratch,200,48,0.9954963,1,1.0,True,0.02233771206951996,0.015239713847795463
ViTscratch,200,48,0.9999912,1,1.0,True,0.023656604046868448,0.02519702530708378
ViTscratch,200,48,0.9999615,1,1.0,True,0.026226820480886967,0.019218874250864302
ViTscratch,200,48,0.44530672,0,0.0,True,0.0008326862834850169,0.0007077152052136763
ViTscratch,200,48,0.9962212,1,1.0,True,0.017946087559694863,0.01197430158182911
ViTscratch,200,48,0.9992772,1,1.0,True,0.0030151738694424047,0.0030480811337204685
ViTscratch,200,48,0.22653325,0,0.0,True,-0.005436316484784876,-0.0009678082102825479
ViTscratch,200,48,0.91389745,1,0.0,False,0.0002703085734149274,0.0023170694751528
ViTscratch,200,48,0.98843145,1,1.0,True,0.01183305771787756,0.010705186898554342
ViTscratch,200,48,0.7690575,1,0.0,False,-0.0028615611538360362,-0.0018603772343295656
ViTscratch,200,48,0.17353705,0,0.0,True,-0.003925904449004156,-0.0036078773593692195
ViTscratch,200,48,0.9837014,1,1.0,True,0.016017435614210526,0.007999953611674755
ViTscratch,200,48,0.8539838,1,1.0,True,0.007459106075660142,0.012744336240658852
ViTscratch,200,48,0.9938797,1,1.0,True,0.015680513137251332,0.01621659512401177
ViTscratch,200,48,0.97861713,1,1.0,True,0.010541216634020325,0.012761609959274701
ViTscratch,200,48,0.9983752,1,1.0,True,0.00938689893591561,0.014773313193089933
ViTscratch,200,48,0.9916141,1,1.0,True,0.011777723625984452,0.010244603796164011
ViTscratch,200,48,0.22372809,0,0.0,True,0.004360815511141765,0.004144429328929833
ViTscratch,200,48,0.5927409,1,0.0,False,-0.0024040822008666576,0.004272408970487328
ViTscratch,200,48,0.501155,1,0.0,False,-0.0017136377581500172,0.0005232762874933521
ViTscratch,200,48,0.36602157,0,0.0,True,-0.0007753698243342518,-0.001661552438351662
ViTscratch,200,48,0.92826957,1,1.0,True,0.0039782801526577795,0.0062071109626273884
ViTscratch,200,48,0.9970855,1,1.0,True,0.014455092730092796,0.011567574746875284
ViTscratch,200,48,0.23697396,0,0.0,True,-0.0045393058152961956,-0.004555829474863904
ViTscratch,200,48,0.14661185,0,0.0,True,-0.003464637103909244,-0.005509834213623506
ViTscratch,200,48,0.30464086,0,0.0,True,-0.0016284747838640286,0.004639641278142083
ViTscratch,200,48,0.2054814,0,0.0,True,0.0006164208090962676,-0.0014220260424129569
ViTscratch,200,48,0.99510974,1,1.0,True,0.0008933896762570628,0.001878010127195962
ViTscratch,200,48,0.4240939,0,0.0,True,0.0061802428694015445,0.005742042726982367
ViTscratch,200,48,0.99996436,1,1.0,True,0.0053411920025966215,0.007953007631385626
ViTscratch,200,48,0.99597424,1,1.0,True,0.013616134407594665,0.013066887539374225
ViTscratch,200,48,0.112717405,0,0.0,True,0.0002964634974112041,-0.005143426115270024
ViTscratch,200,48,0.19982837,0,0.0,True,-0.002181991698585375,0.0011114656344772763
ViTscratch,200,48,0.16550575,0,0.0,True,-0.004644564498215394,-0.00012317946275042195
ViTscratch,200,48,0.35176262,0,0.0,True,0.005777122274972347,0.0035719961865003686
ViTscratch,200,48,0.9777296,1,1.0,True,0.018596583877295837,0.012872772708751387
ViTscratch,200,48,0.9984646,1,1.0,True,0.012621829151343453,0.016124335012628357
ViTscratch,200,48,0.9951309,1,1.0,True,0.023214045561507402,0.01611950194455754
ViTscratch,200,48,0.78509444,1,0.0,False,0.007355304483182186,0.005404337889495953
ViTscratch,200,48,0.568536,1,0.0,False,0.008212548341555373,0.002711141134650693
ViTscratch,200,48,0.4251309,0,0.0,True,0.009633163808551217,0.005022127344302783
ViTscratch,200,48,0.17881219,0,0.0,True,0.0022995884093523827,-0.002228534772516701
ViTscratch,200,48,0.99656624,1,1.0,True,0.005003416738084356,0.009249397360627938
ViTscratch,200,48,0.37015286,0,0.0,True,0.001038235848397719,0.0009411758598189086
ViTscratch,200,48,0.16942832,0,0.0,True,-0.006170270672694209,-0.0035443854902262348
ViTscratch,200,48,0.1566422,0,0.0,True,0.0011882758931545474,0.00013597310907194538
ViTscratch,200,48,0.36105248,0,0.0,True,0.005856992476665008,-0.00012200630962190984
ViTscratch,200,48,0.16205794,0,0.0,True,-0.0006190052755309399,0.003286647559531568
ViTscratch,200,48,0.22396177,0,0.0,True,-0.0036597907972636093,-0.004796720362620396
ViTscratch,200,48,0.18644845,0,0.0,True,0.006322944848268904,1.673685665922692e-05
ViTscratch,200,48,0.8321445,1,1.0,True,0.019342259118496272,0.01269005286491702
ViTscratch,200,48,0.4569269,0,0.0,True,0.014499985615235602,0.006423901151695814
ViTscratch,200,48,0.7100731,1,1.0,True,0.009192669317843488,0.009115125669860967
ViTscratch,200,48,0.99998784,1,1.0,True,0.016683292562555036,0.013275063244222063
ViTscratch,200,48,0.99884284,1,1.0,True,0.00796219148091451,0.008299361548656865
ViTscratch,200,48,0.15619825,0,0.0,True,-0.016361666070529156,-0.010235235199890723
ViTscratch,200,48,0.3148591,0,0.0,True,0.0030538629550600585,0.006286409340614968
ViTscratch,200,48,0.98805064,1,1.0,True,0.003305023842443688,0.005000785515295257
ViTscratch,200,48,0.986943,1,1.0,True,0.01970267899914237,0.015041097215288762
ViTscratch,200,48,0.99998116,1,1.0,True,0.00790375799503758,0.01364953917982568
ViTscratch,200,48,0.15866958,0,0.0,True,-0.002012605716819299,-0.0026477257574727083
ViTscratch,200,48,0.9970054,1,1.0,True,0.006278148886679335,0.008188609786652406
ViTscratch,200,48,0.12074262,0,0.0,True,-0.0027716082841011762,-0.0014689222528800694
ViTscratch,200,48,0.55466074,1,1.0,True,0.004874407033664577,0.009823692717866633
ViTscratch,200,48,0.9176625,1,1.0,True,0.008382124395657256,0.01097452604724373
ViTscratch,200,48,0.655445,1,0.0,False,0.000843535993881332,0.00041406401153194013
ViTscratch,200,48,0.9998122,1,1.0,True,0.0048343662912262025,0.008629141792247849
ViTscratch,200,48,0.99944717,1,1.0,True,0.009616640154097604,0.0088733401053094
ViTscratch,200,48,0.15169466,0,0.0,True,0.002557147608398878,0.0009523992903449086
ViTscratch,200,48,0.29730397,0,0.0,True,-0.008283552200406595,-0.007525495678432518
ViTscratch,200,48,0.4530347,0,0.0,True,0.00286326209440747,-0.002293656586248567
ViTscratch,200,48,0.32876557,0,0.0,True,-0.0022635769098159437,0.000552537034903313
ViTscratch,200,48,0.9495769,1,1.0,True,0.009303250252576672,0.004633638378327733
ViTscratch,200,48,0.9923631,1,1.0,True,0.019214356722731963,0.01800318265478411
ViTscratch,200,48,0.23792726,0,0.0,True,0.002892368871975184,0.0024958924813679386
ViTscratch,200,48,0.9999927,1,1.0,True,0.01779437227458569,0.019178833726259142
ViTscratch,200,48,0.14410312,0,0.0,True,0.0009480900964231551,-0.000586385906719361
ViTscratch,200,48,0.24593636,0,0.0,True,-0.005246029602892121,-0.001452026957954534
ViTscratch,200,48,0.9940018,1,1.0,True,0.01602999189754677,0.012224079060085697
ViTscratch,200,48,0.31416732,0,0.0,True,0.004342261494726973,0.004326439811388064
ViTscratch,200,49,0.31586194,0,0.0,True,-0.0008937288391111843,-0.004523126432881601
ViTscratch,200,49,0.5647549,1,0.0,False,0.002835037871114126,0.0040050457286921835
ViTscratch,200,49,0.8609666,1,1.0,True,0.007273261932794933,0.01001236107428834
ViTscratch,200,49,0.99951434,1,1.0,True,0.013633226077606982,0.013820193183406711
ViTscratch,200,49,0.99990726,1,1.0,True,0.016381628594974076,0.010377491296720564
ViTscratch,200,49,0.09002916,0,0.0,True,-0.007206761339300995,-0.00719827191242243
ViTscratch,200,49,0.27017897,0,0.0,True,-0.0019180524383589634,0.005608269618003397
ViTscratch,200,49,0.16090727,0,0.0,True,0.002272192243605277,-0.0033390596557452304
ViTscratch,200,49,0.31556112,0,0.0,True,-0.006473787324809713,-0.0037202997892567596
ViTscratch,200,49,0.9975243,1,1.0,True,0.013223562464343426,0.011143098629655684
ViTscratch,200,49,0.9132607,1,1.0,True,0.013132293552652309,0.011424183589865355
ViTscratch,200,49,0.9999901,1,1.0,True,0.024672520511348377,0.02173920879811202
ViTscratch,200,49,0.5264236,1,0.0,False,0.005172904900918105,-0.00017952610190982254
ViTscratch,200,49,0.9851601,1,1.0,True,0.006637550924797418,0.00854685233833307
ViTscratch,200,49,0.22085527,0,0.0,True,-0.0018874201597861152,-0.00015457835357516196
ViTscratch,200,49,0.24892092,0,0.0,True,0.00983994283085933,0.004347603360178614
ViTscratch,200,49,0.26597846,0,0.0,True,-0.006550596155550232,-0.0014799478191373308
ViTscratch,200,49,0.6979946,1,0.0,False,-0.0002800506622895793,-0.00018191239630052538
ViTscratch,200,49,0.33569857,0,0.0,True,0.0013797829856291017,0.0003508971018681925
ViTscratch,200,49,0.99306643,1,1.0,True,0.013217259488435681,0.011815115292178584
ViTscratch,200,49,0.9945141,1,1.0,True,0.010278458572367056,0.00632421987933059
ViTscratch,200,49,0.21862154,0,0.0,True,-0.009955630873790295,-5.697907471697397e-05
ViTscratch,200,49,0.38394752,0,0.0,True,0.004810369076052066,0.0040653250291816465
ViTscratch,200,49,0.3999945,0,0.0,True,-0.0018160226907564714,0.0022676636453222046
ViTscratch,200,49,0.9929518,1,1.0,True,0.015549181518862473,0.012415905709201916
ViTscratch,200,49,0.16481969,0,0.0,True,-0.005284733450345436,-0.0004111059440754121
ViTscratch,200,49,0.2720951,0,0.0,True,-0.004853126647209412,-0.000987208863227643
ViTscratch,200,49,0.27313715,0,0.0,True,0.004370124154392044,0.0049607372321931525
ViTscratch,200,49,0.9964933,1,1.0,True,0.01585838001010716,0.016955517444136647
ViTscratch,200,49,0.18224542,0,0.0,True,-0.008617379386311335,-0.006199372290287193
ViTscratch,200,49,0.9746664,1,1.0,True,0.01364369272693119,0.012262685105609602
ViTscratch,200,49,0.94559544,1,1.0,True,0.0019585754055475913,0.007757143739226699
ViTscratch,200,49,0.99980456,1,1.0,True,0.013704923668756216,0.015275376248117173
ViTscratch,200,49,0.9649262,1,1.0,True,0.007177455029879732,0.011979644223443052
ViTscratch,200,49,0.13849424,0,0.0,True,-0.004536097024473944,-0.0055807528730291165
ViTscratch,200,49,0.2809928,0,0.0,True,-0.001156639347595817,0.0014090114845796578
ViTscratch,200,49,0.1779798,0,0.0,True,0.0038578874889365765,0.0013492043182512195
ViTscratch,200,49,0.18832722,0,0.0,True,-0.0033712586439276766,-0.0015106240694579983
ViTscratch,200,49,0.19277342,0,0.0,True,-0.0010056885840387373,0.0025180317869619166
ViTscratch,200,49,0.7472334,1,1.0,True,0.012893995248631211,0.006375598231225434
ViTscratch,200,49,0.27330315,0,0.0,True,-0.004312687131719331,-0.0026878798523284554
ViTscratch,200,49,0.12139354,0,0.0,True,-0.005131219256074183,-0.00479100916296604
ViTscratch,200,49,0.2659423,0,0.0,True,-0.0019268691369083498,0.001492721848857317
ViTscratch,200,49,0.39019418,0,0.0,True,0.0055445019698562616,0.0061372023967940425
ViTscratch,200,49,0.9993699,1,1.0,True,0.01064917597287189,0.012396059437910896
ViTscratch,200,49,0.96589404,1,1.0,True,0.009449523194418226,0.011151675244249544
ViTscratch,200,49,0.3345377,0,0.0,True,0.00522522633075489,0.003802489948585064
ViTscratch,200,49,0.40034097,0,0.0,True,-0.000658726206322627,0.004427790541859318
ViTscratch,200,49,0.12602893,0,0.0,True,-0.008191824776045754,-0.0034018048461215283
ViTscratch,200,49,0.31681716,0,0.0,True,-0.001225862791394196,-0.0015314119725208053
ViTscratch,200,49,0.9992867,1,1.0,True,0.010279186413943493,0.010128815004962632
ViTscratch,200,49,0.9400723,1,1.0,True,0.005354319277590171,0.011091493229307681
ViTscratch,200,49,0.9989097,1,1.0,True,0.010872918638015103,0.012262193184555868
ViTscratch,200,49,0.3217434,0,0.0,True,-0.0023558795891739535,0.00660880970676684
ViTscratch,200,49,0.999992,1,1.0,True,0.01269393653773292,0.015091367849925251
ViTscratch,200,49,0.7901505,1,1.0,True,0.01468703974274735,0.011120221943987938
ViTscratch,200,49,0.26690266,0,0.0,True,0.0051199303393604555,0.00684512327625781
ViTscratch,200,49,0.24886382,0,0.0,True,-0.008597929905510846,0.001182485443917666
ViTscratch,200,49,0.41431603,0,0.0,True,-0.005487264518645725,-0.00035749722263076606
ViTscratch,200,49,0.18385902,0,0.0,True,0.0007391304251987797,-0.004977354601550495
ViTscratch,200,49,0.28838465,0,0.0,True,-0.0002681060829000819,-0.0013805964499491485
ViTscratch,200,49,0.112031914,0,0.0,True,0.0036915038895982064,-0.00020583739542419434
ViTscratch,200,49,0.99860126,1,1.0,True,0.018543436502327943,0.011432638008703488
ViTscratch,200,49,0.2410457,0,0.0,True,-0.00343483227904245,-0.0012521712818397766
ViTscratch,200,49,0.9996666,1,1.0,True,0.014276980468530414,0.008969531210498913
ViTscratch,200,49,0.9999281,1,1.0,True,0.02558163061527883,0.01769518009452315
ViTscratch,200,49,0.998517,1,1.0,True,0.005559833216261232,0.015603134620759115
ViTscratch,200,49,0.99984026,1,1.0,True,0.004004468439241168,0.009353339457778831
ViTscratch,200,49,0.99306506,1,1.0,True,0.013466462475320422,0.009797521603112497
ViTscratch,200,49,0.20650622,0,0.0,True,-0.011372998359641609,-0.0038458336821970843
ViTscratch,200,49,0.55505794,1,0.0,False,-0.009209622555676868,-0.007543057602111273
ViTscratch,200,49,0.24717054,0,0.0,True,0.002615707683996883,-0.001536067803595275
ViTscratch,200,49,0.9999404,1,1.0,True,0.01924050061509284,0.020118487041684487
ViTscratch,200,49,0.3394522,0,1.0,False,0.0032156882793582245,0.003501115504015123
ViTscratch,200,49,0.99689263,1,1.0,True,0.016732812774922824,0.010095880134249387
ViTscratch,200,49,0.10232877,0,0.0,True,-0.0007648847877254986,0.0015256120666764731
ViTscratch,200,49,0.20866877,0,0.0,True,-0.0032818852291358743,-0.003189438931723668
ViTscratch,200,49,0.940151,1,1.0,True,0.0030118512433837496,0.0028941375211340445
ViTscratch,200,49,0.99989116,1,1.0,True,0.014464212263321145,0.012456167803341899
ViTscratch,200,49,0.9658514,1,1.0,True,0.013115623268405313,0.011789100945558089
ViTscratch,200,49,0.21663411,0,0.0,True,0.00014199903768758997,-0.003789542278818788
ViTscratch,200,49,0.99338645,1,1.0,True,0.0040711421376354775,0.010308805627348332
ViTscratch,200,49,0.36953375,0,0.0,True,-5.380225452828926e-05,-0.0023204789814630423
ViTscratch,200,49,0.19102982,0,0.0,True,-0.0019092342560001088,-0.0008808416499090407
ViTscratch,200,49,0.32380342,0,0.0,True,-0.004631998966063567,-0.0024999211347701044
ViTscratch,200,49,0.10039872,0,0.0,True,0.0004008695963815973,-0.0059694876250619856
ViTscratch,200,49,0.9988997,1,1.0,True,0.005976013131106771,0.010123595218576972
ViTscratch,200,49,0.99904364,1,1.0,True,0.010572733933513757,0.013597506832982121
ViTscratch,200,49,0.31367248,0,0.0,True,0.0020427794707983753,-0.003016196879002079
ViTscratch,200,49,0.9999274,1,1.0,True,0.011324702014516833,0.010210137135320124
ViTscratch,200,49,0.15674469,0,0.0,True,0.0054000290325293835,-0.0001035856539052923
ViTscratch,200,49,0.9998287,1,1.0,True,0.01008439606631956,0.01537818164135961
ViTscratch,200,49,0.09739937,0,0.0,True,0.0009520863492940339,-0.001235883173023618
ViTscratch,200,49,0.9997515,1,1.0,True,0.008083880502417292,0.0065948563729342595
ViTscratch,200,49,0.2623622,0,0.0,True,0.008244677404735366,0.007108045147332829
ViTscratch,200,49,0.17293766,0,0.0,True,-0.006045586996787194,-0.010368314252462412
ViTscratch,200,49,0.43779704,0,0.0,True,0.0038544193985406263,0.006739666894658525
ViTscratch,200,49,0.9971251,1,1.0,True,0.009430339122733285,0.008058777310880167
ViTscratch,200,49,0.7699276,1,1.0,True,0.00839570972783188,0.011180593978527031
ViTscratch,200,49,0.27601394,0,0.0,True,-0.0009169069607392083,0.0009705616374973692
ViTscratch,200,50,0.30839553,0,0.0,True,0.0013792504701980817,0.005085393932401337
ViTscratch,200,50,0.93620515,1,1.0,True,0.014304709267932507,0.013965345196549813
ViTscratch,200,50,0.33774522,0,0.0,True,-0.0002714486596197441,0.0012647249906722077
ViTscratch,200,50,0.9999796,1,1.0,True,0.010213812497545393,0.011067810389386217
ViTscratch,200,50,0.19257817,0,0.0,True,0.0042996209491236986,0.0012412817481024345
ViTscratch,200,50,0.24534914,0,0.0,True,-0.0024631497643306803,0.0004020719474644246
ViTscratch,200,50,0.9966419,1,1.0,True,0.010243136386601593,0.0086332477350509
ViTscratch,200,50,0.24282402,0,0.0,True,0.005025185929658252,0.0022418570287255288
ViTscratch,200,50,0.9999367,1,1.0,True,0.014861430675649252,0.016180395278036257
ViTscratch,200,50,0.9995121,1,1.0,True,0.015637695884291886,0.010063706790720415
ViTscratch,200,50,0.9989058,1,1.0,True,0.004747216101937306,0.008915249290483224
ViTscratch,200,50,0.9999237,1,1.0,True,0.011034731150824099,0.011818352460567
ViTscratch,200,50,0.31399107,0,0.0,True,0.005472874820625704,0.0028680154125991842
ViTscratch,200,50,0.1449314,0,0.0,True,-0.007542964845229827,-0.004590678312336938
ViTscratch,200,50,0.99984086,1,1.0,True,0.018332706664475926,0.01464875822428421
ViTscratch,200,50,0.32329783,0,0.0,True,-0.0018778453204132096,-0.0018574575926060548
ViTscratch,200,50,0.9863085,1,1.0,True,0.01998379777379032,0.014336285781771183
ViTscratch,200,50,0.49139568,0,0.0,True,0.0017953310350070106,0.000563273643000185
ViTscratch,200,50,0.42117465,0,0.0,True,0.0004978493814446094,0.003118433827861248
ViTscratch,200,50,0.999816,1,1.0,True,0.015382498684317009,0.014843939441069267
ViTscratch,200,50,0.22658783,0,0.0,True,-0.0010200068897097327,-0.0015505345307794821
ViTscratch,200,50,0.19017352,0,0.0,True,-0.0006040698148533282,0.0006790740191676646
ViTscratch,200,50,0.99975616,1,1.0,True,0.007208162967496415,0.0069996768028005715
ViTscratch,200,50,0.50817055,1,0.0,False,0.0027701971104171297,0.0029535127991749724
ViTscratch,200,50,0.21618342,0,0.0,True,-0.00879459461130615,-0.0030481211441448926
ViTscratch,200,50,0.3058843,0,0.0,True,0.002200079788014386,-0.001396377095716456
ViTscratch,200,50,0.9999839,1,1.0,True,0.020943978098697115,0.020944873300083364
ViTscratch,200,50,0.14496952,0,0.0,True,0.0014815253400155856,0.00045404103550124796
ViTscratch,200,50,0.3670064,0,0.0,True,0.003344872627372039,0.0008833215853978587
ViTscratch,200,50,0.18605004,0,0.0,True,0.003034087673368448,0.004405910132396888
ViTscratch,200,50,0.25947934,0,0.0,True,-0.005164540845335178,-0.00016636652458949574
ViTscratch,200,50,0.9999962,1,1.0,True,0.023857777951925924,0.023818751401335624
ViTscratch,200,50,0.9999424,1,1.0,True,0.010155713679052377,0.010716324007084435
ViTscratch,200,50,0.9998827,1,1.0,True,0.013898044854986908,0.010154808131601006
ViTscratch,200,50,0.9797936,1,1.0,True,0.001690952931760354,0.006304148717685535
ViTscratch,200,50,0.41149494,0,0.0,True,0.0009974811741776273,0.0003987729313549043
ViTscratch,200,50,0.14715709,0,0.0,True,0.0016318062121259262,-0.0008071520519574275
ViTscratch,200,50,0.86564,1,1.0,True,0.01869320657687955,0.006977032722408807
ViTscratch,200,50,0.99997175,1,1.0,True,0.011553398430990399,0.011407217629049683
ViTscratch,200,50,0.32329026,0,0.0,True,-0.0007658086483890735,0.0038445517017054146
ViTscratch,200,50,0.20253356,0,0.0,True,0.006941705131138328,0.0024752054062168703
ViTscratch,200,50,0.25793594,0,0.0,True,-0.005582494928349028,-0.004335706792894741
ViTscratch,200,50,0.22815791,0,0.0,True,-0.0031918517979873167,-0.005064441247833787
ViTscratch,200,50,0.14903842,0,0.0,True,-0.004789101751260032,-0.0031631941879359457
ViTscratch,200,50,0.9945422,1,1.0,True,0.009628513428098262,0.01106367479125974
ViTscratch,200,50,0.2615374,0,0.0,True,0.001648145275854569,-0.0018981582643911171
ViTscratch,200,50,0.9999701,1,1.0,True,0.019942905839050753,0.018234313449831795
ViTscratch,200,50,0.35383505,0,0.0,True,0.0037279535403593224,0.002072170229318883
ViTscratch,200,50,0.22467463,0,0.0,True,0.002247063962521082,-3.753855862690569e-05
ViTscratch,200,50,0.19201954,0,0.0,True,-0.004020706774090964,-0.0005799978914256573
ViTscratch,200,50,0.9978339,1,1.0,True,0.016889498965430603,0.015391037384313916
ViTscratch,200,50,0.97610587,1,1.0,True,0.0028644702011507792,0.007053198488978246
ViTscratch,200,50,0.9980579,1,1.0,True,0.010098224653944486,0.009267625057750998
ViTscratch,200,50,0.15466857,0,0.0,True,-0.011370767173319363,-0.009938279808171113
ViTscratch,200,50,0.1703838,0,0.0,True,-0.0028897645047906866,0.0014105990784853597
ViTscratch,200,50,0.97544074,1,1.0,True,0.0022565557265289676,0.005713970093752135
ViTscratch,200,50,0.9282062,1,1.0,True,0.00988500453789077,0.012223965100072788
ViTscratch,200,50,0.91466284,1,1.0,True,0.0023931076878721657,0.003306374624719612
ViTscratch,200,50,0.99820554,1,1.0,True,-0.0003983485649115128,0.009376009622896012
ViTscratch,200,50,0.9896457,1,1.0,True,0.013200942413535852,0.0070577900232835005
ViTscratch,200,50,0.35283357,0,0.0,True,-0.004439576187056875,0.0006117396788178292
ViTscratch,200,50,0.28456447,0,0.0,True,0.0008693016905674746,0.0028409212250505808
ViTscratch,200,50,0.11870394,0,0.0,True,-0.002439371529681136,0.0028450715797902924
ViTscratch,200,50,0.9988512,1,1.0,True,0.016956096179975115,0.01585872565303966
ViTscratch,200,50,0.99995923,1,1.0,True,0.009547538819068247,0.011133628098295703
ViTscratch,200,50,0.26788676,0,0.0,True,0.0004427070630766713,0.002910821794175011
ViTscratch,200,50,0.9954724,1,1.0,True,-0.007285859810134942,0.0015220498335233152
ViTscratch,200,50,0.9880162,1,1.0,True,0.014039598757245319,0.013722069768907686
ViTscratch,200,50,0.9993954,1,1.0,True,0.01556891011974438,0.013289960266273243
ViTscratch,200,50,0.4638488,0,0.0,True,0.009943607708802694,0.004751765763147705
ViTscratch,200,50,0.13599345,0,0.0,True,-0.0009388454294379765,-0.004395452542830994
ViTscratch,200,50,0.9951859,1,1.0,True,0.011097148502902611,0.01097369893824933
ViTscratch,200,50,0.9999114,1,1.0,True,0.01642788072368395,0.02597513701351152
ViTscratch,200,50,0.22499731,0,0.0,True,0.00022481437990695723,0.0004993604527158161
ViTscratch,200,50,0.37997088,0,0.0,True,-0.006088804173110532,-0.001642994806297292
ViTscratch,200,50,0.96913993,1,1.0,True,0.013013599793085506,0.010981071632089166
ViTscratch,200,50,0.24043643,0,0.0,True,0.0030848715741953296,-0.002404333693529825
ViTscratch,200,50,0.99793005,1,1.0,True,0.005299047756781725,0.009647192118898747
ViTscratch,200,50,0.99235326,1,1.0,True,0.020974382941671508,0.01694842700730687
ViTscratch,200,50,0.22854032,0,0.0,True,-0.0023225329225502636,-0.003814333456744373
ViTscratch,200,50,0.45458263,0,0.0,True,-0.003509421570074955,0.0010413432899538358
ViTscratch,200,50,0.27923125,0,0.0,True,0.0019980775882105077,0.0013993737530338265
ViTscratch,200,50,0.42037356,0,0.0,True,0.0024807683107058863,-0.003309782646477207
ViTscratch,200,50,0.9630497,1,1.0,True,0.011198303406836316,0.015431665103754648
ViTscratch,200,50,0.41269606,0,0.0,True,0.0005567739679306999,0.00048793309225364935
ViTscratch,200,50,0.9971106,1,1.0,True,0.0071856434105291465,0.011536191793922915
ViTscratch,200,50,0.99997723,1,1.0,True,0.013743445507786407,0.0160217221374801
ViTscratch,200,50,0.9471242,1,1.0,True,0.010620575978200741,0.008856825111489509
ViTscratch,200,50,0.29561567,0,0.0,True,-0.00015506895175661662,-0.0017433811802557832
ViTscratch,200,50,0.15553248,0,0.0,True,0.0083824948228146,0.0030169674218863385
ViTscratch,200,50,0.12787665,0,0.0,True,-0.001186118462919393,-0.0030269893304235014
ViTscratch,200,50,0.14876048,0,0.0,True,-0.008757182290012953,-0.00394586112346424
ViTscratch,200,50,0.99988604,1,1.0,True,0.019112159801090663,0.018054927143883563
ViTscratch,200,50,0.14693096,0,0.0,True,-0.005330592742096629,-0.004940832087567754
ViTscratch,200,50,0.2997774,0,0.0,True,0.009724537418460246,-0.0022931419248186243
ViTscratch,200,50,0.25772518,0,0.0,True,0.0021387754365022843,0.004235188593101707
ViTscratch,200,50,0.9954535,1,1.0,True,0.018012688715824433,0.015237514391777137
ViTscratch,200,50,0.9990514,1,1.0,True,0.01751167393673323,0.01742843854837502
ViTscratch,200,50,0.99907875,1,1.0,True,0.014945683773244981,0.014406745343074854
ViTscratch,200,50,0.642769,1,0.0,False,-0.002160774156775827,0.0029724129148704214
ViTscratch,200,51,0.1928271,0,0.0,True,-0.0010408141704418106,-0.004494376675958013
ViTscratch,200,51,0.4001578,0,0.0,True,-0.00469177876050438,-0.004198399694019411
ViTscratch,200,51,0.2727494,0,0.0,True,-0.009261612291780184,0.0002367414057183586
ViTscratch,200,51,0.20518276,0,0.0,True,-0.0026718065172960602,0.0008532082246546196
ViTscratch,200,51,0.60658604,1,0.0,False,-0.0006980952912327656,0.001872806149457367
ViTscratch,200,51,0.552962,1,0.0,False,0.006854894456928605,0.0013794199770515256
ViTscratch,200,51,0.9999871,1,1.0,True,0.02111966590228971,0.020872801712940123
ViTscratch,200,51,0.9854429,1,1.0,True,0.014506566986840901,0.01862317417035996
ViTscratch,200,51,0.2668234,0,0.0,True,-0.006401585855754878,-0.005557310164361791
ViTscratch,200,51,0.7726817,1,1.0,True,0.017481625297102534,0.011503819358685677
ViTscratch,200,51,0.99586993,1,1.0,True,0.00875885752512074,0.010770671230072474
ViTscratch,200,51,0.27439615,0,0.0,True,0.002891978802781451,-0.005261265787595633
ViTscratch,200,51,0.9993973,1,1.0,True,0.010993049263546722,0.012800987687801448
ViTscratch,200,51,0.9663218,1,1.0,True,0.005929738774881339,0.003929319572780366
ViTscratch,200,51,0.9998404,1,1.0,True,0.008380272480446368,0.011298629652909807
ViTscratch,200,51,0.8056755,1,0.0,False,0.0007639908213277413,0.0019232380578157668
ViTscratch,200,51,0.27194718,0,0.0,True,-0.003568300693183834,-0.0012854325442171574
ViTscratch,200,51,0.99842864,1,1.0,True,-0.00937363747486013,0.00015337992334909096
ViTscratch,200,51,0.99999,1,1.0,True,0.011113673102919087,0.012940707095008122
ViTscratch,200,51,0.9989506,1,1.0,True,0.012284400425858644,0.014933512130465346
ViTscratch,200,51,0.9999933,1,1.0,True,0.028754195996250353,0.022814110297278867
ViTscratch,200,51,0.20662594,0,0.0,True,-8.93712149466644e-05,0.0006922710238904657
ViTscratch,200,51,0.19608568,0,0.0,True,0.006712532976960263,0.002345910154017246
ViTscratch,200,51,0.1657297,0,0.0,True,0.0042933671479191155,0.00407727619413195
ViTscratch,200,51,0.32983217,0,0.0,True,0.003008529081380905,0.0032174719264393727
ViTscratch,200,51,0.99997425,1,1.0,True,0.023371852366607933,0.015743321399774045
ViTscratch,200,51,0.10187067,0,0.0,True,-0.010533108827541873,-0.009802363901854367
ViTscratch,200,51,0.999938,1,1.0,True,0.010096436605436267,0.010853169607415999
ViTscratch,200,51,0.20904475,0,0.0,True,-0.0008644623194320816,-0.0006646685694296688
ViTscratch,200,51,0.96005726,1,1.0,True,-0.002525811641351609,0.005229718789176184
ViTscratch,200,51,0.23227845,0,0.0,True,-0.005384704728645718,-0.003233152602322746
ViTscratch,200,51,0.5729305,1,0.0,False,0.004621506504409368,0.006622949750715571
ViTscratch,200,51,0.14460212,0,0.0,True,-0.0028733448645511857,-0.0026276523600737966
ViTscratch,200,51,0.9998753,1,1.0,True,0.015972726374777483,0.018025168610883376
ViTscratch,200,51,0.4025653,0,0.0,True,-0.0020358620482489776,0.000704993072392082
ViTscratch,200,51,0.9999958,1,1.0,True,0.018233453259330467,0.01699249594147185
ViTscratch,200,51,0.18737832,0,0.0,True,0.002105190824381045,-0.0022253086083185714
ViTscratch,200,51,0.99999726,1,1.0,True,0.021686854233687568,0.020911418782351657
ViTscratch,200,51,0.22795933,0,0.0,True,-0.0044511611864722755,-0.006529034609050405
ViTscratch,200,51,0.2989512,0,0.0,True,-0.002184148361608371,-0.0005571280948020057
ViTscratch,200,51,0.18090352,0,0.0,True,0.0024888637274694423,0.003804186980842951
ViTscratch,200,51,0.19895963,0,0.0,True,-0.0011111078375649582,-0.0010392217947185695
ViTscratch,200,51,0.35300416,0,0.0,True,0.001252544169924998,0.0007770510923075714
ViTscratch,200,51,0.94033664,1,1.0,True,0.012549120977785466,0.007497021130966646
ViTscratch,200,51,0.9973731,1,1.0,True,0.015887912902040044,0.015507170174175267
ViTscratch,200,51,0.1990449,0,0.0,True,-0.0012513628243206669,0.0011629108869120606
ViTscratch,200,51,0.32014447,0,0.0,True,0.003113078355093763,0.002719567745866039
ViTscratch,200,51,0.99335986,1,1.0,True,0.01060091255174628,0.0073773599432992165
ViTscratch,200,51,0.19619468,0,0.0,True,0.0006297680776951863,-0.0008800734758933831
ViTscratch,200,51,0.99982435,1,1.0,True,0.01189013228957187,0.015873815825237145
ViTscratch,200,51,0.13879964,0,0.0,True,0.0025599763496847432,0.00012342506438553873
ViTscratch,200,51,0.19573763,0,0.0,True,-0.0008041811376957313,-0.003073310248867149
ViTscratch,200,51,0.9994336,1,1.0,True,0.016925225943319983,0.01470200089065005
ViTscratch,200,51,0.99992,1,1.0,True,0.02259807011185865,0.01680861150705889
ViTscratch,200,51,0.17168663,0,0.0,True,-0.0015151597902149992,0.001630231977547742
ViTscratch,200,51,0.13901226,0,0.0,True,0.0008621339128743455,-0.000799339813925565
ViTscratch,200,51,0.32974097,0,0.0,True,0.007664646246709316,0.009999434313193016
ViTscratch,200,51,0.99987876,1,1.0,True,0.006317545331411271,0.008071203517461658
ViTscratch,200,51,0.13059966,0,0.0,True,-0.0043591648975695296,-0.00046384435488468234
ViTscratch,200,51,0.2012349,0,0.0,True,-0.006232866286771146,-0.00012726443079917753
ViTscratch,200,51,0.1601888,0,0.0,True,-8.741242872046567e-05,0.002310992675291541
ViTscratch,200,51,0.99999285,1,1.0,True,0.01382921008970413,0.01618803722633921
ViTscratch,200,51,0.34462857,0,0.0,True,0.0024007535818553654,0.0010214509011712155
ViTscratch,200,51,0.5555715,1,0.0,False,0.000348222498417748,0.005110267292449328
ViTscratch,200,51,0.9999223,1,1.0,True,0.012010664292118629,0.01161371025654365
ViTscratch,200,51,0.26733792,0,0.0,True,-0.000351866956326689,-0.0014104426810398244
ViTscratch,200,51,0.9998338,1,1.0,True,0.010169449957727957,0.015034349514819094
ViTscratch,200,51,0.9963404,1,1.0,True,0.007781971567610814,0.009062888948344672
ViTscratch,200,51,0.18794845,0,0.0,True,-0.0014428105461913921,-0.00033671893427382634
ViTscratch,200,51,0.55868745,1,0.0,False,0.0054772363436594316,0.0026444566698845505
ViTscratch,200,51,0.2570375,0,0.0,True,-0.0025687487143139166,-0.0007369531931983624
ViTscratch,200,51,0.88901323,1,0.0,False,0.00555810795901843,0.00330392158819218
ViTscratch,200,51,0.94318825,1,1.0,True,0.01216181618192237,0.010025745542128617
ViTscratch,200,51,0.9996105,1,1.0,True,0.013292554350131458,0.014306673211418463
ViTscratch,200,51,0.99915826,1,1.0,True,0.012641924375992701,0.011539374218249611
ViTscratch,200,51,0.19558209,0,0.0,True,0.0047649725329782094,-0.00016027096386127086
ViTscratch,200,51,0.3254937,0,0.0,True,-0.0010004460067822285,0.00370940846126422
ViTscratch,200,51,0.9998417,1,1.0,True,0.008279856043523734,0.013587744519377254
ViTscratch,200,51,0.24026218,0,0.0,True,-0.0020640262380350943,-0.0010874461810297617
ViTscratch,200,51,0.98180354,1,1.0,True,0.009195633541176666,0.006724979774011302
ViTscratch,200,51,0.13575712,0,0.0,True,0.0013002643030415005,-0.002122060482421758
ViTscratch,200,51,0.25167325,0,0.0,True,-0.0011187557032860125,0.003441477591078742
ViTscratch,200,51,0.9996762,1,1.0,True,0.015629012017069524,0.012519290007562573
ViTscratch,200,51,0.21319778,0,0.0,True,-0.009076028104506266,-0.004693789480440353
ViTscratch,200,51,0.4665311,0,0.0,True,-0.005230270743375437,-0.0012356497702152565
ViTscratch,200,51,0.3504123,0,0.0,True,-0.002450316244357279,0.0027318930570217554
ViTscratch,200,51,0.99701935,1,1.0,True,0.01735546393366117,0.01727880964286217
ViTscratch,200,51,0.99860543,1,1.0,True,0.017977950796348986,0.012785290362607653
ViTscratch,200,51,0.21462509,0,0.0,True,0.003556698011648187,0.0008967313522013456
ViTscratch,200,51,0.22568245,0,0.0,True,0.002311153064919103,-0.0005293531741912619
ViTscratch,200,51,0.9985424,1,1.0,True,0.00999449851283873,0.014603156331839737
ViTscratch,200,51,0.99996006,1,1.0,True,0.010200295178194329,0.014634019517378053
ViTscratch,200,51,0.9987503,1,1.0,True,0.008271418728620172,0.008044674288637301
ViTscratch,200,51,0.92908007,1,1.0,True,0.002728842326542563,0.0072642159719177556
ViTscratch,200,51,0.2117267,0,0.0,True,-0.003445012952167613,-0.0030254045273518217
ViTscratch,200,51,0.23206347,0,0.0,True,0.0004514043307097392,-0.004459670181673516
ViTscratch,200,51,0.1949396,0,0.0,True,0.009095462677886808,7.543761384074764e-05
ViTscratch,200,51,0.12762618,0,0.0,True,-0.0036293426088695054,0.00034422714355858316
ViTscratch,200,51,0.16804533,0,0.0,True,0.005427256317592171,0.0005292462189093123
ViTscratch,200,51,0.9998628,1,1.0,True,0.012964824120603013,0.012670025188916877
ViTscratch,200,52,0.99914,1,1.0,True,0.006689300835486039,0.013055617124603826
ViTscratch,200,52,0.18562296,0,0.0,True,-0.0017607067675660252,0.0031216537758722014
ViTscratch,200,52,0.23908931,0,0.0,True,0.0007502382689795713,-0.003255317505515738
ViTscratch,200,52,0.3860508,0,0.0,True,0.002096010151667378,0.004419785771354021
ViTscratch,200,52,0.49002582,0,0.0,True,0.005776564737748294,0.0011562556552193622
ViTscratch,200,52,0.46836573,0,0.0,True,-0.0046833153478000955,0.003989704770775334
ViTscratch,200,52,0.15215902,0,0.0,True,0.005365603522593041,0.0003113570076964259
ViTscratch,200,52,0.9979842,1,1.0,True,0.0007933766228869618,0.011191920568504201
ViTscratch,200,52,0.9827639,1,1.0,True,0.021233984416709074,0.01808573233204066
ViTscratch,200,52,0.5652165,1,0.0,False,0.00396590748637339,0.003069194135911785
ViTscratch,200,52,0.9186592,1,1.0,True,0.011547258657597365,0.011426435173280666
ViTscratch,200,52,0.1939802,0,0.0,True,-0.0019447735294347637,-0.0013977027102446587
ViTscratch,200,52,0.21041755,0,0.0,True,-0.0006041517368996106,-5.166226750416221e-05
ViTscratch,200,52,0.99891996,1,1.0,True,0.005829236188933687,0.010907040335744867
ViTscratch,200,52,0.20576616,0,0.0,True,0.005627688592841236,0.0037779083752013257
ViTscratch,200,52,0.9999945,1,1.0,True,0.016668053518249328,0.014797656753341762
ViTscratch,200,52,0.36697397,0,0.0,True,-0.005208593685692147,-0.0013447090102416772
ViTscratch,200,52,0.9999864,1,1.0,True,0.021081959101438872,0.02312663896593033
ViTscratch,200,52,0.99967504,1,1.0,True,0.006377045081433211,0.01274101619658599
ViTscratch,200,52,0.9999769,1,1.0,True,0.014811613870243087,0.014648173917383158
ViTscratch,200,52,0.9993814,1,1.0,True,0.009819120974735144,0.012188669071377136
ViTscratch,200,52,0.99979955,1,1.0,True,0.011566399904266505,0.013202548314250316
ViTscratch,200,52,0.999936,1,1.0,True,0.021085722298342813,0.020360985013353327
ViTscratch,200,52,0.18809593,0,0.0,True,-0.0033906582916426184,-0.0011571912896888694
ViTscratch,200,52,0.4613743,0,0.0,True,-0.004225061908924367,0.0009029278739407008
ViTscratch,200,52,0.99596727,1,1.0,True,0.016875879106034754,0.013919100944478924
ViTscratch,200,52,0.99997175,1,1.0,True,0.03066677842310033,0.021038461540481387
ViTscratch,200,52,0.49959263,0,0.0,True,0.003983882113226531,0.0022284227924908805
ViTscratch,200,52,0.18314849,0,0.0,True,-0.012002731793966532,-0.006448056878584956
ViTscratch,200,52,0.9976018,1,1.0,True,0.016223526339383,0.018456920386463953
ViTscratch,200,52,0.99975795,1,1.0,True,0.019396807453643937,0.019076191812979593
ViTscratch,200,52,0.9992036,1,1.0,True,0.008382063243442915,0.015535161089240846
ViTscratch,200,52,0.9991536,1,1.0,True,0.010511416981213745,0.013130791832053046
ViTscratch,200,52,0.9986236,1,1.0,True,-0.0004196931018135736,0.010512808143702696
ViTscratch,200,52,0.9961515,1,1.0,True,0.015526321913878956,0.018108567208758777
ViTscratch,200,52,0.3214913,0,0.0,True,0.002200087945582888,0.003163475662973269
ViTscratch,200,52,0.999933,1,1.0,True,0.02886443595801099,0.02203255721748726
ViTscratch,200,52,0.32659197,0,0.0,True,-0.0019623585425130896,-0.0043604861349614
ViTscratch,200,52,0.9636252,1,1.0,True,0.017278449412697332,0.012738926375724775
ViTscratch,200,52,0.9998983,1,1.0,True,0.014650491890465193,0.01201623239575925
ViTscratch,200,52,0.9997453,1,1.0,True,0.014805475601547205,0.014235582618122192
ViTscratch,200,52,0.99998844,1,1.0,True,0.020604683608084092,0.019954435747588446
ViTscratch,200,52,0.20455733,0,0.0,True,0.0033623407310140194,0.003949430302781168
ViTscratch,200,52,0.15648277,0,0.0,True,0.0023486683194218778,-0.0004903142185240831
ViTscratch,200,52,0.12641954,0,0.0,True,0.004261512190347482,-0.001321138569072978
ViTscratch,200,52,0.95430475,1,0.0,False,0.013336715525079921,0.0031097119439799973
ViTscratch,200,52,0.9988116,1,1.0,True,0.01299983074199961,0.006930182866943377
ViTscratch,200,52,0.41061306,0,0.0,True,0.004291799266313091,0.0033479567252123993
ViTscratch,200,52,0.33627287,0,0.0,True,0.0011076942173482078,0.0002572720282267745
ViTscratch,200,52,0.20288546,0,0.0,True,-0.00468814598449471,-0.0032892085727236385
ViTscratch,200,52,0.17275548,0,0.0,True,-0.008946317969757093,-0.007934175335040167
ViTscratch,200,52,0.9984926,1,1.0,True,0.0034885879007332792,0.012846185384596361
ViTscratch,200,52,0.9996214,1,1.0,True,0.005892448704689115,0.010014625258963294
ViTscratch,200,52,0.5496139,1,0.0,False,0.002851713603596899,0.005453558920854279
ViTscratch,200,52,0.87754416,1,0.0,False,0.004382045129371535,0.0035636359369167264
ViTscratch,200,52,0.9992749,1,1.0,True,0.006762395533577747,0.00662875479113946
ViTscratch,200,52,0.28755456,0,0.0,True,-0.005850090529982662,-0.007401100246855329
ViTscratch,200,52,0.9999759,1,1.0,True,0.014104466877489622,0.015548742482655357
ViTscratch,200,52,0.99997437,1,1.0,True,0.0075044766118642775,0.01583760427732394
ViTscratch,200,52,0.999895,1,1.0,True,0.010767443137686778,0.016383563437891525
ViTscratch,200,52,0.3066968,0,0.0,True,-0.002531491820573465,-0.0026135728254896144
ViTscratch,200,52,0.43345213,0,0.0,True,-0.010201005025125626,-0.004987405541561713
ViTscratch,200,52,0.99992776,1,1.0,True,0.011155743899112835,0.013224932688694643
ViTscratch,200,52,0.31882277,0,0.0,True,-0.0007072307552345705,-7.917320016361234e-05
ViTscratch,200,52,0.43640906,0,0.0,True,0.0014168817697206956,-0.0012012972264004874
ViTscratch,200,52,0.99478686,1,1.0,True,0.02612914572971894,0.025009893743408094
ViTscratch,200,52,0.99991214,1,1.0,True,0.0051079978073408465,0.01219956499493045
ViTscratch,200,52,0.15173604,0,0.0,True,0.0023453155676557897,0.0031592452701845156
ViTscratch,200,52,0.99401546,1,1.0,True,0.023157269223849676,0.018561219060197937
ViTscratch,200,52,0.27856126,0,0.0,True,-0.0005505507112722169,-0.0005822503415774871
ViTscratch,200,52,0.99995387,1,1.0,True,0.019966693589121474,0.015712813415326737
ViTscratch,200,52,0.99999046,1,1.0,True,0.016170350536989946,0.017971618586163425
ViTscratch,200,52,0.9999435,1,1.0,True,0.01911918596889671,0.02215426595051871
ViTscratch,200,52,0.31882676,0,0.0,True,0.000474206127564168,-0.0008881207987602829
ViTscratch,200,52,0.22819269,0,0.0,True,2.5802505756115588e-05,-0.003446711939572294
ViTscratch,200,52,0.99999595,1,1.0,True,0.027444164051822834,0.025940842630734148
ViTscratch,200,52,0.29942364,0,0.0,True,-0.008570940230035453,-0.005115471853429683
ViTscratch,200,52,0.99999547,1,1.0,True,0.017130772581584935,0.01445233370725083
ViTscratch,200,52,0.085270576,0,0.0,True,-0.0095314313679843,-0.0048693871624118056
ViTscratch,200,52,0.9997111,1,1.0,True,0.013441070330330408,0.016523863072600092
ViTscratch,200,52,0.99996066,1,1.0,True,0.0070543094677852644,0.015009545424894369
ViTscratch,200,52,0.9993032,1,1.0,True,0.003925156036554583,0.0030793323046632995
ViTscratch,200,52,0.3379886,0,0.0,True,0.0030641166033450913,-0.00030195531034810357
ViTscratch,200,52,0.17365313,0,0.0,True,0.0027633754369050254,0.001359875127247497
ViTscratch,200,52,0.99974054,1,1.0,True,0.01646986715336633,0.012102554244816034
ViTscratch,200,52,0.9967332,1,1.0,True,0.007485120399470288,0.010300191775266412
ViTscratch,200,52,0.99829096,1,1.0,True,0.020993034596730933,0.017898461677990633
ViTscratch,200,52,0.27269202,0,0.0,True,-0.002404869942560609,-0.0023324140916053467
ViTscratch,200,52,0.99996996,1,1.0,True,0.016109466255968593,0.017537038441187966
ViTscratch,200,52,0.4381638,0,0.0,True,-0.0022158441789688174,0.004435994001894838
ViTscratch,200,52,0.16986395,0,0.0,True,-0.0015452466634584838,0.001981144976428425
ViTscratch,200,52,0.9954027,1,1.0,True,0.00517355807987,0.0038019321873034224
ViTscratch,200,52,0.99821943,1,1.0,True,0.014410664759213737,0.013890164750018773
ViTscratch,200,52,0.8055355,1,0.0,False,0.004939605163299841,0.0029114457496051955
ViTscratch,200,52,0.9857238,1,1.0,True,0.012666952694086431,0.01098831408926879
ViTscratch,200,52,0.99957293,1,1.0,True,0.01737678278439898,0.009206481771318479
ViTscratch,200,52,0.31425306,0,0.0,True,0.0009583647168001495,-0.0014082331771575445
ViTscratch,200,52,0.99991167,1,1.0,True,0.0035473496380086637,0.007792444129562839
ViTscratch,200,52,0.22788066,0,0.0,True,0.0001691154194879436,0.002182833570950918
ViTscratch,200,52,0.9999924,1,1.0,True,0.022892848043183065,0.01647256518754537
ViTscratch,200,53,0.25339073,0,0.0,True,-0.007055410117565296,-0.0037994070056374804
ViTscratch,200,53,0.28654203,0,0.0,True,-0.002110754910581098,-0.002267044392951623
ViTscratch,200,53,0.9987105,1,1.0,True,0.026223983685507667,0.023166844276817162
ViTscratch,200,53,0.9999846,1,1.0,True,0.011075842425815819,0.00907481473033751
ViTscratch,200,53,0.9970559,1,1.0,True,0.0221003737065056,0.011297490583538981
ViTscratch,200,53,0.7212065,1,0.0,False,-0.002766250727857452,-0.0003004820682901255
ViTscratch,200,53,0.9998857,1,1.0,True,0.013163116189062471,0.010701342072295447
ViTscratch,200,53,0.9981377,1,1.0,True,0.013917602084106704,0.011573982560007369
ViTscratch,200,53,0.99987495,1,1.0,True,0.018134964917533764,0.011000848785640798
ViTscratch,200,53,0.99956256,1,1.0,True,0.017185439295957665,0.014659805591795645
ViTscratch,200,53,0.2705658,0,0.0,True,0.0035882856911241155,0.0010302780129712733
ViTscratch,200,53,0.13729715,0,0.0,True,-0.004379544930706082,-0.0029892814009669097
ViTscratch,200,53,0.380597,0,0.0,True,0.004900965691507142,-0.0027427063266240942
ViTscratch,200,53,0.56084967,1,0.0,False,0.0021069519549705516,0.0014579680669176626
ViTscratch,200,53,0.16992466,0,0.0,True,-0.0007761367656306338,0.002875772672722192
ViTscratch,200,53,0.9985959,1,1.0,True,0.00934464216464524,0.013625379407831074
ViTscratch,200,53,0.13970031,0,0.0,True,-0.0052818685943594144,-0.002726135000605026
ViTscratch,200,53,0.2397798,0,0.0,True,-0.0054529709772062765,0.0031263486401386298
ViTscratch,200,53,0.4388463,0,0.0,True,0.0035664648715404406,0.002392054244077184
ViTscratch,200,53,0.9999825,1,1.0,True,0.007202304660521559,0.008752578347530173
ViTscratch,200,53,0.26850346,0,0.0,True,0.009117187728704217,0.005311026982231498
ViTscratch,200,53,0.12019405,0,0.0,True,-0.006154521938405108,-0.002670152649659722
ViTscratch,200,53,0.19876568,0,0.0,True,0.00060263634574589,-0.0015153201305984744
ViTscratch,200,53,0.10948345,0,0.0,True,-0.0007548091731820061,-0.002668943777970042
ViTscratch,200,53,0.4306311,0,0.0,True,-0.0006550127803082293,-0.0005559124598693672
ViTscratch,200,53,0.42126945,0,0.0,True,0.010853851344557533,0.00350072901844104
ViTscratch,200,53,0.9926178,1,1.0,True,0.010752745780535726,0.012467623934187579
ViTscratch,200,53,0.3019898,0,0.0,True,0.0034248513347914272,0.002216152083583064
ViTscratch,200,53,0.9923308,1,1.0,True,0.017474732025234863,0.009656582949803563
ViTscratch,200,53,0.31631362,0,0.0,True,-0.011007096749805398,-0.00778541546093479
ViTscratch,200,53,0.9997687,1,1.0,True,0.011306119597395288,0.011359390866338206
ViTscratch,200,53,0.42044798,0,0.0,True,-0.002168354636431923,0.0016542105895591016
ViTscratch,200,53,0.592911,1,0.0,False,0.005498792028767245,0.003143723282724675
ViTscratch,200,53,0.99999285,1,1.0,True,0.020678794800117348,0.02263073772076215
ViTscratch,200,53,0.5739912,1,0.0,False,0.0006512992998179831,0.00035331951675720836
ViTscratch,200,53,0.99999666,1,1.0,True,0.02018641688161152,0.020440863120990044
ViTscratch,200,53,0.18187445,0,0.0,True,0.0008099771921524237,0.0030046027192821554
ViTscratch,200,53,0.5357909,1,0.0,False,-0.006289525145415136,-0.002680969480166308
ViTscratch,200,53,0.19800672,0,0.0,True,-0.0007060614843806354,-0.002823294903936598
ViTscratch,200,53,0.99998593,1,1.0,True,0.01535257368201848,0.02315207092737044
ViTscratch,200,53,0.18457839,0,0.0,True,0.0007949493488389144,-0.00023589676978658043
ViTscratch,200,53,0.9999256,1,1.0,True,0.016234761723262336,0.012948728669673348
ViTscratch,200,53,0.19124834,0,0.0,True,0.0005975971272585202,-0.0017127821611829504
ViTscratch,200,53,0.9981982,1,1.0,True,0.013617251730161836,0.009747124827616489
ViTscratch,200,53,0.96466684,1,1.0,True,0.013596313653812125,0.014513699585400384
ViTscratch,200,53,0.45389467,0,0.0,True,0.0027652366795429158,0.005388424784008938
ViTscratch,200,53,0.5589063,1,0.0,False,0.00512465359601631,0.0054152761865169
ViTscratch,200,53,0.9997577,1,1.0,True,0.01629835127375068,0.010448249021671204
ViTscratch,200,53,0.2409734,0,0.0,True,-0.0027285323490318547,-0.0008973486612535319
ViTscratch,200,53,0.37930036,0,0.0,True,-0.003981913681141799,-0.0015480562217413502
ViTscratch,200,53,0.99997544,1,1.0,True,0.018138678963719526,0.013978969937597969
ViTscratch,200,53,0.24896333,0,0.0,True,-0.0010732622379032246,0.003310422454869404
ViTscratch,200,53,0.34638333,0,0.0,True,8.970705590479314e-05,0.0002405207287831715
ViTscratch,200,53,0.99428815,1,1.0,True,0.012352907690884386,0.010345116045612909
ViTscratch,200,53,0.24425176,0,0.0,True,-0.006605370462376268,0.0012125761520327806
ViTscratch,200,53,0.20749973,0,0.0,True,0.0030165654716700313,0.00111595253523173
ViTscratch,200,53,0.24212615,0,0.0,True,0.002247935842942539,-0.0017266360498335235
ViTscratch,200,53,0.9978921,1,1.0,True,0.014494477164043848,0.015899872578887256
ViTscratch,200,53,0.99752766,1,1.0,True,0.018317404934947705,0.015633215224893103
ViTscratch,200,53,0.99887305,1,1.0,True,0.007184282788918244,0.003978476299384054
ViTscratch,200,53,0.3337887,0,0.0,True,0.0012475262035005694,0.0010497599306089414
ViTscratch,200,53,0.9999876,1,1.0,True,0.022230629179575738,0.022333669226243254
ViTscratch,200,53,0.3168442,0,0.0,True,-0.003772543013194582,-0.0014390914889451482
ViTscratch,200,53,0.16900262,0,0.0,True,-0.003027598049004853,-0.003361491166790651
ViTscratch,200,53,0.13690569,0,0.0,True,0.00044043750993188433,-0.00041458050974456395
ViTscratch,200,53,0.9999596,1,1.0,True,0.013754931761880067,0.016206514647573476
ViTscratch,200,53,0.13774362,0,0.0,True,0.0028640039661731744,-3.563477851766058e-07
ViTscratch,200,53,0.47164372,0,0.0,True,0.003106231606806026,-0.0006403660535668011
ViTscratch,200,53,0.22411475,0,0.0,True,0.003968203811063659,5.113914702333604e-05
ViTscratch,200,53,0.99994636,1,1.0,True,0.014363747932564754,0.013322239024888403
ViTscratch,200,53,0.9999324,1,1.0,True,0.021942226282672065,0.01859539168592248
ViTscratch,200,53,0.9999908,1,1.0,True,0.012157031644633788,0.015366398488467218
ViTscratch,200,53,0.999992,1,1.0,True,0.020638014245484008,0.015097971293506705
ViTscratch,200,53,0.9999907,1,1.0,True,0.02401400145797678,0.02314254609067233
ViTscratch,200,53,0.916723,1,1.0,True,0.006845102133375401,0.008775712487436449
ViTscratch,200,53,0.9038702,1,1.0,True,0.010350407349837755,0.01186206533927507
ViTscratch,200,53,0.40523282,0,0.0,True,4.849534622018363e-05,0.006346033521162097
ViTscratch,200,53,0.99900204,1,1.0,True,0.002516633204071048,0.012796697743225111
ViTscratch,200,53,0.99994826,1,1.0,True,0.015547805748231022,0.014831202422195705
ViTscratch,200,53,0.82079124,1,0.0,False,0.00406249716240287,0.00019594764035635358
ViTscratch,200,53,0.99992096,1,1.0,True,0.010345667448373851,0.010297155988859082
ViTscratch,200,53,0.21552296,0,0.0,True,0.0009376046556038134,-0.0021837607140506037
ViTscratch,200,53,0.53316253,1,0.0,False,0.011323926692836475,0.008027476487867082
ViTscratch,200,53,0.20798396,0,0.0,True,0.0029992052383013123,0.0015659564400016077
ViTscratch,200,53,0.9999311,1,1.0,True,0.023951821304094036,0.01864476486341349
ViTscratch,200,53,0.9995183,1,1.0,True,0.016923705386791263,0.02210370468760069
ViTscratch,200,53,0.9999919,1,1.0,True,0.021862487756361765,0.013122219022929897
ViTscratch,200,53,0.2669302,0,0.0,True,0.0011982044293215085,-0.0009653816450709684
ViTscratch,200,53,0.99970055,1,1.0,True,0.019091345038443633,0.01899428807263046
ViTscratch,200,53,0.16542934,0,0.0,True,-0.006394276865187362,-0.004599276141379518
ViTscratch,200,53,0.9956327,1,1.0,True,0.010925566289059493,0.012489420323263726
ViTscratch,200,53,0.17683075,0,0.0,True,-0.0007263284370415908,0.004387188637410371
ViTscratch,200,53,0.99986136,1,1.0,True,0.0023798939559217906,0.002708248016169146
ViTscratch,200,53,0.24107036,0,0.0,True,-0.0038899157128142532,-0.0033904212024939854
ViTscratch,200,53,0.22861607,0,0.0,True,0.00026984082401712567,0.002437038440633664
ViTscratch,200,53,0.1819296,0,0.0,True,-0.0003520320865299848,0.001158506512781187
ViTscratch,200,53,0.12033245,0,0.0,True,-0.007348094543353457,-0.004141250816101214
ViTscratch,200,53,0.34870487,0,0.0,True,0.008384904609862345,0.009790725396129116
ViTscratch,200,53,0.9987161,1,1.0,True,0.011503671288556741,0.014785942826145091
ViTscratch,200,53,0.9999739,1,1.0,True,0.011990122862534336,0.014539004780367598
ViTscratch,200,54,0.9999429,1,1.0,True,0.015656487230174064,0.01647840950056681
ViTscratch,200,54,0.9993679,1,1.0,True,0.011867752662728255,0.011221733688947301
ViTscratch,200,54,0.14087823,0,0.0,True,-0.0012118090812366644,-0.0022724808224839944
ViTscratch,200,54,0.24073213,0,0.0,True,-0.0029834802185030517,-0.0013302153106915853
ViTscratch,200,54,0.99914134,1,1.0,True,0.01958791141778659,0.02210371931800858
ViTscratch,200,54,0.19295914,0,0.0,True,-0.0010192627076515077,-0.005028953167643249
ViTscratch,200,54,0.9999894,1,1.0,True,0.015376935463695934,0.021262979875243407
ViTscratch,200,54,0.99999166,1,1.0,True,0.017436749618845754,0.015969198096252087
ViTscratch,200,54,0.99999404,1,1.0,True,0.01618143495872702,0.010633728562838042
ViTscratch,200,54,0.18523784,0,0.0,True,0.005202552483858135,-0.0007571602854969058
ViTscratch,200,54,0.20215029,0,0.0,True,-0.0017651120068765426,0.0021652167976801313
ViTscratch,200,54,0.23616976,0,0.0,True,0.0027260594748492397,0.0037182961290554116
ViTscratch,200,54,0.99945503,1,1.0,True,0.016562777807490877,0.01512265075432148
ViTscratch,200,54,0.5317332,1,0.0,False,0.007100734001623152,0.005657295985966795
ViTscratch,200,54,0.9999603,1,1.0,True,0.016272598645944318,0.020015383968937213
ViTscratch,200,54,0.5630698,1,0.0,False,0.004781648004523962,0.008546729487218432
ViTscratch,200,54,0.9999157,1,1.0,True,-0.005816323462749008,0.007820585117068575
ViTscratch,200,54,0.21226093,0,0.0,True,0.0010533751972811995,-0.0014124937473193521
ViTscratch,200,54,0.26969695,0,0.0,True,-0.003738166644033297,0.0005168627839818191
ViTscratch,200,54,0.99960643,1,1.0,True,0.011487339576311793,0.016857579544950846
ViTscratch,200,54,0.43524083,0,0.0,True,0.003304344188245587,0.004269669111845051
ViTscratch,200,54,0.9977977,1,1.0,True,0.010977278620795474,0.011103601483981358
ViTscratch,200,54,0.99983084,1,1.0,True,0.02114234606167002,0.01641613912772272
ViTscratch,200,54,0.99982136,1,1.0,True,0.011981533609837338,0.01259381514132793
ViTscratch,200,54,0.99991775,1,1.0,True,0.014672526086122144,0.022417567062753104
ViTscratch,200,54,0.99994564,1,1.0,True,0.012150403901405881,0.012005286873165396
ViTscratch,200,54,0.27175546,0,0.0,True,-0.004535411069989609,-0.00277846854155528
ViTscratch,200,54,0.99997437,1,1.0,True,0.03132675522769017,0.024777118190385975
ViTscratch,200,54,0.32901058,0,0.0,True,-0.002243328391774307,0.000521810531974519
ViTscratch,200,54,0.23385346,0,0.0,True,-0.010154937101015121,-0.0027918311931766525
ViTscratch,200,54,0.99708575,1,1.0,True,0.011693526994952927,0.014744075015908934
ViTscratch,200,54,0.40689927,0,0.0,True,0.0034017806326716313,0.0034609699608713533
ViTscratch,200,54,0.9913118,1,1.0,True,0.012737537201339732,0.011710661031054968
ViTscratch,200,54,0.09344166,0,0.0,True,-0.006548517743654083,-0.003945560339427136
ViTscratch,200,54,0.9999629,1,1.0,True,0.014822997886050623,0.014608852059902042
ViTscratch,200,54,0.18991262,0,0.0,True,0.0006874148354841709,-0.004528389244915022
ViTscratch,200,54,0.99982136,1,1.0,True,0.013606801062861124,0.014447572518736443
ViTscratch,200,54,0.9999975,1,1.0,True,0.017052523210346317,0.011725373263921217
ViTscratch,200,54,0.999987,1,1.0,True,0.01754407056494752,0.011672551457841702
ViTscratch,200,54,0.9989858,1,1.0,True,0.013959331462049794,0.009336327835140315
ViTscratch,200,54,0.15022963,0,0.0,True,-0.0019177509281022016,0.00011794312697936386
ViTscratch,200,54,0.48242247,0,0.0,True,0.008740676729726848,0.007050214796362966
ViTscratch,200,54,0.26727158,0,0.0,True,-0.006939543804445228,-0.004004324369687398
ViTscratch,200,54,0.21783744,0,0.0,True,-0.000714325775742138,0.005279712726999059
ViTscratch,200,54,0.23368293,0,0.0,True,0.005969844957125224,0.0013262527645059624
ViTscratch,200,54,0.9999895,1,1.0,True,0.01579847829294975,0.018478428447601475
ViTscratch,200,54,0.9999969,1,1.0,True,0.014224842347142063,0.01660170550706223
ViTscratch,200,54,0.2760711,0,0.0,True,0.001291545597181526,0.00010858930912030485
ViTscratch,200,54,0.999954,1,1.0,True,0.015466170269581728,0.020092442776754937
ViTscratch,200,54,0.9999684,1,1.0,True,0.00897227742186614,0.00821362480920404
ViTscratch,200,54,0.99790287,1,1.0,True,0.011789291616029155,0.01235754252265716
ViTscratch,200,54,0.14388734,0,0.0,True,-0.005735243131721306,-0.0034325623855215215
ViTscratch,200,54,0.9999633,1,1.0,True,0.02103610758653422,0.0187737798527055
ViTscratch,200,54,0.99997795,1,1.0,True,0.0221029279367367,0.01984289388915851
ViTscratch,200,54,0.9997594,1,1.0,True,0.010856722673160152,0.01029689466446942
ViTscratch,200,54,0.3894775,0,0.0,True,-0.0020602569190933543,-0.00294706643652433
ViTscratch,200,54,0.18433522,0,0.0,True,-0.00032212604579976947,0.0010376055056391638
ViTscratch,200,54,0.19193418,0,0.0,True,-0.004156574942395759,0.002305571103282817
ViTscratch,200,54,0.99799687,1,1.0,True,0.013263940689386291,0.01576731572960525
ViTscratch,200,54,0.10359624,0,0.0,True,-0.00447526485192153,-0.006224545902884694
ViTscratch,200,54,0.16324292,0,0.0,True,0.0051543846446673825,0.0007578863643291855
ViTscratch,200,54,0.9999795,1,1.0,True,0.024536340084551113,0.023306932010401276
ViTscratch,200,54,0.9999585,1,1.0,True,0.03004809859328254,0.02660732706592527
ViTscratch,200,54,0.9998909,1,1.0,True,0.01871139081534448,0.016789798624941395
ViTscratch,200,54,0.99990845,1,1.0,True,0.012937092482502131,0.009261164942125146
ViTscratch,200,54,0.15542267,0,0.0,True,-0.0008205960441102065,-0.002384239659171102
ViTscratch,200,54,0.33847925,0,0.0,True,0.005744843926449016,0.005336217679508319
ViTscratch,200,54,0.27707693,0,0.0,True,0.004793748629593487,0.004302183567114027
ViTscratch,200,54,0.98747385,1,1.0,True,0.016870199115684555,0.01663298632594388
ViTscratch,200,54,0.99735045,1,1.0,True,0.015549987963722884,0.012454972631533473
ViTscratch,200,54,0.99998987,1,1.0,True,0.0240349083748786,0.01935573073271512
ViTscratch,200,54,0.99996173,1,1.0,True,0.01494406708637098,0.015060894157290427
ViTscratch,200,54,0.17878616,0,0.0,True,-0.004622070247231051,-0.002468508815620672
ViTscratch,200,54,0.15381157,0,0.0,True,-2.1738559517243522e-05,-0.005007864804845885
ViTscratch,200,54,0.17662081,0,0.0,True,0.0021988447184654895,0.0013968956049809358
ViTscratch,200,54,0.39909324,0,0.0,True,0.005588819569248732,0.004569965866596225
ViTscratch,200,54,0.26318717,0,0.0,True,0.0012910432389721962,0.0009695429901970909
ViTscratch,200,54,0.27430826,0,0.0,True,0.0014887353969257457,-0.0005445413951291665
ViTscratch,200,54,0.21260665,0,0.0,True,0.011337013822848565,0.005771331966132122
ViTscratch,200,54,0.6172414,1,0.0,False,0.005879226164836012,0.0046849772151151756
ViTscratch,200,54,0.9999759,1,1.0,True,0.008639982898895617,0.010978455677578134
ViTscratch,200,54,0.24856089,0,0.0,True,-0.012142862604148418,-0.004940465165878988
ViTscratch,200,54,0.9996444,1,1.0,True,0.009190072799808881,0.007652756651384318
ViTscratch,200,54,0.9999924,1,1.0,True,0.019355099004439345,0.01737375506237326
ViTscratch,200,54,0.99924624,1,1.0,True,0.01911212016007299,0.021272732402517494
ViTscratch,200,54,0.9999888,1,1.0,True,0.01707509084090188,0.02079805573922778
ViTscratch,200,54,0.40952432,0,0.0,True,0.004521768597583626,0.00035197128078249146
ViTscratch,200,54,0.99893445,1,1.0,True,0.005271246508900105,0.00695300668283323
ViTscratch,200,54,0.17458041,0,0.0,True,-0.003171782477100875,-0.0015154144584978437
ViTscratch,200,54,0.28688005,0,0.0,True,0.0028565984060896677,-5.8812185977538584e-05
ViTscratch,200,54,0.9999565,1,1.0,True,0.014269239175753618,0.012542658442197388
ViTscratch,200,54,0.18492156,0,0.0,True,0.00011473586773440114,-6.0620264749529475e-05
ViTscratch,200,54,0.6505046,1,0.0,False,0.0065755319250338385,0.0028665335047252504
ViTscratch,200,54,0.22361843,0,0.0,True,0.0013065263788746167,-7.535042961396573e-05
ViTscratch,200,54,0.9999523,1,1.0,True,0.017053450042441888,0.018614560642198394
ViTscratch,200,54,0.9999958,1,1.0,True,0.03237084504868008,0.022125646738192253
ViTscratch,200,54,0.18251356,0,0.0,True,-0.002364275270844078,-0.0035539555006856485
ViTscratch,200,54,0.948158,1,1.0,True,0.010801520709227713,0.009923479627762483
ViTscratch,200,54,0.9999912,1,1.0,True,0.02418821862299054,0.021659228117526293
ViTscratch,200,54,0.40624437,0,0.0,True,-0.00787450954965041,-0.0030779368803400473
ViTscratch,200,55,0.99999547,1,1.0,True,0.011974290679387045,0.020718656873672907
ViTscratch,200,55,0.9996878,1,1.0,True,0.011707896130033589,0.012416805867712816
ViTscratch,200,55,0.48765755,0,0.0,True,-0.008870623043077888,0.0033042399356447622
ViTscratch,200,55,0.9999974,1,1.0,True,0.015091775862800817,0.01684827431305911
ViTscratch,200,55,0.15445791,0,0.0,True,-0.00850537850296075,-0.005201025581230555
ViTscratch,200,55,0.99997056,1,1.0,True,0.024770475187049928,0.02007388310494254
ViTscratch,200,55,0.9999242,1,1.0,True,0.012547827536944734,0.013333119400895585
ViTscratch,200,55,0.22538951,0,0.0,True,0.006331688559797872,0.0042820551208988455
ViTscratch,200,55,0.12503338,0,0.0,True,-0.005517983166546849,-0.004448033249396241
ViTscratch,200,55,0.22585048,0,0.0,True,-0.005800724061289397,-0.00453000430526741
ViTscratch,200,55,0.99999714,1,1.0,True,0.028450755094125174,0.023229358458624675
ViTscratch,200,55,0.9999716,1,1.0,True,0.018794318168240523,0.0168514243448639
ViTscratch,200,55,0.11579078,0,0.0,True,-0.0029672399077145654,-0.004862797982910823
ViTscratch,200,55,0.19838543,0,0.0,True,-0.0008090059858384464,0.0013812044068023243
ViTscratch,200,55,0.98234934,1,1.0,True,0.02212783365199184,0.015226007033687063
ViTscratch,200,55,0.5367317,1,0.0,False,-0.005327765419813276,-0.0008577585338479762
ViTscratch,200,55,0.99999535,1,1.0,True,0.018843950301515134,0.014735279884128384
ViTscratch,200,55,0.2155707,0,0.0,True,-0.001470517300687914,-0.0021556437605496238
ViTscratch,200,55,0.9999964,1,1.0,True,0.014719071252075415,0.01806230130369647
ViTscratch,200,55,0.17299214,0,0.0,True,-0.005500313842612099,-0.0012521802183484965
ViTscratch,200,55,0.16902754,0,0.0,True,-6.794179106592984e-05,0.0017465377005364837
ViTscratch,200,55,0.99993813,1,1.0,True,0.009937700017424451,0.016284781550891213
ViTscratch,200,55,0.9999945,1,1.0,True,0.027628421911634112,0.024318868597203273
ViTscratch,200,55,0.11441168,0,0.0,True,0.0010513283012738997,-0.005724571444631162
ViTscratch,200,55,0.17085128,0,0.0,True,0.006113815147504037,0.00043679734844350056
ViTscratch,200,55,0.21835305,0,0.0,True,-0.004609700220420248,0.003541644051570145
ViTscratch,200,55,0.2498994,0,0.0,True,-0.008734206603849205,-0.004220105675615438
ViTscratch,200,55,0.99985385,1,1.0,True,0.013364442372329742,0.011029215799528518
ViTscratch,200,55,0.99980134,1,1.0,True,0.014343950236125584,0.01798559255281213
ViTscratch,200,55,0.13954751,0,0.0,True,0.0002502717111203552,-0.0018338874023078162
ViTscratch,200,55,0.121278375,0,0.0,True,-0.007387490239942718,-0.00035220923075649684
ViTscratch,200,55,0.99999523,1,1.0,True,0.0320467394723341,0.022002712650070835
ViTscratch,200,55,0.99858105,1,1.0,True,0.013530778493823307,0.01636247529564806
ViTscratch,200,55,0.8347235,1,0.0,False,0.005821564107295032,0.005609919466745356
ViTscratch,200,55,0.99997854,1,1.0,True,0.017930962837877595,0.016820493924324904
ViTscratch,200,55,0.99996257,1,1.0,True,0.015565711603388354,0.01482632713841113
ViTscratch,200,55,0.35190603,0,0.0,True,0.004139055619742409,-0.0006640397690262264
ViTscratch,200,55,0.99947613,1,1.0,True,0.01059405438270473,0.009513911408584074
ViTscratch,200,55,0.9994024,1,1.0,True,0.011960081511585962,0.012090761430729777
ViTscratch,200,55,0.3220333,0,0.0,True,0.0007317201754159083,0.00025164025622981907
ViTscratch,200,55,0.38006127,0,0.0,True,-0.003540549439681966,-0.0035462755504161603
ViTscratch,200,55,0.9999156,1,1.0,True,0.010495499073278475,0.013084268435564405
ViTscratch,200,55,0.9999932,1,1.0,True,0.022202989714887017,0.016982868987841036
ViTscratch,200,55,0.25202554,0,0.0,True,0.004891392486143883,0.003769066539513802
ViTscratch,200,55,0.99571747,1,1.0,True,0.01288363280574955,0.015256380012634333
ViTscratch,200,55,0.17744008,0,0.0,True,-0.002516159884193627,-0.0053919560404213475
ViTscratch,200,55,0.22504897,0,0.0,True,0.003969587770819041,7.531366444740008e-05
ViTscratch,200,55,0.19904141,0,0.0,True,0.004572934655274612,0.0033753952987385567
ViTscratch,200,55,0.18972023,0,0.0,True,0.004614155901122628,0.0022096998789438945
ViTscratch,200,55,0.9999145,1,1.0,True,0.023148693315086923,0.017547764804977373
ViTscratch,200,55,0.99994564,1,1.0,True,0.015519729357837988,0.015938771960032065
ViTscratch,200,55,0.2578809,0,0.0,True,-0.0024224250763606758,-0.0016039982353174378
ViTscratch,200,55,0.22982201,0,0.0,True,-0.0008669888223366467,0.0005642210606264365
ViTscratch,200,55,0.9997234,1,1.0,True,0.011275192363973651,0.015208387994788448
ViTscratch,200,55,0.99999607,1,1.0,True,0.022160284778120095,0.01823649893587138
ViTscratch,200,55,0.3791009,0,0.0,True,0.000385396790353674,0.001241854709723407
ViTscratch,200,55,0.9731801,1,1.0,True,0.023710669548442743,0.017851512705432473
ViTscratch,200,55,0.2601048,0,0.0,True,-0.0003621971114475565,0.0008708728327695597
ViTscratch,200,55,0.9999826,1,1.0,True,0.025425007623697163,0.01617487293499407
ViTscratch,200,55,0.99997735,1,1.0,True,0.02428528094257555,0.026937807081650954
ViTscratch,200,55,0.5170071,1,0.0,False,0.005963192656639905,0.006481556090637903
ViTscratch,200,55,0.99998534,1,1.0,True,0.02186846712679322,0.020425357511458606
ViTscratch,200,55,0.9961144,1,1.0,True,0.01395712783664969,0.009733133060088328
ViTscratch,200,55,0.43138218,0,0.0,True,0.0014994613846337278,-0.0026789965009327166
ViTscratch,200,55,0.32186443,0,0.0,True,0.0014206956165683266,-0.002380276182953505
ViTscratch,200,55,0.28122923,0,0.0,True,0.004295980283908824,0.002164176604980296
ViTscratch,200,55,0.9993327,1,1.0,True,0.013614800755353472,0.008408868169036415
ViTscratch,200,55,0.2711139,0,0.0,True,0.007022537031120332,0.0025575710028020917
ViTscratch,200,55,0.19151013,0,0.0,True,-2.9308479972550926e-05,-0.00332626250472268
ViTscratch,200,55,0.6633281,1,0.0,False,0.0031845171859163517,0.0012031705268915078
ViTscratch,200,55,0.9998622,1,1.0,True,0.0183923656020387,0.02392813149793241
ViTscratch,200,55,0.37897867,0,0.0,True,0.0008534583402026548,0.00025073623801843953
ViTscratch,200,55,0.9999864,1,1.0,True,0.018094668850013693,0.011430847337913195
ViTscratch,200,55,0.9984092,1,1.0,True,0.025125158592711982,0.018034424841817987
ViTscratch,200,55,0.41650546,0,0.0,True,0.00537365780155298,0.0023648924134922577
ViTscratch,200,55,0.99999166,1,1.0,True,0.022192372558846776,0.021774612790702173
ViTscratch,200,55,0.9999864,1,1.0,True,0.015504878453876542,0.020201905258802257
ViTscratch,200,55,0.9996594,1,1.0,True,0.009446032980171023,0.014859853540572279
ViTscratch,200,55,0.34441265,0,0.0,True,-0.0029749486578590327,-0.0032096631842324177
ViTscratch,200,55,0.99999666,1,1.0,True,0.02795337783314981,0.0226571874272333
ViTscratch,200,55,0.32660896,0,0.0,True,-0.0031672148500900485,-0.001034168170923655
ViTscratch,200,55,0.398653,0,0.0,True,-0.004361433204854994,-0.0003573752354183442
ViTscratch,200,55,0.9998178,1,1.0,True,0.011857599570187725,0.011831605566447644
ViTscratch,200,55,0.2757145,0,0.0,True,0.002117893461468212,-0.0009000157286163418
ViTscratch,200,55,0.99999344,1,1.0,True,0.02025658575486391,0.021815724329453366
ViTscratch,200,55,0.99994767,1,1.0,True,0.013657948032461153,0.016128415429167143
ViTscratch,200,55,0.14873107,0,0.0,True,-0.0008735821030887297,-0.007020439434126636
ViTscratch,200,55,0.3769015,0,0.0,True,-0.001334396498942453,-0.0026474209771249935
ViTscratch,200,55,0.9999312,1,1.0,True,0.014312856652287178,0.015833755554062266
ViTscratch,200,55,0.999992,1,1.0,True,0.024665479558458547,0.020136638973500102
ViTscratch,200,55,0.9999962,1,1.0,True,0.026386246226284747,0.022781056228788354
ViTscratch,200,55,0.99995565,1,1.0,True,0.02160036223421832,0.01682595227880157
ViTscratch,200,55,0.29348907,0,0.0,True,-0.004308747570874054,-0.003866883406857546
ViTscratch,200,55,0.74806845,1,0.0,False,-0.0012600277145276837,0.004353698764716198
ViTscratch,200,55,0.32734632,0,0.0,True,0.0005898689242732156,0.0011437962457857573
ViTscratch,200,55,0.9999949,1,1.0,True,0.026424304577011965,0.023293229817299282
ViTscratch,200,55,0.999703,1,1.0,True,0.014168880796117462,0.010198751122453591
ViTscratch,200,55,0.999729,1,1.0,True,0.016782881896857987,0.013801998959255926
ViTscratch,200,55,0.22109212,0,0.0,True,-0.0010487200236905807,0.000478521089565296
ViTscratch,200,55,0.39236665,0,0.0,True,0.0037684012057470026,0.0027453671978450523
ViTscratch,200,56,0.9937097,1,1.0,True,0.023840989457352142,0.018032193582712925
ViTscratch,200,56,0.22939645,0,0.0,True,0.0005680988472195203,-0.0017971387997251724
ViTscratch,200,56,0.9999465,1,1.0,True,0.020502442365788208,0.0160452822007285
ViTscratch,200,56,0.43654114,0,0.0,True,0.0044909335717793295,-5.7705237429213786e-05
ViTscratch,200,56,0.54611236,1,0.0,False,0.010903144142739022,0.0020641532998407104
ViTscratch,200,56,0.9999943,1,1.0,True,0.02572318546969165,0.016143176057058995
ViTscratch,200,56,0.25876456,0,0.0,True,-0.0071890748048535945,-0.004914710435752387
ViTscratch,200,56,0.2961493,0,0.0,True,-0.0020715711419159776,-1.214394537910169e-05
ViTscratch,200,56,0.19959629,0,0.0,True,-0.010068101644933897,-0.006947830051553275
ViTscratch,200,56,0.9999771,1,1.0,True,0.023295295316608934,0.021140867135993696
ViTscratch,200,56,0.999464,1,1.0,True,0.014005260760427983,0.01683836307096818
ViTscratch,200,56,0.30813885,0,0.0,True,-0.007137572505806536,-0.005366446367449935
ViTscratch,200,56,0.34514707,0,0.0,True,0.0020653183069692113,0.0008336063874585766
ViTscratch,200,56,0.40573293,0,0.0,True,0.004272454429414214,0.0002702857725306369
ViTscratch,200,56,0.45239308,0,0.0,True,0.004949038063706431,0.005790421418678472
ViTscratch,200,56,0.9999919,1,1.0,True,0.02279282949034947,0.027231916158442282
ViTscratch,200,56,0.2171964,0,0.0,True,-0.005717894599351805,-0.0008195125035985654
ViTscratch,200,56,0.1564971,0,0.0,True,-0.004459009420964103,-0.0012686997420069451
ViTscratch,200,56,0.9999896,1,1.0,True,0.01743060517242427,0.024428317034669595
ViTscratch,200,56,0.24039046,0,0.0,True,-0.004029633465791726,-0.0020782572858410245
ViTscratch,200,56,0.4653404,0,0.0,True,0.0040830458001980124,0.002605090253792127
ViTscratch,200,56,0.9997793,1,1.0,True,0.009456154939319538,0.015083081932594463
ViTscratch,200,56,0.17835128,0,0.0,True,-0.0013066334191058975,0.00015104252492812394
ViTscratch,200,56,0.21410196,0,0.0,True,2.8864515560090083e-05,-0.0005503087455698389
ViTscratch,200,56,0.13148211,0,0.0,True,0.0009001088319239566,0.0014567536256179059
ViTscratch,200,56,0.25361338,0,0.0,True,-0.0105655366164719,-0.0054043678460042295
ViTscratch,200,56,0.4766533,0,0.0,True,-0.00397492750761138,0.0019844250343657396
ViTscratch,200,56,0.9999968,1,1.0,True,0.011909497350676793,0.01269437515647092
ViTscratch,200,56,0.28467104,0,0.0,True,-0.0016837439752447807,-0.0015133741694531328
ViTscratch,200,56,0.36251947,0,0.0,True,-0.0031398110221934096,0.00342966404007244
ViTscratch,200,56,0.999997,1,1.0,True,0.010331564455407012,0.016708595113035643
ViTscratch,200,56,0.28151724,0,0.0,True,0.0014875928824791581,6.094646696988291e-06
ViTscratch,200,56,0.9999924,1,1.0,True,0.022060067286169056,0.026649540503415486
ViTscratch,200,56,0.09675654,0,0.0,True,-0.006686383134815638,-0.002370576492486121
ViTscratch,200,56,0.19180512,0,0.0,True,-0.006834211173879381,-0.004231798606554775
ViTscratch,200,56,0.99988616,1,1.0,True,0.01848926468595495,0.014430067634116972
ViTscratch,200,56,0.99912435,1,1.0,True,0.016683072063797755,0.02083055815716631
ViTscratch,200,56,0.22151771,0,0.0,True,0.002676090607623114,-0.0021771953286617565
ViTscratch,200,56,0.9979361,1,1.0,True,0.021538492399603863,0.0188741347848461
ViTscratch,200,56,0.9999975,1,1.0,True,0.023437529916808298,0.028058652824375002
ViTscratch,200,56,0.9999565,1,1.0,True,0.017669430201759227,0.016480810870833244
ViTscratch,200,56,0.23780757,0,0.0,True,-0.002464788549579864,-0.0015142444792542046
ViTscratch,200,56,0.9999869,1,1.0,True,0.01702359155536811,0.020365732664750818
ViTscratch,200,56,0.999987,1,1.0,True,0.023948226771308444,0.019476790346784543
ViTscratch,200,56,0.99995637,1,1.0,True,0.01970325046037851,0.02041598586501189
ViTscratch,200,56,0.16907205,0,0.0,True,-0.0030897140156463366,0.0031481031840812973
ViTscratch,200,56,0.30156693,0,0.0,True,0.0011535078781555793,0.0019625675384330166
ViTscratch,200,56,0.30973858,0,0.0,True,0.004457366869159071,-0.00011549050073739905
ViTscratch,200,56,0.34556207,0,0.0,True,-0.0013148082067017018,-0.0032020080486116305
ViTscratch,200,56,0.377257,0,0.0,True,-0.005998469533393352,-0.003567769231557459
ViTscratch,200,56,0.9998141,1,1.0,True,0.008588022015822256,0.01485941081279055
ViTscratch,200,56,0.9999869,1,1.0,True,0.017437280850269396,0.01458458187512317
ViTscratch,200,56,0.25447372,0,0.0,True,-0.004219075720013936,-0.003983995682614602
ViTscratch,200,56,0.30587098,0,0.0,True,-0.002787566338926803,0.0009859545059784692
ViTscratch,200,56,0.999951,1,1.0,True,0.02457125955458313,0.019924997826509954
ViTscratch,200,56,0.18546362,0,0.0,True,-0.0018616486610684268,-0.0065003590842406846
ViTscratch,200,56,0.99962366,1,1.0,True,0.022104374818770086,0.014050033251302165
ViTscratch,200,56,0.20852672,0,0.0,True,-0.003218769926876874,0.0007028782542176115
ViTscratch,200,56,0.21207449,0,0.0,True,0.006474688959271022,0.0018570012705290506
ViTscratch,200,56,0.21863183,0,0.0,True,0.005132483353667368,0.0011401529410065509
ViTscratch,200,56,0.33226225,0,0.0,True,-0.0016197296406840135,0.0022035112499435927
ViTscratch,200,56,0.9980596,1,1.0,True,0.010894648933357787,0.014900508274313589
ViTscratch,200,56,0.99963784,1,1.0,True,0.01304515462842026,0.014666402330982282
ViTscratch,200,56,0.9998702,1,1.0,True,0.007538045490139734,0.012772722136180184
ViTscratch,200,56,0.99991703,1,1.0,True,0.015014070646232131,0.01976175668134766
ViTscratch,200,56,0.40626335,0,0.0,True,0.008944723618090452,0.0033501259445843827
ViTscratch,200,56,0.99999714,1,1.0,True,0.018057357416697853,0.015813271117311293
ViTscratch,200,56,0.2669279,0,0.0,True,0.00257759999280435,-0.0011463996387995224
ViTscratch,200,56,0.19621818,0,0.0,True,-0.005921332789053068,-0.004572869622125979
ViTscratch,200,56,0.9999951,1,1.0,True,0.020149997175811226,0.022542845891992205
ViTscratch,200,56,0.3838835,0,0.0,True,0.003457294660318203,0.000545801095338858
ViTscratch,200,56,0.9999927,1,1.0,True,0.0312869023695852,0.024546858309263942
ViTscratch,200,56,0.4007105,0,0.0,True,0.0011045611583138852,-0.001080573942765332
ViTscratch,200,56,0.97810227,1,1.0,True,0.022463534081199305,0.02010150707263614
ViTscratch,200,56,0.15850571,0,0.0,True,-0.011895929541108949,-0.0014989184007977827
ViTscratch,200,56,0.99993944,1,1.0,True,0.009719580631192212,0.01917195831633424
ViTscratch,200,56,0.30516317,0,0.0,True,-0.003085139908557345,-0.0024864627757031107
ViTscratch,200,56,0.9999962,1,1.0,True,0.021248780510311545,0.02183321793359459
ViTscratch,200,56,0.24885172,0,0.0,True,0.0005984647956888905,-0.003152648797253663
ViTscratch,200,56,0.9985877,1,1.0,True,0.016318121520893864,0.020714056894246644
ViTscratch,200,56,0.2675898,0,0.0,True,-0.006064332848378958,-0.002149213155952185
ViTscratch,200,56,0.20217274,0,0.0,True,-0.004204948512666066,-0.004164252007974084
ViTscratch,200,56,0.99993896,1,1.0,True,0.021053711129532506,0.019267888625096836
ViTscratch,200,56,0.99998426,1,1.0,True,0.030588787978254175,0.014997093567915702
ViTscratch,200,56,0.37247396,0,0.0,True,-0.002277261225361817,0.0012679847580561014
ViTscratch,200,56,0.39420307,0,0.0,True,-0.004871843968326529,-0.002563732443780341
ViTscratch,200,56,0.34886605,0,0.0,True,0.005070316746052681,0.004025236621783444
ViTscratch,200,56,0.9999819,1,1.0,True,0.02695858556467206,0.02304313328137298
ViTscratch,200,56,0.16087234,0,0.0,True,0.0029353081117296444,-0.0025014696215523977
ViTscratch,200,56,0.9999882,1,1.0,True,0.027331652134248888,0.024038217163050275
ViTscratch,200,56,0.10922734,0,0.0,True,0.0030306670516122374,-0.00023710563826688
ViTscratch,200,56,0.99993396,1,1.0,True,0.00833199682678705,0.01396344285947623
ViTscratch,200,56,0.3873246,0,0.0,True,-0.0014581028364832457,-0.00357776723258827
ViTscratch,200,56,0.9999763,1,1.0,True,0.025938207677701757,0.018826665333643217
ViTscratch,200,56,0.29827407,0,0.0,True,0.002411773772305228,0.0011080175873337352
ViTscratch,200,56,0.10572613,0,0.0,True,-0.0069324312470916884,-0.00813208210206142
ViTscratch,200,56,0.9997917,1,1.0,True,0.010051319889443043,0.013679903660492756
ViTscratch,200,56,0.15942477,0,0.0,True,-0.0004561900017465508,0.0007519347266096888
ViTscratch,200,56,0.99992085,1,1.0,True,0.00559216893099145,0.006200345934624343
ViTscratch,200,56,0.2948363,0,0.0,True,0.006491199805483838,0.0005127373673151704
ViTscratch,200,57,0.9999598,1,1.0,True,0.018157994244750893,0.016570664482394856
ViTscratch,200,57,0.16973436,0,0.0,True,-0.0012522812421159695,-0.004757064496779019
ViTscratch,200,57,0.9999974,1,1.0,True,0.019501594015024326,0.020387867873563184
ViTscratch,200,57,0.9999132,1,1.0,True,0.02119221330284502,0.01437090973003817
ViTscratch,200,57,0.99999475,1,1.0,True,0.02441673594781396,0.02525988440041169
ViTscratch,200,57,0.99999464,1,1.0,True,0.011950366345561576,0.01803557446044255
ViTscratch,200,57,0.42765075,0,0.0,True,0.005742707048944479,0.004277269420261958
ViTscratch,200,57,0.99998975,1,1.0,True,0.009547738738674367,0.013753194016600856
ViTscratch,200,57,0.9995952,1,1.0,True,0.004108089851577359,0.015488342980252664
ViTscratch,200,57,0.9999734,1,1.0,True,0.016152668948812014,0.018183728403193076
ViTscratch,200,57,0.7207648,1,0.0,False,0.008702808307269242,0.00721557662764887
ViTscratch,200,57,0.35747066,0,0.0,True,-0.011614672371235325,0.0019078081022735503
ViTscratch,200,57,0.9999951,1,1.0,True,0.01738750354499844,0.020931837788072755
ViTscratch,200,57,0.35084766,0,0.0,True,0.0018475982565332653,0.0022343847668074013
ViTscratch,200,57,0.99996924,1,1.0,True,0.011906030949620195,0.020727559821572955
ViTscratch,200,57,0.99999774,1,1.0,True,0.020433933286780528,0.024872819810299714
ViTscratch,200,57,0.23960572,0,0.0,True,0.005323016791230335,0.003320922705341467
ViTscratch,200,57,0.20175162,0,0.0,True,0.003718532545721748,-0.0010328597151288614
ViTscratch,200,57,0.9999651,1,1.0,True,0.01344162532929225,0.022142918216690906
ViTscratch,200,57,0.9999914,1,1.0,True,0.03050601481297281,0.023429533898524316
ViTscratch,200,57,0.8385469,1,0.0,False,0.008664560721884358,0.011408890058111503
ViTscratch,200,57,0.17277294,0,0.0,True,-0.00391966843115617,-0.0006550177143579491
ViTscratch,200,57,0.82451403,1,0.0,False,0.014649950399197685,0.010353233198442937
ViTscratch,200,57,0.9999957,1,1.0,True,0.029546789563232194,0.026523075110819982
ViTscratch,200,57,0.9999161,1,1.0,True,0.01763394042364607,0.02014631786083392
ViTscratch,200,57,0.99999547,1,1.0,True,0.01939708902015354,0.020831149414364338
ViTscratch,200,57,0.99997246,1,1.0,True,0.014473099032195553,0.016675438823687
ViTscratch,200,57,0.9999031,1,1.0,True,0.024966699602968448,0.020891808035723373
ViTscratch,200,57,0.2772202,0,0.0,True,0.0010000142396471765,0.00029419209636545254
ViTscratch,200,57,0.38076127,0,0.0,True,-0.0014103178191525634,-0.0003060008659795595
ViTscratch,200,57,0.9999989,1,1.0,True,0.022584305960530262,0.031106108742406387
ViTscratch,200,57,0.9993586,1,1.0,True,0.011456959421877945,0.008282573493633833
ViTscratch,200,57,0.30947426,0,0.0,True,0.008061792125169326,0.007928307104414294
ViTscratch,200,57,0.99999547,1,1.0,True,0.024345037350016224,0.020075950181683115
ViTscratch,200,57,0.99973744,1,1.0,True,0.01639462595478196,0.012807767207693504
ViTscratch,200,57,0.15248594,0,0.0,True,-0.007496118267046682,-0.00031163851377145196
ViTscratch,200,57,0.12494873,0,0.0,True,0.006733020661965889,-0.0015853713106333167
ViTscratch,200,57,0.4284793,0,0.0,True,0.0003421443007863079,0.0040569905807395
ViTscratch,200,57,0.12659554,0,0.0,True,-0.004507934290018815,-0.008805727207511221
ViTscratch,200,57,0.17261854,0,0.0,True,-0.006699068086168395,-0.0011943774275130026
ViTscratch,200,57,0.9996517,1,1.0,True,0.009848019287274036,0.011122516526973502
ViTscratch,200,57,0.19862331,0,0.0,True,0.005361218030906834,0.0043435801208165925
ViTscratch,200,57,0.9999814,1,1.0,True,0.02732240222638986,0.015076277576493206
ViTscratch,200,57,0.99998426,1,1.0,True,0.018980591642276643,0.02136592157514022
ViTscratch,200,57,0.18307143,0,0.0,True,-0.005237701288237472,-0.00394115817436769
ViTscratch,200,57,0.20268267,0,0.0,True,-0.006619816202831944,-0.009709437700974915
ViTscratch,200,57,0.99999166,1,1.0,True,0.013278851801685952,0.016413799169979912
ViTscratch,200,57,0.415458,0,0.0,True,-0.00017089567791429583,0.0013654978405331247
ViTscratch,200,57,0.9989778,1,1.0,True,0.016193672509335375,0.01119259705128459
ViTscratch,200,57,0.99998665,1,1.0,True,0.023708509859012922,0.0239930194636369
ViTscratch,200,57,0.99999166,1,1.0,True,0.021792814917232773,0.018524646317069588
ViTscratch,200,57,0.9999974,1,1.0,True,0.015961915374021897,0.018267922310695316
ViTscratch,200,57,0.9999739,1,1.0,True,0.00047430353793259254,0.013416701267485552
ViTscratch,200,57,0.999938,1,1.0,True,0.018138545267407786,0.015415228610900661
ViTscratch,200,57,0.9908783,1,1.0,True,0.008653629181992426,0.014627911153850218
ViTscratch,200,57,0.99998367,1,1.0,True,0.01401958204000892,0.01969291411226607
ViTscratch,200,57,0.9996939,1,1.0,True,0.007607608058374677,0.016333858372854268
ViTscratch,200,57,0.9998852,1,1.0,True,0.012932991709277477,0.013066812596407526
ViTscratch,200,57,0.99999475,1,1.0,True,0.017262147430667396,0.01783313127048118
ViTscratch,200,57,0.9999964,1,1.0,True,0.01568094402870776,0.01963099439309016
ViTscratch,200,57,0.999997,1,1.0,True,0.021095448135901942,0.02407127121640608
ViTscratch,200,57,0.5173554,1,0.0,False,0.0015087996733370004,5.613267367835958e-06
ViTscratch,200,57,0.24031234,0,0.0,True,0.00481085822155108,0.005423392923336079
ViTscratch,200,57,0.09965504,0,0.0,True,-0.006566865828789538,-0.002199281670354039
ViTscratch,200,57,0.1653973,0,0.0,True,-0.009804989944075948,-0.00030896218264007605
ViTscratch,200,57,0.15601611,0,0.0,True,-0.004698986821404113,-0.0043336725735493905
ViTscratch,200,57,0.9999926,1,1.0,True,0.01742659467071213,0.019643773801096095
ViTscratch,200,57,0.10043876,0,0.0,True,-0.0008214297664020876,-0.0004464434420116802
ViTscratch,200,57,0.17664675,0,0.0,True,-0.007301574412234603,-0.006110439488596554
ViTscratch,200,57,0.3448955,0,0.0,True,0.004772730634433085,-0.000683651359893893
ViTscratch,200,57,0.99996126,1,1.0,True,0.015506393872084565,0.020429931845845014
ViTscratch,200,57,0.9999945,1,1.0,True,0.021814637447180867,0.02131820598971939
ViTscratch,200,57,0.2703939,0,0.0,True,0.00352530630365132,-0.0025076509194984008
ViTscratch,200,57,0.29482898,0,0.0,True,-0.010104683634819419,-0.002875709235837907
ViTscratch,200,57,0.31369403,0,0.0,True,-0.0006584974030543534,-0.0005843125872401736
ViTscratch,200,57,0.3981639,0,0.0,True,0.000627950025078098,0.00032918520873874
ViTscratch,200,57,0.9999788,1,1.0,True,0.01609265651743855,0.016567017672114864
ViTscratch,200,57,0.9999957,1,1.0,True,0.029461826597556962,0.025049077528598234
ViTscratch,200,57,0.9999939,1,1.0,True,0.0234000520848574,0.02286360018941569
ViTscratch,200,57,0.42650995,0,0.0,True,-0.0019215183698054646,0.0012719154929339436
ViTscratch,200,57,0.99999714,1,1.0,True,0.02349393853875711,0.026805168003390698
ViTscratch,200,57,0.25903714,0,0.0,True,-0.0025629918467755227,-0.003954725799770046
ViTscratch,200,57,0.2283461,0,0.0,True,0.007008989082846843,-0.0008571827905605458
ViTscratch,200,57,0.9997874,1,1.0,True,0.01173107275746224,0.01828783654760034
ViTscratch,200,57,0.36827666,0,0.0,True,-0.0033235149614077855,-0.001638970793424533
ViTscratch,200,57,0.13663012,0,0.0,True,-0.008445325361786509,-0.0031261114777976803
ViTscratch,200,57,0.9999838,1,1.0,True,0.017185650186887,0.016095447210024035
ViTscratch,200,57,0.99970335,1,1.0,True,0.009143861149367306,0.01286893978567042
ViTscratch,200,57,0.9999975,1,1.0,True,0.027284293615906948,0.02725266453220912
ViTscratch,200,57,0.2097266,0,0.0,True,-0.007703902021370067,-0.006490037183656315
ViTscratch,200,57,0.99962044,1,1.0,True,0.01657876324567795,0.017627511927461568
ViTscratch,200,57,0.99987555,1,1.0,True,0.024548024225739647,0.011514827989796013
ViTscratch,200,57,0.1373214,0,0.0,True,-0.00035423164906747006,-0.0005571342909748992
ViTscratch,200,57,0.16984758,0,0.0,True,0.0001446329823048935,0.00044287753903102044
ViTscratch,200,57,0.30385408,0,0.0,True,0.006825705205029681,0.002540368495354888
ViTscratch,200,57,0.9999794,1,1.0,True,0.0062546614943132005,0.015160678974599554
ViTscratch,200,57,0.999997,1,1.0,True,0.02050702538216343,0.021442298517562224
ViTscratch,200,57,0.321017,0,0.0,True,0.009190870934328623,0.004226485419790447
ViTscratch,200,57,0.99999654,1,1.0,True,0.013760871137396909,0.01829521211092784
ViTscratch,200,57,0.18141688,0,0.0,True,0.006940910087605011,0.0006591544235723898
ViTscratch,200,58,0.8315266,1,0.0,False,0.004478321952526552,0.0032544910240399298
ViTscratch,200,58,0.9999969,1,1.0,True,0.025166708980366173,0.02598684671196465
ViTscratch,200,58,0.9999945,1,1.0,True,0.013859926569512966,0.017169599767834283
ViTscratch,200,58,0.32851592,0,0.0,True,-0.0010590193114543454,0.0006762948966133005
ViTscratch,200,58,0.2690899,0,0.0,True,0.003314750416508734,-0.00017877082898059638
ViTscratch,200,58,0.6419499,1,0.0,False,0.0031761252699646306,0.004995764122712965
ViTscratch,200,58,0.9999641,1,1.0,True,0.01922430399401103,0.016574423468518427
ViTscratch,200,58,0.6740754,1,0.0,False,-0.0018424944857596767,0.0018057249904183748
ViTscratch,200,58,0.9999982,1,1.0,True,0.02381847397179963,0.023626510785215167
ViTscratch,200,58,0.999997,1,1.0,True,0.017727856148512033,0.025258174657877632
ViTscratch,200,58,0.21678874,0,0.0,True,-0.0042345857932721805,-0.0025076673687987588
ViTscratch,200,58,0.2973268,0,0.0,True,0.012636964477734946,0.005893019948397505
ViTscratch,200,58,0.23326229,0,0.0,True,-0.007339487122969389,-0.0047140214433161656
ViTscratch,200,58,0.12275602,0,0.0,True,0.0018612175261295794,-0.0014780248254915944
ViTscratch,200,58,0.99999523,1,1.0,True,0.025383326726045978,0.025074540368067704
ViTscratch,200,58,0.9999908,1,1.0,True,0.025455873425839763,0.023203690730795
ViTscratch,200,58,0.77427894,1,0.0,False,0.002684374912686521,-0.0007607603075912732
ViTscratch,200,58,0.34719646,0,0.0,True,-0.0023786219444125686,-0.0035916785876826383
ViTscratch,200,58,0.46892297,0,0.0,True,0.008973116993055396,0.006928725554303985
ViTscratch,200,58,0.35008457,0,0.0,True,-0.007243580423890726,-0.0038607270556936216
ViTscratch,200,58,0.9999368,1,1.0,True,0.0065784854566300136,0.009340542539184184
ViTscratch,200,58,0.9999882,1,1.0,True,0.025970355165266714,0.022483875215574642
ViTscratch,200,58,0.9999577,1,1.0,True,0.025674551931370027,0.016519367367921582
ViTscratch,200,58,0.39845762,0,0.0,True,-0.005208671902255687,-0.0014170576462550408
ViTscratch,200,58,0.32359838,0,0.0,True,0.0028332941216698253,0.004078709569472393
ViTscratch,200,58,0.1847558,0,0.0,True,-0.0011509147549597974,-0.0009500562811857329
ViTscratch,200,58,0.999995,1,1.0,True,0.017559855445047803,0.017754884974499452
ViTscratch,200,58,0.9999945,1,1.0,True,0.019576336614545244,0.02466726872181563
ViTscratch,200,58,0.36283842,0,0.0,True,0.004653239031429719,0.0027753734289625025
ViTscratch,200,58,0.10664788,0,0.0,True,-0.005378653619860335,-0.0022438133269382073
ViTscratch,200,58,0.118494086,0,0.0,True,-0.0073865376916488435,-0.006221288238246939
ViTscratch,200,58,0.3947997,0,0.0,True,0.0029874398095592314,0.0041761132285195075
ViTscratch,200,58,0.99999154,1,1.0,True,0.01791665661163321,0.025895606564830538
ViTscratch,200,58,0.9998419,1,1.0,True,0.013903543656095812,0.017541061119474143
ViTscratch,200,58,0.4593138,0,0.0,True,-0.0030355903651604257,-0.002261168584626897
ViTscratch,200,58,0.9999907,1,1.0,True,0.011565404831875367,0.018330615147807636
ViTscratch,200,58,0.15296648,0,0.0,True,-0.004024357805973722,-0.004185437396663665
ViTscratch,200,58,0.999997,1,1.0,True,0.020741201718003456,0.019533320256776687
ViTscratch,200,58,0.26323316,0,0.0,True,0.007220535904753042,0.0024023397385798378
ViTscratch,200,58,0.99989057,1,1.0,True,0.023810237727477552,0.019111919308438547
ViTscratch,200,58,0.99999535,1,1.0,True,0.012648541104001891,0.016288255265373093
ViTscratch,200,58,0.9999807,1,1.0,True,0.00949726170901951,0.013627030773020837
ViTscratch,200,58,0.1608699,0,0.0,True,-0.001005913407604372,-0.0031494476579633744
ViTscratch,200,58,0.9999387,1,1.0,True,0.02217644740426999,0.02039479843911527
ViTscratch,200,58,0.9999945,1,1.0,True,0.02050553349361229,0.01846644284244208
ViTscratch,200,58,0.14177051,0,0.0,True,-0.008638525573749846,-0.0033664877869969538
ViTscratch,200,58,0.100347824,0,0.0,True,-0.006011414332717577,-0.00045955108514321853
ViTscratch,200,58,0.13096565,0,0.0,True,-0.010531200797150695,-0.0029761392084465817
ViTscratch,200,58,0.9999616,1,1.0,True,0.021204623734916894,0.023098144993113474
ViTscratch,200,58,0.29598647,0,0.0,True,-0.003901809299778143,-0.002404336701475393
ViTscratch,200,58,0.23679712,0,0.0,True,0.0017580142585919,0.0013342679658064148
ViTscratch,200,58,0.99882907,1,1.0,True,0.004938281327758036,0.012731716967026728
ViTscratch,200,58,0.24699907,0,0.0,True,-0.009233780088817345,-0.00472054336601418
ViTscratch,200,58,0.9999976,1,1.0,True,0.019552320285941133,0.027825865329582533
ViTscratch,200,58,0.99837816,1,1.0,True,0.0070591549566838985,0.007455947672063625
ViTscratch,200,58,0.9999877,1,1.0,True,0.015800325051313638,0.01627044324688409
ViTscratch,200,58,0.9999759,1,1.0,True,0.01334038788722848,0.01138176520755809
ViTscratch,200,58,0.9999815,1,1.0,True,0.007234982055124612,0.01162013531244532
ViTscratch,200,58,0.24412313,0,0.0,True,-0.0058314702124329905,-0.005011094696385134
ViTscratch,200,58,0.20691387,0,0.0,True,0.0017242116953418653,0.0006440858100735702
ViTscratch,200,58,0.9999331,1,1.0,True,0.02065027190794199,0.016601550187321224
ViTscratch,200,58,0.1716181,0,0.0,True,0.005052493041399658,0.0010873190278180302
ViTscratch,200,58,0.9999912,1,1.0,True,0.013567422073166475,0.017302809743447767
ViTscratch,200,58,0.99864346,1,1.0,True,0.01391311494901531,0.010926320530170001
ViTscratch,200,58,0.9999938,1,1.0,True,0.024866050101820802,0.02201137247893371
ViTscratch,200,58,0.2685099,0,0.0,True,-0.006030140814075332,-0.0019142922861460512
ViTscratch,200,58,0.2219319,0,0.0,True,0.0039018878018470165,0.003333086997074627
ViTscratch,200,58,0.15439421,0,0.0,True,-0.006497750988490195,-0.00505245626312365
ViTscratch,200,58,0.99999416,1,1.0,True,0.01849486257501075,0.015439747552384238
ViTscratch,200,58,0.3566966,0,0.0,True,-0.0026685004456025625,-0.0023443890886685093
ViTscratch,200,58,0.99998796,1,1.0,True,0.010550813358515621,0.013498911805606119
ViTscratch,200,58,0.12861177,0,0.0,True,-0.001021152634893654,0.0006630591463608818
ViTscratch,200,58,0.9999969,1,1.0,True,0.016441102146736022,0.021446544002146992
ViTscratch,200,58,0.99997747,1,1.0,True,0.004566566478453446,0.012051997685096256
ViTscratch,200,58,0.32789296,0,0.0,True,-0.00014668685330098143,0.0012409115811154929
ViTscratch,200,58,0.9999989,1,1.0,True,0.026179972221523466,0.02773255169294598
ViTscratch,200,58,0.26846924,0,0.0,True,-0.013136296499175191,-0.003749321776770456
ViTscratch,200,58,0.99998164,1,1.0,True,0.013325865676495949,0.013187445056163654
ViTscratch,200,58,0.23518255,0,0.0,True,0.006011674076225994,-0.0014549552692235106
ViTscratch,200,58,0.9999889,1,1.0,True,0.033566169020048074,0.02790667297364887
ViTscratch,200,58,0.29985824,0,0.0,True,0.0013176970732602649,0.0012718059691588035
ViTscratch,200,58,0.2713879,0,0.0,True,-0.004764459554981024,-0.0023289198348841506
ViTscratch,200,58,0.99999595,1,1.0,True,0.010880288616737429,0.011162060597666869
ViTscratch,200,58,0.1449794,0,0.0,True,0.00549869180932463,0.005366967826417286
ViTscratch,200,58,0.999972,1,1.0,True,0.015548324360981872,0.017723996469390976
ViTscratch,200,58,0.47382417,0,0.0,True,0.006603293442748342,0.005891015240986615
ViTscratch,200,58,0.14021336,0,0.0,True,0.007073768576451602,0.001957493521465781
ViTscratch,200,58,0.9999968,1,1.0,True,0.024263387194313524,0.02568518250586342
ViTscratch,200,58,0.21173032,0,0.0,True,0.005319461456248228,0.0028850926055976433
ViTscratch,200,58,0.18739116,0,0.0,True,-0.004133776459252949,-0.0033138299063528503
ViTscratch,200,58,0.23932262,0,0.0,True,-0.0026799801489985134,-4.200525866886093e-05
ViTscratch,200,58,0.9999132,1,1.0,True,0.014449786932105737,0.014491334004224641
ViTscratch,200,58,0.36818832,0,0.0,True,-0.0024138641382274438,0.0019383263224390422
ViTscratch,200,58,0.39489502,0,0.0,True,0.0009877574392733379,0.0010168574931266837
ViTscratch,200,58,0.99999595,1,1.0,True,0.02044496521337065,0.02092538579254432
ViTscratch,200,58,0.5084286,1,0.0,False,-0.003371202077038696,0.003874178387619574
ViTscratch,200,58,0.2885457,0,0.0,True,0.0022110351477410356,0.0045843626906769235
ViTscratch,200,58,0.26621354,0,0.0,True,-0.00427199329672075,0.002442612768503066
ViTscratch,200,58,0.9999958,1,1.0,True,0.01748016052159364,0.019870149689462775
ViTscratch,200,58,0.1799304,0,0.0,True,-0.005050817007187845,-0.003625327268436502
ViTscratch,200,59,0.30452487,0,0.0,True,-0.00121924399201304,-0.002004839389776338
ViTscratch,200,59,0.9999963,1,1.0,True,0.0352193119689653,0.024728617117209684
ViTscratch,200,59,0.99999857,1,1.0,True,0.030622624051517344,0.02331716546687398
ViTscratch,200,59,0.28418013,0,0.0,True,0.004867210068298543,0.0018058834530163851
ViTscratch,200,59,0.20783994,0,0.0,True,-0.0014537585297183706,0.0001072552512209372
ViTscratch,200,59,0.20346504,0,0.0,True,0.007063226114803882,0.0047654459536480495
ViTscratch,200,59,0.20879467,0,0.0,True,0.0010488474922200149,-0.0008121271020693526
ViTscratch,200,59,0.9999721,1,1.0,True,0.024805999359553077,0.024995471793215044
ViTscratch,200,59,0.17217939,0,0.0,True,-0.001937086725766396,-0.005800132943709381
ViTscratch,200,59,0.99999297,1,1.0,True,0.020723153619000192,0.026036515074284648
ViTscratch,200,59,0.99999774,1,1.0,True,0.019416200259962112,0.01846326823457885
ViTscratch,200,59,0.93287873,1,0.0,False,-0.0011051620152171776,-0.00020122836618661152
ViTscratch,200,59,0.99995494,1,1.0,True,0.014444359192897377,0.017907979699853787
ViTscratch,200,59,0.5937606,1,0.0,False,0.015644956774695334,0.005431239704710097
ViTscratch,200,59,0.9999622,1,1.0,True,0.03276738790775395,0.022475775925138133
ViTscratch,200,59,0.9999964,1,1.0,True,0.021298946406659983,0.028631233095044333
ViTscratch,200,59,0.23807557,0,0.0,True,-0.0037664975286220855,-0.0008490103423199205
ViTscratch,200,59,0.99992085,1,1.0,True,0.024663375624686342,0.022125390688997364
ViTscratch,200,59,0.4266955,0,0.0,True,0.0036679457813369896,0.0027959458515883252
ViTscratch,200,59,0.2517435,0,0.0,True,-0.004024179793579438,-0.002421555899351036
ViTscratch,200,59,0.99996996,1,1.0,True,0.020137103467267114,0.022032683891804416
ViTscratch,200,59,0.14668562,0,0.0,True,-0.008283682264148131,-0.0047779592880916955
ViTscratch,200,59,0.15525427,0,0.0,True,-0.0013624890539670805,-0.0005096283258858274
ViTscratch,200,59,0.9999776,1,1.0,True,0.03567183220330717,0.027853514951864663
ViTscratch,200,59,0.9999981,1,1.0,True,0.022424078019355715,0.020922868299869588
ViTscratch,200,59,0.9484247,1,0.0,False,0.001209984517211158,0.002045372244973573
ViTscratch,200,59,0.99999475,1,1.0,True,0.008869234296916504,0.0153626785909002
ViTscratch,200,59,0.999995,1,1.0,True,0.009682600957987954,0.01641688861599193
ViTscratch,200,59,0.17969917,0,0.0,True,-0.002726768379134432,-0.00041311415023510063
ViTscratch,200,59,0.3851584,0,0.0,True,0.008874876952466212,0.0027003550600409997
ViTscratch,200,59,0.99999774,1,1.0,True,0.024499930761895973,0.022072326363179528
ViTscratch,200,59,0.12968895,0,0.0,True,-0.00599046669346762,-0.007366963525975101
ViTscratch,200,59,0.22001888,0,0.0,True,0.003660471853498453,0.004577173471287943
ViTscratch,200,59,0.9999974,1,1.0,True,0.015677624014106984,0.019151126006035305
ViTscratch,200,59,0.99999666,1,1.0,True,0.02818888603869284,0.01863777509738936
ViTscratch,200,59,0.9999937,1,1.0,True,0.02141225894277277,0.01801967999467213
ViTscratch,200,59,0.9999875,1,1.0,True,0.026941932906452484,0.01922332371111226
ViTscratch,200,59,0.17814492,0,0.0,True,0.0018053384910064318,0.0029183558840823708
ViTscratch,200,59,0.22525065,0,0.0,True,0.006768511304132717,-0.0008952416513213536
ViTscratch,200,59,0.99977285,1,1.0,True,0.01948072073800011,0.02491586748403358
ViTscratch,200,59,0.9999969,1,1.0,True,0.028114394933549086,0.026984392642157146
ViTscratch,200,59,0.3787471,0,0.0,True,-0.0011587610172981051,-0.000406401542676169
ViTscratch,200,59,0.35110247,0,0.0,True,-0.0008061420825502911,-0.0034782785554628324
ViTscratch,200,59,0.25584882,0,0.0,True,0.004146954641290042,0.004610753284633733
ViTscratch,200,59,0.99999094,1,1.0,True,0.013396271802985329,0.017983884953386008
ViTscratch,200,59,0.41033813,0,0.0,True,-0.006248828412429484,-0.006667787687131519
ViTscratch,200,59,0.59767675,1,0.0,False,0.008362870948076051,0.005735912661496509
ViTscratch,200,59,0.9999919,1,1.0,True,0.02293550285724679,0.02769491008002194
ViTscratch,200,59,0.36842886,0,0.0,True,-0.0029165460847419633,-0.0009338052809014421
ViTscratch,200,59,0.18669236,0,0.0,True,0.0034102914148051553,0.0015805042106379508
ViTscratch,200,59,0.17118704,0,0.0,True,-0.0018026736561008317,-0.004529974777394329
ViTscratch,200,59,0.999997,1,1.0,True,0.026022705836254146,0.024728840550417106
ViTscratch,200,59,0.6457815,1,0.0,False,0.00915533890997732,0.004668308151239225
ViTscratch,200,59,0.64005005,1,0.0,False,-0.0012480680785402886,-0.0006188660489437088
ViTscratch,200,59,0.99999297,1,1.0,True,0.01155065763563686,0.021954962816831514
ViTscratch,200,59,0.3158265,0,0.0,True,0.007713602982270981,-0.0001766690403131269
ViTscratch,200,59,0.99999774,1,1.0,True,0.027585299433221896,0.021608905360352686
ViTscratch,200,59,0.38522476,0,0.0,True,0.010701894015858655,0.005414860360187703
ViTscratch,200,59,0.26988494,0,0.0,True,0.00316474252796093,-0.003452279086006043
ViTscratch,200,59,0.249265,0,0.0,True,0.001479241743605192,0.005591353142964879
ViTscratch,200,59,0.22724724,0,0.0,True,0.0011538778796997432,0.004531904208037415
ViTscratch,200,59,0.999998,1,1.0,True,0.034317394132036376,0.03367239244243362
ViTscratch,200,59,0.3570147,0,0.0,True,-0.0034627186762412367,-0.001980348082530209
ViTscratch,200,59,0.2823175,0,0.0,True,-0.003632346119441155,-0.0032909878745273837
ViTscratch,200,59,0.37142912,0,0.0,True,0.003803813353008201,0.00016237754169689067
ViTscratch,200,59,0.999956,1,1.0,True,0.008727298414450227,0.011493534692476699
ViTscratch,200,59,0.99999404,1,1.0,True,0.01886576465870265,0.014553488726413297
ViTscratch,200,59,0.9999949,1,1.0,True,0.020703346890412012,0.01906788172716477
ViTscratch,200,59,0.999995,1,1.0,True,0.028733673156958475,0.020693888135678153
ViTscratch,200,59,0.3098164,0,0.0,True,0.006080140872327033,0.00574293169973416
ViTscratch,200,59,0.19099495,0,0.0,True,0.001751957559308417,-0.000813389365806898
ViTscratch,200,59,0.16231358,0,0.0,True,-0.006051735555846809,-0.006090856084852055
ViTscratch,200,59,0.9999974,1,1.0,True,0.028140083342058992,0.026327636525645886
ViTscratch,200,59,0.44069296,0,0.0,True,0.005427814269378898,0.004004982168226093
ViTscratch,200,59,0.2529889,0,0.0,True,0.0016994856515057642,0.002587490536422854
ViTscratch,200,59,0.17796808,0,0.0,True,-0.00443626933212324,-0.00300739747933053
ViTscratch,200,59,0.9999951,1,1.0,True,0.022412490912956846,0.022782213654424066
ViTscratch,200,59,0.29942933,0,0.0,True,-0.0019646253186153015,0.00047776782305539015
ViTscratch,200,59,0.9999893,1,1.0,True,0.02512579216083772,0.02420650140453004
ViTscratch,200,59,0.14588608,0,0.0,True,0.0009942773762594893,0.005356737692344686
ViTscratch,200,59,0.9999919,1,1.0,True,0.018757254760130238,0.016287145324054727
ViTscratch,200,59,0.30920842,0,0.0,True,0.0014529505354197484,0.004227492980497001
ViTscratch,200,59,0.999479,1,1.0,True,0.01618064220182851,0.01131007608813194
ViTscratch,200,59,0.24539551,0,0.0,True,0.0011984684017815046,0.0038502289493709675
ViTscratch,200,59,0.99999404,1,1.0,True,0.010638452915745656,0.014693967042363632
ViTscratch,200,59,0.99999523,1,1.0,True,0.023517542311544924,0.018841488967309406
ViTscratch,200,59,0.9999939,1,1.0,True,0.028045815568727588,0.027103264425567385
ViTscratch,200,59,0.2476434,0,0.0,True,0.0046382468591896564,0.0016482312255346786
ViTscratch,200,59,0.19404909,0,0.0,True,-0.000417771228673642,0.0020504754446591857
ViTscratch,200,59,0.9999938,1,1.0,True,0.015509489409401006,0.014866730943302172
ViTscratch,200,59,0.35766423,0,0.0,True,-0.007546192147433177,-0.0001855602192436535
ViTscratch,200,59,0.31666633,0,0.0,True,-0.005130596328337884,0.0005721162661176062
ViTscratch,200,59,0.9999938,1,1.0,True,0.01276384703227535,0.020479162519209226
ViTscratch,200,59,0.99999654,1,1.0,True,0.016181116581932255,0.022191762022439786
ViTscratch,200,59,0.37059122,0,0.0,True,0.009246130822104742,0.010679979973795734
ViTscratch,200,59,0.99999523,1,1.0,True,0.011036267705418535,0.010939519881030868
ViTscratch,200,59,0.9999957,1,1.0,True,0.021608483075399847,0.019798811572818188
ViTscratch,200,59,0.9999913,1,1.0,True,0.01986579660606822,0.026392819779309715
ViTscratch,200,59,0.99996924,1,1.0,True,0.02108872858620262,0.019761329440517957
ViTscratch,200,59,0.9999846,1,1.0,True,0.015226040609043333,0.016070569610080767
ViTscratch,200,60,0.1996561,0,0.0,True,0.005070160092106933,-0.000885337437464669
ViTscratch,200,60,0.17355308,0,0.0,True,-0.0010184792294597757,-0.00414493471432748
ViTscratch,200,60,0.41458884,0,0.0,True,-0.0074134146110889565,-0.004334612649331968
ViTscratch,200,60,0.22437285,0,0.0,True,0.0006422218603987741,-0.0008667760629481479
ViTscratch,200,60,0.25756118,0,0.0,True,-0.0042219467282676925,-0.007710178739925808
ViTscratch,200,60,0.20563495,0,0.0,True,-0.003588266052370945,-0.003090282735487757
ViTscratch,200,60,0.17086795,0,0.0,True,-0.0007303264816954026,0.0026901454871241124
ViTscratch,200,60,0.99997973,1,1.0,True,0.008597668846933837,0.010887031394847105
ViTscratch,200,60,0.14169823,0,0.0,True,-0.002193468314504441,-0.005120461756571952
ViTscratch,200,60,0.18323527,0,0.0,True,-0.004590976796708051,0.001266646921560674
ViTscratch,200,60,0.2490205,0,0.0,True,0.002911333536728772,0.0021631708761810104
ViTscratch,200,60,0.9999336,1,1.0,True,0.022207379644551606,0.020876190411059918
ViTscratch,200,60,0.69878024,1,0.0,False,0.0011010577421193218,-0.001140040443184488
ViTscratch,200,60,0.99999845,1,1.0,True,0.03182885111682352,0.025182387491434022
ViTscratch,200,60,0.112051055,0,0.0,True,0.0027810880396630195,-0.001870862306552697
ViTscratch,200,60,0.9998344,1,1.0,True,0.014099868621147819,0.009879290341187225
ViTscratch,200,60,0.99999785,1,1.0,True,0.019088206417057618,0.018509121931053144
ViTscratch,200,60,0.26413372,0,0.0,True,-0.002161182701096294,0.0013598473172873092
ViTscratch,200,60,0.9999969,1,1.0,True,0.024762766780633372,0.029380558297832447
ViTscratch,200,60,0.99999404,1,1.0,True,0.01755657763201998,0.02144275392197366
ViTscratch,200,60,0.99998796,1,1.0,True,0.012200326267517537,0.017138437495888746
ViTscratch,200,60,0.99080604,1,1.0,True,0.015522911859903187,0.01956451375869543
ViTscratch,200,60,0.9999975,1,1.0,True,0.019318141636175776,0.016649764198159122
ViTscratch,200,60,0.27878398,0,0.0,True,-0.0033442210567502036,-0.00029852366087078423
ViTscratch,200,60,0.9999832,1,1.0,True,0.006720796770728544,0.010001573629100178
ViTscratch,200,60,0.16584446,0,0.0,True,-0.009061356524280554,-0.006965153158680381
ViTscratch,200,60,0.500147,1,0.0,False,-0.004778891672549202,-0.0038088459411115246
ViTscratch,200,60,0.99937016,1,1.0,True,0.018815389361962764,0.014693144432334866
ViTscratch,200,60,0.49253592,0,0.0,True,-0.0036774156130955455,-0.001015866514608919
ViTscratch,200,60,0.9999869,1,1.0,True,0.026837505540943617,0.023687008174699885
ViTscratch,200,60,0.99999654,1,1.0,True,0.021306522775826495,0.02347601023470493
ViTscratch,200,60,0.3481294,0,0.0,True,0.005498345457395642,0.004529045215583699
ViTscratch,200,60,0.29887998,0,0.0,True,-0.004467652261452092,-0.00553497559351796
ViTscratch,200,60,0.99999225,1,1.0,True,0.022728003287565364,0.021456849380640935
ViTscratch,200,60,0.9999974,1,1.0,True,0.022622493816426916,0.02883802604123419
ViTscratch,200,60,0.35591906,0,0.0,True,0.009371520175313078,0.0022643134846060684
ViTscratch,200,60,0.3095956,0,0.0,True,0.0028479262241495403,-7.436875909483204e-05
ViTscratch,200,60,0.30616125,0,0.0,True,0.006934322543560178,0.001989586692786086
ViTscratch,200,60,0.99999666,1,1.0,True,0.023121407618245896,0.02612855744020761
ViTscratch,200,60,0.29659173,0,0.0,True,-0.004036722665069918,-0.0013774976491827684
ViTscratch,200,60,0.9999951,1,1.0,True,0.015919348924219773,0.018153695863146163
ViTscratch,200,60,0.9999964,1,1.0,True,0.006662240228606212,0.016116222082309013
ViTscratch,200,60,0.9999982,1,1.0,True,0.03128753010447881,0.027788045754431757
ViTscratch,200,60,0.9999988,1,1.0,True,0.03428856305258707,0.03384234638863088
ViTscratch,200,60,0.9999958,1,1.0,True,0.01643105990118451,0.016642699408663527
ViTscratch,200,60,0.9999763,1,1.0,True,0.027418800560975735,0.01749415606069644
ViTscratch,200,60,0.25735447,0,0.0,True,-0.0019004182323658786,-0.0031407668283819994
ViTscratch,200,60,0.2699109,0,0.0,True,0.0009415390229563817,0.003134097347040409
ViTscratch,200,60,0.3124821,0,0.0,True,0.000636910194405133,-0.0009985618166509147
ViTscratch,200,60,0.18302141,0,0.0,True,-0.0067211969328111465,-0.0024555981810960295
ViTscratch,200,60,0.9999958,1,1.0,True,0.035013156067716204,0.025627025679488016
ViTscratch,200,60,0.22708915,0,0.0,True,-0.008605320461647874,-0.006078373343863801
ViTscratch,200,60,0.40435538,0,0.0,True,-0.0007886596643029085,0.0003691855717468997
ViTscratch,200,60,0.24171846,0,0.0,True,-0.005477594661438632,0.0005034514053404291
ViTscratch,200,60,0.1851116,0,0.0,True,-0.001306676469419353,-0.001813641871054252
ViTscratch,200,60,0.26554304,0,0.0,True,0.0023568850873504697,-0.0027750144069103445
ViTscratch,200,60,0.9998876,1,1.0,True,0.02322017151846856,0.024415906983846762
ViTscratch,200,60,0.17582822,0,0.0,True,0.0030961786296904736,-0.0002475896279673069
ViTscratch,200,60,0.32298228,0,0.0,True,-0.0064955666387333235,-0.0032165907752283334
ViTscratch,200,60,0.9999784,1,1.0,True,0.020402950611632997,0.024711633525876943
ViTscratch,200,60,0.99999404,1,1.0,True,0.017288654294764373,0.02434726170109079
ViTscratch,200,60,0.34352446,0,0.0,True,0.0013318285604573426,0.0011325734632725163
ViTscratch,200,60,0.4370507,0,0.0,True,0.008235482090089277,0.00742499259285845
ViTscratch,200,60,0.34671348,0,0.0,True,0.004416477640258685,0.0030176974118945104
ViTscratch,200,60,0.11778788,0,0.0,True,-0.011964377732438882,-0.005994953904339676
ViTscratch,200,60,0.2655108,0,0.0,True,0.0005767896191063587,0.0005035373937362068
ViTscratch,200,60,0.9999964,1,1.0,True,0.027085401394421598,0.031865205827694566
ViTscratch,200,60,0.99999475,1,1.0,True,0.009188582753375458,0.023016517926651346
ViTscratch,200,60,0.16056423,0,0.0,True,-0.0017088339913550617,-0.001084701844267406
ViTscratch,200,60,0.17449023,0,0.0,True,0.0006533661346905851,-0.0027456439657508745
ViTscratch,200,60,0.9999473,1,1.0,True,0.016716040761161066,0.015346354214580452
ViTscratch,200,60,0.9999958,1,1.0,True,0.03244642969337044,0.020779361975705006
ViTscratch,200,60,0.22629863,0,0.0,True,-0.0007626659611315028,0.0001455668966113765
ViTscratch,200,60,0.9999945,1,1.0,True,0.027288459403256984,0.023775159551183957
ViTscratch,200,60,0.14763632,0,0.0,True,-0.008243154784710693,-0.00463616869119398
ViTscratch,200,60,0.99999785,1,1.0,True,0.03637960820238372,0.03319606906004205
ViTscratch,200,60,0.9999882,1,1.0,True,0.01772009302208529,0.02013364829826996
ViTscratch,200,60,0.20931514,0,0.0,True,-0.0013259927960714414,-0.003724824299789304
ViTscratch,200,60,0.16687518,0,0.0,True,-0.01384599771235942,-0.006601279556533309
ViTscratch,200,60,0.2548639,0,0.0,True,0.004635134276621783,-8.868573690929224e-05
ViTscratch,200,60,0.9999969,1,1.0,True,0.0211522664094915,0.026154601558105207
ViTscratch,200,60,0.9999962,1,1.0,True,0.024888368819735798,0.022107475560917023
ViTscratch,200,60,0.19061336,0,0.0,True,-0.0002911437403380373,0.00192422480255247
ViTscratch,200,60,0.32598707,0,0.0,True,0.0007372660528102227,0.004590390633921737
ViTscratch,200,60,0.9994655,1,1.0,True,0.030634343510054812,0.02617288383646311
ViTscratch,200,60,0.9999832,1,1.0,True,0.01838357150908478,0.023848012005438814
ViTscratch,200,60,0.999992,1,1.0,True,0.02334480166661294,0.018389068002942228
ViTscratch,200,60,0.3507442,0,0.0,True,0.0033429562467717586,0.00511458131741283
ViTscratch,200,60,0.3368584,0,0.0,True,-0.0036424107553232636,0.0008839167886061719
ViTscratch,200,60,0.99999475,1,1.0,True,0.025014608231213875,0.01923363062192378
ViTscratch,200,60,0.7304329,1,0.0,False,-0.0024511125992628265,0.0003895407714085626
ViTscratch,200,60,0.16393057,0,0.0,True,-0.011578939648130792,-0.006016571873332168
ViTscratch,200,60,0.99999607,1,1.0,True,0.021076151957965646,0.02364379937544886
ViTscratch,200,60,0.999997,1,1.0,True,0.021895071455172856,0.019608308308678168
ViTscratch,200,60,0.8170854,1,0.0,False,0.004723597986927707,0.004962158664224874
ViTscratch,200,60,0.9997209,1,1.0,True,0.01834875387807792,0.018266460045097088
ViTscratch,200,60,0.9994814,1,1.0,True,0.02035180147989204,0.015112613274189146
ViTscratch,200,60,0.12643902,0,0.0,True,-0.00729123126592374,-0.002071551444902828
ViTscratch,200,60,0.23595248,0,0.0,True,0.007212752324383147,0.002445790611092712
ViTscratch,200,60,0.45629722,0,0.0,True,-0.008358829057790486,-0.004802827593417147
ViTscratch,200,61,0.99999845,1,1.0,True,0.037183758121733995,0.03020055489907482
ViTscratch,200,61,0.20760067,0,0.0,True,0.003768798881897843,-0.0017885121760870492
ViTscratch,200,61,0.99993,1,1.0,True,0.01394453873837017,0.015032119792527901
ViTscratch,200,61,0.25846204,0,0.0,True,0.00027223794058721905,0.002290793618355987
ViTscratch,200,61,0.23419034,0,0.0,True,-0.001495858706832731,-0.0004148404300886592
ViTscratch,200,61,0.9999969,1,1.0,True,0.015395370232571027,0.021532786692455987
ViTscratch,200,61,0.19726455,0,0.0,True,-0.00931876121915197,-0.0026657864144187145
ViTscratch,200,61,0.23593326,0,0.0,True,-0.004338734420945841,0.0029560915099515655
ViTscratch,200,61,0.14265476,0,0.0,True,-0.006774748542120929,-0.00023916105897645753
ViTscratch,200,61,0.27912563,0,0.0,True,0.00295062542621148,0.002931512560583156
ViTscratch,200,61,0.99999416,1,1.0,True,0.008845948883963057,0.01624726796156083
ViTscratch,200,61,0.9999902,1,1.0,True,0.013815092581875922,0.011563496827143157
ViTscratch,200,61,0.1403858,0,0.0,True,-0.0028225886123445895,-0.004391591668805836
ViTscratch,200,61,0.5951823,1,0.0,False,0.0033621755361823045,0.00568764574927517
ViTscratch,200,61,0.99999785,1,1.0,True,0.034837559076998,0.0239374463271572
ViTscratch,200,61,0.9999913,1,1.0,True,0.025710469482740993,0.017188311648726768
ViTscratch,200,61,0.9999981,1,1.0,True,0.023739147803202448,0.02241290789164162
ViTscratch,200,61,0.48480555,0,0.0,True,-0.005399551889167948,0.003404764707467482
ViTscratch,200,61,0.9999981,1,1.0,True,0.03790496866803397,0.03245979382977588
ViTscratch,200,61,0.33753014,0,0.0,True,0.008228230192814321,0.00391584960644164
ViTscratch,200,61,0.24458215,0,0.0,True,0.006941285632555126,0.0033811745954752267
ViTscratch,200,61,0.99999547,1,1.0,True,0.025199759490503383,0.025364193004219146
ViTscratch,200,61,0.28169125,0,0.0,True,-0.0013585552255855214,0.00037609171950620624
ViTscratch,200,61,0.19995824,0,0.0,True,-0.0019143223828575835,0.0029425849044372424
ViTscratch,200,61,0.9999939,1,1.0,True,0.016632150317044302,0.015363808399391627
ViTscratch,200,61,0.9999981,1,1.0,True,0.03053563567099123,0.030133082370723645
ViTscratch,200,61,0.29086533,0,0.0,True,0.007270199976701848,0.004869712279899336
ViTscratch,200,61,0.33481583,0,0.0,True,-0.001574726020559147,0.0009406172676412812
ViTscratch,200,61,0.23020698,0,0.0,True,-0.004194912213344156,-0.002192033988780327
ViTscratch,200,61,0.9999945,1,1.0,True,0.025015387705956554,0.020443405860659528
ViTscratch,200,61,0.99999535,1,1.0,True,0.01016579957248745,0.013676698756845683
ViTscratch,200,61,0.9999976,1,1.0,True,0.0172216029579178,0.021573984221396076
ViTscratch,200,61,0.28378245,0,0.0,True,-0.0014818492968449565,-0.0010805278052957485
ViTscratch,200,61,0.9999895,1,1.0,True,0.01913376108578958,0.01739426485605075
ViTscratch,200,61,0.99997604,1,1.0,True,0.02205918030789324,0.024306815052145422
ViTscratch,200,61,0.35630566,0,0.0,True,0.007408525441847799,0.0020929648073502345
ViTscratch,200,61,0.9999974,1,1.0,True,0.025900603295304844,0.019823994364363228
ViTscratch,200,61,0.9999982,1,1.0,True,0.03319955110625286,0.031051429178439886
ViTscratch,200,61,0.9999912,1,1.0,True,0.02055254519795082,0.020604193523367027
ViTscratch,200,61,0.23961593,0,0.0,True,-0.002024483503530796,-0.000594084147207368
ViTscratch,200,61,0.30731744,0,0.0,True,-0.001856528640575123,-0.004201746216420577
ViTscratch,200,61,0.35071236,0,0.0,True,0.0034170451618102593,-0.00035276605944796236
ViTscratch,200,61,0.99998283,1,1.0,True,0.013216031895404202,0.02168837299444927
ViTscratch,200,61,0.115116395,0,0.0,True,0.0009934059513698878,0.001977857230589981
ViTscratch,200,61,0.9999927,1,1.0,True,0.0021920216720597266,0.01856781863380276
ViTscratch,200,61,0.99999833,1,1.0,True,0.022354340673633698,0.02848144390060354
ViTscratch,200,61,0.9999964,1,1.0,True,0.010316091000783095,0.015328877656746252
ViTscratch,200,61,0.31041378,0,0.0,True,0.002402524928623567,0.002635288651403007
ViTscratch,200,61,0.99999607,1,1.0,True,0.02598459875837128,0.022854437891257705
ViTscratch,200,61,0.31947976,0,0.0,True,0.005477025414849169,0.0023926415312965207
ViTscratch,200,61,0.33444318,0,0.0,True,-0.0013916831981262662,0.0003901317134576855
ViTscratch,200,61,0.3165289,0,0.0,True,-0.004330774619397027,-0.004768704816836957
ViTscratch,200,61,0.9999981,1,1.0,True,0.024220009940780152,0.02151827273413286
ViTscratch,200,61,0.99999785,1,1.0,True,0.01740051345370813,0.020545133107671303
ViTscratch,200,61,0.999997,1,1.0,True,0.014816203637130834,0.024930548449017577
ViTscratch,200,61,0.2029766,0,0.0,True,0.008522466675869032,0.0033287102380206166
ViTscratch,200,61,0.23779477,0,0.0,True,0.0009737680627946028,-0.004088326389512109
ViTscratch,200,61,0.99997747,1,1.0,True,0.023416436758660376,0.015868541120819483
ViTscratch,200,61,0.99999547,1,1.0,True,0.02013732809868482,0.016737631368039067
ViTscratch,200,61,0.99999774,1,1.0,True,0.017032877806552462,0.019696134624581436
ViTscratch,200,61,0.27622077,0,0.0,True,-0.0015828201138689926,0.0015870134948483244
ViTscratch,200,61,0.99999356,1,1.0,True,0.018091519569628046,0.01859127305651866
ViTscratch,200,61,0.2177853,0,0.0,True,0.00929610659540531,0.0029465605603281888
ViTscratch,200,61,0.9999825,1,1.0,True,0.0093965945385425,0.013802500989031618
ViTscratch,200,61,0.99999785,1,1.0,True,0.023097507818860243,0.02711186423619382
ViTscratch,200,61,0.9999832,1,1.0,True,0.03259785028760225,0.027081685715604886
ViTscratch,200,61,0.26764968,0,0.0,True,0.007313653907152179,0.002770583511765704
ViTscratch,200,61,0.1206667,0,0.0,True,-0.010005049358883949,-0.0018690120785181121
ViTscratch,200,61,0.9999914,1,1.0,True,0.022149620725625062,0.017672907451668465
ViTscratch,200,61,0.9999685,1,1.0,True,0.025314347439486296,0.01919237855421194
ViTscratch,200,61,0.9999951,1,1.0,True,0.026016891298119224,0.021503118659693943
ViTscratch,200,61,0.9999931,1,1.0,True,0.024426245125804415,0.023080568350365666
ViTscratch,200,61,0.999998,1,1.0,True,0.030173927396400943,0.030303807270114447
ViTscratch,200,61,0.99998975,1,1.0,True,0.009905336654650829,0.01445921768612261
ViTscratch,200,61,0.99999785,1,1.0,True,0.015175281735681327,0.024197547387066906
ViTscratch,200,61,0.165622,0,0.0,True,-0.007219224373475838,0.0030672454101732527
ViTscratch,200,61,0.99999726,1,1.0,True,0.013842030045262726,0.015925456342019584
ViTscratch,200,61,0.9999887,1,1.0,True,0.01720737323427309,0.016492815403817706
ViTscratch,200,61,0.9999975,1,1.0,True,0.0212851480821534,0.022096942432739363
ViTscratch,200,61,0.28341392,0,0.0,True,-0.0022127798704648033,-0.0020662082106830694
ViTscratch,200,61,0.35655162,0,0.0,True,0.004469013273565742,0.0027163974157270606
ViTscratch,200,61,0.9999989,1,1.0,True,0.03569146448027983,0.033895760692368916
ViTscratch,200,61,0.99999845,1,1.0,True,0.027421300941214522,0.020642634380857974
ViTscratch,200,61,0.9999976,1,1.0,True,0.03042857926117662,0.03287096076966717
ViTscratch,200,61,0.16778591,0,0.0,True,-0.004376649502034513,0.0003729884710736481
ViTscratch,200,61,0.27801666,0,0.0,True,0.004220312322936255,0.002747598108373645
ViTscratch,200,61,0.16256346,0,0.0,True,-0.006104422200286021,-0.007730903016193307
ViTscratch,200,61,0.99999094,1,1.0,True,0.03266315806511388,0.026221201516225437
ViTscratch,200,61,0.9999553,1,1.0,True,0.013655565762615882,0.019004610929625257
ViTscratch,200,61,0.9999989,1,1.0,True,0.028341899730608588,0.03259460478436522
ViTscratch,200,61,0.999997,1,1.0,True,0.024660481380904556,0.020940921457011364
ViTscratch,200,61,0.99999535,1,1.0,True,0.011314664700124105,0.01879739387302588
ViTscratch,200,61,0.20792736,0,0.0,True,-0.004187152096865075,-0.0019315397507818186
ViTscratch,200,61,0.31189257,0,0.0,True,-0.0031203222058995986,-0.0024430206401823205
ViTscratch,200,61,0.9999969,1,1.0,True,0.009271302275178915,0.019263270397129634
ViTscratch,200,61,0.99999774,1,1.0,True,0.02476786612688057,0.01641524345507735
ViTscratch,200,61,0.99998546,1,1.0,True,0.023617298331191854,0.022216553462966797
ViTscratch,200,61,0.9999981,1,1.0,True,0.01939279614636211,0.025285934097383042
ViTscratch,200,61,0.99999833,1,1.0,True,0.03757722955786698,0.03409273607460314
ViTscratch,200,61,0.9999958,1,1.0,True,0.027638753912947536,0.025572168641396224
ViTscratch,200,62,0.99998057,1,1.0,True,0.012261329978002281,0.021613133704151462
ViTscratch,200,62,0.99999666,1,1.0,True,0.020699257469619623,0.018579190405656865
ViTscratch,200,62,0.9999976,1,1.0,True,0.030497720470744956,0.030146653383001362
ViTscratch,200,62,0.54654324,1,0.0,False,0.0014425557442084489,-0.0015019081615138248
ViTscratch,200,62,0.9999931,1,1.0,True,0.02909355924886188,0.029621384439503427
ViTscratch,200,62,0.16055568,0,0.0,True,-0.0024207979993884823,-0.003132616967771773
ViTscratch,200,62,0.9999963,1,1.0,True,0.02743546652583928,0.022241721208719572
ViTscratch,200,62,0.20743032,0,0.0,True,0.00688399543959154,0.0032742054785012457
ViTscratch,200,62,0.25019282,0,0.0,True,-0.00017744377633060855,-0.0008806920071756442
ViTscratch,200,62,0.13288033,0,0.0,True,-0.00035423164906733335,-0.005166679849621274
ViTscratch,200,62,0.15650225,0,0.0,True,-0.0004980689664937668,-0.0011530501137193877
ViTscratch,200,62,0.99999344,1,1.0,True,0.0176834459349168,0.022369669890065377
ViTscratch,200,62,0.2313334,0,0.0,True,-0.004160223863007814,-0.0029135289125252453
ViTscratch,200,62,0.18544781,0,0.0,True,-0.0040570380172211444,-0.004675464845509204
ViTscratch,200,62,0.9999939,1,1.0,True,0.023499904966799705,0.022805489714321687
ViTscratch,200,62,0.9999981,1,1.0,True,0.031185458200172187,0.030230523710553712
ViTscratch,200,62,0.1377242,0,0.0,True,-0.0005767722838104155,-0.0026168187801765023
ViTscratch,200,62,0.17938879,0,0.0,True,-0.006293329605846055,-0.003361808814398211
ViTscratch,200,62,0.1271362,0,0.0,True,-0.00457464193112542,-0.006601146137248965
ViTscratch,200,62,0.9999981,1,1.0,True,0.016810775612382922,0.02282820284525794
ViTscratch,200,62,0.2920231,0,0.0,True,0.004156814553909147,0.0022293130987899707
ViTscratch,200,62,0.9999913,1,1.0,True,0.02478624705471492,0.01908181834138644
ViTscratch,200,62,0.9999976,1,1.0,True,0.03902141107201338,0.02660304954720719
ViTscratch,200,62,0.999998,1,1.0,True,0.0174854048774598,0.02483514830665049
ViTscratch,200,62,0.999987,1,1.0,True,0.012562874447208067,0.016398098325154375
ViTscratch,200,62,0.9999707,1,1.0,True,0.020435092306748504,0.014263071901298044
ViTscratch,200,62,0.1523551,0,0.0,True,-0.006993873085529988,-0.006355218985894027
ViTscratch,200,62,0.48558596,0,0.0,True,-0.0001437852137733804,-0.00016285004020029326
ViTscratch,200,62,0.99999726,1,1.0,True,0.02513869477407219,0.023232298040953184
ViTscratch,200,62,0.99985456,1,1.0,True,0.020300037635443496,0.01843705822809102
ViTscratch,200,62,0.32345402,0,0.0,True,0.0009464677540196982,-0.00033574267427269794
ViTscratch,200,62,0.99999535,1,1.0,True,0.015565695302179305,0.021499310286080688
ViTscratch,200,62,0.9999981,1,1.0,True,0.04175774549520832,0.03236711245860046
ViTscratch,200,62,0.9999982,1,1.0,True,0.028698794789298543,0.022535949732504803
ViTscratch,200,62,0.99999726,1,1.0,True,0.019127720575086875,0.0248956735084701
ViTscratch,200,62,0.9999722,1,1.0,True,0.022251054679022737,0.01666306873565817
ViTscratch,200,62,0.15568687,0,0.0,True,0.0007500831225145681,0.003094584081882954
ViTscratch,200,62,0.99999845,1,1.0,True,0.0378882622384414,0.036825449462499826
ViTscratch,200,62,0.999997,1,1.0,True,0.0340655614276924,0.03059975727920801
ViTscratch,200,62,0.9999924,1,1.0,True,0.02391964843010227,0.022518917026146845
ViTscratch,200,62,0.9999981,1,1.0,True,0.02041038514682091,0.0237344268304739
ViTscratch,200,62,0.99999833,1,1.0,True,0.036018394742886824,0.02786948056988853
ViTscratch,200,62,0.99997306,1,1.0,True,0.01592129925684628,0.01805063233783951
ViTscratch,200,62,0.22314854,0,0.0,True,0.005596960047199778,0.0019077541896469206
ViTscratch,200,62,0.99999726,1,1.0,True,0.028536834609418204,0.02303681874895341
ViTscratch,200,62,0.99999464,1,1.0,True,0.014839255272848679,0.02138291244043282
ViTscratch,200,62,0.99999833,1,1.0,True,0.029243881095541744,0.026923737237152866
ViTscratch,200,62,0.18459325,0,0.0,True,0.0026123606267883814,-0.00037831371182291335
ViTscratch,200,62,0.12725152,0,0.0,True,-0.007688472870363787,-0.004659934997487155
ViTscratch,200,62,0.189619,0,0.0,True,-0.0008189989620263048,-0.003994756223322005
ViTscratch,200,62,0.17783141,0,0.0,True,-0.008210816396611826,-0.006972921289496285
ViTscratch,200,62,0.99999547,1,1.0,True,0.026331479304485497,0.02093214981839286
ViTscratch,200,62,0.36360157,0,0.0,True,-5.897470734038077e-05,0.002008901736584946
ViTscratch,200,62,0.15836601,0,0.0,True,-0.004001936505330288,-0.002300345443512915
ViTscratch,200,62,0.37204206,0,0.0,True,-0.0012635182060321698,0.002788793957505456
ViTscratch,200,62,0.339726,0,0.0,True,-0.006972739316455577,-0.0049966810764374165
ViTscratch,200,62,0.9999956,1,1.0,True,0.033634602846275924,0.02306261375806718
ViTscratch,200,62,0.21720774,0,0.0,True,-0.004582745905432456,-0.0025765248402246873
ViTscratch,200,62,0.9999945,1,1.0,True,0.02104879829900172,0.02195787932428949
ViTscratch,200,62,0.9999715,1,1.0,True,0.023161648706027105,0.020802755210303156
ViTscratch,200,62,0.20717141,0,0.0,True,-0.005222426282861516,-0.005436545833572027
ViTscratch,200,62,0.18205109,0,0.0,True,-0.0024165240189200662,0.000852121681777265
ViTscratch,200,62,0.13061552,0,0.0,True,-0.001557839503054493,-0.0005291778341743108
ViTscratch,200,62,0.42989472,0,0.0,True,-0.00041678192818745346,0.0017504816234259445
ViTscratch,200,62,0.9999981,1,1.0,True,0.022993646251367635,0.023931641112209336
ViTscratch,200,62,0.31902164,0,0.0,True,0.00036670552286841387,-8.413654599294107e-05
ViTscratch,200,62,0.9999778,1,1.0,True,0.021149109722055824,0.021908470505407444
ViTscratch,200,62,0.46330103,0,0.0,True,0.004684562872698427,-0.0013746884196121337
ViTscratch,200,62,0.5636579,1,0.0,False,-0.00010390967797812393,-0.001186900186367723
ViTscratch,200,62,0.25281027,0,0.0,True,-0.0066245668267981336,-0.0029368313929210355
ViTscratch,200,62,0.10513608,0,0.0,True,-0.009198800848057503,-0.011464060428897895
ViTscratch,200,62,0.20572264,0,0.0,True,0.004380704928534073,0.006158935428729079
ViTscratch,200,62,0.16073044,0,0.0,True,-0.001779964394794504,-0.006368750937603533
ViTscratch,200,62,0.12560205,0,0.0,True,-0.0030758423909060845,-0.002101325752281033
ViTscratch,200,62,0.22600846,0,0.0,True,0.0022612912085390843,-0.00022663294231359374
ViTscratch,200,62,0.507588,1,0.0,False,-0.004192842319640403,0.0048926038222916355
ViTscratch,200,62,0.9999858,1,1.0,True,0.014772791815239036,0.01901612263231686
ViTscratch,200,62,0.9999949,1,1.0,True,0.025170437101012137,0.023958042507707684
ViTscratch,200,62,0.99999774,1,1.0,True,0.016765260134770525,0.016533293935261956
ViTscratch,200,62,0.4171195,0,0.0,True,0.01356751787397652,0.008765190379178873
ViTscratch,200,62,0.39031053,0,0.0,True,-0.0011373399912859084,-0.0006116651656839301
ViTscratch,200,62,0.9999988,1,1.0,True,0.03547353764382048,0.03837404246413211
ViTscratch,200,62,0.9999969,1,1.0,True,0.02808933974507157,0.027730517715260545
ViTscratch,200,62,0.99999833,1,1.0,True,0.013316146009804436,0.01642338098959445
ViTscratch,200,62,0.22120255,0,0.0,True,-0.0002319921571202542,0.0016558262080473127
ViTscratch,200,62,0.99999154,1,1.0,True,0.008513655052452957,0.013647129591352104
ViTscratch,200,62,0.1592055,0,0.0,True,-0.010272156676271085,-0.0051100725351474995
ViTscratch,200,62,0.99999833,1,1.0,True,0.02851991986202778,0.031160278582981156
ViTscratch,200,62,0.99999666,1,1.0,True,0.02419902036270585,0.029856626255211818
ViTscratch,200,62,0.1571316,0,0.0,True,-0.003930624370182312,0.0029876811731959795
ViTscratch,200,62,0.3529988,0,0.0,True,0.005300092970378951,-0.0037116007485799526
ViTscratch,200,62,0.30355397,0,0.0,True,-0.0015271992068086615,0.000913461587137233
ViTscratch,200,62,0.3253804,0,0.0,True,-0.005377654898967705,0.0007797840759062711
ViTscratch,200,62,0.20043652,0,0.0,True,-0.00618915227423868,0.0004197383996685179
ViTscratch,200,62,0.19747205,0,0.0,True,-0.007160038014480575,-0.00382591642884825
ViTscratch,200,62,0.99999833,1,1.0,True,0.02861285562516114,0.024432628742535937
ViTscratch,200,62,0.16843301,0,0.0,True,-0.004808591119765005,0.0014537403745513173
ViTscratch,200,62,0.9998919,1,1.0,True,0.010001922688921734,0.01952887764957673
ViTscratch,200,62,0.24709441,0,0.0,True,0.0005791359268261318,0.001815808541933989
ViTscratch,200,62,0.99999464,1,1.0,True,0.02758725000692152,0.02929557847489263
ViTscratch,200,63,0.17636624,0,0.0,True,0.004886535752047541,0.0052296249298942445
ViTscratch,200,63,0.78270775,1,0.0,False,-0.00020142901723717326,0.0013344511605031934
ViTscratch,200,63,0.16688226,0,0.0,True,-0.005314592811889283,-0.000787586847721734
ViTscratch,200,63,0.9999981,1,1.0,True,0.03127480384450437,0.023471971100699242
ViTscratch,200,63,0.9999982,1,1.0,True,0.02443639329350666,0.022128977338749425
ViTscratch,200,63,0.99999785,1,1.0,True,0.029551661178142664,0.027565040659598507
ViTscratch,200,63,0.30867618,0,0.0,True,0.0015476439760878106,0.0019782177927535655
ViTscratch,200,63,0.9999969,1,1.0,True,0.03824206685202284,0.03415431524028499
ViTscratch,200,63,0.99999845,1,1.0,True,0.03180684079524549,0.02523674578327143
ViTscratch,200,63,0.19657211,0,0.0,True,0.013495882501432766,0.0015637241560026137
ViTscratch,200,63,0.99999917,1,1.0,True,0.038851874567794945,0.04399228243979109
ViTscratch,200,63,0.9999975,1,1.0,True,0.02499672218277472,0.021440592270874394
ViTscratch,200,63,0.999997,1,1.0,True,0.02441073998635541,0.01883368978072127
ViTscratch,200,63,0.44423026,0,0.0,True,-0.008666963879498127,-0.0020362624970712145
ViTscratch,200,63,0.17621939,0,0.0,True,-0.008595129857911925,-0.0023942463528079175
ViTscratch,200,63,0.9999962,1,1.0,True,0.03445438731759227,0.022322655321051713
ViTscratch,200,63,0.9999981,1,1.0,True,0.01857707067873857,0.01721227484144221
ViTscratch,200,63,0.27000874,0,0.0,True,-0.003117354731774108,-0.00481100151065316
ViTscratch,200,63,0.9999933,1,1.0,True,0.02225883994825864,0.026243770722194006
ViTscratch,200,63,0.39038357,0,0.0,True,-0.0012644228571328986,-0.0022734141835376773
ViTscratch,200,63,0.99999285,1,1.0,True,0.015174078572442523,0.023726703274054475
ViTscratch,200,63,0.9999534,1,1.0,True,0.009646843229409844,0.01914113101789112
ViTscratch,200,63,0.2681629,0,0.0,True,-0.007238942647893853,-0.0011848867748218837
ViTscratch,200,63,0.14240386,0,0.0,True,-0.003472715638509771,-0.00819374720171387
ViTscratch,200,63,0.16768308,0,0.0,True,0.0018024364696788,-0.002730632618804481
ViTscratch,200,63,0.26134908,0,0.0,True,0.0026100013316531635,0.0020119346434373363
ViTscratch,200,63,0.99999297,1,1.0,True,0.013288859487483545,0.01543860310353999
ViTscratch,200,63,0.99999356,1,1.0,True,0.02068677370521192,0.022624838411488123
ViTscratch,200,63,0.34631014,0,0.0,True,0.0026949498626755203,0.0021464141490372727
ViTscratch,200,63,0.9869624,1,0.0,False,0.003139895688795792,0.002166502118985593
ViTscratch,200,63,0.16565807,0,0.0,True,-0.005797790816845131,-0.0020826791684634815
ViTscratch,200,63,0.9999968,1,1.0,True,0.009562578642056245,0.01621103315292486
ViTscratch,200,63,0.9999963,1,1.0,True,0.027135678391959798,0.028035264483627205
ViTscratch,200,63,0.99999774,1,1.0,True,0.023890994861696675,0.02654836263190793
ViTscratch,200,63,0.9999958,1,1.0,True,0.019490797462006756,0.023241663629283902
ViTscratch,200,63,0.99999714,1,1.0,True,0.021633346272700707,0.02669509416830524
ViTscratch,200,63,0.18063529,0,0.0,True,0.0007568707736145547,-0.0016563513741754403
ViTscratch,200,63,0.99999666,1,1.0,True,0.029998473275467806,0.02198961685700199
ViTscratch,200,63,0.9999949,1,1.0,True,0.016027550665137103,0.020525733593724713
ViTscratch,200,63,0.999998,1,1.0,True,0.03037720857241036,0.034036623503716425
ViTscratch,200,63,0.28562927,0,0.0,True,0.006822357610310407,0.0029097868032102454
ViTscratch,200,63,0.99999833,1,1.0,True,0.021115762509729304,0.02427210803844137
ViTscratch,200,63,0.9999962,1,1.0,True,0.03393252787034675,0.0283539139478062
ViTscratch,200,63,0.3649392,0,0.0,True,6.76064000417164e-05,0.003849503044267737
ViTscratch,200,63,0.9999982,1,1.0,True,0.031116083854481058,0.031225218475499257
ViTscratch,200,63,0.99999595,1,1.0,True,0.017386633660300667,0.020830937558689235
ViTscratch,200,63,0.1851225,0,0.0,True,-0.0031514207949773247,-0.004067807900159108
ViTscratch,200,63,0.26126102,0,0.0,True,-0.011709732248450106,-0.004906231038770743
ViTscratch,200,63,0.9999987,1,1.0,True,0.033857420870829866,0.032937690632071484
ViTscratch,200,63,0.99999595,1,1.0,True,0.0211417278750495,0.027469827790908372
ViTscratch,200,63,0.9999894,1,1.0,True,0.03440106711696906,0.024191653496794436
ViTscratch,200,63,0.13426812,0,0.0,True,-0.0016190742315787944,-0.0011705087715150736
ViTscratch,200,63,0.9999949,1,1.0,True,0.030196647353712705,0.028357292544335114
ViTscratch,200,63,0.9999982,1,1.0,True,0.02825762028943134,0.03323875830817889
ViTscratch,200,63,0.9999926,1,1.0,True,0.009436303405134685,0.017024210130710753
ViTscratch,200,63,0.9999969,1,1.0,True,0.02059189280288784,0.024332830930334014
ViTscratch,200,63,0.99997246,1,1.0,True,0.02968098769320468,0.02698572308103889
ViTscratch,200,63,0.1726305,0,0.0,True,0.006361565479015513,0.0011386869161480264
ViTscratch,200,63,0.45936674,0,0.0,True,-0.002651917157825364,-0.0018009411268958705
ViTscratch,200,63,0.9999864,1,1.0,True,-0.00010116444232260638,0.023652583877154472
ViTscratch,200,63,0.99999785,1,1.0,True,0.032159969567544605,0.036925935006192775
ViTscratch,200,63,0.99999714,1,1.0,True,0.024533434446864566,0.02436243642548321
ViTscratch,200,63,0.99986064,1,1.0,True,0.01912020162310817,0.023274826203137578
ViTscratch,200,63,0.4083748,0,0.0,True,0.0037635435668836315,-0.0022478019532354023
ViTscratch,200,63,0.27180254,0,0.0,True,0.006319128828488223,0.008148479611714641
ViTscratch,200,63,0.22248518,0,0.0,True,-0.003228339568602011,0.0021857412924658395
ViTscratch,200,63,0.999998,1,1.0,True,0.022338144238314258,0.024033516243692914
ViTscratch,200,63,0.2641892,0,0.0,True,0.004294954363861863,0.0025173722998903963
ViTscratch,200,63,0.9999949,1,1.0,True,0.022824966315826027,0.017821651172578574
ViTscratch,200,63,0.3851632,0,0.0,True,-0.004900065089177125,-0.0013849947099065817
ViTscratch,200,63,0.25328672,0,0.0,True,-0.0027990350964709984,0.0003423029093241414
ViTscratch,200,63,0.30607182,0,0.0,True,-0.004288470361527755,0.002527410584108219
ViTscratch,200,63,0.99999523,1,1.0,True,0.01791302651380885,0.016297583716717433
ViTscratch,200,63,0.16598839,0,0.0,True,-0.0014774820822540428,-0.0005756790363721036
ViTscratch,200,63,0.43942916,0,0.0,True,-0.004650553196852955,-1.0561253836999258e-06
ViTscratch,200,63,0.99999857,1,1.0,True,0.023918901578823967,0.026447664482558406
ViTscratch,200,63,0.2359317,0,0.0,True,-0.0029652189569252616,-0.0015370863971790054
ViTscratch,200,63,0.2139737,0,0.0,True,-0.006215928035915216,0.0033179705968315455
ViTscratch,200,63,0.99999917,1,1.0,True,0.03683035230065266,0.03304914016929352
ViTscratch,200,63,0.9999975,1,1.0,True,0.024466035005814155,0.0159127253794584
ViTscratch,200,63,0.3529271,0,0.0,True,0.0007658958937112047,0.002553790044045345
ViTscratch,200,63,0.999998,1,1.0,True,0.02660618843017059,0.02935939701961795
ViTscratch,200,63,0.9999964,1,1.0,True,0.03396351220637969,0.026392741941342224
ViTscratch,200,63,0.24719204,0,0.0,True,-0.0022321698833910352,-0.003337999896127199
ViTscratch,200,63,0.6125273,1,0.0,False,0.0038607331784575407,0.0061870400971043285
ViTscratch,200,63,0.14399447,0,0.0,True,-0.0025073318445011125,-0.002362736843914513
ViTscratch,200,63,0.16656609,0,0.0,True,-0.0023585326241552084,0.001763297747414606
ViTscratch,200,63,0.99999714,1,1.0,True,0.030277401675270692,0.030260134685681273
ViTscratch,200,63,0.99999726,1,1.0,True,0.025792226871712037,0.027491947376792097
ViTscratch,200,63,0.43886042,0,0.0,True,-0.0014070351758793968,-0.0009068010075566751
ViTscratch,200,63,0.1669627,0,0.0,True,9.55043642029563e-05,-0.0008617193768599313
ViTscratch,200,63,0.45893458,0,0.0,True,0.004901625749744656,0.0025973850964605464
ViTscratch,200,63,0.99999774,1,1.0,True,0.027785542097886674,0.023750888163855084
ViTscratch,200,63,0.17765458,0,0.0,True,-0.009016642658479596,-0.001910343941755407
ViTscratch,200,63,0.2759029,0,0.0,True,0.0001389266887907055,0.0031875569543097907
ViTscratch,200,63,0.31989428,0,0.0,True,-0.005412580721631822,0.00044031226615727655
ViTscratch,200,63,0.182389,0,0.0,True,-0.007738976916628363,-0.005365614158244928
ViTscratch,200,63,0.9999964,1,1.0,True,0.033025028886695916,0.02712446704814744
ViTscratch,200,63,0.99999654,1,1.0,True,0.033315354923364314,0.029041860276085386
ViTscratch,200,63,0.9999958,1,1.0,True,0.022394321575493974,0.022777348520934305
ViTscratch,200,64,0.17488973,0,0.0,True,-0.0053783894726726605,-0.003225635212841516
ViTscratch,200,64,0.9999989,1,1.0,True,0.04214701845225512,0.03811961513243454
ViTscratch,200,64,0.18366304,0,0.0,True,0.0030627610256841486,0.001908892927684656
ViTscratch,200,64,0.99999785,1,1.0,True,0.026182329224604787,0.028993463636622054
ViTscratch,200,64,0.24592674,0,0.0,True,0.003051733218801475,0.002733650339945009
ViTscratch,200,64,0.999998,1,1.0,True,0.02241121037668478,0.02173722016983648
ViTscratch,200,64,0.9999982,1,1.0,True,0.026530009104375724,0.030595953178670674
ViTscratch,200,64,0.9999982,1,1.0,True,0.026591808170991427,0.025692085120032158
ViTscratch,200,64,0.9999987,1,1.0,True,0.03114343760607756,0.028832049469795364
ViTscratch,200,64,0.9999987,1,1.0,True,0.03939636419450815,0.029018081022365024
ViTscratch,200,64,0.9999982,1,1.0,True,0.04060119046349003,0.03029857027234672
ViTscratch,200,64,0.13973027,0,0.0,True,-0.001318176258838472,-0.004142322473681462
ViTscratch,200,64,0.16086279,0,0.0,True,0.0038057110348640355,-0.003942654715313583
ViTscratch,200,64,0.4264637,0,0.0,True,0.00021697107738586285,-1.246573811120142e-05
ViTscratch,200,64,0.10366087,0,0.0,True,-0.005429145226103603,-0.0010343256311833174
ViTscratch,200,64,0.9999988,1,1.0,True,0.029411164104560652,0.028835054567816525
ViTscratch,200,64,0.9999974,1,1.0,True,0.034126485490472556,0.031172338516607948
ViTscratch,200,64,0.99999785,1,1.0,True,0.023440694285064373,0.02586262083092612
ViTscratch,200,64,0.20575434,0,0.0,True,-0.006853858639872715,-0.0006483651445000585
ViTscratch,200,64,0.2710578,0,0.0,True,-0.002525097683267198,-0.0013727810261728443
ViTscratch,200,64,0.3947399,0,0.0,True,0.005047487996253691,0.0029459804505220333
ViTscratch,200,64,0.9999956,1,1.0,True,0.027776033903910386,0.025602857629755983
ViTscratch,200,64,0.9999982,1,1.0,True,0.03727608975688733,0.03195453803693613
ViTscratch,200,64,0.999928,1,1.0,True,0.025977478252574463,0.02198900057957869
ViTscratch,200,64,0.2802253,0,0.0,True,-0.003568347081514164,-0.003804066643220943
ViTscratch,200,64,0.99999833,1,1.0,True,0.03293691602397502,0.03029469694271947
ViTscratch,200,64,0.9999943,1,1.0,True,0.025174040249360742,0.023575129368525204
ViTscratch,200,64,0.20725815,0,0.0,True,0.005003868916285341,0.0012870266920150968
ViTscratch,200,64,0.9999975,1,1.0,True,0.01406264966466881,0.017700644083002436
ViTscratch,200,64,0.9999982,1,1.0,True,0.017961560089716926,0.02271944860177786
ViTscratch,200,64,0.9999975,1,1.0,True,0.029334696905885745,0.02854950652459273
ViTscratch,200,64,0.15293604,0,0.0,True,0.0032407498761972443,0.001255288277440439
ViTscratch,200,64,0.13471651,0,0.0,True,-0.0018093679276883347,-0.0016878906478946935
ViTscratch,200,64,0.9999988,1,1.0,True,0.03445638770087621,0.03406448777648294
ViTscratch,200,64,0.9999883,1,1.0,True,0.006171279712238818,0.012157371070596537
ViTscratch,200,64,0.51602,1,0.0,False,-0.0019518870167604563,-0.0041229835285222305
ViTscratch,200,64,0.9999987,1,1.0,True,0.03822038830744395,0.03136769011912615
ViTscratch,200,64,0.30127397,0,0.0,True,-0.0015614461078033205,-0.001996921139813848
ViTscratch,200,64,0.9999981,1,1.0,True,0.04199849724803619,0.037991101959666575
ViTscratch,200,64,0.30211872,0,0.0,True,-0.005955553198969411,0.0018149278665775476
ViTscratch,200,64,0.99999607,1,1.0,True,0.011609290646060803,0.016500378519980055
ViTscratch,200,64,0.9999989,1,1.0,True,0.03476217089344768,0.03152510007612892
ViTscratch,200,64,0.19468357,0,0.0,True,0.001773960982585685,-0.0027811487719417395
ViTscratch,200,64,0.99995744,1,1.0,True,0.02524371135059138,0.02261270422309199
ViTscratch,200,64,0.999995,1,1.0,True,0.029093044102561392,0.020401691369809002
ViTscratch,200,64,0.9999937,1,1.0,True,0.018090001175833422,0.018891341070487924
ViTscratch,200,64,0.99999845,1,1.0,True,0.027939578118530657,0.03198977354404351
ViTscratch,200,64,0.34420857,0,0.0,True,-0.006253585391209304,-0.0034723190158407477
ViTscratch,200,64,0.21839727,0,0.0,True,0.007432678363777267,0.0027407129732814686
ViTscratch,200,64,0.99999774,1,1.0,True,0.04087748983077077,0.0318857754097263
ViTscratch,200,64,0.16934727,0,0.0,True,-0.0019218947485306497,-0.0008177738173965493
ViTscratch,200,64,0.20759179,0,0.0,True,-0.0012194734812650588,-0.0004918240349208617
ViTscratch,200,64,0.26524153,0,0.0,True,-0.0037050736964847936,0.00038994277157370754
ViTscratch,200,64,0.9999989,1,1.0,True,0.03566690894192544,0.03706746962742332
ViTscratch,200,64,0.14225408,0,0.0,True,-0.0027914742889533946,0.0011614645160528136
ViTscratch,200,64,0.1969661,0,0.0,True,0.0006466079455662637,0.0019079170853205651
ViTscratch,200,64,0.5798506,1,0.0,False,0.0035425350887704947,0.0016360556114991373
ViTscratch,200,64,0.9999974,1,1.0,True,0.03028402223281875,0.028192370473416325
ViTscratch,200,64,0.3790704,0,0.0,True,-0.007639039734991925,-0.001637600287281407
ViTscratch,200,64,0.99999726,1,1.0,True,0.02974544275803929,0.030716052261663768
ViTscratch,200,64,0.16009346,0,0.0,True,-0.007538784046098406,-0.004560405280820684
ViTscratch,200,64,0.9999943,1,1.0,True,0.02112669310252607,0.015607233453806693
ViTscratch,200,64,0.25620157,0,0.0,True,-0.0025579595108743483,-0.0009273426690126653
ViTscratch,200,64,0.9999913,1,1.0,True,0.029039661020870276,0.026993370959564354
ViTscratch,200,64,0.999997,1,1.0,True,0.02447757972877908,0.02306283821301385
ViTscratch,200,64,0.99999857,1,1.0,True,0.01650410662048504,0.029444751445910945
ViTscratch,200,64,0.42447478,0,0.0,True,0.013239551412605941,0.00608855057045516
ViTscratch,200,64,0.23815982,0,0.0,True,-0.001156309561567424,0.0013344629460770197
ViTscratch,200,64,0.999998,1,1.0,True,0.02962721203330678,0.031338027269759997
ViTscratch,200,64,0.36181474,0,0.0,True,0.0017291199688748901,0.003746941804907645
ViTscratch,200,64,0.23190206,0,0.0,True,-0.0011760259226444552,0.000813253341941688
ViTscratch,200,64,0.20817715,0,0.0,True,-0.006887626537008648,-0.0022450645032227254
ViTscratch,200,64,0.27178934,0,0.0,True,0.002235281441904525,-0.0024666502617232268
ViTscratch,200,64,0.99999845,1,1.0,True,0.023985534358078188,0.021925464419026
ViTscratch,200,64,0.2180153,0,0.0,True,0.00219024624215981,0.008366769294300413
ViTscratch,200,64,0.8535421,1,0.0,False,-0.0020390076598816643,0.0032461668363477207
ViTscratch,200,64,0.73872423,1,0.0,False,0.005013507403352321,0.005782810728361486
ViTscratch,200,64,0.17267612,0,0.0,True,-0.004124431654613318,-0.002472808314163763
ViTscratch,200,64,0.23980387,0,0.0,True,0.0035561055172535225,-0.001296219432905959
ViTscratch,200,64,0.92071605,1,0.0,False,0.0010908585059591202,0.007316337916325186
ViTscratch,200,64,0.99999845,1,1.0,True,0.02235831160128538,0.026924266156063175
ViTscratch,200,64,0.24249466,0,0.0,True,0.006589488899472743,0.002957267493626324
ViTscratch,200,64,0.9999982,1,1.0,True,0.02804536711494834,0.03198592100074162
ViTscratch,200,64,0.24224682,0,0.0,True,-0.006549555442309952,-0.004097726299383915
ViTscratch,200,64,0.20713893,0,0.0,True,0.0036672079999644494,0.004028782994236167
ViTscratch,200,64,0.9999988,1,1.0,True,0.02495471523177573,0.026323258832921283
ViTscratch,200,64,0.14814998,0,0.0,True,-0.002392654467374249,-0.001539644953918464
ViTscratch,200,64,0.19725958,0,0.0,True,-0.002531847215777128,-0.004477001093787706
ViTscratch,200,64,0.19373553,0,0.0,True,-0.009554425202254944,-0.004966365991753942
ViTscratch,200,64,0.99999654,1,1.0,True,0.03215454435286447,0.02387710528211085
ViTscratch,200,64,0.28574792,0,0.0,True,-0.001272363482263625,-0.0018807357855487744
ViTscratch,200,64,0.17335531,0,0.0,True,-0.0006031365789118312,-0.00047872168868476507
ViTscratch,200,64,0.9999968,1,1.0,True,0.021175566424197552,0.023724647780462106
ViTscratch,200,64,0.30181503,0,0.0,True,-0.0019412594748237622,0.0012265074561867107
ViTscratch,200,64,0.99999714,1,1.0,True,0.019895678414340368,0.021027924818750186
ViTscratch,200,64,0.14354154,0,0.0,True,-0.007347077696053698,0.002584380807423078
ViTscratch,200,64,0.46051255,0,0.0,True,-0.00011745187017610257,0.000636804041511004
ViTscratch,200,64,0.99999785,1,1.0,True,0.03412412732557692,0.02570892982752264
ViTscratch,200,64,0.17482583,0,0.0,True,-0.008925573861240054,-0.005145206135000629
ViTscratch,200,64,0.45442286,0,0.0,True,0.003843940319616828,0.005466194589380915
ViTscratch,200,65,0.1496496,0,0.0,True,-0.0025538344865448912,-0.007546537071739276
ViTscratch,200,65,0.28590336,0,0.0,True,0.0029257279583287514,0.005579471961951596
ViTscratch,200,65,0.23937888,0,0.0,True,0.0031085086409238603,0.0020820029107957634
ViTscratch,200,65,0.9999981,1,1.0,True,0.033255143168449054,0.030792504416107185
ViTscratch,200,65,0.9999982,1,1.0,True,0.01645596313368445,0.03161567186377762
ViTscratch,200,65,0.18738878,0,0.0,True,-0.003622775524182684,-0.003455534407406871
ViTscratch,200,65,0.9999987,1,1.0,True,0.03760059634691251,0.02975544390095892
ViTscratch,200,65,0.99999857,1,1.0,True,0.029696145429786793,0.03133260307614344
ViTscratch,200,65,0.20586286,0,0.0,True,-0.007237298694580326,-0.006374094535301623
ViTscratch,200,65,0.9999969,1,1.0,True,0.01917125721167354,0.027106993579425694
ViTscratch,200,65,0.45391494,0,0.0,True,-0.007743399615227973,0.0011301219161588944
ViTscratch,200,65,0.43633398,0,0.0,True,0.0003535774976089177,-0.0019348572870248385
ViTscratch,200,65,0.4275229,0,0.0,True,-0.0058260354747274035,-0.0023036026974603283
ViTscratch,200,65,0.9999988,1,1.0,True,0.033757281141142036,0.031070543348605477
ViTscratch,200,65,0.9999982,1,1.0,True,0.019929215879995042,0.02843396312512169
ViTscratch,200,65,0.999998,1,1.0,True,0.01652826842593098,0.021934016355848338
ViTscratch,200,65,0.3152234,0,0.0,True,0.0035365126198818207,0.0006010623143912077
ViTscratch,200,65,0.16695487,0,0.0,True,-0.0034358247846806964,-0.005736218077790593
ViTscratch,200,65,0.2626853,0,0.0,True,0.009110969566144062,0.0025113333119608566
ViTscratch,200,65,0.31310812,0,0.0,True,0.00310218328798693,0.0003895186725061984
ViTscratch,200,65,0.99999774,1,1.0,True,0.02881625429935183,0.02255555341470965
ViTscratch,200,65,0.24782129,0,0.0,True,-0.005540076623496903,-0.005678468756672588
ViTscratch,200,65,0.19162138,0,0.0,True,0.00255412311924724,0.0006213018777777842
ViTscratch,200,65,0.19950446,0,0.0,True,-0.002079210747625061,-0.004503094346423803
ViTscratch,200,65,0.99999833,1,1.0,True,0.036050462017473674,0.037454573824887136
ViTscratch,200,65,0.9999974,1,1.0,True,0.029355088755571676,0.023314804027534726
ViTscratch,200,65,0.23110291,0,0.0,True,-0.003618121380909784,0.0006550170110898907
ViTscratch,200,65,0.382968,0,0.0,True,0.005346386440888594,0.003849146232191642
ViTscratch,200,65,0.9999988,1,1.0,True,0.033051588014877516,0.03512579746848501
ViTscratch,200,65,0.9999975,1,1.0,True,0.029507658549503688,0.022728939082162985
ViTscratch,200,65,0.9999968,1,1.0,True,0.02594676215239677,0.019081120441336426
ViTscratch,200,65,0.38147655,0,0.0,True,0.003673165748713382,0.00022962623820759606
ViTscratch,200,65,0.9999913,1,1.0,True,0.00999247987785747,0.014609155512199271
ViTscratch,200,65,0.25359148,0,0.0,True,-0.0027360614545770307,0.0015901078310816196
ViTscratch,200,65,0.4527526,0,0.0,True,0.003771916678673997,0.002348060193160476
ViTscratch,200,65,0.13326284,0,0.0,True,0.0014384869207926673,0.001065489850549665
ViTscratch,200,65,0.19487032,0,0.0,True,-0.004634424486560412,-0.003738844066304567
ViTscratch,200,65,0.9999981,1,1.0,True,0.022464611030540146,0.027378752101785347
ViTscratch,200,65,0.9999981,1,1.0,True,0.025298414184597197,0.033446216472965244
ViTscratch,200,65,0.9999964,1,1.0,True,0.030001086646014107,0.02801126455949655
ViTscratch,200,65,0.19788103,0,0.0,True,0.004171826331913386,0.003174242557644651
ViTscratch,200,65,0.9999957,1,1.0,True,0.034063246814981386,0.029663614238927025
ViTscratch,200,65,0.99999785,1,1.0,True,0.03618180888500336,0.030580851007537276
ViTscratch,200,65,0.117800854,0,0.0,True,-0.0036781944118139246,-0.004669840779154467
ViTscratch,200,65,0.13681978,0,0.0,True,-0.008637362573131052,-0.0025602805570588186
ViTscratch,200,65,0.9999982,1,1.0,True,0.017142553307249186,0.02143520683605344
ViTscratch,200,65,0.5479223,1,0.0,False,-0.003820875025268686,-0.0027728991486592578
ViTscratch,200,65,0.9999981,1,1.0,True,0.025783761797198608,0.020337562083512783
ViTscratch,200,65,0.10181709,0,0.0,True,-0.011767776297699192,-0.00517414076192181
ViTscratch,200,65,0.9999981,1,1.0,True,0.028241126556748555,0.027808544890659165
ViTscratch,200,65,0.17129768,0,0.0,True,-0.00410565899857727,-0.003559227998075847
ViTscratch,200,65,0.3290402,0,0.0,True,0.004567878971689692,0.0033474911504933805
ViTscratch,200,65,0.2878541,0,0.0,True,0.0038557137879764985,0.001572797633369321
ViTscratch,200,65,0.316201,0,0.0,True,0.0044200664625389475,0.0075318336366105515
ViTscratch,200,65,0.999998,1,1.0,True,0.02801468043315733,0.030833866281342753
ViTscratch,200,65,0.99999917,1,1.0,True,0.05100320248178413,0.045413288187589794
ViTscratch,200,65,0.1931084,0,0.0,True,-0.0005923884609919393,0.0011206503073826679
ViTscratch,200,65,0.20501074,0,0.0,True,0.004150759579734975,0.0021441071366290025
ViTscratch,200,65,0.9999982,1,1.0,True,0.027489080927639607,0.027124025660059677
ViTscratch,200,65,0.10517387,0,0.0,True,-0.002414749576835843,-0.004562743796525758
ViTscratch,200,65,0.99999714,1,1.0,True,0.014953314058643663,0.016047004236378535
ViTscratch,200,65,0.99999845,1,1.0,True,0.016921120290903764,0.02464862067109157
ViTscratch,200,65,0.9999969,1,1.0,True,0.023157123997207756,0.021428014915628693
ViTscratch,200,65,0.23935305,0,0.0,True,0.008743358122477349,0.005591817932444902
ViTscratch,200,65,0.999998,1,1.0,True,0.027225477942768136,0.028956016414170775
ViTscratch,200,65,0.9999943,1,1.0,True,0.03346376859865346,0.03588603316568531
ViTscratch,200,65,0.33503687,0,0.0,True,0.004771788123910574,-0.0007827423849648563
ViTscratch,200,65,0.99999464,1,1.0,True,0.013678916106873594,0.02207500437267058
ViTscratch,200,65,0.4873286,0,0.0,True,-0.0020300452959638887,0.004061348480924416
ViTscratch,200,65,0.99999833,1,1.0,True,0.02479956987689525,0.02833184639542437
ViTscratch,200,65,0.99999857,1,1.0,True,0.03414402768344553,0.03491335573876961
ViTscratch,200,65,0.34176087,0,0.0,True,-0.007542698636166113,-0.002750941492605603
ViTscratch,200,65,0.31760883,0,0.0,True,-0.0021621892538003355,-0.0027724193895885736
ViTscratch,200,65,0.17986327,0,0.0,True,-0.004250215862325594,-0.002999291658610073
ViTscratch,200,65,0.99999833,1,1.0,True,0.040602768537965475,0.037607921043647484
ViTscratch,200,65,0.1945481,0,0.0,True,-0.009489658475768357,-0.001980717816319015
ViTscratch,200,65,0.2264099,0,0.0,True,0.0024096632154042854,-0.00048068577841574826
ViTscratch,200,65,0.43620107,0,0.0,True,0.0026059530345125363,0.0005473070805096232
ViTscratch,200,65,0.99999475,1,1.0,True,0.02316657067044905,0.022922766063242242
ViTscratch,200,65,0.9999945,1,1.0,True,0.018134356567998156,0.02482925441026638
ViTscratch,200,65,0.40993032,0,0.0,True,-0.008185672454715612,-0.005031045009862335
ViTscratch,200,65,0.9999982,1,1.0,True,0.040337296549634326,0.03442048458381518
ViTscratch,200,65,0.30091354,0,0.0,True,-0.0009611646788987617,0.0016821940557351994
ViTscratch,200,65,0.99999833,1,1.0,True,0.04442695586404922,0.03595412242311282
ViTscratch,200,65,0.3419702,0,0.0,True,-0.00045377307843246455,0.0009559233535451224
ViTscratch,200,65,0.99999845,1,1.0,True,0.04006268728881583,0.03522188823751332
ViTscratch,200,65,0.99999785,1,1.0,True,0.04195462007985208,0.03649346587314635
ViTscratch,200,65,0.39978117,0,0.0,True,-0.0022469482723900184,0.003462504681850842
ViTscratch,200,65,0.99999845,1,1.0,True,0.03652902831761321,0.03800101133414957
ViTscratch,200,65,0.19343825,0,0.0,True,-0.007876711898668636,-0.005379383941001622
ViTscratch,200,65,0.99999917,1,1.0,True,0.037205432969575916,0.03231337471085133
ViTscratch,200,65,0.9999968,1,1.0,True,0.01909547738693467,0.021410579345088162
ViTscratch,200,65,0.99999225,1,1.0,True,0.025476269837836015,0.023497291258400686
ViTscratch,200,65,0.9999976,1,1.0,True,0.01928610988467565,0.020213146743242465
ViTscratch,200,65,0.30647656,0,0.0,True,-0.001257825129580886,0.0018622725759748417
ViTscratch,200,65,0.99999845,1,1.0,True,0.02532755413343832,0.025743405159497995
ViTscratch,200,65,0.99999857,1,1.0,True,0.03612654141096872,0.03752504014481637
ViTscratch,200,65,0.11155235,0,0.0,True,-0.010905296627612618,-0.010706167859479199
ViTscratch,200,65,0.3317028,0,0.0,True,-0.0030455198045678507,0.0017372704763592127
ViTscratch,200,65,0.9999987,1,1.0,True,0.0437247878259772,0.03916693598626062
ViTscratch,200,66,0.9999981,1,1.0,True,0.01912677136608221,0.019579627701999506
ViTscratch,200,66,0.22916052,0,0.0,True,-0.014282250037589747,-0.0055767033168464914
ViTscratch,200,66,0.9999987,1,1.0,True,0.03638070905972085,0.030824601172303706
ViTscratch,200,66,0.9999993,1,1.0,True,0.03786262998284464,0.0358718665699672
ViTscratch,200,66,0.5314946,1,0.0,False,0.00402316756229869,0.007001856501380735
ViTscratch,200,66,0.99999535,1,1.0,True,0.016621521140466198,0.012597931956655269
ViTscratch,200,66,0.99999845,1,1.0,True,0.03063003793378962,0.025043008937072214
ViTscratch,200,66,0.114437394,0,0.0,True,-0.01058020332467283,-0.005965696579027026
ViTscratch,200,66,0.9999943,1,1.0,True,0.01672567013251022,0.02769888433609353
ViTscratch,200,66,0.32161984,0,0.0,True,0.005469933135529284,0.004047982567416004
ViTscratch,200,66,0.13899423,0,0.0,True,-0.003677680627559785,-0.0022749284251350186
ViTscratch,200,66,0.16448711,0,0.0,True,0.0023793144418357013,0.00188285960827351
ViTscratch,200,66,0.22681825,0,0.0,True,0.002727901644466258,-0.00021113486664850014
ViTscratch,200,66,0.22412668,0,0.0,True,-0.0015963650828616299,-0.0007653123405163455
ViTscratch,200,66,0.99999535,1,1.0,True,0.02475895350826311,0.02170132001192113
ViTscratch,200,66,0.21836285,0,0.0,True,0.00026206221028867783,0.0008158483255990286
ViTscratch,200,66,0.99999785,1,1.0,True,0.022208837700192975,0.027908231324847682
ViTscratch,200,66,0.99999654,1,1.0,True,0.02596336369782718,0.029702740649234886
ViTscratch,200,66,0.9999987,1,1.0,True,0.030164601407758975,0.03172222571886725
ViTscratch,200,66,0.24575126,0,0.0,True,0.002159296664284362,0.0060436347225537755
ViTscratch,200,66,0.52001166,1,0.0,False,0.005871102109839437,0.0032415077307996385
ViTscratch,200,66,0.288692,0,0.0,True,-0.008040444301547602,-0.0005040617431162928
ViTscratch,200,66,0.351414,0,0.0,True,0.007187744159258186,0.002348082310436476
ViTscratch,200,66,0.999997,1,1.0,True,0.019491691307288256,0.020875721549749378
ViTscratch,200,66,0.99999857,1,1.0,True,0.018890993081652985,0.025111427545272715
ViTscratch,200,66,0.21706237,0,0.0,True,0.0013913673392786348,0.0028814700014779585
ViTscratch,200,66,0.99999774,1,1.0,True,0.02386482457036381,0.024911126611119182
ViTscratch,200,66,0.9999974,1,1.0,True,0.021686155463574695,0.021795536766207532
ViTscratch,200,66,0.99999845,1,1.0,True,0.024836001288979875,0.022081396551630814
ViTscratch,200,66,0.99999857,1,1.0,True,0.036520153872052596,0.036433331433135145
ViTscratch,200,66,0.99999845,1,1.0,True,0.02949626827228808,0.0292684035858642
ViTscratch,200,66,0.9999982,1,1.0,True,0.029230889654572878,0.02683708383916199
ViTscratch,200,66,0.15953517,0,0.0,True,0.004514769276126882,0.003595556289472122
ViTscratch,200,66,0.29927266,0,0.0,True,0.007124758296432243,0.0037700025902605945
ViTscratch,200,66,0.9999988,1,1.0,True,0.034584815259081456,0.026289658470434168
ViTscratch,200,66,0.21301483,0,0.0,True,-0.003585915453474086,-0.0030918736622009865
ViTscratch,200,66,0.99999154,1,1.0,True,0.013058540385274722,0.02495621682473415
ViTscratch,200,66,0.40914142,0,0.0,True,0.0035078809036113113,0.007102566686398692
ViTscratch,200,66,0.99999595,1,1.0,True,0.014045215756318443,0.021416887074734926
ViTscratch,200,66,0.08640934,0,0.0,True,-0.00811462558253764,-0.004908612667047157
ViTscratch,200,66,0.13592044,0,0.0,True,-0.007945288907463694,-0.0036839536489789576
ViTscratch,200,66,0.99999774,1,1.0,True,0.03224413173596687,0.028649977131405126
ViTscratch,200,66,0.49007627,0,0.0,True,0.007437767754973997,0.0023134520500901054
ViTscratch,200,66,0.999998,1,1.0,True,0.030285524674629968,0.025726993840631873
ViTscratch,200,66,0.99999213,1,1.0,True,0.015105499809354056,0.017786243317306633
ViTscratch,200,66,0.40443742,0,0.0,True,-7.087118061053874e-05,0.0031526642746579287
ViTscratch,200,66,0.79805815,1,0.0,False,0.012842293284239921,0.007937922779439917
ViTscratch,200,66,0.1764781,0,0.0,True,0.0003251364136712215,0.0015122849036352216
ViTscratch,200,66,0.9999976,1,1.0,True,0.03883739922499868,0.03530534971505787
ViTscratch,200,66,0.47368494,0,0.0,True,-0.0033198952441480423,-0.000762630746131971
ViTscratch,200,66,0.3039675,0,0.0,True,-0.005376955189939428,-0.003299793885134498
ViTscratch,200,66,0.31065574,0,0.0,True,0.008326479832346042,0.00547641328594711
ViTscratch,200,66,0.9999982,1,1.0,True,0.028988665741762707,0.028295629587484362
ViTscratch,200,66,0.25353566,0,0.0,True,-3.288808245287487e-05,-0.0030284228284820722
ViTscratch,200,66,0.9999976,1,1.0,True,0.02212548157119389,0.027158345741206368
ViTscratch,200,66,0.2021955,0,0.0,True,0.005272106656683527,0.0018326849024041083
ViTscratch,200,66,0.9999982,1,1.0,True,0.025628157392013417,0.029874662913849506
ViTscratch,200,66,0.23821403,0,0.0,True,0.004371089922494507,-0.002443854448011155
ViTscratch,200,66,0.9999981,1,1.0,True,0.03798843761753857,0.03503635626432816
ViTscratch,200,66,0.43715513,0,0.0,True,-0.0025726405939950742,0.00021693782266326628
ViTscratch,200,66,0.99999785,1,1.0,True,0.025563606859047704,0.02409173281983498
ViTscratch,200,66,0.16403663,0,0.0,True,0.0011926079750174538,0.0018767391404086525
ViTscratch,200,66,0.1773768,0,0.0,True,-0.006845433468209963,-6.268822163314929e-05
ViTscratch,200,66,0.99999857,1,1.0,True,0.04314007625603065,0.03609698336884936
ViTscratch,200,66,0.22730033,0,0.0,True,-0.005196391489787188,-0.003519660891452863
ViTscratch,200,66,0.9999989,1,1.0,True,0.028841857397328384,0.029241508326217105
ViTscratch,200,66,0.24230097,0,0.0,True,0.007038022724610234,-0.00284184102887411
ViTscratch,200,66,0.9999982,1,1.0,True,0.016374483781554636,0.026187126692203546
ViTscratch,200,66,0.99999833,1,1.0,True,0.03449578664754454,0.03309453501477936
ViTscratch,200,66,0.28432834,0,0.0,True,-0.00663733350742399,0.004052312308579448
ViTscratch,200,66,0.15763418,0,0.0,True,0.003796286748266994,-0.0009280122179064721
ViTscratch,200,66,0.3196344,0,0.0,True,-0.0005737634039715955,-0.0002460410274242879
ViTscratch,200,66,0.9999949,1,1.0,True,0.024622202827935445,0.021254561111501976
ViTscratch,200,66,0.99999845,1,1.0,True,0.015020583031134956,0.022018294938553583
ViTscratch,200,66,0.9999982,1,1.0,True,0.03476391844502408,0.02903197153929491
ViTscratch,200,66,0.9999964,1,1.0,True,0.02682831097185034,0.025312354913132593
ViTscratch,200,66,0.99999785,1,1.0,True,0.037832284991436683,0.03382060124076149
ViTscratch,200,66,0.15803123,0,0.0,True,0.003084151230454394,0.003946469528826836
ViTscratch,200,66,0.99999857,1,1.0,True,0.029086642504260924,0.02706615240737483
ViTscratch,200,66,0.25317922,0,0.0,True,0.004873768747352301,2.4196690555686954e-05
ViTscratch,200,66,0.31021655,0,0.0,True,0.0017568939741720248,0.0023408904296498916
ViTscratch,200,66,0.11327474,0,0.0,True,-0.0030113263794131592,0.0010134405138716499
ViTscratch,200,66,0.8396645,1,0.0,False,0.001021102266573975,0.00467718504560532
ViTscratch,200,66,0.9999968,1,1.0,True,0.03703485724869964,0.0308302325186606
ViTscratch,200,66,0.13975415,0,0.0,True,-0.007253081955115716,-0.00336840697095673
ViTscratch,200,66,0.23774737,0,0.0,True,-0.0038266884896964474,-0.0041633604038884345
ViTscratch,200,66,0.31733933,0,0.0,True,0.010209890641371802,0.006325382170459755
ViTscratch,200,66,0.27112666,0,0.0,True,-0.002465682561690041,0.00329705924670098
ViTscratch,200,66,0.999998,1,1.0,True,0.02114784714138346,0.024196517919340393
ViTscratch,200,66,0.99999857,1,1.0,True,0.03406911992420304,0.02559238752706729
ViTscratch,200,66,0.9999976,1,1.0,True,0.021793980714003937,0.02701156814343584
ViTscratch,200,66,0.9999987,1,1.0,True,0.034754886802607764,0.03303177302710869
ViTscratch,200,66,0.25211003,0,0.0,True,-0.0005189881914508388,-0.0019449054307357817
ViTscratch,200,66,0.99999714,1,1.0,True,0.013567913733699307,0.02221624395901322
ViTscratch,200,66,0.1782071,0,0.0,True,-0.004393931096649685,-0.0039758303221990214
ViTscratch,200,66,0.9999974,1,1.0,True,0.022010171533685254,0.024886902456435545
ViTscratch,200,66,0.99999833,1,1.0,True,0.02691687540202074,0.025101635409001007
ViTscratch,200,66,0.14486209,0,0.0,True,-0.007038693564262401,-0.004738337675725717
ViTscratch,200,66,0.5892051,1,0.0,False,0.013982626195331535,0.007519662780210293
ViTscratch,200,66,0.99999714,1,1.0,True,0.022278874041892174,0.023928935534796126
ViTscratch,200,67,0.99999833,1,1.0,True,0.03133921414633797,0.04066172236943225
ViTscratch,200,67,0.390585,0,0.0,True,0.003311547079063295,0.0021865533384964587
ViTscratch,200,67,0.19656233,0,0.0,True,-0.007372658267476989,-0.00323310352230434
ViTscratch,200,67,0.23697972,0,0.0,True,0.006416156592175597,-0.0017013404158733904
ViTscratch,200,67,0.22376864,0,0.0,True,-0.0025723611913072903,0.002535068014048876
ViTscratch,200,67,0.99999654,1,1.0,True,0.043695701664972005,0.035365225936859986
ViTscratch,200,67,0.247263,0,0.0,True,0.00494371128091113,-0.001644656450303648
ViTscratch,200,67,0.99998736,1,1.0,True,0.02024307885197252,0.017370981448161522
ViTscratch,200,67,0.99999857,1,1.0,True,0.040471726358597464,0.036319628442534044
ViTscratch,200,67,0.38689378,0,0.0,True,-0.0070502155626870405,-0.0018542976019632308
ViTscratch,200,67,0.9999976,1,1.0,True,0.020972050712712145,0.031793940124276276
ViTscratch,200,67,0.3179575,0,0.0,True,-0.0021233036486444303,0.001498389262082659
ViTscratch,200,67,0.9999982,1,1.0,True,0.038817499967793045,0.036142006905416135
ViTscratch,200,67,0.99999714,1,1.0,True,0.026217269650901605,0.020129158680081916
ViTscratch,200,67,0.21073088,0,0.0,True,0.015448909784903032,0.005663937164384694
ViTscratch,200,67,0.9999894,1,1.0,True,0.03864027330159356,0.030575411441696707
ViTscratch,200,67,0.99999845,1,1.0,True,0.021388147636917796,0.02292978146815115
ViTscratch,200,67,0.23616412,0,0.0,True,-0.006235081026279823,-0.0034470868406824657
ViTscratch,200,67,0.15268551,0,0.0,True,0.0007971226247192063,-0.002854576164953557
ViTscratch,200,67,0.99999917,1,1.0,True,0.031002712551154388,0.03702677983726309
ViTscratch,200,67,0.99999917,1,1.0,True,0.02003651203847637,0.024396454717898863
ViTscratch,200,67,0.99999833,1,1.0,True,0.024514044945294942,0.028477247937452623
ViTscratch,200,67,0.99999845,1,1.0,True,0.013239378133100606,0.02208681226441042
ViTscratch,200,67,0.34055895,0,0.0,True,-0.0012849578713815862,-0.0005336666448438337
ViTscratch,200,67,0.9999982,1,1.0,True,0.016366010599904765,0.026506801942608668
ViTscratch,200,67,0.9999974,1,1.0,True,0.033255962271444846,0.03913643361869065
ViTscratch,200,67,0.99999833,1,1.0,True,0.035246352150107574,0.03888676149503822
ViTscratch,200,67,0.9999981,1,1.0,True,0.03635027403551342,0.03167845374181985
ViTscratch,200,67,0.9999987,1,1.0,True,0.028582754026982314,0.02532835214598614
ViTscratch,200,67,0.39579898,0,0.0,True,-0.002412779240315773,-0.004837975504995324
ViTscratch,200,67,0.19350696,0,0.0,True,-0.001330622842427063,0.0028715968852853816
ViTscratch,200,67,0.9999982,1,1.0,True,0.031519582743850715,0.02859770817837278
ViTscratch,200,67,0.2789943,0,0.0,True,-0.003681546341936027,-0.0015000945304843969
ViTscratch,200,67,0.5860729,1,0.0,False,0.0035177083015296763,0.0008061651667716473
ViTscratch,200,67,0.24339908,0,0.0,True,0.0023590094365200562,-0.0018929211321482933
ViTscratch,200,67,0.99999845,1,1.0,True,0.03348023244541821,0.036187749757412194
ViTscratch,200,67,0.9999976,1,1.0,True,0.029243909188214543,0.02992295632616483
ViTscratch,200,67,0.99999833,1,1.0,True,0.03257908845068297,0.03573714344195487
ViTscratch,200,67,0.19153957,0,0.0,True,-0.0014706274558927198,-0.0009173228708167781
ViTscratch,200,67,0.19215159,0,0.0,True,-0.004979455457344393,0.001078714238606131
ViTscratch,200,67,0.098131634,0,0.0,True,0.0018011770146144786,-0.002501576670356622
ViTscratch,200,67,0.99999845,1,1.0,True,0.030050157010057327,0.03246891051020521
ViTscratch,200,67,0.99999833,1,1.0,True,0.03300765792114851,0.03235539219059861
ViTscratch,200,67,0.9999987,1,1.0,True,0.039513121969844855,0.03300925363888719
ViTscratch,200,67,0.99999833,1,1.0,True,0.027651388487241347,0.02618308929643923
ViTscratch,200,67,0.28847125,0,0.0,True,0.0007167968735154224,0.0030394028597401984
ViTscratch,200,67,0.18362609,0,0.0,True,-0.004631854269569239,-0.0029284242591335655
ViTscratch,200,67,0.99999857,1,1.0,True,0.05138207201043536,0.038739179961812364
ViTscratch,200,67,0.9999875,1,1.0,True,0.021408648850438354,0.0276095127762754
ViTscratch,200,67,0.1535883,0,0.0,True,-0.0020646891440337344,-0.0042610257278549194
ViTscratch,200,67,0.99999833,1,1.0,True,0.03617657660617235,0.03332390159937599
ViTscratch,200,67,0.9999982,1,1.0,True,0.024029526168407103,0.03181715450652229
ViTscratch,200,67,0.34030163,0,0.0,True,0.0015402566202153245,8.247513934831092e-05
ViTscratch,200,67,0.99999833,1,1.0,True,0.03976760716945965,0.035333588976229006
ViTscratch,200,67,0.24862902,0,0.0,True,-0.004869000217939176,-0.005209366120385084
ViTscratch,200,67,0.99999833,1,1.0,True,0.03365192285080336,0.03426375885961357
ViTscratch,200,67,0.6567473,1,0.0,False,0.01081337057434098,0.005545795144244974
ViTscratch,200,67,0.2964551,0,0.0,True,-0.0012371682860481486,-0.001997207131073629
ViTscratch,200,67,0.99999917,1,1.0,True,0.02512711600788842,0.029102297213757764
ViTscratch,200,67,0.1400386,0,0.0,True,-0.00045009510135474287,-0.0016608424888136894
ViTscratch,200,67,0.9999982,1,1.0,True,0.03164530674740867,0.0293752283367168
ViTscratch,200,67,0.99999917,1,1.0,True,0.04220738548600879,0.03695505933840421
ViTscratch,200,67,0.9999993,1,1.0,True,0.034321624723756154,0.03456041028200476
ViTscratch,200,67,0.9999962,1,1.0,True,0.02603013149348138,0.022821169376333876
ViTscratch,200,67,0.99999833,1,1.0,True,0.026580232111793806,0.026446224367652746
ViTscratch,200,67,0.35029837,0,0.0,True,-0.0012629789991421899,-0.0026268898437571
ViTscratch,200,67,0.99999845,1,1.0,True,0.025633207374901146,0.03204718081957907
ViTscratch,200,67,0.9999976,1,1.0,True,0.023114518511004132,0.02385274890711004
ViTscratch,200,67,0.20877698,0,0.0,True,0.0055698789532355195,0.0031904091235326793
ViTscratch,200,67,0.9999981,1,1.0,True,0.030763863526095368,0.030507429001065064
ViTscratch,200,67,0.11644789,0,0.0,True,-0.004510917902622057,-0.004069967413728674
ViTscratch,200,67,0.19688888,0,0.0,True,-0.011437715046614555,-0.01129154318870239
ViTscratch,200,67,0.99999774,1,1.0,True,0.0377332135834373,0.026263541422800834
ViTscratch,200,67,0.17307128,0,0.0,True,0.005325819339035139,0.0028957468543695563
ViTscratch,200,67,0.15318857,0,0.0,True,-0.004282822115040569,-0.0037407705647513976
ViTscratch,200,67,0.25284874,0,0.0,True,0.004967447688262186,0.0012051243986670437
ViTscratch,200,67,0.99999917,1,1.0,True,0.04511139514916929,0.03633829425908518
ViTscratch,200,67,0.99999917,1,1.0,True,0.03827284467261315,0.03501704421897828
ViTscratch,200,67,0.13484468,0,0.0,True,-0.0015695927942584644,-0.002833416799557002
ViTscratch,200,67,0.99999714,1,1.0,True,0.029825800844445888,0.03095394357553356
ViTscratch,200,67,0.413571,0,0.0,True,0.003505963355820878,0.0022558062533877734
ViTscratch,200,67,0.99999595,1,1.0,True,0.018423012827089757,0.022198968301214556
ViTscratch,200,67,0.99999845,1,1.0,True,0.024311485839454063,0.02792882405049994
ViTscratch,200,67,0.99999845,1,1.0,True,0.03452218973238296,0.03050377287256191
ViTscratch,200,67,0.9999982,1,1.0,True,0.016656097106923482,0.03048087564908127
ViTscratch,200,67,0.9999982,1,1.0,True,0.025819684638483095,0.02462781107096093
ViTscratch,200,67,0.99999905,1,1.0,True,0.025888123045787186,0.025704105996365335
ViTscratch,200,67,0.2230041,0,0.0,True,-0.00043151452481697257,-0.004135293821429093
ViTscratch,200,67,0.36043608,0,0.0,True,-0.0062718901519393,-0.00417101793353793
ViTscratch,200,67,0.14491689,0,0.0,True,-0.0002029480572363485,-0.002042704675172136
ViTscratch,200,67,0.9999981,1,1.0,True,0.027080025101904825,0.03374640251012507
ViTscratch,200,67,0.99999785,1,1.0,True,0.03326649359192764,0.03256954759997938
ViTscratch,200,67,0.999998,1,1.0,True,0.027272810222592682,0.02286096833402628
ViTscratch,200,67,0.9999981,1,1.0,True,0.03839224905364216,0.03498826116390134
ViTscratch,200,67,0.9999989,1,1.0,True,0.045715141154188746,0.04162159905439824
ViTscratch,200,67,0.99999905,1,1.0,True,0.029094828823388173,0.03179334132578631
ViTscratch,200,67,0.9999982,1,1.0,True,0.040904522613065326,0.03244332493702771
ViTscratch,200,67,0.99999905,1,1.0,True,0.03737537116486203,0.033817135292642464
ViTscratch,200,67,0.99999857,1,1.0,True,0.02205898824866832,0.03389720325689164
ViTscratch,200,67,0.9999987,1,1.0,True,0.04080111494654987,0.036625221796556584
ViTscratch,200,68,0.31484777,0,0.0,True,0.0020358708260577603,0.0021424243740458936
ViTscratch,200,68,0.9999981,1,1.0,True,0.036731477943344505,0.03818343034911645
ViTscratch,200,68,0.14545776,0,0.0,True,-0.006935811680404446,-0.000656017748254798
ViTscratch,200,68,0.9999993,1,1.0,True,0.02994969068539461,0.03944558977173528
ViTscratch,200,68,0.9999968,1,1.0,True,0.029013626280495423,0.03626587683370225
ViTscratch,200,68,0.19402418,0,0.0,True,-0.0134573637332085,-0.007495853178369415
ViTscratch,200,68,0.9999989,1,1.0,True,0.05080534912407058,0.04630271344601086
ViTscratch,200,68,0.9999989,1,1.0,True,0.04384381575391502,0.0352897387947906
ViTscratch,200,68,0.9999987,1,1.0,True,0.023316589499489445,0.02393041395498019
ViTscratch,200,68,0.99999917,1,1.0,True,0.045166868380752366,0.03819252779236399
ViTscratch,200,68,0.46614167,0,0.0,True,-0.0036180905386970176,0.0010075767607002082
ViTscratch,200,68,0.32420236,0,0.0,True,0.0010635687802867297,0.0006402902980450249
ViTscratch,200,68,0.99999905,1,1.0,True,0.031203053059309906,0.031055877348628514
ViTscratch,200,68,0.99999917,1,1.0,True,0.049813682528021985,0.039736698707147376
ViTscratch,200,68,0.9999975,1,1.0,True,0.027586103701487626,0.028184895802006588
ViTscratch,200,68,0.99999857,1,1.0,True,0.027972432654251735,0.0352593333222444
ViTscratch,200,68,0.99999857,1,1.0,True,0.025136412588807302,0.03207739798907477
ViTscratch,200,68,0.99999833,1,1.0,True,0.041958174390915585,0.04100644961942514
ViTscratch,200,68,0.9999976,1,1.0,True,0.046080601558081545,0.029396161000118635
ViTscratch,200,68,0.999998,1,1.0,True,0.03243439696960267,0.029268074905814522
ViTscratch,200,68,0.522041,1,0.0,False,0.0009493232570464607,-0.001037812728433058
ViTscratch,200,68,0.9999982,1,1.0,True,0.025397115301183985,0.02992669952745316
ViTscratch,200,68,0.6950235,1,0.0,False,-0.0024016766793343997,-0.0032607920656765343
ViTscratch,200,68,0.3299647,0,0.0,True,0.004792567825767191,0.0030937701746373523
ViTscratch,200,68,0.24232382,0,0.0,True,-0.005363742080960563,-0.002373335854053028
ViTscratch,200,68,0.4972807,0,0.0,True,0.003413463710447251,0.004933923569846144
ViTscratch,200,68,0.9999976,1,1.0,True,0.016029556028912678,0.023802299254157312
ViTscratch,200,68,0.99999833,1,1.0,True,0.041880396626940944,0.036123678609564606
ViTscratch,200,68,0.31336915,0,0.0,True,-7.620214840738941e-06,-0.0011908922068399933
ViTscratch,200,68,0.9999988,1,1.0,True,0.042145500431157557,0.03386001626979375
ViTscratch,200,68,0.99999774,1,1.0,True,0.02978745260077309,0.019836996952836854
ViTscratch,200,68,0.99999845,1,1.0,True,0.026472866191676388,0.016922992612339843
ViTscratch,200,68,0.33842042,0,0.0,True,-0.0030735404557814304,-0.0057518628141017426
ViTscratch,200,68,0.15213089,0,0.0,True,-0.005149129602864284,-0.0013337262560514478
ViTscratch,200,68,0.99999833,1,1.0,True,0.02582747150578181,0.02604760587655752
ViTscratch,200,68,0.12677735,0,0.0,True,0.003979553814524573,0.000538607768764873
ViTscratch,200,68,0.9999975,1,1.0,True,0.022207928108553338,0.027831116146451132
ViTscratch,200,68,0.14154625,0,0.0,True,-0.0010850554444282953,-0.004113508001295405
ViTscratch,200,68,0.27083868,0,0.0,True,0.00600855025000988,0.0033863308697553766
ViTscratch,200,68,0.9999982,1,1.0,True,0.020417961905133303,0.025132871057770272
ViTscratch,200,68,0.73850095,1,0.0,False,-0.001045544397572054,0.0027811417508318433
ViTscratch,200,68,0.9999958,1,1.0,True,0.026046721916414203,0.02488476581258949
ViTscratch,200,68,0.15395086,0,0.0,True,0.005072723739930036,0.0026678363510641927
ViTscratch,200,68,0.1678849,0,0.0,True,-0.0023216762254687127,-0.0022507032389611037
ViTscratch,200,68,0.20854814,0,0.0,True,-0.010202036495252125,-0.005741847054311963
ViTscratch,200,68,0.26428184,0,0.0,True,-0.003545723732209364,0.001633321940022183
ViTscratch,200,68,0.99999857,1,1.0,True,0.039962673462572075,0.036030799748596416
ViTscratch,200,68,0.99999833,1,1.0,True,0.024671326150538703,0.030322794050730295
ViTscratch,200,68,0.33705336,0,0.0,True,0.002855424957801325,0.005683271660137732
ViTscratch,200,68,0.99999833,1,1.0,True,0.03517912705562987,0.030763732552288595
ViTscratch,200,68,0.99999857,1,1.0,True,0.04689202013248264,0.03778951411322203
ViTscratch,200,68,0.99999917,1,1.0,True,0.04520381068043339,0.03701000763835387
ViTscratch,200,68,0.9999982,1,1.0,True,0.024472559539185826,0.02848891624156007
ViTscratch,200,68,0.4449613,0,0.0,True,-0.003527116547939401,-0.0010662253948529035
ViTscratch,200,68,0.9999975,1,1.0,True,0.01803207588692411,0.023730223128005618
ViTscratch,200,68,0.1838861,0,0.0,True,-0.005548919800921538,-0.007094562848787144
ViTscratch,200,68,0.1642659,0,0.0,True,-0.0016799308237199061,0.000785045629196117
ViTscratch,200,68,0.32053286,0,0.0,True,0.0018235466604750701,-0.002330418935483305
ViTscratch,200,68,0.99999917,1,1.0,True,0.04542557963974176,0.04002403308135717
ViTscratch,200,68,0.9999982,1,1.0,True,0.03257491948421474,0.032259921273406225
ViTscratch,200,68,0.24774723,0,0.0,True,-5.551986672859632e-06,-0.005824523203292507
ViTscratch,200,68,0.99999857,1,1.0,True,0.027158073640804886,0.033278229274641885
ViTscratch,200,68,0.99999857,1,1.0,True,0.04113128414725602,0.03582162855455117
ViTscratch,200,68,0.19287606,0,0.0,True,-0.012470609722914012,-0.007036075919136306
ViTscratch,200,68,0.9999976,1,1.0,True,0.03150663093107965,0.021861510246815416
ViTscratch,200,68,0.390043,0,0.0,True,0.0014347699352717537,-0.0017353085344772958
ViTscratch,200,68,0.697713,1,0.0,False,0.0067668092537182065,-0.0006469529136424844
ViTscratch,200,68,0.99999833,1,1.0,True,0.02577586071668626,0.026460305492271918
ViTscratch,200,68,0.23166704,0,0.0,True,0.0015389274820806313,0.0005345139250184028
ViTscratch,200,68,0.18343963,0,0.0,True,0.000845929677081636,0.0006974889137398302
ViTscratch,200,68,0.26417443,0,0.0,True,-0.005040437368540842,0.0012203841014265348
ViTscratch,200,68,0.58071256,1,0.0,False,0.0036084185462521806,0.009437194394200678
ViTscratch,200,68,0.9999982,1,1.0,True,0.02160581620103355,0.027605964506353074
ViTscratch,200,68,0.18673797,0,0.0,True,-0.002593132864554084,0.0029428170380433293
ViTscratch,200,68,0.9999982,1,1.0,True,0.03361674089192802,0.03269627469903387
ViTscratch,200,68,0.18401083,0,0.0,True,0.004282984677275374,0.002477414119716077
ViTscratch,200,68,0.1429368,0,0.0,True,-0.00027223010258418674,-0.0024658039414843656
ViTscratch,200,68,0.9999982,1,1.0,True,0.03828527584805023,0.03218530301515385
ViTscratch,200,68,0.24505588,0,0.0,True,0.005674675965030781,4.672058990328036e-05
ViTscratch,200,68,0.99999833,1,1.0,True,0.034133405945771036,0.029278872984799902
ViTscratch,200,68,0.99999917,1,1.0,True,0.042557058047345594,0.03848629322652738
ViTscratch,200,68,0.99999905,1,1.0,True,0.021558476069264962,0.037607186849497126
ViTscratch,200,68,0.99999845,1,1.0,True,0.030499103238664553,0.03364721446839781
ViTscratch,200,68,0.27314776,0,0.0,True,0.004258606431699582,1.3187530560334628e-05
ViTscratch,200,68,0.9999988,1,1.0,True,0.0363961568106031,0.03671885383866735
ViTscratch,200,68,0.9999982,1,1.0,True,0.03883226426699439,0.036663977655288664
ViTscratch,200,68,0.23016252,0,0.0,True,0.0018490078086391513,-0.0006433354402337042
ViTscratch,200,68,0.4266354,0,0.0,True,-0.002931601089254598,0.004845201271525969
ViTscratch,200,68,0.99999857,1,1.0,True,0.02632554650950006,0.028490281723662334
ViTscratch,200,68,0.9999982,1,1.0,True,0.029638303519990087,0.03445032671517721
ViTscratch,200,68,0.110285915,0,0.0,True,2.214589846076966e-05,-0.0023710169041313706
ViTscratch,200,68,0.9999982,1,1.0,True,0.030050788777183788,0.032589188608552096
ViTscratch,200,68,0.40784705,0,0.0,True,0.005164993434178854,0.0036922031726842105
ViTscratch,200,68,0.99998987,1,1.0,True,0.024604872119755254,0.026130002620647658
ViTscratch,200,68,0.23317604,0,0.0,True,-0.003620823473488335,-0.0021441402147426183
ViTscratch,200,68,0.9999981,1,1.0,True,0.04000146962103317,0.03418389613462279
ViTscratch,200,68,0.24414434,0,0.0,True,0.0032611213216805217,-8.029984544607368e-05
ViTscratch,200,68,0.99999785,1,1.0,True,0.03989791176578938,0.038084573694004635
ViTscratch,200,68,0.99999833,1,1.0,True,0.028650700797878032,0.03338463922095135
ViTscratch,200,68,0.9999976,1,1.0,True,0.03139603584978128,0.026610601049616694
ViTscratch,200,69,0.9999987,1,1.0,True,0.02452396329205183,0.03347668375611545
ViTscratch,200,69,0.99999857,1,1.0,True,0.034521497744422036,0.037680809230801075
ViTscratch,200,69,0.9999982,1,1.0,True,0.021827233038246723,0.02911943359098736
ViTscratch,200,69,0.4027758,0,0.0,True,0.004357350388611402,0.002028400050048943
ViTscratch,200,69,0.1506408,0,0.0,True,0.00013960826375879749,0.00039311556202810356
ViTscratch,200,69,0.2691775,0,0.0,True,0.005175417109482485,0.002165822815051097
ViTscratch,200,69,0.16160297,0,0.0,True,-0.0028161985475009975,-0.0019417216232811235
ViTscratch,200,69,0.16240501,0,0.0,True,2.049914786691945e-05,-0.002095693680653638
ViTscratch,200,69,0.9999989,1,1.0,True,0.019947297869808964,0.029669492799594764
ViTscratch,200,69,0.57358444,1,0.0,False,0.003504180183262616,0.0068128588347830645
ViTscratch,200,69,0.2905839,0,0.0,True,0.004751081201751801,0.00020324887084906037
ViTscratch,200,69,0.2772094,0,0.0,True,0.0011878084449926587,8.133785154597383e-05
ViTscratch,200,69,0.4653049,0,0.0,True,0.0026131657326658917,0.0011840450851447744
ViTscratch,200,69,0.99999845,1,1.0,True,0.034873867548820284,0.026949710554460136
ViTscratch,200,69,0.56337285,1,0.0,False,0.005778114525839228,0.000381513052636892
ViTscratch,200,69,0.99999833,1,1.0,True,0.01790630754980472,0.023574973442952906
ViTscratch,200,69,0.2416654,0,0.0,True,-0.005710490136952236,-0.005348772236602255
ViTscratch,200,69,0.99999905,1,1.0,True,0.04552655047061497,0.03793316166814803
ViTscratch,200,69,0.12348391,0,0.0,True,0.008619126082699633,0.006852340549873849
ViTscratch,200,69,0.9999982,1,1.0,True,0.04273265559024179,0.031221419078239047
ViTscratch,200,69,0.14310679,0,0.0,True,0.0015444430813654618,0.002732863538102073
ViTscratch,200,69,0.26755086,0,0.0,True,-0.00471522579053122,-0.0022307033225131057
ViTscratch,200,69,0.44746745,0,0.0,True,-0.004272852394891053,0.00032606643253977165
ViTscratch,200,69,0.2705822,0,0.0,True,-0.005106144346374081,-0.0031276690482734014
ViTscratch,200,69,0.9999976,1,1.0,True,0.03813316314689889,0.037425232806164964
ViTscratch,200,69,0.99999857,1,1.0,True,0.027331264070951666,0.027750431288947577
ViTscratch,200,69,0.9999989,1,1.0,True,0.03641527727559104,0.0332880946048895
ViTscratch,200,69,0.99999917,1,1.0,True,0.022482679916511712,0.022843962150042977
ViTscratch,200,69,0.17604268,0,0.0,True,-0.004931479618839006,-0.0019716059851044377
ViTscratch,200,69,0.99999917,1,1.0,True,0.030010877324096172,0.03184434260559498
ViTscratch,200,69,0.9999982,1,1.0,True,0.03837846982698733,0.03149033431877853
ViTscratch,200,69,0.1973899,0,0.0,True,-0.002930277748673556,-0.003366683081203779
ViTscratch,200,69,0.99999845,1,1.0,True,0.04507606528917857,0.03229295328737754
ViTscratch,200,69,0.99999905,1,1.0,True,0.0454849505051048,0.04312748655218145
ViTscratch,200,69,0.49630284,0,0.0,True,0.00039268729977555433,0.0005704741954408191
ViTscratch,200,69,0.99999726,1,1.0,True,0.03371869374676531,0.023248937639134683
ViTscratch,200,69,0.3306308,0,0.0,True,-0.00029040533402783456,5.9238246898021936e-05
ViTscratch,200,69,0.25231656,0,0.0,True,0.0028096666721764514,0.008207766668452118
ViTscratch,200,69,0.15284215,0,0.0,True,0.0036682059080240027,-0.0008817110869176054
ViTscratch,200,69,0.99999774,1,1.0,True,0.036936604306549964,0.03287277009895814
ViTscratch,200,69,0.28415146,0,0.0,True,0.00015084402613483368,0.0013854455969867523
ViTscratch,200,69,0.3781413,0,0.0,True,0.01262052191049979,0.007965886306796675
ViTscratch,200,69,0.99999547,1,1.0,True,0.014565704596998403,0.02832738889762274
ViTscratch,200,69,0.99999917,1,1.0,True,0.037234101199029326,0.03543750871026883
ViTscratch,200,69,0.24999017,0,0.0,True,-0.002010202763854991,-0.002746110888037876
ViTscratch,200,69,0.9999987,1,1.0,True,0.04601525572915233,0.03504568389851938
ViTscratch,200,69,0.9999893,1,1.0,True,0.032646841752539145,0.03344655241215418
ViTscratch,200,69,0.99999905,1,1.0,True,0.030148699481296844,0.03332394005057458
ViTscratch,200,69,0.13186346,0,0.0,True,-0.008521349789097153,-0.009297488948540256
ViTscratch,200,69,0.3135547,0,0.0,True,0.0021564302729539194,-0.0032579402516302574
ViTscratch,200,69,0.999998,1,1.0,True,0.034254997446756294,0.024990841040175387
ViTscratch,200,69,0.27444053,0,0.0,True,-0.000239574122106972,0.002032933647627688
ViTscratch,200,69,0.999998,1,1.0,True,0.024100321011798317,0.026683173243395857
ViTscratch,200,69,0.99999833,1,1.0,True,0.026560795961643045,0.03375701307841187
ViTscratch,200,69,0.99999857,1,1.0,True,0.02440919880634554,0.028571228177835334
ViTscratch,200,69,0.999998,1,1.0,True,0.018609591837930536,0.029310929064837243
ViTscratch,200,69,0.31408972,0,0.0,True,-0.0027103360420469213,0.002195159656411722
ViTscratch,200,69,0.119722255,0,0.0,True,0.010745966146415466,0.003568019294929718
ViTscratch,200,69,0.9999989,1,1.0,True,0.03350897468376101,0.038912065949276195
ViTscratch,200,69,0.24312697,0,0.0,True,0.006978027280984139,0.0028386984723320374
ViTscratch,200,69,0.9999981,1,1.0,True,0.036311512401305396,0.034747107443456125
ViTscratch,200,69,0.26396143,0,0.0,True,0.004886103404909516,0.001374304628189176
ViTscratch,200,69,0.18407914,0,0.0,True,0.005574167811184603,0.005310976779677235
ViTscratch,200,69,0.18795834,0,0.0,True,-0.003447743741481561,-0.0001824003538815458
ViTscratch,200,69,0.1327521,0,0.0,True,0.0037685172737894255,-0.0022926850819866133
ViTscratch,200,69,0.27652442,0,0.0,True,-0.009712638945913017,-0.008049178379645819
ViTscratch,200,69,0.11895689,0,0.0,True,-0.005150465601407102,-0.004281985609097336
ViTscratch,200,69,0.9999987,1,1.0,True,0.042755570408953024,0.031939625399975746
ViTscratch,200,69,0.9999987,1,1.0,True,0.04351746747604582,0.041109848009902916
ViTscratch,200,69,0.99999845,1,1.0,True,0.04600871570728409,0.03664821940908053
ViTscratch,200,69,0.9999981,1,1.0,True,0.016777112123723115,0.022386276993376832
ViTscratch,200,69,0.27562594,0,0.0,True,0.0037770996489496587,0.001740569328370475
ViTscratch,200,69,0.9999981,1,1.0,True,0.03180814670733878,0.022039278124319217
ViTscratch,200,69,0.99999905,1,1.0,True,0.029366930884210468,0.03812746751406572
ViTscratch,200,69,0.23881848,0,0.0,True,0.001400470729104593,0.003469051710275284
ViTscratch,200,69,0.20157623,0,0.0,True,0.005295746295203012,0.004651681622916753
ViTscratch,200,69,0.9999975,1,1.0,True,0.024269959924657258,0.028637636307425652
ViTscratch,200,69,0.13336754,0,0.0,True,-0.007721795479125451,-0.001291557377257731
ViTscratch,200,69,0.22432226,0,0.0,True,-0.0020633207402408153,-0.0014893485686478423
ViTscratch,200,69,0.19146723,0,0.0,True,0.005219096689703141,-0.003986973911029649
ViTscratch,200,69,0.2741576,0,0.0,True,0.004086127846309566,-0.000639030034777834
ViTscratch,200,69,0.24782483,0,0.0,True,-0.0031787796894468187,-0.004849490758711067
ViTscratch,200,69,0.3875886,0,0.0,True,-0.00499044364580774,-0.0031909128775527984
ViTscratch,200,69,0.9999981,1,1.0,True,0.03279682709579837,0.029782675956987956
ViTscratch,200,69,0.99999917,1,1.0,True,0.03637603316040438,0.03646226571582965
ViTscratch,200,69,0.2081691,0,0.0,True,-0.0008126826796639438,-0.00021007769216169802
ViTscratch,200,69,0.99999845,1,1.0,True,0.025065325047535537,0.029061397089077973
ViTscratch,200,69,0.99999857,1,1.0,True,0.022455383002976975,0.02792781558209453
ViTscratch,200,69,0.99999917,1,1.0,True,0.036255736084978646,0.03200407417142648
ViTscratch,200,69,0.109594114,0,0.0,True,-0.006490409376363384,-0.005273239690666882
ViTscratch,200,69,0.22788388,0,0.0,True,-0.0033127953606466244,-0.0008549558312991553
ViTscratch,200,69,0.26751736,0,0.0,True,0.0007956120231277515,0.005079446262732069
ViTscratch,200,69,0.33368343,0,0.0,True,0.004259915249293816,0.00036602022682876746
ViTscratch,200,69,0.9999988,1,1.0,True,0.027126872137550325,0.030469308405976184
ViTscratch,200,69,0.99999917,1,1.0,True,0.044256750161581926,0.03624910795709094
ViTscratch,200,69,0.109701,0,0.0,True,0.0032085263641752873,0.004124301602339415
ViTscratch,200,69,0.99999917,1,1.0,True,0.024522133772796963,0.03186338927953817
ViTscratch,200,69,0.99999905,1,1.0,True,0.03091800329405836,0.028926714793445316
ViTscratch,200,69,0.99999833,1,1.0,True,0.015337066423004747,0.020041943296700993
ViTscratch,200,69,0.9999988,1,1.0,True,0.04241287940999259,0.04483842294461886
ViTscratch,200,70,0.30292284,0,0.0,True,0.0015791241471551074,0.0026174025175826456
ViTscratch,200,70,0.31243396,0,0.0,True,0.0010989684340540517,-0.0037093305662584267
ViTscratch,200,70,0.99999833,1,1.0,True,0.022684534322028913,0.0256373724621785
ViTscratch,200,70,0.9999993,1,1.0,True,0.045432403466661914,0.04140280175895661
ViTscratch,200,70,0.12207854,0,0.0,True,-0.0028203062046719906,0.0010499397689243601
ViTscratch,200,70,0.292125,0,0.0,True,-0.0011558715718915954,0.0017632220957102115
ViTscratch,200,70,0.99999785,1,1.0,True,0.02848016084409019,0.029583044584966106
ViTscratch,200,70,0.99999917,1,1.0,True,0.04827432301093186,0.03827266520141102
ViTscratch,200,70,0.3818271,0,0.0,True,-0.002164716762426454,0.0003981934312066435
ViTscratch,200,70,0.9999982,1,1.0,True,0.042913848672651925,0.031160263402073243
ViTscratch,200,70,0.99999857,1,1.0,True,0.0276706546644463,0.026667937311664603
ViTscratch,200,70,0.99999917,1,1.0,True,0.02254180648167854,0.03250187580157321
ViTscratch,200,70,0.9999988,1,1.0,True,0.0301913814309995,0.03094904875705251
ViTscratch,200,70,0.35290104,0,0.0,True,0.004522613065326632,-0.0014609571788413097
ViTscratch,200,70,0.9999988,1,1.0,True,0.04755623791106005,0.039234351191156494
ViTscratch,200,70,0.114666305,0,0.0,True,-0.00819966676182876,-0.00469310772915899
ViTscratch,200,70,0.18085434,0,0.0,True,-0.00015509609777126498,-0.0015167113565181267
ViTscratch,200,70,0.1992402,0,0.0,True,0.009023692023915187,0.0025228666226004576
ViTscratch,200,70,0.16641878,0,0.0,True,-0.0038253834335122785,-0.0023498334526474577
ViTscratch,200,70,0.16457328,0,0.0,True,0.000577409287630784,0.00020274183372971825
ViTscratch,200,70,0.99999917,1,1.0,True,0.03971406608570112,0.03705332121837724
ViTscratch,200,70,0.12897249,0,0.0,True,-0.00012451779037954086,-0.0009074251332543663
ViTscratch,200,70,0.18986948,0,0.0,True,0.00029859775137925585,-0.0010103955154976251
ViTscratch,200,70,0.99999917,1,1.0,True,0.046425231890163086,0.04279941980377486
ViTscratch,200,70,0.19563179,0,0.0,True,0.003014974793964674,-0.00045350157985076905
ViTscratch,200,70,0.99999857,1,1.0,True,0.037950185053527256,0.04232764035783002
ViTscratch,200,70,0.50299525,1,0.0,False,0.004823798962765696,0.0032741756372207517
ViTscratch,200,70,0.30582193,0,0.0,True,0.0036823753694081264,0.0014981190764722628
ViTscratch,200,70,0.38890782,0,0.0,True,0.002810676106053051,0.0016089407753046502
ViTscratch,200,70,0.99999917,1,1.0,True,0.032206284053638,0.029541653673083725
ViTscratch,200,70,0.9999988,1,1.0,True,0.020401290877791765,0.027631417964135273
ViTscratch,200,70,0.17104183,0,0.0,True,0.00782636143726563,0.006206863425217017
ViTscratch,200,70,0.31999308,0,0.0,True,0.0029335051848701768,0.002718322257917329
ViTscratch,200,70,0.33510914,0,0.0,True,0.002901180011828541,0.002681136748212643
ViTscratch,200,70,0.99999833,1,1.0,True,0.02266229427923947,0.02957048211165565
ViTscratch,200,70,0.99999905,1,1.0,True,0.024776001415779122,0.029383291299301235
ViTscratch,200,70,0.45273075,0,0.0,True,0.005452487700784961,0.006720909016097798
ViTscratch,200,70,0.47276074,0,0.0,True,0.004120452035128124,0.0025691423299402227
ViTscratch,200,70,0.9999987,1,1.0,True,0.04069872283317104,0.03284528628648925
ViTscratch,200,70,0.9999989,1,1.0,True,0.018654162800543956,0.029624565922238007
ViTscratch,200,70,0.6729733,1,0.0,False,-0.004399184582350384,-0.0031781860345385517
ViTscratch,200,70,0.99999917,1,1.0,True,0.04270623425602053,0.03766809959527594
ViTscratch,200,70,0.99999917,1,1.0,True,0.03194649417876994,0.027368183001760533
ViTscratch,200,70,0.29881996,0,0.0,True,-0.00927929386800802,-0.0056266455948392495
ViTscratch,200,70,0.99999833,1,1.0,True,0.042265481556129816,0.039498412433832605
ViTscratch,200,70,0.20690668,0,0.0,True,-0.0025129182665084857,-0.0020155059498168956
ViTscratch,200,70,0.33228278,0,0.0,True,0.009595255188595641,0.004203827181559766
ViTscratch,200,70,0.30544367,0,0.0,True,0.0017585214370890458,0.003903963420534283
ViTscratch,200,70,0.9999987,1,1.0,True,0.050798349985536555,0.043038853053746294
ViTscratch,200,70,0.17319046,0,0.0,True,0.0003231292274542656,-0.00015513098231396708
ViTscratch,200,70,0.58645904,1,0.0,False,0.003121848779429695,-0.0034234401574811477
ViTscratch,200,70,0.99999917,1,1.0,True,0.03238736409437372,0.03433556912683577
ViTscratch,200,70,0.99999845,1,1.0,True,0.027272781153622205,0.030496305456557852
ViTscratch,200,70,0.99999845,1,1.0,True,0.038127238878280026,0.03565636650183386
ViTscratch,200,70,0.9999975,1,1.0,True,0.033413975240188784,0.03536176734437785
ViTscratch,200,70,0.99999845,1,1.0,True,0.024614003819315756,0.025907115811269404
ViTscratch,200,70,0.5044424,1,0.0,False,0.005816026086114754,0.0051994540824715765
ViTscratch,200,70,0.99999726,1,1.0,True,0.030343850473422706,0.026515156187774436
ViTscratch,200,70,0.99999845,1,1.0,True,0.027630300697619275,0.02515968169954528
ViTscratch,200,70,0.34386045,0,0.0,True,0.009795945811764153,0.004682772931262738
ViTscratch,200,70,0.0967157,0,0.0,True,-0.004176074980203287,-0.004007309804441687
ViTscratch,200,70,0.314851,0,0.0,True,-0.00405148352839124,-0.005798920868572928
ViTscratch,200,70,0.27429354,0,0.0,True,-0.007932783652577812,-0.0054068827229134305
ViTscratch,200,70,0.9999988,1,1.0,True,0.03190937113569132,0.042015199468081826
ViTscratch,200,70,0.12313498,0,0.0,True,-0.0020286820526099363,-0.0032416625407696497
ViTscratch,200,70,0.3243171,0,0.0,True,-0.005483069588304674,0.0028456790517371847
ViTscratch,200,70,0.1719385,0,0.0,True,-0.00377203044891067,-0.004663710379889132
ViTscratch,200,70,0.2656505,0,0.0,True,0.005458163785763159,0.005396839157831545
ViTscratch,200,70,0.15219894,0,0.0,True,-0.0005726282308401887,0.0023479172026215664
ViTscratch,200,70,0.9999988,1,1.0,True,0.04306222190422717,0.040172067172386
ViTscratch,200,70,0.12869999,0,0.0,True,-0.0020278992546499865,-0.002109163608005718
ViTscratch,200,70,0.28436926,0,0.0,True,-0.009095709107550837,-0.005440998001018835
ViTscratch,200,70,0.32505384,0,0.0,True,-0.008047569141540457,-0.0019715960756368604
ViTscratch,200,70,0.26671666,0,0.0,True,0.0011234426860296048,-0.0009629963852672784
ViTscratch,200,70,0.17303663,0,0.0,True,-0.005449548277268925,-0.00775336678165923
ViTscratch,200,70,0.99999833,1,1.0,True,0.03124396391513571,0.03142023468527962
ViTscratch,200,70,0.48793262,0,0.0,True,-0.005626700237346258,0.000986546883653321
ViTscratch,200,70,0.999998,1,1.0,True,0.027219934590073953,0.03119762488199448
ViTscratch,200,70,0.2481654,0,0.0,True,-0.00080886755707887,0.0039498596281491395
ViTscratch,200,70,0.99999857,1,1.0,True,0.02850387668868218,0.03190763285342507
ViTscratch,200,70,0.13167186,0,0.0,True,-0.00496453092726311,-0.0021054683565643563
ViTscratch,200,70,0.99999857,1,1.0,True,0.04577198833633978,0.03712159536015251
ViTscratch,200,70,0.14697875,0,0.0,True,-0.0021186661172521936,-0.0036859186506076435
ViTscratch,200,70,0.99999833,1,1.0,True,0.029237134545717032,0.028025480374602372
ViTscratch,200,70,0.26217425,0,0.0,True,0.0038679437862967074,0.0016360732899551992
ViTscratch,200,70,0.28294125,0,0.0,True,-0.0023680776036206423,0.002136888304730914
ViTscratch,200,70,0.16643393,0,0.0,True,-0.008259170249769097,-0.004553075294685095
ViTscratch,200,70,0.99999845,1,1.0,True,0.02560159971015579,0.030730690100645785
ViTscratch,200,70,0.16786058,0,0.0,True,-0.002824753784547429,-0.0028826548291235685
ViTscratch,200,70,0.9999982,1,1.0,True,0.03130626235776237,0.039949522706240935
ViTscratch,200,70,0.2620636,0,0.0,True,0.010700289151040909,0.006293750307041503
ViTscratch,200,70,0.9999987,1,1.0,True,0.039740849919591065,0.036916504119162176
ViTscratch,200,70,0.9999987,1,1.0,True,0.020438002865757577,0.025545047502501715
ViTscratch,200,70,0.9999988,1,1.0,True,0.033851006634431406,0.04132842176466697
ViTscratch,200,70,0.9999987,1,1.0,True,0.031337588560286865,0.03499625675133302
ViTscratch,200,70,0.99999917,1,1.0,True,0.036986255702307784,0.03837334403717523
ViTscratch,200,70,0.9999989,1,1.0,True,0.02582771180615895,0.03337353793340038
ViTscratch,200,70,0.99999857,1,1.0,True,0.025015822969177485,0.02668898551235159
ViTscratch,200,70,0.21628119,0,0.0,True,0.007286812739804883,0.00010815428296606672
ViTscratch,200,70,0.10292623,0,0.0,True,-0.005490677533302348,-0.0013748764030528384
ViTscratch,200,71,0.5164417,1,0.0,False,-0.002127431271440094,-0.00447579781373748
ViTscratch,200,71,0.17907348,0,0.0,True,0.005689310135568707,-0.0005960361175218634
ViTscratch,200,71,0.9999988,1,1.0,True,0.041075040696779426,0.03148402100590866
ViTscratch,200,71,0.39075053,0,0.0,True,-0.00805303500706657,-0.0013693544348280509
ViTscratch,200,71,0.99999917,1,1.0,True,0.05395212899546773,0.042650786405467156
ViTscratch,200,71,0.99999917,1,1.0,True,0.04720060187938376,0.04119484885236555
ViTscratch,200,71,0.99999833,1,1.0,True,0.03823803760970053,0.0365185981888215
ViTscratch,200,71,0.34381044,0,0.0,True,0.00048200297501612815,0.0005615809736812255
ViTscratch,200,71,0.9999987,1,1.0,True,0.033822425438445596,0.0374192013854696
ViTscratch,200,71,0.10862955,0,0.0,True,-0.0015577590572874867,-0.0016120608201513184
ViTscratch,200,71,0.21618533,0,0.0,True,-0.001306774439219171,-0.003048063926721488
ViTscratch,200,71,0.27400142,0,0.0,True,0.006249463813998695,0.004122209064261137
ViTscratch,200,71,0.22719152,0,0.0,True,-0.004428744118011616,-0.008219078557123453
ViTscratch,200,71,0.9999993,1,1.0,True,0.03762309693583715,0.04132172473677447
ViTscratch,200,71,0.9999989,1,1.0,True,0.037786938141682234,0.042843495875923905
ViTscratch,200,71,0.99999833,1,1.0,True,0.030150635427104562,0.02725447028663529
ViTscratch,200,71,0.9999988,1,1.0,True,0.03592404693454223,0.040927680691734455
ViTscratch,200,71,0.48126435,0,0.0,True,0.008085498601428336,0.0015562352601849866
ViTscratch,200,71,0.99999845,1,1.0,True,0.028843529258965616,0.026624112617596753
ViTscratch,200,71,0.9999987,1,1.0,True,0.03813996780443473,0.035239032718092374
ViTscratch,200,71,0.99999905,1,1.0,True,0.05172670704353176,0.0430738752416909
ViTscratch,200,71,0.9999989,1,1.0,True,0.040833531258488584,0.04026425362520797
ViTscratch,200,71,0.28743374,0,0.0,True,-0.0011564502651527293,0.0047602631133858864
ViTscratch,200,71,0.99999917,1,1.0,True,0.05513605691748,0.04487001366984573
ViTscratch,200,71,0.38844723,0,0.0,True,0.002713342064404324,0.0009046060572012669
ViTscratch,200,71,0.9999987,1,1.0,True,0.03111213916691483,0.045187896989906384
ViTscratch,200,71,0.9999987,1,1.0,True,0.036181739699316685,0.0377575364980741
ViTscratch,200,71,0.11712243,0,0.0,True,0.0012958140649979404,-0.00011173425695914408
ViTscratch,200,71,0.29458898,0,0.0,True,-0.009306759823879655,-0.005904822984303084
ViTscratch,200,71,0.9999993,1,1.0,True,0.024511137137460358,0.0315993832778844
ViTscratch,200,71,0.29113123,0,0.0,True,-0.010520723078211818,-0.007750251002051091
ViTscratch,200,71,0.99999845,1,1.0,True,0.041229705148696005,0.03785484238662497
ViTscratch,200,71,0.9999993,1,1.0,True,0.049155575108281745,0.045672094312983955
ViTscratch,200,71,0.99999845,1,1.0,True,0.02283062197810569,0.02413164840431631
ViTscratch,200,71,0.99999917,1,1.0,True,0.04810394214399673,0.039084780937527465
ViTscratch,200,71,0.99999857,1,1.0,True,0.029331189899333334,0.03074227933171818
ViTscratch,200,71,0.99999857,1,1.0,True,0.033862973108499145,0.03707139913381193
ViTscratch,200,71,0.99999917,1,1.0,True,0.03639178693083049,0.03676556491261868
ViTscratch,200,71,0.38044402,0,0.0,True,0.00034131462962250155,-1.0798585854684136e-05
ViTscratch,200,71,0.22463837,0,0.0,True,-0.007208399123984523,-0.0038007103301260243
ViTscratch,200,71,0.14452228,0,0.0,True,0.004367967720047266,0.0024647794720308695
ViTscratch,200,71,0.99999917,1,1.0,True,0.036119291476509136,0.037068885293607405
ViTscratch,200,71,0.23005836,0,0.0,True,0.005372883883004833,0.0007773894460326657
ViTscratch,200,71,0.40774104,0,0.0,True,-0.0015621505296207602,-0.0030511695580227563
ViTscratch,200,71,0.99999857,1,1.0,True,0.031424563409937,0.02969199592814748
ViTscratch,200,71,0.99999917,1,1.0,True,0.033746003700059424,0.043493568871115586
ViTscratch,200,71,0.32611302,0,0.0,True,0.002242923080417849,-0.0001682003841259876
ViTscratch,200,71,0.25271598,0,0.0,True,-2.3819923769070983e-05,-0.001694255420714578
ViTscratch,200,71,0.45748,0,0.0,True,-0.0005599876180303102,0.0016323821111870166
ViTscratch,200,71,0.35098878,0,0.0,True,-0.007864129390974686,-0.0080071110115111
ViTscratch,200,71,0.9999987,1,1.0,True,0.027888520793620954,0.030805464288951406
ViTscratch,200,71,0.15906942,0,0.0,True,0.001458461477675247,-0.0020903320401222136
ViTscratch,200,71,0.99999845,1,1.0,True,0.026181658870105293,0.028161898802671698
ViTscratch,200,71,0.2734989,0,0.0,True,0.015710497090759282,0.004262350252691047
ViTscratch,200,71,0.15290552,0,0.0,True,-0.006469094516856308,-0.0032634075963308058
ViTscratch,200,71,0.99999857,1,1.0,True,0.03174083757637446,0.029693484065463217
ViTscratch,200,71,0.9999987,1,1.0,True,0.054615064135806766,0.04764909077265215
ViTscratch,200,71,0.9999987,1,1.0,True,0.02853895366423696,0.030446296324017817
ViTscratch,200,71,0.99999917,1,1.0,True,0.03692290083265093,0.028566261878590096
ViTscratch,200,71,0.15250821,0,0.0,True,0.0040418546781652255,-0.000607161313730461
ViTscratch,200,71,0.99999905,1,1.0,True,0.047932569381628994,0.036841866709407436
ViTscratch,200,71,0.99999917,1,1.0,True,0.04663591543326519,0.044387040057928505
ViTscratch,200,71,0.99999833,1,1.0,True,0.04318877881812899,0.03291576209636068
ViTscratch,200,71,0.445862,0,0.0,True,0.003588753622160324,0.002440334871425439
ViTscratch,200,71,0.2281813,0,0.0,True,-5.1889044430357116e-05,0.0019117720993321017
ViTscratch,200,71,0.12468,0,0.0,True,-0.003928075319089155,-0.005121263706816358
ViTscratch,200,71,0.1462536,0,0.0,True,-0.00196649820511888,-0.0018204713820722846
ViTscratch,200,71,0.99999917,1,1.0,True,0.024773138874205503,0.03831354743669035
ViTscratch,200,71,0.32011884,0,0.0,True,0.006309322505251945,0.005595846683555925
ViTscratch,200,71,0.99999917,1,1.0,True,0.04461671769317373,0.042129745455769474
ViTscratch,200,71,0.99999917,1,1.0,True,0.03080495619375297,0.028035811165154096
ViTscratch,200,71,0.99999917,1,1.0,True,0.03817890162953269,0.042330398286237476
ViTscratch,200,71,0.99999845,1,1.0,True,0.0346803964079437,0.03571693619525517
ViTscratch,200,71,0.22270262,0,0.0,True,-0.004471756301636844,-0.0004022656361011496
ViTscratch,200,71,0.40015608,0,0.0,True,-0.005735090999890138,-0.004742428718997522
ViTscratch,200,71,0.16320206,0,0.0,True,-0.008176147978554253,-0.0038376586014974286
ViTscratch,200,71,0.99999845,1,1.0,True,0.044083433259237324,0.036231621150988345
ViTscratch,200,71,0.31573927,0,0.0,True,0.001060263494221097,-0.0004524165773362193
ViTscratch,200,71,0.99999917,1,1.0,True,0.03813516277449708,0.0341261579425307
ViTscratch,200,71,0.99999917,1,1.0,True,0.027484635356705405,0.03256673626632029
ViTscratch,200,71,0.2499526,0,0.0,True,0.013859461782375432,0.004674959712252063
ViTscratch,200,71,0.99999857,1,1.0,True,0.02802332838754792,0.031160401983845034
ViTscratch,200,71,0.5495343,1,0.0,False,-0.009513928536898078,-0.0025113645260684573
ViTscratch,200,71,0.7678546,1,0.0,False,0.004974949744222791,0.007531569267260468
ViTscratch,200,71,0.99999917,1,1.0,True,0.04896423628437189,0.04166068637648027
ViTscratch,200,71,0.9999988,1,1.0,True,0.040628383457836974,0.03322293989044018
ViTscratch,200,71,0.54997844,1,0.0,False,0.0033008997252791292,0.0008910070223048954
ViTscratch,200,71,0.9999987,1,1.0,True,0.03275494718075985,0.03137634534652672
ViTscratch,200,71,0.24389601,0,0.0,True,-0.0003014273487409386,-0.0019898089460927645
ViTscratch,200,71,0.13819149,0,0.0,True,-0.0038713868944136535,-0.003503406600861552
ViTscratch,200,71,0.6167268,1,0.0,False,-0.002065752912816307,0.0012037173625139078
ViTscratch,200,71,0.32598853,0,0.0,True,-0.006536964798358566,-0.0010098393794042634
ViTscratch,200,71,0.9999993,1,1.0,True,0.05547652327744667,0.04740439499687352
ViTscratch,200,71,0.99999905,1,1.0,True,0.0461685660703557,0.039864066168603156
ViTscratch,200,71,0.9999993,1,1.0,True,0.038846834839485825,0.047758051491209354
ViTscratch,200,71,0.5358565,1,0.0,False,0.00711558468873335,0.006050342075877442
ViTscratch,200,71,0.14667895,0,0.0,True,9.358924555684339e-05,6.831034017422373e-05
ViTscratch,200,71,0.38964593,0,0.0,True,-0.0006963295536198942,0.004924320597424086
ViTscratch,200,71,0.370991,0,0.0,True,-0.0019696590877796897,0.0030887951735053725
ViTscratch,200,71,0.15249416,0,0.0,True,-0.0021400121547023167,-0.0021447109730663824
ViTscratch,200,72,0.17271602,0,0.0,True,-0.0010068644654226667,-0.0015131186025147516
ViTscratch,200,72,0.99999917,1,1.0,True,0.03984915110202629,0.04090677615215388
ViTscratch,200,72,0.99999905,1,1.0,True,0.04907454531291778,0.03451244104164239
ViTscratch,200,72,0.99999917,1,1.0,True,0.03832681608275757,0.03763841751281145
ViTscratch,200,72,0.9999989,1,1.0,True,0.0364630174648822,0.037252475965209
ViTscratch,200,72,0.14106031,0,0.0,True,-0.0005568923109359325,0.0010791497558471498
ViTscratch,200,72,0.9999982,1,1.0,True,0.03243117322033765,0.03662249878622942
ViTscratch,200,72,0.9999993,1,1.0,True,0.03994064146893511,0.0459383352180887
ViTscratch,200,72,0.99999917,1,1.0,True,0.032632768325985495,0.0320873458512516
ViTscratch,200,72,0.3832454,0,0.0,True,0.0016080602673391687,-0.004962204155431007
ViTscratch,200,72,0.17028023,0,0.0,True,0.005370510055533845,0.0017557007839364078
ViTscratch,200,72,0.15496783,0,0.0,True,-4.537160461971376e-06,-0.003984792863004585
ViTscratch,200,72,0.9999989,1,1.0,True,0.03736114703202658,0.036117131584600566
ViTscratch,200,72,0.9999988,1,1.0,True,0.026720279732033076,0.032731435804850585
ViTscratch,200,72,0.32578188,0,0.0,True,0.0034140639075065015,0.000274681199478464
ViTscratch,200,72,0.583469,1,0.0,False,0.004197118911258205,0.004157941251207702
ViTscratch,200,72,0.6222556,1,0.0,False,0.00715120306357416,0.0029113623781889023
ViTscratch,200,72,0.1158709,0,0.0,True,0.001052523359207616,-0.006048942786145102
ViTscratch,200,72,0.22125074,0,0.0,True,-0.002627292272674733,-0.003416093847954368
ViTscratch,200,72,0.9999988,1,1.0,True,0.03720455909692873,0.03219113241950562
ViTscratch,200,72,0.8357399,1,0.0,False,0.007916566073350775,0.005921476679896535
ViTscratch,200,72,0.30444348,0,0.0,True,-0.007500429819954874,-0.003916677072489045
ViTscratch,200,72,0.99999917,1,1.0,True,0.038175108265911216,0.031188575140511772
ViTscratch,200,72,0.41599685,0,0.0,True,0.0028072725705852687,0.006341176282223729
ViTscratch,200,72,0.26656795,0,0.0,True,0.005829130982166678,0.0015881550462983462
ViTscratch,200,72,0.99999917,1,1.0,True,0.02311819687533109,0.02905727257557066
ViTscratch,200,72,0.24060366,0,0.0,True,-0.008147067250828878,-0.0022231089825918765
ViTscratch,200,72,0.9999993,1,1.0,True,0.04629693247493674,0.039282667471251025
ViTscratch,200,72,0.99999917,1,1.0,True,0.04212351483559269,0.039100777070917775
ViTscratch,200,72,0.99999917,1,1.0,True,0.04358099761931621,0.03850440715684423
ViTscratch,200,72,0.6915318,1,0.0,False,-0.0001588500714864295,0.0018023490023306974
ViTscratch,200,72,0.9999989,1,1.0,True,0.04639261490647555,0.04906519718037707
ViTscratch,200,72,0.30349064,0,0.0,True,0.003345304601299335,0.001262593961229759
ViTscratch,200,72,0.9999987,1,1.0,True,0.03718320208647785,0.03176068976557613
ViTscratch,200,72,0.079387985,0,0.0,True,-0.018664749113872895,-0.015571188650605727
ViTscratch,200,72,0.99999917,1,1.0,True,0.0361173756551594,0.044514596094764214
ViTscratch,200,72,0.9999982,1,1.0,True,0.024892877586404575,0.03559294225912836
ViTscratch,200,72,0.27777657,0,0.0,True,0.004369270618050413,0.004556656877700399
ViTscratch,200,72,0.9999988,1,1.0,True,0.03477434755429613,0.03347524294832119
ViTscratch,200,72,0.9999993,1,1.0,True,0.037213822954647695,0.03963126773978674
ViTscratch,200,72,0.99999857,1,1.0,True,0.025025205628448486,0.02743287547458134
ViTscratch,200,72,0.32478708,0,0.0,True,0.005113478730788532,0.003387767825179926
ViTscratch,200,72,0.99999905,1,1.0,True,0.03064488374157823,0.03362088078545777
ViTscratch,200,72,0.99999917,1,1.0,True,0.03808874326902765,0.029979967134976502
ViTscratch,200,72,0.99999917,1,1.0,True,0.05462397327175662,0.03976242528270632
ViTscratch,200,72,0.9999993,1,1.0,True,0.032109524571794223,0.0399246923176289
ViTscratch,200,72,0.16947114,0,0.0,True,0.007232779132983219,0.004025312036065666
ViTscratch,200,72,0.38441446,0,0.0,True,-0.0034756750361704175,-0.00043609101285996407
ViTscratch,200,72,0.18673205,0,0.0,True,-0.005788749236147147,-0.0010180015840632673
ViTscratch,200,72,0.99999917,1,1.0,True,0.05242674674145262,0.03823175345734066
ViTscratch,200,72,0.99999845,1,1.0,True,0.039015020102774446,0.03838072227066737
ViTscratch,200,72,0.99999917,1,1.0,True,0.04040114173350778,0.04780393545690596
ViTscratch,200,72,0.9999993,1,1.0,True,0.0416599111137443,0.04073316818319783
ViTscratch,200,72,0.99999917,1,1.0,True,0.04291233596456925,0.043700132651064816
ViTscratch,200,72,0.60756814,1,0.0,False,-0.0055783519293691,-0.0017130624766791727
ViTscratch,200,72,0.9999987,1,1.0,True,0.042879840840257005,0.03955495612831998
ViTscratch,200,72,0.99999833,1,1.0,True,0.03108910528061704,0.03348478282458463
ViTscratch,200,72,0.99999857,1,1.0,True,0.03758761163730645,0.035843825490987594
ViTscratch,200,72,0.9999987,1,1.0,True,0.030166418489015797,0.02996520876033394
ViTscratch,200,72,0.99999845,1,1.0,True,0.03461152724280931,0.0325614946278604
ViTscratch,200,72,0.35857302,0,0.0,True,-0.0042613418964310605,-0.0020560873987179686
ViTscratch,200,72,0.999998,1,1.0,True,0.027122805323471406,0.030539462678187752
ViTscratch,200,72,0.99999833,1,1.0,True,0.021294440211432137,0.023264336171408054
ViTscratch,200,72,0.99999833,1,1.0,True,0.03648189448035708,0.030629122079523168
ViTscratch,200,72,0.22401263,0,0.0,True,-0.0003622695324418449,-0.0020506956132335273
ViTscratch,200,72,0.9999989,1,1.0,True,0.03261986166184082,0.030643943541530532
ViTscratch,200,72,0.9999993,1,1.0,True,0.0511000496966544,0.04654258561369722
ViTscratch,200,72,0.99999857,1,1.0,True,0.04794570786683829,0.03579704957895301
ViTscratch,200,72,0.9999987,1,1.0,True,0.033947282622004034,0.036454360197315835
ViTscratch,200,72,0.9999993,1,1.0,True,0.05175713140154154,0.049844830473246254
ViTscratch,200,72,0.23946942,0,0.0,True,-0.0019694337874285785,-0.004393670712073928
ViTscratch,200,72,0.28789446,0,0.0,True,-0.00030156975680556403,-0.0022418624695453226
ViTscratch,200,72,0.35670975,0,0.0,True,0.002641423466009423,-0.0014114636750444858
ViTscratch,200,72,0.3525328,0,0.0,True,0.006430946424662769,0.002996117907420754
ViTscratch,200,72,0.99999917,1,1.0,True,0.046180313188418455,0.04002646143779194
ViTscratch,200,72,0.99999905,1,1.0,True,0.05091975034750748,0.04130185554593749
ViTscratch,200,72,0.99999917,1,1.0,True,0.043306550428554,0.03787047791472633
ViTscratch,200,72,0.99999917,1,1.0,True,0.060784328000870365,0.0507411958003027
ViTscratch,200,72,0.2575064,0,0.0,True,-0.0036781449490275115,0.0013722994140557506
ViTscratch,200,72,0.9999993,1,1.0,True,0.04625600346427357,0.046750362324564296
ViTscratch,200,72,0.28021243,0,0.0,True,-0.00559088252693291,-0.0038202431058376595
ViTscratch,200,72,0.13060407,0,0.0,True,-0.002767361467640773,0.0004506996237363918
ViTscratch,200,72,0.22388949,0,0.0,True,0.0005519050745159885,0.0024174759691105675
ViTscratch,200,72,0.9999993,1,1.0,True,0.057293443257951354,0.042458695970691754
ViTscratch,200,72,0.99999845,1,1.0,True,0.034605569235399,0.036554453108524024
ViTscratch,200,72,0.99999917,1,1.0,True,0.03807168043524883,0.039803451005687995
ViTscratch,200,72,0.5677041,1,0.0,False,-3.1224350012921124e-05,-0.0009667041830665994
ViTscratch,200,72,0.9999993,1,1.0,True,0.049875250536270226,0.052925816434301
ViTscratch,200,72,0.2347288,0,0.0,True,-0.005570535940753058,-0.0035437804153122744
ViTscratch,200,72,0.4269987,0,0.0,True,0.0039069209753624665,0.006889412480949984
ViTscratch,200,72,0.9999988,1,1.0,True,0.02585596846012522,0.03075631074280398
ViTscratch,200,72,0.99999857,1,1.0,True,0.03064769079644338,0.029138155966335698
ViTscratch,200,72,0.99999917,1,1.0,True,0.036508480634617924,0.03648368003980351
ViTscratch,200,72,0.9999988,1,1.0,True,0.04587817689968459,0.04035222250047761
ViTscratch,200,72,0.99999917,1,1.0,True,0.046752273061721264,0.04270642159032828
ViTscratch,200,72,0.9999987,1,1.0,True,0.03565941914965559,0.03532440420551934
ViTscratch,200,72,0.99999917,1,1.0,True,0.04691655703251517,0.04147303393243965
ViTscratch,200,72,0.99999905,1,1.0,True,0.04341038342892569,0.04100267943392603
ViTscratch,200,72,0.2404911,0,0.0,True,-0.0016080402010050252,-0.0020654911838790934
ViTscratch,200,72,0.99999917,1,1.0,True,0.04083720956476002,0.03514692236270203
ViTscratch,200,73,0.30669218,0,0.0,True,-0.00021482167856104543,-0.0004676505947565986
ViTscratch,200,73,0.9999993,1,1.0,True,0.037333440208806384,0.04480837024262955
ViTscratch,200,73,0.9999993,1,1.0,True,0.05040171570201176,0.05266971228185506
ViTscratch,200,73,0.1449858,0,0.0,True,0.001050825642363038,-0.0026248591696720006
ViTscratch,200,73,0.9999988,1,1.0,True,0.04133290308932529,0.03949572092322519
ViTscratch,200,73,0.9999993,1,1.0,True,0.04757187548509342,0.050768363230629825
ViTscratch,200,73,0.14593633,0,0.0,True,-0.0042412268207696995,-0.0012311105664279693
ViTscratch,200,73,0.42050183,0,0.0,True,0.002355650296056192,0.004754071734502593
ViTscratch,200,73,0.99999917,1,1.0,True,0.020647399172500726,0.025158810962702047
ViTscratch,200,73,0.21775173,0,0.0,True,-0.005588748110400296,-0.00444538631995947
ViTscratch,200,73,0.20138027,0,0.0,True,0.0023561312760916287,0.0021103989366353135
ViTscratch,200,73,0.9999993,1,1.0,True,0.046382577490191514,0.04461148323191685
ViTscratch,200,73,0.99999917,1,1.0,True,0.04585502444471032,0.04695142864877174
ViTscratch,200,73,0.9999987,1,1.0,True,0.03658412744113344,0.03726280371103207
ViTscratch,200,73,0.1533014,0,0.0,True,-0.006337995099817214,-0.0024998664899109546
ViTscratch,200,73,0.99999857,1,1.0,True,0.04944265495857685,0.044054334653232795
ViTscratch,200,73,0.1872454,0,0.0,True,0.0035047545581232318,0.001571428986223694
ViTscratch,200,73,0.9999988,1,1.0,True,0.034385047105704204,0.03264814010411444
ViTscratch,200,73,0.99999917,1,1.0,True,0.02487212268437856,0.03118214888210591
ViTscratch,200,73,0.99999917,1,1.0,True,0.05097135989264219,0.047394758655796274
ViTscratch,200,73,0.36254895,0,0.0,True,0.0018588685551718196,0.00012532559808458663
ViTscratch,200,73,0.5608509,1,0.0,False,0.003212310430252578,0.00221412839392526
ViTscratch,200,73,0.46105662,0,0.0,True,-0.0012004975926045306,0.00026105706034662833
ViTscratch,200,73,0.3436696,0,0.0,True,0.006797961333445438,0.004451185257069963
ViTscratch,200,73,0.99999857,1,1.0,True,0.022597235976719976,0.021110992945468598
ViTscratch,200,73,0.99999917,1,1.0,True,0.04069832644392323,0.03757041804615588
ViTscratch,200,73,0.9999993,1,1.0,True,0.02922623316839548,0.0334584561087675
ViTscratch,200,73,0.99999857,1,1.0,True,0.03248357361837582,0.03138987586974695
ViTscratch,200,73,0.99999917,1,1.0,True,0.04215885239507338,0.0339276789820976
ViTscratch,200,73,0.99999917,1,1.0,True,0.022476311021930415,0.03548454839259805
ViTscratch,200,73,0.99999917,1,1.0,True,0.05404835367568723,0.04141310711375195
ViTscratch,200,73,0.23857017,0,0.0,True,-0.007299058165318224,-0.004773269552610761
ViTscratch,200,73,0.99999917,1,1.0,True,0.04886720842725493,0.043502873143737276
ViTscratch,200,73,0.19861549,0,0.0,True,0.0026095091480132803,0.00419807434140616
ViTscratch,200,73,0.34376305,0,0.0,True,-0.0016628176411189292,-0.0038832308829253037
ViTscratch,200,73,0.26351848,0,0.0,True,-0.012270449655321336,-0.0079946151973677
ViTscratch,200,73,0.99999845,1,1.0,True,0.0283349311720618,0.03224484527185134
ViTscratch,200,73,0.9999988,1,1.0,True,0.038965672634288344,0.0376819873897348
ViTscratch,200,73,0.2568934,0,0.0,True,-0.0023640116004325666,4.8320637689305045e-05
ViTscratch,200,73,0.99999917,1,1.0,True,0.0643841883700806,0.05418402381422647
ViTscratch,200,73,0.99999917,1,1.0,True,0.038184657826059704,0.043521656249820156
ViTscratch,200,73,0.99999917,1,1.0,True,0.033001453177023056,0.025374248965804213
ViTscratch,200,73,0.3624488,0,0.0,True,0.004563803712339767,-0.0001099223790209594
ViTscratch,200,73,0.99999917,1,1.0,True,0.0433356598486943,0.05113316489700214
ViTscratch,200,73,0.9999993,1,1.0,True,0.04088515762267796,0.04124028859240696
ViTscratch,200,73,0.9999989,1,1.0,True,0.021326649792874897,0.020973894277736316
ViTscratch,200,73,0.99999905,1,1.0,True,0.022411503809644278,0.03279396520076362
ViTscratch,200,73,0.99999917,1,1.0,True,0.03782619691121983,0.04036845253626814
ViTscratch,200,73,0.31649107,0,0.0,True,0.003820051876566299,0.002871093648471099
ViTscratch,200,73,0.9999988,1,1.0,True,0.04367167892641341,0.03902941239814458
ViTscratch,200,73,0.14350778,0,0.0,True,0.0013058036894031937,-0.0032248618730168193
ViTscratch,200,73,0.21171358,0,0.0,True,-0.0008125148503209013,0.0006972178618647707
ViTscratch,200,73,0.37219617,0,0.0,True,-0.01120051835683425,-0.0028147857652822705
ViTscratch,200,73,0.24106869,0,0.0,True,-0.0014985175605499103,-0.0022347585786423123
ViTscratch,200,73,0.35430437,0,0.0,True,-0.0019672286470347232,-0.0016442760029741926
ViTscratch,200,73,0.17823423,0,0.0,True,0.00600311755842179,0.004026464346429435
ViTscratch,200,73,0.4357077,0,0.0,True,-0.002018162575531112,-5.91611095884364e-05
ViTscratch,200,73,0.58967304,1,0.0,False,0.0021132938649453146,0.001865000994315261
ViTscratch,200,73,0.27974868,0,0.0,True,0.007074338898858347,0.001953369710488178
ViTscratch,200,73,0.3532281,0,0.0,True,-0.0027974460220576507,-0.0019190791059154578
ViTscratch,200,73,0.99999917,1,1.0,True,0.025565133655971038,0.02548386774333092
ViTscratch,200,73,0.9999993,1,1.0,True,0.046460481141579864,0.04069696617441508
ViTscratch,200,73,0.18253194,0,0.0,True,-0.0006595804716968854,-0.0017961617807857803
ViTscratch,200,73,0.4362669,0,0.0,True,0.0024076165974893475,0.0020612352109522685
ViTscratch,200,73,0.16446958,0,0.0,True,0.004017363921744223,0.00508592736835152
ViTscratch,200,73,0.9999987,1,1.0,True,0.027394357885467253,0.03151683603089721
ViTscratch,200,73,0.20498385,0,0.0,True,-0.005565363629811533,0.0005912865020702
ViTscratch,200,73,0.19904129,0,0.0,True,0.0011699913938496105,-0.0017548320834978885
ViTscratch,200,73,0.20573348,0,0.0,True,-0.0072142203991738246,-0.0012120154429460014
ViTscratch,200,73,0.99999917,1,1.0,True,0.04261280897780107,0.03508685440561704
ViTscratch,200,73,0.9999993,1,1.0,True,0.038527987961801506,0.03519628588205859
ViTscratch,200,73,0.22773728,0,0.0,True,0.00010171366140658212,0.0056453550068974465
ViTscratch,200,73,0.3756892,0,0.0,True,-5.605766465522632e-05,-0.001468632063721399
ViTscratch,200,73,0.99999917,1,1.0,True,0.04980201397808708,0.043501092487735094
ViTscratch,200,73,0.99999833,1,1.0,True,0.03380557144024149,0.04084171619076592
ViTscratch,200,73,0.99999905,1,1.0,True,0.023767529583129356,0.034431674630736805
ViTscratch,200,73,0.9999988,1,1.0,True,0.03988702702418342,0.03962930127744241
ViTscratch,200,73,0.99999917,1,1.0,True,0.03527513040044196,0.03662286562789338
ViTscratch,200,73,0.13767676,0,0.0,True,-0.009764233658859152,-0.003567974241957148
ViTscratch,200,73,0.9999988,1,1.0,True,0.032900610637265675,0.042334943632583576
ViTscratch,200,73,0.37819886,0,0.0,True,0.0007350971376420348,0.004795422526836035
ViTscratch,200,73,0.1985608,0,0.0,True,-0.0010494040497592144,-0.000650670746670643
ViTscratch,200,73,0.18786596,0,0.0,True,0.003812847858403641,0.0018568816868811072
ViTscratch,200,73,0.9999987,1,1.0,True,0.03385777934692712,0.03956533995105006
ViTscratch,200,73,0.99999917,1,1.0,True,0.037187317066182106,0.03964834295677499
ViTscratch,200,73,0.9999993,1,1.0,True,0.047886096376262614,0.04054705158314901
ViTscratch,200,73,0.99999845,1,1.0,True,0.04110063393367359,0.037829060556167936
ViTscratch,200,73,0.10340473,0,0.0,True,-0.0068525412261130425,-0.0016304570237293849
ViTscratch,200,73,0.2884609,0,0.0,True,-0.007252512210100816,0.0009403471615761666
ViTscratch,200,73,0.99999845,1,1.0,True,0.029373666518076453,0.03395470392852894
ViTscratch,200,73,0.9999993,1,1.0,True,0.03868223409603793,0.03487459711587774
ViTscratch,200,73,0.9999988,1,1.0,True,0.038918939595373736,0.04093745533565255
ViTscratch,200,73,0.99999857,1,1.0,True,0.0340964843372252,0.029622435109603915
ViTscratch,200,73,0.49711624,0,0.0,True,-0.010141138531639596,-0.0029566950740680625
ViTscratch,200,73,0.9999988,1,1.0,True,0.019213870923617475,0.027827471169845217
ViTscratch,200,73,0.99999917,1,1.0,True,0.05067299757538594,0.04037050128452847
ViTscratch,200,73,0.99999917,1,1.0,True,0.04904306679500345,0.05218965914984685
ViTscratch,200,73,0.14632751,0,0.0,True,-0.012831883090859246,-0.006213848610952682
ViTscratch,200,73,0.22719991,0,0.0,True,-0.011567733127609081,-0.008473801490666412
ViTscratch,200,73,0.99999857,1,1.0,True,0.04230733744886382,0.03538743373447438
ViTscratch,200,74,0.48786357,0,0.0,True,0.0018270742040995779,0.00724731271512266
ViTscratch,200,74,0.24870776,0,0.0,True,0.0036415435178735,0.0017623095353028343
ViTscratch,200,74,0.3858677,0,0.0,True,-0.006856150905310423,-0.001583457888846133
ViTscratch,200,74,0.4509041,0,0.0,True,-0.005150465601418688,-0.001359278471437918
ViTscratch,200,74,0.99999917,1,1.0,True,0.040202115734606116,0.04370522145258886
ViTscratch,200,74,0.29268816,0,0.0,True,0.002499885027446782,-0.0008206990691298203
ViTscratch,200,74,0.99999917,1,1.0,True,0.035368902585883516,0.030859315891509833
ViTscratch,200,74,0.40212047,0,0.0,True,0.004334189923293751,0.0052283947543075885
ViTscratch,200,74,0.99999917,1,1.0,True,0.041711054505674965,0.04695791796363132
ViTscratch,200,74,0.9999988,1,1.0,True,0.02920540192622893,0.03567678863142806
ViTscratch,200,74,0.99999917,1,1.0,True,0.04656374876120197,0.04383082510265756
ViTscratch,200,74,0.99999917,1,1.0,True,0.041000592320351074,0.03317075262697485
ViTscratch,200,74,0.18171053,0,0.0,True,0.007466137495031283,0.007513335131722805
ViTscratch,200,74,0.99999917,1,1.0,True,0.044557301374071885,0.047145609284573405
ViTscratch,200,74,0.99999917,1,1.0,True,0.049347665383140324,0.04403128039518533
ViTscratch,200,74,0.28853014,0,0.0,True,-0.0009061365845304851,-0.0018405383644697138
ViTscratch,200,74,0.3637658,0,0.0,True,-0.0016332790377840925,-0.001787862653321893
ViTscratch,200,74,0.19298571,0,0.0,True,-0.004459923080683074,0.0010974131648143434
ViTscratch,200,74,0.99999917,1,1.0,True,0.04257501805792961,0.03691412622739688
ViTscratch,200,74,0.99999905,1,1.0,True,0.042732639794173764,0.043361989353484856
ViTscratch,200,74,0.38054946,0,0.0,True,0.005175140777032636,0.0013844176305068349
ViTscratch,200,74,0.12241002,0,0.0,True,0.001693982049036557,-0.0028109557539361366
ViTscratch,200,74,0.2376933,0,0.0,True,0.0027035756798571486,0.00409537479736019
ViTscratch,200,74,0.4727794,0,0.0,True,0.005442125564758367,0.006164080848972569
ViTscratch,200,74,0.9999993,1,1.0,True,0.05024425246894238,0.04629180380754278
ViTscratch,200,74,0.99999917,1,1.0,True,0.044497342290630494,0.03714229559383155
ViTscratch,200,74,0.10393775,0,0.0,True,-0.006206043529727935,-0.0030970013867161568
ViTscratch,200,74,0.471082,0,0.0,True,0.0003899966691721492,0.0011474825847912272
ViTscratch,200,74,0.26942605,0,0.0,True,-0.008597007254527998,-0.004437583757752703
ViTscratch,200,74,0.17045891,0,0.0,True,0.003502206613943242,0.0007382680095518705
ViTscratch,200,74,0.3124075,0,0.0,True,0.0007592049482027898,0.0022474169217004823
ViTscratch,200,74,0.9999993,1,1.0,True,0.048027774635908134,0.05419302132310019
ViTscratch,200,74,0.26615027,0,0.0,True,0.007547255592619412,0.0022515623601689658
ViTscratch,200,74,0.25869858,0,0.0,True,0.004432508546037016,0.0025543852768454742
ViTscratch,200,74,0.3198638,0,0.0,True,-0.002111966936089243,-0.0037798098251512193
ViTscratch,200,74,0.3640571,0,0.0,True,-0.003322613618847973,-0.0034071806821823793
ViTscratch,200,74,0.27393478,0,0.0,True,-0.00842601416545629,-0.00320636298996626
ViTscratch,200,74,0.9999988,1,1.0,True,0.04755876891992637,0.042461741240492616
ViTscratch,200,74,0.9999993,1,1.0,True,0.043080751213468216,0.04376192129082034
ViTscratch,200,74,0.16700383,0,0.0,True,-0.005030490081150286,9.623914375937914e-05
ViTscratch,200,74,0.1980642,0,0.0,True,-0.009599260855531767,-0.0068523066004128
ViTscratch,200,74,0.25591415,0,0.0,True,0.0035018421082395317,0.003611680933412437
ViTscratch,200,74,0.17103438,0,0.0,True,0.0016928363038362605,0.001796289615992668
ViTscratch,200,74,0.99999917,1,1.0,True,0.046671482433876754,0.045661002618769035
ViTscratch,200,74,0.23431745,0,0.0,True,0.003032829131041347,-0.0003548131120268062
ViTscratch,200,74,0.9999993,1,1.0,True,0.033916133610494587,0.0407285690900371
ViTscratch,200,74,0.9999988,1,1.0,True,0.033517482696966465,0.019647214226685878
ViTscratch,200,74,0.26505268,0,0.0,True,0.002940595990796635,0.004003197032212336
ViTscratch,200,74,0.15559335,0,0.0,True,0.0018708952263563113,0.00013846469400606955
ViTscratch,200,74,0.99999857,1,1.0,True,0.05035176929753623,0.04491181145670196
ViTscratch,200,74,0.9999989,1,1.0,True,0.03564817277975552,0.02458409833189776
ViTscratch,200,74,0.9999993,1,1.0,True,0.04110528967935539,0.03979847645337833
ViTscratch,200,74,0.99999917,1,1.0,True,0.044439006340223366,0.03369231453254541
ViTscratch,200,74,0.9999993,1,1.0,True,0.03976632472148115,0.03644003161927519
ViTscratch,200,74,0.9999993,1,1.0,True,0.04069121222976956,0.040922100553931286
ViTscratch,200,74,0.29056123,0,0.0,True,0.0012722548694117186,0.001627500064777884
ViTscratch,200,74,0.9999988,1,1.0,True,0.03683877042359076,0.03960481898922264
ViTscratch,200,74,0.15184711,0,0.0,True,-0.0029522664499455134,-6.186968305377248e-05
ViTscratch,200,74,0.25520572,0,0.0,True,-0.00043154645431152036,-0.00029698351643299875
ViTscratch,200,74,0.9999988,1,1.0,True,0.032259174895379134,0.02773027590131044
ViTscratch,200,74,0.9999987,1,1.0,True,0.03600748668917708,0.03727534991386922
ViTscratch,200,74,0.1754991,0,0.0,True,-0.006185049232119805,-0.0002314482738629837
ViTscratch,200,74,0.99999857,1,1.0,True,0.02711530443914664,0.03195045132067692
ViTscratch,200,74,0.70932305,1,0.0,False,0.006806792545989993,0.002335721301758056
ViTscratch,200,74,0.99999917,1,1.0,True,0.029296276624579363,0.037858854207306024
ViTscratch,200,74,0.9999993,1,1.0,True,0.05233400920995178,0.04458196447924992
ViTscratch,200,74,0.9999993,1,1.0,True,0.03827798265151601,0.04027023770676806
ViTscratch,200,74,0.9999993,1,1.0,True,0.06647941352615767,0.055761662206877644
ViTscratch,200,74,0.9999993,1,1.0,True,0.055343046223947166,0.050977865230122106
ViTscratch,200,74,0.16560611,0,0.0,True,0.0022100863986087185,-0.0007570699062977577
ViTscratch,200,74,0.9999993,1,1.0,True,0.041603501080727495,0.04307123035273669
ViTscratch,200,74,0.2277219,0,0.0,True,-0.008429552373690906,-0.0070881296969199075
ViTscratch,200,74,0.30992776,0,0.0,True,-0.0001709846182187629,0.0007845983818203724
ViTscratch,200,74,0.99999917,1,1.0,True,0.04260425497021961,0.04613512776534913
ViTscratch,200,74,0.99999917,1,1.0,True,0.04656665825376498,0.0475868677529032
ViTscratch,200,74,0.9999993,1,1.0,True,0.04743641881978,0.049774434014885474
ViTscratch,200,74,0.3507299,0,0.0,True,-0.00020388823402436377,-0.0008088101074513387
ViTscratch,200,74,0.9999993,1,1.0,True,0.044667053979059554,0.04559193797219144
ViTscratch,200,74,0.9999988,1,1.0,True,0.0376974590537271,0.038510197872834134
ViTscratch,200,74,0.26963842,0,0.0,True,-0.0025911060164863628,-0.0029487902484354577
ViTscratch,200,74,0.49959812,0,0.0,True,-0.0010531637592165826,-0.006345165644980663
ViTscratch,200,74,0.27341372,0,0.0,True,0.004650566080565716,0.0025956497292757698
ViTscratch,200,74,0.17794067,0,0.0,True,0.006425136604230186,0.003646649446156751
ViTscratch,200,74,0.9999988,1,1.0,True,0.02719706184074096,0.0449768002533091
ViTscratch,200,74,0.9999981,1,1.0,True,0.023104878008105376,0.03359514163703615
ViTscratch,200,74,0.17524229,0,0.0,True,-0.006215726910080229,-0.0058789302431375675
ViTscratch,200,74,0.20703967,0,0.0,True,0.005813242652965343,-0.0015287444712839713
ViTscratch,200,74,0.9999993,1,1.0,True,0.04299602979135541,0.04643272549609817
ViTscratch,200,74,0.9999993,1,1.0,True,0.057299787821067566,0.047056534815262174
ViTscratch,200,74,0.17324261,0,0.0,True,-0.0005620517362413516,-0.0008162130200200821
ViTscratch,200,74,0.99999917,1,1.0,True,0.03580577907301249,0.04350237988143324
ViTscratch,200,74,0.18677424,0,0.0,True,0.005568999869738152,0.002156525705958939
ViTscratch,200,74,0.13627091,0,0.0,True,0.0007986402311895497,-0.0004084453180777545
ViTscratch,200,74,0.65558964,1,0.0,False,0.0013787426504285952,0.001785532065610764
ViTscratch,200,74,0.99999917,1,1.0,True,0.02766484197971697,0.038064605078570506
ViTscratch,200,74,0.17831214,0,0.0,True,-0.0004598690288033324,0.0005994424277423398
ViTscratch,200,74,0.27183443,0,0.0,True,-0.008569632942812225,-0.006599949472348934
ViTscratch,200,74,0.70829755,1,0.0,False,0.012707869926946978,0.010774823955709436
ViTscratch,200,74,0.9999993,1,1.0,True,0.04345659211203099,0.04565431339863053
ViTscratch,200,74,0.39809164,0,0.0,True,0.008433689645210914,0.003972395734263978
ViTscratch,200,75,0.9999993,1,1.0,True,0.04584139812326941,0.04263139361225921
ViTscratch,200,75,0.22951344,0,0.0,True,-0.004197914912553954,-0.0002807121051504177
ViTscratch,200,75,0.9999988,1,1.0,True,0.03993323770858625,0.041016945994638204
ViTscratch,200,75,0.25181338,0,0.0,True,-0.007491819018843406,0.0002477309917243917
ViTscratch,200,75,0.9999993,1,1.0,True,0.064949966904633,0.04449219656355147
ViTscratch,200,75,0.9999988,1,1.0,True,0.026604648043622215,0.03775293316988534
ViTscratch,200,75,0.99999905,1,1.0,True,0.031809454671867465,0.03934546885592059
ViTscratch,200,75,0.9999993,1,1.0,True,0.04856928514297298,0.04420636847807836
ViTscratch,200,75,0.9999988,1,1.0,True,0.03928369110743763,0.034536779128481306
ViTscratch,200,75,0.20804971,0,0.0,True,-0.009149586079389512,-0.0017920609485005384
ViTscratch,200,75,0.9999993,1,1.0,True,0.04550800148560805,0.048863344183443326
ViTscratch,200,75,0.46114686,0,0.0,True,0.003911422956133724,0.0016801596950426652
ViTscratch,200,75,0.99999905,1,1.0,True,0.038257136060684344,0.04039947145082034
ViTscratch,200,75,0.99999917,1,1.0,True,0.05740482010257731,0.04875295346394255
ViTscratch,200,75,0.10080839,0,0.0,True,-0.003932363834066622,-0.010667556794524288
ViTscratch,200,75,0.9999993,1,1.0,True,0.04275689411509215,0.04777852594585215
ViTscratch,200,75,0.15082249,0,0.0,True,-0.006105770783351483,-0.004582958117717795
ViTscratch,200,75,0.23635848,0,0.0,True,0.002173585314822137,0.00021573382695433947
ViTscratch,200,75,0.99999917,1,1.0,True,0.050893443529353925,0.052152108076832536
ViTscratch,200,75,0.15563466,0,0.0,True,-0.006081870403478495,-0.0031497588172658617
ViTscratch,200,75,0.2981337,0,0.0,True,-0.0030804979006574737,0.002629577384314278
ViTscratch,200,75,0.27994326,0,0.0,True,0.005820709754966981,0.0007712818151116454
ViTscratch,200,75,0.99999905,1,1.0,True,0.0404062150826047,0.038248271392470674
ViTscratch,200,75,0.23180942,0,0.0,True,-0.00472344250396655,-0.0032719663716975415
ViTscratch,200,75,0.99999917,1,1.0,True,0.05781902123912718,0.04031131643343
ViTscratch,200,75,0.21952192,0,0.0,True,-0.007266000902384491,-0.006047277153655941
ViTscratch,200,75,0.20533319,0,0.0,True,-0.01120618674780368,-0.005591702466417146
ViTscratch,200,75,0.15862696,0,0.0,True,-0.009176560254256633,-0.006703894858305782
ViTscratch,200,75,0.28955436,0,0.0,True,-0.0002329126049327457,0.0025905447161247443
ViTscratch,200,75,0.99999917,1,1.0,True,0.05006934909571094,0.04729811382289773
ViTscratch,200,75,0.9999993,1,1.0,True,0.056290115739367,0.054391123685432044
ViTscratch,200,75,0.23942617,0,0.0,True,0.005639987500588234,0.001420843334501751
ViTscratch,200,75,0.2194706,0,0.0,True,0.004336661826858274,0.002809382611049403
ViTscratch,200,75,0.15943767,0,0.0,True,-0.00877351969731627,-0.005150240591691856
ViTscratch,200,75,0.9999993,1,1.0,True,0.04601291469290138,0.036036324553354634
ViTscratch,200,75,0.99999917,1,1.0,True,0.03423487308469437,0.03371723995720449
ViTscratch,200,75,0.99999917,1,1.0,True,0.03445718545960596,0.040990579399131324
ViTscratch,200,75,0.99999917,1,1.0,True,0.030366570598770154,0.030916185214563737
ViTscratch,200,75,0.36139205,0,0.0,True,0.006409517481300836,-0.001432740187628044
ViTscratch,200,75,0.9999993,1,1.0,True,0.045463400171879075,0.04724453295651548
ViTscratch,200,75,0.9999993,1,1.0,True,0.048231362304231425,0.04182700998164373
ViTscratch,200,75,0.21895488,0,0.0,True,0.0063019682254284014,0.002339263469945425
ViTscratch,200,75,0.39934033,0,0.0,True,-0.01577956606561073,-0.006145644694799157
ViTscratch,200,75,0.38692835,0,0.0,True,0.002897098580234067,0.00527019465256822
ViTscratch,200,75,0.9999993,1,1.0,True,0.04741344866165256,0.04854652049216338
ViTscratch,200,75,0.6483472,1,0.0,False,0.0025895773962375346,-0.00047247243410673096
ViTscratch,200,75,0.99999917,1,1.0,True,0.0293255357825289,0.03764039098495808
ViTscratch,200,75,0.9999993,1,1.0,True,0.04750811181723982,0.04164262739063431
ViTscratch,200,75,0.25019866,0,0.0,True,0.004577989374652899,0.0017430964194097562
ViTscratch,200,75,0.23808596,0,0.0,True,0.001246561192757938,0.001379013487228405
ViTscratch,200,75,0.9999993,1,1.0,True,0.05165726620208935,0.04148514851670882
ViTscratch,200,75,0.99999917,1,1.0,True,0.0321374523712815,0.041199604169232004
ViTscratch,200,75,0.9999988,1,1.0,True,0.041658033288355316,0.0422675288687123
ViTscratch,200,75,0.9999993,1,1.0,True,0.05338969883684075,0.05242482555334514
ViTscratch,200,75,0.21108797,0,0.0,True,-0.0038042501503603183,0.0010711907999163242
ViTscratch,200,75,0.15417106,0,0.0,True,0.007336563022094265,0.0031989542677507885
ViTscratch,200,75,0.9999987,1,1.0,True,0.02386996652112421,0.03428258672849179
ViTscratch,200,75,0.9999993,1,1.0,True,0.041508134596656136,0.045592595141801036
ViTscratch,200,75,0.16318928,0,0.0,True,0.0009954107029256953,-0.0006623720902693243
ViTscratch,200,75,0.9999993,1,1.0,True,0.04573865489025041,0.04324339364671149
ViTscratch,200,75,0.33573386,0,0.0,True,0.005305710170679962,0.0020173241812831344
ViTscratch,200,75,0.99999917,1,1.0,True,0.037996367842389335,0.051242447427924866
ViTscratch,200,75,0.9999993,1,1.0,True,0.03969842040689655,0.042721641292766725
ViTscratch,200,75,0.26857406,0,0.0,True,-0.00021942856090823506,-0.00044839934448370094
ViTscratch,200,75,0.24225286,0,0.0,True,-0.01051086232650651,-0.003807228072090788
ViTscratch,200,75,0.9999993,1,1.0,True,0.04551041532823256,0.050156508171298075
ViTscratch,200,75,0.2660219,0,0.0,True,0.009108558228979555,0.0018768563764006642
ViTscratch,200,75,0.32724595,0,0.0,True,0.008001204481273854,0.0012196812991566563
ViTscratch,200,75,0.9999988,1,1.0,True,0.04632703352200543,0.041531047080739486
ViTscratch,200,75,0.10865287,0,0.0,True,-0.006225278043224875,-0.002440941531474446
ViTscratch,200,75,0.99999917,1,1.0,True,0.026151953672010876,0.03272976945026623
ViTscratch,200,75,0.99999905,1,1.0,True,0.04045022800667374,0.038134053104117535
ViTscratch,200,75,0.9999993,1,1.0,True,0.047003240015771504,0.04835412775781146
ViTscratch,200,75,0.99999917,1,1.0,True,0.040426477345636466,0.0401160803767189
ViTscratch,200,75,0.99999905,1,1.0,True,0.025555439446545942,0.03715420814782365
ViTscratch,200,75,0.9999993,1,1.0,True,0.04715496247345437,0.039685747397540966
ViTscratch,200,75,0.9999993,1,1.0,True,0.06090235960732077,0.059264365074583665
ViTscratch,200,75,0.99999905,1,1.0,True,0.03602473360457424,0.03422470605178329
ViTscratch,200,75,0.99999857,1,1.0,True,0.04914830916897687,0.03590516096339188
ViTscratch,200,75,0.99999917,1,1.0,True,0.03124901011972103,0.03598858130413085
ViTscratch,200,75,0.9999993,1,1.0,True,0.05872377136472612,0.05706287832719818
ViTscratch,200,75,0.22405125,0,0.0,True,-0.0035680359492686474,-0.0019396456909442773
ViTscratch,200,75,0.17638338,0,0.0,True,-0.0031440385170465853,-0.0046889963738580105
ViTscratch,200,75,0.25898448,0,0.0,True,0.002177406967140814,0.00046921068278477177
ViTscratch,200,75,0.36595625,0,0.0,True,-0.001058427634199791,0.0007774939803069688
ViTscratch,200,75,0.99999917,1,1.0,True,0.030906643609113146,0.04474048356210835
ViTscratch,200,75,0.32173765,0,0.0,True,0.006340623748858381,0.003537362577636998
ViTscratch,200,75,0.2518392,0,0.0,True,0.005055796394264165,0.00144227526671944
ViTscratch,200,75,0.3785402,0,0.0,True,0.0067985827975615845,0.0036204022821455985
ViTscratch,200,75,0.13526271,0,0.0,True,-0.006025847836995299,-0.004657205711839508
ViTscratch,200,75,0.9999987,1,1.0,True,0.04830220885633867,0.0473754937554054
ViTscratch,200,75,0.7310665,1,0.0,False,0.006027902064579557,0.005362372216325067
ViTscratch,200,75,0.9999993,1,1.0,True,0.04357286327948143,0.04887322070726405
ViTscratch,200,75,0.41727594,0,0.0,True,-0.002843972784960172,-6.2319674375012726e-06
ViTscratch,200,75,0.2038274,0,0.0,True,2.163256393321425e-05,-0.0014892157036855921
ViTscratch,200,75,0.46943614,0,0.0,True,0.0008863785226404461,-0.0014770339534374494
ViTscratch,200,75,0.20828162,0,0.0,True,0.0005907299371729682,0.00039219881196312403
ViTscratch,200,75,0.18641204,0,0.0,True,0.003403439299533031,0.0038402577712900554
ViTscratch,200,75,0.99999917,1,1.0,True,0.04726715732461482,0.04199978805663233
ViTscratch,200,75,0.9999993,1,1.0,True,0.03303218766290696,0.03707001254587285
ViTscratch,200,76,0.47624186,0,0.0,True,0.0003436782244437243,-0.0011901038458173932
ViTscratch,200,76,0.9999993,1,1.0,True,0.03869476094064466,0.03554305793339015
ViTscratch,200,76,0.9999993,1,1.0,True,0.05235562963035528,0.04999165495192758
ViTscratch,200,76,0.26235363,0,0.0,True,0.003465510675689439,0.0006279689462451431
ViTscratch,200,76,0.99999917,1,1.0,True,0.05381001735680001,0.050496794894923744
ViTscratch,200,76,0.27962768,0,0.0,True,0.0033655762298948253,0.0008048798980767086
ViTscratch,200,76,0.11925369,0,0.0,True,-0.010466092592248956,-0.0027294341887018447
ViTscratch,200,76,0.6476591,1,0.0,False,0.00033832255791328914,0.003009217903013242
ViTscratch,200,76,0.17539497,0,0.0,True,-0.0031190883090318855,-0.0023716343847455953
ViTscratch,200,76,0.9999993,1,1.0,True,0.05301152498969026,0.05395119015420157
ViTscratch,200,76,0.18354215,0,0.0,True,-0.0005931949505284518,-0.0025589634549482584
ViTscratch,200,76,0.99999917,1,1.0,True,0.03723618090452261,0.04168765743073048
ViTscratch,200,76,0.33350384,0,0.0,True,0.0009624654089233178,0.0018956072498582343
ViTscratch,200,76,0.9999993,1,1.0,True,0.04600412190861019,0.04284002727769927
ViTscratch,200,76,0.99999917,1,1.0,True,0.036680857995797476,0.03747949341181205
ViTscratch,200,76,0.99999917,1,1.0,True,0.039295586457098505,0.04644726413075179
ViTscratch,200,76,0.9999993,1,1.0,True,0.05239285678949594,0.04650140755124815
ViTscratch,200,76,0.9999993,1,1.0,True,0.062481135029163165,0.060300373834378945
ViTscratch,200,76,0.9999993,1,1.0,True,0.047827987452456436,0.047859707937958525
ViTscratch,200,76,0.99999857,1,1.0,True,0.04682898790743973,0.042386759652322165
ViTscratch,200,76,0.26201844,0,0.0,True,-0.0026947159638746206,9.462437698878464e-05
ViTscratch,200,76,0.9999993,1,1.0,True,0.04949634882402509,0.05476004785489755
ViTscratch,200,76,0.19859427,0,0.0,True,0.009129173838078859,0.00560736116557792
ViTscratch,200,76,0.20418428,0,0.0,True,-0.002564205162992158,-0.0002035156870625436
ViTscratch,200,76,0.1283451,0,0.0,True,0.0025067681798695515,0.0032188645763426005
ViTscratch,200,76,0.23328407,0,0.0,True,-0.0022010545611349658,-0.00489751127570624
ViTscratch,200,76,0.29985502,0,0.0,True,0.0013256323546421572,-0.0019958158780665923
ViTscratch,200,76,0.36078617,0,0.0,True,0.001253178085774164,0.0004535047064442701
ViTscratch,200,76,0.22859181,0,0.0,True,-0.005176092132836324,-0.0029475093648056293
ViTscratch,200,76,0.72031486,1,0.0,False,0.0016802845174227635,-0.00023149124952841075
ViTscratch,200,76,0.44866103,0,0.0,True,0.0020360449987553045,-0.0012590324223583497
ViTscratch,200,76,0.9999993,1,1.0,True,0.023195598312052954,0.03466506443315371
ViTscratch,200,76,0.99999917,1,1.0,True,0.05268837750895248,0.0432290300131832
ViTscratch,200,76,0.360174,0,0.0,True,-0.0032934936912855095,0.004465439900038171
ViTscratch,200,76,0.14383435,0,0.0,True,-0.0023943839012725908,-0.0008664518992306024
ViTscratch,200,76,0.2292448,0,0.0,True,-0.0012632251800623329,-0.004011969791369805
ViTscratch,200,76,0.17754996,0,0.0,True,-0.003844702551431286,4.753460960407787e-05
ViTscratch,200,76,0.3019474,0,0.0,True,-0.002269907452157588,-0.0006116666001113868
ViTscratch,200,76,0.23427895,0,0.0,True,0.001049585141087366,-0.004539515517885281
ViTscratch,200,76,0.99999917,1,1.0,True,0.03410835206314512,0.042943401343169915
ViTscratch,200,76,0.36763832,0,0.0,True,0.01894582726130757,0.006875981358064454
ViTscratch,200,76,0.24273877,0,0.0,True,0.002762862059341697,0.0017370974549792836
ViTscratch,200,76,0.9999993,1,1.0,True,0.04280644847908792,0.04253606939621705
ViTscratch,200,76,0.30092618,0,0.0,True,0.0035498772452737595,0.0017442703623927432
ViTscratch,200,76,0.2824713,0,0.0,True,0.002207032798342701,0.001961325450451127
ViTscratch,200,76,0.31457403,0,0.0,True,0.0034919077846878592,0.0004796182153940031
ViTscratch,200,76,0.9999993,1,1.0,True,0.051406890107487425,0.05205743157088862
ViTscratch,200,76,0.99999917,1,1.0,True,0.043749090755973254,0.043654708418843266
ViTscratch,200,76,0.99999917,1,1.0,True,0.05529562590431945,0.0510013833281167
ViTscratch,200,76,0.17917702,0,0.0,True,-0.0017364182721440848,-0.002071187549474314
ViTscratch,200,76,0.9999993,1,1.0,True,0.04617889654722129,0.04496924416588035
ViTscratch,200,76,0.9999993,1,1.0,True,0.03957318392972897,0.040424809082336755
ViTscratch,200,76,0.09545426,0,0.0,True,-0.009973807817578529,-0.007302856031739256
ViTscratch,200,76,0.15569071,0,0.0,True,0.005278102496490886,0.001966182199355736
ViTscratch,200,76,0.9999993,1,1.0,True,0.043688507741470275,0.03785673220718283
ViTscratch,200,76,0.17827317,0,0.0,True,0.001754663969226242,-0.0017928447578331385
ViTscratch,200,76,0.2680396,0,0.0,True,-0.0029335746834515466,0.004137614933301077
ViTscratch,200,76,0.15722133,0,0.0,True,-0.003281537033640446,-0.003945143416245431
ViTscratch,200,76,0.9999993,1,1.0,True,0.04702916898375989,0.04407486043733969
ViTscratch,200,76,0.23737423,0,0.0,True,-0.007882873830247291,-0.003819397304938625
ViTscratch,200,76,0.3472988,0,0.0,True,-0.00357428068835853,0.003947445205804813
ViTscratch,200,76,0.99999917,1,1.0,True,0.034576136271610144,0.03875063257891025
ViTscratch,200,76,0.4607427,0,0.0,True,0.001855991887017103,-0.0012121534305705637
ViTscratch,200,76,0.99999917,1,1.0,True,0.04716123332377361,0.03657244146284085
ViTscratch,200,76,0.4054594,0,0.0,True,-0.002472094321813947,-0.0012665821470169497
ViTscratch,200,76,0.43502274,0,0.0,True,-0.0017102408547075962,0.00103131554050901
ViTscratch,200,76,0.99999917,1,1.0,True,0.04416167676437779,0.050196173298001044
ViTscratch,200,76,0.9999993,1,1.0,True,0.03994136988934198,0.041725819661712314
ViTscratch,200,76,0.29159838,0,0.0,True,-0.005279065541989166,-0.005393024362588084
ViTscratch,200,76,0.21117589,0,0.0,True,-1.2241210373389513e-07,-0.0029220390368274256
ViTscratch,200,76,0.34224996,0,0.0,True,0.002510626728709478,0.0023152712167628054
ViTscratch,200,76,0.99999905,1,1.0,True,0.03596667763778949,0.04484651674662294
ViTscratch,200,76,0.99999917,1,1.0,True,0.027351244508908884,0.037272382010879665
ViTscratch,200,76,0.46547922,0,0.0,True,0.00942291605159961,0.008694511170373589
ViTscratch,200,76,0.22526096,0,0.0,True,-0.0029648241206030146,-0.0008816120906801008
ViTscratch,200,76,0.20509222,0,0.0,True,-0.00021746833078622294,0.00036228892827335537
ViTscratch,200,76,0.1630704,0,0.0,True,-0.004485321152794106,-0.004319303640088225
ViTscratch,200,76,0.3763885,0,0.0,True,0.0031523100085336926,0.0002642330797207186
ViTscratch,200,76,0.99999917,1,1.0,True,0.03698938239585272,0.041480861324253174
ViTscratch,200,76,0.9999993,1,1.0,True,0.04424202165105094,0.04339292914208045
ViTscratch,200,76,0.99999917,1,1.0,True,0.04120217169198767,0.034605949995389476
ViTscratch,200,76,0.14226016,0,0.0,True,-0.004874554347763306,-0.005214339574842797
ViTscratch,200,76,0.4847306,0,0.0,True,0.0033968919766964585,0.0048169943977848465
ViTscratch,200,76,0.9999988,1,1.0,True,0.02452895968110601,0.03262510740755765
ViTscratch,200,76,0.9999993,1,1.0,True,0.026424788749206726,0.035716621752452014
ViTscratch,200,76,0.24829091,0,0.0,True,0.003644965770687507,0.0023433153780018363
ViTscratch,200,76,0.99999917,1,1.0,True,0.03390980717981252,0.045098965679564874
ViTscratch,200,76,0.18816479,0,0.0,True,0.0019182423804572704,-0.0028117839539898433
ViTscratch,200,76,0.9999993,1,1.0,True,0.03596310807306379,0.031018813681389684
ViTscratch,200,76,0.99999917,1,1.0,True,0.04738656326941985,0.048237588459736525
ViTscratch,200,76,0.43987316,0,0.0,True,0.0004190201876167592,-0.0008133635410286802
ViTscratch,200,76,0.9999993,1,1.0,True,0.03687616336149608,0.04379496943789007
ViTscratch,200,76,0.9999993,1,1.0,True,0.03703280948725636,0.04140722277891431
ViTscratch,200,76,0.38847515,0,0.0,True,0.003898833446217752,0.000987072482710558
ViTscratch,200,76,0.99999917,1,1.0,True,0.039718752699057176,0.029741106698582185
ViTscratch,200,76,0.9999993,1,1.0,True,0.05973803230176964,0.06430052742610708
ViTscratch,200,76,0.08247768,0,0.0,True,-0.012687269266662141,-0.009871829744356624
ViTscratch,200,76,0.140431,0,0.0,True,0.005615995628012455,0.001397714112137862
ViTscratch,200,76,0.23107162,0,0.0,True,0.0036167304994571734,-0.001814756602094209
ViTscratch,200,76,0.7076412,1,0.0,False,-0.002132375765434856,0.0035599698315082412
ViTscratch,200,77,0.24487881,0,0.0,True,-0.002818503804362561,-0.0020184083348153735
ViTscratch,200,77,0.9999993,1,1.0,True,0.05291340783964125,0.05639161329069463
ViTscratch,200,77,0.9999993,1,1.0,True,0.056229109017575336,0.06252096099028241
ViTscratch,200,77,0.6523049,1,0.0,False,0.0057167774851384235,0.002112693617400664
ViTscratch,200,77,0.99999917,1,1.0,True,0.03201267377326566,0.040892404806706965
ViTscratch,200,77,0.17942682,0,0.0,True,-0.006723952721440143,-0.005252703625119057
ViTscratch,200,77,0.17681493,0,0.0,True,-0.0023530063946444893,-0.005836438379015316
ViTscratch,200,77,0.24026263,0,0.0,True,0.012905166118724002,0.0032646814907710065
ViTscratch,200,77,0.9999993,1,1.0,True,0.0360221317090798,0.040285956771094936
ViTscratch,200,77,0.16816527,0,0.0,True,0.001490426572769459,0.0034101279907263362
ViTscratch,200,77,0.9999988,1,1.0,True,0.031977565288562305,0.03558597345266014
ViTscratch,200,77,0.9999993,1,1.0,True,0.046947076841485566,0.04666713709423279
ViTscratch,200,77,0.9999993,1,1.0,True,0.05033397024633036,0.04507711222049262
ViTscratch,200,77,0.14598356,0,0.0,True,-0.0028732769086658684,-0.00023559881321754395
ViTscratch,200,77,0.1777868,0,0.0,True,-0.0006143291048013632,-0.00026277024744314297
ViTscratch,200,77,0.12646933,0,0.0,True,0.0023357863936619766,-0.0005569995144540502
ViTscratch,200,77,0.9999993,1,1.0,True,0.03280137515516635,0.033257117629843964
ViTscratch,200,77,0.9999993,1,1.0,True,0.046867753248867564,0.043790793635035144
ViTscratch,200,77,0.9999993,1,1.0,True,0.04178591217321933,0.04701035732516329
ViTscratch,200,77,0.99999917,1,1.0,True,0.050195500146497554,0.03805530293967376
ViTscratch,200,77,0.19538406,0,0.0,True,-0.0016864099196011336,-0.0026726190716105124
ViTscratch,200,77,0.99999905,1,1.0,True,0.04440678659579433,0.04602724799842169
ViTscratch,200,77,0.2519341,0,0.0,True,0.006723095005396541,0.006814797469217618
ViTscratch,200,77,0.9999993,1,1.0,True,0.057282768718284645,0.046067289712153014
ViTscratch,200,77,0.16400518,0,0.0,True,0.0024088375234042987,0.0021392304638330703
ViTscratch,200,77,0.9999993,1,1.0,True,0.05863165726597432,0.0587776414133711
ViTscratch,200,77,0.9999993,1,1.0,True,0.046570936071803265,0.04371570743172794
ViTscratch,200,77,0.9999993,1,1.0,True,0.05755241138951358,0.0485261263985913
ViTscratch,200,77,0.99999917,1,1.0,True,0.043164909032462874,0.041006607858733675
ViTscratch,200,77,0.99999917,1,1.0,True,0.043332137888523,0.039986898455869356
ViTscratch,200,77,0.99999917,1,1.0,True,0.04615035820508339,0.04483986073894806
ViTscratch,200,77,0.9999993,1,1.0,True,0.05396818964663235,0.05737989868979214
ViTscratch,200,77,0.9999993,1,1.0,True,0.039033642034837036,0.03553346021411368
ViTscratch,200,77,0.99999917,1,1.0,True,0.03436962241905389,0.041231998868759105
ViTscratch,200,77,0.34570655,0,0.0,True,0.0004069290048190964,-0.00022165600401006795
ViTscratch,200,77,0.38759285,0,0.0,True,0.0016457626229121113,0.003287441404667838
ViTscratch,200,77,0.49612415,0,0.0,True,0.009987573352805375,0.0057064886702345545
ViTscratch,200,77,0.24160036,0,0.0,True,0.004856759939939682,0.0041142179149963095
ViTscratch,200,77,0.99999917,1,1.0,True,0.03261147878173781,0.03355030589397098
ViTscratch,200,77,0.9999993,1,1.0,True,0.0488420057238504,0.047175817789366865
ViTscratch,200,77,0.2864901,0,0.0,True,0.006286131522985581,0.006402981183034512
ViTscratch,200,77,0.9999993,1,1.0,True,0.032505505292478504,0.038810721006313435
ViTscratch,200,77,0.12229218,0,0.0,True,-0.0001633034229447567,0.00016325934506180076
ViTscratch,200,77,0.9999993,1,1.0,True,0.04587186934570669,0.04120310494184203
ViTscratch,200,77,0.9999993,1,1.0,True,0.03771465150944141,0.040508692226989086
ViTscratch,200,77,0.16135538,0,0.0,True,0.006024126846744404,0.0013794953976484974
ViTscratch,200,77,0.2001309,0,0.0,True,0.0034896237827717396,0.0036269669256834185
ViTscratch,200,77,0.29087502,0,0.0,True,0.00032646655752775473,-0.0018642786377109522
ViTscratch,200,77,0.21381281,0,0.0,True,0.00803628005901335,0.005361079297042705
ViTscratch,200,77,0.9999993,1,1.0,True,0.036027177326756255,0.036242520003515945
ViTscratch,200,77,0.9999993,1,1.0,True,0.04788993107201052,0.05048046483288184
ViTscratch,200,77,0.38593814,0,0.0,True,-1.1992110904433262e-05,0.0010721847601461816
ViTscratch,200,77,0.31827784,0,0.0,True,0.0004269765038094097,-0.0008588138453218892
ViTscratch,200,77,0.2669114,0,0.0,True,-0.008236368590881756,-0.0069780267146536245
ViTscratch,200,77,0.9999993,1,1.0,True,0.03888920295070588,0.05339152684938666
ViTscratch,200,77,0.9999993,1,1.0,True,0.055812527185088556,0.05513117213123493
ViTscratch,200,77,0.18862443,0,0.0,True,0.002641768663643196,-0.0021868459713995266
ViTscratch,200,77,0.35403684,0,0.0,True,0.004723587936678749,0.0010075263828661825
ViTscratch,200,77,0.133645,0,0.0,True,-0.004351700580989008,-0.004413913080022774
ViTscratch,200,77,0.32935703,0,0.0,True,0.0010050236783917792,0.00037781605540436984
ViTscratch,200,77,0.16940166,0,0.0,True,0.005008205754451594,-0.0009475988127754337
ViTscratch,200,77,0.1799912,0,0.0,True,0.005677839848696028,0.00017573569210898207
ViTscratch,200,77,0.737279,1,0.0,False,-0.0006554262054700687,0.001132160781291701
ViTscratch,200,77,0.17596413,0,0.0,True,-0.004076815681103236,0.001278361264308226
ViTscratch,200,77,0.30389684,0,0.0,True,0.009308933038921795,-0.0003376148506201943
ViTscratch,200,77,0.37509003,0,0.0,True,0.00931142113392609,0.0062367649884833565
ViTscratch,200,77,0.9999993,1,1.0,True,0.04847380897481632,0.049829342265681996
ViTscratch,200,77,0.99999917,1,1.0,True,0.056006278953571687,0.046272007792092784
ViTscratch,200,77,0.9999993,1,1.0,True,0.05814154192017478,0.046069374674552285
ViTscratch,200,77,0.9999993,1,1.0,True,0.04500337336019068,0.04512223578765462
ViTscratch,200,77,0.99999917,1,1.0,True,0.03521451820459748,0.034824682784537465
ViTscratch,200,77,0.9999993,1,1.0,True,0.05099768919250182,0.053019726757563834
ViTscratch,200,77,0.9999993,1,1.0,True,0.046685055905312606,0.049599452857207155
ViTscratch,200,77,0.9999993,1,1.0,True,0.052712883199539894,0.05035391303721279
ViTscratch,200,77,0.1447605,0,0.0,True,-0.0077409697451721726,-0.0044105876875767305
ViTscratch,200,77,0.9999988,1,1.0,True,0.04017630657808706,0.040175181338748214
ViTscratch,200,77,0.9999993,1,1.0,True,0.04941776298285586,0.047333135266821334
ViTscratch,200,77,0.27747837,0,0.0,True,0.0006527365509959938,-0.0015119389524376177
ViTscratch,200,77,0.21121792,0,0.0,True,-0.000582057437317213,0.004612107283701309
ViTscratch,200,77,0.99999917,1,1.0,True,0.06286007683263768,0.052918388785695186
ViTscratch,200,77,0.9999993,1,1.0,True,0.06272415110422812,0.05583023684338033
ViTscratch,200,77,0.29392964,0,0.0,True,0.005677035827785848,0.002164730124425286
ViTscratch,200,77,0.99999917,1,1.0,True,0.05090100138766623,0.043919551420887847
ViTscratch,200,77,0.99999917,1,1.0,True,0.04085954465023564,0.03706982850604255
ViTscratch,200,77,0.2922062,0,0.0,True,-0.0017724598931144594,-0.0003390274876318117
ViTscratch,200,77,0.37263566,0,0.0,True,-0.0044337853014602266,-0.001044521325621622
ViTscratch,200,77,0.99999917,1,1.0,True,0.04186002770166633,0.05043532524072335
ViTscratch,200,77,0.24894074,0,0.0,True,-0.0027637892562818026,-0.0014610280685190804
ViTscratch,200,77,0.18807635,0,0.0,True,-0.00489605167848457,0.0007597613641537571
ViTscratch,200,77,0.99999905,1,1.0,True,0.02510945968741597,0.03451438412700738
ViTscratch,200,77,0.9999993,1,1.0,True,0.042051747565786946,0.04389871137598467
ViTscratch,200,77,0.31590426,0,0.0,True,0.005770039804844541,-0.0006637236648126835
ViTscratch,200,77,0.21233062,0,0.0,True,0.0022433177630829045,0.002880244963695152
ViTscratch,200,77,0.9999993,1,1.0,True,0.027320657890815763,0.0303093849386631
ViTscratch,200,77,0.5240678,1,0.0,False,0.0017762927193154898,-0.000587155570549015
ViTscratch,200,77,0.124103114,0,0.0,True,0.004801924505670965,0.0003056465383036392
ViTscratch,200,77,0.47309956,0,0.0,True,0.0013818976617269198,-0.003374062711932724
ViTscratch,200,77,0.99999917,1,1.0,True,0.03433324831835212,0.03734198890800682
ViTscratch,200,77,0.4735692,0,0.0,True,-0.012107566084980582,-0.0027681550019930633
ViTscratch,200,77,0.9999993,1,1.0,True,0.05535396600899069,0.05802353689468456
ViTscratch,200,78,0.99999917,1,1.0,True,0.04340783513960715,0.04013392686649699
ViTscratch,200,78,0.17628393,0,0.0,True,0.00039917747610606984,0.002490307190443027
ViTscratch,200,78,0.9999993,1,1.0,True,0.05557788944723618,0.05317380352644836
ViTscratch,200,78,0.9999993,1,1.0,True,0.047202742558223355,0.04231537687571617
ViTscratch,200,78,0.9999993,1,1.0,True,0.05426978026027717,0.04992296917989154
ViTscratch,200,78,0.14355572,0,0.0,True,-0.006348490122041546,-0.0022327921351083086
ViTscratch,200,78,0.99999917,1,1.0,True,0.03541809003611126,0.042937663412247404
ViTscratch,200,78,0.9999993,1,1.0,True,0.0527730251357252,0.05038298224070329
ViTscratch,200,78,0.9999993,1,1.0,True,0.05105234914279658,0.0532221955626254
ViTscratch,200,78,0.9999993,1,1.0,True,0.040486868763950294,0.04800775650345922
ViTscratch,200,78,0.9999993,1,1.0,True,0.04501181392305654,0.047267655048783115
ViTscratch,200,78,0.4399097,0,0.0,True,0.0009519903211085638,0.001608910518494064
ViTscratch,200,78,0.9999993,1,1.0,True,0.04401050530277387,0.0569982308008146
ViTscratch,200,78,0.12012143,0,0.0,True,-0.009348273546179,-0.007558144839581986
ViTscratch,200,78,0.9999993,1,1.0,True,0.05012527642620495,0.05266965972136297
ViTscratch,200,78,0.7474791,1,0.0,False,0.004195031070826659,0.005915700260004045
ViTscratch,200,78,0.3704411,0,0.0,True,-0.0055285030971780275,-0.0015121991351963718
ViTscratch,200,78,0.99999917,1,1.0,True,0.05361738527570362,0.05279666992516295
ViTscratch,200,78,0.99999917,1,1.0,True,0.03935047048783043,0.03279234930232682
ViTscratch,200,78,0.13416359,0,0.0,True,-0.0028705156860865558,-0.004692032423430246
ViTscratch,200,78,0.25521666,0,0.0,True,-0.004424086320926219,-0.0023189033396001806
ViTscratch,200,78,0.9999993,1,1.0,True,0.04029233890887703,0.04517960949477191
ViTscratch,200,78,0.99999917,1,1.0,True,0.053282357568029265,0.04361868254190275
ViTscratch,200,78,0.6647896,1,0.0,False,0.0030788348527932856,0.0048234648739050165
ViTscratch,200,78,0.2989248,0,0.0,True,0.0028233113453958137,-0.0013763424272374041
ViTscratch,200,78,0.22704814,0,0.0,True,0.0028642303778544575,-0.0030982254982418796
ViTscratch,200,78,0.99999917,1,1.0,True,0.0430154707557909,0.03539072542695872
ViTscratch,200,78,0.14269812,0,0.0,True,-0.002806100273029977,-0.0073737234999492925
ViTscratch,200,78,0.55249596,1,0.0,False,-0.0031089044711840913,-0.0009742087044215824
ViTscratch,200,78,0.9999993,1,1.0,True,0.05920026631336324,0.05319660093790321
ViTscratch,200,78,0.99999917,1,1.0,True,0.05707058730566702,0.04927944057489408
ViTscratch,200,78,0.99999917,1,1.0,True,0.06276447624402598,0.06250665875556512
ViTscratch,200,78,0.9999993,1,1.0,True,0.028434964085065958,0.02772954805987297
ViTscratch,200,78,0.99999917,1,1.0,True,0.05417178410698674,0.05496233798326485
ViTscratch,200,78,0.9999993,1,1.0,True,0.05687647879856513,0.06054877379768903
ViTscratch,200,78,0.9999993,1,1.0,True,0.04142526704331233,0.04554838516475701
ViTscratch,200,78,0.9999993,1,1.0,True,0.04858000412206974,0.0502920084778332
ViTscratch,200,78,0.9999993,1,1.0,True,0.05546980346505003,0.04689285013607456
ViTscratch,200,78,0.99999917,1,1.0,True,0.04613147687431072,0.036651710267921064
ViTscratch,200,78,0.9999993,1,1.0,True,0.05628120808031818,0.047883996575234324
ViTscratch,200,78,0.9999987,1,1.0,True,0.047837492288034855,0.04921190267169637
ViTscratch,200,78,0.9999993,1,1.0,True,0.047222043908888914,0.05638366924067199
ViTscratch,200,78,0.9999993,1,1.0,True,0.03670933111490453,0.04426695299756067
ViTscratch,200,78,0.9999993,1,1.0,True,0.047322551894545414,0.04250281706042476
ViTscratch,200,78,0.4692368,0,0.0,True,0.004387547117898956,0.0029134232887761957
ViTscratch,200,78,0.26746568,0,0.0,True,0.0025114542448874907,0.0006288555971851913
ViTscratch,200,78,0.13647988,0,0.0,True,-0.006602375862200395,-0.007651710051478648
ViTscratch,200,78,0.42145693,0,0.0,True,0.007445373641335506,0.003711587365299836
ViTscratch,200,78,0.99999917,1,1.0,True,0.045252189738311,0.054772673844597344
ViTscratch,200,78,0.99999917,1,1.0,True,0.062216579222365696,0.05475213233267896
ViTscratch,200,78,0.38913688,0,0.0,True,0.007230400428614578,0.002411927232617785
ViTscratch,200,78,0.3819743,0,0.0,True,-0.0004650835060823285,-0.00061703616094045
ViTscratch,200,78,0.8799391,1,0.0,False,0.007833946614084238,0.0101252815822192
ViTscratch,200,78,0.32575232,0,0.0,True,-0.005122658045425383,-0.0009023288488790822
ViTscratch,200,78,0.79596484,1,0.0,False,0.005361938799332553,0.0036372693676346543
ViTscratch,200,78,0.3934896,0,0.0,True,0.0010728516061463103,-0.001622465550006591
ViTscratch,200,78,0.178715,0,0.0,True,0.0007480006177429078,0.00037094340964473365
ViTscratch,200,78,0.9999993,1,1.0,True,0.03336206143120226,0.03755423310956542
ViTscratch,200,78,0.26945367,0,0.0,True,0.002252630988711498,0.005610273991111798
ViTscratch,200,78,0.9999993,1,1.0,True,0.046107233423991395,0.05299674794585083
ViTscratch,200,78,0.21820408,0,0.0,True,0.0022291025877549057,-0.003004444567023123
ViTscratch,200,78,0.9999993,1,1.0,True,0.042151668446950445,0.041383294784086866
ViTscratch,200,78,0.7826099,1,0.0,False,-0.0010675345784255778,-0.0010723314515861738
ViTscratch,200,78,0.9999993,1,1.0,True,0.03747538804091604,0.04512791150894997
ViTscratch,200,78,0.9999993,1,1.0,True,0.045867875294096375,0.04905384555084156
ViTscratch,200,78,0.9999993,1,1.0,True,0.03789282611629873,0.04396780078141899
ViTscratch,200,78,0.9999993,1,1.0,True,0.057629513750495055,0.05472736625404716
ViTscratch,200,78,0.99999917,1,1.0,True,0.045736348227456904,0.05354812782228441
ViTscratch,200,78,0.16973637,0,0.0,True,-0.0029728480361451465,-0.0043660805978249706
ViTscratch,200,78,0.9999993,1,1.0,True,0.04115577889447236,0.042518891687657434
ViTscratch,200,78,0.99999917,1,1.0,True,0.03959501447981593,0.056950613781191164
ViTscratch,200,78,0.12285088,0,0.0,True,-0.0038100938609668374,-0.0016285241783332773
ViTscratch,200,78,0.99999917,1,1.0,True,0.02954750778291258,0.03818609098641345
ViTscratch,200,78,0.99999917,1,1.0,True,0.05557788944723618,0.04503778337531486
ViTscratch,200,78,0.9999993,1,1.0,True,0.05381974620928844,0.051259688277180165
ViTscratch,200,78,0.9999993,1,1.0,True,0.05367008454184052,0.05080556299059255
ViTscratch,200,78,0.25586867,0,0.0,True,0.004521708039292623,0.004180349268507215
ViTscratch,200,78,0.99999917,1,1.0,True,0.03622908661030625,0.04218937770707526
ViTscratch,200,78,0.9999993,1,1.0,True,0.04497450978838158,0.04533980251849356
ViTscratch,200,78,0.9999993,1,1.0,True,0.04243595048389689,0.05095583281426774
ViTscratch,200,78,0.99999917,1,1.0,True,0.0629743604221953,0.06026778660028522
ViTscratch,200,78,0.9999993,1,1.0,True,0.05306567296815071,0.051433019220077696
ViTscratch,200,78,0.18279175,0,0.0,True,0.003918922082947232,-0.0035025822362611367
ViTscratch,200,78,0.32109183,0,0.0,True,0.0022415217308068363,0.002947047308302171
ViTscratch,200,78,0.1842093,0,0.0,True,-0.002735937608876294,-0.0016837191959192897
ViTscratch,200,78,0.22066481,0,0.0,True,0.0015648249203222804,0.002095757562744106
ViTscratch,200,78,0.38297212,0,0.0,True,0.00034138187615379457,-0.0001535641554512637
ViTscratch,200,78,0.9999993,1,1.0,True,0.059768243106067334,0.04800687750885022
ViTscratch,200,78,0.26454395,0,0.0,True,0.005965889354598268,0.005199647638905982
ViTscratch,200,78,0.23433489,0,0.0,True,-0.0029150581348501474,-0.000831675563887213
ViTscratch,200,78,0.99999917,1,1.0,True,0.059225461656367946,0.05993753293925086
ViTscratch,200,78,0.99999917,1,1.0,True,0.03717331635666251,0.04253103906430458
ViTscratch,200,78,0.9999993,1,1.0,True,0.04318836239616728,0.04271601241156
ViTscratch,200,78,0.9999993,1,1.0,True,0.05360623765140216,0.04840455961528362
ViTscratch,200,78,0.9999993,1,1.0,True,0.053691817361718214,0.051154857310989565
ViTscratch,200,78,0.14154963,0,0.0,True,-0.007190310384872092,-0.0065562711677873385
ViTscratch,200,78,0.9999993,1,1.0,True,0.06120600912282119,0.06657198781366615
ViTscratch,200,78,0.9999993,1,1.0,True,0.046875850628490465,0.05241068979698932
ViTscratch,200,78,0.9999993,1,1.0,True,0.047732837341015695,0.04651950949883026
ViTscratch,200,78,0.99999845,1,1.0,True,0.05432840808405448,0.03992413752087071
ViTscratch,200,79,0.22941446,0,0.0,True,-0.0012772754017344027,-0.0002478243729756476
ViTscratch,200,79,0.9999993,1,1.0,True,0.05311138593068529,0.05293993224391833
ViTscratch,200,79,0.66364306,1,0.0,False,-0.003189034115590566,0.001415620781679263
ViTscratch,200,79,0.22368999,0,0.0,True,0.0048225524721160614,0.0027693230810266335
ViTscratch,200,79,0.9999993,1,1.0,True,0.029597719711044804,0.03838721173791942
ViTscratch,200,79,0.99999917,1,1.0,True,0.05058864090366597,0.042504716896361164
ViTscratch,200,79,0.9999993,1,1.0,True,0.04193907752409684,0.041505649448821194
ViTscratch,200,79,0.2603635,0,0.0,True,-0.004795098357022088,-0.003698212798126376
ViTscratch,200,79,0.9999993,1,1.0,True,0.028437817274036027,0.038182168039164875
ViTscratch,200,79,0.9999993,1,1.0,True,0.029437494713224693,0.04824242575978709
ViTscratch,200,79,0.20837659,0,0.0,True,0.0013072007194358005,0.0010343811555677143
ViTscratch,200,79,0.99999917,1,1.0,True,0.04948944993047025,0.04428859629383514
ViTscratch,200,79,0.99999917,1,1.0,True,0.06410180593176523,0.05864568206649275
ViTscratch,200,79,0.99999917,1,1.0,True,0.034732008884618804,0.039328886456455193
ViTscratch,200,79,0.9999993,1,1.0,True,0.055207650031263183,0.05120564146145384
ViTscratch,200,79,0.9999993,1,1.0,True,0.06160954585415685,0.04345206106567373
ViTscratch,200,79,0.2512223,0,0.0,True,0.0026628634711934286,0.00020111573990826075
ViTscratch,200,79,0.7254621,1,0.0,False,0.009874552274912612,0.009388523050381199
ViTscratch,200,79,0.18786891,0,0.0,True,-0.001408689474627068,0.0002735344534845603
ViTscratch,200,79,0.9999993,1,1.0,True,0.041758940065853865,0.043627174164255475
ViTscratch,200,79,0.9999993,1,1.0,True,0.048436354549520444,0.0571957149290222
ViTscratch,200,79,0.26044896,0,0.0,True,-0.003985828610659831,0.0009383225669946301
ViTscratch,200,79,0.9999993,1,1.0,True,0.04809850815554179,0.05256725692431676
ViTscratch,200,79,0.18995613,0,0.0,True,0.0015570942288960056,0.005666704609281305
ViTscratch,200,79,0.8580424,1,0.0,False,0.007744679465137521,0.006180090603377954
ViTscratch,200,79,0.27535266,0,0.0,True,0.005388660498866378,-0.0016178843960535352
ViTscratch,200,79,0.9999993,1,1.0,True,0.043427719433814564,0.04338257257990863
ViTscratch,200,79,0.3358126,0,0.0,True,4.2754908064136936e-05,-0.0006618881111129412
ViTscratch,200,79,0.9999993,1,1.0,True,0.05375868813157714,0.056916329580653915
ViTscratch,200,79,0.9999993,1,1.0,True,0.0466644706097516,0.0414930721687672
ViTscratch,200,79,0.9999993,1,1.0,True,0.04047835611877634,0.04229155980448451
ViTscratch,200,79,0.12101566,0,0.0,True,0.00038144816527675685,-0.0006012138048070731
ViTscratch,200,79,0.9999993,1,1.0,True,0.04687808325455651,0.04050277866366664
ViTscratch,200,79,0.9999993,1,1.0,True,0.047078777676003256,0.05652627471831055
ViTscratch,200,79,0.9999993,1,1.0,True,0.04658226984204139,0.04551524737099233
ViTscratch,200,79,0.9999993,1,1.0,True,0.05180919142266916,0.0536775747685758
ViTscratch,200,79,0.2351853,0,0.0,True,0.004522603010051558,0.0013349747488684313
ViTscratch,200,79,0.9999993,1,1.0,True,0.05923763962992314,0.057826306981629785
ViTscratch,200,79,0.9999993,1,1.0,True,0.034540202428479036,0.043190869888625874
ViTscratch,200,79,0.9999993,1,1.0,True,0.04226778972100739,0.053653003709149424
ViTscratch,200,79,0.9999993,1,1.0,True,0.06871027013536311,0.055663963509591276
ViTscratch,200,79,0.38036314,0,0.0,True,0.004789781564328194,0.004324714766628343
ViTscratch,200,79,0.9999993,1,1.0,True,0.05676811636129146,0.060687531068289065
ViTscratch,200,79,0.19185838,0,0.0,True,-0.0020089338493798014,0.00025434726147917217
ViTscratch,200,79,0.6748466,1,0.0,False,0.007986797503945084,0.008309347263374635
ViTscratch,200,79,0.9999993,1,1.0,True,0.04695521987238293,0.03689399215108597
ViTscratch,200,79,0.9999993,1,1.0,True,0.05436764577638064,0.0456120016323868
ViTscratch,200,79,0.9999993,1,1.0,True,0.04140166929613601,0.047462887041791524
ViTscratch,200,79,0.99999917,1,1.0,True,0.0369787027773418,0.04107710914779866
ViTscratch,200,79,0.99999917,1,1.0,True,0.04950520730180887,0.05028537045077945
ViTscratch,200,79,0.27700686,0,0.0,True,-0.0016584690075814438,-0.003955028066838282
ViTscratch,200,79,0.20049067,0,0.0,True,-0.007543532480817855,-0.005875108320422994
ViTscratch,200,79,0.16096628,0,0.0,True,-0.005508344295674147,2.0905186882822027e-05
ViTscratch,200,79,0.9999993,1,1.0,True,0.044909305887276506,0.048243185884598326
ViTscratch,200,79,0.2116994,0,0.0,True,-0.002966326252565904,-0.005921268197477293
ViTscratch,200,79,0.9999993,1,1.0,True,0.05010663394041778,0.04914655744524068
ViTscratch,200,79,0.9999993,1,1.0,True,0.04582100104621172,0.049538770790818316
ViTscratch,200,79,0.6863845,1,0.0,False,0.0044214484552177035,0.009368237920561972
ViTscratch,200,79,0.1854346,0,0.0,True,0.0006492772377916734,-0.0010644008465351225
ViTscratch,200,79,0.9999993,1,1.0,True,0.044819804882312665,0.043240763448681385
ViTscratch,200,79,0.9999993,1,1.0,True,0.046104847974256014,0.0479432252399556
ViTscratch,200,79,0.9999993,1,1.0,True,0.05211022280206133,0.0497976254188028
ViTscratch,200,79,0.36103228,0,0.0,True,0.003816064786321071,0.0030232623440406502
ViTscratch,200,79,0.9999993,1,1.0,True,0.05483785873951172,0.05055301830042853
ViTscratch,200,79,0.70898503,1,0.0,False,0.005628141089467836,0.0050126129813870025
ViTscratch,200,79,0.7985743,1,0.0,False,-0.004934937265796952,1.5575558235389083e-05
ViTscratch,200,79,0.10599286,0,0.0,True,-0.015926192520329167,-0.005662484506612041
ViTscratch,200,79,0.16983269,0,0.0,True,-0.002368540858071783,-0.0005347575153617311
ViTscratch,200,79,0.9999993,1,1.0,True,0.05089788654801851,0.05327717943149603
ViTscratch,200,79,0.4416232,0,0.0,True,0.008027970757207297,0.005805847567703929
ViTscratch,200,79,0.99999917,1,1.0,True,0.05079395611783236,0.05377736451018384
ViTscratch,200,79,0.99999917,1,1.0,True,0.055207883882838565,0.04345795160002672
ViTscratch,200,79,0.21981952,0,0.0,True,0.0009461668313621879,0.0016301168493061647
ViTscratch,200,79,0.99999917,1,1.0,True,0.032751934796368704,0.03976072509809353
ViTscratch,200,79,0.9999993,1,1.0,True,0.055584547773089826,0.05746569317073613
ViTscratch,200,79,0.3319145,0,0.0,True,0.0009388207142439331,0.0008390142994516937
ViTscratch,200,79,0.9999993,1,1.0,True,0.048061713394689815,0.05488743542844268
ViTscratch,200,79,0.12288377,0,0.0,True,-0.00213732370459508,-0.002697524143640457
ViTscratch,200,79,0.27750486,0,0.0,True,0.001185614109270231,0.004060143894049302
ViTscratch,200,79,0.23796508,0,0.0,True,0.0044256651695825395,0.002772428653872859
ViTscratch,200,79,0.32478684,0,0.0,True,-0.0015490873901939765,-0.0007696624686797859
ViTscratch,200,79,0.99999917,1,1.0,True,0.04918708286311247,0.05301636390753893
ViTscratch,200,79,0.23160139,0,0.0,True,-0.0026131469507639656,-0.0002014924251818376
ViTscratch,200,79,0.21867411,0,0.0,True,0.006828480314604557,0.001051135038527809
ViTscratch,200,79,0.18832402,0,0.0,True,-0.006265347795254892,-0.007590789247974333
ViTscratch,200,79,0.9999993,1,1.0,True,0.0502351781872511,0.04622957567685548
ViTscratch,200,79,0.12873487,0,0.0,True,-0.004623261009121963,-0.004936892771726098
ViTscratch,200,79,0.34157255,0,0.0,True,0.004213812272333747,-0.00048588879665445526
ViTscratch,200,79,0.1881705,0,0.0,True,-0.004720101019200154,-0.0011762708513552804
ViTscratch,200,79,0.11572621,0,0.0,True,-0.012144671812989892,-0.00451894112809218
ViTscratch,200,79,0.9999993,1,1.0,True,0.05321680934088287,0.05734438870365535
ViTscratch,200,79,0.9999993,1,1.0,True,0.06295446625435794,0.06240707820640009
ViTscratch,200,79,0.9999993,1,1.0,True,0.0394071570317434,0.04031723104116067
ViTscratch,200,79,0.13216147,0,0.0,True,0.0008465819243064738,0.0026880678079745364
ViTscratch,200,79,0.99999917,1,1.0,True,0.04806522019955206,0.047884248679750406
ViTscratch,200,79,0.35142955,0,0.0,True,-0.004208875137596789,-0.0016260736520017152
ViTscratch,200,79,0.9999993,1,1.0,True,0.0480114739025558,0.05914584670876251
ViTscratch,200,79,0.47300392,0,0.0,True,0.000483088307216924,0.0015187818862330807
ViTscratch,200,79,0.19331186,0,0.0,True,0.001047174496211602,0.0014775287665603784
ViTscratch,200,79,0.9999993,1,1.0,True,0.058435644327959224,0.053572073612918526
ViTscratch,200,80,0.9999993,1,1.0,True,0.055896093208882565,0.05073848034370974
ViTscratch,200,80,0.14885756,0,0.0,True,-0.006042485675517291,-0.0062328809874336085
ViTscratch,200,80,0.9999993,1,1.0,True,0.05415661244629569,0.0501315179347523
ViTscratch,200,80,0.9999993,1,1.0,True,0.07562505901220819,0.0680568881394607
ViTscratch,200,80,0.23100428,0,0.0,True,-0.0006005714750762551,-0.0033000539924523307
ViTscratch,200,80,0.9999993,1,1.0,True,0.055912579036063184,0.056324776970503684
ViTscratch,200,80,0.9999993,1,1.0,True,0.05432219712486939,0.051261964755662
ViTscratch,200,80,0.9999993,1,1.0,True,0.05860816674640207,0.06305296535340563
ViTscratch,200,80,0.28393495,0,0.0,True,0.0022819429833963803,0.00201736935651485
ViTscratch,200,80,0.9999993,1,1.0,True,0.045802627130319774,0.05284641717762826
ViTscratch,200,80,0.2539089,0,0.0,True,-0.008999643788811542,0.0014821995401972739
ViTscratch,200,80,0.9999993,1,1.0,True,0.04622077917366066,0.05128812180466858
ViTscratch,200,80,0.9999993,1,1.0,True,0.06384639408577839,0.05975906335851972
ViTscratch,200,80,0.9999993,1,1.0,True,0.06351909266627315,0.0535649731389235
ViTscratch,200,80,0.28619707,0,0.0,True,-0.001269450457482362,-0.0025567423769312044
ViTscratch,200,80,0.49966133,0,0.0,True,0.002601784230209345,0.005605904457350779
ViTscratch,200,80,0.9999993,1,1.0,True,0.05675709732496929,0.05577104678964905
ViTscratch,200,80,0.9999993,1,1.0,True,0.0512065543766951,0.04863793559549215
ViTscratch,200,80,0.43131343,0,0.0,True,-0.003345757107357708,-0.001712705151850623
ViTscratch,200,80,0.9999993,1,1.0,True,0.05934752614347884,0.05644848829354689
ViTscratch,200,80,0.23228589,0,0.0,True,0.001388557753132995,0.0012922422494644334
ViTscratch,200,80,0.9999993,1,1.0,True,0.0452272486439607,0.043603336502422284
ViTscratch,200,80,0.9999993,1,1.0,True,0.04864198326023365,0.0436270030243515
ViTscratch,200,80,0.24236877,0,0.0,True,0.00011744403401067742,0.0001717726274929125
ViTscratch,200,80,0.9999993,1,1.0,True,0.04694180558661795,0.048014265645540045
ViTscratch,200,80,0.9999993,1,1.0,True,0.048803645776504916,0.043551712928493844
ViTscratch,200,80,0.9999993,1,1.0,True,0.05776601931775744,0.054592615850213376
ViTscratch,200,80,0.9999993,1,1.0,True,0.06388580505128465,0.06824431909891107
ViTscratch,200,80,0.26439315,0,0.0,True,0.003416937858902163,0.0014349289749174593
ViTscratch,200,80,0.35120246,0,0.0,True,0.005577106322489297,0.004432519430684993
ViTscratch,200,80,0.9999993,1,1.0,True,0.03718124530743588,0.04331749470327581
ViTscratch,200,80,0.10300636,0,0.0,True,-0.0016695728080604142,-0.0030099892179284242
ViTscratch,200,80,0.9999993,1,1.0,True,0.04481983053051192,0.042499097764090624
ViTscratch,200,80,0.99999917,1,1.0,True,0.05187630774738481,0.05422500093231598
ViTscratch,200,80,0.9999993,1,1.0,True,0.04125971507861196,0.05498077423421709
ViTscratch,200,80,0.20778595,0,0.0,True,-0.004877850597098091,-0.007359730175985396
ViTscratch,200,80,0.9999993,1,1.0,True,0.04867851079868833,0.060421889135365205
ViTscratch,200,80,0.32719254,0,0.0,True,0.005357288744521139,0.003178651400288827
ViTscratch,200,80,0.27407625,0,0.0,True,0.0068157284403472206,-0.00037385314795114087
ViTscratch,200,80,0.9999993,1,1.0,True,0.03648704456173582,0.0389915510274862
ViTscratch,200,80,0.9999993,1,1.0,True,0.052802938758265416,0.06249295162657494
ViTscratch,200,80,0.3411006,0,0.0,True,0.009997058149682795,0.0057140009046218986
ViTscratch,200,80,0.14226216,0,0.0,True,-0.006082922908978401,-0.0042093600958708986
ViTscratch,200,80,0.9999993,1,1.0,True,0.0703597167361533,0.06927346725795908
ViTscratch,200,80,0.3173875,0,0.0,True,0.0035580392998117247,0.00114798058715065
ViTscratch,200,80,0.99999917,1,1.0,True,0.03552013857835283,0.03460597529066119
ViTscratch,200,80,0.99999917,1,1.0,True,0.05604822686587521,0.047075653887376764
ViTscratch,200,80,0.9999993,1,1.0,True,0.056335344155510975,0.052884714596570785
ViTscratch,200,80,0.9999993,1,1.0,True,0.06351745180908645,0.05778379089438039
ViTscratch,200,80,0.24457279,0,0.0,True,-0.003366033860619139,-0.0040535888665253605
ViTscratch,200,80,0.42667013,0,0.0,True,0.005973680083550506,0.002112638912291273
ViTscratch,200,80,0.3063199,0,0.0,True,0.002090144360402519,0.002275498797990388
ViTscratch,200,80,0.19860743,0,0.0,True,-0.004321810540732867,-0.0015618150609714501
ViTscratch,200,80,0.9999993,1,1.0,True,0.06532550250557394,0.06402919426315219
ViTscratch,200,80,0.9999993,1,1.0,True,0.05089509998136719,0.04815100092528984
ViTscratch,200,80,0.29861403,0,0.0,True,0.004759648803684872,0.004117085757345885
ViTscratch,200,80,0.22036886,0,0.0,True,-0.0019268770889793434,-0.003239381123925663
ViTscratch,200,80,0.48102117,0,0.0,True,0.003516922798187765,0.0003520265468561866
ViTscratch,200,80,0.99999917,1,1.0,True,0.07270542653348024,0.0666263054058211
ViTscratch,200,80,0.9999993,1,1.0,True,0.03165693151667111,0.04143120984014406
ViTscratch,200,80,0.9999993,1,1.0,True,0.06004841706633661,0.05203819010148761
ViTscratch,200,80,0.14646892,0,0.0,True,-0.0029988736353450244,-0.004792157961843012
ViTscratch,200,80,0.99999917,1,1.0,True,0.06475026487208434,0.05973153094934052
ViTscratch,200,80,0.2076845,0,0.0,True,-0.0008548533618838847,-0.002642072420103176
ViTscratch,200,80,0.9999993,1,1.0,True,0.06029394962784072,0.05523028418834394
ViTscratch,200,80,0.80324244,1,0.0,False,0.012311513218595058,0.010100823906558134
ViTscratch,200,80,0.9999993,1,1.0,True,0.06527216501164702,0.06183361858364345
ViTscratch,200,80,0.21594433,0,0.0,True,0.004889060749417598,0.0026112139873405034
ViTscratch,200,80,0.9999993,1,1.0,True,0.0450748430268291,0.03573066710228758
ViTscratch,200,80,0.9999993,1,1.0,True,0.0488834192258607,0.04968684919222825
ViTscratch,200,80,0.9999993,1,1.0,True,0.05582404964327235,0.052766503646550514
ViTscratch,200,80,0.99999917,1,1.0,True,0.055024903897025766,0.06803506489900343
ViTscratch,200,80,0.3168055,0,0.0,True,0.0009982039337858315,-0.000334516820525562
ViTscratch,200,80,0.9999993,1,1.0,True,0.052751404161356624,0.04051843703927698
ViTscratch,200,80,0.30628866,0,0.0,True,-0.005822276913516959,-0.0022091455663174877
ViTscratch,200,80,0.38809887,0,0.0,True,0.000603566920672254,0.002770196330714295
ViTscratch,200,80,0.29273513,0,0.0,True,0.002079620957931926,-0.005275122200120919
ViTscratch,200,80,0.9999993,1,1.0,True,0.04316672155869302,0.04052852163684374
ViTscratch,200,80,0.18322293,0,0.0,True,-0.0005451929843714659,-0.0006981315677611575
ViTscratch,200,80,0.4088034,0,0.0,True,-0.00499994957070798,-0.0027976189155906467
ViTscratch,200,80,0.9999993,1,1.0,True,0.04851473264602628,0.0553169737162545
ViTscratch,200,80,0.31258872,0,0.0,True,0.001543472210086485,-0.002608606350717729
ViTscratch,200,80,0.18073618,0,0.0,True,-0.004222686683682142,-0.0073315378118192906
ViTscratch,200,80,0.33915517,0,0.0,True,0.0017952870676417744,0.0028819452534549197
ViTscratch,200,80,0.9999993,1,1.0,True,0.05840421502861533,0.058307487264546216
ViTscratch,200,80,0.9999993,1,1.0,True,0.047017469793533086,0.03909367789759005
ViTscratch,200,80,0.1617502,0,0.0,True,-0.0004634668478072636,0.00210665371752158
ViTscratch,200,80,0.9999993,1,1.0,True,0.06207357463119452,0.05614622434013758
ViTscratch,200,80,0.9999993,1,1.0,True,0.0570864838928334,0.0473802325508611
ViTscratch,200,80,0.9999993,1,1.0,True,0.055818496912510854,0.04772775677604734
ViTscratch,200,80,0.16645348,0,0.0,True,0.0025262657528771645,0.0021795615657254014
ViTscratch,200,80,0.9999993,1,1.0,True,0.060996752128502904,0.050492963109390505
ViTscratch,200,80,0.16126364,0,0.0,True,-0.0022151200939463,-0.007307786270090935
ViTscratch,200,80,0.9999993,1,1.0,True,0.052700955454434324,0.050690321810154655
ViTscratch,200,80,0.64782035,1,0.0,False,0.0030874647308095156,0.0025451910634962105
ViTscratch,200,80,0.9999993,1,1.0,True,0.06358642469681715,0.05827869762750241
ViTscratch,200,80,0.29041874,0,0.0,True,0.00029938635201216547,-0.00015387125301051554
ViTscratch,200,80,0.5865926,1,0.0,False,0.0013449549179079079,0.004295715720758835
ViTscratch,200,80,0.9999993,1,1.0,True,0.04053877603652894,0.04447817509103315
ViTscratch,200,80,0.9999993,1,1.0,True,0.06452067492172693,0.05354788599952657
ViTscratch,200,81,0.42953777,0,0.0,True,0.0013466609945369061,-0.0032352683316940905
ViTscratch,200,81,0.1689626,0,0.0,True,-0.0040192147936954446,-0.0016105218238316205
ViTscratch,200,81,0.35354692,0,0.0,True,0.003270730543608012,0.005998686529460927
ViTscratch,200,81,0.9999993,1,1.0,True,0.0472675499066509,0.0483945737325503
ViTscratch,200,81,0.9999993,1,1.0,True,0.06717331519693981,0.05693729782708365
ViTscratch,200,81,0.28044087,0,0.0,True,-0.0002376249405375734,0.00437251878080106
ViTscratch,200,81,0.17349266,0,0.0,True,-0.0008839073225807342,-0.002447691710625261
ViTscratch,200,81,0.21608888,0,0.0,True,-0.004325651846759702,-0.000206133817191463
ViTscratch,200,81,0.9999993,1,1.0,True,0.06030222934922279,0.056930557956408834
ViTscratch,200,81,0.32308707,0,0.0,True,-0.00041582930874238896,0.0019015891786007678
ViTscratch,200,81,0.23941687,0,0.0,True,0.004259697489928291,0.00046633086479347895
ViTscratch,200,81,0.34051093,0,0.0,True,-0.0010407887505305142,0.0006725785425757563
ViTscratch,200,81,0.3035901,0,0.0,True,-0.0022857325872077472,-0.0014578582538232695
ViTscratch,200,81,0.2600994,0,0.0,True,-0.003620220457055294,-0.0019169482677937253
ViTscratch,200,81,0.32158995,0,0.0,True,-0.003419129254407281,0.0010301502163183043
ViTscratch,200,81,0.9999993,1,1.0,True,0.03597030984233928,0.041979898280255216
ViTscratch,200,81,0.20901573,0,0.0,True,-0.006953458646712177,-0.004578822570013886
ViTscratch,200,81,0.9999993,1,1.0,True,0.05236248940327575,0.04649948001438506
ViTscratch,200,81,0.19101827,0,0.0,True,-0.003859998741844347,0.002778799758004876
ViTscratch,200,81,0.9999993,1,1.0,True,0.0789438758569517,0.06390389434040848
ViTscratch,200,81,0.10905272,0,0.0,True,-0.003718645402031562,-0.00443347906807432
ViTscratch,200,81,0.13121226,0,0.0,True,0.00202800763046955,0.001983911192806546
ViTscratch,200,81,0.9999993,1,1.0,True,0.045778421366283115,0.06150815428319156
ViTscratch,200,81,0.9999993,1,1.0,True,0.040951247749857,0.04324708381086063
ViTscratch,200,81,0.9999993,1,1.0,True,0.033607342667108416,0.04253570523952101
ViTscratch,200,81,0.9999993,1,1.0,True,0.0644634002608088,0.048784424978568816
ViTscratch,200,81,0.67736584,1,0.0,False,0.006095322440310159,0.003972037120907321
ViTscratch,200,81,0.2501811,0,0.0,True,-0.004375345876770095,-0.0026980309692124027
ViTscratch,200,81,0.36064246,0,0.0,True,0.0010441778234987953,-0.0010438383184337146
ViTscratch,200,81,0.9999993,1,1.0,True,0.05309464257422231,0.05750944755624269
ViTscratch,200,81,0.99999917,1,1.0,True,0.049820172893284775,0.04601484358794106
ViTscratch,200,81,0.9999993,1,1.0,True,0.06431899912914055,0.058286867084252986
ViTscratch,200,81,0.2756562,0,0.0,True,-0.004782247744075814,-0.002022382404594917
ViTscratch,200,81,0.9999993,1,1.0,True,0.06517915809435411,0.0539467351629817
ViTscratch,200,81,0.9999993,1,1.0,True,0.03556345105314969,0.039228964629106994
ViTscratch,200,81,0.2714348,0,0.0,True,-0.002469548151429374,0.0001932096688195486
ViTscratch,200,81,0.21213357,0,0.0,True,0.0006141520502177441,0.0007401460330807196
ViTscratch,200,81,0.5499704,1,0.0,False,0.000961250819832231,0.0017956223738545172
ViTscratch,200,81,0.2359909,0,0.0,True,0.0016415759524914682,-0.0005216950579587557
ViTscratch,200,81,0.9999993,1,1.0,True,0.059384326507695456,0.056785862380280744
ViTscratch,200,81,0.26111445,0,0.0,True,-0.0023276836921365517,-0.005153937790014024
ViTscratch,200,81,0.9999993,1,1.0,True,0.05695222251358759,0.052599869312643974
ViTscratch,200,81,0.9999993,1,1.0,True,0.03596609353731254,0.04341109091012417
ViTscratch,200,81,0.20034403,0,0.0,True,-5.166154060101459e-05,-0.001084358175098773
ViTscratch,200,81,0.19673441,0,0.0,True,-0.0016106300528626915,-0.0008341171983126735
ViTscratch,200,81,0.9999993,1,1.0,True,0.07316567106729623,0.061486223819578675
ViTscratch,200,81,0.9999993,1,1.0,True,0.053149433501121855,0.04648708495020193
ViTscratch,200,81,0.9999993,1,1.0,True,0.04838364610350909,0.05040415503661275
ViTscratch,200,81,0.9999993,1,1.0,True,0.04197397805575948,0.05823691386181245
ViTscratch,200,81,0.9999993,1,1.0,True,0.046743443328257875,0.04479348232944469
ViTscratch,200,81,0.35237026,0,0.0,True,0.008642253571273843,0.006170014225904443
ViTscratch,200,81,0.9999993,1,1.0,True,0.05002700910632615,0.05541294256049042
ViTscratch,200,81,0.17060572,0,0.0,True,0.004906128749315561,0.0011147583902894735
ViTscratch,200,81,0.9999993,1,1.0,True,0.04554748377507301,0.03941360567213507
ViTscratch,200,81,0.22808258,0,0.0,True,0.0007036076512626637,-0.0002768294203821017
ViTscratch,200,81,0.11130425,0,0.0,True,-0.004146961161505433,-0.0039295694999948476
ViTscratch,200,81,0.9999993,1,1.0,True,0.04674530207453234,0.05271258103837333
ViTscratch,200,81,0.22081953,0,0.0,True,-0.001979128580166723,-0.0038496520892262374
ViTscratch,200,81,0.9999993,1,1.0,True,0.06311616950756277,0.06783363573573152
ViTscratch,200,81,0.11847883,0,0.0,True,0.0014044642153233009,-0.0016903608562077663
ViTscratch,200,81,0.9999993,1,1.0,True,0.05760904037734407,0.057756178695859424
ViTscratch,200,81,0.9999993,1,1.0,True,0.06676985826643002,0.06464714522858743
ViTscratch,200,81,0.20342876,0,0.0,True,0.005818177071791455,0.002054868704628949
ViTscratch,200,81,0.18994033,0,0.0,True,-0.005455128561194332,0.00035186562697783356
ViTscratch,200,81,0.9999993,1,1.0,True,0.053922125773078096,0.048616996834926166
ViTscratch,200,81,0.9999993,1,1.0,True,0.05537002458820673,0.053828417962244406
ViTscratch,200,81,0.13376482,0,0.0,True,-0.0016299020755605332,-0.005236042855045675
ViTscratch,200,81,0.5694338,1,0.0,False,0.004073421667766699,0.005295624587061064
ViTscratch,200,81,0.9999993,1,1.0,True,0.038578177934238234,0.03547581546237222
ViTscratch,200,81,0.9999993,1,1.0,True,0.031871003960322,0.04934862056954355
ViTscratch,200,81,0.9999993,1,1.0,True,0.060603166385047036,0.05057937574516824
ViTscratch,200,81,0.42204303,0,0.0,True,0.004404522361477229,0.0023263479745006103
ViTscratch,200,81,0.99999917,1,1.0,True,0.05420640101609297,0.057326270808092765
ViTscratch,200,81,0.99999917,1,1.0,True,0.04551984389540988,0.04412673121663032
ViTscratch,200,81,0.9999993,1,1.0,True,0.055673770433835736,0.05981879846921776
ViTscratch,200,81,0.12976973,0,0.0,True,0.0012496264943341572,0.00027117214129889763
ViTscratch,200,81,0.6800801,1,0.0,False,0.009671703772069726,0.008207631540949098
ViTscratch,200,81,0.9999993,1,1.0,True,0.057884099967081125,0.05836125250986086
ViTscratch,200,81,0.251923,0,0.0,True,-0.006112767450658985,-0.006986034932232587
ViTscratch,200,81,0.24685143,0,0.0,True,0.002708326046980627,0.0014049055173168605
ViTscratch,200,81,0.21837609,0,0.0,True,0.0040126581251225405,0.005937462969230754
ViTscratch,200,81,0.22424564,0,0.0,True,-0.003504739669595086,-0.00026532810203895075
ViTscratch,200,81,0.2575013,0,0.0,True,-0.004095971078717579,-0.0008049660340224953
ViTscratch,200,81,0.9999993,1,1.0,True,0.05580741755925813,0.05728057555673604
ViTscratch,200,81,0.99999917,1,1.0,True,0.05280194818941967,0.06681369805016363
ViTscratch,200,81,0.26530036,0,0.0,True,0.00014151157863506413,-0.0035846573816746773
ViTscratch,200,81,0.9999993,1,1.0,True,0.054722406867346134,0.056194010992207416
ViTscratch,200,81,0.9999993,1,1.0,True,0.05527463768545759,0.05523547856202687
ViTscratch,200,81,0.99999917,1,1.0,True,0.06132605069315989,0.06754642950054968
ViTscratch,200,81,0.9999993,1,1.0,True,0.04964017919141112,0.04675005876152023
ViTscratch,200,81,0.9999993,1,1.0,True,0.05782207084549084,0.04282752299327342
ViTscratch,200,81,0.27081922,0,0.0,True,0.0017074953641572882,0.0006286504779041091
ViTscratch,200,81,0.20033845,0,0.0,True,-0.008064153469575728,-0.002592964095860307
ViTscratch,200,81,0.9999993,1,1.0,True,0.06284680519860072,0.0504695549392842
ViTscratch,200,81,0.99999917,1,1.0,True,0.07004081951124802,0.05665041222083096
ViTscratch,200,81,0.9999993,1,1.0,True,0.06716212329051653,0.056001759320828126
ViTscratch,200,81,0.9999993,1,1.0,True,0.06567845685591436,0.06410590932132179
ViTscratch,200,81,0.30607343,0,0.0,True,0.0016617643792670568,0.0013610963862080063
ViTscratch,200,81,0.9999993,1,1.0,True,0.049943554088477136,0.04412462031367296
ViTscratch,200,81,0.22468814,0,0.0,True,0.0005330306115339644,-0.00044775790139255875
ViTscratch,200,82,0.28493065,0,0.0,True,0.005013565238109723,5.6624831267763695e-05
ViTscratch,200,82,0.56093436,1,0.0,False,-0.0028171711376806475,0.0029189068879966413
ViTscratch,200,82,0.9999993,1,1.0,True,0.04929685802028393,0.05186659275663433
ViTscratch,200,82,0.3720264,0,0.0,True,-0.0020431289212749122,0.0009984579687171732
ViTscratch,200,82,0.17745107,0,0.0,True,-0.007765646402448464,-0.0043096165565262995
ViTscratch,200,82,0.9999993,1,1.0,True,0.0408530509586697,0.04604464091885237
ViTscratch,200,82,0.9999993,1,1.0,True,0.054718892242482865,0.045760606216285055
ViTscratch,200,82,0.40123478,0,0.0,True,0.011240482138320356,0.002856594144952733
ViTscratch,200,82,0.9999993,1,1.0,True,0.05638108593928412,0.05844001180695258
ViTscratch,200,82,0.9999993,1,1.0,True,0.06456086655738202,0.056291728292154265
ViTscratch,200,82,0.15122499,0,0.0,True,-0.004731578522506702,-0.007540379461966321
ViTscratch,200,82,0.9999993,1,1.0,True,0.035379156825948645,0.047633783095506296
ViTscratch,200,82,0.9999993,1,1.0,True,0.05787883841274225,0.05696382941899322
ViTscratch,200,82,0.9999993,1,1.0,True,0.07849202691842537,0.06992463437400638
ViTscratch,200,82,0.27901724,0,0.0,True,-0.0033607281997713044,-0.0019566386395524675
ViTscratch,200,82,0.9999993,1,1.0,True,0.04363619982234491,0.04684973754736802
ViTscratch,200,82,0.9999993,1,1.0,True,0.06176042283984216,0.059270628789892824
ViTscratch,200,82,0.9999993,1,1.0,True,0.06399730298149336,0.061020370377144605
ViTscratch,200,82,0.9999993,1,1.0,True,0.05155696752433284,0.04712835944060652
ViTscratch,200,82,0.2638126,0,0.0,True,-0.007375793274229894,-0.005759469051414835
ViTscratch,200,82,0.32586768,0,0.0,True,0.010396892870030351,0.003470755319420008
ViTscratch,200,82,0.9999993,1,1.0,True,0.04901114475622189,0.048389837869932915
ViTscratch,200,82,0.99999917,1,1.0,True,0.058594116701154275,0.061033106808068366
ViTscratch,200,82,0.9999993,1,1.0,True,0.0647316117002074,0.06187990178681809
ViTscratch,200,82,0.43663976,0,0.0,True,0.00820927877954912,0.006719320670903801
ViTscratch,200,82,0.33996555,0,0.0,True,0.006211364882252237,0.0007336932435484767
ViTscratch,200,82,0.9999993,1,1.0,True,0.026611348578731413,0.04638913761422569
ViTscratch,200,82,0.9999993,1,1.0,True,0.043086099558239103,0.044432934499005795
ViTscratch,200,82,0.13615473,0,0.0,True,-0.0027133278713118844,-0.00871506557577559
ViTscratch,200,82,0.9999993,1,1.0,True,0.04264535502460237,0.05126429725760441
ViTscratch,200,82,0.9999993,1,1.0,True,0.0478759513282591,0.05620665240983199
ViTscratch,200,82,0.9999993,1,1.0,True,0.0400188831874166,0.044401996705546724
ViTscratch,200,82,0.9999993,1,1.0,True,0.06401292424357014,0.0611004167061416
ViTscratch,200,82,0.5320535,1,0.0,False,0.004434031815862695,0.001774652123595097
ViTscratch,200,82,0.33809224,0,0.0,True,0.005745256872058466,0.0053326803192735
ViTscratch,200,82,0.9999993,1,1.0,True,0.05144977100437943,0.053694245849525396
ViTscratch,200,82,0.9999993,1,1.0,True,0.0773505222825862,0.07202113611595334
ViTscratch,200,82,0.9999993,1,1.0,True,0.06050682173584707,0.0538304812186914
ViTscratch,200,82,0.33587223,0,0.0,True,-0.006943479342438445,-0.0011425374426550267
ViTscratch,200,82,0.99999917,1,1.0,True,0.06637363660308582,0.056959079002682204
ViTscratch,200,82,0.31559122,0,0.0,True,0.005276276384418393,7.550874130617601e-05
ViTscratch,200,82,0.29182518,0,0.0,True,-0.0005577497361694274,0.00024130352104370948
ViTscratch,200,82,0.99999917,1,1.0,True,0.050800277904443636,0.0599698502287736
ViTscratch,200,82,0.9999993,1,1.0,True,0.06758768924897512,0.05924186224561167
ViTscratch,200,82,0.17980558,0,0.0,True,-0.0015175745349395719,-0.0009427973620529894
ViTscratch,200,82,0.45575404,0,0.0,True,0.003664433413224231,0.0006261882705885406
ViTscratch,200,82,0.9999993,1,1.0,True,0.052905722549273296,0.04776131975908105
ViTscratch,200,82,0.9999993,1,1.0,True,0.04958271948391214,0.04809626981315744
ViTscratch,200,82,0.9466411,1,0.0,False,0.002498025705500897,0.006533260548660028
ViTscratch,200,82,0.99999917,1,1.0,True,0.056573857848173426,0.05593987450016091
ViTscratch,200,82,0.21853854,0,0.0,True,0.00034108121020125654,0.00447425115490429
ViTscratch,200,82,0.9999993,1,1.0,True,0.05873906930740886,0.052673797701206254
ViTscratch,200,82,0.9999993,1,1.0,True,0.06465963176680709,0.06014277872619047
ViTscratch,200,82,0.2571148,0,0.0,True,-0.008078475038972943,-0.005227256815782557
ViTscratch,200,82,0.26771978,0,0.0,True,0.0007492122989993267,0.00017189942306263504
ViTscratch,200,82,0.2355629,0,0.0,True,-0.007992156167148972,-0.0044102350420509
ViTscratch,200,82,0.19865787,0,0.0,True,0.0006504410621158387,-0.0011614530488901543
ViTscratch,200,82,0.16856639,0,0.0,True,-0.007859194259384774,-0.0017259448636692753
ViTscratch,200,82,0.2789623,0,0.0,True,0.0023606594797458916,0.0027194892561112384
ViTscratch,200,82,0.9999993,1,1.0,True,0.0418193686270801,0.04182187591627189
ViTscratch,200,82,0.20307112,0,0.0,True,-0.0020135661734214335,0.0004531480492903757
ViTscratch,200,82,0.27280524,0,0.0,True,0.006697762688998285,0.00568300451591583
ViTscratch,200,82,0.35259804,0,0.0,True,0.0074841469986160775,-3.2435347476964304e-06
ViTscratch,200,82,0.9999993,1,1.0,True,0.064723627642312,0.05541514115869701
ViTscratch,200,82,0.9999993,1,1.0,True,0.056007146864155775,0.055339697788021225
ViTscratch,200,82,0.4368875,0,0.0,True,-0.002263817654682302,0.00027452040049360876
ViTscratch,200,82,0.22007404,0,0.0,True,-0.0035241262706793186,-0.00032453119158308715
ViTscratch,200,82,0.9999993,1,1.0,True,0.055778446778825194,0.05420573719586873
ViTscratch,200,82,0.19063018,0,0.0,True,-0.0007057552557098703,-0.003982622769229483
ViTscratch,200,82,0.22249117,0,0.0,True,0.003806416366329065,0.004673312757565969
ViTscratch,200,82,0.9999993,1,1.0,True,0.06206747308141402,0.0639425774029539
ViTscratch,200,82,0.99999917,1,1.0,True,0.06312355917380366,0.062214801775471285
ViTscratch,200,82,0.46872786,0,0.0,True,0.0023954644608146507,-0.003947172674420538
ViTscratch,200,82,0.9999993,1,1.0,True,0.06276270455004744,0.047931756482458
ViTscratch,200,82,0.9999993,1,1.0,True,0.059694757650182166,0.05115459871550105
ViTscratch,200,82,0.9999993,1,1.0,True,0.034500743813058794,0.0465753369161007
ViTscratch,200,82,0.32704526,0,0.0,True,-0.006539770773075488,-0.00507004113361058
ViTscratch,200,82,0.9999993,1,1.0,True,0.06038055562400964,0.056006587033852105
ViTscratch,200,82,0.2740275,0,0.0,True,-0.0010129384898492084,-0.00048701329843786834
ViTscratch,200,82,0.3219443,0,0.0,True,0.004961912495367323,-0.00361919526738898
ViTscratch,200,82,0.9999993,1,1.0,True,0.0436151103851187,0.04370663041230511
ViTscratch,200,82,0.27049354,0,0.0,True,0.0071196588230456985,0.0027751673662007896
ViTscratch,200,82,0.9999993,1,1.0,True,0.06291432616782913,0.06460175169043053
ViTscratch,200,82,0.9999993,1,1.0,True,0.02329747353409984,0.048469383680016895
ViTscratch,200,82,0.1102728,0,0.0,True,-0.007323369035246511,-0.006837497823820589
ViTscratch,200,82,0.1917766,0,0.0,True,-0.00596561499561806,-0.00396708371090796
ViTscratch,200,82,0.99999917,1,1.0,True,0.07388585646851595,0.07026323146993503
ViTscratch,200,82,0.23524402,0,0.0,True,0.0031039803274733424,0.005907046080087751
ViTscratch,200,82,0.21219221,0,0.0,True,0.0005398614689627159,-0.0005929620424723925
ViTscratch,200,82,0.40143365,0,0.0,True,0.0036043768306748243,0.003283949477760156
ViTscratch,200,82,0.20465395,0,0.0,True,-0.0017885705466794016,-0.0028750800086166923
ViTscratch,200,82,0.9999993,1,1.0,True,0.04612637074353818,0.0512299067181092
ViTscratch,200,82,0.99999917,1,1.0,True,0.05401133409313649,0.0582026964075749
ViTscratch,200,82,0.1181015,0,0.0,True,0.004973032399830434,-0.0039047140519775205
ViTscratch,200,82,0.9999993,1,1.0,True,0.07375143432898233,0.06756362200667428
ViTscratch,200,82,0.37780887,0,0.0,True,0.0020009896423940077,-7.514496446226821e-06
ViTscratch,200,82,0.61527574,1,0.0,False,0.004107005257797036,0.00593602760618568
ViTscratch,200,82,0.99999917,1,1.0,True,0.07192649424747373,0.06138394736010304
ViTscratch,200,82,0.99999917,1,1.0,True,0.07261040751458542,0.06863427546427427
ViTscratch,200,82,0.9999993,1,1.0,True,0.03561227120218538,0.04989312955973066
ViTscratch,200,83,0.22246432,0,0.0,True,0.002761000748292371,0.002236584687708111
ViTscratch,200,83,0.31882575,0,0.0,True,0.0050257839527787064,0.004535228041496221
ViTscratch,200,83,0.1534512,0,0.0,True,0.003919114870042118,0.0025434930132243743
ViTscratch,200,83,0.9999993,1,1.0,True,0.07337760196846613,0.07011948871968746
ViTscratch,200,83,0.99999917,1,1.0,True,0.05175349007559072,0.05303355260171858
ViTscratch,200,83,0.9999993,1,1.0,True,0.06245512921756237,0.06714547412524668
ViTscratch,200,83,0.4098102,0,0.0,True,0.01264816216957592,0.005602890653799568
ViTscratch,200,83,0.17865252,0,0.0,True,-0.00610119499457964,-0.0028900579228340693
ViTscratch,200,83,0.9999993,1,1.0,True,0.05368969939284592,0.05141814714610112
ViTscratch,200,83,0.9999993,1,1.0,True,0.05649632026123918,0.05784733367666088
ViTscratch,200,83,0.1856044,0,0.0,True,0.0009413602436015641,-0.002911690079411003
ViTscratch,200,83,0.23102792,0,0.0,True,-0.004155227264620578,-0.000740590987206209
ViTscratch,200,83,0.2541548,0,0.0,True,0.001417973032334153,0.0008117239411438289
ViTscratch,200,83,0.20635381,0,0.0,True,-0.0019407132291888744,0.0022347004712273645
ViTscratch,200,83,0.9999993,1,1.0,True,0.04556041830361483,0.05786497565443132
ViTscratch,200,83,0.18460035,0,0.0,True,0.003772527835603128,-0.0004488658793107968
ViTscratch,200,83,0.99999917,1,1.0,True,0.05338440694830289,0.04383671717377462
ViTscratch,200,83,0.9999993,1,1.0,True,0.037339668957629954,0.052800034051505004
ViTscratch,200,83,0.20462954,0,0.0,True,0.010866623511474586,0.004020052356030465
ViTscratch,200,83,0.9999993,1,1.0,True,0.06466344908901858,0.06169700081227306
ViTscratch,200,83,0.2897394,0,0.0,True,0.003595796061514102,0.0033003839974799147
ViTscratch,200,83,0.24522282,0,0.0,True,0.00282909374401321,0.0031643823449598947
ViTscratch,200,83,0.4349272,0,0.0,True,0.00547653311472063,0.004684228865585676
ViTscratch,200,83,0.99999917,1,1.0,True,0.06096571442626874,0.06024879426063194
ViTscratch,200,83,0.37294772,0,0.0,True,0.007958186712881515,0.0049842204292053684
ViTscratch,200,83,0.6448277,1,0.0,False,-0.0021610609482654564,0.002644677139779476
ViTscratch,200,83,0.99999917,1,1.0,True,0.08043198134794508,0.08015500288052195
ViTscratch,200,83,0.99999917,1,1.0,True,0.050552167530051595,0.05768334035055357
ViTscratch,200,83,0.9999993,1,1.0,True,0.0559799643848971,0.05423220319320694
ViTscratch,200,83,0.9999993,1,1.0,True,0.04972889217373974,0.05872055275985141
ViTscratch,200,83,0.33844873,0,0.0,True,0.001972645538735184,-0.0008237348972305645
ViTscratch,200,83,0.9999993,1,1.0,True,0.0464104092593006,0.06199222767588719
ViTscratch,200,83,0.22882967,0,0.0,True,0.003937453327782783,0.0026644511138624967
ViTscratch,200,83,0.2476053,0,0.0,True,-0.00037893227647979366,0.0013428910578771127
ViTscratch,200,83,0.99999917,1,1.0,True,0.048889682953622324,0.05891310249638607
ViTscratch,200,83,0.9999993,1,1.0,True,0.05614647500298225,0.04608525935039784
ViTscratch,200,83,0.99999917,1,1.0,True,0.05582509073700962,0.0579038781075804
ViTscratch,200,83,0.2541422,0,0.0,True,0.005211781052184878,-0.0034137338708388346
ViTscratch,200,83,0.9999993,1,1.0,True,0.03355160489456912,0.044907848872278895
ViTscratch,200,83,0.9999993,1,1.0,True,0.05535388302448731,0.05906100159250395
ViTscratch,200,83,0.9999993,1,1.0,True,0.04572883877395053,0.06969740776107183
ViTscratch,200,83,0.99999917,1,1.0,True,0.06717711198549921,0.06716892179738795
ViTscratch,200,83,0.99999905,1,1.0,True,0.08414168732084541,0.0672352064627707
ViTscratch,200,83,0.9999993,1,1.0,True,0.05509986997903913,0.060435750170577805
ViTscratch,200,83,0.47020185,0,0.0,True,-0.0029161169851680737,-0.007054314101890907
ViTscratch,200,83,0.24601163,0,0.0,True,0.008279182025252201,0.006409810137320392
ViTscratch,200,83,0.99999917,1,1.0,True,0.0704367281070496,0.06136898423145755
ViTscratch,200,83,0.9999993,1,1.0,True,0.05585817110355469,0.05832376516451264
ViTscratch,200,83,0.9999993,1,1.0,True,0.08869094719046443,0.06518902340470757
ViTscratch,200,83,0.9999993,1,1.0,True,0.05582928021772512,0.059772215815533845
ViTscratch,200,83,0.2350742,0,0.0,True,0.006727436140897613,0.005786721115529365
ViTscratch,200,83,0.9999993,1,1.0,True,0.06366725372421823,0.06025060959405553
ViTscratch,200,83,0.1694504,0,0.0,True,0.0020024302258493274,0.0054080523466097825
ViTscratch,200,83,0.20949942,0,0.0,True,-0.001712734505836929,0.001132160781292775
ViTscratch,200,83,0.2048236,0,0.0,True,0.002987852320732457,0.005689662920864126
ViTscratch,200,83,0.15005185,0,0.0,True,-0.0059603847066175735,-0.005219786060256635
ViTscratch,200,83,0.20998432,0,0.0,True,0.0020633282705376527,0.0005336537749245189
ViTscratch,200,83,0.9999993,1,1.0,True,0.06180227600280348,0.06397265827883232
ViTscratch,200,83,0.25525194,0,0.0,True,-0.00035274778207114877,-0.0009332158592560752
ViTscratch,200,83,0.9999993,1,1.0,True,0.07616086806651863,0.06350302382918885
ViTscratch,200,83,0.9999993,1,1.0,True,0.05081755404984325,0.05256115824510576
ViTscratch,200,83,0.16869053,0,0.0,True,-0.00010317395696630104,-0.0009861140020129956
ViTscratch,200,83,0.99999917,1,1.0,True,0.05457302485692501,0.05997629578431215
ViTscratch,200,83,0.9999993,1,1.0,True,0.04451502088952154,0.05724687881450542
ViTscratch,200,83,0.15179965,0,0.0,True,-0.006526518501649107,-0.006466815447276572
ViTscratch,200,83,0.9999993,1,1.0,True,0.04449823887939166,0.0525386636623653
ViTscratch,200,83,0.9999993,1,1.0,True,0.065615273751501,0.07405603326015582
ViTscratch,200,83,0.21841633,0,0.0,True,-0.004121271738817258,0.00042803581153157626
ViTscratch,200,83,0.9999993,1,1.0,True,0.05737819654579576,0.0581529603496312
ViTscratch,200,83,0.9999993,1,1.0,True,0.030679618647875866,0.035026333715398254
ViTscratch,200,83,0.9999993,1,1.0,True,0.06584882311917473,0.06320640030372525
ViTscratch,200,83,0.9999993,1,1.0,True,0.04292850019993594,0.05029090870954371
ViTscratch,200,83,0.99999917,1,1.0,True,0.06008440864644138,0.06693475264240796
ViTscratch,200,83,0.17135562,0,0.0,True,0.004906490468071151,0.002551835264116743
ViTscratch,200,83,0.19669996,0,0.0,True,-0.005199570957461469,-0.006122524400393548
ViTscratch,200,83,0.9999993,1,1.0,True,0.056698940210933114,0.053438507451437606
ViTscratch,200,83,0.23685548,0,0.0,True,-0.006602648571057756,-0.006039202256174528
ViTscratch,200,83,0.9999993,1,1.0,True,0.06482324188809398,0.05979801981184573
ViTscratch,200,83,0.9999993,1,1.0,True,0.06909575220028055,0.04607146237991554
ViTscratch,200,83,0.9999993,1,1.0,True,0.06155535690206829,0.05334821031533848
ViTscratch,200,83,0.9999993,1,1.0,True,0.06617556469185394,0.06301774930848703
ViTscratch,200,83,0.45882833,0,0.0,True,0.0054433497989278615,0.0030128751386778777
ViTscratch,200,83,0.9999993,1,1.0,True,0.07041361565727797,0.0614205508197217
ViTscratch,200,83,0.20478953,0,0.0,True,-0.00798993480354279,0.00017637020325693471
ViTscratch,200,83,0.9999993,1,1.0,True,0.05698430358582608,0.05435704973087566
ViTscratch,200,83,0.9999993,1,1.0,True,0.056345004329348636,0.05322688845598887
ViTscratch,200,83,0.9999993,1,1.0,True,0.0706974712000882,0.06228665439128871
ViTscratch,200,83,0.9999993,1,1.0,True,0.05158405182933449,0.056754199334794725
ViTscratch,200,83,0.99999917,1,1.0,True,0.035167445446594094,0.039087879841109445
ViTscratch,200,83,0.28863475,0,0.0,True,0.00125812355759285,0.0016683333341402243
ViTscratch,200,83,0.33010262,0,0.0,True,-0.0030657557915638855,-0.0029727986021397955
ViTscratch,200,83,0.19794881,0,0.0,True,0.0048210838808505135,-0.001540771193419516
ViTscratch,200,83,0.25903276,0,0.0,True,0.0035651868236278197,-0.003983058003444059
ViTscratch,200,83,0.9999993,1,1.0,True,0.05256350532554599,0.05846470773362669
ViTscratch,200,83,0.20852543,0,0.0,True,0.00040543891833781334,0.00219435970465214
ViTscratch,200,83,0.15076642,0,0.0,True,0.007172402865972232,0.003511266521319465
ViTscratch,200,83,0.36670405,0,0.0,True,0.005873163280001497,0.001275906152588112
ViTscratch,200,83,0.25560454,0,0.0,True,-0.004171111380432386,0.0009820724561379719
ViTscratch,200,83,0.30234542,0,0.0,True,0.0025452527374581475,0.0013425301809758894
ViTscratch,200,83,0.9999993,1,1.0,True,0.07174606485689455,0.06720003945932718
ViTscratch,200,84,0.99999917,1,1.0,True,0.06282880270097095,0.06333953100590413
ViTscratch,200,84,0.10780579,0,0.0,True,-0.0083596561143109,-0.0024857762858441724
ViTscratch,200,84,0.18067525,0,0.0,True,-0.004523398488384401,-0.0022180773186329986
ViTscratch,200,84,0.47170275,0,0.0,True,0.0014952831779571592,0.0036387274026159822
ViTscratch,200,84,0.9999993,1,1.0,True,0.03551058343737207,0.04983114427836878
ViTscratch,200,84,0.9999993,1,1.0,True,0.05788803383227804,0.06246685630126874
ViTscratch,200,84,0.9999993,1,1.0,True,0.058589334897190246,0.057198969129060195
ViTscratch,200,84,0.9999993,1,1.0,True,0.04810904578561473,0.05473515809339642
ViTscratch,200,84,0.99999917,1,1.0,True,0.05400194106397768,0.050632187116128796
ViTscratch,200,84,0.29724783,0,0.0,True,0.0011272894887692031,0.0030700389676022676
ViTscratch,200,84,0.20956406,0,0.0,True,-0.004227650431209493,0.00034638175845411396
ViTscratch,200,84,0.99999917,1,1.0,True,0.06675857567491279,0.05944435665127965
ViTscratch,200,84,0.9999993,1,1.0,True,0.04546671679091289,0.05336376080395582
ViTscratch,200,84,0.49549678,0,0.0,True,-0.006963621875934703,-0.006909110154834404
ViTscratch,200,84,0.99999905,1,1.0,True,0.08919684767795771,0.07178923772230335
ViTscratch,200,84,0.9999993,1,1.0,True,0.05314988483579272,0.06348470044048514
ViTscratch,200,84,0.99999917,1,1.0,True,0.0699482224988398,0.07561456718099417
ViTscratch,200,84,0.99999905,1,1.0,True,0.06295943950129607,0.06322485524012121
ViTscratch,200,84,0.49771488,0,0.0,True,0.011674321760015906,0.004799126237373146
ViTscratch,200,84,0.27358425,0,0.0,True,0.00392091418594153,0.0013605491142440682
ViTscratch,200,84,0.9999993,1,1.0,True,0.05546090657708817,0.05258110409637512
ViTscratch,200,84,0.18793777,0,0.0,True,0.0033166914001282748,-0.0001756944947076208
ViTscratch,200,84,0.17025504,0,0.0,True,-0.003860569733133316,-0.0049821447316006654
ViTscratch,200,84,0.9999993,1,1.0,True,0.0705520637906746,0.06735548752251953
ViTscratch,200,84,0.38794237,0,0.0,True,-0.004478267101948447,-0.0016438077545185776
ViTscratch,200,84,0.99999917,1,1.0,True,0.08060060174064204,0.07120283409129538
ViTscratch,200,84,0.99999917,1,1.0,True,0.08045270528092474,0.08178888073629513
ViTscratch,200,84,0.9999993,1,1.0,True,0.054159543303349544,0.05211207599909134
ViTscratch,200,84,0.3861668,0,0.0,True,0.005817813382168278,0.0008516056573553202
ViTscratch,200,84,0.31466025,0,0.0,True,0.002997025373066827,0.002451700782792121
ViTscratch,200,84,0.18743333,0,0.0,True,0.00572463625067216,0.004808055888665165
ViTscratch,200,84,0.9999993,1,1.0,True,0.07021020270073522,0.07088811286585889
ViTscratch,200,84,0.9999993,1,1.0,True,0.07535940915643391,0.06950213554326552
ViTscratch,200,84,0.9999993,1,1.0,True,0.03737846814786827,0.055659870098909416
ViTscratch,200,84,0.9999993,1,1.0,True,0.07723302022528039,0.06788107902441345
ViTscratch,200,84,0.9999993,1,1.0,True,0.054747109332576364,0.06164315068845036
ViTscratch,200,84,0.9999993,1,1.0,True,0.06394764044488242,0.0594480881964094
ViTscratch,200,84,0.9999993,1,1.0,True,0.06259108169870028,0.06627656458548545
ViTscratch,200,84,0.9999993,1,1.0,True,0.07728811246410806,0.07073336292490176
ViTscratch,200,84,0.99999917,1,1.0,True,0.0655419638152472,0.06097223981685472
ViTscratch,200,84,0.9999993,1,1.0,True,0.0665754171354613,0.058732949284226926
ViTscratch,200,84,0.2233555,0,0.0,True,-0.0033735733357554217,-0.002907287914665048
ViTscratch,200,84,0.27491495,0,0.0,True,0.010778014562713649,0.0030206840838015673
ViTscratch,200,84,0.9999993,1,1.0,True,0.053223211858766016,0.06093987251419223
ViTscratch,200,84,0.1300563,0,0.0,True,-0.0025791994669266036,-1.7906915370708923e-05
ViTscratch,200,84,0.99999917,1,1.0,True,0.04095486970609155,0.04418138071895164
ViTscratch,200,84,0.4737982,0,0.0,True,0.002986041641634671,0.0011791948703913865
ViTscratch,200,84,0.2964073,0,0.0,True,-0.0047390727923810674,-0.003285940112126546
ViTscratch,200,84,0.99999917,1,1.0,True,0.07973031857939528,0.0745358120628253
ViTscratch,200,84,0.9999993,1,1.0,True,0.04742471298786533,0.05573071353220442
ViTscratch,200,84,0.18583246,0,0.0,True,0.005364074269981197,-0.002835495448364839
ViTscratch,200,84,0.9999993,1,1.0,True,0.07231073469887954,0.06669898769052454
ViTscratch,200,84,0.14350276,0,0.0,True,-0.007992440855840374,-0.006400302213908856
ViTscratch,200,84,0.9999993,1,1.0,True,0.06059448054593732,0.06270242086181056
ViTscratch,200,84,0.16009507,0,0.0,True,0.0009467472141841641,-0.0030301708483736903
ViTscratch,200,84,0.42798802,0,0.0,True,0.009013036588629866,0.005182452524248139
ViTscratch,200,84,0.9999993,1,1.0,True,0.04398532216511709,0.054651015295539035
ViTscratch,200,84,0.45631588,0,0.0,True,-0.0011181975540560359,0.0002139024049638508
ViTscratch,200,84,0.27258646,0,0.0,True,-0.0028155170248633805,0.0025932055811066384
ViTscratch,200,84,0.12643531,0,0.0,True,-0.0010582839127102465,-0.0028495036254860993
ViTscratch,200,84,0.9999993,1,1.0,True,0.07454373454249721,0.06638183536371439
ViTscratch,200,84,0.23000358,0,0.0,True,0.009392640660864544,0.005389420226856193
ViTscratch,200,84,0.99999917,1,1.0,True,0.05662149088159578,0.060565950525053626
ViTscratch,200,84,0.99999905,1,1.0,True,0.08693663491474912,0.0741756337593605
ViTscratch,200,84,0.20043008,0,0.0,True,-0.007639105735398003,0.0008302993375503697
ViTscratch,200,84,0.9999993,1,1.0,True,0.05230443016088351,0.04472450314370832
ViTscratch,200,84,0.9999993,1,1.0,True,0.06495277323173478,0.06482773599974773
ViTscratch,200,84,0.9999993,1,1.0,True,0.07407153353067734,0.06999755971231807
ViTscratch,200,84,0.99999917,1,1.0,True,0.04300577867040978,0.0562592044933716
ViTscratch,200,84,0.6868682,1,0.0,False,0.007534791172517523,0.006798179168141586
ViTscratch,200,84,0.16093898,0,0.0,True,-0.002692942588137873,-0.004212412640238286
ViTscratch,200,84,0.19622572,0,0.0,True,-0.006589332797277565,-0.0024755190652747277
ViTscratch,200,84,0.99999917,1,1.0,True,0.06735884092601889,0.07113171207512056
ViTscratch,200,84,0.99999917,1,1.0,True,0.09042829227502812,0.07740038813595315
ViTscratch,200,84,0.99999917,1,1.0,True,0.07144282707322927,0.07637992806832666
ViTscratch,200,84,0.84158355,1,0.0,False,0.004218620204093667,0.007126595424743539
ViTscratch,200,84,0.9999993,1,1.0,True,0.05798458507056121,0.0547035321263127
ViTscratch,200,84,0.2671688,0,0.0,True,-0.001310149704401609,-0.0022491740159504008
ViTscratch,200,84,0.16222408,0,0.0,True,-0.005832067995407728,0.0009287890779637281
ViTscratch,200,84,0.35991326,0,0.0,True,-0.0061871303781384545,-0.003910965879318033
ViTscratch,200,84,0.9999993,1,1.0,True,0.05789037079027883,0.05282112964534154
ViTscratch,200,84,0.9999993,1,1.0,True,0.045574582297423005,0.06097844678689722
ViTscratch,200,84,0.9999993,1,1.0,True,0.04535672309226873,0.044989613153047586
ViTscratch,200,84,0.2529944,0,0.0,True,-0.00472453744065216,-0.002444123288301546
ViTscratch,200,84,0.14005046,0,0.0,True,-0.005097042028229317,0.0009350500827940797
ViTscratch,200,84,0.3044141,0,0.0,True,0.0026541028426133725,0.0016298045037334938
ViTscratch,200,84,0.36860365,0,0.0,True,0.0028472109866424433,0.005096732853197302
ViTscratch,200,84,0.45714584,0,0.0,True,-0.00252322831856812,-0.0022519809110519624
ViTscratch,200,84,0.99999917,1,1.0,True,0.06318975079772399,0.06147289408671538
ViTscratch,200,84,0.53036666,1,0.0,False,0.008283064845628886,0.006222098373924514
ViTscratch,200,84,0.30177483,0,0.0,True,0.0017584611355569585,-0.0003532824445672925
ViTscratch,200,84,0.9999993,1,1.0,True,0.061200689429433894,0.05389452017035723
ViTscratch,200,84,0.43969396,0,0.0,True,-0.004196493016619158,-0.0010091268117669563
ViTscratch,200,84,0.17166394,0,0.0,True,0.001315443730288646,0.0003358216899478613
ViTscratch,200,84,0.9999993,1,1.0,True,0.06210780442315086,0.05941840984419734
ViTscratch,200,84,0.9999993,1,1.0,True,0.052196902863948916,0.05149492196935956
ViTscratch,200,84,0.99999917,1,1.0,True,0.05633022941824164,0.05676169663962353
ViTscratch,200,84,0.42329833,0,0.0,True,-0.0033425370771605566,-7.678959526804568e-05
ViTscratch,200,84,0.16116218,0,0.0,True,0.004315695862828985,0.0011793049862196842
ViTscratch,200,84,0.9999993,1,1.0,True,0.05607781605795318,0.05524820232829915
ViTscratch,200,85,0.99999917,1,1.0,True,0.07417186771004834,0.0763248679003798
ViTscratch,200,85,0.9999993,1,1.0,True,0.044417353761521006,0.04984460552684546
ViTscratch,200,85,0.17211697,0,0.0,True,-0.0002518177756247955,-0.0012877254680394678
ViTscratch,200,85,0.99999917,1,1.0,True,0.061351560699797816,0.056303535037551936
ViTscratch,200,85,0.12763005,0,0.0,True,0.0022095041307849676,0.003424136057563072
ViTscratch,200,85,0.41612267,0,0.0,True,-0.004941571054793401,-0.001125666934741699
ViTscratch,200,85,0.2614557,0,0.0,True,8.816457400924285e-05,0.004647895548545626
ViTscratch,200,85,0.97208846,1,0.0,False,0.0011031339506898032,0.002313841502209139
ViTscratch,200,85,0.26419118,0,0.0,True,0.002682670328347438,0.006090086288027699
ViTscratch,200,85,0.29872668,0,0.0,True,-0.011257503719787763,-0.0013867847620843933
ViTscratch,200,85,0.23805417,0,0.0,True,0.00046981691593947624,0.001050968983789503
ViTscratch,200,85,0.28069857,0,0.0,True,0.006077948668527261,0.0018338720469861798
ViTscratch,200,85,0.9999993,1,1.0,True,0.07583438732603673,0.06355730801049826
ViTscratch,200,85,0.28425926,0,0.0,True,-0.000955001495032804,-0.0006300146411356324
ViTscratch,200,85,0.99999917,1,1.0,True,0.06350305986172898,0.06685090023689243
ViTscratch,200,85,0.99999905,1,1.0,True,0.06443572933979846,0.06547948872903998
ViTscratch,200,85,0.13382044,0,0.0,True,0.0015494662065036978,-0.004013076419956926
ViTscratch,200,85,0.9999993,1,1.0,True,0.04603073137621722,0.0486612313026986
ViTscratch,200,85,0.9999993,1,1.0,True,0.08060002480023325,0.06894596173231461
ViTscratch,200,85,0.99999917,1,1.0,True,0.07430680915979895,0.07632185088194128
ViTscratch,200,85,0.7415276,1,0.0,False,0.004733390756352324,0.0030613449261769356
ViTscratch,200,85,0.9999993,1,1.0,True,0.06878102009978797,0.05326020386206632
ViTscratch,200,85,0.9999993,1,1.0,True,0.061625747126903614,0.05134896166383082
ViTscratch,200,85,0.16837762,0,0.0,True,-0.011432253588368694,-0.0014371382848186029
ViTscratch,200,85,0.10129909,0,0.0,True,-0.000680311663241627,-0.007835561784775673
ViTscratch,200,85,0.20444243,0,0.0,True,-0.006502191101776251,-0.001025089938346203
ViTscratch,200,85,0.9999993,1,1.0,True,0.055124638509827094,0.06407856713206274
ViTscratch,200,85,0.1484567,0,0.0,True,-0.006448674555485078,-0.005912615322380374
ViTscratch,200,85,0.18261209,0,0.0,True,-0.005276564462337399,-0.005390289225163112
ViTscratch,200,85,0.40382507,0,0.0,True,0.012012806139313464,0.003934457046001876
ViTscratch,200,85,0.9999993,1,1.0,True,0.05650806850327635,0.057917239197459364
ViTscratch,200,85,0.9999993,1,1.0,True,0.07159041177825837,0.05496932283412505
ViTscratch,200,85,0.99999917,1,1.0,True,0.050955145299346624,0.045138683232635014
ViTscratch,200,85,0.9999993,1,1.0,True,0.04797161805502071,0.06038678601327291
ViTscratch,200,85,0.14736278,0,0.0,True,-0.004937267844046254,-0.004344061410137559
ViTscratch,200,85,0.9999993,1,1.0,True,0.05749884360976573,0.06730244665061132
ViTscratch,200,85,0.2389632,0,0.0,True,-0.003266829892008001,-0.003451328446645162
ViTscratch,200,85,0.99999917,1,1.0,True,0.0773747719860217,0.06602855170515229
ViTscratch,200,85,0.9999993,1,1.0,True,0.05412577218731315,0.04418647740212742
ViTscratch,200,85,0.9999993,1,1.0,True,0.08495170787087845,0.06557274119464906
ViTscratch,200,85,0.56288534,1,0.0,False,-0.003081517143007185,0.0018253310564986206
ViTscratch,200,85,0.19451085,0,0.0,True,-0.0023777144102050327,-0.0019803371108126676
ViTscratch,200,85,0.9999993,1,1.0,True,0.057318813730081894,0.05305367412430414
ViTscratch,200,85,0.46750402,0,0.0,True,-0.003069266852055973,0.0004491374215005199
ViTscratch,200,85,0.3243294,0,0.0,True,0.0006646996932457977,0.003037034154499409
ViTscratch,200,85,0.30301803,0,0.0,True,-0.0017644932035191688,0.0002959716664417952
ViTscratch,200,85,0.99999917,1,1.0,True,0.06144937454571787,0.061148833266095645
ViTscratch,200,85,0.99999905,1,1.0,True,0.09419726558614079,0.08842874200682801
ViTscratch,200,85,0.9999993,1,1.0,True,0.07088025844936409,0.061285403631525265
ViTscratch,200,85,0.9999993,1,1.0,True,0.0604969316229304,0.07008609657862029
ViTscratch,200,85,0.9999993,1,1.0,True,0.07559978543296313,0.06692248295123945
ViTscratch,200,85,0.38809922,0,0.0,True,0.0032159193085228204,-0.00032768891892536275
ViTscratch,200,85,0.99999917,1,1.0,True,0.05614431032748992,0.06477447500465962
ViTscratch,200,85,0.58219105,1,0.0,False,-0.004941372494911443,-0.003669877632059058
ViTscratch,200,85,0.148346,0,0.0,True,0.004199863419905745,0.002071400102306462
ViTscratch,200,85,0.4173276,0,0.0,True,0.00046563556348107815,0.0034399924971698285
ViTscratch,200,85,0.9999993,1,1.0,True,0.0616457395392859,0.06046683122430604
ViTscratch,200,85,0.99999917,1,1.0,True,0.06384909396150158,0.06827325957410395
ViTscratch,200,85,0.77597594,1,0.0,False,-0.002162789617288736,0.002692587957903645
ViTscratch,200,85,0.87338585,1,0.0,False,0.010125258282596684,0.004910495404607662
ViTscratch,200,85,0.27510408,0,0.0,True,-0.006183196944813553,-0.0029245241988094107
ViTscratch,200,85,0.5978827,1,0.0,False,0.014741098070182944,0.012234312213748518
ViTscratch,200,85,0.9999993,1,1.0,True,0.04662323935757669,0.05040838984662205
ViTscratch,200,85,0.9999993,1,1.0,True,0.043868430803116434,0.052945284683370404
ViTscratch,200,85,0.9999993,1,1.0,True,0.055807092517663484,0.06306672013248216
ViTscratch,200,85,0.14865424,0,0.0,True,-0.003208308397133972,0.0004882613694174797
ViTscratch,200,85,0.9999993,1,1.0,True,0.06802796688147983,0.06620784123390638
ViTscratch,200,85,0.29408234,0,0.0,True,0.0018063602395565841,0.0032470096310249744
ViTscratch,200,85,0.18142976,0,0.0,True,0.001544667930767452,-0.0018513344072483865
ViTscratch,200,85,0.9999993,1,1.0,True,0.0641142091587632,0.06059705826005899
ViTscratch,200,85,0.99999917,1,1.0,True,0.0742317281071803,0.06656939772151396
ViTscratch,200,85,0.99999917,1,1.0,True,0.07169533808018369,0.06759914707753925
ViTscratch,200,85,0.11049852,0,0.0,True,-0.004527749027179033,-0.0028763423443216715
ViTscratch,200,85,0.46879268,0,0.0,True,0.005855187673084821,0.0014225115479466882
ViTscratch,200,85,0.99999917,1,1.0,True,0.034974175012345336,0.051106375325446436
ViTscratch,200,85,0.9999993,1,1.0,True,0.05499635229023461,0.06086982933638387
ViTscratch,200,85,0.46675673,0,0.0,True,-0.00044661608233707124,0.00025586216777415507
ViTscratch,200,85,0.16177224,0,0.0,True,-0.007831284652112535,-0.004323579858364954
ViTscratch,200,85,0.17767005,0,0.0,True,-0.0050251156784042,-0.001234209155924153
ViTscratch,200,85,0.9999993,1,1.0,True,0.059740668605419586,0.04578462179626457
ViTscratch,200,85,0.41806936,0,0.0,True,-0.0013081659339865825,0.004885196828560674
ViTscratch,200,85,0.4874368,0,0.0,True,-0.00045543794938160284,-0.0008594449774968913
ViTscratch,200,85,0.99999917,1,1.0,True,0.055420415545258096,0.05352442033187359
ViTscratch,200,85,0.9999993,1,1.0,True,0.06452484360194695,0.06670532425275723
ViTscratch,200,85,0.33555257,0,0.0,True,0.0012407414344916736,-0.004273708907399806
ViTscratch,200,85,0.99999917,1,1.0,True,0.06586045965469509,0.06425835237780704
ViTscratch,200,85,0.99999917,1,1.0,True,0.060897261390706,0.07646811474856505
ViTscratch,200,85,0.2194924,0,0.0,True,0.005576792417478981,0.0017371491973819692
ViTscratch,200,85,0.9999993,1,1.0,True,0.06672780073786819,0.052351518461468204
ViTscratch,200,85,0.9999993,1,1.0,True,0.07179796998854841,0.06983410213904645
ViTscratch,200,85,0.9999993,1,1.0,True,0.06581687535221294,0.07071326737106837
ViTscratch,200,85,0.99999917,1,1.0,True,0.06653141536093156,0.06758110631807994
ViTscratch,200,85,0.31810406,0,0.0,True,0.0045549673518380145,0.0031056214783561696
ViTscratch,200,85,0.86069626,1,0.0,False,0.0015037058806419785,0.005311933961978304
ViTscratch,200,85,0.9999993,1,1.0,True,0.06398673545150231,0.06812733823589559
ViTscratch,200,85,0.519313,1,0.0,False,-0.006879207428110847,-0.0023537810138709514
ViTscratch,200,85,0.99999917,1,1.0,True,0.06349479167702433,0.06151933738631349
ViTscratch,200,85,0.19977431,0,0.0,True,-0.006666198946631525,-0.003534211728311972
ViTscratch,200,85,0.49280548,0,0.0,True,0.0012791184747671434,-0.0011843593418904412
ViTscratch,200,85,0.99999917,1,1.0,True,0.060928871899629526,0.06534672211259453
ViTscratch,200,86,0.99999917,1,1.0,True,0.07440966347599352,0.07716710410659736
ViTscratch,200,86,0.9999993,1,1.0,True,0.051931324068332896,0.05538782626217647
ViTscratch,200,86,0.2392132,0,0.0,True,-0.005585347837101878,-0.0010907572188118308
ViTscratch,200,86,0.99999917,1,1.0,True,0.08497147556434487,0.07181199505660067
ViTscratch,200,86,0.9999993,1,1.0,True,0.05225703461081938,0.0493273684929696
ViTscratch,200,86,0.99999917,1,1.0,True,0.07021276053773384,0.06766706665560114
ViTscratch,200,86,0.21994571,0,0.0,True,0.0014553939781548756,0.003977498244087975
ViTscratch,200,86,0.23611894,0,0.0,True,-0.0076567982808663695,-0.00034389691524667907
ViTscratch,200,86,0.9999993,1,1.0,True,0.0626982763018654,0.06073895698885506
ViTscratch,200,86,0.99999917,1,1.0,True,0.07191865911124261,0.06331417659630699
ViTscratch,200,86,0.9999993,1,1.0,True,0.04868432879500952,0.04961245472982028
ViTscratch,200,86,0.99999917,1,1.0,True,0.07391068676185049,0.06117464083092115
ViTscratch,200,86,0.12432498,0,0.0,True,-0.011868272108458838,-0.00807158849767344
ViTscratch,200,86,0.99999917,1,1.0,True,0.07388429120928701,0.07311831154082478
ViTscratch,200,86,0.32384932,0,0.0,True,0.003064686091246363,0.00476368642132644
ViTscratch,200,86,0.39931956,0,0.0,True,0.008039869618060731,0.0014103218649617881
ViTscratch,200,86,0.4930267,0,0.0,True,-0.009505055673783893,0.00026947584355889963
ViTscratch,200,86,0.9999993,1,1.0,True,0.05607095795225692,0.06938548661002404
ViTscratch,200,86,0.38855106,0,0.0,True,0.00036123860176499737,-0.0022372342807710126
ViTscratch,200,86,0.31163743,0,0.0,True,0.0034876867550272836,0.00457833018944727
ViTscratch,200,86,0.99999917,1,1.0,True,0.07179343086820025,0.07512281760155509
ViTscratch,200,86,0.2018973,0,0.0,True,-0.0019630103713907544,-0.0023453226934808135
ViTscratch,200,86,0.9999993,1,1.0,True,0.06143223930365345,0.06362615069959159
ViTscratch,200,86,0.99999917,1,1.0,True,0.0678217553757208,0.06277520570362559
ViTscratch,200,86,0.99999917,1,1.0,True,0.0589796570518605,0.06290571007537894
ViTscratch,200,86,0.12465342,0,0.0,True,-0.0019162720292139445,0.00032043506617359546
ViTscratch,200,86,0.99999917,1,1.0,True,0.06314950096990411,0.08449246643952078
ViTscratch,200,86,0.9999993,1,1.0,True,0.06667408594224536,0.07064561575369513
ViTscratch,200,86,0.99999917,1,1.0,True,0.07331678626683381,0.05790741649378649
ViTscratch,200,86,0.12486966,0,0.0,True,-0.002125153163696187,-0.004649466850189491
ViTscratch,200,86,0.99999917,1,1.0,True,0.0831625524502838,0.07251766632665471
ViTscratch,200,86,0.16821697,0,0.0,True,-0.006990620970287309,-0.001693964168563846
ViTscratch,200,86,0.9432295,1,0.0,False,0.005957804747753895,0.004736265629137704
ViTscratch,200,86,0.26371375,0,0.0,True,-0.005873808143410985,-0.00160605855821204
ViTscratch,200,86,0.9999993,1,1.0,True,0.07331320839574572,0.07521176920465332
ViTscratch,200,86,0.2380475,0,0.0,True,0.00026593325213200716,0.00014114026189807606
ViTscratch,200,86,0.12371349,0,0.0,True,-0.005497758891757941,-0.0039745415243175345
ViTscratch,200,86,0.99999917,1,1.0,True,0.06315446830886182,0.06759444804748084
ViTscratch,200,86,0.99999905,1,1.0,True,0.08754084065241532,0.0914030004799123
ViTscratch,200,86,0.9999993,1,1.0,True,0.05011821275434654,0.07047953276905727
ViTscratch,200,86,0.99999917,1,1.0,True,0.08245775132700914,0.07457610516243274
ViTscratch,200,86,0.1266588,0,0.0,True,0.009225917875668751,0.0016443300344988678
ViTscratch,200,86,0.99999917,1,1.0,True,0.08246352307728773,0.0744108893202337
ViTscratch,200,86,0.9999993,1,1.0,True,0.06391774357025672,0.06669712347195497
ViTscratch,200,86,0.9999993,1,1.0,True,0.05688961428101852,0.053101028252923496
ViTscratch,200,86,0.99999905,1,1.0,True,0.08364526952750288,0.07144927347023873
ViTscratch,200,86,0.22367173,0,0.0,True,-0.003931738903246977,-0.005629564519989439
ViTscratch,200,86,0.24526097,0,0.0,True,-0.008030407761884031,-0.005983347949558617
ViTscratch,200,86,0.99999917,1,1.0,True,0.055164214052442435,0.0683779271807445
ViTscratch,200,86,0.99999917,1,1.0,True,0.07974918885183009,0.07030170098908324
ViTscratch,200,86,0.99999917,1,1.0,True,0.05769632741077547,0.07212351324363139
ViTscratch,200,86,0.2163571,0,0.0,True,-0.001976192423100837,-0.002637341945583827
ViTscratch,200,86,0.28168428,0,0.0,True,0.004278684976880564,0.0025786444992666373
ViTscratch,200,86,0.9999993,1,1.0,True,0.06542516128862096,0.07181090776556445
ViTscratch,200,86,0.2638674,0,0.0,True,-0.0003293454595120037,0.003226607598801446
ViTscratch,200,86,0.4090552,0,0.0,True,0.006590467905299131,0.009302059284166601
ViTscratch,200,86,0.27628973,0,0.0,True,-0.0018738083659491595,0.00028850209133756793
ViTscratch,200,86,0.9999993,1,1.0,True,0.05859263931350479,0.06282002204132986
ViTscratch,200,86,0.2309793,0,0.0,True,-0.005844596026108381,-0.007068244074282977
ViTscratch,200,86,0.9999993,1,1.0,True,0.06572252086712303,0.06256256831337559
ViTscratch,200,86,0.13907212,0,0.0,True,0.0044227627433369434,0.0004051506755442657
ViTscratch,200,86,0.99999917,1,1.0,True,0.051519975525012356,0.059597855647081005
ViTscratch,200,86,0.40280867,0,0.0,True,-0.002426195608467776,-8.798492990824045e-05
ViTscratch,200,86,0.26568907,0,0.0,True,-0.006297737924567542,-0.0036939525097515868
ViTscratch,200,86,0.99999917,1,1.0,True,0.06843112921609745,0.06659360202445959
ViTscratch,200,86,0.99999917,1,1.0,True,0.0819366823165506,0.08080688485253087
ViTscratch,200,86,0.99999917,1,1.0,True,0.05879386988453248,0.05790932795954771
ViTscratch,200,86,0.14519747,0,0.0,True,-0.0045436195600797495,-0.003294950023412545
ViTscratch,200,86,0.3556895,0,0.0,True,-0.017361078592193747,-0.002443515039126253
ViTscratch,200,86,0.99999917,1,1.0,True,0.06436088056274036,0.07224677991999137
ViTscratch,200,86,0.9999989,1,1.0,True,0.08165392812899747,0.08481748474461631
ViTscratch,200,86,0.9999993,1,1.0,True,0.07343821708627295,0.06485534278301208
ViTscratch,200,86,0.9999993,1,1.0,True,0.04984459883570158,0.05848414573316494
ViTscratch,200,86,0.99999917,1,1.0,True,0.06724136604880653,0.07337475101912017
ViTscratch,200,86,0.99999905,1,1.0,True,0.05935675808699953,0.06272209836666612
ViTscratch,200,86,0.1623033,0,0.0,True,-0.0032759970798768158,-0.004417410794711249
ViTscratch,200,86,0.6422962,1,0.0,False,0.003489408843270758,0.0005272801845265484
ViTscratch,200,86,0.99999905,1,1.0,True,0.08624687423677639,0.07192359828483587
ViTscratch,200,86,0.99999917,1,1.0,True,0.06908948595071226,0.06238340390025184
ViTscratch,200,86,0.9999993,1,1.0,True,0.07801160189578187,0.07326908449457151
ViTscratch,200,86,0.3145963,0,0.0,True,0.005064645380190724,-0.000893021899355081
ViTscratch,200,86,0.9999993,1,1.0,True,0.0813546626782202,0.08057536963041541
ViTscratch,200,86,0.2607327,0,0.0,True,-0.008201048416811308,-0.004493736792602058
ViTscratch,200,86,0.9999993,1,1.0,True,0.05653723754275112,0.06039038981595161
ViTscratch,200,86,0.6556038,1,0.0,False,-0.00251937573180154,-0.00030938156912438066
ViTscratch,200,86,0.99999917,1,1.0,True,0.07198147256733971,0.06627223977284082
ViTscratch,200,86,0.99999917,1,1.0,True,0.0610364887709107,0.07059244561017637
ViTscratch,200,86,0.17836697,0,0.0,True,-0.0005517357821657804,0.00022536813183980433
ViTscratch,200,86,0.2679025,0,0.0,True,0.007025247912007806,0.0005687123142027306
ViTscratch,200,86,0.1307858,0,0.0,True,-0.009167737040598036,-0.006823966197021398
ViTscratch,200,86,0.29532012,0,0.0,True,-0.0027136083497519515,0.0012845992453379867
ViTscratch,200,86,0.17920361,0,0.0,True,-0.0005065103848045198,-0.00020616117173346602
ViTscratch,200,86,0.17393611,0,0.0,True,-0.008655957002975731,-0.005578054098239896
ViTscratch,200,86,0.99999917,1,1.0,True,0.0558565271967683,0.056481514379432905
ViTscratch,200,86,0.3530855,0,0.0,True,0.0009990583524786697,0.0037237765568839407
ViTscratch,200,86,0.99999917,1,1.0,True,0.04359579674986145,0.052652908014639045
ViTscratch,200,86,0.9999993,1,1.0,True,0.06743773036892163,0.06939562246379015
ViTscratch,200,86,0.99999917,1,1.0,True,0.07075468216656444,0.07196444536978525
ViTscratch,200,86,0.99999917,1,1.0,True,0.05738915417982849,0.061788781160257766
ViTscratch,200,86,0.99999905,1,1.0,True,0.0729377068878271,0.07176182912140916
ViTscratch,200,87,0.28855023,0,0.0,True,0.0018498096419141488,0.0021311071624169407
ViTscratch,200,87,0.99999917,1,1.0,True,0.07306930370973366,0.06299993222730556
ViTscratch,200,87,0.99999917,1,1.0,True,0.07498803116862801,0.06690831735897745
ViTscratch,200,87,0.3054092,0,0.0,True,-0.00045216168038334447,-0.0003022481088107226
ViTscratch,200,87,0.8319841,1,0.0,False,0.001856559359610518,-0.0010613233313575667
ViTscratch,200,87,0.99999917,1,1.0,True,0.054774946412727225,0.06269668012592522
ViTscratch,200,87,0.23337904,0,0.0,True,-0.002315385592921313,-0.0016339001506603485
ViTscratch,200,87,0.5090036,1,0.0,False,0.004669882855490416,-0.0012628701284556568
ViTscratch,200,87,0.99999917,1,1.0,True,0.0737624221678662,0.07769969782250123
ViTscratch,200,87,0.99999917,1,1.0,True,0.08306381592459144,0.07766578373853257
ViTscratch,200,87,0.9999993,1,1.0,True,0.058397430895287546,0.061796827087459205
ViTscratch,200,87,0.2189536,0,0.0,True,-0.004732283059417378,-0.0014934880302550704
ViTscratch,200,87,0.09846126,0,0.0,True,-0.003589085895343268,-0.0024370209594212454
ViTscratch,200,87,0.22507833,0,0.0,True,0.0036180803879398956,0.004231717850877988
ViTscratch,200,87,0.99999905,1,1.0,True,0.06852271675062432,0.06552184764661809
ViTscratch,200,87,0.1753505,0,0.0,True,0.004767761942908293,0.001253959090980737
ViTscratch,200,87,0.184794,0,0.0,True,-0.001845346741183408,-0.0034882508888367312
ViTscratch,200,87,0.9999993,1,1.0,True,0.05144028524574148,0.05403790260403216
ViTscratch,200,87,0.99999905,1,1.0,True,0.08999541525810155,0.07863504501883764
ViTscratch,200,87,0.99999917,1,1.0,True,0.06011092524387083,0.060740746037991136
ViTscratch,200,87,0.66522187,1,0.0,False,0.010595537827399507,0.00956523440228921
ViTscratch,200,87,0.99999917,1,1.0,True,0.08611518620042313,0.07640530266985655
ViTscratch,200,87,0.25969183,0,0.0,True,-0.0024220988638926576,-0.0006189914476790872
ViTscratch,200,87,0.99999917,1,1.0,True,0.05487738533881673,0.06483881854933138
ViTscratch,200,87,0.16589315,0,0.0,True,0.0016545039340154003,-0.0020944529184817734
ViTscratch,200,87,0.12041608,0,0.0,True,-0.003295465834339871,-0.0006587801462447854
ViTscratch,200,87,0.9999993,1,1.0,True,0.04879094621144253,0.05357118076951101
ViTscratch,200,87,0.15676259,0,0.0,True,-0.009648670506739598,-0.0036527687168089705
ViTscratch,200,87,0.9999989,1,1.0,True,0.09175162877400168,0.08664253865913679
ViTscratch,200,87,0.17341407,0,0.0,True,0.00020263438415888093,0.0007055893693750505
ViTscratch,200,87,0.392373,0,0.0,True,0.003948797299832622,0.0021215650019950107
ViTscratch,200,87,0.13286166,0,0.0,True,-0.005157974508917298,-0.0014188310833433944
ViTscratch,200,87,0.9999993,1,1.0,True,0.045543323355870774,0.05843104803514871
ViTscratch,200,87,0.29758507,0,0.0,True,0.003290927981647957,0.0024682855837435025
ViTscratch,200,87,0.9999993,1,1.0,True,0.06484329191153339,0.07279445455107075
ViTscratch,200,87,0.99999917,1,1.0,True,0.07512552039193493,0.07526464754455904
ViTscratch,200,87,0.21470684,0,0.0,True,-0.002832353125814279,0.0002848365471810765
ViTscratch,200,87,0.1920837,0,0.0,True,-0.00021581280699364957,-0.0010230176141838659
ViTscratch,200,87,0.29289237,0,0.0,True,-0.0006015665474786063,0.00010402523329539408
ViTscratch,200,87,0.99999917,1,1.0,True,0.0680849263349323,0.06760086429109888
ViTscratch,200,87,0.21950534,0,0.0,True,0.0007534341052442572,0.0007370512630539483
ViTscratch,200,87,0.24386059,0,0.0,True,0.0032341230438533547,6.707751942108348e-05
ViTscratch,200,87,0.46082827,0,0.0,True,0.006893349279210864,0.0009894264329243913
ViTscratch,200,87,0.99999917,1,1.0,True,0.07283987568351902,0.056322316032758765
ViTscratch,200,87,0.99999917,1,1.0,True,0.07289053776556079,0.06894114835659598
ViTscratch,200,87,0.20015185,0,0.0,True,-0.004959362635415637,-0.005147825115193396
ViTscratch,200,87,0.9999993,1,1.0,True,0.06683707553142315,0.06416766271939428
ViTscratch,200,87,0.99999917,1,1.0,True,0.0668360196680902,0.06194023025070991
ViTscratch,200,87,0.9999993,1,1.0,True,0.08421902200094736,0.07825922273476389
ViTscratch,200,87,0.14728825,0,0.0,True,-0.007790556473476872,-0.006499981249646131
ViTscratch,200,87,0.18071769,0,0.0,True,0.0009481817933038268,0.0028653610498268443
ViTscratch,200,87,0.26638815,0,0.0,True,-0.0017696058485200275,0.0028607233310253334
ViTscratch,200,87,0.30464393,0,0.0,True,0.004229172847127677,0.0024516307828590434
ViTscratch,200,87,0.14638191,0,0.0,True,-0.001915192783421985,0.0005709400132457916
ViTscratch,200,87,0.452048,0,0.0,True,0.01286345822205051,0.00760201831913594
ViTscratch,200,87,0.12851293,0,0.0,True,-0.0014226888402609546,-0.006918752277915215
ViTscratch,200,87,0.1804172,0,0.0,True,-0.0017116375596996805,-0.0024966008423820624
ViTscratch,200,87,0.9999993,1,1.0,True,0.07944266847144028,0.0771491691468878
ViTscratch,200,87,0.16697952,0,0.0,True,-0.0017732994208102483,-0.0007686940326894032
ViTscratch,200,87,0.53592366,1,0.0,False,0.003769208305197365,-0.002071268607643134
ViTscratch,200,87,0.99999917,1,1.0,True,0.060846773073358375,0.07031681580798829
ViTscratch,200,87,0.19493636,0,0.0,True,0.000547376765594129,-0.0021961515714233708
ViTscratch,200,87,0.18707478,0,0.0,True,-0.0022541434775613565,-0.0010455572329979687
ViTscratch,200,87,0.20082948,0,0.0,True,0.001619454187189756,0.0011731556979710622
ViTscratch,200,87,0.99999917,1,1.0,True,0.05399804443215364,0.06478760187510708
ViTscratch,200,87,0.24437264,0,0.0,True,0.0008817698647621368,-0.0008510608118038312
ViTscratch,200,87,0.13930312,0,0.0,True,0.0013932339876414897,0.00293392317188926
ViTscratch,200,87,0.14920814,0,0.0,True,-0.013576708652447166,-0.006106122229678807
ViTscratch,200,87,0.4030306,0,0.0,True,0.007587914598476453,0.005188886626188506
ViTscratch,200,87,0.24536887,0,0.0,True,-0.004429155385976899,-0.0023977686014113766
ViTscratch,200,87,0.99999905,1,1.0,True,0.07270914269102673,0.07382630197727516
ViTscratch,200,87,0.1963782,0,0.0,True,0.008040121085419993,0.0018388000927026264
ViTscratch,200,87,0.9999993,1,1.0,True,0.06168741910747771,0.06551912397641615
ViTscratch,200,87,0.99999917,1,1.0,True,0.06839842752009533,0.0682263436867231
ViTscratch,200,87,0.20256416,0,0.0,True,-0.0004738751528268098,-0.0020384901873518125
ViTscratch,200,87,0.2725626,0,0.0,True,0.004316539588706411,0.0015823791949180796
ViTscratch,200,87,0.3748545,0,0.0,True,0.006576523050258813,0.005611155614031348
ViTscratch,200,87,0.99999917,1,1.0,True,0.07519125783406069,0.06865360659647486
ViTscratch,200,87,0.9999993,1,1.0,True,0.06315839413579528,0.06560971689166312
ViTscratch,200,87,0.21510571,0,0.0,True,-0.007456863957820962,-0.0028654949729273885
ViTscratch,200,87,0.99999905,1,1.0,True,0.06666890242810479,0.07230117635581514
ViTscratch,200,87,0.17662401,0,0.0,True,0.0019597677406931065,0.0021662146841153764
ViTscratch,200,87,0.111289084,0,0.0,True,-0.010036126962934443,-0.008276958357099762
ViTscratch,200,87,0.99999917,1,1.0,True,0.06499211172050681,0.0628211386352026
ViTscratch,200,87,0.10591173,0,0.0,True,-0.006840504165579745,-0.007306172633992489
ViTscratch,200,87,0.99999905,1,1.0,True,0.06536999056143752,0.05941541976189434
ViTscratch,200,87,0.99999917,1,1.0,True,0.08731305110989573,0.08068655685594137
ViTscratch,200,87,0.12791893,0,0.0,True,-0.0013958466296304442,0.0010467834662334975
ViTscratch,200,87,0.99999917,1,1.0,True,0.06882783689673394,0.07525161385181375
ViTscratch,200,87,0.21428439,0,0.0,True,0.002352816997278395,0.0004927417711842629
ViTscratch,200,87,0.9999993,1,1.0,True,0.07425644420720447,0.06663607405011027
ViTscratch,200,87,0.99999917,1,1.0,True,0.06858469678663894,0.06968671043542742
ViTscratch,200,87,0.99999917,1,1.0,True,0.07301489263054325,0.0625909830642809
ViTscratch,200,87,0.19892049,0,0.0,True,0.009491711579599481,0.004356196577348346
ViTscratch,200,87,0.26136798,0,0.0,True,0.007735457020475775,0.00470672774695361
ViTscratch,200,87,0.9999993,1,1.0,True,0.0607262589499046,0.06941911140454164
ViTscratch,200,87,0.9999993,1,1.0,True,0.06476184018403315,0.05029631316925885
ViTscratch,200,87,0.9999993,1,1.0,True,0.07605702951035723,0.06259472696184246
ViTscratch,200,87,0.1383983,0,0.0,True,-0.0061833407951271775,-0.0022875204772676958
ViTscratch,200,87,0.99999905,1,1.0,True,0.07545150822719242,0.07520476298747943
ViTscratch,200,88,0.20149006,0,0.0,True,0.0019792585053773006,0.002337644639928258
ViTscratch,200,88,0.99999917,1,1.0,True,0.055324108147550816,0.06578912346635543
ViTscratch,200,88,0.09003352,0,0.0,True,0.0034350181330205106,-0.0017735852596466757
ViTscratch,200,88,0.99999905,1,1.0,True,0.06326382748311175,0.06835771736355727
ViTscratch,200,88,0.99999917,1,1.0,True,0.06939364822689607,0.06856098039920708
ViTscratch,200,88,0.99999905,1,1.0,True,0.06512313529022469,0.07694682199038612
ViTscratch,200,88,0.9999993,1,1.0,True,0.06663606161132632,0.06529246535303539
ViTscratch,200,88,0.3196425,0,0.0,True,0.001611803071560541,0.007213034460472998
ViTscratch,200,88,0.34823692,0,0.0,True,0.005014180785333177,0.0033895692297893016
ViTscratch,200,88,0.36197066,0,0.0,True,0.0034126304803756445,0.006971200439914397
ViTscratch,200,88,0.99999917,1,1.0,True,0.08224896242601451,0.07923924763423279
ViTscratch,200,88,0.99999917,1,1.0,True,0.06804487498394167,0.06505666341901714
ViTscratch,200,88,0.99999917,1,1.0,True,0.07652463680953016,0.0759906323850112
ViTscratch,200,88,0.17297803,0,0.0,True,-0.0074460532626135795,-0.005195931439913517
ViTscratch,200,88,0.9999993,1,1.0,True,0.05491663956988665,0.04883229698794851
ViTscratch,200,88,0.1894667,0,0.0,True,-0.0004939748060789691,-4.2870471342703076e-05
ViTscratch,200,88,0.9999993,1,1.0,True,0.0755971707438801,0.07013151966531461
ViTscratch,200,88,0.22156334,0,0.0,True,-0.0006716982752568261,-0.0033683698467645608
ViTscratch,200,88,0.99999917,1,1.0,True,0.08418345910153226,0.072099974335838
ViTscratch,200,88,0.21705577,0,0.0,True,-0.004524671102980868,-0.003623302360677668
ViTscratch,200,88,0.32178375,0,0.0,True,0.0032488624302738876,0.0036365172005955898
ViTscratch,200,88,0.34058985,0,0.0,True,0.0029863107919160382,-0.0012364220801598174
ViTscratch,200,88,0.99999905,1,1.0,True,0.0961251796444315,0.09372174203199082
ViTscratch,200,88,0.99999917,1,1.0,True,0.06170970211868265,0.06695627992365906
ViTscratch,200,88,0.99999917,1,1.0,True,0.0748088971249625,0.0710631739608661
ViTscratch,200,88,0.18243407,0,0.0,True,0.0006380529716148196,-0.004447766646358974
ViTscratch,200,88,0.16707699,0,0.0,True,0.0023990011413059786,-0.0010962028213958137
ViTscratch,200,88,0.99999917,1,1.0,True,0.06656372292720962,0.05128887914526615
ViTscratch,200,88,0.21209396,0,0.0,True,-0.0045936369909930766,-0.0027900331984213257
ViTscratch,200,88,0.2871575,0,0.0,True,-0.0025275256802054615,0.0014996983196367804
ViTscratch,200,88,0.99999917,1,1.0,True,0.06495830205309941,0.06156623682247621
ViTscratch,200,88,0.3765983,0,0.0,True,0.0015503182188484274,-0.004038818939695784
ViTscratch,200,88,0.23478849,0,0.0,True,0.003162688699483314,0.0030196760426986504
ViTscratch,200,88,0.22106475,0,0.0,True,0.0010735995243738557,-0.00046077535806952365
ViTscratch,200,88,0.22087607,0,0.0,True,0.00013760420003183413,-0.0007507317696276756
ViTscratch,200,88,0.9999993,1,1.0,True,0.08673018320439813,0.07069837329507256
ViTscratch,200,88,0.99999905,1,1.0,True,0.08552763819095476,0.07455919395465994
ViTscratch,200,88,0.99999917,1,1.0,True,0.08077577544556087,0.06508717915067873
ViTscratch,200,88,0.99999917,1,1.0,True,0.07238959666144068,0.06750805152888584
ViTscratch,200,88,0.99999917,1,1.0,True,0.07829652715274514,0.07596638605756963
ViTscratch,200,88,0.29350132,0,0.0,True,-0.000507396101211587,0.0035964903856323784
ViTscratch,200,88,0.27739102,0,0.0,True,0.0007033657537373748,0.0006044315113117225
ViTscratch,200,88,0.99999917,1,1.0,True,0.04004457089553675,0.05967027958529622
ViTscratch,200,88,0.9999993,1,1.0,True,0.053609977022306174,0.05633941068567036
ViTscratch,200,88,0.9999993,1,1.0,True,0.07094909975861101,0.06704348904670451
ViTscratch,200,88,0.9999993,1,1.0,True,0.058664083563253505,0.06158971294252305
ViTscratch,200,88,0.99999917,1,1.0,True,0.06515098122468417,0.05969604316626924
ViTscratch,200,88,0.99999917,1,1.0,True,0.0721545170871632,0.06689419688425073
ViTscratch,200,88,0.15141933,0,0.0,True,-0.008953001978165162,-0.0037375509038352914
ViTscratch,200,88,0.67843693,1,0.0,False,0.011689348636118296,0.009097879877958886
ViTscratch,200,88,0.99999917,1,1.0,True,0.0663048460040155,0.0623903017316234
ViTscratch,200,88,0.99999917,1,1.0,True,0.07970009063722223,0.07896991930544701
ViTscratch,200,88,0.21009673,0,0.0,True,-0.006196949582232333,-0.005280691478004812
ViTscratch,200,88,0.133835,0,0.0,True,-0.007255433731538138,-0.0014271562947387674
ViTscratch,200,88,0.99999917,1,1.0,True,0.07105440663984007,0.07863748270888443
ViTscratch,200,88,0.9999993,1,1.0,True,0.0807246169127754,0.07712406664268212
ViTscratch,200,88,0.43783945,0,0.0,True,0.007865138540481691,0.005413354080432376
ViTscratch,200,88,0.19785087,0,0.0,True,-6.854970522058112e-05,-0.0003431392424157327
ViTscratch,200,88,0.09963842,0,0.0,True,-0.006714953075497569,-0.0036376572638163384
ViTscratch,200,88,0.99999917,1,1.0,True,0.07449964018885018,0.0743184219627501
ViTscratch,200,88,0.99999917,1,1.0,True,0.07806277872857924,0.058956721505914876
ViTscratch,200,88,0.4028908,0,0.0,True,0.00023038246393412227,0.0021198610889986303
ViTscratch,200,88,0.99999917,1,1.0,True,0.08023397765961429,0.07947756363725952
ViTscratch,200,88,0.2868525,0,0.0,True,0.005447190730095364,0.0022621333474090177
ViTscratch,200,88,0.34546828,0,0.0,True,0.00017918782977703704,-0.002589271851179701
ViTscratch,200,88,0.11769734,0,0.0,True,0.0009007438570831708,0.00022184359261244997
ViTscratch,200,88,0.99999917,1,1.0,True,0.07879388603614067,0.07193925012689392
ViTscratch,200,88,0.39945334,0,0.0,True,0.0013713988783573571,-0.0013981095807527157
ViTscratch,200,88,0.20633945,0,0.0,True,-0.0007252319522506298,-0.001883650622149438
ViTscratch,200,88,0.9999993,1,1.0,True,0.042207376751972794,0.06480705199009557
ViTscratch,200,88,0.14113876,0,0.0,True,-0.008949829989362966,-0.005392953424620888
ViTscratch,200,88,0.9248654,1,0.0,False,0.0028480590153972846,0.00910079811577511
ViTscratch,200,88,0.17880546,0,0.0,True,0.0035471560155991883,0.002019064368803117
ViTscratch,200,88,0.99999905,1,1.0,True,0.08029700539973214,0.08306843884420612
ViTscratch,200,88,0.99999917,1,1.0,True,0.06349922188957607,0.0637598805071136
ViTscratch,200,88,0.13735591,0,0.0,True,-0.009262917452266336,-0.0028127332920807554
ViTscratch,200,88,0.31897935,0,0.0,True,0.0032055509152500343,-0.0006669613201066004
ViTscratch,200,88,0.2170644,0,0.0,True,0.0037500495565917433,0.0017433835402914898
ViTscratch,200,88,0.548549,1,0.0,False,0.008638380923160504,0.006822310976669279
ViTscratch,200,88,0.99999917,1,1.0,True,0.06851853212229457,0.07372651880654764
ViTscratch,200,88,0.14046592,0,0.0,True,-0.005840309294279868,-0.005878988710428027
ViTscratch,200,88,0.14425956,0,0.0,True,-0.009057512218560998,-0.006613687814457321
ViTscratch,200,88,0.99999917,1,1.0,True,0.06869238949580882,0.08425824273215304
ViTscratch,200,88,0.9999993,1,1.0,True,0.04330675238923825,0.05336516518392759
ViTscratch,200,88,0.99999905,1,1.0,True,0.08587004085940188,0.06633720643136048
ViTscratch,200,88,0.99999917,1,1.0,True,0.09071772352067606,0.07329958050849109
ViTscratch,200,88,0.99999917,1,1.0,True,0.058630905088628435,0.07124448594521417
ViTscratch,200,88,0.99999905,1,1.0,True,0.07716853525029153,0.06952849455898195
ViTscratch,200,88,0.11350285,0,0.0,True,0.0051660816706066105,0.002307358297708757
ViTscratch,200,88,0.99999917,1,1.0,True,0.09743706844411681,0.08078080721707025
ViTscratch,200,88,0.2089688,0,0.0,True,-0.0007544400179140447,-0.0015623873398774696
ViTscratch,200,88,0.9999993,1,1.0,True,0.06095051938745699,0.062140966402496944
ViTscratch,200,88,0.35601023,0,0.0,True,0.0028087949293899403,0.0034945448049206167
ViTscratch,200,88,0.99999905,1,1.0,True,0.06241150894728958,0.07310278686126181
ViTscratch,200,88,0.24912503,0,0.0,True,0.0017894199298116604,-0.0019857010178525114
ViTscratch,200,88,0.9999993,1,1.0,True,0.06450951122383933,0.06588684518664246
ViTscratch,200,88,0.20470728,0,0.0,True,-0.003628655692875327,-0.004644213440709848
ViTscratch,200,88,0.18915743,0,0.0,True,-0.006850420539921683,-0.004272264078108596
ViTscratch,200,88,0.32665884,0,0.0,True,0.0026120637890489655,-0.0007041011479001203
ViTscratch,200,88,0.2405611,0,0.0,True,0.0004985963483634549,-0.00045565286086851885
ViTscratch,200,89,0.48973796,0,0.0,True,-0.0018715064657796486,-3.861732667871748e-05
ViTscratch,200,89,0.99999917,1,1.0,True,0.06552373751750211,0.07307236929727887
ViTscratch,200,89,0.2297437,0,0.0,True,-0.0019373439711881449,0.0009054035068022167
ViTscratch,200,89,0.99999917,1,1.0,True,0.07901209035940124,0.07124242659975066
ViTscratch,200,89,0.15367134,0,0.0,True,0.0005329641755314801,-0.0026902206338337196
ViTscratch,200,89,0.99999905,1,1.0,True,0.07210156109505311,0.05975910121344294
ViTscratch,200,89,0.99999905,1,1.0,True,0.09069323181139077,0.08131623671021791
ViTscratch,200,89,0.24951498,0,0.0,True,-0.005254048693520081,-0.003953929840103758
ViTscratch,200,89,0.99999905,1,1.0,True,0.06517804832775528,0.07546556361997495
ViTscratch,200,89,0.99999917,1,1.0,True,0.07823677525872691,0.08025056785372878
ViTscratch,200,89,0.99999917,1,1.0,True,0.074422502206274,0.06706598989117643
ViTscratch,200,89,0.25496182,0,0.0,True,0.0057535357981968755,0.002895853252755553
ViTscratch,200,89,0.99999917,1,1.0,True,0.0868237392472183,0.08663951658488478
ViTscratch,200,89,0.99999905,1,1.0,True,0.08107835828604977,0.07912438796011806
ViTscratch,200,89,0.37193945,0,0.0,True,-0.002161397780880415,-0.0052647887229074946
ViTscratch,200,89,0.99999905,1,1.0,True,0.0909423120872932,0.09109636395354849
ViTscratch,200,89,0.99999917,1,1.0,True,0.07133446773188551,0.08194334444127353
ViTscratch,200,89,0.99999917,1,1.0,True,0.06950865407726703,0.06461045838123529
ViTscratch,200,89,0.46448365,0,0.0,True,0.001115893296497648,-0.0032148064175491144
ViTscratch,200,89,0.19640177,0,0.0,True,0.00016703692007974944,0.000619894550818489
ViTscratch,200,89,0.33768317,0,0.0,True,0.00034560841117476374,-0.00023212936399003917
ViTscratch,200,89,0.22594452,0,0.0,True,-0.0006555990739229502,-0.0016649551021044287
ViTscratch,200,89,0.9999993,1,1.0,True,0.05492342863741076,0.06188970040573006
ViTscratch,200,89,0.99999917,1,1.0,True,0.076579984711949,0.07624717652527666
ViTscratch,200,89,0.99999917,1,1.0,True,0.06888417503425417,0.07998930736283721
ViTscratch,200,89,0.99999905,1,1.0,True,0.08277011737891501,0.0822217706927451
ViTscratch,200,89,0.99999905,1,1.0,True,0.06348620300852545,0.07445168475876976
ViTscratch,200,89,0.99999917,1,1.0,True,0.08474073111997818,0.08096959067797271
ViTscratch,200,89,0.99999905,1,1.0,True,0.06602205988501043,0.07172631420140847
ViTscratch,200,89,0.41781458,0,0.0,True,0.0031650587948572934,0.0007549365560862813
ViTscratch,200,89,0.99999905,1,1.0,True,0.08813646256016819,0.08140916349118334
ViTscratch,200,89,0.27884898,0,0.0,True,0.0007414040290744098,0.0013486645597365603
ViTscratch,200,89,0.27708623,0,0.0,True,0.0044777905767944964,0.00249845386590511
ViTscratch,200,89,0.19836172,0,0.0,True,0.00010025002506413669,0.001989885258178881
ViTscratch,200,89,0.37332073,0,0.0,True,0.005978950216123619,0.003172672914813267
ViTscratch,200,89,0.99999917,1,1.0,True,0.07371806360194241,0.0638366281821794
ViTscratch,200,89,0.510467,1,0.0,False,-0.00032428224639317237,-0.0034730144626872197
ViTscratch,200,89,0.9999993,1,1.0,True,0.08169939204718639,0.0722706521592848
ViTscratch,200,89,0.99999917,1,1.0,True,0.07620110145214512,0.0661906883943944
ViTscratch,200,89,0.99999917,1,1.0,True,0.08184376368903196,0.07869879609813049
ViTscratch,200,89,0.9999993,1,1.0,True,0.06381566786842392,0.06035154637037101
ViTscratch,200,89,0.9999993,1,1.0,True,0.08501898895395708,0.07079699448371324
ViTscratch,200,89,0.34192201,0,0.0,True,0.00024399686451865443,0.004549540419873702
ViTscratch,200,89,0.37525344,0,0.0,True,-0.0039055319817274045,-0.0020540876992753364
ViTscratch,200,89,0.99999905,1,1.0,True,0.08253792771353477,0.08619918355819116
ViTscratch,200,89,0.99999905,1,1.0,True,0.08393235393089275,0.08682867669798765
ViTscratch,200,89,0.99999917,1,1.0,True,0.06344235950444886,0.06780724946274279
ViTscratch,200,89,0.9999989,1,1.0,True,0.08962950689613441,0.07977049383424709
ViTscratch,200,89,0.9999993,1,1.0,True,0.08174757492413721,0.07729793245721399
ViTscratch,200,89,0.99999917,1,1.0,True,0.04432217714186954,0.05806095518403925
ViTscratch,200,89,0.23829508,0,0.0,True,4.986188372889496e-05,0.0030727988104624977
ViTscratch,200,89,0.17258486,0,0.0,True,-0.009571696246241025,-0.004305804764753231
ViTscratch,200,89,0.99999917,1,1.0,True,0.06412607964925535,0.06610288927194082
ViTscratch,200,89,0.9999993,1,1.0,True,0.06859210204171033,0.07196384367581948
ViTscratch,200,89,0.99999917,1,1.0,True,0.06614629022063312,0.06704728057759445
ViTscratch,200,89,0.21127866,0,0.0,True,-0.005680868858303375,-0.005946623095792943
ViTscratch,200,89,0.29499942,0,0.0,True,0.0054780161087076675,0.0009835498073215206
ViTscratch,200,89,0.99999917,1,1.0,True,0.04800436121949128,0.06818455418262445
ViTscratch,200,89,0.33708385,0,0.0,True,-0.005893876263365184,0.000588352777919981
ViTscratch,200,89,0.99999917,1,1.0,True,0.0650053686991524,0.06324519331126072
ViTscratch,200,89,0.10598885,0,0.0,True,0.0022843206714613447,0.00022600580284535307
ViTscratch,200,89,0.19341971,0,0.0,True,-0.0016002045433122975,0.0004355555558744614
ViTscratch,200,89,0.14633013,0,0.0,True,-0.00506997425666904,-0.0031167229913744805
ViTscratch,200,89,0.21705768,0,0.0,True,-0.0012444752312289241,0.0001882735546373157
ViTscratch,200,89,0.3337591,0,0.0,True,-0.005082641524834843,-0.004012127157739385
ViTscratch,200,89,0.99999917,1,1.0,True,0.0851253525090279,0.07345330634507384
ViTscratch,200,89,0.28195116,0,0.0,True,0.008893309008326376,0.0019385555983713072
ViTscratch,200,89,0.56008935,1,0.0,False,-0.008139968498682159,-0.00042461928414234967
ViTscratch,200,89,0.99999905,1,1.0,True,0.09788215735015011,0.08537779345688985
ViTscratch,200,89,0.33589473,0,0.0,True,0.0003361303552348414,0.0021055052648586404
ViTscratch,200,89,0.22552563,0,0.0,True,-0.0016082518532869686,-0.002771084052926812
ViTscratch,200,89,0.23133908,0,0.0,True,-0.0037901047686580962,-0.0036724083322588396
ViTscratch,200,89,0.37473455,0,0.0,True,0.002059392714271021,0.004130070632442438
ViTscratch,200,89,0.12633137,0,0.0,True,-0.005105143019165707,0.0012092888364297106
ViTscratch,200,89,0.99999917,1,1.0,True,0.077000716243834,0.0689895012387822
ViTscratch,200,89,0.18744375,0,0.0,True,0.0010401405551806837,0.0012465683616588372
ViTscratch,200,89,0.50071675,1,0.0,False,-0.001177734588809098,0.00020310850330937282
ViTscratch,200,89,0.99999905,1,1.0,True,0.08311813879391679,0.082075117443975
ViTscratch,200,89,0.99999917,1,1.0,True,0.0818989118776701,0.07003970376172346
ViTscratch,200,89,0.99999917,1,1.0,True,0.08265139308875422,0.07031517210504766
ViTscratch,200,89,0.99999917,1,1.0,True,0.07319935728669691,0.06978159276987436
ViTscratch,200,89,0.99999905,1,1.0,True,0.07925427083195741,0.07791493765871171
ViTscratch,200,89,0.9999993,1,1.0,True,0.07904486081791157,0.07972263051370262
ViTscratch,200,89,0.3088447,0,0.0,True,-0.004701600214230257,-0.002270528374850488
ViTscratch,200,89,0.16878681,0,0.0,True,-0.0024651938363337163,-0.0032526446464329344
ViTscratch,200,89,0.113598384,0,0.0,True,-0.010905575717890621,-0.005870456719781824
ViTscratch,200,89,0.99999917,1,1.0,True,0.07823555973872096,0.08180571891102482
ViTscratch,200,89,0.99999917,1,1.0,True,0.08507069790234671,0.07493778719093527
ViTscratch,200,89,0.24223436,0,0.0,True,-0.0018628416222219485,-0.00040718550783569826
ViTscratch,200,89,0.19993442,0,0.0,True,-0.005341649458841916,-0.00633500377910274
ViTscratch,200,89,0.99999917,1,1.0,True,0.07109621599658311,0.08328818032349215
ViTscratch,200,89,0.99999905,1,1.0,True,0.07087050854555736,0.0740545898136409
ViTscratch,200,89,0.99999917,1,1.0,True,0.06630578839183497,0.08101610205372378
ViTscratch,200,89,0.99999917,1,1.0,True,0.08269307366111335,0.06856537463087231
ViTscratch,200,89,0.23973732,0,0.0,True,0.013115643296956206,0.007380390426434668
ViTscratch,200,89,0.99999917,1,1.0,True,0.06667325334787988,0.0665079472175582
ViTscratch,200,89,0.2671987,0,0.0,True,-0.007353556054722597,-0.002206770956263031
ViTscratch,200,89,0.17076346,0,0.0,True,-0.0035173776532527175,-0.0040298801359924755
ViTscratch,200,89,0.9999993,1,1.0,True,0.06402155935611453,0.06732910086935102
ViTscratch,200,89,0.2006648,0,0.0,True,-0.0020623526302427607,-0.0017653610249595514
ViTscratch,200,90,0.28173295,0,0.0,True,-0.0029208979362219736,-0.00295326500184928
ViTscratch,200,90,0.99999917,1,1.0,True,0.07842423945892894,0.07879143645354297
ViTscratch,200,90,0.30163255,0,0.0,True,0.0009045226130653265,0.0036523929471032747
ViTscratch,200,90,0.99999917,1,1.0,True,0.06263913345388024,0.07364723646364729
ViTscratch,200,90,0.22331105,0,0.0,True,-0.0031045890000355784,-0.006160012929203205
ViTscratch,200,90,0.99999917,1,1.0,True,0.08697284548230465,0.07713997274642638
ViTscratch,200,90,0.99999917,1,1.0,True,0.07563871103115062,0.06834876760023668
ViTscratch,200,90,0.5638774,1,0.0,False,0.00825876777048894,0.0015035498856268484
ViTscratch,200,90,0.99999917,1,1.0,True,0.06058696321889852,0.07014908039914368
ViTscratch,200,90,0.12653604,0,0.0,True,0.0030652562030215316,0.004156115733007555
ViTscratch,200,90,0.9999989,1,1.0,True,0.10289800096363635,0.09019769625473428
ViTscratch,200,90,0.99999917,1,1.0,True,0.06932316188621583,0.07388612657508752
ViTscratch,200,90,0.2360859,0,0.0,True,-0.0014578013288277418,-0.0013855296675556815
ViTscratch,200,90,0.19508274,0,0.0,True,-0.007608773424386783,-0.005612835952107436
ViTscratch,200,90,0.19788991,0,0.0,True,-0.006459286340574762,-0.006200182314472902
ViTscratch,200,90,0.15048632,0,0.0,True,0.002816766399846013,0.0016422109941827217
ViTscratch,200,90,0.99999917,1,1.0,True,0.06427118535885305,0.07596932076979947
ViTscratch,200,90,0.3735869,0,0.0,True,-0.008007328563538677,-0.0018057932603327946
ViTscratch,200,90,0.99999917,1,1.0,True,0.07625059821961651,0.08001855788040803
ViTscratch,200,90,0.99999905,1,1.0,True,0.0850876609948571,0.0790219602139174
ViTscratch,200,90,0.22917971,0,0.0,True,-0.005678955427699859,-0.002620513955527994
ViTscratch,200,90,0.99999905,1,1.0,True,0.07452092376725414,0.06994658631945486
ViTscratch,200,90,0.99999917,1,1.0,True,0.07703727221862477,0.06723246136637773
ViTscratch,200,90,0.99999917,1,1.0,True,0.09437256080505697,0.07821187285767169
ViTscratch,200,90,0.99999917,1,1.0,True,0.07435658629499785,0.08301516234800935
ViTscratch,200,90,0.99999905,1,1.0,True,0.07350913391722728,0.08070631989984048
ViTscratch,200,90,0.22267029,0,0.0,True,-0.005176278675357237,0.0015865897535276433
ViTscratch,200,90,0.5935629,1,0.0,False,-0.0013788812166622806,-0.000901756595113985
ViTscratch,200,90,0.99999917,1,1.0,True,0.05973483020920109,0.06733611762326931
ViTscratch,200,90,0.99999917,1,1.0,True,0.07696433808148756,0.06602463415089174
ViTscratch,200,90,0.99999917,1,1.0,True,0.08829596601003109,0.07726830682523496
ViTscratch,200,90,0.99999917,1,1.0,True,0.05328942515744318,0.0628124979768868
ViTscratch,200,90,0.99999905,1,1.0,True,0.0801146182006463,0.07702429017965616
ViTscratch,200,90,0.99999917,1,1.0,True,0.0805428606713756,0.06543397312301834
ViTscratch,200,90,0.9999989,1,1.0,True,0.09728696100976798,0.0790126078389038
ViTscratch,200,90,0.9999989,1,1.0,True,0.08604786128330252,0.0909233132699162
ViTscratch,200,90,0.1703633,0,0.0,True,-0.004321861633240983,-0.0036022320088869245
ViTscratch,200,90,0.99999905,1,1.0,True,0.09294854301694457,0.0921485788353312
ViTscratch,200,90,0.99999905,1,1.0,True,0.09425888410671536,0.09449606696211084
ViTscratch,200,90,0.19517645,0,0.0,True,0.0034655702286728266,0.006320746022108981
ViTscratch,200,90,0.99999905,1,1.0,True,0.07386906243718869,0.07788440045354675
ViTscratch,200,90,0.41945884,0,0.0,True,0.008235212961255631,0.005006497844569597
ViTscratch,200,90,0.9999993,1,1.0,True,0.05607759114462665,0.05722679817679591
ViTscratch,200,90,0.36321095,0,0.0,True,0.002542518232804654,0.004642800456105411
ViTscratch,200,90,0.99999917,1,1.0,True,0.10505672217566758,0.08373247429997849
ViTscratch,200,90,0.9999993,1,1.0,True,0.06889545340707144,0.07418211576994421
ViTscratch,200,90,0.11705138,0,0.0,True,-0.0044774511833385175,-0.005445933579954625
ViTscratch,200,90,0.99999917,1,1.0,True,0.07249046229024468,0.07133663515234102
ViTscratch,200,90,0.99999905,1,1.0,True,0.09265808539444827,0.0821365492476662
ViTscratch,200,90,0.52967286,1,0.0,False,-0.003016964504800854,-0.0020926590308604255
ViTscratch,200,90,0.15761955,0,0.0,True,0.0037881247330829476,0.002813700485797649
ViTscratch,200,90,0.99999917,1,1.0,True,0.07711625078431147,0.08000701856400606
ViTscratch,200,90,0.99999917,1,1.0,True,0.07971652412409491,0.06957729474499165
ViTscratch,200,90,0.99999905,1,1.0,True,0.05853870879179061,0.062062018953046444
ViTscratch,200,90,0.99999905,1,1.0,True,0.0856629601698978,0.0801549304160247
ViTscratch,200,90,0.26691324,0,0.0,True,0.0062282547333241695,0.004152864218404762
ViTscratch,200,90,0.27355433,0,0.0,True,0.00908643437080575,0.003191589035940627
ViTscratch,200,90,0.19370449,0,0.0,True,-0.0021067619392815943,-0.0052851076579280825
ViTscratch,200,90,0.9999989,1,1.0,True,0.09717561631729249,0.08401384404792048
ViTscratch,200,90,0.3242923,0,0.0,True,-0.0018752862859899916,-0.0013001920877103636
ViTscratch,200,90,0.26834753,0,0.0,True,-0.007407631024145911,-0.004229577229897342
ViTscratch,200,90,0.14892957,0,0.0,True,-0.010105588710272432,-0.007862540168535102
ViTscratch,200,90,0.99999917,1,1.0,True,0.07737155724533852,0.07778670177907268
ViTscratch,200,90,0.99999917,1,1.0,True,0.05006673788432902,0.07346952921613885
ViTscratch,200,90,0.18626168,0,0.0,True,-0.0028409307554395874,-0.0017131410283574317
ViTscratch,200,90,0.99999905,1,1.0,True,0.08179608788775519,0.0726132471757706
ViTscratch,200,90,0.99999917,1,1.0,True,0.0555609120733996,0.05922631015439935
ViTscratch,200,90,0.99999905,1,1.0,True,0.11207817125389717,0.08187916702546971
ViTscratch,200,90,0.40369737,0,0.0,True,-0.0011820470221806706,-0.0014108445979492015
ViTscratch,200,90,0.99999905,1,1.0,True,0.09325052854350288,0.0903845301571934
ViTscratch,200,90,0.29374817,0,0.0,True,-0.0006908416741238638,-0.00037140489789728054
ViTscratch,200,90,0.18631804,0,0.0,True,-0.009170176305990207,-0.005364529442589658
ViTscratch,200,90,0.99999905,1,1.0,True,0.0963063750089804,0.09460714933904026
ViTscratch,200,90,0.99999917,1,1.0,True,0.11158842936014642,0.10751108204813876
ViTscratch,200,90,0.3013874,0,0.0,True,0.0021508242665659164,0.002479419285872676
ViTscratch,200,90,0.43770698,0,0.0,True,-0.008429807272485936,-0.0014231655943395343
ViTscratch,200,90,0.1649645,0,0.0,True,0.0034840460268313004,0.001503665877544863
ViTscratch,200,90,0.1822153,0,0.0,True,0.001795242215051537,0.0007921592829459554
ViTscratch,200,90,0.99999905,1,1.0,True,0.05325770211849151,0.07445417973653734
ViTscratch,200,90,0.19228081,0,0.0,True,-0.0009850813062449908,0.00132759494564226
ViTscratch,200,90,0.2263744,0,0.0,True,-0.0036277261298142648,-0.0017479117388921816
ViTscratch,200,90,0.1892125,0,0.0,True,-0.00847040374881638,-0.005220051760524163
ViTscratch,200,90,0.9999993,1,1.0,True,0.06321760966305062,0.07007477746222193
ViTscratch,200,90,0.99999905,1,1.0,True,0.09016622134758634,0.08492708508316654
ViTscratch,200,90,0.99999917,1,1.0,True,0.08321506231344297,0.0755408801739661
ViTscratch,200,90,0.6185643,1,0.0,False,0.00018266166670221316,0.0018996495563662512
ViTscratch,200,90,0.99999917,1,1.0,True,0.05516880568174502,0.06694480702728484
ViTscratch,200,90,0.99999917,1,1.0,True,0.08595934132935988,0.0922712956894783
ViTscratch,200,90,0.99999905,1,1.0,True,0.0576228675226368,0.07157406629451181
ViTscratch,200,90,0.99999905,1,1.0,True,0.08005812379709219,0.08335617648757909
ViTscratch,200,90,0.99999917,1,1.0,True,0.061850266966550486,0.07528102851285805
ViTscratch,200,90,0.27113366,0,0.0,True,-0.0019530167120169327,-0.0003972669616542777
ViTscratch,200,90,0.3746267,0,0.0,True,0.002406265039158141,0.00427529435282747
ViTscratch,200,90,0.99999905,1,1.0,True,0.09016999988885237,0.08111242130663816
ViTscratch,200,90,0.99999905,1,1.0,True,0.08264390410789822,0.08622960424164404
ViTscratch,200,90,0.9999988,1,1.0,True,0.1112023769769512,0.10009845098603944
ViTscratch,200,90,0.99999917,1,1.0,True,0.057024554850829606,0.0641209203687422
ViTscratch,200,90,0.14358242,0,0.0,True,-0.0016365365768694802,0.0004266287044362406
ViTscratch,200,90,0.22390898,0,0.0,True,-0.006694126544634734,-0.003539415087069237
ViTscratch,200,90,0.99999917,1,1.0,True,0.07140208546250103,0.07062893123446638
