TP,FP,TN,FN,precision,recall,F1,AUC_ROC,total_params
15333,3311,15672,4084,0.8224093542158292,0.7896688468867448,0.8057066287826798,0.8798631301845712,445065761
