TP,FP,TN,FN,precision,recall,F1,AUC_ROC
6338,6462,0,0,0.49515624999999613,0.9999999999999842,0.6623471626686207,0.7131328682310909
