TP,FP,TN,FN,precision,recall,F1,AUC_ROC
10520,957,16971,7392,0.916615840376397,0.5873157659669463,0.7159141174793582,0.8092634605775232
