TP,FP,TN,FN,precision,recall,F1,AUC_ROC,total_params
15899,2,19109,3390,0.9998742217470536,0.8242521644460531,0.903608979774272,0.9414716637201181,445065761
