TP,FP,TN,FN,precision,recall,F1,AUC_ROC,total_params
15906,2597,16649,3248,0.8596443819921048,0.8304270648428485,0.8447831743930092,0.9090906052684976,445065761
