TP,FP,TN,FN,precision,recall,F1,AUC_ROC,total_params
16640,22,25490,9048,0.9986796302964771,0.6477732793522243,0.7858323494209808,0.8878028682761046,445145218
