TP,FP,TN,FN,precision,recall,F1,AUC_ROC,total_params
14660,1901,17265,4574,0.8852122456373355,0.7621919517521017,0.8191088140304532,0.8813341537790537,445065761
